node_id,node_type,metric,months,active_months,mean,std,coefficient_of_variation,min,max,lag1_autocorrelation,mean_absolute_monthly_change
CP001,chokepoint,node_throughput,60,60,2891436.5833333335,1224178.6090456983,0.42338075685354615,325900.0,5350661.0,0.4924911595909997,972143.3559322034
CP001,chokepoint,total_voyages,60,60,14.883333333333333,6.197571056926232,0.41641014940153853,2.0,27.0,0.4866889600094671,4.932203389830509
CP001,chokepoint,total_route_exposure,60,60,10.183333333333334,4.280391502237777,0.4203330444096017,1.0,19.0,0.4161312924827497,3.8135593220338984
CP001,chokepoint,total_degree,60,60,5.183333333333334,1.7610827434787188,0.33975872864541196,2.0,10.0,0.3856550165881301,1.5423728813559323
CP001,chokepoint,total_strength,60,60,5782873.166666667,2448357.2180913966,0.42338075685354615,651800.0,10701322.0,0.4924911595909997,1944286.7118644067
CP001,chokepoint,betweenness,60,60,0.030089374759023808,0.014518074277573807,0.482498370067322,0.002105263157894737,0.08249496981891348,0.33519719862662506,0.010881547431350478
CP001,chokepoint,pagerank,60,60,0.02110357609476789,0.004278630144481351,0.2027443180846554,0.009640944910843257,0.030413372349615497,0.45075616613401676,0.003539434725050727
CP001,chokepoint,eigenvector,60,60,0.1071601684929311,0.08602106457260568,0.802733569593819,0.0,0.3886971194831912,0.27012939711233613,0.0706041653758061
CP001,chokepoint,share_monthly_network_flow,60,60,0.03265992950429368,0.01271672281964727,0.3893677363258071,0.005611394198496794,0.0645739116598242,0.5812385267156068,0.009044466149898319
CP002,chokepoint,node_throughput,60,60,1823750.6333333333,912490.0069815664,0.5003370473482859,174000.0,4236400.0,0.6887578138921152,557765.6949152543
CP002,chokepoint,total_voyages,60,60,10.733333333333333,5.383171098288288,0.5015376799647473,1.0,25.0,0.6895897800181343,3.288135593220339
CP002,chokepoint,total_route_exposure,60,60,9.75,4.778571519053771,0.49010989939013033,1.0,22.0,0.6835872550897446,2.8983050847457625
CP002,chokepoint,total_degree,60,60,6.866666666666666,2.353984481226057,0.34281327396495975,2.0,12.0,0.5434874600528334,1.847457627118644
CP002,chokepoint,total_strength,60,60,3647501.2666666666,1824980.0139631329,0.5003370473482859,348000.0,8472800.0,0.6887578138921152,1115531.3898305085
CP002,chokepoint,betweenness,60,60,0.009901545426808376,0.00556389409913226,0.561921786882687,0.00028686173264486515,0.030721044915367188,0.3560728362316641,0.004051840378711556
CP002,chokepoint,pagerank,60,60,0.01918277858566723,0.004903500546915894,0.25561993144098716,0.011021614401308276,0.032502254625766516,0.5358374131272283,0.0035974532063793732
CP002,chokepoint,eigenvector,60,60,0.025545096072302743,0.11018165882950245,4.313221548184618,0.0,0.6380745885711964,-0.028798930906528377,0.04594864403089089
CP002,chokepoint,share_monthly_network_flow,60,60,0.021069249569612734,0.01287814326962252,0.6112293286513683,0.002870607183242438,0.07596363485741757,0.7580346971363182,0.005893166639934536
CP003,chokepoint,node_throughput,60,0,0.0,0.0,,0.0,0.0,,0.0
CP003,chokepoint,total_voyages,60,0,0.0,0.0,,0.0,0.0,,0.0
CP003,chokepoint,total_route_exposure,60,0,0.0,0.0,,0.0,0.0,,0.0
CP003,chokepoint,total_degree,60,0,0.0,0.0,,0.0,0.0,,0.0
CP003,chokepoint,total_strength,60,0,0.0,0.0,,0.0,0.0,,0.0
CP003,chokepoint,betweenness,60,0,0.0,0.0,,0.0,0.0,,0.0
CP003,chokepoint,pagerank,60,0,0.0,0.0,,0.0,0.0,,0.0
CP003,chokepoint,eigenvector,60,0,0.0,0.0,,0.0,0.0,,0.0
CP003,chokepoint,share_monthly_network_flow,60,0,0.0,0.0,,0.0,0.0,,0.0
CP004,chokepoint,node_throughput,60,60,2877634.1166666667,1212199.954519742,0.42124881252238716,325900.0,5350661.0,0.4958577118784815,953777.3220338983
CP004,chokepoint,total_voyages,60,60,14.8,6.128012922055676,0.41405492716592407,2.0,27.0,0.4908615368643699,4.830508474576271
CP004,chokepoint,total_route_exposure,60,60,10.1,4.221414334444186,0.4179618152915036,1.0,18.0,0.4274386268140762,3.711864406779661
CP004,chokepoint,total_degree,60,60,4.133333333333334,1.227739643722708,0.29703378477162284,2.0,7.0,0.1459589867310011,1.2203389830508475
CP004,chokepoint,total_strength,60,60,5755268.233333333,2424399.909039484,0.42124881252238716,651800.0,10701322.0,0.4958577118784815,1907554.6440677966
CP004,chokepoint,betweenness,60,60,0.02827036783482793,0.015077043583306932,0.5333161447136402,0.0012280701754385963,0.08511066398390342,0.33771337897339726,0.01121729622443592
CP004,chokepoint,pagerank,60,60,0.01653502916427744,0.003693240140630078,0.223358550138455,0.008663473076306463,0.02476423501305355,0.31223538181040256,0.003196186834490423
CP004,chokepoint,eigenvector,60,60,0.22671558666285893,0.12526921082128947,0.5525390321203326,0.0,0.47181485092158015,0.3931813293992522,0.09292046942940325
CP004,chokepoint,share_monthly_network_flow,60,60,0.03250839363087324,0.0125963317996069,0.3874793674100266,0.005611394198496794,0.06426270002568962,0.5825554780463701,0.008877665853666939
CP005,chokepoint,node_throughput,60,60,4060342.8333333335,1411935.2410151877,0.3477379371574053,599352.0,6586657.0,0.7690339856494592,742665.8474576271
CP005,chokepoint,total_voyages,60,60,20.283333333333335,7.535434185339417,0.3715086697784429,3.0,35.0,0.7860555428791866,3.76271186440678
CP005,chokepoint,total_route_exposure,60,60,14.3,5.257117854451546,0.3676306191924158,3.0,25.0,0.7078666793244464,3.23728813559322
CP005,chokepoint,total_degree,60,60,8.45,2.9768883766073024,0.35229448243873407,3.0,14.0,0.7779357156739808,1.4576271186440677
CP005,chokepoint,total_strength,60,60,8120685.666666667,2823870.4820303754,0.3477379371574053,1198704.0,13173314.0,0.7690339856494592,1485331.6949152541
CP005,chokepoint,betweenness,60,60,0.026708331541955024,0.01299419973214641,0.48652233149548685,0.0038726333907056795,0.05694980694980695,0.5829802402121155,0.008809268728711506
CP005,chokepoint,pagerank,60,60,0.01893296246797784,0.005030520127142842,0.26570169014232103,0.010538633997249703,0.03461176845312086,0.6292347521780894,0.0032543694785078414
CP005,chokepoint,eigenvector,60,60,0.29922829772172377,0.1432098365668321,0.47859723715039254,0.0,0.495549268782821,0.609175284427288,0.08179753848896515
CP005,chokepoint,share_monthly_network_flow,60,60,0.0456156240518676,0.01194069250881628,0.2617676017155662,0.010747086318351178,0.07542652612936092,0.5891496853590571,0.008371854066566748
CP006,chokepoint,node_throughput,60,60,6807125.583333333,2089634.2075004687,0.30697747263790165,572054.0,10702065.0,0.7045754788581383,1314912.847457627
CP006,chokepoint,total_voyages,60,60,34.016666666666666,11.23175230705368,0.33018380128526253,3.0,55.0,0.7328993724196753,6.627118644067797
CP006,chokepoint,total_route_exposure,60,60,20.25,5.82695373505818,0.28775080173126816,3.0,31.0,0.6901611491530656,3.830508474576271
CP006,chokepoint,total_degree,60,60,7.716666666666667,1.70832127596682,0.2213807269071473,3.0,12.0,0.539447334798977,1.2372881355932204
CP006,chokepoint,total_strength,60,60,13614251.166666666,4179268.4150009374,0.30697747263790165,1144108.0,21404130.0,0.7045754788581383,2629825.694915254
CP006,chokepoint,betweenness,60,60,0.018125010650263614,0.01024684869302224,0.565343043970747,0.003083414475819539,0.04978070175438597,0.3614991331232565,0.008015535764416177
CP006,chokepoint,pagerank,60,60,0.018189407653040855,0.0031815809429463415,0.17491393912513986,0.012748940690111829,0.02869977638919852,0.4392738269552331,0.002462886301329166
CP006,chokepoint,eigenvector,60,60,0.5717257533233031,0.23389571940947146,0.40910474655005896,0.0,0.6973356286665457,0.5088282823331833,0.0990253112158228
CP006,chokepoint,share_monthly_network_flow,60,60,0.07663744444405983,0.01654346684797968,0.21586662979159352,0.010257601070419495,0.11319741644409921,0.5661709639917004,0.011881773769979675
CP007,chokepoint,node_throughput,60,59,671345.6333333333,368892.305038718,0.549481945994214,0.0,1627886.0,0.3455448810092763,327184.16949152545
CP007,chokepoint,total_voyages,60,59,4.266666666666667,2.356862800395264,0.55238971884264,0.0,11.0,0.3469357148834558,2.0677966101694913
CP007,chokepoint,total_route_exposure,60,59,3.7666666666666666,2.10219148498609,0.5581039340671036,0.0,10.0,0.36869367178464163,1.9322033898305084
CP007,chokepoint,total_degree,60,59,3.8833333333333333,1.6477171333127631,0.4243048411964197,0.0,9.0,0.36250192189527325,1.3898305084745763
CP007,chokepoint,total_strength,60,59,1342691.2666666666,737784.610077436,0.549481945994214,0.0,3255772.0,0.3455448810092763,654368.3389830509
CP007,chokepoint,betweenness,60,59,0.0033060217545446743,0.003158906941087919,0.9555009542043933,0.0,0.012671821305841924,-0.022832546164275522,0.0034459445620469327
CP007,chokepoint,pagerank,60,59,0.010767642181501237,0.00346253003065171,0.3215680807633376,0.0,0.017835850358701312,0.10272142841891926,0.003446722834591648
CP007,chokepoint,eigenvector,60,59,0.007264039068994797,0.009491396129405649,1.3066279020879599,0.0,0.04102076701934245,0.3182053524366064,0.0074093099057166295
CP007,chokepoint,share_monthly_network_flow,60,59,0.00749232127566395,0.0039658385471467664,0.5293204070183608,0.0,0.021240272048104473,0.17887359370180653,0.003836354010169476
CP008,chokepoint,node_throughput,60,60,3929559.75,1376830.8621973896,0.3503778921283458,961572.0,7419796.0,0.5558151502269487,1027383.5423728813
CP008,chokepoint,total_voyages,60,60,21.766666666666666,7.511272131906021,0.34508141494208366,6.0,39.0,0.5906088814857761,5.47457627118644
CP008,chokepoint,total_route_exposure,60,60,16.966666666666665,5.8742952456246496,0.3462256529837711,6.0,27.0,0.6814066665476206,3.610169491525424
CP008,chokepoint,total_degree,60,60,15.6,4.283195385674626,0.2745638067740145,7.0,25.0,0.6710560186716573,2.5254237288135593
CP008,chokepoint,total_strength,60,60,7859119.5,2753661.724394779,0.3503778921283458,1923144.0,14839592.0,0.5558151502269487,2054767.0847457626
CP008,chokepoint,betweenness,60,60,0.03600969191899413,0.01590109090187151,0.44157808785595637,0.005263157894736842,0.09456740442655935,0.3965148752671657,0.011620355995001204
CP008,chokepoint,pagerank,60,60,0.026335961504029427,0.005882114352602192,0.22334913998496783,0.010896638913244964,0.03878627665322253,0.5285589107077033,0.004471447380386178
CP008,chokepoint,eigenvector,60,60,0.038438732041829064,0.04412721840724985,1.1479883977242165,0.0,0.23070131979104555,0.11713353355965,0.03638241492425926
CP008,chokepoint,share_monthly_network_flow,60,60,0.043809875126524206,0.00994104373297799,0.22691330902605777,0.017242116961834746,0.06866921283436961,0.3478993371252372,0.009217209244796897
CP009,chokepoint,node_throughput,60,60,3652243.4166666665,1875439.598644915,0.5135034510806493,520400.0,7249775.0,0.859951060377064,755400.5084745763
CP009,chokepoint,total_voyages,60,60,20.916666666666668,10.867915251827462,0.519581605665058,3.0,43.0,0.8635632251914297,4.305084745762712
CP009,chokepoint,total_route_exposure,60,60,12.816666666666666,6.179494978725236,0.48214525191614327,2.0,24.0,0.8099075411300471,3.1016949152542375
CP009,chokepoint,total_degree,60,60,12.55,3.6379590105870987,0.289877211998972,4.0,19.0,0.7413076209078144,2.0847457627118646
CP009,chokepoint,total_strength,60,60,7304486.833333333,3750879.19728983,0.5135034510806493,1040800.0,14499550.0,0.859951060377064,1510801.0169491526
CP009,chokepoint,betweenness,60,60,0.017129452242079995,0.009461495925169178,0.5523525090852693,0.0004868549172346641,0.05010060362173038,0.3591471852909382,0.006629013113202041
CP009,chokepoint,pagerank,60,60,0.020643764946044477,0.006078211320021608,0.2944332749335167,0.008431865886012824,0.034591359502493965,0.5213919354557813,0.004685698125863121
CP009,chokepoint,eigenvector,60,60,0.006014634553190364,0.007764716870149438,1.2909706818398088,0.0,0.041854657024341935,0.1232848661176945,0.006775140215743458
CP009,chokepoint,share_monthly_network_flow,60,60,0.038801697612264194,0.013037348540996896,0.3359994367070201,0.008960323844423846,0.06098910279124226,0.6570871604193718,0.007983141320075316
CP010,chokepoint,node_throughput,60,59,791524.2833333333,478657.82153930055,0.604729168287215,0.0,2189064.0,0.6295512823823848,333059.0
CP010,chokepoint,total_voyages,60,59,6.183333333333334,3.4321099240953,0.555058208748566,0.0,14.0,0.7051228610234089,2.0508474576271185
CP010,chokepoint,total_route_exposure,60,59,4.7,2.32379000772445,0.49442340589881917,0.0,9.0,0.6947608582180747,1.3898305084745763
CP010,chokepoint,total_degree,60,59,7.016666666666667,2.727708833476548,0.38874710215817787,0.0,12.0,0.6159629569488175,1.7966101694915255
CP010,chokepoint,total_strength,60,59,1583048.5666666667,957315.6430786011,0.604729168287215,0.0,4378128.0,0.6295512823823848,666118.0
CP010,chokepoint,betweenness,60,59,0.006453689453615961,0.0048549544042321025,0.7522758011716697,0.0,0.020925553319919517,0.4590388791616259,0.0034437512476581567
CP010,chokepoint,pagerank,60,59,0.013476933486987886,0.004582369083052399,0.34001570813395515,0.0,0.026303335534563384,0.3515031151559836,0.0039060828357167115
CP010,chokepoint,eigenvector,60,59,0.00036624882135593607,0.0005675628542763441,1.5496646574181396,0.0,0.002952520578843616,0.029705943893222998,0.0004581860158033038
CP010,chokepoint,share_monthly_network_flow,60,59,0.008636113284899204,0.004272466711653332,0.4947210128801822,0.0,0.018742528197925722,0.322755301670593,0.004019993303826744
CP011,chokepoint,node_throughput,60,60,3362035.1333333333,1506299.6145252434,0.4480320861584225,261700.0,6523323.0,0.6445269218197709,1004199.1694915254
CP011,chokepoint,total_voyages,60,60,17.65,8.2745781806565,0.46881462779923516,1.0,34.0,0.6272196121347502,5.423728813559322
CP011,chokepoint,total_route_exposure,60,60,13.266666666666667,5.922856235694107,0.44644644992669147,1.0,24.0,0.5699255196241444,4.11864406779661
CP011,chokepoint,total_degree,60,60,11.983333333333333,3.8860535803535354,0.3242881986386817,2.0,19.0,0.591911829693248,2.593220338983051
CP011,chokepoint,total_strength,60,60,6724070.266666667,3012599.229050487,0.4480320861584225,523400.0,13046646.0,0.6445269218197709,2008398.3389830508
CP011,chokepoint,betweenness,60,60,0.02869590811071435,0.010634300415470388,0.3705859516430428,0.003442340791738382,0.059663865546218484,0.4097221395868085,0.008931451169882226
CP011,chokepoint,pagerank,60,60,0.030946832635374306,0.009674687322608818,0.3126228598771042,0.009871418415549671,0.057226161841093096,0.29439279521070977,0.00937526524221788
CP011,chokepoint,eigenvector,60,60,0.09535106996642288,0.06728875585492543,0.7056948168344689,0.0,0.2954009914989261,0.5225864344141827,0.04642199123048813
CP011,chokepoint,share_monthly_network_flow,60,60,0.03641372543001324,0.01202094048764642,0.33012113827107664,0.006354432777761982,0.06054586256114453,0.4185269844020619,0.01024068312478291
CP012,chokepoint,node_throughput,60,57,973929.6333333333,567216.6297371206,0.5824000115858342,0.0,2552060.0,0.4120914138077084,475393.1186440678
CP012,chokepoint,total_voyages,60,57,5.566666666666666,3.153511180947609,0.5664990145414867,0.0,14.0,0.4527558608863417,2.5762711864406778
CP012,chokepoint,total_route_exposure,60,57,4.85,2.4689598441174385,0.5090638853850389,0.0,10.0,0.47664662856828943,2.0338983050847457
CP012,chokepoint,total_degree,60,57,6.033333333333333,2.476784866886133,0.4105168287656574,0.0,10.0,0.32882540620728584,2.2203389830508473
CP012,chokepoint,total_strength,60,57,1947859.2666666666,1134433.2594742412,0.5824000115858342,0.0,5104120.0,0.4120914138077084,950786.2372881356
CP012,chokepoint,betweenness,60,57,0.006684237855608757,0.004782573548345159,0.7155002038612513,0.0,0.01719298245614035,0.034112965351386436,0.005244133253102443
CP012,chokepoint,pagerank,60,57,0.01881577437917442,0.006667755152455843,0.3543704881918553,0.0,0.03630591967883386,0.14388969773984614,0.006636261015921844
CP012,chokepoint,eigenvector,60,57,0.006639723348712696,0.01984567276195215,2.9889306707032923,0.0,0.12932872927257136,-0.06087203068646029,0.010467640628778965
CP012,chokepoint,share_monthly_network_flow,60,57,0.011216744204862942,0.007055782341340508,0.6290401396763173,0.0,0.033403988144623545,0.39219445241556694,0.005996943656615443
CP013,chokepoint,node_throughput,60,58,853328.1,518631.23047004326,0.6077747005753629,0.0,2366900.0,0.5867074162459353,364631.6271186441
CP013,chokepoint,total_voyages,60,58,5.066666666666666,3.0800983181901054,0.6079141417480471,0.0,14.0,0.5810640962947948,2.135593220338983
CP013,chokepoint,total_route_exposure,60,58,4.383333333333334,2.429282286886094,0.5542088867420747,0.0,11.0,0.6489489700324181,1.5254237288135593
CP013,chokepoint,total_degree,60,58,3.3666666666666667,1.5290039592311828,0.45415959185084637,0.0,7.0,0.1600444654406549,1.5254237288135593
CP013,chokepoint,total_strength,60,58,1706656.2,1037262.4609400865,0.6077747005753629,0.0,4733800.0,0.5867074162459353,729263.2542372881
CP013,chokepoint,betweenness,60,58,0.0035693737854715123,0.0026136544071553255,0.7322445236174847,0.0,0.012456140350877193,0.579172197551274,0.0018714246581722
CP013,chokepoint,pagerank,60,58,0.013928655260122233,0.0047329418225477765,0.33979890622307224,0.0,0.026954137448186814,0.4249100475537355,0.0037370814158969377
CP013,chokepoint,eigenvector,60,58,0.010838726473870294,0.05420778261003686,5.001305526135336,0.0,0.33478591604274993,-0.03199303329338117,0.02098306126915194
CP013,chokepoint,share_monthly_network_flow,60,58,0.010082923063674575,0.00772160085583267,0.7658097564634838,0.0,0.0424413009498682,0.6929670876263011,0.004192532296130442
CP014,chokepoint,node_throughput,60,57,709809.0166666667,445780.2543357095,0.6280284469041231,0.0,1955400.0,0.1962841361467069,449608.3728813559
CP014,chokepoint,total_voyages,60,57,4.016666666666667,2.5411305816050387,0.6326466178269806,0.0,11.0,0.20442887125117323,2.5254237288135593
CP014,chokepoint,total_route_exposure,60,57,3.65,2.305667299268317,0.6316896710324156,0.0,9.0,0.20514134233072734,2.288135593220339
CP014,chokepoint,total_degree,60,57,4.816666666666666,2.3397208776498823,0.48575519951208634,0.0,10.0,0.10874228442130454,2.406779661016949
CP014,chokepoint,total_strength,60,57,1419618.0333333334,891560.508671419,0.6280284469041231,0.0,3910800.0,0.1962841361467069,899216.7457627119
CP014,chokepoint,betweenness,60,57,0.005831381356368886,0.0045266566782119,0.7762580427479676,0.0,0.020594059405940595,-0.044699248512577346,0.004987619634882178
CP014,chokepoint,pagerank,60,57,0.01176180031304678,0.00479318918531305,0.4075217277746336,0.0,0.02409208949941353,-0.10458342641173203,0.005168419718398386
CP014,chokepoint,eigenvector,60,57,0.019836178912252492,0.02247680432086162,1.133121677329602,0.0,0.10463329453739931,0.33847833381419684,0.017210690854105846
CP014,chokepoint,share_monthly_network_flow,60,57,0.008171114468080073,0.0052893272565013635,0.6473201761110772,0.0,0.023425198423311602,0.11413157372977706,0.005410768404522448
CP015,chokepoint,node_throughput,60,60,1377199.8,599985.0859917284,0.4356558038940525,159764.0,2935922.0,0.34779072846171005,542506.6949152543
CP015,chokepoint,total_voyages,60,60,8.4,3.6601379986950664,0.435730714130365,1.0,18.0,0.36122588536291,3.2542372881355934
CP015,chokepoint,total_route_exposure,60,60,7.316666666666666,3.04481591476435,0.4161479610156287,1.0,16.0,0.37337624961596294,2.6610169491525424
CP015,chokepoint,total_degree,60,60,4.95,1.6408451728776643,0.33148387330861906,2.0,9.0,0.6834193858508123,0.9491525423728814
CP015,chokepoint,total_strength,60,60,2754399.6,1199970.1719834567,0.4356558038940525,319528.0,5871844.0,0.34779072846171005,1085013.3898305085
CP015,chokepoint,betweenness,60,60,0.005987787147221654,0.0036461509295932083,0.6089312862908012,0.0008605851979345954,0.028169014084507043,0.09738494771458203,0.0029031369951701426
CP015,chokepoint,pagerank,60,60,0.014368735454863646,0.003666634834808711,0.25518145603881925,0.009086928422554456,0.02983554864919509,0.33282209431458226,0.003201690638106016
CP015,chokepoint,eigenvector,60,60,0.00479054859920231,0.010705017658715578,2.2346120568525505,0.0,0.05504317205028031,0.7839304113057532,0.0033889604175356106
CP015,chokepoint,share_monthly_network_flow,60,60,0.015638497857375002,0.006403414509893832,0.40946480718888406,0.002908140925170125,0.036121320277762284,0.41017340583087164,0.005430382450540147
CP016,chokepoint,node_throughput,60,60,1238403.3,450237.2191353376,0.363562677146724,170000.0,2475112.0,0.5107939383421023,332797.1186440678
CP016,chokepoint,total_voyages,60,60,8.233333333333333,2.9594242836057627,0.3594442449723599,1.0,16.0,0.5580948771094044,2.016949152542373
CP016,chokepoint,total_route_exposure,60,60,6.85,2.468959844117439,0.3604320940317429,1.0,13.0,0.42962543129709635,2.0677966101694913
CP016,chokepoint,total_degree,60,60,8.533333333333333,2.4318972621772716,0.284987960411399,2.0,12.0,0.31709326553998723,2.305084745762712
CP016,chokepoint,total_strength,60,60,2476806.6,900474.4382706753,0.363562677146724,340000.0,4950224.0,0.5107939383421023,665594.2372881356
CP016,chokepoint,betweenness,60,60,0.002483799344617238,0.001422701617401817,0.572792492471271,0.00020120724346076458,0.006688963210702341,-0.1956830813342626,0.0016584986429889973
CP016,chokepoint,pagerank,60,60,0.015495066187864049,0.003163919546560286,0.20418883715632732,0.008985769608777403,0.022863059861021443,0.06204486100016289,0.0032024146593622634
CP016,chokepoint,eigenvector,60,60,0.0006902280536399463,0.0029306097111125706,4.245857141937188,0.0,0.022530877565108905,-0.04062321901862207,0.0011294996479863908
CP016,chokepoint,share_monthly_network_flow,60,60,0.014098638242136523,0.004819766325566945,0.34186041536707684,0.0041278317623979245,0.02801643466113002,0.41527109870766604,0.0038363728214417143
CP017,chokepoint,node_throughput,60,54,845565.15,618953.6823097571,0.7319999911417318,0.0,2359815.0,0.5320119297340393,434094.33898305084
CP017,chokepoint,total_voyages,60,54,4.4,3.114754390839547,0.7078987251908061,0.0,12.0,0.4722883451404691,2.3389830508474576
CP017,chokepoint,total_route_exposure,60,54,3.3,2.196298889850678,0.6655451181365691,0.0,9.0,0.26381006089377423,1.9830508474576272
CP017,chokepoint,total_degree,60,54,3.1,1.284853087954852,0.41446873804995227,0.0,5.0,0.5352290076487801,0.847457627118644
CP017,chokepoint,total_strength,60,54,1691130.3,1237907.3646195142,0.7319999911417318,0.0,4719630.0,0.5320119297340393,868188.6779661017
CP017,chokepoint,betweenness,60,54,0.005152403380983816,0.002357839761396254,0.4576194034221832,0.0,0.008853118712273641,0.3401213768234739,0.0017493659791789648
CP017,chokepoint,pagerank,60,54,0.013154620799997538,0.006361578215955775,0.48360027344588796,0.0,0.02824069133991853,0.5680227868355952,0.004429190441251576
CP017,chokepoint,eigenvector,60,54,0.010508671293301502,0.01501700476053442,1.4290107989300842,0.0,0.07403225955405307,0.3840374748458481,0.008853724298876922
CP017,chokepoint,share_monthly_network_flow,60,54,0.009172801437685906,0.0063133263901894955,0.6882658948935242,0.0,0.025463961401869163,0.46437776527911034,0.004798504403128183
CP018,chokepoint,node_throughput,60,24,77249.83333333333,102776.0643751566,1.330437360708307,0.0,334000.0,-0.15472718697333887,108762.37288135593
CP018,chokepoint,total_voyages,60,24,0.4666666666666667,0.6234585511256954,1.3359826095550615,0.0,2.0,-0.16816162284215666,0.6610169491525424
CP018,chokepoint,total_route_exposure,60,24,0.43333333333333335,0.5634839166238779,1.3003474999012565,0.0,2.0,-0.16330385189395974,0.5932203389830508
CP018,chokepoint,total_degree,60,24,0.8166666666666667,1.0166689821220276,1.2449007944351358,0.0,3.0,-0.11736652503259373,1.0847457627118644
CP018,chokepoint,total_strength,60,24,154499.66666666666,205552.1287503132,1.330437360708307,0.0,668000.0,-0.15472718697333887,217524.74576271186
CP018,chokepoint,betweenness,60,24,0.0007237868148308029,0.0009683761512137306,1.3379300801992429,0.0,0.002777777777777778,-0.009046836714192739,0.0009965138457016802
CP018,chokepoint,pagerank,60,24,0.0036853150378720998,0.004697289402481227,1.2745964331975919,0.0,0.013054437345751508,-0.08910029984130367,0.005046764324811677
CP018,chokepoint,eigenvector,60,24,7.003011495244575e-05,0.00017665261183992824,2.522523516631166,0.0,0.0010711144492852546,0.15332694358612098,0.00011010648196700447
CP018,chokepoint,share_monthly_network_flow,60,24,0.0008830595301972331,0.0012157508407925003,1.3767484515126178,0.0,0.005357929425353609,-0.19475684543800822,0.0013036610321772073
CP019,chokepoint,node_throughput,60,54,419245.4,290149.8883900982,0.6920764983708781,0.0,1233598.0,0.11064624312478037,298106.33898305084
CP019,chokepoint,total_voyages,60,54,2.6333333333333333,1.8316119293908864,0.6955488339459062,0.0,8.0,0.1291890953290502,1.8305084745762712
CP019,chokepoint,total_route_exposure,60,54,2.3833333333333333,1.5632611140607524,0.6559137541513647,0.0,6.0,0.14227836034318403,1.6271186440677967
CP019,chokepoint,total_degree,60,54,2.9,1.4225782275710963,0.49054421640382634,0.0,5.0,0.1482275586049171,1.4915254237288136
CP019,chokepoint,total_strength,60,54,838490.8,580299.7767801963,0.6920764983708781,0.0,2467196.0,0.11064624312478037,596212.6779661017
CP019,chokepoint,betweenness,60,54,0.0024115017664578637,0.0026385919618363575,1.0941696160198362,0.0,0.010462776659959759,0.14644547866841218,0.0023913677337778086
CP019,chokepoint,pagerank,60,54,0.011416898696858755,0.0051071184452583275,0.4473297504744874,0.0,0.02119266797504665,0.3322206199845239,0.004122445010726897
CP019,chokepoint,eigenvector,60,54,0.0029133040699075895,0.0038054112964909723,1.3062183710235509,0.0,0.020399034279352392,-0.07942350245000537,0.0037064489859108506
CP019,chokepoint,share_monthly_network_flow,60,54,0.004918068080552607,0.003855089164013427,0.783862504721622,0.0,0.021240272048104473,0.23059683064916311,0.003555820823541185
CP020,chokepoint,node_throughput,60,60,1071157.0333333334,494657.88475960464,0.4617977284061505,159764.0,2164048.0,0.20990404728067252,500097.25423728814
CP020,chokepoint,total_voyages,60,60,6.566666666666666,2.9992466097319674,0.4567380623957311,1.0,13.0,0.21869368353687038,3.0
CP020,chokepoint,total_route_exposure,60,60,5.8,2.5028796974007794,0.4315309823104792,1.0,11.0,0.2915692721511462,2.389830508474576
CP020,chokepoint,total_degree,60,60,2.4,0.8674920016238512,0.3614550006766047,2.0,5.0,0.582582780896494,0.3050847457627119
CP020,chokepoint,total_strength,60,60,2142314.066666667,989315.7695192093,0.4617977284061505,319528.0,4328096.0,0.20990404728067252,1000194.5084745763
CP020,chokepoint,betweenness,60,60,0.006181646236841184,0.0030545332135785536,0.49412941092847423,0.00030511060259344014,0.020913770913770915,0.2357500877411644,0.002470950102078215
CP020,chokepoint,pagerank,60,60,0.016356379434500128,0.002876504674764908,0.17586438895502535,0.01048622122909752,0.026562610044091165,0.19615749407835706,0.0028582618745910545
CP020,chokepoint,eigenvector,60,60,0.002214325206231961,0.0032322080227530307,1.459680815472071,0.0,0.016699792374695484,-0.00484847219944031,0.00263287876456188
CP020,chokepoint,share_monthly_network_flow,60,60,0.011833312335586052,0.0042923997245897984,0.3627386485592341,0.002908140925170125,0.023478864228904762,-0.14094165051166926,0.005134639754340831
CP021,chokepoint,node_throughput,60,8,25285.966666666667,68285.21222993311,2.700518162113627,0.0,339158.0,0.06342283684123923,40242.64406779661
CP021,chokepoint,total_voyages,60,8,0.15,0.40442468029770184,2.6961645353180126,0.0,2.0,0.06514084507042255,0.23728813559322035
CP021,chokepoint,total_route_exposure,60,8,0.13333333333333333,0.34280333180088157,2.5710249885066117,0.0,1.0,0.13235294117647042,0.2033898305084746
CP021,chokepoint,total_degree,60,8,0.26666666666666666,0.6856066636017631,2.5710249885066117,0.0,2.0,0.13235294117647042,0.4067796610169492
CP021,chokepoint,total_strength,60,8,50571.933333333334,136570.42445986622,2.700518162113627,0.0,678316.0,0.06342283684123923,80485.28813559322
CP021,chokepoint,betweenness,60,8,1.535757460461149e-05,4.02045588475087e-05,2.617897674769315,0.0,0.00014005602240896358,0.1173371558780795,2.3980851886556645e-05
CP021,chokepoint,pagerank,60,8,0.0012328825462201904,0.0032338299747580244,2.6229830121874955,0.0,0.012353242163555381,0.0968185365132203,0.001971808540672384
CP021,chokepoint,eigenvector,60,8,3.518628688503713e-07,2.678574599739344e-06,7.612552607471635,0.0,2.0752266008359302e-05,-0.017851185199539286,7.156532925770265e-07
CP021,chokepoint,share_monthly_network_flow,60,8,0.00028257455274602236,0.0007732949253264869,2.7366049695972565,0.0,0.003275360672055901,0.05583356618743971,0.0004631427631434537
CP022,chokepoint,node_throughput,60,60,1751983.5833333333,907121.6170896073,0.5177683316893374,172000.0,3912700.0,0.696112552787778,556839.5593220339
CP022,chokepoint,total_voyages,60,60,10.3,5.343457904099306,0.5187823207863403,1.0,23.0,0.6965648082670605,3.305084745762712
CP022,chokepoint,total_route_exposure,60,60,9.383333333333333,4.694358917862748,0.5002869184223178,1.0,20.0,0.7142575815253385,2.7796610169491527
CP022,chokepoint,total_degree,60,60,4.833333333333333,1.329797571783354,0.2751305320931077,2.0,8.0,0.6404191371690228,0.847457627118644
CP022,chokepoint,total_strength,60,60,3503967.1666666665,1814243.2341792146,0.5177683316893374,344000.0,7825400.0,0.696112552787778,1113679.1186440678
CP022,chokepoint,betweenness,60,60,0.006607703013387207,0.0036989657316897637,0.55979600236204,0.00028686173264486515,0.015291750503018108,0.6727529799055357,0.002040317250521891
CP022,chokepoint,pagerank,60,60,0.0129046549021661,0.004498156943810328,0.34856855746334553,0.0072884876172582625,0.023678358683738392,0.7906483550868042,0.002201167972621155
CP022,chokepoint,eigenvector,60,60,0.02208101131889382,0.10843636029023601,4.910842113352455,0.0,0.6121554839013634,-0.02994757371866835,0.042679372265186394
CP022,chokepoint,share_monthly_network_flow,60,60,0.020368020852715926,0.012870131005021457,0.6318793120886519,0.002641783077017146,0.07015931312119197,0.7815374934592072,0.006014193693954649
CP023,chokepoint,node_throughput,60,12,34184.55,68981.31206113308,2.0179090279419527,0.0,174000.0,0.3639273503847606,35494.0
CP023,chokepoint,total_voyages,60,12,0.2,0.4033755872716886,2.016877936358443,0.0,1.0,0.3723404255319148,0.2033898305084746
CP023,chokepoint,total_route_exposure,60,12,0.2,0.4033755872716886,2.016877936358443,0.0,1.0,0.3723404255319148,0.2033898305084746
CP023,chokepoint,total_degree,60,12,0.4,0.8067511745433772,2.016877936358443,0.0,2.0,0.3723404255319148,0.4067796610169492
CP023,chokepoint,total_strength,60,12,68369.1,137962.62412226616,2.0179090279419527,0.0,348000.0,0.3639273503847606,70988.0
CP023,chokepoint,betweenness,60,12,0.00018417937147851012,0.0005237853569950791,2.8438871996921433,0.0,0.0028994845360824743,0.2392064017654841,0.00028321066965371626
CP023,chokepoint,pagerank,60,12,0.001805898589114746,0.003801966182163501,2.105304364863162,0.0,0.012489801087997899,0.4155127675699989,0.0018966551746742522
CP023,chokepoint,eigenvector,60,12,2.8958775580857546e-05,9.81362127759671e-05,3.3888246587620756,0.0,0.0004918966808173364,0.19646461507030916,4.7241560687415764e-05
CP023,chokepoint,share_monthly_network_flow,60,12,0.00040277278805467336,0.0008548600796979377,2.1224375256997177,0.0,0.0032738035433391758,0.36930736718801477,0.0004293681042615742
CP024,chokepoint,node_throughput,60,18,76036.26666666666,140776.4828205248,1.8514386488446497,0.0,684000.0,-0.2523762117789246,143328.0
CP024,chokepoint,total_voyages,60,18,0.45,0.8320894671583893,1.8490877047964205,0.0,4.0,-0.2547956630525438,0.847457627118644
CP024,chokepoint,total_route_exposure,60,18,0.4166666666666667,0.7431419023347088,1.783540565603301,0.0,3.0,-0.26516736401673624,0.7796610169491526
CP024,chokepoint,total_degree,60,18,0.8,1.399757848307451,1.7496973103843139,0.0,6.0,-0.2701268062518429,1.4915254237288136
CP024,chokepoint,total_strength,60,18,152072.53333333333,281552.9656410496,1.8514386488446497,0.0,1368000.0,-0.2523762117789246,286656.0
CP024,chokepoint,betweenness,60,18,0.0008298637918349833,0.00362048335641925,4.362744093718907,0.0,0.02472344395575103,-0.054353676177271784,0.0016805779958575116
CP024,chokepoint,pagerank,60,18,0.002334368050726619,0.0037251683319566415,1.5957930587668505,0.0,0.012547403039208534,-0.3080519040362832,0.004318218438761533
CP024,chokepoint,eigenvector,60,18,9.278273601220625e-05,0.000374303731622329,4.034195882875092,0.0,0.0027193192206047424,-0.06343322328215996,0.00018757214172392047
CP024,chokepoint,share_monthly_network_flow,60,18,0.0008113583885265861,0.001381466270013494,1.7026585163212704,0.0,0.005351288879050028,-0.2892823130678126,0.0015267264380888052
CP025,chokepoint,node_throughput,60,0,0.0,0.0,,0.0,0.0,,0.0
CP025,chokepoint,total_voyages,60,0,0.0,0.0,,0.0,0.0,,0.0
CP025,chokepoint,total_route_exposure,60,0,0.0,0.0,,0.0,0.0,,0.0
CP025,chokepoint,total_degree,60,0,0.0,0.0,,0.0,0.0,,0.0
CP025,chokepoint,total_strength,60,0,0.0,0.0,,0.0,0.0,,0.0
CP025,chokepoint,betweenness,60,0,0.0,0.0,,0.0,0.0,,0.0
CP025,chokepoint,pagerank,60,0,0.0,0.0,,0.0,0.0,,0.0
CP025,chokepoint,eigenvector,60,0,0.0,0.0,,0.0,0.0,,0.0
CP025,chokepoint,share_monthly_network_flow,60,0,0.0,0.0,,0.0,0.0,,0.0
CP026,chokepoint,node_throughput,60,0,0.0,0.0,,0.0,0.0,,0.0
CP026,chokepoint,total_voyages,60,0,0.0,0.0,,0.0,0.0,,0.0
CP026,chokepoint,total_route_exposure,60,0,0.0,0.0,,0.0,0.0,,0.0
CP026,chokepoint,total_degree,60,0,0.0,0.0,,0.0,0.0,,0.0
CP026,chokepoint,total_strength,60,0,0.0,0.0,,0.0,0.0,,0.0
CP026,chokepoint,betweenness,60,0,0.0,0.0,,0.0,0.0,,0.0
CP026,chokepoint,pagerank,60,0,0.0,0.0,,0.0,0.0,,0.0
CP026,chokepoint,eigenvector,60,0,0.0,0.0,,0.0,0.0,,0.0
CP026,chokepoint,share_monthly_network_flow,60,0,0.0,0.0,,0.0,0.0,,0.0
CP027,chokepoint,node_throughput,60,60,1158728.4166666667,511572.8123951081,0.4414950086982057,159764.0,2315263.0,0.28199236912915204,508060.89830508473
CP027,chokepoint,total_voyages,60,60,7.05,3.0996172535724584,0.4396620217833275,1.0,14.0,0.290062510579384,3.0508474576271185
CP027,chokepoint,total_route_exposure,60,60,6.233333333333333,2.670406981403337,0.42840753712353,1.0,13.0,0.3808784919463058,2.4745762711864407
CP027,chokepoint,total_degree,60,60,4.633333333333334,1.3896306870271984,0.2999202921641435,2.0,8.0,0.2918284211990471,1.305084745762712
CP027,chokepoint,total_strength,60,60,2317456.8333333335,1023145.6247902162,0.4414950086982057,319528.0,4630526.0,0.28199236912915204,1016121.7966101695
CP027,chokepoint,betweenness,60,60,0.008862747144291645,0.003849394519828295,0.43433423713409547,0.0005877167205406994,0.016936671575846832,0.4141262422121177,0.0034496609058920153
CP027,chokepoint,pagerank,60,60,0.023090445946989956,0.00449448038190812,0.19464675529551717,0.01245370878898755,0.0321152086569698,0.07920236801847186,0.005064793978701131
CP027,chokepoint,eigenvector,60,60,0.008878312501170707,0.011230728112624265,1.2649620196567044,0.0,0.06256148307142657,0.22302417806255675,0.007888295304647014
CP027,chokepoint,share_monthly_network_flow,60,60,0.012787407761746966,0.00437768397751862,0.3423433473838452,0.002908140925170125,0.02405351195613603,-0.08682782699724782,0.005337914714231965
CP028,chokepoint,node_throughput,60,0,0.0,0.0,,0.0,0.0,,0.0
CP028,chokepoint,total_voyages,60,0,0.0,0.0,,0.0,0.0,,0.0
CP028,chokepoint,total_route_exposure,60,0,0.0,0.0,,0.0,0.0,,0.0
CP028,chokepoint,total_degree,60,0,0.0,0.0,,0.0,0.0,,0.0
CP028,chokepoint,total_strength,60,0,0.0,0.0,,0.0,0.0,,0.0
CP028,chokepoint,betweenness,60,0,0.0,0.0,,0.0,0.0,,0.0
CP028,chokepoint,pagerank,60,0,0.0,0.0,,0.0,0.0,,0.0
CP028,chokepoint,eigenvector,60,0,0.0,0.0,,0.0,0.0,,0.0
CP028,chokepoint,share_monthly_network_flow,60,0,0.0,0.0,,0.0,0.0,,0.0
LNGN0004,terminal,node_throughput,60,3,8102.633333333333,35819.81104813779,4.420761692470899,0.0,174000.0,-0.04281816991467077,13530.77966101695
LNGN0004,terminal,total_voyages,60,3,0.05,0.21978417765108274,4.395683553021654,0.0,1.0,-0.04335549847620598,0.0847457627118644
LNGN0004,terminal,total_route_exposure,60,3,0.05,0.21978417765108274,4.395683553021654,0.0,1.0,-0.04335549847620598,0.0847457627118644
LNGN0004,terminal,total_degree,60,3,0.05,0.21978417765108274,4.395683553021654,0.0,1.0,-0.04335549847620598,0.0847457627118644
LNGN0004,terminal,total_strength,60,3,8102.633333333333,35819.81104813779,4.420761692470899,0.0,174000.0,-0.04281816991467077,13530.77966101695
LNGN0004,terminal,betweenness,60,3,0.0,0.0,,0.0,0.0,,0.0
LNGN0004,terminal,pagerank,60,3,0.00043800827391755957,0.002017345662146375,4.605725010861491,0.0,0.01249247450715104,-0.04126319013135861,0.000679127429880612
LNGN0004,terminal,eigenvector,60,3,1.7655190234792116e-06,9.9058070317818e-06,5.610705350691135,0.0,6.653220153353383e-05,-0.03286031758824086,3.5903671278702673e-06
LNGN0004,terminal,share_monthly_network_flow,60,3,0.00010671996024345405,0.0005299879490630819,4.966155795542382,0.0,0.003641940105029785,-0.03746829989037877,0.00015532974786753727
LNGN0006,terminal,node_throughput,60,3,8319.133333333333,36615.372324891025,4.401344570134432,0.0,174000.0,-0.05343358721775269,16920.271186440677
LNGN0006,terminal,total_voyages,60,3,0.05,0.21978417765108274,4.395683553021654,0.0,1.0,-0.05357142857142865,0.1016949152542373
LNGN0006,terminal,total_route_exposure,60,3,0.05,0.21978417765108274,4.395683553021654,0.0,1.0,-0.05357142857142865,0.1016949152542373
LNGN0006,terminal,total_degree,60,3,0.05,0.21978417765108274,4.395683553021654,0.0,1.0,-0.05357142857142865,0.1016949152542373
LNGN0006,terminal,total_strength,60,3,8319.133333333333,36615.372324891025,4.401344570134432,0.0,174000.0,-0.05343358721775269,16920.271186440677
LNGN0006,terminal,betweenness,60,3,0.0,0.0,,0.0,0.0,,0.0
LNGN0006,terminal,pagerank,60,3,0.00032574400422442446,0.0014444219391947886,4.434224177460655,0.0,0.007700928023019184,-0.05264341628218528,0.0006625301780835752
LNGN0006,terminal,eigenvector,60,3,0.00011155498924749373,0.0005185301965784566,4.64820264944005,0.0,0.0031586983707896626,-0.04790435252415259,0.00022689150355422456
LNGN0006,terminal,share_monthly_network_flow,60,3,7.257852923740757e-05,0.0003196193595280583,4.403772891051144,0.0,0.001567056941192595,-0.053374622543308124,0.0001476173476015069
LNGN0008,terminal,node_throughput,60,40,690494.85,766776.3095740023,1.110473611170311,0.0,3698852.0,0.5608196805182375,409373.5593220339
LNGN0008,terminal,total_voyages,60,40,3.6166666666666667,3.8227315935281396,1.0569764774732182,0.0,15.0,0.6348135132976601,2.0
LNGN0008,terminal,total_route_exposure,60,40,1.6,1.5315882971165606,0.9572426856978503,0.0,5.0,0.7422616075886175,0.6440677966101694
LNGN0008,terminal,total_degree,60,40,1.25,1.0516331125396492,0.8413064900317193,0.0,3.0,0.7643769968051118,0.4067796610169492
LNGN0008,terminal,total_strength,60,40,690494.85,766776.3095740023,1.110473611170311,0.0,3698852.0,0.5608196805182375,409373.5593220339
LNGN0008,terminal,betweenness,60,40,0.0,0.0,,0.0,0.0,,0.0
LNGN0008,terminal,pagerank,60,40,0.004830939113445989,0.003639702205775849,0.753415044218926,0.0,0.012203806381366358,0.7787590707168904,0.0011900745571096815
LNGN0008,terminal,eigenvector,60,40,0.04459024667012511,0.05252327180257335,1.177909424703032,0.0,0.22575500106905624,0.6301047628479172,0.02579639021739234
LNGN0008,terminal,share_monthly_network_flow,60,40,0.00713170536085475,0.007850582310315714,1.1008001471018154,0.0,0.03303942355042505,0.6679348390509263,0.004015847780539238
LNGN0013,terminal,node_throughput,60,6,22540.0,78285.16581345841,3.4731661851578712,0.0,495000.0,0.46766777057947506,28420.338983050846
LNGN0013,terminal,total_voyages,60,6,0.13333333333333333,0.4681976500881039,3.511482375660779,0.0,3.0,0.4580052493438319,0.1694915254237288
LNGN0013,terminal,total_route_exposure,60,6,0.13333333333333333,0.4681976500881039,3.511482375660779,0.0,3.0,0.4580052493438319,0.1694915254237288
LNGN0013,terminal,total_degree,60,6,0.13333333333333333,0.4681976500881039,3.511482375660779,0.0,3.0,0.4580052493438319,0.1694915254237288
LNGN0013,terminal,total_strength,60,6,22540.0,78285.16581345841,3.4731661851578712,0.0,495000.0,0.46766777057947506,28420.338983050846
LNGN0013,terminal,betweenness,60,6,0.0,0.0,,0.0,0.0,,0.0
LNGN0013,terminal,pagerank,60,6,0.0005363592284052445,0.001627631008218334,3.0345912254698497,0.0,0.005957827598346878,0.3964639655686414,0.0005922301531318729
LNGN0013,terminal,eigenvector,60,6,8.936286566557939e-06,4.6323393006542244e-05,5.183740769896214,0.0,0.00033240766902961573,0.015362728706290503,1.748037423742253e-05
LNGN0013,terminal,share_monthly_network_flow,60,6,0.00021582041846272343,0.0007254126264574279,3.3611862659914236,0.0,0.004238136234469724,0.43836619622791545,0.00027596516456994787
LNGN0017,terminal,node_throughput,60,2,5483.333333333333,29829.1699269536,5.439970199444426,0.0,174000.0,-0.03496700713741603,11152.542372881357
LNGN0017,terminal,total_voyages,60,2,0.03333333333333333,0.1810203347193925,5.430610041581775,0.0,1.0,-0.03508771929824562,0.06779661016949153
LNGN0017,terminal,total_route_exposure,60,2,0.03333333333333333,0.1810203347193925,5.430610041581775,0.0,1.0,-0.03508771929824562,0.06779661016949153
LNGN0017,terminal,total_degree,60,2,0.03333333333333333,0.1810203347193925,5.430610041581775,0.0,1.0,-0.03508771929824562,0.06779661016949153
LNGN0017,terminal,total_strength,60,2,5483.333333333333,29829.1699269536,5.439970199444426,0.0,174000.0,-0.03496700713741603,11152.542372881357
LNGN0017,terminal,betweenness,60,2,0.0,0.0,,0.0,0.0,,0.0
LNGN0017,terminal,pagerank,60,2,0.00025763326524878214,0.0014021385160862207,5.442381498104499,0.0,0.008229611475095494,-0.03493601103672586,0.0005239998615229467
LNGN0017,terminal,eigenvector,60,2,0.00016648351240179614,0.0009043851098822457,5.432280331157217,0.0,0.005116306362966726,-0.035066132824534926,0.0003386105336985684
LNGN0017,terminal,share_monthly_network_flow,60,2,7.89573441830379e-05,0.0004324189394865583,5.476614543722878,0.0,0.0026725014848894384,-0.034500371925889506,0.0001605912085078737
LNGN0025,terminal,node_throughput,60,15,67618.36666666667,140222.62150884364,2.0737357085255974,0.0,667958.0,0.30363395073887317,75713.7627118644
LNGN0025,terminal,total_voyages,60,15,0.4,0.8274936632457462,2.0687341581143657,0.0,4.0,0.3090130438067058,0.4406779661016949
LNGN0025,terminal,total_route_exposure,60,15,0.35,0.684575830567082,1.9559309444773774,0.0,3.0,0.36099631759697687,0.3559322033898305
LNGN0025,terminal,total_degree,60,15,0.25,0.4366668823046865,1.746667529218746,0.0,1.0,0.49780905256318203,0.1864406779661017
LNGN0025,terminal,total_strength,60,15,67618.36666666667,140222.62150884364,2.0737357085255974,0.0,667958.0,0.30363395073887317,75713.7627118644
LNGN0025,terminal,betweenness,60,15,0.0,0.0,,0.0,0.0,,0.0
LNGN0025,terminal,pagerank,60,15,0.0018145856405268122,0.003270130174906188,1.8021360369394308,0.0,0.010675273899225039,0.5790265823981827,0.001380540082034445
LNGN0025,terminal,eigenvector,60,15,0.003605939045862938,0.007688958778229368,2.1323041461421384,0.0,0.032222225801580046,0.47048002086536306,0.0035696031552439923
LNGN0025,terminal,share_monthly_network_flow,60,15,0.0008603067066237577,0.0018580908763331503,2.1598005246584213,0.0,0.007527401146152093,0.502442511897451,0.0008432806173783871
LNGN0026,terminal,node_throughput,60,60,787605.5666666667,416524.9083526074,0.5288496247118205,170000.0,1751730.0,0.5068366334430133,333847.83050847455
LNGN0026,terminal,total_voyages,60,60,5.35,2.7729015580881082,0.5182993566519829,1.0,11.0,0.4353105848528411,2.23728813559322
LNGN0026,terminal,total_route_exposure,60,60,4.033333333333333,2.008175381181116,0.4978947226068883,1.0,10.0,0.6579167678688647,1.2372881355932204
LNGN0026,terminal,total_degree,60,60,3.7333333333333334,1.7060874723403943,0.45698771580546277,1.0,8.0,0.6146503215434083,1.11864406779661
LNGN0026,terminal,total_strength,60,60,787605.5666666667,416524.9083526074,0.5288496247118205,170000.0,1751730.0,0.5068366334430133,333847.83050847455
LNGN0026,terminal,betweenness,60,60,0.0,0.0,,0.0,0.0,,0.0
LNGN0026,terminal,pagerank,60,60,0.0061534110443957025,0.0007473450920906329,0.12145216477473693,0.004800752932868219,0.007834015034777991,0.8372327962046167,0.00033770826762050777
LNGN0026,terminal,eigenvector,60,60,0.0014038663264520806,0.002423105311015822,1.726022816673445,0.0,0.011233559481109193,0.3937015244097914,0.0015715864406282438
LNGN0026,terminal,share_monthly_network_flow,60,60,0.008586413744703725,0.0033470980298069717,0.38981327121250475,0.0024095961002416357,0.015589470596014612,0.13018281552384084,0.003704446876876978
LNGN0027,terminal,node_throughput,60,56,459320.35,315859.1161712269,0.6876662794740684,0.0,1489058.0,0.4146147204550587,257086.94915254237
LNGN0027,terminal,total_voyages,60,56,2.8666666666666667,1.9086481742603438,0.6658075026489572,0.0,9.0,0.41450566318963683,1.5423728813559323
LNGN0027,terminal,total_route_exposure,60,56,2.7,1.6904517498716334,0.6260932406931975,0.0,8.0,0.40204144311471746,1.4067796610169492
LNGN0027,terminal,total_degree,60,56,2.283333333333333,1.3415355060989975,0.5875337982915317,0.0,6.0,0.31223090506717605,1.2372881355932204
LNGN0027,terminal,total_strength,60,56,459320.35,315859.1161712269,0.6876662794740684,0.0,1489058.0,0.4146147204550587,257086.94915254237
LNGN0027,terminal,betweenness,60,56,0.0,0.0,,0.0,0.0,,0.0
LNGN0027,terminal,pagerank,60,56,0.005737224367392865,0.0017139771027706936,0.29874674459516853,0.0,0.007834015034777991,-0.032234598004007804,0.0011725009106784729
LNGN0027,terminal,eigenvector,60,56,0.0005393983703789508,0.0008619784441005843,1.5980367969873677,0.0,0.004326969229976047,0.2813147609847154,0.0006632648200233132
LNGN0027,terminal,share_monthly_network_flow,60,56,0.005027595807143058,0.002933896410588139,0.5835585283963652,0.0,0.01311278390096766,0.18709462496258375,0.0029924506646138043
LNGN0031,terminal,node_throughput,60,2,5800.0,31497.538241174298,5.430610041581775,0.0,174000.0,-0.03508771929824561,11796.610169491525
LNGN0031,terminal,total_voyages,60,2,0.03333333333333333,0.1810203347193925,5.430610041581775,0.0,1.0,-0.0350877192982456,0.06779661016949153
LNGN0031,terminal,total_route_exposure,60,2,0.03333333333333333,0.1810203347193925,5.430610041581775,0.0,1.0,-0.0350877192982456,0.06779661016949153
LNGN0031,terminal,total_degree,60,2,0.03333333333333333,0.1810203347193925,5.430610041581775,0.0,1.0,-0.0350877192982456,0.06779661016949153
LNGN0031,terminal,total_strength,60,2,5800.0,31497.538241174298,5.430610041581775,0.0,174000.0,-0.03508771929824561,11796.610169491525
LNGN0031,terminal,betweenness,60,2,0.0,0.0,,0.0,0.0,,0.0
LNGN0031,terminal,pagerank,60,2,0.00043601978759729576,0.002454995829806216,5.630468844853504,0.0,0.016601687416123653,-0.0326396540872931,0.0008868199069775507
LNGN0031,terminal,eigenvector,60,2,5.647002598346061e-08,3.077829557930436e-07,5.450377442418559,0.0,1.8363460827108637e-06,-0.034833521419070736,1.1485429013585208e-07
LNGN0031,terminal,share_monthly_network_flow,60,2,0.0001022583438637348,0.0005947942741578255,5.816584267689916,0.0,0.004224957215630817,-0.03058325750846316,0.00020798307226522334
LNGN0035,terminal,node_throughput,60,51,336838.2,225125.31157443125,0.6683485174022163,0.0,866000.0,0.2465346656713458,205277.3220338983
LNGN0035,terminal,total_voyages,60,51,2.1333333333333333,1.40780712597813,0.6599095903022484,0.0,5.0,0.25622984462034565,1.3220338983050848
LNGN0035,terminal,total_route_exposure,60,51,1.8666666666666667,1.1998116613030856,0.642756247126653,0.0,5.0,0.3227950060410792,1.0847457627118644
LNGN0035,terminal,total_degree,60,51,1.5,0.8925302064868872,0.5950201376579248,0.0,3.0,0.25126903553299473,0.8813559322033898
LNGN0035,terminal,total_strength,60,51,336838.2,225125.31157443125,0.6683485174022163,0.0,866000.0,0.2465346656713458,205277.3220338983
LNGN0035,terminal,betweenness,60,51,0.0,0.0,,0.0,0.0,,0.0
LNGN0035,terminal,pagerank,60,51,0.007541535510485406,0.0035752644120237245,0.47407645393339864,0.0,0.013716070269559703,0.12140186198504073,0.0031957079240299544
LNGN0035,terminal,eigenvector,60,51,0.0021706704888454892,0.0029673228271846043,1.3670074948882864,0.0,0.013324582645772298,0.27288198951379583,0.0023784002320160376
LNGN0035,terminal,share_monthly_network_flow,60,51,0.003772291914843647,0.0025955960519511733,0.6880687153975874,0.0,0.011922943425333935,0.22117365345963436,0.0023342248402953166
LNGN0037,terminal,node_throughput,60,58,442571.81666666665,276887.87621030636,0.6256337746396784,0.0,1203723.0,0.3047436268108313,248440.13559322033
LNGN0037,terminal,total_voyages,60,58,2.6333333333333333,1.636103957024764,0.6213053001359863,0.0,7.0,0.2991830820496682,1.4745762711864407
LNGN0037,terminal,total_route_exposure,60,58,1.8333333333333333,0.941809773636648,0.5137144219836262,0.0,4.0,0.3362759086886928,0.7966101694915254
LNGN0037,terminal,total_degree,60,58,1.7,0.9075950713612994,0.5338794537419408,0.0,4.0,0.34807326086621865,0.7288135593220338
LNGN0037,terminal,total_strength,60,58,442571.81666666665,276887.87621030636,0.6256337746396784,0.0,1203723.0,0.3047436268108313,248440.13559322033
LNGN0037,terminal,betweenness,60,58,0.0,0.0,,0.0,0.0,,0.0
LNGN0037,terminal,pagerank,60,58,0.00844606002985444,0.0026088880550784255,0.30888817340354463,0.0,0.014613982847343443,-0.041146616445840375,0.0023592168227846693
LNGN0037,terminal,eigenvector,60,58,0.00026459672084404686,0.00033266758894208366,1.2572627048471916,0.0,0.0015999100497583218,0.2806978413677148,0.0002827900753293345
LNGN0037,terminal,share_monthly_network_flow,60,58,0.0049904776839552155,0.0028003440635507243,0.5611374783929111,0.0,0.012602027556967781,0.02612100233269387,0.003065012492930869
LNGN0039,terminal,node_throughput,60,11,32263.7,77914.61160333347,2.414931071245191,0.0,414819.0,0.4300650937594554,30466.93220338983
LNGN0039,terminal,total_voyages,60,11,0.23333333333333334,0.5634839166238779,2.414931071245191,0.0,3.0,0.4300650937594556,0.22033898305084745
LNGN0039,terminal,total_route_exposure,60,11,0.21666666666666667,0.4903014177279,2.2629296202826152,0.0,2.0,0.531326785958715,0.1864406779661017
LNGN0039,terminal,total_degree,60,11,0.18333333333333332,0.3902049294994231,2.128390524542308,0.0,1.0,0.5957000372022986,0.11864406779661017
LNGN0039,terminal,total_strength,60,11,32263.7,77914.61160333347,2.414931071245191,0.0,414819.0,0.4300650937594554,30466.93220338983
LNGN0039,terminal,betweenness,60,11,0.0,0.0,,0.0,0.0,,0.0
LNGN0039,terminal,pagerank,60,11,0.0010523885633536398,0.0022738715776734588,2.160676823042743,0.0,0.007834015034777991,0.5586430991485637,0.0007274413240802327
LNGN0039,terminal,eigenvector,60,11,1.2410880353941996e-05,3.388282117571696e-05,2.730090066894808,0.0,0.000192837385631879,0.18647766598174204,1.6420278369326327e-05
LNGN0039,terminal,share_monthly_network_flow,60,11,0.00039670009234486585,0.001094469910567328,2.7589353561729584,0.0,0.00637128961758823,0.3650730393923278,0.0004221581796493873
LNGN0040,terminal,node_throughput,60,44,233785.23333333334,212042.7831287721,0.9069981884888314,0.0,778700.0,0.11094871474136699,210774.66101694916
LNGN0040,terminal,total_voyages,60,44,1.4166666666666667,1.3056807649218876,0.921657010533097,0.0,5.0,0.12046874198012467,1.271186440677966
LNGN0040,terminal,total_route_exposure,60,44,1.25,1.0989208882554138,0.8791367106043311,0.0,4.0,0.1552437620380301,1.0338983050847457
LNGN0040,terminal,total_degree,60,44,1.0166666666666666,0.7476894729916952,0.7354322685164215,0.0,2.0,0.30708984759317387,0.6271186440677966
LNGN0040,terminal,total_strength,60,44,233785.23333333334,212042.7831287721,0.9069981884888314,0.0,778700.0,0.11094871474136699,210774.66101694916
LNGN0040,terminal,betweenness,60,44,0.0,0.0,,0.0,0.0,,0.0
LNGN0040,terminal,pagerank,60,44,0.007259110164104324,0.004836211720734717,0.6662265224530367,0.0,0.014845898996015404,0.245887998936147,0.004409671595155199
LNGN0040,terminal,eigenvector,60,44,0.0019531632437409267,0.003585610087473198,1.8357964184322955,0.0,0.016653272610177842,0.0014711510896191868,0.002973065349525887
LNGN0040,terminal,share_monthly_network_flow,60,44,0.002492076754696165,0.002161207808199844,0.8672316388839874,0.0,0.006919144374866526,0.061135304954000824,0.0023361352418415017
LNGN0044,terminal,node_throughput,60,28,15456.333333333334,20434.042793924917,1.3220498259995848,0.0,72000.0,0.3780315339473173,15718.305084745763
LNGN0044,terminal,total_voyages,60,28,0.7666666666666667,1.014582934546726,1.323369045060947,0.0,4.0,0.36809470124013544,0.7796610169491526
LNGN0044,terminal,total_route_exposure,60,28,0.5166666666666667,0.5963637459756623,1.154252411565798,0.0,2.0,0.27577741407528633,0.4406779661016949
LNGN0044,terminal,total_degree,60,28,0.5166666666666667,0.5963637459756623,1.154252411565798,0.0,2.0,0.27577741407528633,0.4406779661016949
LNGN0044,terminal,total_strength,60,28,15456.333333333334,20434.042793924917,1.3220498259995848,0.0,72000.0,0.3780315339473173,15718.305084745763
LNGN0044,terminal,betweenness,60,28,0.0,0.0,,0.0,0.0,,0.0
LNGN0044,terminal,pagerank,60,28,0.003296078112568525,0.003645442782975002,1.105994050648948,0.0,0.009472540262214692,0.26517498772802506,0.00275468104562455
LNGN0044,terminal,eigenvector,60,28,5.128067530063229e-08,2.0568184234005237e-07,4.010903544741665,0.0,1.1892677468681184e-06,-0.047604734568483416,9.949640453080833e-08
LNGN0044,terminal,share_monthly_network_flow,60,28,0.00017355143819601718,0.00024656111250056194,1.4206803185467365,0.0,0.0011058626834025262,0.3839769888247169,0.00018263284708773753
LNGN0045,terminal,node_throughput,60,7,19610.133333333335,54519.21065604483,2.780155021351792,0.0,174000.0,0.4923529303828638,18128.542372881355
LNGN0045,terminal,total_voyages,60,7,0.11666666666666667,0.3237317715130933,2.774843755826514,0.0,1.0,0.5137362637362631,0.1016949152542373
LNGN0045,terminal,total_route_exposure,60,7,0.11666666666666667,0.3237317715130933,2.774843755826514,0.0,1.0,0.5137362637362631,0.1016949152542373
LNGN0045,terminal,total_degree,60,7,0.11666666666666667,0.3237317715130933,2.774843755826514,0.0,1.0,0.5137362637362631,0.1016949152542373
LNGN0045,terminal,total_strength,60,7,19610.133333333335,54519.21065604483,2.780155021351792,0.0,174000.0,0.4923529303828638,18128.542372881355
LNGN0045,terminal,betweenness,60,7,0.0,0.0,,0.0,0.0,,0.0
LNGN0045,terminal,pagerank,60,7,0.000652199752820657,0.0018135311256091415,2.780637554316629,0.0,0.006074844821556063,0.5179683201496851,0.0005791120442424454
LNGN0045,terminal,eigenvector,60,7,1.6009383353624567e-06,6.144457743567342e-06,3.838035237113752,0.0,3.651290742157345e-05,0.07650173105287243,2.6093586624821876e-06
LNGN0045,terminal,share_monthly_network_flow,60,7,0.00016145391729562115,0.0004493666005057533,2.78324990828786,0.0,0.0015222584873878743,0.46765362178501246,0.0001604434715038285
LNGN0050,terminal,node_throughput,60,58,1119806.1166666667,634439.3456502802,0.5665617790504838,0.0,2390016.0,0.7245447094944617,358241.76271186443
LNGN0050,terminal,total_voyages,60,58,6.583333333333333,3.7157095116735435,0.5644115713934497,0.0,14.0,0.7203256273141612,2.1016949152542375
LNGN0050,terminal,total_route_exposure,60,58,5.95,3.222931605788931,0.5416691774435178,0.0,12.0,0.6631559075468098,1.9322033898305084
LNGN0050,terminal,total_degree,60,58,3.433333333333333,1.6505434817994753,0.4807408199415948,0.0,7.0,0.5354687727647598,1.11864406779661
LNGN0050,terminal,total_strength,60,58,1119806.1166666667,634439.3456502802,0.5665617790504838,0.0,2390016.0,0.7245447094944617,358241.76271186443
LNGN0050,terminal,betweenness,60,58,0.0,0.0,,0.0,0.0,,0.0
LNGN0050,terminal,pagerank,60,58,0.005915708375350892,0.0013173665909737976,0.22268957619055343,0.0,0.007505716796232779,0.06973412430588376,0.000677262653612182
LNGN0050,terminal,eigenvector,60,58,0.0033467597130676786,0.009432434353662488,2.818378121629954,0.0,0.05834104954166814,-0.08184384994104726,0.0053240330369494345
LNGN0050,terminal,share_monthly_network_flow,60,58,0.011795839242182296,0.005235074389395162,0.44380686120868534,0.0,0.024652747790708664,0.5795838289577613,0.0038366411292148172
LNGN0052,terminal,node_throughput,60,32,107953.33333333333,114316.40667969841,1.0589428149172335,0.0,344000.0,0.5478508155084585,72606.77966101695
LNGN0052,terminal,total_voyages,60,32,0.65,0.684575830567082,1.0531935854878185,0.0,2.0,0.5591531755915314,0.4067796610169492
LNGN0052,terminal,total_route_exposure,60,32,0.5833333333333334,0.5906522297402891,1.0125466795547813,0.0,2.0,0.45644891122278025,0.3728813559322034
LNGN0052,terminal,total_degree,60,32,0.5833333333333334,0.5906522297402891,1.0125466795547813,0.0,2.0,0.45644891122278025,0.3728813559322034
LNGN0052,terminal,total_strength,60,32,107953.33333333333,114316.40667969841,1.0589428149172335,0.0,344000.0,0.5478508155084585,72606.77966101695
LNGN0052,terminal,betweenness,60,32,0.0,0.0,,0.0,0.0,,0.0
LNGN0052,terminal,pagerank,60,32,0.0030526011229253754,0.002916229901716896,0.9553262232054112,0.0,0.0070565808568959654,0.3616709208886554,0.0017958658999005109
LNGN0052,terminal,eigenvector,60,32,0.00010352227109929635,0.00017827592111646976,1.722102106371597,0.0,0.0007671175336202073,0.20088898261848182,0.00014724305480067276
LNGN0052,terminal,share_monthly_network_flow,60,32,0.0010563818895030432,0.001098246045657849,1.0396297556506768,0.0,0.00327285574788393,0.39822074546274444,0.0007869500750578968
LNGN0055,terminal,node_throughput,60,10,45509.566666666666,137031.15182042646,3.011040575800395,0.0,851300.0,0.2642514719546829,68968.61016949153
LNGN0055,terminal,total_voyages,60,10,0.26666666666666666,0.7997174642327564,2.9989404908728363,0.0,5.0,0.2565256525652565,0.4067796610169492
LNGN0055,terminal,total_route_exposure,60,10,0.23333333333333334,0.6474635430261866,2.774843755826514,0.0,4.0,0.31112637362637346,0.3389830508474576
LNGN0055,terminal,total_degree,60,10,0.21666666666666667,0.5551505114790766,2.56223312990343,0.0,3.0,0.3383177570093458,0.3050847457627119
LNGN0055,terminal,total_strength,60,10,45509.566666666666,137031.15182042646,3.011040575800395,0.0,851300.0,0.2642514719546829,68968.61016949153
LNGN0055,terminal,betweenness,60,10,0.0,0.0,,0.0,0.0,,0.0
LNGN0055,terminal,pagerank,60,10,0.0013847495297731461,0.0034835562917436007,2.5156580427323108,0.0,0.016480845827546855,0.0637795289807489,0.002073244390801535
LNGN0055,terminal,eigenvector,60,10,7.462008164010097e-06,3.1720023312857444e-05,4.250869553566804,0.0,0.00018237167526299693,0.5963179656555045,7.456143793058968e-06
LNGN0055,terminal,share_monthly_network_flow,60,10,0.0004441936962593106,0.001265267595805726,2.8484591439746376,0.0,0.007496627354269456,0.18281387470770727,0.0007176286242615166
LNGN0056,terminal,node_throughput,60,51,320494.81666666665,249590.21046857082,0.7787652014608375,0.0,1133558.0,0.18555082694529698,235680.91525423728
LNGN0056,terminal,total_voyages,60,51,2.0,1.551379921559174,0.775689960779587,0.0,7.0,0.1718624935556819,1.4406779661016949
LNGN0056,terminal,total_route_exposure,60,51,1.6333333333333333,1.149305857812558,0.7036566476403416,0.0,5.0,0.16868321243096052,1.0677966101694916
LNGN0056,terminal,total_degree,60,51,1.2666666666666666,0.8994662573007389,0.7101049399742676,0.0,4.0,0.029649798223314955,0.8305084745762712
LNGN0056,terminal,total_strength,60,51,320494.81666666665,249590.21046857082,0.7787652014608375,0.0,1133558.0,0.18555082694529698,235680.91525423728
LNGN0056,terminal,betweenness,60,51,0.0,0.0,,0.0,0.0,,0.0
LNGN0056,terminal,pagerank,60,51,0.007073647546654886,0.003310739654091539,0.4680385377212045,0.0,0.012458544605419706,0.12307101040545519,0.0029867290249144377
LNGN0056,terminal,eigenvector,60,51,0.0015687416368519122,0.0024385294084588527,1.5544493440949243,0.0,0.011267264675477865,-0.09883066511969625,0.002270995687770141
LNGN0056,terminal,share_monthly_network_flow,60,51,0.0034536807960039895,0.002483351446624086,0.7190448664211808,0.0,0.009295384934354526,0.15773647886621525,0.0025520524953841694
LNGN0059,terminal,node_throughput,60,12,40700.71666666667,87562.94363641673,2.151385793855802,0.0,335870.0,0.019013010362541473,66181.1186440678
LNGN0059,terminal,total_voyages,60,12,0.25,0.5407151573203143,2.162860629281257,0.0,2.0,0.010848126232741655,0.4067796610169492
LNGN0059,terminal,total_route_exposure,60,12,0.23333333333333334,0.49971743428090815,2.141646146918178,0.0,2.0,0.04618937644341804,0.3728813559322034
LNGN0059,terminal,total_degree,60,12,0.23333333333333334,0.49971743428090815,2.141646146918178,0.0,2.0,0.04618937644341804,0.3728813559322034
LNGN0059,terminal,total_strength,60,12,40700.71666666667,87562.94363641673,2.151385793855802,0.0,335870.0,0.019013010362541473,66181.1186440678
LNGN0059,terminal,betweenness,60,12,0.0,0.0,,0.0,0.0,,0.0
LNGN0059,terminal,pagerank,60,12,0.0014438992908987998,0.0030331994108519006,2.1007001180558733,0.0,0.01248711106657197,0.08809165478711165,0.0022615768505751016
LNGN0059,terminal,eigenvector,60,12,0.0010591169146534393,0.0026854867201233897,2.535590436681984,0.0,0.014013077635592163,0.22672038800836763,0.0015935363077566522
LNGN0059,terminal,share_monthly_network_flow,60,12,0.0004086991236049392,0.0009344368388323463,2.286368589661085,0.0,0.004490953610616659,0.057310392720671004,0.0006668450786718635
LNGN0069,terminal,node_throughput,60,1,2900.0,22463.30340800302,7.745966692414834,0.0,174000.0,-0.017241379310344793,5898.3050847457625
LNGN0069,terminal,total_voyages,60,1,0.016666666666666666,0.12909944487358058,7.745966692414835,0.0,1.0,-0.017241379310344834,0.03389830508474576
LNGN0069,terminal,total_route_exposure,60,1,0.016666666666666666,0.12909944487358058,7.745966692414835,0.0,1.0,-0.017241379310344834,0.03389830508474576
LNGN0069,terminal,total_degree,60,1,0.016666666666666666,0.12909944487358058,7.745966692414835,0.0,1.0,-0.017241379310344834,0.03389830508474576
LNGN0069,terminal,total_strength,60,1,2900.0,22463.30340800302,7.745966692414834,0.0,174000.0,-0.017241379310344793,5898.3050847457625
LNGN0069,terminal,betweenness,60,1,0.0,0.0,,0.0,0.0,,0.0
LNGN0069,terminal,pagerank,60,1,8.920290357745498e-05,0.0006909627199776582,7.745966692414832,0.0,0.0053521742146472985,-0.017241379310344862,0.0001814296343948237
LNGN0069,terminal,eigenvector,60,1,0.00011108490320697653,0.0008604599602713661,7.745966692414835,0.0,0.006665094192418592,-0.017241379310344824,0.0002259353963531726
LNGN0069,terminal,share_monthly_network_flow,60,1,2.6447510314825417e-05,0.00020486153399593547,7.745966692414835,0.0,0.001586850618889525,-0.017241379310344834,5.379154640303474e-05
LNGN0070,terminal,node_throughput,60,54,1442909.5166666666,864791.7308950309,0.5993388503617518,0.0,2977400.0,0.7927132988625136,404850.23728813557
LNGN0070,terminal,total_voyages,60,54,8.4,4.988801017601357,0.5939048830477806,0.0,17.0,0.7847246341290266,2.3728813559322033
LNGN0070,terminal,total_route_exposure,60,54,7.05,4.077324646282957,0.5783439214585755,0.0,13.0,0.7380605170562825,2.3389830508474576
LNGN0070,terminal,total_degree,60,54,4.183333333333334,2.3397208776498823,0.559295827326665,0.0,8.0,0.7499987084741487,1.3220338983050848
LNGN0070,terminal,total_strength,60,54,1442909.5166666666,864791.7308950309,0.5993388503617518,0.0,2977400.0,0.7927132988625136,404850.23728813557
LNGN0070,terminal,betweenness,60,54,0.0,0.0,,0.0,0.0,,0.0
LNGN0070,terminal,pagerank,60,54,0.005461740520929802,0.00195103028707715,0.35721768172630214,0.0,0.007325800122638398,0.4546817753952802,0.0008366325054766105
LNGN0070,terminal,eigenvector,60,54,0.00508900550271392,0.02148536299368616,4.22191781522504,0.0,0.16459424169805573,-0.04590111933782365,0.008822281267933874
LNGN0070,terminal,share_monthly_network_flow,60,54,0.014989941252051301,0.008085072429037072,0.5393665187267274,0.0,0.0321342743741595,0.6239017129396321,0.0049265748200522
LNGN0074,terminal,node_throughput,60,12,35880.316666666666,74599.69809987799,2.0791259673909788,0.0,308000.0,0.09587178921243322,55916.779661016946
LNGN0074,terminal,total_voyages,60,12,0.21666666666666667,0.4544196025054849,2.097321242333007,0.0,2.0,0.09357541899441338,0.3389830508474576
LNGN0074,terminal,total_route_exposure,60,12,0.21666666666666667,0.4544196025054849,2.097321242333007,0.0,2.0,0.09357541899441338,0.3389830508474576
LNGN0074,terminal,total_degree,60,12,0.2,0.40337558727168854,2.0168779363584424,0.0,1.0,0.05851063829787225,0.3050847457627119
LNGN0074,terminal,total_strength,60,12,35880.316666666666,74599.69809987799,2.0791259673909788,0.0,308000.0,0.09587178921243322,55916.779661016946
LNGN0074,terminal,betweenness,60,12,0.0,0.0,,0.0,0.0,,0.0
LNGN0074,terminal,pagerank,60,12,0.0014622144393030164,0.0030163183198173077,2.06284265750725,0.0,0.011038769858576035,0.03805599723536148,0.0022764293425334052
LNGN0074,terminal,eigenvector,60,12,0.00048036362898273957,0.0035011313187735043,7.288502100352204,0.0,0.027133841164086563,-0.019280828126308717,0.000968904798441956
LNGN0074,terminal,share_monthly_network_flow,60,12,0.0003704223700672969,0.0007812741755840426,2.1091441519638887,0.0,0.0026518549681713802,0.06412590129595841,0.0005921166385303981
LNGN0075,terminal,node_throughput,60,1,2900.0,22463.30340800302,7.745966692414834,0.0,174000.0,-0.017241379310344834,5898.3050847457625
LNGN0075,terminal,total_voyages,60,1,0.016666666666666666,0.12909944487358058,7.745966692414835,0.0,1.0,-0.01724137931034484,0.03389830508474576
LNGN0075,terminal,total_route_exposure,60,1,0.016666666666666666,0.12909944487358058,7.745966692414835,0.0,1.0,-0.01724137931034484,0.03389830508474576
LNGN0075,terminal,total_degree,60,1,0.016666666666666666,0.12909944487358058,7.745966692414835,0.0,1.0,-0.01724137931034484,0.03389830508474576
LNGN0075,terminal,total_strength,60,1,2900.0,22463.30340800302,7.745966692414834,0.0,174000.0,-0.017241379310344834,5898.3050847457625
LNGN0075,terminal,betweenness,60,1,0.0,0.0,,0.0,0.0,,0.0
LNGN0075,terminal,pagerank,60,1,9.781686100216587e-05,0.0007576861472793482,7.745966692414832,0.0,0.005869011660129952,-0.017241379310344807,0.00019894954780101532
LNGN0075,terminal,eigenvector,60,1,4.0096099662168854e-291,0.0,,0.0,2.4057659797301313e-289,,8.155138914339428e-291
LNGN0075,terminal,share_monthly_network_flow,60,1,4.2203877765054356e-05,0.00032690983145885805,7.745966692414834,0.0,0.0025322326659032615,-0.01724137931034484,8.583839545434784e-05
LNGN0076,terminal,node_throughput,60,13,62784.88333333333,140427.43391989026,2.2366440210510907,0.0,680486.0,0.7366029126842989,39527.38983050847
LNGN0076,terminal,total_voyages,60,13,0.36666666666666664,0.822700527647874,2.2437287117669293,0.0,4.0,0.7235945485519588,0.23728813559322035
LNGN0076,terminal,total_route_exposure,60,13,0.3333333333333333,0.7287478619712606,2.186243585913782,0.0,3.0,0.7437567861020631,0.2033898305084746
LNGN0076,terminal,total_degree,60,13,0.3333333333333333,0.7287478619712606,2.186243585913782,0.0,3.0,0.7437567861020631,0.2033898305084746
LNGN0076,terminal,total_strength,60,13,62784.88333333333,140427.43391989026,2.2366440210510907,0.0,680486.0,0.7366029126842989,39527.38983050847
LNGN0076,terminal,betweenness,60,13,0.0,0.0,,0.0,0.0,,0.0
LNGN0076,terminal,pagerank,60,13,0.001778152186262228,0.0037018554812850903,2.081855259569537,0.0,0.014039598436258906,0.8352973131605634,0.000854657878321107
LNGN0076,terminal,eigenvector,60,13,2.8480737261278935e-05,9.982060844969569e-05,3.5048463645429244,0.0,0.0006176842809175521,0.22445264459013992,4.32311810886466e-05
LNGN0076,terminal,share_monthly_network_flow,60,13,0.0007432130181933588,0.0018666086109848602,2.511539175568144,0.0,0.009903154470631304,0.7763391399964743,0.00045481557132010517
LNGN0079,terminal,node_throughput,60,21,66971.18333333333,100139.515159549,1.4952627410079957,0.0,354000.0,0.23920770711988024,76288.77966101695
LNGN0079,terminal,total_voyages,60,21,0.4166666666666667,0.618682763281733,1.484838631876159,0.0,2.0,0.26120157869637584,0.4576271186440678
LNGN0079,terminal,total_route_exposure,60,21,0.4,0.5880159112340472,1.4700397780851178,0.0,2.0,0.23064267222914767,0.423728813559322
LNGN0079,terminal,total_degree,60,21,0.38333333333333336,0.5551505114790765,1.4482187255975907,0.0,2.0,0.24693067513855468,0.3898305084745763
LNGN0079,terminal,total_strength,60,21,66971.18333333333,100139.515159549,1.4952627410079957,0.0,354000.0,0.23920770711988024,76288.77966101695
LNGN0079,terminal,betweenness,60,21,0.0,0.0,,0.0,0.0,,0.0
LNGN0079,terminal,pagerank,60,21,0.0027317418895202875,0.004199545862799729,1.5373142971194829,0.0,0.02051790410090686,0.39540148671894537,0.002784285281858869
LNGN0079,terminal,eigenvector,60,21,0.0017956111526288413,0.003809230638218404,2.121411772610985,0.0,0.017070923237799296,0.07012129885186577,0.0028238406800904616
LNGN0079,terminal,share_monthly_network_flow,60,21,0.0007798397715885042,0.0012673897355954845,1.6251924841097287,0.0,0.005611394198496794,0.3373086213238589,0.0008786359871379119
LNGN0081,terminal,node_throughput,60,24,79975.36666666667,108885.08952443687,1.36148284231399,0.0,421700.0,0.2574456498866934,88131.28813559322
LNGN0081,terminal,total_voyages,60,24,0.45,0.5944660045019183,1.3210355655598185,0.0,2.0,0.19917756188954572,0.4915254237288136
LNGN0081,terminal,total_route_exposure,60,24,0.45,0.5944660045019183,1.3210355655598185,0.0,2.0,0.19917756188954572,0.4915254237288136
LNGN0081,terminal,total_degree,60,24,0.4166666666666667,0.5301636033600228,1.2723926480640546,0.0,2.0,0.1734187445870165,0.423728813559322
LNGN0081,terminal,total_strength,60,24,79975.36666666667,108885.08952443687,1.36148284231399,0.0,421700.0,0.2574456498866934,88131.28813559322
LNGN0081,terminal,betweenness,60,24,0.0,0.0,,0.0,0.0,,0.0
LNGN0081,terminal,pagerank,60,24,0.0033603229175256876,0.004253494227091944,1.2657992495030588,0.0,0.011642266016942932,0.30215787993464804,0.003277629406565497
LNGN0081,terminal,eigenvector,60,24,0.000691707906996108,0.0014228457164805958,2.0570036891144023,0.0,0.005905270901032389,-0.03529013403016811,0.001071809620145242
LNGN0081,terminal,share_monthly_network_flow,60,24,0.0009463390357299842,0.0013400355307000204,1.416020559340393,0.0,0.005617966750589347,0.37467721748629856,0.0009901260353367834
LNGN0083,terminal,node_throughput,60,27,212145.13333333333,310663.25473425986,1.4643902023721176,0.0,1159622.0,0.7456548515440016,128407.52542372882
LNGN0083,terminal,total_voyages,60,27,1.25,1.8284475215283187,1.4627580172226549,0.0,7.0,0.754677754677754,0.7457627118644068
LNGN0083,terminal,total_route_exposure,60,27,1.1,1.5260450711961406,1.3873137010874004,0.0,6.0,0.7649987552900172,0.6779661016949152
LNGN0083,terminal,total_degree,60,27,1.05,1.4778018490598614,1.4074303324379631,0.0,6.0,0.7416401273885356,0.6779661016949152
LNGN0083,terminal,total_strength,60,27,212145.13333333333,310663.25473425986,1.4643902023721176,0.0,1159622.0,0.7456548515440016,128407.52542372882
LNGN0083,terminal,betweenness,60,27,0.0,0.0,,0.0,0.0,,0.0
LNGN0083,terminal,pagerank,60,27,0.0026117719565484252,0.002935106407981507,1.1237988832150503,0.0,0.0067512941191762744,0.5304888356791769,0.0014412206296092163
LNGN0083,terminal,eigenvector,60,27,0.0006303413607092897,0.0013236216328511405,2.0998489316356133,0.0,0.006962840009275111,0.5521135917672857,0.0006020776319206812
LNGN0083,terminal,share_monthly_network_flow,60,27,0.0019928501382464794,0.0028041328833683715,1.407096715177863,0.0,0.010575556829758097,0.718215679540716,0.0012887085036990878
LNGN0085,terminal,node_throughput,60,59,432092.43333333335,210996.63237832845,0.48831364796327553,0.0,972130.0,0.48216136923492664,155760.4745762712
LNGN0085,terminal,total_voyages,60,59,3.15,1.5274327636454663,0.4848992900461798,0.0,7.0,0.49128831879544704,1.1016949152542372
LNGN0085,terminal,total_route_exposure,60,59,2.7,1.2662503032609604,0.4689815938003557,0.0,6.0,0.381054789035179,1.0338983050847457
LNGN0085,terminal,total_degree,60,59,1.3833333333333333,0.5551505114790765,0.4013136227559589,0.0,3.0,0.33458646616541354,0.4067796610169492
LNGN0085,terminal,total_strength,60,59,432092.43333333335,210996.63237832845,0.48831364796327553,0.0,972130.0,0.48216136923492664,155760.4745762712
LNGN0085,terminal,betweenness,60,59,0.0,0.0,,0.0,0.0,,0.0
LNGN0085,terminal,pagerank,60,59,0.0060370341457390364,0.001083913434176931,0.17954402907294498,0.0,0.007834015034777991,0.21370015137965928,0.0005591137892596669
LNGN0085,terminal,eigenvector,60,59,0.027587211423568528,0.017898210402814505,0.6487865021226307,0.0,0.06535992641136394,0.40639431566547457,0.014632394028586092
LNGN0085,terminal,share_monthly_network_flow,60,59,0.0048313823023485485,0.002122983960265593,0.4394154358750713,0.0,0.010200521092979439,0.45379765900603114,0.0017133246729363497
LNGN0087,terminal,node_throughput,60,4,10261.25,38938.89109858277,3.794751233873336,0.0,174000.0,-0.07190382626985088,20870.338983050846
LNGN0087,terminal,total_voyages,60,4,0.06666666666666667,0.2515488742932317,3.7732331143984754,0.0,1.0,-0.0727272727272727,0.13559322033898305
LNGN0087,terminal,total_route_exposure,60,4,0.06666666666666667,0.2515488742932317,3.7732331143984754,0.0,1.0,-0.0727272727272727,0.13559322033898305
LNGN0087,terminal,total_degree,60,4,0.06666666666666667,0.2515488742932317,3.7732331143984754,0.0,1.0,-0.0727272727272727,0.13559322033898305
LNGN0087,terminal,total_strength,60,4,10261.25,38938.89109858277,3.794751233873336,0.0,174000.0,-0.07190382626985088,20870.338983050846
LNGN0087,terminal,betweenness,60,4,0.0,0.0,,0.0,0.0,,0.0
LNGN0087,terminal,pagerank,60,4,0.00038727854353923875,0.0014668782285793109,3.7876568507356203,0.0,0.006646451211820187,-0.0721737584356263,0.0007876851733001467
LNGN0087,terminal,eigenvector,60,4,3.6528147011997404e-05,0.00019257642769283435,5.272001003214974,0.0,0.0014140490636951966,-0.03723204749858906,7.429453629558794e-05
LNGN0087,terminal,share_monthly_network_flow,60,4,8.922883643715166e-05,0.00033789291725274756,3.7868129939220094,0.0,0.0014534533243868958,-0.07220596726469897,0.00018148237919420675
LNGN0097,terminal,node_throughput,60,56,802452.4666666667,514798.9701041766,0.6415320426923438,0.0,2029400.0,0.5689845462349947,364460.8813559322
LNGN0097,terminal,total_voyages,60,56,4.733333333333333,3.0245698204653926,0.6389936240419843,0.0,12.0,0.5566096947589185,2.1186440677966103
LNGN0097,terminal,total_route_exposure,60,56,2.9,1.7437539866912692,0.6012944781694032,0.0,6.0,0.6528742283950609,1.152542372881356
LNGN0097,terminal,total_degree,60,56,0.9333333333333333,0.2515488742932317,0.2695166510284625,0.0,1.0,0.19545454545454594,0.1016949152542373
LNGN0097,terminal,total_strength,60,56,802452.4666666667,514798.9701041766,0.6415320426923438,0.0,2029400.0,0.5689845462349947,364460.8813559322
LNGN0097,terminal,betweenness,60,56,0.0,0.0,,0.0,0.0,,0.0
LNGN0097,terminal,pagerank,60,56,0.009513770360754455,0.0033488085074410297,0.3519959364644013,0.0,0.020394466204971724,0.20808076329656747,0.0028524688743787174
LNGN0097,terminal,eigenvector,60,56,0.0005672075949290902,0.0009554251768645163,1.6844365015668723,0.0,0.005921829931603056,-0.015252764463125993,0.0007813398363896484
LNGN0097,terminal,share_monthly_network_flow,60,56,0.008561659210406924,0.005261396961793986,0.6145300615794914,0.0,0.028608496500654904,0.2973201759079261,0.004375003121042295
LNGN0098,terminal,node_throughput,60,24,86956.81666666667,127440.83283779006,1.4655646069279606,0.0,517400.0,0.25356636835514346,104169.59322033898
LNGN0098,terminal,total_voyages,60,24,0.5333333333333333,0.7694741031901113,1.4427639434814588,0.0,3.0,0.27837573385518566,0.6101694915254238
LNGN0098,terminal,total_route_exposure,60,24,0.5333333333333333,0.7694741031901113,1.4427639434814588,0.0,3.0,0.27837573385518566,0.6101694915254238
LNGN0098,terminal,total_degree,60,24,0.5,0.7010887416930995,1.402177483386199,0.0,3.0,0.19988207547169817,0.576271186440678
LNGN0098,terminal,total_strength,60,24,86956.81666666667,127440.83283779006,1.4655646069279606,0.0,517400.0,0.25356636835514346,104169.59322033898
LNGN0098,terminal,betweenness,60,24,0.0,0.0,,0.0,0.0,,0.0
LNGN0098,terminal,pagerank,60,24,0.0028933182829768405,0.00368718310067994,1.2743786683870528,0.0,0.010650665301201224,0.06910172871040988,0.0033336410587820682
LNGN0098,terminal,eigenvector,60,24,0.0002488834967357186,0.0007428549917226322,2.984749898911321,0.0,0.004412888378242054,-0.041494793436816814,0.0004512928889980366
LNGN0098,terminal,share_monthly_network_flow,60,24,0.0008965160230632152,0.0012617982391020064,1.407446388733461,0.0,0.004569255291950353,0.03245792739701435,0.0011692548956826194
LNGN0100,terminal,node_throughput,60,20,170625.51666666666,291950.31739191,1.7110589500060709,0.0,1205000.0,0.7853805305933855,112864.40677966102
LNGN0100,terminal,total_voyages,60,20,1.0,1.7173096815580122,1.7173096815580122,0.0,7.0,0.7918871252204586,0.6440677966101694
LNGN0100,terminal,total_route_exposure,60,20,0.7166666666666667,1.1511477936989036,1.606252735393819,0.0,4.0,0.7038411174159754,0.4745762711864407
LNGN0100,terminal,total_degree,60,20,0.38333333333333336,0.5848849420870962,1.5257868054445987,0.0,2.0,0.6006768189509308,0.2711864406779661
LNGN0100,terminal,total_strength,60,20,170625.51666666666,291950.31739191,1.7110589500060709,0.0,1205000.0,0.7853805305933855,112864.40677966102
LNGN0100,terminal,betweenness,60,20,0.0,0.0,,0.0,0.0,,0.0
LNGN0100,terminal,pagerank,60,20,0.002572335662377493,0.0037446974292336976,1.4557576929025833,0.0,0.010557410636003454,0.5046580089550972,0.0018855337095921758
LNGN0100,terminal,eigenvector,60,20,9.183950660952694e-05,0.00023431825957337212,2.5513884843656727,0.0,0.0012772110904083365,0.7036464693064682,7.673886653284362e-05
LNGN0100,terminal,share_monthly_network_flow,60,20,0.0015148159772241203,0.0025295759535360098,1.6698899348628626,0.0,0.009970521264395477,0.6910907461679366,0.001083917885254259
LNGN0101,terminal,node_throughput,60,18,80607.43333333333,146395.19067658193,1.8161500077939288,0.0,668000.0,0.21118536155034975,107947.35593220338
LNGN0101,terminal,total_voyages,60,18,0.48333333333333334,0.8731720211568128,1.8065628023934057,0.0,4.0,0.21780303030303017,0.6440677966101694
LNGN0101,terminal,total_route_exposure,60,18,0.48333333333333334,0.8731720211568128,1.8065628023934057,0.0,4.0,0.21780303030303017,0.6440677966101694
LNGN0101,terminal,total_degree,60,18,0.45,0.7903013799725018,1.7562252888277818,0.0,3.0,0.20860314523589277,0.576271186440678
LNGN0101,terminal,total_strength,60,18,80607.43333333333,146395.19067658193,1.8161500077939288,0.0,668000.0,0.21118536155034975,107947.35593220338
LNGN0101,terminal,betweenness,60,18,0.0,0.0,,0.0,0.0,,0.0
LNGN0101,terminal,pagerank,60,18,0.001701931631901552,0.0026436397962279696,1.553317270021156,0.0,0.0067824296004264945,0.23764443625223283,0.0019148207120400084
LNGN0101,terminal,eigenvector,60,18,0.0003160958940860637,0.000740610528430079,2.342993193794641,0.0,0.003249877484160342,0.2562139456402466,0.0004281554788278475
LNGN0101,terminal,share_monthly_network_flow,60,18,0.0007623242618972156,0.00130776664313776,1.7154991760108595,0.0,0.0046978606441949846,0.25027219806386575,0.0009728985219716913
LNGN0102,terminal,node_throughput,60,8,26900.0,72333.90090641443,2.688992598751466,0.0,354000.0,0.48436750819269414,24203.389830508473
LNGN0102,terminal,total_voyages,60,8,0.15,0.40442468029770184,2.6961645353180126,0.0,2.0,0.48063380281690105,0.13559322033898305
LNGN0102,terminal,total_route_exposure,60,8,0.13333333333333333,0.34280333180088157,2.5710249885066117,0.0,1.0,0.5661764705882352,0.1016949152542373
LNGN0102,terminal,total_degree,60,8,0.13333333333333333,0.34280333180088157,2.5710249885066117,0.0,1.0,0.5661764705882352,0.1016949152542373
LNGN0102,terminal,total_strength,60,8,26900.0,72333.90090641443,2.688992598751466,0.0,354000.0,0.48436750819269414,24203.389830508473
LNGN0102,terminal,betweenness,60,8,0.0,0.0,,0.0,0.0,,0.0
LNGN0102,terminal,pagerank,60,8,0.0007393774624518894,0.00190512326618058,2.576658557948058,0.0,0.006148325951350885,0.5648029690839386,0.0005937003867249673
LNGN0102,terminal,eigenvector,60,8,3.3076253345844838e-06,1.2104739091569425e-05,3.659646382860369,0.0,7.761584818798055e-05,0.1426022959621461,5.135722351273825e-06
LNGN0102,terminal,share_monthly_network_flow,60,8,0.00022619834670810755,0.0006110002023705869,2.7011700627460287,0.0,0.003014083843161926,0.496755500318082,0.00020757984218598366
LNGN0103,terminal,node_throughput,60,37,155384.0,151476.09616970448,0.9748500242605704,0.0,525400.0,0.1768872823752563,146020.5593220339
LNGN0103,terminal,total_voyages,60,37,0.9333333333333333,0.8994662573007388,0.9637138471079344,0.0,3.0,0.16488171159524195,0.864406779661017
LNGN0103,terminal,total_route_exposure,60,37,0.9166666666666666,0.8885651482017907,0.9693437980383172,0.0,3.0,0.1876685779974599,0.8305084745762712
LNGN0103,terminal,total_degree,60,37,0.9,0.8772066606129533,0.9746740673477259,0.0,3.0,0.18877938428724497,0.8305084745762712
LNGN0103,terminal,total_strength,60,37,155384.0,151476.09616970448,0.9748500242605704,0.0,525400.0,0.1768872823752563,146020.5593220339
LNGN0103,terminal,betweenness,60,37,0.0,0.0,,0.0,0.0,,0.0
LNGN0103,terminal,pagerank,60,37,0.0036383532605504753,0.00294013720226695,0.8080955838307228,0.0,0.007254827145251708,0.10455597305459183,0.0025191585092854993
LNGN0103,terminal,eigenvector,60,37,0.00022403550476636806,0.0008004619310883007,3.5729244430388385,0.0,0.005888451587994502,-0.06809653535631667,0.00042079408210321734
LNGN0103,terminal,share_monthly_network_flow,60,37,0.0016750861816827627,0.0015336033639062748,0.915536991873244,0.0,0.004997547454062513,0.0503816678546124,0.001619396969341306
LNGN0108,terminal,node_throughput,60,22,62403.03333333333,87118.352789436,1.396059584541072,0.0,323700.0,-0.21724618077489813,96724.81355932204
LNGN0108,terminal,total_voyages,60,22,0.4,0.5584482131582669,1.3961205328956672,0.0,2.0,-0.20631970260223037,0.6101694915254238
LNGN0108,terminal,total_route_exposure,60,22,0.38333333333333336,0.5237306419436756,1.3662538485487188,0.0,2.0,-0.18498942917547556,0.576271186440678
LNGN0108,terminal,total_degree,60,22,0.36666666666666664,0.48596110141697085,1.3253484584099207,0.0,1.0,-0.1597051597051597,0.5423728813559322
LNGN0108,terminal,total_strength,60,22,62403.03333333333,87118.352789436,1.396059584541072,0.0,323700.0,-0.21724618077489813,96724.81355932204
LNGN0108,terminal,betweenness,60,22,0.0,0.0,,0.0,0.0,,0.0
LNGN0108,terminal,pagerank,60,22,0.0024879339894472246,0.003337161318844613,1.341338368702488,0.0,0.008955392647500436,-0.18025839980678784,0.003778375980416594
LNGN0108,terminal,eigenvector,60,22,0.0021562455196465036,0.004755395702410974,2.2054054879569454,0.0,0.027768411132340937,-0.10207210821427867,0.0037714039224665593
LNGN0108,terminal,share_monthly_network_flow,60,22,0.0006774931318414991,0.0010211073088309442,1.507184738619364,0.0,0.004037686438549015,-0.25176562977095257,0.0011067268923683838
LNGN0109,terminal,node_throughput,60,6,16800.0,50893.30814124114,3.029363579835782,0.0,180000.0,0.06961605030789043,28745.762711864405
LNGN0109,terminal,total_voyages,60,6,0.1,0.30253169045376643,3.025316904537664,0.0,1.0,0.07232704402515719,0.1694915254237288
LNGN0109,terminal,total_route_exposure,60,6,0.1,0.30253169045376643,3.025316904537664,0.0,1.0,0.07232704402515719,0.1694915254237288
LNGN0109,terminal,total_degree,60,6,0.1,0.30253169045376643,3.025316904537664,0.0,1.0,0.07232704402515719,0.1694915254237288
LNGN0109,terminal,total_strength,60,6,16800.0,50893.30814124114,3.029363579835782,0.0,180000.0,0.06961605030789043,28745.762711864405
LNGN0109,terminal,betweenness,60,6,0.0,0.0,,0.0,0.0,,0.0
LNGN0109,terminal,pagerank,60,6,0.0010270746242851023,0.003284664246851729,3.1980775001018324,0.0,0.017447841203593478,0.14311172479443274,0.0017872228986182215
LNGN0109,terminal,eigenvector,60,6,1.3104634001107886e-07,5.289505448935183e-07,4.036362593940434,0.0,2.658970792064604e-06,-0.06354448127037934,2.6653492883609264e-07
LNGN0109,terminal,share_monthly_network_flow,60,6,0.00017492473868263128,0.0005481807009010149,3.133808888493398,0.0,0.0026396387891884487,0.18892014016877728,0.0002888639484250006
LNGN0112,terminal,node_throughput,60,16,36846.88333333333,61664.60041088093,1.6735363979915334,0.0,154880.0,0.10021206646932189,49302.30508474576
LNGN0112,terminal,total_voyages,60,16,0.26666666666666666,0.4459484908564836,1.6723068407118133,0.0,1.0,0.08161998349317612,0.3559322033898305
LNGN0112,terminal,total_route_exposure,60,16,0.26666666666666666,0.4459484908564836,1.6723068407118133,0.0,1.0,0.08161998349317612,0.3559322033898305
LNGN0112,terminal,total_degree,60,16,0.26666666666666666,0.4459484908564836,1.6723068407118133,0.0,1.0,0.08161998349317612,0.3559322033898305
LNGN0112,terminal,total_strength,60,16,36846.88333333333,61664.60041088093,1.6735363979915334,0.0,154880.0,0.10021206646932189,49302.30508474576
LNGN0112,terminal,betweenness,60,16,0.0,0.0,,0.0,0.0,,0.0
LNGN0112,terminal,pagerank,60,16,0.0019858531678827434,0.0033999207335371384,1.7120705541195833,0.0,0.009979463264836367,-0.021938055189952902,0.0028730768146874603
LNGN0112,terminal,eigenvector,60,16,2.131571868826866e-06,6.501774512604291e-06,3.0502253326239543,0.0,3.301045105949258e-05,-0.061385944935200276,4.0538393983370116e-06
LNGN0112,terminal,share_monthly_network_flow,60,16,0.0004472790923557471,0.0007987218360913225,1.7857347900716374,0.0,0.002516120270027045,-0.013886307377925561,0.0006503170459936898
LNGN0115,terminal,node_throughput,60,1,2866.6666666666665,22205.104518255863,7.745966692414837,0.0,172000.0,-0.01724137931034475,5830.5084745762715
LNGN0115,terminal,total_voyages,60,1,0.016666666666666666,0.12909944487358058,7.745966692414835,0.0,1.0,-0.017241379310344838,0.03389830508474576
LNGN0115,terminal,total_route_exposure,60,1,0.016666666666666666,0.12909944487358058,7.745966692414835,0.0,1.0,-0.017241379310344838,0.03389830508474576
LNGN0115,terminal,total_degree,60,1,0.016666666666666666,0.12909944487358058,7.745966692414835,0.0,1.0,-0.017241379310344838,0.03389830508474576
LNGN0115,terminal,total_strength,60,1,2866.6666666666665,22205.104518255863,7.745966692414837,0.0,172000.0,-0.01724137931034475,5830.5084745762715
LNGN0115,terminal,betweenness,60,1,0.0,0.0,,0.0,0.0,,0.0
LNGN0115,terminal,pagerank,60,1,0.00013813159868114974,0.0010699627625541986,7.745966692414834,0.0,0.008287895920868983,-0.017241379310344754,0.0002809456244362367
LNGN0115,terminal,eigenvector,60,1,0.0,0.0,,0.0,0.0,,0.0
LNGN0115,terminal,share_monthly_network_flow,60,1,3.172559350737057e-05,0.00024574539060518477,7.745966692414835,0.0,0.0019035356104422341,-0.01724137931034479,6.452663086244861e-05
LNGN0121,terminal,node_throughput,60,55,705154.65,425104.4771027561,0.60285283108146,0.0,1715720.0,0.5580124769769385,303101.4576271186
LNGN0121,terminal,total_voyages,60,55,5.05,2.948283039559793,0.5838184236752066,0.0,11.0,0.5668408478059372,2.1186440677966103
LNGN0121,terminal,total_route_exposure,60,55,3.2333333333333334,1.9429722702441878,0.6009192588384086,0.0,7.0,0.5589472044852828,1.4915254237288136
LNGN0121,terminal,total_degree,60,55,2.6166666666666667,1.391154461037047,0.5316513863835848,0.0,5.0,0.5337386018237082,0.9830508474576272
LNGN0121,terminal,total_strength,60,55,705154.65,425104.4771027561,0.60285283108146,0.0,1715720.0,0.5580124769769385,303101.4576271186
LNGN0121,terminal,betweenness,60,55,0.0,0.0,,0.0,0.0,,0.0
LNGN0121,terminal,pagerank,60,55,0.010894082342916845,0.004120040741357591,0.3781907104857138,0.0,0.020094391479350646,0.32335986231820807,0.0033585718954703366
LNGN0121,terminal,eigenvector,60,55,0.0038814054095837837,0.004459415608223226,1.148917759843444,0.0,0.014314431691349902,0.2728491968196354,0.0036877718172476518
LNGN0121,terminal,share_monthly_network_flow,60,55,0.007402620676228378,0.003772481898329795,0.5096143735210092,0.0,0.016155992479431256,0.2546633546494378,0.0033637992040596604
LNGN0122,terminal,node_throughput,60,12,4479.716666666666,9279.97026787257,2.071552948186285,0.0,36000.0,-0.032217414911522295,7890.949152542373
LNGN0122,terminal,total_voyages,60,12,0.21666666666666667,0.4544196025054849,2.097321242333007,0.0,2.0,0.011173184357541872,0.3728813559322034
LNGN0122,terminal,total_route_exposure,60,12,0.2,0.40337558727168854,2.0168779363584424,0.0,1.0,-0.04609929078014185,0.3389830508474576
LNGN0122,terminal,total_degree,60,12,0.2,0.40337558727168854,2.0168779363584424,0.0,1.0,-0.04609929078014185,0.3389830508474576
LNGN0122,terminal,total_strength,60,12,4479.716666666666,9279.97026787257,2.071552948186285,0.0,36000.0,-0.032217414911522295,7890.949152542373
LNGN0122,terminal,betweenness,60,12,0.0,0.0,,0.0,0.0,,0.0
LNGN0122,terminal,pagerank,60,12,0.001281020266743219,0.0026243601316032427,2.0486484091896857,0.0,0.008931036439572314,-0.09331418805279446,0.0022359725312550327
LNGN0122,terminal,eigenvector,60,12,4.839546171278512e-07,2.593892622220923e-06,5.359784844320781,0.0,1.9736731015300615e-05,-0.03510371631014952,9.699584240103924e-07
LNGN0122,terminal,share_monthly_network_flow,60,12,4.54579398040247e-05,9.729166808413306e-05,2.140256872695299,0.0,0.0003824256109843944,-0.0967796240681745,8.243683689293801e-05
LNGN0124,terminal,node_throughput,60,52,909138.3,738328.2714505538,0.812118762844502,0.0,2588390.0,0.7540543876806047,386516.2033898305
LNGN0124,terminal,total_voyages,60,52,5.266666666666667,4.285832659113151,0.8137656947683198,0.0,15.0,0.75633868526764,2.2203389830508473
LNGN0124,terminal,total_route_exposure,60,52,4.516666666666667,3.471392367876529,0.7685739559874234,0.0,13.0,0.7840459641405625,1.7457627118644068
LNGN0124,terminal,total_degree,60,52,2.45,1.73131673217775,0.7066598906847958,0.0,7.0,0.7252619324796279,0.8813559322033898
LNGN0124,terminal,total_strength,60,52,909138.3,738328.2714505538,0.812118762844502,0.0,2588390.0,0.7540543876806047,386516.2033898305
LNGN0124,terminal,betweenness,60,52,0.0,0.0,,0.0,0.0,,0.0
LNGN0124,terminal,pagerank,60,52,0.005346756400010729,0.002235304523994654,0.41806739577478574,0.0,0.007834015034777991,0.7110460355247991,0.0007210308129087392
LNGN0124,terminal,eigenvector,60,52,0.005289665937261331,0.024191926879690042,4.5734318890117205,0.0,0.175024488417591,-0.025743552266804234,0.009847179597553586
LNGN0124,terminal,share_monthly_network_flow,60,52,0.009955963645995972,0.007178295189682434,0.7210045601732743,0.0,0.025039094446911974,0.7111757154320691,0.004091811073630318
LNGN0130,terminal,node_throughput,60,54,584961.45,344158.0340723181,0.5883431020494054,0.0,1220487.0,0.4903939260397983,266994.6271186441
LNGN0130,terminal,total_voyages,60,54,3.65,2.169316068116822,0.5943331693470746,0.0,8.0,0.5760312405844539,1.5254237288135593
LNGN0130,terminal,total_route_exposure,60,54,1.25,0.6277481952265331,0.5021985561812266,0.0,2.0,0.14453343375102712,0.576271186440678
LNGN0130,terminal,total_degree,60,54,1.2333333333333334,0.6207340287621397,0.5032978611584916,0.0,2.0,0.12444301635097833,0.576271186440678
LNGN0130,terminal,total_strength,60,54,584961.45,344158.0340723181,0.5883431020494054,0.0,1220487.0,0.4903939260397983,266994.6271186441
LNGN0130,terminal,betweenness,60,54,0.0,0.0,,0.0,0.0,,0.0
LNGN0130,terminal,pagerank,60,54,0.007301065783907985,0.0028088546249601704,0.3847184381150304,0.0,0.013422765758513557,0.24750332640145076,0.002084675181157851
LNGN0130,terminal,eigenvector,60,54,0.03615608845886853,0.027732427809950663,0.7670195807131988,0.0,0.09006262417219371,0.3874760939883483,0.02253392216000221
LNGN0130,terminal,share_monthly_network_flow,60,54,0.0062588433393942315,0.003483236754203038,0.5565304266810689,0.0,0.014269953263702206,0.3562435973899579,0.0030267478237502735
LNGN0132,terminal,node_throughput,60,60,1018508.5166666667,482624.9786281056,0.47385463226917435,142759.0,1907000.0,0.5752571230999304,358145.33898305084
LNGN0132,terminal,total_voyages,60,60,6.066666666666666,2.86336690916431,0.47198355645565554,1.0,11.0,0.5800808311016018,2.1186440677966103
LNGN0132,terminal,total_route_exposure,60,60,4.3,1.9071675688290266,0.4435273415881457,1.0,8.0,0.6414899581041097,1.2203389830508475
LNGN0132,terminal,total_degree,60,60,2.316666666666667,0.6762726024084973,0.29191623125546645,1.0,3.0,0.3073090823587643,0.4915254237288136
LNGN0132,terminal,total_strength,60,60,1018508.5166666667,482624.9786281056,0.47385463226917435,142759.0,1907000.0,0.5752571230999304,358145.33898305084
LNGN0132,terminal,betweenness,60,60,0.0,0.0,,0.0,0.0,,0.0
LNGN0132,terminal,pagerank,60,60,0.010594031744559817,0.0023609501315039493,0.22285662233514925,0.007456468955230392,0.019855741406901117,0.30443468985101174,0.002136485270484447
LNGN0132,terminal,eigenvector,60,60,0.000621908110288244,0.0009992207612268475,1.6067016086407448,0.0,0.0061095166303355986,0.1944405048853065,0.0007305685416106989
LNGN0132,terminal,share_monthly_network_flow,60,60,0.0114087986226375,0.005498536268290883,0.48195576503389315,0.0018964559035324904,0.039265974925493545,0.20284206688874942,0.004638675842559782
LNGN0136,terminal,node_throughput,60,30,223171.0,311398.7484352128,1.3953369767362822,0.0,1258682.0,0.2667143948230569,244267.59322033898
LNGN0136,terminal,total_voyages,60,30,1.2666666666666666,1.7356351513296433,1.370238277365508,0.0,7.0,0.29629157848660664,1.3389830508474576
LNGN0136,terminal,total_route_exposure,60,30,1.0833333333333333,1.4177048372809191,1.3086506190285407,0.0,5.0,0.26435681332229716,1.1694915254237288
LNGN0136,terminal,total_degree,60,30,0.5,0.5042194840896107,1.0084389681792214,0.0,1.0,0.22068965517241387,0.3898305084745763
LNGN0136,terminal,total_strength,60,30,223171.0,311398.7484352128,1.3953369767362822,0.0,1258682.0,0.2667143948230569,244267.59322033898
LNGN0136,terminal,betweenness,60,30,0.0,0.0,,0.0,0.0,,0.0
LNGN0136,terminal,pagerank,60,30,0.0043013774547963615,0.004666861978085428,1.0849691818795217,0.0,0.016235271573422486,0.32113290370289505,0.003618668812875542
LNGN0136,terminal,eigenvector,60,30,0.0007941162251035255,0.0015704899227694496,1.9776575180348588,0.0,0.009464362619865467,-0.008255253960366245,0.0012573041553105143
LNGN0136,terminal,share_monthly_network_flow,60,30,0.00252005966174422,0.0035840377785073215,1.4222035426044977,0.0,0.014279514668352537,0.27239671354806816,0.002707995156855423
LNGN0138,terminal,node_throughput,60,1,2900.0,22463.30340800302,7.745966692414834,0.0,174000.0,-0.017241379310344834,5898.3050847457625
LNGN0138,terminal,total_voyages,60,1,0.016666666666666666,0.12909944487358058,7.745966692414835,0.0,1.0,-0.01724137931034484,0.03389830508474576
LNGN0138,terminal,total_route_exposure,60,1,0.016666666666666666,0.12909944487358058,7.745966692414835,0.0,1.0,-0.01724137931034484,0.03389830508474576
LNGN0138,terminal,total_degree,60,1,0.016666666666666666,0.12909944487358058,7.745966692414835,0.0,1.0,-0.01724137931034484,0.03389830508474576
LNGN0138,terminal,total_strength,60,1,2900.0,22463.30340800302,7.745966692414834,0.0,174000.0,-0.017241379310344834,5898.3050847457625
LNGN0138,terminal,betweenness,60,1,0.0,0.0,,0.0,0.0,,0.0
LNGN0138,terminal,pagerank,60,1,9.781686100216587e-05,0.0007576861472793482,7.745966692414832,0.0,0.005869011660129952,-0.017241379310344807,0.00019894954780101532
LNGN0138,terminal,eigenvector,60,1,6.266359247785695e-10,4.853901001605366e-09,,0.0,3.759815548671417e-08,-0.017241379310344824,1.2745137453123447e-09
LNGN0138,terminal,share_monthly_network_flow,60,1,4.2203877765054356e-05,0.00032690983145885805,7.745966692414834,0.0,0.0025322326659032615,-0.01724137931034484,8.583839545434784e-05
LNGN0142,terminal,node_throughput,60,58,899776.8666666667,411287.1647246436,0.45709906529193967,0.0,2024348.0,0.5577139409499194,282678.9661016949
LNGN0142,terminal,total_voyages,60,58,5.45,2.4730753516452455,0.45377529387986154,0.0,12.0,0.555190788487654,1.694915254237288
LNGN0142,terminal,total_route_exposure,60,58,4.733333333333333,2.1539610076783817,0.45506218472078486,0.0,9.0,0.537848465321484,1.5423728813559323
LNGN0142,terminal,total_degree,60,58,1.7333333333333334,0.7333846926031609,0.4231065534249005,0.0,5.0,0.3051391862955033,0.5084745762711864
LNGN0142,terminal,total_strength,60,58,899776.8666666667,411287.1647246436,0.45709906529193967,0.0,2024348.0,0.5577139409499194,282678.9661016949
LNGN0142,terminal,betweenness,60,58,0.0,0.0,,0.0,0.0,,0.0
LNGN0142,terminal,pagerank,60,58,0.005914887577693242,0.0013228080794518678,0.22364044321663207,0.0,0.007834015034777991,0.00719736338824846,0.0007796794784871923
LNGN0142,terminal,eigenvector,60,58,0.0007922065526037633,0.0020117043978750437,2.539368541276425,0.0,0.012144677675642363,0.2627361096156617,0.0008891710959318503
LNGN0142,terminal,share_monthly_network_flow,60,58,0.009974103861749585,0.003964227899432527,0.3974520372336639,0.0,0.01878887428752613,0.3047974780034635,0.003764459004188209
LNGN0143,terminal,node_throughput,60,6,20300.0,64801.993064139206,3.1922164071004535,0.0,348000.0,0.2655601659751036,29491.525423728814
LNGN0143,terminal,total_voyages,60,6,0.11666666666666667,0.3724252474950528,3.1922164071004526,0.0,2.0,0.26556016597510373,0.1694915254237288
LNGN0143,terminal,total_route_exposure,60,6,0.11666666666666667,0.3724252474950528,3.1922164071004526,0.0,2.0,0.26556016597510373,0.1694915254237288
LNGN0143,terminal,total_degree,60,6,0.11666666666666667,0.3724252474950528,3.1922164071004526,0.0,2.0,0.26556016597510373,0.1694915254237288
LNGN0143,terminal,total_strength,60,6,20300.0,64801.993064139206,3.1922164071004535,0.0,348000.0,0.2655601659751036,29491.525423728814
LNGN0143,terminal,betweenness,60,6,0.0,0.0,,0.0,0.0,,0.0
LNGN0143,terminal,pagerank,60,6,0.000898300239371402,0.003145569881763754,3.501691020326244,0.0,0.019943419839451953,0.27734073651900604,0.0013304300629345836
LNGN0143,terminal,eigenvector,60,6,7.80861190562394e-05,0.0005916772554421588,7.577239880701708,0.0,0.004584365508045577,-0.017915977260183843,0.00015733018007043893
LNGN0143,terminal,share_monthly_network_flow,60,6,0.00022596962839192166,0.0008013780332521471,3.5463970930741064,0.0,0.005064465331806523,0.321764334569051,0.00032164739934624687
LNGN0144,terminal,node_throughput,60,47,483463.6666666667,431077.87528212514,0.8916448225660359,0.0,1609908.0,0.46353877532549564,314458.6779661017
LNGN0144,terminal,total_voyages,60,47,2.8666666666666667,2.4596173511593817,0.8580060527300168,0.0,9.0,0.45374619711204234,1.847457627118644
LNGN0144,terminal,total_route_exposure,60,47,2.0,1.6260589769778246,0.8130294884889123,0.0,8.0,0.3390934046485075,1.3728813559322033
LNGN0144,terminal,total_degree,60,47,1.1333333333333333,0.7694741031901113,0.6789477381089218,0.0,3.0,0.12645699338408617,0.7457627118644068
LNGN0144,terminal,total_strength,60,47,483463.6666666667,431077.87528212514,0.8916448225660359,0.0,1609908.0,0.46353877532549564,314458.6779661017
LNGN0144,terminal,betweenness,60,47,0.0,0.0,,0.0,0.0,,0.0
LNGN0144,terminal,pagerank,60,47,0.006893774163107952,0.003931518460981531,0.5702998630301905,0.0,0.012358865862053339,0.13817531746764156,0.003526497189005002
LNGN0144,terminal,eigenvector,60,47,0.0003165340410400313,0.0008161387557035495,2.578360144210633,0.0,0.005302577915466051,0.26013841172660396,0.0004550729102762485
LNGN0144,terminal,share_monthly_network_flow,60,47,0.005285737876538406,0.00430919872266947,0.8152501738303253,0.0,0.014408829729443578,0.46151082304519336,0.0032992991006503226
LNGN0148,terminal,node_throughput,60,4,11578.616666666667,43689.059301079906,3.773253796963072,0.0,174000.0,0.46362944544349827,11796.610169491525
LNGN0148,terminal,total_voyages,60,4,0.06666666666666667,0.2515488742932317,3.7732331143984754,0.0,1.0,0.4636363636363638,0.06779661016949153
LNGN0148,terminal,total_route_exposure,60,4,0.06666666666666667,0.2515488742932317,3.7732331143984754,0.0,1.0,0.4636363636363638,0.06779661016949153
LNGN0148,terminal,total_degree,60,4,0.06666666666666667,0.2515488742932317,3.7732331143984754,0.0,1.0,0.4636363636363638,0.06779661016949153
LNGN0148,terminal,total_strength,60,4,11578.616666666667,43689.059301079906,3.773253796963072,0.0,174000.0,0.46362944544349827,11796.610169491525
LNGN0148,terminal,betweenness,60,4,0.0,0.0,,0.0,0.0,,0.0
LNGN0148,terminal,pagerank,60,4,0.0005773554506830221,0.0022296056419011364,3.861755594865298,0.0,0.0112061587135927,0.4613406507494527,0.000703920628925654
LNGN0148,terminal,eigenvector,60,4,4.294550364270862e-06,2.558137439702602e-05,5.956706110575392,0.0,0.00018707183065318596,-0.0267725157594732,8.710248855677653e-06
LNGN0148,terminal,share_monthly_network_flow,60,4,0.00012934234632398559,0.0004889874457779437,3.7805673058774922,0.0,0.0021378971687680353,0.4907815362708284,0.00013723527406648498
LNGN0150,terminal,node_throughput,60,20,66203.2,107816.18037885011,1.6285644859893498,0.0,512000.0,0.15608961663323992,83066.74576271187
LNGN0150,terminal,total_voyages,60,20,0.4,0.643085781240651,1.6077144531016274,0.0,3.0,0.1509844863203903,0.4915254237288136
LNGN0150,terminal,total_route_exposure,60,20,0.4,0.643085781240651,1.6077144531016274,0.0,3.0,0.1509844863203903,0.4915254237288136
LNGN0150,terminal,total_degree,60,20,0.4,0.643085781240651,1.6077144531016274,0.0,3.0,0.1509844863203903,0.4915254237288136
LNGN0150,terminal,total_strength,60,20,66203.2,107816.18037885011,1.6285644859893498,0.0,512000.0,0.15608961663323992,83066.74576271187
LNGN0150,terminal,betweenness,60,20,0.0,0.0,,0.0,0.0,,0.0
LNGN0150,terminal,pagerank,60,20,0.00258761841493905,0.003885265196118812,1.50148305240374,0.0,0.014613506528640663,0.1279376118997959,0.0030436342045496263
LNGN0150,terminal,eigenvector,60,20,0.0012891053757815064,0.002983922496602896,2.314723491703636,0.0,0.010920452902534029,0.20934486260324914,0.001869743272891965
LNGN0150,terminal,share_monthly_network_flow,60,20,0.0007308124039811649,0.0011519502033132524,1.5762597857369447,0.0,0.0043836883879767655,0.12234434766375164,0.0009369724593546606
LNGN0156,terminal,node_throughput,60,21,68443.38333333333,107098.91602580027,1.564781149175612,0.0,483000.0,-0.05113021123130854,98400.10169491525
LNGN0156,terminal,total_voyages,60,21,0.43333333333333335,0.6731324866865128,1.5533826615842603,0.0,3.0,-0.054916985951468676,0.6101694915254238
LNGN0156,terminal,total_route_exposure,60,21,0.4166666666666667,0.618682763281733,1.484838631876159,0.0,2.0,-0.026475037821482666,0.576271186440678
LNGN0156,terminal,total_degree,60,21,0.38333333333333336,0.5551505114790765,1.4482187255975907,0.0,2.0,0.057330827067669156,0.5084745762711864
LNGN0156,terminal,total_strength,60,21,68443.38333333333,107098.91602580027,1.564781149175612,0.0,483000.0,-0.05113021123130854,98400.10169491525
LNGN0156,terminal,betweenness,60,21,0.0,0.0,,0.0,0.0,,0.0
LNGN0156,terminal,pagerank,60,21,0.003190174473812621,0.004519930450027114,1.4168286051844943,0.0,0.012646372821016228,0.08869910719400761,0.004126531893672253
LNGN0156,terminal,eigenvector,60,21,0.0002230531929404436,0.0006356595774972715,2.8498116037594494,0.0,0.0032205204819718922,-0.06274870540935809,0.0004283320006674561
LNGN0156,terminal,share_monthly_network_flow,60,21,0.0007413130067372874,0.0011519251598711914,1.5538984874164228,0.0,0.004595317808802146,-0.04881599881371317,0.001063423463327444
LNGN0163,terminal,node_throughput,60,17,56414.833333333336,97971.34869797683,1.7366239144783464,0.0,391000.0,-0.07212337501098136,94788.57627118644
LNGN0163,terminal,total_voyages,60,17,0.35,0.6057632809459259,1.7307522312740742,0.0,2.0,-0.02204724409448817,0.576271186440678
LNGN0163,terminal,total_route_exposure,60,17,0.35,0.6057632809459259,1.7307522312740742,0.0,2.0,-0.02204724409448817,0.576271186440678
LNGN0163,terminal,total_degree,60,17,0.31666666666666665,0.5365194379932872,1.6942719094524858,0.0,2.0,-0.06626506024096383,0.5084745762711864
LNGN0163,terminal,total_strength,60,17,56414.833333333336,97971.34869797683,1.7366239144783464,0.0,391000.0,-0.07212337501098136,94788.57627118644
LNGN0163,terminal,betweenness,60,17,0.0,0.0,,0.0,0.0,,0.0
LNGN0163,terminal,pagerank,60,17,0.002245314062645522,0.0037321486856878136,1.662194499993663,0.0,0.012884597353894127,-0.14357331110864335,0.0037019886716379126
LNGN0163,terminal,eigenvector,60,17,0.0010420702545475271,0.003061134357230402,2.937550845417389,0.0,0.017268582962707356,-0.0321495462714017,0.0019118426826951276
LNGN0163,terminal,share_monthly_network_flow,60,17,0.0005856425577391521,0.001028156560195582,1.755604244617632,0.0,0.003720019178554118,-0.13271470607005645,0.0010147070572307992
LNGN0164,terminal,node_throughput,60,12,31690.383333333335,64006.57848025365,2.0197476883445815,0.0,174000.0,-0.1443596082346495,59286.13559322034
LNGN0164,terminal,total_voyages,60,12,0.2,0.4033755872716886,2.016877936358443,0.0,1.0,-0.1507092198581559,0.3728813559322034
LNGN0164,terminal,total_route_exposure,60,12,0.2,0.4033755872716886,2.016877936358443,0.0,1.0,-0.1507092198581559,0.3728813559322034
LNGN0164,terminal,total_degree,60,12,0.2,0.4033755872716886,2.016877936358443,0.0,1.0,-0.1507092198581559,0.3728813559322034
LNGN0164,terminal,total_strength,60,12,31690.383333333335,64006.57848025365,2.0197476883445815,0.0,174000.0,-0.1443596082346495,59286.13559322034
LNGN0164,terminal,betweenness,60,12,0.0,0.0,,0.0,0.0,,0.0
LNGN0164,terminal,pagerank,60,12,0.001695913657761274,0.003488420911719748,2.0569566709691522,0.0,0.011705512479925045,-0.15346507981389348,0.0031786645295171522
LNGN0164,terminal,eigenvector,60,12,0.00019795446506545714,0.0015195217896709825,7.676117783797025,0.0,0.011771841998058205,-0.01755655028561163,0.00040253611180392045
LNGN0164,terminal,share_monthly_network_flow,60,12,0.00035024128087755954,0.000731110283636731,2.0874474927823226,0.0,0.00257982861991423,-0.16612510547923315,0.0006639370423582386
LNGN0165,terminal,node_throughput,60,3,5474.033333333334,27921.347471834848,5.100690071032605,0.0,170200.0,-0.03977667014744758,11133.627118644068
LNGN0165,terminal,total_voyages,60,3,0.05,0.21978417765108277,4.395683553021655,0.0,1.0,-0.05357142857142859,0.1016949152542373
LNGN0165,terminal,total_route_exposure,60,3,0.05,0.21978417765108277,4.395683553021655,0.0,1.0,-0.05357142857142859,0.1016949152542373
LNGN0165,terminal,total_degree,60,3,0.05,0.21978417765108277,4.395683553021655,0.0,1.0,-0.05357142857142859,0.1016949152542373
LNGN0165,terminal,total_strength,60,3,5474.033333333334,27921.347471834848,5.100690071032605,0.0,170200.0,-0.03977667014744758,11133.627118644068
LNGN0165,terminal,betweenness,60,3,0.0,0.0,,0.0,0.0,,0.0
LNGN0165,terminal,pagerank,60,3,0.0004134957751722754,0.001822550525415541,4.4076642008161,0.0,0.008974203202521857,-0.05328033683891719,0.000841008356282594
LNGN0165,terminal,eigenvector,60,3,7.732210897022092e-10,4.224913567183635e-09,,0.0,2.5731243032449665e-08,-0.03465939701159441,1.5726530638011035e-09
LNGN0165,terminal,share_monthly_network_flow,60,3,5.836770238857363e-05,0.0002994889621984355,5.13107334951504,0.0,0.001870867658666929,-0.03930668782819168,0.00011871397095981078
LNGN0166,terminal,node_throughput,60,40,458351.1,394574.13159999234,0.8608556445048181,0.0,1067996.0,0.8156299379984325,156712.81355932204
LNGN0166,terminal,total_voyages,60,40,3.066666666666667,2.6416909496468977,0.8614209618413796,0.0,7.0,0.8184071667702285,1.0338983050847457
LNGN0166,terminal,total_route_exposure,60,40,2.5833333333333335,2.1729591373123833,0.8411454725080193,0.0,7.0,0.7879305901045607,0.8983050847457628
LNGN0166,terminal,total_degree,60,40,2.2,1.8484991621697784,0.8402268918953537,0.0,6.0,0.7651151992400415,0.8135593220338984
LNGN0166,terminal,total_strength,60,40,458351.1,394574.13159999234,0.8608556445048181,0.0,1067996.0,0.8156299379984325,156712.81355932204
LNGN0166,terminal,betweenness,60,40,0.0,0.0,,0.0,0.0,,0.0
LNGN0166,terminal,pagerank,60,40,0.003989461450781707,0.002922074766643832,0.7324484276120207,0.0,0.007834015034777991,0.9138146559511212,0.00044149131561357924
LNGN0166,terminal,eigenvector,60,40,0.00029511650749770683,0.0007621882630365644,2.5826690262064953,0.0,0.004356404967529358,0.20482759983442758,0.0004212191993147625
LNGN0166,terminal,share_monthly_network_flow,60,40,0.005087459501874187,0.00452974851485685,0.8903753461208134,0.0,0.016746867844957714,0.7412580923041264,0.0019265367093639586
LNGN0168,terminal,node_throughput,60,56,548243.0833333334,319954.8806396965,0.5836003961862352,0.0,1375637.0,0.35908015722031894,267455.16949152545
LNGN0168,terminal,total_voyages,60,56,3.216666666666667,1.8963986088414584,0.589553971660557,0.0,8.0,0.3543675351427063,1.576271186440678
LNGN0168,terminal,total_route_exposure,60,56,2.4166666666666665,1.393589033926511,0.5766575312799356,0.0,6.0,0.339659099994765,1.2033898305084745
LNGN0168,terminal,total_degree,60,56,1.7666666666666666,1.014582934546726,0.5742922271019204,0.0,4.0,0.2966002929004771,0.9152542372881356
LNGN0168,terminal,total_strength,60,56,548243.0833333334,319954.8806396965,0.5836003961862352,0.0,1375637.0,0.35908015722031894,267455.16949152545
LNGN0168,terminal,betweenness,60,56,0.0,0.0,,0.0,0.0,,0.0
LNGN0168,terminal,pagerank,60,56,0.008467179008736916,0.0032704961322745176,0.3862556973107376,0.0,0.016118191142128844,0.30747292004115245,0.002628130323718319
LNGN0168,terminal,eigenvector,60,56,0.02682156329220493,0.021080881006876332,0.7859676476427832,0.0,0.08099373655395832,0.3844651635448198,0.018044161342214586
LNGN0168,terminal,share_monthly_network_flow,60,56,0.006274953614356429,0.003965499741665055,0.6319568215759255,0.0,0.018310711725590866,0.31310032990584746,0.003282183821649246
LNGN0170,terminal,node_throughput,60,25,112779.05,174255.61839897052,1.545106279924955,0.0,848415.0,-0.16979348825764717,174501.01694915254
LNGN0170,terminal,total_voyages,60,25,0.6666666666666666,1.0195822784841202,1.5293734177261804,0.0,5.0,-0.16620267260579094,1.0169491525423728
LNGN0170,terminal,total_route_exposure,60,25,0.6333333333333333,0.9382035966145967,1.4813740999177845,0.0,5.0,-0.14506578947368443,0.9491525423728814
LNGN0170,terminal,total_degree,60,25,0.5333333333333333,0.7002824288999323,1.313029554187373,0.0,2.0,-0.15207100591715972,0.7457627118644068
LNGN0170,terminal,total_strength,60,25,112779.05,174255.61839897052,1.545106279924955,0.0,848415.0,-0.16979348825764717,174501.01694915254
LNGN0170,terminal,betweenness,60,25,0.0,0.0,,0.0,0.0,,0.0
LNGN0170,terminal,pagerank,60,25,0.003796001180593067,0.004751327030612818,1.2516663732624278,0.0,0.016571219475115504,-0.09740567742464448,0.005176160171520794
LNGN0170,terminal,eigenvector,60,25,0.0005435741431242467,0.003098871461544192,5.700917714247994,0.0,0.023891658606932837,-0.031807881962368424,0.0011041913330476522
LNGN0170,terminal,share_monthly_network_flow,60,25,0.0012193324558628566,0.0019148459119741486,1.5704051038476738,0.0,0.009779681075299574,-0.1411909124013791,0.0018946306294485421
LNGN0173,terminal,node_throughput,60,45,236037.5,194311.88493275095,0.8232246356309949,0.0,639514.0,0.459077707743366,153540.6779661017
LNGN0173,terminal,total_voyages,60,45,1.5333333333333334,1.2414680575242794,0.8096530809940952,0.0,4.0,0.4311666317283329,0.9322033898305084
LNGN0173,terminal,total_route_exposure,60,45,1.3,1.062456379962036,0.8172741384323353,0.0,4.0,0.44885989072620797,0.7966101694915254
LNGN0173,terminal,total_degree,60,45,1.1333333333333333,0.891896981712967,0.7869679250408533,0.0,3.0,0.42892452607809967,0.6949152542372882
LNGN0173,terminal,total_strength,60,45,236037.5,194311.88493275095,0.8232246356309949,0.0,639514.0,0.459077707743366,153540.6779661017
LNGN0173,terminal,betweenness,60,45,0.0,0.0,,0.0,0.0,,0.0
LNGN0173,terminal,pagerank,60,45,0.007239532415607863,0.004679130367679896,0.6463304670881863,0.0,0.016312167175146226,0.3819953637814026,0.0036117502891739486
LNGN0173,terminal,eigenvector,60,45,0.0009805636836335437,0.005548528667920065,5.658509243743991,0.0,0.04297694041295992,-0.02841305215951839,0.0018561060751395959
LNGN0173,terminal,share_monthly_network_flow,60,45,0.0026914386658869857,0.0023379647699978807,0.8686673040819175,0.0,0.008890256257620717,0.3999963801230009,0.0018472724196351724
LNGN0174,terminal,node_throughput,60,5,12766.283333333333,43178.61023351751,3.3822381272689004,0.0,174000.0,-0.08046774727658071,23803.881355932204
LNGN0174,terminal,total_voyages,60,5,0.08333333333333333,0.27871780678530217,3.3446136814236263,0.0,1.0,-0.08206099398622176,0.15254237288135594
LNGN0174,terminal,total_route_exposure,60,5,0.08333333333333333,0.27871780678530217,3.3446136814236263,0.0,1.0,-0.08206099398622176,0.15254237288135594
LNGN0174,terminal,total_degree,60,5,0.08333333333333333,0.27871780678530217,3.3446136814236263,0.0,1.0,-0.08206099398622176,0.15254237288135594
LNGN0174,terminal,total_strength,60,5,12766.283333333333,43178.61023351751,3.3822381272689004,0.0,174000.0,-0.08046774727658071,23803.881355932204
LNGN0174,terminal,betweenness,60,5,0.0,0.0,,0.0,0.0,,0.0
LNGN0174,terminal,pagerank,60,5,0.0006359831726310485,0.002133122259521744,3.354054558860518,0.0,0.00812078587057951,-0.0815754434324391,0.0011576052246393615
LNGN0174,terminal,eigenvector,60,5,2.5569197710130446e-06,1.4992353346070668e-05,5.863443005147846,0.0,0.0001119059453628884,-0.030096143573368372,5.2005147885011075e-06
LNGN0174,terminal,share_monthly_network_flow,60,5,0.0001411778684462952,0.00048131530226638993,3.409282967390068,0.0,0.0020273162807283094,-0.07869332492887411,0.0002552911576677742
LNGN0175,terminal,node_throughput,60,21,92557.28333333334,141467.4013082815,1.5284307859253448,0.0,580914.0,0.24952089685973664,109783.69491525424
LNGN0175,terminal,total_voyages,60,21,0.48333333333333334,0.7476894729916951,1.5469437372241968,0.0,3.0,0.22112897838303314,0.5932203389830508
LNGN0175,terminal,total_route_exposure,60,21,0.48333333333333334,0.7476894729916951,1.5469437372241968,0.0,3.0,0.22112897838303314,0.5932203389830508
LNGN0175,terminal,total_degree,60,21,0.4666666666666667,0.7240813388775701,1.5516028690233645,0.0,3.0,0.23425428665447212,0.559322033898305
LNGN0175,terminal,total_strength,60,21,92557.28333333334,141467.4013082815,1.5284307859253448,0.0,580914.0,0.24952089685973664,109783.69491525424
LNGN0175,terminal,betweenness,60,21,0.0,0.0,,0.0,0.0,,0.0
LNGN0175,terminal,pagerank,60,21,0.0026956541238625426,0.0038118155532585094,1.4140595855808993,0.0,0.01075343297577724,0.12633921069059503,0.003221625802054994
LNGN0175,terminal,eigenvector,60,21,0.0028392362219210364,0.005127669814233285,1.8060032394077752,0.0,0.018663652862316506,0.1748794575018145,0.003577859708716131
LNGN0175,terminal,share_monthly_network_flow,60,21,0.0009937760824083252,0.0015498115349653525,1.5595178455186065,0.0,0.005546632918579845,0.2341563488954142,0.0011631082503426808
LNGN0176,terminal,node_throughput,60,2,3000.0,18277.52162111071,6.0925072070369035,0.0,135000.0,-0.027874564459930282,6101.6949152542375
LNGN0176,terminal,total_voyages,60,2,0.03333333333333333,0.18102033471939252,5.430610041581776,0.0,1.0,-0.03508771929824562,0.06779661016949153
LNGN0176,terminal,total_route_exposure,60,2,0.03333333333333333,0.18102033471939252,5.430610041581776,0.0,1.0,-0.03508771929824562,0.06779661016949153
LNGN0176,terminal,total_degree,60,2,0.03333333333333333,0.18102033471939252,5.430610041581776,0.0,1.0,-0.03508771929824562,0.06779661016949153
LNGN0176,terminal,total_strength,60,2,3000.0,18277.52162111071,6.0925072070369035,0.0,135000.0,-0.027874564459930282,6101.6949152542375
LNGN0176,terminal,betweenness,60,2,0.0,0.0,,0.0,0.0,,0.0
LNGN0176,terminal,pagerank,60,2,0.00017417347893965818,0.0009458687324980679,5.4306128479282485,0.0,0.005230427163935248,-0.03508768301289134,0.00035425114360608447
LNGN0176,terminal,eigenvector,60,2,8.259810914526341e-05,0.0006366183894044792,7.707420859778678,0.0,0.004931576964025176,-0.01741431356113549,0.00016799615419375608
LNGN0176,terminal,share_monthly_network_flow,60,2,2.4538799747672483e-05,0.00015404310065933216,6.277532000070347,0.0,0.0011558553366735611,-0.026254914290216178,4.990942321560505e-05
LNGN0178,terminal,node_throughput,60,54,359365.73333333334,251521.24837738366,0.6999032602367866,0.0,1133700.0,0.3628727192507568,216449.05084745763
LNGN0178,terminal,total_voyages,60,54,2.2333333333333334,1.522338373783498,0.6816440479627602,0.0,7.0,0.3143058860532463,1.3389830508474576
LNGN0178,terminal,total_route_exposure,60,54,1.7333333333333334,1.0393392077183294,0.5996187736836516,0.0,5.0,0.4431669693694101,0.8305084745762712
LNGN0178,terminal,total_degree,60,54,1.7333333333333334,1.0393392077183294,0.5996187736836516,0.0,5.0,0.4431669693694101,0.8305084745762712
LNGN0178,terminal,total_strength,60,54,359365.73333333334,251521.24837738366,0.6999032602367866,0.0,1133700.0,0.3628727192507568,216449.05084745763
LNGN0178,terminal,betweenness,60,54,0.0,0.0,,0.0,0.0,,0.0
LNGN0178,terminal,pagerank,60,54,0.006750991715212871,0.002617195845091015,0.38767576016918426,0.0,0.011427997741713766,0.09600409403308824,0.002069563507960571
LNGN0178,terminal,eigenvector,60,54,0.00028075186412678487,0.0009162327634183159,3.2634966334704507,0.0,0.006688832654722417,-0.030122191427978024,0.00043054380978416835
LNGN0178,terminal,share_monthly_network_flow,60,54,0.0038711114881668997,0.0024196464457809457,0.6250521208643177,0.0,0.010404819021939876,0.16561815847354794,0.0024145376249232347
LNGN0180,terminal,node_throughput,60,4,13166.666666666666,52730.25911171593,4.004829805953109,0.0,315000.0,0.2646567960987831,18813.5593220339
LNGN0180,terminal,total_voyages,60,4,0.08333333333333333,0.334038801494609,4.008465617935308,0.0,2.0,0.2706149982482245,0.11864406779661017
LNGN0180,terminal,total_route_exposure,60,4,0.08333333333333333,0.334038801494609,4.008465617935308,0.0,2.0,0.2706149982482245,0.11864406779661017
LNGN0180,terminal,total_degree,60,4,0.06666666666666667,0.2515488742932317,3.7732331143984754,0.0,1.0,0.24447354870684074,0.0847457627118644
LNGN0180,terminal,total_strength,60,4,13166.666666666666,52730.25911171593,4.004829805953109,0.0,315000.0,0.2646567960987831,18813.5593220339
LNGN0180,terminal,betweenness,60,4,0.0,0.0,,0.0,0.0,,0.0
LNGN0180,terminal,pagerank,60,4,0.00039458280324784734,0.0015204248335872227,3.8532465709921113,0.0,0.007834015034777991,0.172780051549152,0.0005061126119424881
LNGN0180,terminal,eigenvector,60,4,7.486790524949065e-06,5.166496687963064e-05,6.900816405569479,0.0,0.00039945456019708483,-0.01926499791857227,1.4787665948785216e-05
LNGN0180,terminal,share_monthly_network_flow,60,4,0.00015825697963212622,0.000626593540364345,3.9593422155590434,0.0,0.003348910441406699,0.1434529613219014,0.00022013119975916343
LNGN0181,terminal,node_throughput,60,57,679275.3166666667,358248.7724866425,0.5273984843798498,0.0,1746133.0,0.12568761162620107,367598.8474576271
LNGN0181,terminal,total_voyages,60,57,3.35,1.7449685539393793,0.5208861355042923,0.0,8.0,0.18800606210199572,1.7457627118644068
LNGN0181,terminal,total_route_exposure,60,57,2.3833333333333333,1.3288413031809132,0.5575557915444391,0.0,6.0,0.2680463220832698,1.271186440677966
LNGN0181,terminal,total_degree,60,57,1.6166666666666667,0.6911465950282971,0.42751335774946214,0.0,3.0,-0.05646681237257212,0.7288135593220338
LNGN0181,terminal,total_strength,60,57,679275.3166666667,358248.7724866425,0.5273984843798498,0.0,1746133.0,0.12568761162620107,367598.8474576271
LNGN0181,terminal,betweenness,60,57,0.0,0.0,,0.0,0.0,,0.0
LNGN0181,terminal,pagerank,60,57,0.012861315311635367,0.004662075117299744,0.3624882062476192,0.0,0.02347532880034467,0.10536113625665279,0.004571944259632892
LNGN0181,terminal,eigenvector,60,57,0.006572110957112486,0.006693496031271625,1.018469723799744,0.0,0.026720204098068634,0.22662561474071494,0.005861306724416714
LNGN0181,terminal,share_monthly_network_flow,60,57,0.007840557172515425,0.004288428885239973,0.5469546093322025,0.0,0.020068973143099435,0.08386853597007268,0.0042043117213607945
LNGN0182,terminal,node_throughput,60,14,43968.36666666667,89719.45966535319,2.0405456574162755,0.0,330200.0,0.5378237759922226,34679.661016949154
LNGN0182,terminal,total_voyages,60,14,0.31666666666666665,0.650727537210172,2.0549290648742273,0.0,3.0,0.5980926430517708,0.23728813559322035
LNGN0182,terminal,total_route_exposure,60,14,0.3,0.5908913118102865,1.9696377060342884,0.0,2.0,0.6099173553719012,0.2033898305084746
LNGN0182,terminal,total_degree,60,14,0.25,0.4738947891530785,1.895579156612314,0.0,2.0,0.6208226221079688,0.13559322033898305
LNGN0182,terminal,total_strength,60,14,43968.36666666667,89719.45966535319,2.0405456574162755,0.0,330200.0,0.5378237759922226,34679.661016949154
LNGN0182,terminal,betweenness,60,14,0.0,0.0,,0.0,0.0,,0.0
LNGN0182,terminal,pagerank,60,14,0.0018573387098229563,0.003507508461208528,1.8884592469097183,0.0,0.011132486815502801,0.625910771270848,0.0012127121924284624
LNGN0182,terminal,eigenvector,60,14,1.3464235364857297e-06,4.233509231142709e-06,3.1442626457589253,0.0,2.5388182901202272e-05,0.6046968022391973,1.436336524650351e-06
LNGN0182,terminal,share_monthly_network_flow,60,14,0.00037751760478284214,0.0007616758206795929,2.01759020249593,0.0,0.0026908782214702253,0.5358352178118669,0.0003144090174976706
LNGN0186,terminal,node_throughput,60,53,422093.51666666666,345274.6064945738,0.818004998563487,0.0,1388723.0,0.5588283364097358,243642.45762711865
LNGN0186,terminal,total_voyages,60,53,2.55,2.0371548787463363,0.7988842661750339,0.0,8.0,0.5607536880591113,1.3898305084745763
LNGN0186,terminal,total_route_exposure,60,53,2.0833333333333335,1.499058084679489,0.7195478806461546,0.0,6.0,0.48007995823399996,1.1864406779661016
LNGN0186,terminal,total_degree,60,53,1.5333333333333334,0.9291269214473296,0.6059523400743453,0.0,4.0,0.1323529411764706,0.9491525423728814
LNGN0186,terminal,total_strength,60,53,422093.51666666666,345274.6064945738,0.818004998563487,0.0,1388723.0,0.5588283364097358,243642.45762711865
LNGN0186,terminal,betweenness,60,53,0.0,0.0,,0.0,0.0,,0.0
LNGN0186,terminal,pagerank,60,53,0.008314666328192648,0.0038000054803785503,0.4570244108887234,0.0,0.015577284468934898,0.3765391595736209,0.0028771603111875143
LNGN0186,terminal,eigenvector,60,53,0.0014671937254917937,0.0026565195639461025,1.8106126803777427,0.0,0.013533842032693715,0.41333212831082833,0.0017405170417397235
LNGN0186,terminal,share_monthly_network_flow,60,53,0.004917327173216712,0.003911451292231638,0.795442555365485,0.0,0.01600781226396663,0.49032644556182464,0.0028657978942866085
LNGN0190,terminal,node_throughput,60,4,9803.65,37202.8644759299,3.79479729242985,0.0,173400.0,0.5975586842907429,8221.57627118644
LNGN0190,terminal,total_voyages,60,4,0.06666666666666667,0.2515488742932317,3.7732331143984754,0.0,1.0,0.5513658758069174,0.05084745762711865
LNGN0190,terminal,total_route_exposure,60,4,0.06666666666666667,0.2515488742932317,3.7732331143984754,0.0,1.0,0.5513658758069174,0.05084745762711865
LNGN0190,terminal,total_degree,60,4,0.06666666666666667,0.2515488742932317,3.7732331143984754,0.0,1.0,0.5513658758069174,0.05084745762711865
LNGN0190,terminal,total_strength,60,4,9803.65,37202.8644759299,3.79479729242985,0.0,173400.0,0.5975586842907429,8221.57627118644
LNGN0190,terminal,betweenness,60,4,0.0,0.0,,0.0,0.0,,0.0
LNGN0190,terminal,pagerank,60,4,0.0007854891931478449,0.003087364224153126,3.930498663871524,0.0,0.015646696000172506,0.7489250920726545,0.0005539383309214024
LNGN0190,terminal,eigenvector,60,4,9.585995185523264e-06,5.776971115558845e-05,6.02646986958976,0.0,0.00044259567823210427,0.20781001708166547,1.5298011860795818e-05
LNGN0190,terminal,share_monthly_network_flow,60,4,0.00018734327304269406,0.0007428452381455059,3.9651556529399237,0.0,0.004210388397645883,0.6837299571826668,0.00016188505679552573
LNGN0191,terminal,node_throughput,60,34,227778.2,274279.66510707187,1.204152395211973,0.0,1053500.0,0.6336352857178418,164713.08474576272
LNGN0191,terminal,total_voyages,60,34,1.3166666666666667,1.578367174599468,1.198759879442634,0.0,6.0,0.621265172735761,0.9491525423728814
LNGN0191,terminal,total_route_exposure,60,34,0.8,0.7983032854706414,0.9978791068383017,0.0,2.0,0.4857798165137611,0.5423728813559322
LNGN0191,terminal,total_degree,60,34,0.7833333333333333,0.7831199372753781,0.9997275795004826,0.0,2.0,0.4938036224976166,0.5084745762711864
LNGN0191,terminal,total_strength,60,34,227778.2,274279.66510707187,1.204152395211973,0.0,1053500.0,0.6336352857178418,164713.08474576272
LNGN0191,terminal,betweenness,60,34,0.0,0.0,,0.0,0.0,,0.0
LNGN0191,terminal,pagerank,60,34,0.004006174024478907,0.003661692258861031,0.9140122811657729,0.0,0.010364852740615254,0.44066556815237024,0.0024052755076105587
LNGN0191,terminal,eigenvector,60,34,0.01255983866877233,0.019281767657097982,1.535192303467915,0.0,0.09043333295052741,0.5965965855458888,0.010815734429443261
LNGN0191,terminal,share_monthly_network_flow,60,34,0.0026402671479733163,0.003675428993374283,1.3920670854067032,0.0,0.016492793109698076,0.6865362996991211,0.0019323764947096077
LNGN0195,terminal,node_throughput,60,52,532445.4833333333,368483.4383521832,0.6920585297208673,0.0,1541981.0,0.6202497863100642,257734.30508474575
LNGN0195,terminal,total_voyages,60,52,3.05,2.150482799556053,0.7050763277232962,0.0,9.0,0.6425596365013252,1.3898305084745763
LNGN0195,terminal,total_route_exposure,60,52,2.4,1.6793864900763156,0.6997443708651315,0.0,6.0,0.5134020618556699,1.2203389830508475
LNGN0195,terminal,total_degree,60,52,1.8,1.1168964263165337,0.6204980146202965,0.0,4.0,0.5065055762081785,0.7796610169491526
LNGN0195,terminal,total_strength,60,52,532445.4833333333,368483.4383521832,0.6920585297208673,0.0,1541981.0,0.6202497863100642,257734.30508474575
LNGN0195,terminal,betweenness,60,52,0.0,0.0,,0.0,0.0,,0.0
LNGN0195,terminal,pagerank,60,52,0.010157843752247682,0.0055906997697595185,0.550382532564791,0.0,0.02495015224156276,0.20186106504738038,0.004815338226999966
LNGN0195,terminal,eigenvector,60,52,0.012943446389339468,0.011583983070073346,0.8949689844286133,0.0,0.043659918515323075,0.49739051430642783,0.008344292083815446
LNGN0195,terminal,share_monthly_network_flow,60,52,0.005664400788598243,0.0033633097867537317,0.5937626789268989,0.0,0.012210442010896067,0.3141930032291585,0.0031039790378577835
LNGN0199,terminal,node_throughput,60,15,42856.066666666666,79475.45599591229,1.8544738744708011,0.0,302615.0,-0.022778462921151828,64618.47457627119
LNGN0199,terminal,total_voyages,60,15,0.3,0.5614750549117348,1.8715835163724492,0.0,2.0,-0.026556776556776573,0.4406779661016949
LNGN0199,terminal,total_route_exposure,60,15,0.26666666666666666,0.482460735792998,1.8092277592237425,0.0,2.0,0.04838709677419345,0.3728813559322034
LNGN0199,terminal,total_degree,60,15,0.26666666666666666,0.482460735792998,1.8092277592237425,0.0,2.0,0.04838709677419345,0.3728813559322034
LNGN0199,terminal,total_strength,60,15,42856.066666666666,79475.45599591229,1.8544738744708011,0.0,302615.0,-0.022778462921151828,64618.47457627119
LNGN0199,terminal,betweenness,60,15,0.0,0.0,,0.0,0.0,,0.0
LNGN0199,terminal,pagerank,60,15,0.0020454674619287813,0.0037153971411360556,1.8164049100212074,0.0,0.014218980528701717,0.0641706085727481,0.0029401319702010574
LNGN0199,terminal,eigenvector,60,15,1.775911863288112e-05,0.0001311331728647319,7.38399104006986,0.0,0.0010164322096225954,-0.01886826642940852,3.5657221462069936e-05
LNGN0199,terminal,share_monthly_network_flow,60,15,0.0005219252665206857,0.0009928555989223875,1.9022945670767544,0.0,0.003896846846121777,-0.01728214969098577,0.0008171289808837206
LNGN0206,terminal,node_throughput,60,16,80522.18333333333,157794.18898190558,1.9596362449425084,0.0,550152.0,0.4440732004901208,82713.74576271187
LNGN0206,terminal,total_voyages,60,16,0.4666666666666667,0.9107022186606588,1.9515047542728403,0.0,3.0,0.45492227829962373,0.4745762711864407
LNGN0206,terminal,total_route_exposure,60,16,0.43333333333333335,0.83090040331317,1.9174624691842386,0.0,3.0,0.4425302665770299,0.4406779661016949
LNGN0206,terminal,total_degree,60,16,0.26666666666666666,0.4459484908564836,1.6723068407118133,0.0,1.0,0.5193998949565757,0.1864406779661017
LNGN0206,terminal,total_strength,60,16,80522.18333333333,157794.18898190558,1.9596362449425084,0.0,550152.0,0.4440732004901208,82713.74576271187
LNGN0206,terminal,betweenness,60,16,0.0,0.0,,0.0,0.0,,0.0
LNGN0206,terminal,pagerank,60,16,0.0015086694619161401,0.002567005662873926,1.7015030314285065,0.0,0.007834015034777991,0.5632926612395044,0.0010491278173328377
LNGN0206,terminal,eigenvector,60,16,0.006980894446274239,0.015946914698407286,2.2843655381321923,0.0,0.08921206660548542,0.44812091024641787,0.007876559350425145
LNGN0206,terminal,share_monthly_network_flow,60,16,0.0009632470033740088,0.002251418678200216,2.337322275920994,0.0,0.01251854822991411,0.48670316024277066,0.0010027826267745375
LNGN0207,terminal,node_throughput,60,50,216981.3,180232.78814038698,0.8306374242406465,0.0,702400.0,0.564786615483324,124061.71186440678
LNGN0207,terminal,total_voyages,60,50,1.5333333333333334,1.1419084036208365,0.7447228719266324,0.0,4.0,0.4197613142287537,0.864406779661017
LNGN0207,terminal,total_route_exposure,60,50,1.2333333333333334,0.8899946041860176,0.7216172466373115,0.0,4.0,0.47225057620314054,0.6271186440677966
LNGN0207,terminal,total_degree,60,50,0.8833333333333333,0.45441960250548497,0.514437285855266,0.0,2.0,0.004411802870432041,0.3220338983050847
LNGN0207,terminal,total_strength,60,50,216981.3,180232.78814038698,0.8306374242406465,0.0,702400.0,0.564786615483324,124061.71186440678
LNGN0207,terminal,betweenness,60,50,0.0,0.0,,0.0,0.0,,0.0
LNGN0207,terminal,pagerank,60,50,0.008380350370205302,0.0044676174143833585,0.5331062804088835,0.0,0.016317515749592434,0.20872063719368714,0.0039999522790398895
LNGN0207,terminal,eigenvector,60,50,1.0722944204640359e-05,2.5631531716406252e-05,2.390344594473801,0.0,0.00014899861369903464,-0.025975458926601976,1.6185025782918835e-05
LNGN0207,terminal,share_monthly_network_flow,60,50,0.002361859905432673,0.0017749313716659356,0.7514973125981336,0.0,0.0066811521350085825,0.4749379742711717,0.0013940613953903642
LNGN0208,terminal,node_throughput,60,32,304346.1666666667,414768.50610345736,1.3628182363726962,0.0,1718400.0,0.5384765977562405,260412.89830508476
LNGN0208,terminal,total_voyages,60,32,1.3166666666666667,1.7122852869644132,1.3004698382008202,0.0,7.0,0.5082884044585907,1.1355932203389831
LNGN0208,terminal,total_route_exposure,60,32,0.7333333333333333,0.8206377566768517,1.1190514863775252,0.0,3.0,0.3026710027412492,0.6610169491525424
LNGN0208,terminal,total_degree,60,32,0.6666666666666666,0.7287478619712606,1.093121792956891,0.0,3.0,0.21124768861169843,0.5932203389830508
LNGN0208,terminal,total_strength,60,32,304346.1666666667,414768.50610345736,1.3628182363726962,0.0,1718400.0,0.5384765977562405,260412.89830508476
LNGN0208,terminal,betweenness,60,32,0.0,0.0,,0.0,0.0,,0.0
LNGN0208,terminal,pagerank,60,32,0.004322650492760928,0.004419481041689606,1.0224007351718207,0.0,0.015952088041074498,0.3632927278056487,0.003417185354010333
LNGN0208,terminal,eigenvector,60,32,0.024521191652819484,0.04365816032057482,1.7804257206869853,0.0,0.1942309076267656,0.5884245503622542,0.02099531292031135
LNGN0208,terminal,share_monthly_network_flow,60,32,0.0037382731888366758,0.00613785620533246,1.6418961095891758,0.0,0.02764389519894548,0.5919953812467064,0.003120187829784677
LNGN0210,terminal,node_throughput,60,45,280608.38333333336,251160.21010158892,0.8950559748717019,0.0,946659.0,0.3960438486687026,205361.01694915254
LNGN0210,terminal,total_voyages,60,45,1.5333333333333334,1.320845474823449,0.8614209618413797,0.0,5.0,0.24709363257889885,1.1694915254237288
LNGN0210,terminal,total_route_exposure,60,45,0.9333333333333333,0.6856066636017631,0.7345785681447462,0.0,3.0,0.32240229122338093,0.559322033898305
LNGN0210,terminal,total_degree,60,45,0.9166666666666666,0.6712413662397546,0.7322633086251868,0.0,3.0,0.2929742963442531,0.559322033898305
LNGN0210,terminal,total_strength,60,45,280608.38333333336,251160.21010158892,0.8950559748717019,0.0,946659.0,0.3960438486687026,205361.01694915254
LNGN0210,terminal,betweenness,60,45,0.0,0.0,,0.0,0.0,,0.0
LNGN0210,terminal,pagerank,60,45,0.006355903058982521,0.0040180380498217125,0.6321742186019018,0.0,0.012714696939481204,0.17303094155243198,0.0036847619043819425
LNGN0210,terminal,eigenvector,60,45,0.0030841317306464283,0.003955566060190011,1.2825541856349085,0.0,0.02006576872317447,0.052722881768386236,0.0034390384069061023
LNGN0210,terminal,share_monthly_network_flow,60,45,0.003137253648392622,0.002916869864451887,0.9297526407998126,0.0,0.013092588372298805,0.25900533981885177,0.0025308567170132974
LNGN0212,terminal,node_throughput,60,4,10373.833333333334,39170.997993874975,3.775942482901689,0.0,165000.0,-0.07262281525554931,21099.322033898305
LNGN0212,terminal,total_voyages,60,4,0.06666666666666667,0.2515488742932317,3.7732331143984754,0.0,1.0,-0.07272727272727274,0.13559322033898305
LNGN0212,terminal,total_route_exposure,60,4,0.06666666666666667,0.2515488742932317,3.7732331143984754,0.0,1.0,-0.07272727272727274,0.13559322033898305
LNGN0212,terminal,total_degree,60,4,0.06666666666666667,0.2515488742932317,3.7732331143984754,0.0,1.0,-0.07272727272727274,0.13559322033898305
LNGN0212,terminal,total_strength,60,4,10373.833333333334,39170.997993874975,3.775942482901689,0.0,165000.0,-0.07262281525554931,21099.322033898305
LNGN0212,terminal,betweenness,60,4,0.0,0.0,,0.0,0.0,,0.0
LNGN0212,terminal,pagerank,60,4,0.0005623515869695452,0.0021822642476764017,3.880604764425755,0.0,0.01167859075962927,-0.06875385033578842,0.0011437659395990751
LNGN0212,terminal,eigenvector,60,4,3.09947684110304e-08,1.6856149700105344e-07,5.438385432203,0.0,9.787820664096751e-07,-0.03498740104306431,6.304020693768894e-08
LNGN0212,terminal,share_monthly_network_flow,60,4,0.00012193403983318706,0.0004916934302491627,4.032454193446131,0.0,0.002958644073145571,-0.0636678509583144,0.00024800143694885505
LNGN0219,terminal,node_throughput,60,3,8505.7,37405.890820084314,4.397743962294028,0.0,174000.0,0.3122871003339215,11421.762711864407
LNGN0219,terminal,total_voyages,60,3,0.05,0.21978417765108277,4.395683553021655,0.0,1.0,0.2976190476190478,0.06779661016949153
LNGN0219,terminal,total_route_exposure,60,3,0.05,0.21978417765108277,4.395683553021655,0.0,1.0,0.2976190476190478,0.06779661016949153
LNGN0219,terminal,total_degree,60,3,0.05,0.21978417765108277,4.395683553021655,0.0,1.0,0.2976190476190478,0.06779661016949153
LNGN0219,terminal,total_strength,60,3,8505.7,37405.890820084314,4.397743962294028,0.0,174000.0,0.3122871003339215,11421.762711864407
LNGN0219,terminal,betweenness,60,3,0.0,0.0,,0.0,0.0,,0.0
LNGN0219,terminal,pagerank,60,3,0.0002700260463353409,0.001188296932970556,4.400675227806837,0.0,0.005749731333909432,0.27461679085564433,0.0003739078239783064
LNGN0219,terminal,eigenvector,60,3,2.170716970822769e-06,1.0417921077659092e-05,4.7992995944148245,0.0,6.644378461657111e-05,0.09563886205035028,3.702079811462575e-06
LNGN0219,terminal,share_monthly_network_flow,60,3,6.89352681078273e-05,0.0003042302917145178,4.413274947138035,0.0,0.001489769100601479,0.3386455036323281,9.156826736726764e-05
LNGN0222,terminal,node_throughput,60,28,14193.8,18721.9238995808,1.3190212557300232,0.0,68907.0,0.04392249889834922,17717.254237288136
LNGN0222,terminal,total_voyages,60,28,0.7333333333333333,0.9363953001762078,1.2769026820584652,0.0,3.0,0.07262799374641524,0.8813559322033898
LNGN0222,terminal,total_route_exposure,60,28,0.5666666666666667,0.6731324866865128,1.187880858858552,0.0,2.0,0.18822084763175415,0.5932203389830508
LNGN0222,terminal,total_degree,60,28,0.5666666666666667,0.6731324866865128,1.187880858858552,0.0,2.0,0.18822084763175415,0.5932203389830508
LNGN0222,terminal,total_strength,60,28,14193.8,18721.9238995808,1.3190212557300232,0.0,68907.0,0.04392249889834922,17717.254237288136
LNGN0222,terminal,betweenness,60,28,0.0,0.0,,0.0,0.0,,0.0
LNGN0222,terminal,pagerank,60,28,0.0042297520720787525,0.004929265261963278,1.1653792416113748,0.0,0.01387812007248959,0.2187982579398488,0.004384512189862174
LNGN0222,terminal,eigenvector,60,28,5.794548590125998e-07,2.0715189434694318e-06,3.574944469357514,0.0,1.5466984121007055e-05,0.07511977980766639,9.036021803576454e-07
LNGN0222,terminal,share_monthly_network_flow,60,28,0.00018745980766963837,0.0002606657689064348,1.3905155038129975,0.0,0.0011464835439320093,0.2108199658033876,0.000216427445319647
LNGN0230,terminal,node_throughput,60,55,690575.8833333333,449205.3777895141,0.6504793877556938,0.0,1620620.0,0.5019620681246539,340621.66101694916
LNGN0230,terminal,total_voyages,60,55,3.65,2.4134158927102556,0.6612098336192481,0.0,9.0,0.4715728786385504,1.8305084745762712
LNGN0230,terminal,total_route_exposure,60,55,2.5166666666666666,1.6102601818052091,0.6398384828365069,0.0,6.0,0.40034480162217506,1.3559322033898304
LNGN0230,terminal,total_degree,60,55,2.066666666666667,1.2194284110670515,0.5900460053550248,0.0,5.0,0.331509396707381,1.0508474576271187
LNGN0230,terminal,total_strength,60,55,690575.8833333333,449205.3777895141,0.6504793877556938,0.0,1620620.0,0.5019620681246539,340621.66101694916
LNGN0230,terminal,betweenness,60,55,0.0,0.0,,0.0,0.0,,0.0
LNGN0230,terminal,pagerank,60,55,0.010797443600271508,0.005942626361984288,0.5503734570870884,0.0,0.032672308083372265,0.41810141755971486,0.004658388575597438
LNGN0230,terminal,eigenvector,60,55,0.017499850650006917,0.02188414841093576,1.2505334387483535,0.0,0.12788987677685912,0.4457357599641224,0.014180464152243201
LNGN0230,terminal,share_monthly_network_flow,60,55,0.008335150917444719,0.0068603880722610516,0.823067049440326,0.0,0.03314022446032181,0.6722204211013432,0.004097742526035456
LNGN0232,terminal,node_throughput,60,54,365435.98333333334,229692.96698179079,0.6285450187106391,0.0,973258.0,0.3917129447387705,183042.4745762712
LNGN0232,terminal,total_voyages,60,54,2.1666666666666665,1.3920679248314836,0.6424928883837617,0.0,6.0,0.4148343531245057,1.0338983050847457
LNGN0232,terminal,total_route_exposure,60,54,1.6833333333333333,0.999858747085954,0.5939754933183885,0.0,4.0,0.4293986433108797,0.7288135593220338
LNGN0232,terminal,total_degree,60,54,1.45,0.7903013799725018,0.5450354344637944,0.0,3.0,0.3580364734854879,0.559322033898305
LNGN0232,terminal,total_strength,60,54,365435.98333333334,229692.96698179079,0.6285450187106391,0.0,973258.0,0.3917129447387705,183042.4745762712
LNGN0232,terminal,betweenness,60,54,0.0,0.0,,0.0,0.0,,0.0
LNGN0232,terminal,pagerank,60,54,0.008109480078456336,0.0034460881362506253,0.42494563189143425,0.0,0.016115883014496474,0.4809128719045624,0.0023538083178228993
LNGN0232,terminal,eigenvector,60,54,0.001483464096985188,0.0031113780628825682,2.0973733501240472,0.0,0.014755301326603595,0.2949162497471085,0.0019103676021861638
LNGN0232,terminal,share_monthly_network_flow,60,54,0.004157304195047422,0.002746555035207203,0.6606577018056945,0.0,0.01613581454182045,0.3687589414343082,0.0021454996132352164
LNGN0237,terminal,node_throughput,60,25,82281.06666666667,110932.50628271667,1.3482142463237796,0.0,503172.0,-0.1232298573092908,115134.37288135593
LNGN0237,terminal,total_voyages,60,25,0.48333333333333334,0.650727537210172,1.3463328356072524,0.0,3.0,-0.13305898491083676,0.6779661016949152
LNGN0237,terminal,total_route_exposure,60,25,0.48333333333333334,0.650727537210172,1.3463328356072524,0.0,3.0,-0.13305898491083676,0.6779661016949152
LNGN0237,terminal,total_degree,60,25,0.4166666666666667,0.4971671160112441,1.1932010784269858,0.0,1.0,-0.12380952380952384,0.5423728813559322
LNGN0237,terminal,total_strength,60,25,82281.06666666667,110932.50628271667,1.3482142463237796,0.0,503172.0,-0.1232298573092908,115134.37288135593
LNGN0237,terminal,betweenness,60,25,0.0,0.0,,0.0,0.0,,0.0
LNGN0237,terminal,pagerank,60,25,0.003594399817225238,0.00460631950058847,1.2815267457209036,0.0,0.017341257102312466,-0.09634139407247644,0.004770037135005816
LNGN0237,terminal,eigenvector,60,25,5.3082789274319205e-05,0.0001953363905227648,3.679844130143819,0.0,0.0014241415177619367,0.24143576167628447,8.575402876519309e-05
LNGN0237,terminal,share_monthly_network_flow,60,25,0.0009786816151580416,0.0012918864953448145,1.320027346315477,0.0,0.003965273618159215,-0.03641797917920553,0.001293441281071985
LNGN0238,terminal,node_throughput,60,16,94745.71666666666,181788.88116397703,1.9187028982380774,0.0,789335.0,0.371494736469237,96215.50847457627
LNGN0238,terminal,total_voyages,60,16,0.48333333333333334,0.9295828600965653,1.923274882958411,0.0,4.0,0.44650246821438855,0.4406779661016949
LNGN0238,terminal,total_route_exposure,60,16,0.4166666666666667,0.7874366623260193,1.8898479895824463,0.0,3.0,0.5063706490292794,0.3559322033898305
LNGN0238,terminal,total_degree,60,16,0.26666666666666666,0.4459484908564836,1.6723068407118133,0.0,1.0,0.5193998949565758,0.1864406779661017
LNGN0238,terminal,total_strength,60,16,94745.71666666666,181788.88116397703,1.9187028982380774,0.0,789335.0,0.371494736469237,96215.50847457627
LNGN0238,terminal,betweenness,60,16,0.0,0.0,,0.0,0.0,,0.0
LNGN0238,terminal,pagerank,60,16,0.001969984881138194,0.0035096234905881334,1.7815484393770504,0.0,0.014278569821468539,0.48518187644611455,0.0015316529985649802
LNGN0238,terminal,eigenvector,60,16,0.004718082687238779,0.010288978573453697,2.180754186712917,0.0,0.05552197506364019,0.3296918657951583,0.004378594072660302
LNGN0238,terminal,share_monthly_network_flow,60,16,0.0011894527754469939,0.002808461330300582,2.3611373131187725,0.0,0.016521326395423478,0.31252847897839886,0.0011206857649942888
LNGN0241,terminal,node_throughput,60,13,30147.7,58176.340716794926,1.9297107479772893,0.0,155000.0,0.09180291228919793,44181.05084745763
LNGN0241,terminal,total_voyages,60,13,0.21666666666666667,0.41545020165658497,1.9174624691842383,0.0,1.0,0.11204013377926411,0.3050847457627119
LNGN0241,terminal,total_route_exposure,60,13,0.21666666666666667,0.41545020165658497,1.9174624691842383,0.0,1.0,0.11204013377926411,0.3050847457627119
LNGN0241,terminal,total_degree,60,13,0.21666666666666667,0.41545020165658497,1.9174624691842383,0.0,1.0,0.11204013377926411,0.3050847457627119
LNGN0241,terminal,total_strength,60,13,30147.7,58176.340716794926,1.9297107479772893,0.0,155000.0,0.09180291228919793,44181.05084745763
LNGN0241,terminal,betweenness,60,13,0.0,0.0,,0.0,0.0,,0.0
LNGN0241,terminal,pagerank,60,13,0.0017467514297030452,0.0033810105743090667,1.935599145256662,0.0,0.009433366118472975,0.1835519768864784,0.0023700084895357126
LNGN0241,terminal,eigenvector,60,13,2.602646125105851e-06,1.4860366244329069e-05,5.70971447135353,0.0,0.00011410381830058635,-0.030036109907671485,5.18548277402037e-06
LNGN0241,terminal,share_monthly_network_flow,60,13,0.00041111054099627356,0.0008172975597034134,1.9880238480939891,0.0,0.002660252555286661,0.28612450656387056,0.0005463804312560934
LNGN0243,terminal,node_throughput,60,1,2900.0,22463.30340800302,7.745966692414834,0.0,174000.0,-0.017241379310344834,5898.3050847457625
LNGN0243,terminal,total_voyages,60,1,0.016666666666666666,0.12909944487358058,7.745966692414835,0.0,1.0,-0.01724137931034484,0.03389830508474576
LNGN0243,terminal,total_route_exposure,60,1,0.016666666666666666,0.12909944487358058,7.745966692414835,0.0,1.0,-0.01724137931034484,0.03389830508474576
LNGN0243,terminal,total_degree,60,1,0.016666666666666666,0.12909944487358058,7.745966692414835,0.0,1.0,-0.01724137931034484,0.03389830508474576
LNGN0243,terminal,total_strength,60,1,2900.0,22463.30340800302,7.745966692414834,0.0,174000.0,-0.017241379310344834,5898.3050847457625
LNGN0243,terminal,betweenness,60,1,0.0,0.0,,0.0,0.0,,0.0
LNGN0243,terminal,pagerank,60,1,0.00025163101457590796,0.0019491254576835342,7.745966692414832,0.0,0.015097860874554477,-0.01724137931034483,0.0005117918940526941
LNGN0243,terminal,eigenvector,60,1,4.0096099662168854e-291,0.0,,0.0,2.4057659797301313e-289,,8.155138914339428e-291
LNGN0243,terminal,share_monthly_network_flow,60,1,4.2203877765054356e-05,0.00032690983145885805,7.745966692414834,0.0,0.0025322326659032615,-0.01724137931034484,8.583839545434784e-05
LNGN0244,terminal,node_throughput,60,59,779335.95,382375.40673489374,0.49064258710879916,0.0,1723123.0,0.4500161156508313,302537.69491525425
LNGN0244,terminal,total_voyages,60,59,4.633333333333334,2.2471576522630303,0.4849980544452583,0.0,10.0,0.4155692809695839,1.8305084745762712
LNGN0244,terminal,total_route_exposure,60,59,2.216666666666667,1.00997846371848,0.45562938212863763,0.0,5.0,0.3182074408117249,0.8813559322033898
LNGN0244,terminal,total_degree,60,59,2.0833333333333335,0.9259290646525583,0.444445951033228,0.0,4.0,0.2899492112086386,0.7966101694915254
LNGN0244,terminal,total_strength,60,59,779335.95,382375.40673489374,0.49064258710879916,0.0,1723123.0,0.4500161156508313,302537.69491525425
LNGN0244,terminal,betweenness,60,59,0.0,0.0,,0.0,0.0,,0.0
LNGN0244,terminal,pagerank,60,59,0.009620787378461925,0.00257146632697577,0.26728231545086595,0.0,0.016215474743789777,0.5647703627383879,0.0017066205129429254
LNGN0244,terminal,eigenvector,60,59,0.0007128842949278134,0.001326587176456766,1.860873055972002,0.0,0.009144188694577959,0.06251259645393924,0.0009090821281905496
LNGN0244,terminal,share_monthly_network_flow,60,59,0.008927977378856462,0.004041646626709958,0.45269454157461486,0.0,0.019362236957960226,0.39508080617483216,0.003571391233786546
LNGN0248,terminal,node_throughput,60,43,198001.83333333334,171429.55143703768,0.8657977986922899,0.0,688000.0,0.16291092987409936,155102.0338983051
LNGN0248,terminal,total_voyages,60,43,1.1833333333333333,1.0166689821220276,0.859156886300305,0.0,4.0,0.1605008537279453,0.9152542372881356
LNGN0248,terminal,total_route_exposure,60,43,0.9666666666666667,0.7583806715217979,0.7845317291604805,0.0,3.0,0.2420349434737928,0.6101694915254238
LNGN0248,terminal,total_degree,60,43,0.9666666666666667,0.7583806715217979,0.7845317291604805,0.0,3.0,0.2420349434737928,0.6101694915254238
LNGN0248,terminal,total_strength,60,43,198001.83333333334,171429.55143703768,0.8657977986922899,0.0,688000.0,0.16291092987409936,155102.0338983051
LNGN0248,terminal,betweenness,60,43,0.0,0.0,,0.0,0.0,,0.0
LNGN0248,terminal,pagerank,60,43,0.00468219506946185,0.00306045681785798,0.6536371877837494,0.0,0.008683511240142463,0.5175837789552599,0.0014882860221066584
LNGN0248,terminal,eigenvector,60,43,6.728820647737821e-05,0.0001255172974367229,1.86536845024872,0.0,0.000595239696982914,0.059361284660898676,9.812303862298256e-05
LNGN0248,terminal,share_monthly_network_flow,60,43,0.0020620453687024186,0.001704901833875352,0.8268013205491177,0.0,0.005712512136084578,0.14516881677556956,0.0016035687266432895
LNGN0250,terminal,node_throughput,60,9,24993.133333333335,60159.80183925021,2.4070532108519225,0.0,180000.0,0.5182834368960174,20962.57627118644
LNGN0250,terminal,total_voyages,60,9,0.15,0.3600847357902755,2.4005649052685034,0.0,1.0,0.5204374312304108,0.11864406779661017
LNGN0250,terminal,total_route_exposure,60,9,0.15,0.3600847357902755,2.4005649052685034,0.0,1.0,0.5204374312304108,0.11864406779661017
LNGN0250,terminal,total_degree,60,9,0.15,0.3600847357902755,2.4005649052685034,0.0,1.0,0.5204374312304108,0.11864406779661017
LNGN0250,terminal,total_strength,60,9,24993.133333333335,60159.80183925021,2.4070532108519225,0.0,180000.0,0.5182834368960174,20962.57627118644
LNGN0250,terminal,betweenness,60,9,0.0,0.0,,0.0,0.0,,0.0
LNGN0250,terminal,pagerank,60,9,0.0011582113604287094,0.0028712442090047586,2.4790330220401,0.0,0.011792785188414194,0.44520011411980714,0.0010573047138999901
LNGN0250,terminal,eigenvector,60,9,5.704903707407967e-07,1.8308157694793961e-06,3.2091966199219697,0.0,1.1389598366018395e-05,0.5546553795847815,6.296578610454956e-07
LNGN0250,terminal,share_monthly_network_flow,60,9,0.0002690519855700728,0.0006972953952683551,2.5916753366116643,0.0,0.0030811650516162333,0.4351529122246359,0.0002483564311040605
LNGN0251,terminal,node_throughput,60,26,82361.86666666667,103466.14226762604,1.2562384323605993,0.0,353300.0,-0.030447352972933054,104290.94915254238
LNGN0251,terminal,total_voyages,60,26,0.48333333333333334,0.5963637459756622,1.2338560261565426,0.0,2.0,-0.012254901960784248,0.576271186440678
LNGN0251,terminal,total_route_exposure,60,26,0.48333333333333334,0.5963637459756622,1.2338560261565426,0.0,2.0,-0.012254901960784248,0.576271186440678
LNGN0251,terminal,total_degree,60,26,0.45,0.5344092255369317,1.187576056748737,0.0,2.0,-0.02138492871690423,0.5084745762711864
LNGN0251,terminal,total_strength,60,26,82361.86666666667,103466.14226762604,1.2562384323605993,0.0,353300.0,-0.030447352972933054,104290.94915254238
LNGN0251,terminal,betweenness,60,26,0.0,0.0,,0.0,0.0,,0.0
LNGN0251,terminal,pagerank,60,26,0.0032168044293935842,0.00384937915378693,1.1966469327799936,0.0,0.012358141920879693,0.043210858860361176,0.003685964837401091
LNGN0251,terminal,eigenvector,60,26,0.003890544828685392,0.007936701068586459,2.039997331496693,0.0,0.03573465247160887,0.07182342376562904,0.006076207850110795
LNGN0251,terminal,share_monthly_network_flow,60,26,0.0009953920158064747,0.0014204938665903536,1.427069781586964,0.0,0.006647326390009947,0.05570520220520394,0.0012812095832939543
LNGN0253,terminal,node_throughput,60,2,8680.0,49784.923182336905,5.735590228379828,0.0,347400.0,-0.03145356338651323,17654.237288135595
LNGN0253,terminal,total_voyages,60,2,0.05,0.28671133537149956,5.734226707429991,0.0,2.0,-0.03146853146853146,0.1016949152542373
LNGN0253,terminal,total_route_exposure,60,2,0.05,0.28671133537149956,5.734226707429991,0.0,2.0,-0.03146853146853146,0.1016949152542373
LNGN0253,terminal,total_degree,60,2,0.03333333333333333,0.1810203347193925,5.430610041581775,0.0,1.0,-0.0350877192982456,0.06779661016949153
LNGN0253,terminal,total_strength,60,2,8680.0,49784.923182336905,5.735590228379828,0.0,347400.0,-0.03145356338651323,17654.237288135595
LNGN0253,terminal,betweenness,60,2,0.0,0.0,,0.0,0.0,,0.0
LNGN0253,terminal,pagerank,60,2,0.0003752219072253651,0.00212072498601265,5.651922089769945,0.0,0.014448351038229461,-0.03239220734052486,0.0007631632011363357
LNGN0253,terminal,eigenvector,60,2,3.5106431786019715e-06,1.9183158322734692e-05,5.4642859860152235,0.0,0.00011686895364484151,-0.03465631750057041,7.140291210715875e-06
LNGN0253,terminal,share_monthly_network_flow,60,2,0.00011977097674321556,0.0007039702565345106,5.877636433105127,0.0,0.0050557334950275465,-0.029950893127519584,0.00024360198659637065
LNGN0258,terminal,node_throughput,60,11,32907.0,73136.88611762912,2.2225327777563777,0.0,332000.0,-0.12869554196256536,61505.76271186441
LNGN0258,terminal,total_voyages,60,11,0.2,0.44340745313032964,2.217037265651648,0.0,2.0,-0.1246334310850439,0.3728813559322034
LNGN0258,terminal,total_route_exposure,60,11,0.2,0.44340745313032964,2.217037265651648,0.0,2.0,-0.1246334310850439,0.3728813559322034
LNGN0258,terminal,total_degree,60,11,0.2,0.44340745313032964,2.217037265651648,0.0,2.0,-0.1246334310850439,0.3728813559322034
LNGN0258,terminal,total_strength,60,11,32907.0,73136.88611762912,2.2225327777563777,0.0,332000.0,-0.12869554196256536,61505.76271186441
LNGN0258,terminal,betweenness,60,11,0.0,0.0,,0.0,0.0,,0.0
LNGN0258,terminal,pagerank,60,11,0.0013229191926424444,0.002867117582197673,2.1672658452182505,0.0,0.009529859095603166,-0.14700143552308473,0.002488327780881847
LNGN0258,terminal,eigenvector,60,11,3.1779190576940902e-06,9.531721357237406e-06,2.999359387131042,0.0,4.8245724303186604e-05,-0.07983787306504951,6.168594776221293e-06
LNGN0258,terminal,share_monthly_network_flow,60,11,0.00033604179941563523,0.0007507034203117072,2.233958458790406,0.0,0.0028204765784110345,-0.1555755632022514,0.0006396054814889771
LNGN0261,terminal,node_throughput,60,59,1602711.0,635527.2992642956,0.39653268696870214,0.0,3513041.0,0.5267482238085498,474831.83050847455
LNGN0261,terminal,total_voyages,60,59,10.333333333333334,4.156541369719793,0.4022459390051413,0.0,22.0,0.5373507386854244,3.0677966101694913
LNGN0261,terminal,total_route_exposure,60,59,7.816666666666666,2.937147622812325,0.37575449332353844,0.0,18.0,0.5880226107047787,1.9322033898305084
LNGN0261,terminal,total_degree,60,59,4.616666666666666,1.290009416161491,0.27942442227324715,0.0,7.0,0.3967071057192379,1.0847457627118644
LNGN0261,terminal,total_strength,60,59,1602711.0,635527.2992642956,0.39653268696870214,0.0,3513041.0,0.5267482238085498,474831.83050847455
LNGN0261,terminal,betweenness,60,59,0.0,0.0,,0.0,0.0,,0.0
LNGN0261,terminal,pagerank,60,59,0.006031836973731026,0.0010785163377926867,0.17880396013514346,0.0,0.007834015034777991,0.251972964741065,0.0005463325261419192
LNGN0261,terminal,eigenvector,60,59,0.00223538294146888,0.002381908398550641,1.0655482576893418,0.0,0.012086803266646294,-0.10066323790764475,0.002525180030668565
LNGN0261,terminal,share_monthly_network_flow,60,59,0.018287396054583013,0.007099649954221532,0.3882264010158125,0.0,0.04153103214631541,0.4791540311990784,0.006180273687661316
LNGN0262,terminal,node_throughput,60,1,2300.0,17815.72339255412,7.745966692414834,0.0,138000.0,-0.017241379310344827,4677.966101694915
LNGN0262,terminal,total_voyages,60,1,0.016666666666666666,0.12909944487358058,7.745966692414835,0.0,1.0,-0.017241379310344834,0.03389830508474576
LNGN0262,terminal,total_route_exposure,60,1,0.016666666666666666,0.12909944487358058,7.745966692414835,0.0,1.0,-0.017241379310344834,0.03389830508474576
LNGN0262,terminal,total_degree,60,1,0.016666666666666666,0.12909944487358058,7.745966692414835,0.0,1.0,-0.017241379310344834,0.03389830508474576
LNGN0262,terminal,total_strength,60,1,2300.0,17815.72339255412,7.745966692414834,0.0,138000.0,-0.017241379310344827,4677.966101694915
LNGN0262,terminal,betweenness,60,1,0.0,0.0,,0.0,0.0,,0.0
LNGN0262,terminal,pagerank,60,1,0.00010744888676147548,0.0008322954979914422,7.745966692414833,0.0,0.006446933205688529,-0.017241379310344827,0.00021854010866740776
LNGN0262,terminal,eigenvector,60,1,5.511097203363053e-07,4.268877537591075e-06,7.745966692414833,0.0,3.306658322017832e-05,-0.017241379310344786,1.1209011261077396e-06
LNGN0262,terminal,share_monthly_network_flow,60,1,2.062658118999464e-05,0.00015977281087608877,7.745966692414831,0.0,0.0012375948713996784,-0.017241379310344838,4.1952368522023e-05
LNGN0268,terminal,node_throughput,60,10,29430.95,70959.68809583703,2.411056662997186,0.0,312273.0,0.4358643904704482,31736.237288135595
LNGN0268,terminal,total_voyages,60,10,0.2,0.4801129810537007,2.4005649052685034,0.0,2.0,0.48374999999999996,0.2033898305084746
LNGN0268,terminal,total_route_exposure,60,10,0.18333333333333332,0.4314605336417173,2.3534210925911854,0.0,2.0,0.5433436532507742,0.1694915254237288
LNGN0268,terminal,total_degree,60,10,0.18333333333333332,0.4314605336417173,2.3534210925911854,0.0,2.0,0.5433436532507742,0.1694915254237288
LNGN0268,terminal,total_strength,60,10,29430.95,70959.68809583703,2.411056662997186,0.0,312273.0,0.4358643904704482,31736.237288135595
LNGN0268,terminal,betweenness,60,10,0.0,0.0,,0.0,0.0,,0.0
LNGN0268,terminal,pagerank,60,10,0.0013337238881824763,0.00309781576592041,2.3226814735559236,0.0,0.01147279102719313,0.4741441590626546,0.0012154039351403262
LNGN0268,terminal,eigenvector,60,10,1.8015350743435167e-05,5.471565674778106e-05,3.0371685529197685,0.0,0.00029656308707352,0.0016858433524941266,3.163296171269902e-05
LNGN0268,terminal,share_monthly_network_flow,60,10,0.0003382408494593845,0.0009185763656948665,2.7157463894826455,0.0,0.004544528110802352,0.4543018522799239,0.0003871614909646976
LNGN0270,terminal,node_throughput,60,54,445153.9166666667,272212.3079893546,0.611501545415332,0.0,1118615.0,0.10192297142308201,279717.72881355934
LNGN0270,terminal,total_voyages,60,54,2.85,1.744968553939379,0.6122696680489049,0.0,7.0,0.09746007311910716,1.7966101694915255
LNGN0270,terminal,total_route_exposure,60,54,2.3666666666666667,1.3399553074594317,0.5661782989265204,0.0,6.0,0.09644835451287076,1.3559322033898304
LNGN0270,terminal,total_degree,60,54,1.7666666666666666,0.9088392050109699,0.514437285855266,0.0,4.0,-0.05950704225352108,0.9830508474576272
LNGN0270,terminal,total_strength,60,54,445153.9166666667,272212.3079893546,0.611501545415332,0.0,1118615.0,0.10192297142308201,279717.72881355934
LNGN0270,terminal,betweenness,60,54,0.0,0.0,,0.0,0.0,,0.0
LNGN0270,terminal,pagerank,60,54,0.010946379213593855,0.005568570311922288,0.5087134479140747,0.0,0.031029534699251606,0.005997305304574383,0.005165706141442399
LNGN0270,terminal,eigenvector,60,54,0.0010403524019361194,0.004182465026910134,4.020238737495556,0.0,0.031475044924673394,-0.042702673481385,0.0017281215056087265
LNGN0270,terminal,share_monthly_network_flow,60,54,0.005084802217039176,0.0033360791196256107,0.6560882758519903,0.0,0.016130773626633954,-0.010482822802061456,0.003466217882211047
LNGN0272,terminal,node_throughput,60,12,45375.53333333333,99141.01459707708,2.18490026042839,0.0,352717.0,0.19177458763114225,63518.542372881355
LNGN0272,terminal,total_voyages,60,12,0.26666666666666666,0.5783280010825675,2.1687300040596282,0.0,2.0,0.1862068965517239,0.3728813559322034
LNGN0272,terminal,total_route_exposure,60,12,0.25,0.5407151573203143,2.162860629281257,0.0,2.0,0.12721893491124275,0.3728813559322034
LNGN0272,terminal,total_degree,60,12,0.25,0.5407151573203143,2.162860629281257,0.0,2.0,0.12721893491124275,0.3728813559322034
LNGN0272,terminal,total_strength,60,12,45375.53333333333,99141.01459707708,2.18490026042839,0.0,352717.0,0.19177458763114225,63518.542372881355
LNGN0272,terminal,betweenness,60,12,0.0,0.0,,0.0,0.0,,0.0
LNGN0272,terminal,pagerank,60,12,0.0015907851020606828,0.0033013439909522616,2.0752922482588896,0.0,0.011097063415430172,0.12202762896554868,0.0022896247368519368
LNGN0272,terminal,eigenvector,60,12,1.6407132045947436e-05,8.901167818454313e-05,5.425182044934479,0.0,0.0006780431466074414,-0.029673872631798184,3.222275881556797e-05
LNGN0272,terminal,share_monthly_network_flow,60,12,0.00042584879117484145,0.0009055720164361179,2.126510712729288,0.0,0.003267345718751838,0.16579515633433253,0.0006101514724860942
LNGN0274,terminal,node_throughput,60,31,159765.7,221569.54015122144,1.3868404804737275,0.0,1008028.0,0.3359311734680447,142080.88135593222
LNGN0274,terminal,total_voyages,60,31,0.95,1.3203106978976769,1.3898007346291337,0.0,6.0,0.3506077064998525,0.8305084745762712
LNGN0274,terminal,total_route_exposure,60,31,0.9333333333333333,1.3001520988815072,1.393020105944472,0.0,6.0,0.31017717599210115,0.864406779661017
LNGN0274,terminal,total_degree,60,31,0.7666666666666667,0.9454021952240557,1.2331332981183334,0.0,4.0,0.38001802450516653,0.6271186440677966
LNGN0274,terminal,total_strength,60,31,159765.7,221569.54015122144,1.3868404804737275,0.0,1008028.0,0.3359311734680447,142080.88135593222
LNGN0274,terminal,betweenness,60,31,0.0,0.0,,0.0,0.0,,0.0
LNGN0274,terminal,pagerank,60,31,0.0029344272372755506,0.0028911642260067705,0.985256744239824,0.0,0.006789639586512386,0.5647812843071996,0.0012813903384984308
LNGN0274,terminal,eigenvector,60,31,0.0041314362701932875,0.007133909187242617,1.7267382868062153,0.0,0.02751037698173735,0.41566030019094097,0.004154338322496858
LNGN0274,terminal,share_monthly_network_flow,60,31,0.0015092457392403597,0.001977252630012915,1.3100932330662831,0.0,0.008153347919979377,0.33910382836118647,0.0013510899182029113
LNGN0278,terminal,node_throughput,60,31,80533.33333333333,99140.83744712628,1.2310534451216013,0.0,377500.0,0.38221129648344404,72940.67796610169
LNGN0278,terminal,total_voyages,60,31,1.0666666666666667,1.3131236747963744,1.231053445121601,0.0,5.0,0.3822112964834443,0.9661016949152542
LNGN0278,terminal,total_route_exposure,60,31,0.5833333333333334,0.6186827632817331,1.0605990227686852,0.0,2.0,0.3955989026186389,0.423728813559322
LNGN0278,terminal,total_degree,60,31,0.5833333333333334,0.6186827632817331,1.0605990227686852,0.0,2.0,0.3955989026186389,0.423728813559322
LNGN0278,terminal,total_strength,60,31,80533.33333333333,99140.83744712628,1.2310534451216013,0.0,377500.0,0.38221129648344404,72940.67796610169
LNGN0278,terminal,betweenness,60,31,0.0,0.0,,0.0,0.0,,0.0
LNGN0278,terminal,pagerank,60,31,0.004323571042860482,0.0045597464691717465,1.054625082823899,0.0,0.01545102473687205,0.3213861178506263,0.00336220215587888
LNGN0278,terminal,eigenvector,60,31,2.685383629602043e-06,9.397553289462467e-06,3.499519839872981,0.0,6.0539717453340225e-05,0.39529026813834256,3.6057540358135435e-06
LNGN0278,terminal,share_monthly_network_flow,60,31,0.0009186047606654599,0.0012756053951172338,1.3886335557341918,0.0,0.005738364041814813,0.44492495262922793,0.0008416869692643052
LNGN0285,terminal,node_throughput,60,19,76906.0,154031.36095162624,2.0028523255874213,0.0,808640.0,0.6222445371352489,64467.457627118645
LNGN0285,terminal,total_voyages,60,19,0.65,1.2598762382048567,1.9382711356997795,0.0,7.0,0.6328512768039875,0.4745762711864407
LNGN0285,terminal,total_route_exposure,60,19,0.5166666666666667,0.8731720211568128,1.6900103635293149,0.0,3.0,0.680792205576974,0.3050847457627119
LNGN0285,terminal,total_degree,60,19,0.48333333333333334,0.7917298517752696,1.638061762293661,0.0,3.0,0.7211102801278294,0.2711864406779661
LNGN0285,terminal,total_strength,60,19,76906.0,154031.36095162624,2.0028523255874213,0.0,808640.0,0.6222445371352489,64467.457627118645
LNGN0285,terminal,betweenness,60,19,0.0,0.0,,0.0,0.0,,0.0
LNGN0285,terminal,pagerank,60,19,0.002577499128120431,0.004141476972034493,1.6067811340268225,0.0,0.01634447976092509,0.8173614623123693,0.0010780706852134582
LNGN0285,terminal,eigenvector,60,19,0.002008959971341751,0.006064422022095025,3.018687335041673,0.0,0.03314051197484755,0.5092614932166293,0.0024123421048139818
LNGN0285,terminal,share_monthly_network_flow,60,19,0.0009997046837116473,0.0023325922748723576,2.333281330854668,0.0,0.012420066670925262,0.7572976598133525,0.0006940229395256019
LNGN0287,terminal,node_throughput,60,18,47062.566666666666,84102.52729759635,1.7870365612074497,0.0,475000.0,0.15332756248051624,58593.83050847457
LNGN0287,terminal,total_voyages,60,18,0.3333333333333333,0.5724365605193373,1.717309681558012,0.0,3.0,0.16754850088183398,0.4067796610169492
LNGN0287,terminal,total_route_exposure,60,18,0.31666666666666665,0.503939284299098,1.591387213576099,0.0,2.0,0.19362186788154892,0.3728813559322034
LNGN0287,terminal,total_degree,60,18,0.31666666666666665,0.503939284299098,1.591387213576099,0.0,2.0,0.19362186788154892,0.3728813559322034
LNGN0287,terminal,total_strength,60,18,47062.566666666666,84102.52729759635,1.7870365612074497,0.0,475000.0,0.15332756248051624,58593.83050847457
LNGN0287,terminal,betweenness,60,18,0.0,0.0,,0.0,0.0,,0.0
LNGN0287,terminal,pagerank,60,18,0.0025270775393764545,0.00409615148071888,1.620904549580852,0.0,0.012475777774709604,0.1911783643399987,0.0030884785690074674
LNGN0287,terminal,eigenvector,60,18,4.196408925265119e-06,1.1588508915158685e-05,2.761529946566528,0.0,5.407821065264913e-05,0.31237858327938406,5.6543525052335494e-06
LNGN0287,terminal,share_monthly_network_flow,60,18,0.0005468893545396459,0.0009246094786108374,1.6906700979563671,0.0,0.0037161728326736304,0.11831103917273618,0.0007090056106330804
LNGN0288,terminal,node_throughput,60,11,37078.55,83646.3215602263,2.2559221318046765,0.0,346000.0,0.08380853193559676,58040.4406779661
LNGN0288,terminal,total_voyages,60,11,0.21666666666666667,0.4903014177278999,2.262929620282615,0.0,2.0,0.08033573141486809,0.3389830508474576
LNGN0288,terminal,total_route_exposure,60,11,0.2,0.44340745313032953,2.2170372656516477,0.0,2.0,0.13489736070381222,0.3050847457627119
LNGN0288,terminal,total_degree,60,11,0.18333333333333332,0.39020492949942315,2.1283905245423083,0.0,1.0,0.10606060606060609,0.2711864406779661
LNGN0288,terminal,total_strength,60,11,37078.55,83646.3215602263,2.2559221318046765,0.0,346000.0,0.08380853193559676,58040.4406779661
LNGN0288,terminal,betweenness,60,11,0.0,0.0,,0.0,0.0,,0.0
LNGN0288,terminal,pagerank,60,11,0.0009970790938341508,0.0021355042023032383,2.1417600825340815,0.0,0.0067824296004264945,0.07893923003217963,0.0015116881815411022
LNGN0288,terminal,eigenvector,60,11,4.2591515842689926e-05,0.0002490310010592478,5.846962619950741,0.0,0.0019074095745220429,-0.029112167491554923,8.502692499498658e-05
LNGN0288,terminal,share_monthly_network_flow,60,11,0.0003451994181234252,0.0007790311374728657,2.2567568094634654,0.0,0.0029624144184374236,0.040751445982047226,0.0005554044212829426
LNGN0290,terminal,node_throughput,60,2,5563.333333333333,30240.560744210645,5.43569096660467,0.0,174000.0,0.4806192569167448,5898.3050847457625
LNGN0290,terminal,total_voyages,60,2,0.03333333333333333,0.1810203347193925,5.430610041581775,0.0,1.0,0.4824561403508772,0.03389830508474576
LNGN0290,terminal,total_route_exposure,60,2,0.03333333333333333,0.1810203347193925,5.430610041581775,0.0,1.0,0.4824561403508772,0.03389830508474576
LNGN0290,terminal,total_degree,60,2,0.03333333333333333,0.1810203347193925,5.430610041581775,0.0,1.0,0.4824561403508772,0.03389830508474576
LNGN0290,terminal,total_strength,60,2,5563.333333333333,30240.560744210645,5.43569096660467,0.0,174000.0,0.4806192569167448,5898.3050847457625
LNGN0290,terminal,betweenness,60,2,0.0,0.0,,0.0,0.0,,0.0
LNGN0290,terminal,pagerank,60,2,0.00019932931205292418,0.0010829569189945672,5.43300384595232,0.0,0.0061544670699437325,0.48159007672485105,0.00020862600237097397
LNGN0290,terminal,eigenvector,60,2,3.3047367242144778e-06,1.8553243847265822e-05,5.614136736316219,0.0,0.00012469707186556114,0.4192382830472104,4.227019385273259e-06
LNGN0290,terminal,share_monthly_network_flow,60,2,4.352986867933691e-05,0.00023738597840110032,5.4534044232893475,0.0,0.0014236585092915932,0.47425552453417896,4.825961048446079e-05
LNGN0291,terminal,node_throughput,60,13,36526.333333333336,70153.8892930239,1.9206386979172256,0.0,174000.0,0.1342029854264019,49355.93220338983
LNGN0291,terminal,total_voyages,60,13,0.21666666666666667,0.415450201656585,1.9174624691842386,0.0,1.0,0.13775261216405588,0.288135593220339
LNGN0291,terminal,total_route_exposure,60,13,0.21666666666666667,0.415450201656585,1.9174624691842386,0.0,1.0,0.13775261216405588,0.288135593220339
LNGN0291,terminal,total_degree,60,13,0.21666666666666667,0.415450201656585,1.9174624691842386,0.0,1.0,0.13775261216405588,0.288135593220339
LNGN0291,terminal,total_strength,60,13,36526.333333333336,70153.8892930239,1.9206386979172256,0.0,174000.0,0.1342029854264019,49355.93220338983
LNGN0291,terminal,betweenness,60,13,0.0,0.0,,0.0,0.0,,0.0
LNGN0291,terminal,pagerank,60,13,0.002079055388939114,0.0043797306703582,2.1065964349285844,0.0,0.02023238815183605,0.07382504234848652,0.002961077263258832
LNGN0291,terminal,eigenvector,60,13,0.0004654912568453568,0.003405497496874015,7.315921506137703,0.0,0.026385281461467198,0.018831392172570124,0.0009104962146392328
LNGN0291,terminal,share_monthly_network_flow,60,13,0.0005260801178159521,0.001086504521779618,2.065283376019409,0.0,0.004224957215630817,0.14325660879498067,0.0007178159629567305
LNGN0293,terminal,node_throughput,60,9,9750.0,24981.77301655844,2.5622331299034298,0.0,90000.0,0.17289719626168218,15254.237288135593
LNGN0293,terminal,total_voyages,60,9,0.21666666666666667,0.5551505114790766,2.56223312990343,0.0,2.0,0.1728971962616821,0.3389830508474576
LNGN0293,terminal,total_route_exposure,60,9,0.15,0.3600847357902755,2.4005649052685034,0.0,1.0,0.21333333333333354,0.2033898305084746
LNGN0293,terminal,total_degree,60,9,0.15,0.3600847357902755,2.4005649052685034,0.0,1.0,0.21333333333333354,0.2033898305084746
LNGN0293,terminal,total_strength,60,9,9750.0,24981.77301655844,2.5622331299034298,0.0,90000.0,0.17289719626168218,15254.237288135593
LNGN0293,terminal,betweenness,60,9,0.0,0.0,,0.0,0.0,,0.0
LNGN0293,terminal,pagerank,60,9,0.0008925542519255622,0.00214668888745755,2.405107457419385,0.0,0.006398907414571078,0.19421803518287462,0.001241130795419116
LNGN0293,terminal,eigenvector,60,9,0.00011506268504146674,0.00031113203500533776,2.7040220284552787,0.0,0.0014120046782683511,0.21051584584319008,0.00017614879607981128
LNGN0293,terminal,share_monthly_network_flow,60,9,8.963980641517755e-05,0.0002250058436689175,2.51011077184589,0.0,0.0008104299087536965,0.14575173984632986,0.00014179394434007223
LNGN0294,terminal,node_throughput,60,11,49986.683333333334,115445.78086622863,2.309530722340289,0.0,463348.0,0.5646182045204186,46262.64406779661
LNGN0294,terminal,total_voyages,60,11,0.3,0.6962368581968814,2.320789527322938,0.0,3.0,0.5790725326991677,0.2711864406779661
LNGN0294,terminal,total_route_exposure,60,11,0.3,0.6962368581968814,2.320789527322938,0.0,3.0,0.5790725326991677,0.2711864406779661
LNGN0294,terminal,total_degree,60,11,0.26666666666666666,0.6069279874259417,2.2759799528472815,0.0,2.0,0.538341158059468,0.23728813559322035
LNGN0294,terminal,total_strength,60,11,49986.683333333334,115445.78086622863,2.309530722340289,0.0,463348.0,0.5646182045204186,46262.64406779661
LNGN0294,terminal,betweenness,60,11,0.0,0.0,,0.0,0.0,,0.0
LNGN0294,terminal,pagerank,60,11,0.0011976332395865039,0.0025739384893748727,2.149187584559321,0.0,0.007977563300738075,0.5862101357733482,0.0008545901790713411
LNGN0294,terminal,eigenvector,60,11,9.85500691401775e-05,0.00030037527282096295,3.047945835468766,0.0,0.0018687329486987666,0.5518462894396424,9.943908928103633e-05
LNGN0294,terminal,share_monthly_network_flow,60,11,0.00044568727387456854,0.0010268848019719331,2.3040478428848594,0.0,0.003902616424095421,0.458778904040165,0.0004509644023160563
LNGN0297,terminal,node_throughput,60,60,1136068.05,392740.6060479737,0.345701655854131,486615.0,2648195.0,0.2947404586964831,368343.9661016949
LNGN0297,terminal,total_voyages,60,60,7.65,2.4413458361169202,0.31913017465580656,3.0,17.0,0.3005558668165281,2.2542372881355934
LNGN0297,terminal,total_route_exposure,60,60,6.15,1.9900174601056706,0.32358007481393014,2.0,13.0,0.30401455386717563,1.728813559322034
LNGN0297,terminal,total_degree,60,60,1.9333333333333333,0.40616714713579355,0.21008645541506563,1.0,3.0,0.19364873644413516,0.2542372881355932
LNGN0297,terminal,total_strength,60,60,1136068.05,392740.6060479737,0.345701655854131,486615.0,2648195.0,0.2947404586964831,368343.9661016949
LNGN0297,terminal,betweenness,60,60,0.0,0.0,,0.0,0.0,,0.0
LNGN0297,terminal,pagerank,60,60,0.0061534110443957025,0.0007473450920906329,0.12145216477473693,0.004800752932868219,0.007834015034777991,0.8372327962046167,0.00033770826762050777
LNGN0297,terminal,eigenvector,60,60,0.0009856490018947588,0.002256494537194372,2.2893489800695863,0.0,0.0109772590054019,0.38360462436694415,0.0010787601352138854
LNGN0297,terminal,share_monthly_network_flow,60,60,0.013192422376577745,0.004441089091405643,0.336639395300934,0.006630655634605292,0.025670860520241767,0.4543339248670553,0.003745941792333545
LNGN0299,terminal,node_throughput,60,6,3000.0,10033.84104427088,3.3446136814236263,0.0,54000.0,0.2205389213379711,4271.186440677966
LNGN0299,terminal,total_voyages,60,6,0.16666666666666666,0.5574356135706043,3.3446136814236263,0.0,3.0,0.22053892133797115,0.23728813559322035
LNGN0299,terminal,total_route_exposure,60,6,0.1,0.30253169045376643,3.025316904537664,0.0,1.0,0.3003220571188205,0.11864406779661017
LNGN0299,terminal,total_degree,60,6,0.1,0.30253169045376643,3.025316904537664,0.0,1.0,0.3003220571188205,0.11864406779661017
LNGN0299,terminal,total_strength,60,6,3000.0,10033.84104427088,3.3446136814236263,0.0,54000.0,0.2205389213379711,4271.186440677966
LNGN0299,terminal,betweenness,60,6,0.0,0.0,,0.0,0.0,,0.0
LNGN0299,terminal,pagerank,60,6,0.0007837735732602509,0.0024229685883939023,3.091413988755856,0.0,0.010331069193981234,0.27497868623450056,0.0009608843112931665
LNGN0299,terminal,eigenvector,60,6,4.3401082305556017e-10,2.0811356537550707e-09,,0.0,1.4693207363809357e-08,0.06159902931219364,7.882888008240627e-10
LNGN0299,terminal,share_monthly_network_flow,60,6,4.602243860308702e-05,0.0001662690801888319,3.6127829214525624,0.0,0.0008908780913511014,0.19100861906652639,6.39560235883363e-05
LNGN0307,terminal,node_throughput,60,5,14266.666666666666,47744.32850040727,3.346565081804248,0.0,174000.0,0.3584379259857622,17220.338983050846
LNGN0307,terminal,total_voyages,60,5,0.08333333333333333,0.27871780678530217,3.3446136814236263,0.0,1.0,0.3444444444444451,0.1016949152542373
LNGN0307,terminal,total_route_exposure,60,5,0.08333333333333333,0.27871780678530217,3.3446136814236263,0.0,1.0,0.3444444444444451,0.1016949152542373
LNGN0307,terminal,total_degree,60,5,0.08333333333333333,0.27871780678530217,3.3446136814236263,0.0,1.0,0.3444444444444451,0.1016949152542373
LNGN0307,terminal,total_strength,60,5,14266.666666666666,47744.32850040727,3.346565081804248,0.0,174000.0,0.3584379259857622,17220.338983050846
LNGN0307,terminal,betweenness,60,5,0.0,0.0,,0.0,0.0,,0.0
LNGN0307,terminal,pagerank,60,5,0.0005904883251202785,0.0019874893461655284,3.3658402065116024,0.0,0.0077184418809701115,0.37940608453493124,0.0007089383532590633
LNGN0307,terminal,eigenvector,60,5,1.4213915351407646e-05,9.276895239016444e-05,6.526629017878403,0.0,0.000710719924757203,0.011474119032537559,2.7427397285991855e-05
LNGN0307,terminal,share_monthly_network_flow,60,5,0.0001507496766329135,0.0005175015771457079,3.432853646551177,0.0,0.0023265725675031966,0.3969073560688115,0.000185000234948391
LNGN0308,terminal,node_throughput,60,18,65217.88333333333,111891.94516231495,1.7156635487605003,0.0,480200.0,0.6723509910803155,41056.71186440678
LNGN0308,terminal,total_voyages,60,18,0.4,0.6937981927069211,1.7344954817673026,0.0,3.0,0.6675439602669937,0.2542372881355932
LNGN0308,terminal,total_route_exposure,60,18,0.4,0.6937981927069211,1.7344954817673026,0.0,3.0,0.6675439602669937,0.2542372881355932
LNGN0308,terminal,total_degree,60,18,0.31666666666666665,0.5039392842990978,1.5913872135760985,0.0,2.0,0.6944042192263741,0.15254237288135594
LNGN0308,terminal,total_strength,60,18,65217.88333333333,111891.94516231495,1.7156635487605003,0.0,480200.0,0.6723509910803155,41056.71186440678
LNGN0308,terminal,betweenness,60,18,0.0,0.0,,0.0,0.0,,0.0
LNGN0308,terminal,pagerank,60,18,0.0017201482375152344,0.0026977463687148096,1.5683220259038384,0.0,0.007834015034777991,0.7440522387602564,0.0007233001973752523
LNGN0308,terminal,eigenvector,60,18,2.3339453429801875e-06,7.94327178097894e-06,3.4033666661774813,0.0,4.695908337465871e-05,0.08122712169979666,3.930890830246722e-06
LNGN0308,terminal,share_monthly_network_flow,60,18,0.000842431876041735,0.0018593890753257252,2.2071684704789223,0.0,0.010050917462271856,0.8033896814297704,0.0005089983492595194
LNGN0309,terminal,node_throughput,60,31,167952.26666666666,213250.2509947351,1.2697074902714527,0.0,866000.0,0.4484341741736185,143374.33898305084
LNGN0309,terminal,total_voyages,60,31,0.9833333333333333,1.2418093233182887,1.2628569389677513,0.0,5.0,0.4530877852571143,0.8305084745762712
LNGN0309,terminal,total_route_exposure,60,31,0.9333333333333333,1.1179076500875613,1.1977581965223871,0.0,4.0,0.4202203626814544,0.7627118644067796
LNGN0309,terminal,total_degree,60,31,0.6833333333333333,0.7917298517752696,1.1586290513784432,0.0,3.0,0.5505844738786059,0.4576271186440678
LNGN0309,terminal,total_strength,60,31,167952.26666666666,213250.2509947351,1.2697074902714527,0.0,866000.0,0.4484341741736185,143374.33898305084
LNGN0309,terminal,betweenness,60,31,0.0,0.0,,0.0,0.0,,0.0
LNGN0309,terminal,pagerank,60,31,0.0030113773289222605,0.002986802538897279,0.991839352116735,0.0,0.007834015034777991,0.5403530854338738,0.0014591333392984743
LNGN0309,terminal,eigenvector,60,31,0.0011824145177583788,0.004483932337264681,3.792183088013262,0.0,0.02503161706187195,0.16411677117167353,0.0019290664554795912
LNGN0309,terminal,share_monthly_network_flow,60,31,0.0019100076890238018,0.0027892240457261046,1.460320846745736,0.0,0.01248798734208374,0.4912380573643167,0.0016984977380103065
LNGN0312,terminal,node_throughput,60,37,161210.71666666667,170236.93059471023,1.055990160670937,0.0,819562.0,-0.09302143326135423,196414.16949152542
LNGN0312,terminal,total_voyages,60,37,0.9833333333333333,1.0332057511908193,1.0507177130754095,0.0,5.0,-0.11201865360825765,1.2033898305084745
LNGN0312,terminal,total_route_exposure,60,37,0.9666666666666667,1.0245572283305084,1.0598867879281122,0.0,5.0,-0.11445459836032944,1.1694915254237288
LNGN0312,terminal,total_degree,60,37,0.8333333333333334,0.8470620545708474,1.0164744654850169,0.0,4.0,-0.06017966927254263,0.9322033898305084
LNGN0312,terminal,total_strength,60,37,161210.71666666667,170236.93059471023,1.055990160670937,0.0,819562.0,-0.09302143326135423,196414.16949152542
LNGN0312,terminal,betweenness,60,37,0.0,0.0,,0.0,0.0,,0.0
LNGN0312,terminal,pagerank,60,37,0.0036742102047465923,0.002973103799676955,0.8091817381150646,0.0,0.007325800122638398,-0.24161333318397396,0.0035591685001632968
LNGN0312,terminal,eigenvector,60,37,0.00017691210890381982,0.00036670441031757525,2.072805601548383,0.0,0.0017024513221088732,-0.14988643189742495,0.0003186320162070633
LNGN0312,terminal,share_monthly_network_flow,60,37,0.0017766994032783266,0.0019020733122013655,1.0705656278668758,0.0,0.00944709249769826,-0.1598798090238142,0.002224380359064452
LNGN0314,terminal,node_throughput,60,52,562329.8666666667,428246.68610302074,0.761557782163602,0.0,2091000.0,0.6305512224842881,289843.28813559323
LNGN0314,terminal,total_voyages,60,52,2.95,2.1972633209733683,0.7448350240587689,0.0,11.0,0.5786995533443816,1.5593220338983051
LNGN0314,terminal,total_route_exposure,60,52,2.3833333333333333,1.574065950276293,0.6604472518641789,0.0,7.0,0.4766600336920889,1.2542372881355932
LNGN0314,terminal,total_degree,60,52,1.5333333333333334,0.8530437361701971,0.5563328714153459,0.0,3.0,0.32828737684282194,0.711864406779661
LNGN0314,terminal,total_strength,60,52,562329.8666666667,428246.68610302074,0.761557782163602,0.0,2091000.0,0.6305512224842881,289843.28813559323
LNGN0314,terminal,betweenness,60,52,0.0,0.0,,0.0,0.0,,0.0
LNGN0314,terminal,pagerank,60,52,0.01109335111420756,0.005525850759576997,0.49812276765493235,0.0,0.02213870228826608,0.32611220642271266,0.00468848392131562
LNGN0314,terminal,eigenvector,60,52,0.005665436378911739,0.00712082950768715,1.2568898548032013,0.0,0.028551678304541722,0.3993883379046931,0.0051961579633354096
LNGN0314,terminal,share_monthly_network_flow,60,52,0.006090945145545693,0.004110183001327032,0.6748021699608981,0.0,0.014705429052412745,0.4694606273423045,0.0032971362512664243
LNGN0319,terminal,node_throughput,60,46,420694.68333333335,359078.81161833677,0.8535377931881877,0.0,1363317.0,0.3800969888266037,336445.25423728814
LNGN0319,terminal,total_voyages,60,46,1.95,1.7116252559918461,0.8777565415342801,0.0,7.0,0.4054679511213483,1.5423728813559323
LNGN0319,terminal,total_route_exposure,60,46,1.3833333333333333,1.1511477936989034,0.8321550315895687,0.0,5.0,0.3592528236316245,1.0169491525423728
LNGN0319,terminal,total_degree,60,46,0.9,0.6022556470526281,0.6691729411695868,0.0,2.0,0.11172741679873219,0.576271186440678
LNGN0319,terminal,total_strength,60,46,420694.68333333335,359078.81161833677,0.8535377931881877,0.0,1363317.0,0.3800969888266037,336445.25423728814
LNGN0319,terminal,betweenness,60,46,0.0,0.0,,0.0,0.0,,0.0
LNGN0319,terminal,pagerank,60,46,0.008334548163333039,0.00544569347174456,0.6533879659730459,0.0,0.0178029606407857,0.16645749954666267,0.005207871097850296
LNGN0319,terminal,eigenvector,60,46,0.006316270904157332,0.00999167892669254,1.5818952477348742,0.0,0.053475222074309034,0.3381423365329917,0.006871608691454365
LNGN0319,terminal,share_monthly_network_flow,60,46,0.0049705423453963275,0.004522711404129896,0.9099030025000775,0.0,0.016729318485909028,0.3399259111414072,0.004149380413485837
LNGN0322,terminal,node_throughput,60,53,316059.38333333336,190819.72362105723,0.6037464276762459,0.0,681000.0,0.16713745846567715,187564.06779661018
LNGN0322,terminal,total_voyages,60,53,1.8833333333333333,1.1363287103004605,0.603360377150687,0.0,4.0,0.16972629059795452,1.11864406779661
LNGN0322,terminal,total_route_exposure,60,53,1.75,1.0989208882554138,0.6279547932888079,0.0,4.0,0.2571002198091168,0.9491525423728814
LNGN0322,terminal,total_degree,60,53,1.7166666666666666,1.0750114964567234,0.6262202891980914,0.0,4.0,0.2525554704541965,0.9152542372881356
LNGN0322,terminal,total_strength,60,53,316059.38333333336,190819.72362105723,0.6037464276762459,0.0,681000.0,0.16713745846567715,187564.06779661018
LNGN0322,terminal,betweenness,60,53,0.0,0.0,,0.0,0.0,,0.0
LNGN0322,terminal,pagerank,60,53,0.005391085570964392,0.0020833343490613073,0.38644060118092816,0.0,0.007325800122638398,0.16546132195810312,0.0013699757901551293
LNGN0322,terminal,eigenvector,60,53,5.1171540538244815e-05,0.00010286968113947023,2.0102908776527264,0.0,0.0005039450509851124,0.04208878007587311,8.067103218227135e-05
LNGN0322,terminal,share_monthly_network_flow,60,53,0.0037896871698683003,0.002704476476560762,0.7136410883895592,0.0,0.011664230118673903,0.4068566760587818,0.0021646900002350255
LNGN0324,terminal,node_throughput,60,32,127980.31666666667,147120.93784303198,1.149559101546985,0.0,527673.0,0.3064642730591759,120092.33898305085
LNGN0324,terminal,total_voyages,60,32,0.75,0.8561838864739438,1.1415785152985918,0.0,3.0,0.31307299836724556,0.6949152542372882
LNGN0324,terminal,total_route_exposure,60,32,0.6666666666666666,0.7516460280028289,1.1274690420042435,0.0,3.0,0.10769372379266055,0.6949152542372882
LNGN0324,terminal,total_degree,60,32,0.5833333333333334,0.5906522297402891,1.0125466795547813,0.0,2.0,0.13928394669793834,0.5254237288135594
LNGN0324,terminal,total_strength,60,32,127980.31666666667,147120.93784303198,1.149559101546985,0.0,527673.0,0.3064642730591759,120092.33898305085
LNGN0324,terminal,betweenness,60,32,0.0,0.0,,0.0,0.0,,0.0
LNGN0324,terminal,pagerank,60,32,0.005336988695955469,0.005770023908750476,1.0811384916597584,0.0,0.0240941546821457,0.09276936196456148,0.005477877730430644
LNGN0324,terminal,eigenvector,60,32,6.582160341840013e-05,0.00020278937461997863,3.080893872045812,0.0,0.0014290693430829187,0.23214844613894844,0.00010561203140452972
LNGN0324,terminal,share_monthly_network_flow,60,32,0.0013724858197388496,0.0015854743918494413,1.1551845338198963,0.0,0.0065099771608928434,0.15527690113455053,0.0014095700643667612
LNGN0328,terminal,node_throughput,60,60,6836770.383333334,2144489.9091288964,0.31367002091466023,572054.0,10912603.0,0.726014241158839,1299804.6949152541
LNGN0328,terminal,total_voyages,60,60,33.0,11.05916293151352,0.3351261494398036,3.0,52.0,0.7594463572444929,6.406779661016949
LNGN0328,terminal,total_route_exposure,60,60,17.65,4.987526814846569,0.28257942293748267,3.0,29.0,0.682029731494993,3.135593220338983
LNGN0328,terminal,total_degree,60,60,2.05,0.8320894671583893,0.40589730105287286,1.0,3.0,0.5972696245733794,0.4745762711864407
LNGN0328,terminal,total_strength,60,60,6836770.383333334,2144489.9091288964,0.31367002091466023,572054.0,10912603.0,0.726014241158839,1299804.6949152541
LNGN0328,terminal,betweenness,60,60,0.0,0.0,,0.0,0.0,,0.0
LNGN0328,terminal,pagerank,60,60,0.0061534110443957025,0.0007473450920906329,0.12145216477473693,0.004800752932868219,0.007834015034777991,0.8372327962046167,0.00033770826762050777
LNGN0328,terminal,eigenvector,60,60,0.45539838866679166,0.1892997110085523,0.41567936057643834,0.0,0.5792757453385807,0.5029659139424191,0.09139740001500951
LNGN0328,terminal,share_monthly_network_flow,60,60,0.07667349805877752,0.016530089923324005,0.21559065833480195,0.010257601070419495,0.11475484791816616,0.5995206075305135,0.011782588933596709
LNGN0331,terminal,node_throughput,60,36,155797.26666666666,173577.79885579433,1.1141260855825519,0.0,670400.0,0.0526788915460651,178127.93220338982
LNGN0331,terminal,total_voyages,60,36,1.0166666666666666,1.0968625003311805,1.078881147866735,0.0,4.0,0.08575582401849974,1.0847457627118644
LNGN0331,terminal,total_route_exposure,60,36,0.95,1.0484047607545863,1.1035839586890384,0.0,4.0,0.10754129421281204,0.9830508474576272
LNGN0331,terminal,total_degree,60,36,0.7666666666666667,0.7448504949901058,0.9715441239001379,0.0,3.0,0.08996130890159075,0.7288135593220338
LNGN0331,terminal,total_strength,60,36,155797.26666666666,173577.79885579433,1.1141260855825519,0.0,670400.0,0.0526788915460651,178127.93220338982
LNGN0331,terminal,betweenness,60,36,0.0,0.0,,0.0,0.0,,0.0
LNGN0331,terminal,pagerank,60,36,0.004674321440915828,0.004028497981996199,0.861835890602959,0.0,0.012686609222291242,0.11474769540419603,0.0036217174220967304
LNGN0331,terminal,eigenvector,60,36,0.0010193312471135246,0.002215886898801619,2.1738634080691845,0.0,0.010937090015067132,0.14062067797586977,0.0015737206333699908
LNGN0331,terminal,share_monthly_network_flow,60,36,0.0017615804418986273,0.0019989734502162664,1.1347613782892467,0.0,0.006972486910417237,0.004259418466359315,0.0020401068189382404
LNGN0334,terminal,node_throughput,60,21,8359.433333333332,13178.49537509546,1.576481903689101,0.0,68907.0,0.1685456818066757,9616.610169491525
LNGN0334,terminal,total_voyages,60,21,0.4,0.6161663873899261,1.5404159684748153,0.0,3.0,0.19306767294514016,0.4406779661016949
LNGN0334,terminal,total_route_exposure,60,21,0.38333333333333336,0.5848849420870962,1.5257868054445987,0.0,3.0,0.17191794442879949,0.423728813559322
LNGN0334,terminal,total_degree,60,21,0.36666666666666664,0.5196696038591647,1.4172807377977221,0.0,2.0,0.20238853815824756,0.3898305084745763
LNGN0334,terminal,total_strength,60,21,8359.433333333332,13178.49537509546,1.576481903689101,0.0,68907.0,0.1685456818066757,9616.610169491525
LNGN0334,terminal,betweenness,60,21,0.0,0.0,,0.0,0.0,,0.0
LNGN0334,terminal,pagerank,60,21,0.0020990687368137055,0.002926313647065593,1.39410091520281,0.0,0.007505716796232779,0.20515451004054538,0.002229065670078751
LNGN0334,terminal,eigenvector,60,21,5.99745524154634e-08,2.1094689895607424e-07,3.5172734178118725,0.0,1.1839843061293496e-06,-0.019750959303959564,1.0416348708251369e-07
LNGN0334,terminal,share_monthly_network_flow,60,21,9.60042130810111e-05,0.00014692407829255147,1.5303919856993435,0.0,0.0005430252661246989,0.20312322074794345,0.0001072066595085376
LNGN0344,terminal,node_throughput,60,1,2900.0,22463.30340800302,7.745966692414834,0.0,174000.0,-0.01724137931034484,5898.3050847457625
LNGN0344,terminal,total_voyages,60,1,0.016666666666666666,0.12909944487358055,7.745966692414833,0.0,1.0,-0.017241379310344834,0.03389830508474576
LNGN0344,terminal,total_route_exposure,60,1,0.016666666666666666,0.12909944487358055,7.745966692414833,0.0,1.0,-0.017241379310344834,0.03389830508474576
LNGN0344,terminal,total_degree,60,1,0.016666666666666666,0.12909944487358055,7.745966692414833,0.0,1.0,-0.017241379310344834,0.03389830508474576
LNGN0344,terminal,total_strength,60,1,2900.0,22463.30340800302,7.745966692414834,0.0,174000.0,-0.01724137931034484,5898.3050847457625
LNGN0344,terminal,betweenness,60,1,0.0,0.0,,0.0,0.0,,0.0
LNGN0344,terminal,pagerank,60,1,0.00012622210386659848,0.0009777122123971974,7.745966692414834,0.0,0.007573326231995909,-0.017241379310344848,0.0002567229231185054
LNGN0344,terminal,eigenvector,60,1,2.7891504748806496e-06,2.1604666678558525e-05,7.745966692414832,0.0,0.000167349028492839,-0.017241379310344848,5.6728484234860675e-06
LNGN0344,terminal,share_monthly_network_flow,60,1,4.4541691414823974e-05,0.0003450184581230463,7.745966692414834,0.0,0.0026725014848894384,-0.01724137931034484,9.059327067421825e-05
LNGN0345,terminal,node_throughput,60,60,2321336.5833333335,930487.0367720645,0.40084106865533803,346000.0,4604095.0,0.7146184564780664,551645.8305084746
LNGN0345,terminal,total_voyages,60,60,13.733333333333333,5.4364328617106095,0.3958567617750444,2.0,27.0,0.7039150043761898,3.2542372881355934
LNGN0345,terminal,total_route_exposure,60,60,10.6,3.3809034997432668,0.31895316035313837,2.0,18.0,0.5549350270271951,2.5254237288135593
LNGN0345,terminal,total_degree,60,60,5.266666666666667,1.6556699362654104,0.314367709417483,1.0,10.0,0.6439762862587337,1.152542372881356
LNGN0345,terminal,total_strength,60,60,2321336.5833333335,930487.0367720645,0.40084106865533803,346000.0,4604095.0,0.7146184564780664,551645.8305084746
LNGN0345,terminal,betweenness,60,60,0.0,0.0,,0.0,0.0,,0.0
LNGN0345,terminal,pagerank,60,60,0.0061534110443957025,0.0007473450920906329,0.12145216477473693,0.004800752932868219,0.007834015034777991,0.8372327962046167,0.00033770826762050777
LNGN0345,terminal,eigenvector,60,60,0.009753054101097444,0.036279767813758926,3.719836621195059,0.0,0.20485892000058717,-0.06106352719652577,0.01727404988066813
LNGN0345,terminal,share_monthly_network_flow,60,60,0.025916663374091407,0.00812043472852283,0.3133287110037759,0.0065099771608928434,0.04656322784198648,0.5858636183823752,0.005704578017530439
LNGN0347,terminal,node_throughput,60,48,298138.4166666667,258549.72598501266,0.8672137219876762,0.0,1146343.0,0.23218660675210379,215962.16949152542
LNGN0347,terminal,total_voyages,60,48,1.9666666666666666,1.707080634822301,0.8680071024520175,0.0,9.0,0.2142857142857143,1.3898305084745763
LNGN0347,terminal,total_route_exposure,60,48,1.65,1.3381621598676652,0.8110073696167668,0.0,6.0,0.15436573311367374,1.152542372881356
LNGN0347,terminal,total_degree,60,48,1.1833333333333333,0.7917298517752697,0.6690674803734673,0.0,3.0,0.24070543374642492,0.711864406779661
LNGN0347,terminal,total_strength,60,48,298138.4166666667,258549.72598501266,0.8672137219876762,0.0,1146343.0,0.23218660675210379,215962.16949152542
LNGN0347,terminal,betweenness,60,48,0.0,0.0,,0.0,0.0,,0.0
LNGN0347,terminal,pagerank,60,48,0.006666753449004534,0.0037263736815708968,0.5589487762034024,0.0,0.015985859422549757,0.11677018588171885,0.0030233419390551983
LNGN0347,terminal,eigenvector,60,48,0.00132669508998117,0.0023113585365599518,1.7421927268855402,0.0,0.011500584779865854,0.016179969307450744,0.0019142040153062895
LNGN0347,terminal,share_monthly_network_flow,60,48,0.0031688845938262636,0.0025941978089149844,0.8186469819598653,0.0,0.010678988676510518,0.20128467369936065,0.002315976629794864
LNGN0348,terminal,node_throughput,60,6,24060.5,83996.905855342,3.491070669991979,0.0,504520.0,0.04188589425336059,40973.898305084746
LNGN0348,terminal,total_voyages,60,6,0.15,0.5150283849343992,3.433522566229328,0.0,3.0,0.05106825697475638,0.2542372881355932
LNGN0348,terminal,total_route_exposure,60,6,0.1,0.30253169045376643,3.025316904537664,0.0,1.0,0.09896976882324748,0.15254237288135594
LNGN0348,terminal,total_degree,60,6,0.1,0.30253169045376643,3.025316904537664,0.0,1.0,0.09896976882324748,0.15254237288135594
LNGN0348,terminal,total_strength,60,6,24060.5,83996.905855342,3.491070669991979,0.0,504520.0,0.04188589425336059,40973.898305084746
LNGN0348,terminal,betweenness,60,6,0.0,0.0,,0.0,0.0,,0.0
LNGN0348,terminal,pagerank,60,6,0.000946531389638301,0.0029263789224517715,3.0916871373595245,0.0,0.01167737162234483,0.15769332228092392,0.0014318945597340722
LNGN0348,terminal,eigenvector,60,6,1.1557957840565316e-07,7.606572575131242e-07,6.5812427074566955,0.0,5.801197174941174e-06,-0.02388666539181884,2.3507710862166742e-07
LNGN0348,terminal,share_monthly_network_flow,60,6,0.0003125027455899495,0.0010375447950480596,3.320114174003047,0.0,0.005688662511650885,0.16264621128820658,0.0005052193941744126
LNGN0351,terminal,node_throughput,60,33,115338.66666666667,121148.93766144701,1.050375742694965,0.0,450000.0,0.06925687833212596,113139.66101694915
LNGN0351,terminal,total_voyages,60,33,0.8166666666666667,0.8535403174111507,1.0451514090748784,0.0,3.0,0.11843637241519725,0.7796610169491526
LNGN0351,terminal,total_route_exposure,60,33,0.75,0.7945790912196153,1.0594387882928205,0.0,3.0,0.06092448354184524,0.711864406779661
LNGN0351,terminal,total_degree,60,33,0.6333333333333333,0.6369063647932279,1.0056416286208862,0.0,2.0,0.1675005004343413,0.5084745762711864
LNGN0351,terminal,total_strength,60,33,115338.66666666667,121148.93766144701,1.050375742694965,0.0,450000.0,0.06925687833212596,113139.66101694915
LNGN0351,terminal,betweenness,60,33,0.0,0.0,,0.0,0.0,,0.0
LNGN0351,terminal,pagerank,60,33,0.0032969933951930825,0.003060256375306117,0.9281960891301386,0.0,0.007505716796232779,0.13179074501432553,0.0026079793363291445
LNGN0351,terminal,eigenvector,60,33,0.0002222713718223721,0.001418032472749196,6.3797351009396515,0.0,0.010996149494047279,-0.024408503902046835,0.00043458935929185536
LNGN0351,terminal,share_monthly_network_flow,60,33,0.0013758224744469172,0.0015631491062404479,1.1361561068180954,0.0,0.005591378377837878,-0.062394026028766036,0.0014818650609494828
LNGN0354,terminal,node_throughput,60,17,59871.46666666667,103388.21378708316,1.7268361632544467,0.0,351000.0,0.11176174063279945,87372.47457627118
LNGN0354,terminal,total_voyages,60,17,0.35,0.6057632809459259,1.7307522312740742,0.0,2.0,0.11732283464566923,0.5084745762711864
LNGN0354,terminal,total_route_exposure,60,17,0.31666666666666665,0.5365194379932872,1.6942719094524858,0.0,2.0,0.1706827309236947,0.4406779661016949
LNGN0354,terminal,total_degree,60,17,0.2833333333333333,0.4544196025054849,1.6038338911958292,0.0,1.0,0.09103641456582634,0.3728813559322034
LNGN0354,terminal,total_strength,60,17,59871.46666666667,103388.21378708316,1.7268361632544467,0.0,351000.0,0.11176174063279945,87372.47457627118
LNGN0354,terminal,betweenness,60,17,0.0,0.0,,0.0,0.0,,0.0
LNGN0354,terminal,pagerank,60,17,0.0026356927850794834,0.004327956676969726,1.6420565786232972,0.0,0.012684290685892885,0.10394487675822928,0.0036221057361284707
LNGN0354,terminal,eigenvector,60,17,0.000256869949967359,0.0017029087546422202,6.629458817034115,0.0,0.013195379392856735,-0.022524114909006642,0.000510062999543825
LNGN0354,terminal,share_monthly_network_flow,60,17,0.0006586584534829231,0.0011299912254038023,1.7155951152353948,0.0,0.003829102021688042,0.144129316036103,0.0009453718993345506
LNGN0359,terminal,node_throughput,60,46,197509.73333333334,159432.1711853566,0.8072117180994114,0.0,647000.0,0.05312619420181166,153680.0338983051
LNGN0359,terminal,total_voyages,60,46,1.25,1.002116404483827,0.8016931235870617,0.0,4.0,0.07226383313926327,0.9491525423728814
LNGN0359,terminal,total_route_exposure,60,46,1.0666666666666667,0.8410378307593313,0.788472966336873,0.0,3.0,0.0646686142945918,0.7288135593220338
LNGN0359,terminal,total_degree,60,46,1.0166666666666666,0.7917298517752698,0.7787506738773146,0.0,3.0,0.08136595854747136,0.6610169491525424
LNGN0359,terminal,total_strength,60,46,197509.73333333334,159432.1711853566,0.8072117180994114,0.0,647000.0,0.05312619420181166,153680.0338983051
LNGN0359,terminal,betweenness,60,46,0.0,0.0,,0.0,0.0,,0.0
LNGN0359,terminal,pagerank,60,46,0.0067341607543607565,0.004096585655424096,0.6083290561145753,0.0,0.014455599560983174,0.2263649286330995,0.003210568959873041
LNGN0359,terminal,eigenvector,60,46,0.0005920980210151465,0.0031808074012785897,5.372095984757937,0.0,0.024309567582383906,-0.023371691420463473,0.0010974976006989153
LNGN0359,terminal,share_monthly_network_flow,60,46,0.0022816521784791996,0.002037764899574414,0.8931093524222676,0.0,0.009598975327702423,0.15172010568546732,0.0017712669339125452
LNGN0361,terminal,node_throughput,60,1,2663.3333333333335,20630.091290798166,7.7459666924148305,0.0,159800.0,-0.017241379310344754,5416.949152542373
LNGN0361,terminal,total_voyages,60,1,0.016666666666666666,0.12909944487358058,7.745966692414835,0.0,1.0,-0.01724137931034484,0.03389830508474576
LNGN0361,terminal,total_route_exposure,60,1,0.016666666666666666,0.12909944487358058,7.745966692414835,0.0,1.0,-0.01724137931034484,0.03389830508474576
LNGN0361,terminal,total_degree,60,1,0.016666666666666666,0.12909944487358058,7.745966692414835,0.0,1.0,-0.01724137931034484,0.03389830508474576
LNGN0361,terminal,total_strength,60,1,2663.3333333333335,20630.091290798166,7.7459666924148305,0.0,159800.0,-0.017241379310344754,5416.949152542373
LNGN0361,terminal,betweenness,60,1,0.0,0.0,,0.0,0.0,,0.0
LNGN0361,terminal,pagerank,60,1,0.00016575401824579048,0.0012839251044658136,7.745966692414833,0.0,0.00994524109474743,-0.017241379310344838,0.0003371268167710993
LNGN0361,terminal,eigenvector,60,1,4.793172364646382e-07,3.7127753487554134e-06,7.745966692414836,0.0,2.875903418787829e-05,-0.017241379310344872,9.74882514843332e-07
LNGN0361,terminal,share_monthly_network_flow,60,1,4.0485235049978236e-05,0.00031359728223171704,7.745966692414834,0.0,0.0024291141029986942,-0.01724137931034484,8.234285094910828e-05
LNGN0362,terminal,node_throughput,60,9,24946.666666666668,60007.74940539402,2.4054415849302786,0.0,180000.0,0.21072857506687695,34644.06779661017
LNGN0362,terminal,total_voyages,60,9,0.15,0.3600847357902755,2.4005649052685034,0.0,1.0,0.21333333333333393,0.2033898305084746
LNGN0362,terminal,total_route_exposure,60,9,0.15,0.3600847357902755,2.4005649052685034,0.0,1.0,0.21333333333333393,0.2033898305084746
LNGN0362,terminal,total_degree,60,9,0.15,0.3600847357902755,2.4005649052685034,0.0,1.0,0.21333333333333393,0.2033898305084746
LNGN0362,terminal,total_strength,60,9,24946.666666666668,60007.74940539402,2.4054415849302786,0.0,180000.0,0.21072857506687695,34644.06779661017
LNGN0362,terminal,betweenness,60,9,0.0,0.0,,0.0,0.0,,0.0
LNGN0362,terminal,pagerank,60,9,0.001519985600800372,0.0037539947271824346,2.4697567695415734,0.0,0.012995960404260666,0.14392318501672577,0.002294868193754263
LNGN0362,terminal,eigenvector,60,9,1.0997509054359489e-05,6.789511258966521e-05,6.173680990310357,0.0,0.0005129028027965651,0.21145901543004814,1.808079854900919e-05
LNGN0362,terminal,share_monthly_network_flow,60,9,0.0003218665520854317,0.0007990035310231697,2.4824062203614545,0.0,0.0030253495246812855,0.3682341127792578,0.00041276160034294163
LNGN0363,terminal,node_throughput,60,38,177833.38333333333,177399.67882674877,0.9975611749692035,0.0,567590.0,0.14779212100337752,171354.81355932204
LNGN0363,terminal,total_voyages,60,38,1.0,1.0084389681792214,1.0084389681792214,0.0,3.0,0.16666666666666669,0.9491525423728814
LNGN0363,terminal,total_route_exposure,60,38,0.9,0.8576673133208372,0.9529636814675969,0.0,3.0,0.19335937499999997,0.7796610169491526
LNGN0363,terminal,total_degree,60,38,0.8,0.7083042533080239,0.8853803166350299,0.0,2.0,0.18807339449541277,0.6440677966101694
LNGN0363,terminal,total_strength,60,38,177833.38333333333,177399.67882674877,0.9975611749692035,0.0,567590.0,0.14779212100337752,171354.81355932204
LNGN0363,terminal,betweenness,60,38,0.0,0.0,,0.0,0.0,,0.0
LNGN0363,terminal,pagerank,60,38,0.005774673283516938,0.004766443078223311,0.8254048054681309,0.0,0.014505362635112005,0.2618824200253948,0.0041579815310805015
LNGN0363,terminal,eigenvector,60,38,0.0012586875752437798,0.002101792575893415,1.6698286510743894,0.0,0.007362857951575563,0.17184280627688928,0.001651774453074137
LNGN0363,terminal,share_monthly_network_flow,60,38,0.002039932224816618,0.002134754821881997,1.046483209545799,0.0,0.009331384094939122,0.2828834228866233,0.001869504898542295
LNGN0364,terminal,node_throughput,60,1,2900.0,22463.30340800302,7.745966692414834,0.0,174000.0,-0.01724137931034482,5898.3050847457625
LNGN0364,terminal,total_voyages,60,1,0.016666666666666666,0.12909944487358058,7.745966692414835,0.0,1.0,-0.017241379310344834,0.03389830508474576
LNGN0364,terminal,total_route_exposure,60,1,0.016666666666666666,0.12909944487358058,7.745966692414835,0.0,1.0,-0.017241379310344834,0.03389830508474576
LNGN0364,terminal,total_degree,60,1,0.016666666666666666,0.12909944487358058,7.745966692414835,0.0,1.0,-0.017241379310344834,0.03389830508474576
LNGN0364,terminal,total_strength,60,1,2900.0,22463.30340800302,7.745966692414834,0.0,174000.0,-0.01724137931034482,5898.3050847457625
LNGN0364,terminal,betweenness,60,1,0.0,0.0,,0.0,0.0,,0.0
LNGN0364,terminal,pagerank,60,1,9.859640369902853e-05,0.0007637244590445619,7.745966692414837,0.0,0.005915784221941712,-0.017241379310344817,0.0002005350583709055
LNGN0364,terminal,eigenvector,60,1,6.179094191522234e-05,0.0004786305779682518,7.745966692414832,0.0,0.00370745651491334,-0.017241379310344813,0.00012567649203096067
LNGN0364,terminal,share_monthly_network_flow,60,1,2.3996951427290676e-05,0.0001858795864752902,7.745966692414834,0.0,0.0014398170856374406,-0.01724137931034486,4.880735883516748e-05
LNGN0372,terminal,node_throughput,60,16,53148.35,93712.39404794574,1.763223017232816,0.0,368682.0,-0.09515004324757077,86132.2372881356
LNGN0372,terminal,total_voyages,60,16,0.3,0.5304299503265155,1.7680998344217185,0.0,2.0,-0.09034907597535927,0.4745762711864407
LNGN0372,terminal,total_route_exposure,60,16,0.2833333333333333,0.4903014177279,1.7304755919808235,0.0,2.0,-0.06370192307692307,0.4406779661016949
LNGN0372,terminal,total_degree,60,16,0.2833333333333333,0.4903014177279,1.7304755919808235,0.0,2.0,-0.06370192307692307,0.4406779661016949
LNGN0372,terminal,total_strength,60,16,53148.35,93712.39404794574,1.763223017232816,0.0,368682.0,-0.09515004324757077,86132.2372881356
LNGN0372,terminal,betweenness,60,16,0.0,0.0,,0.0,0.0,,0.0
LNGN0372,terminal,pagerank,60,16,0.0023023112598718433,0.0039743157574986055,1.726228693213199,0.0,0.01454264230388985,-0.027563378492116677,0.003668316300283497
LNGN0372,terminal,eigenvector,60,16,0.0001883924763293591,0.0005600983160906419,2.9730397253839596,0.0,0.002753503838779284,-0.02722162814890617,0.0003415086018473707
LNGN0372,terminal,share_monthly_network_flow,60,16,0.0006687438180023926,0.0012425584546631046,1.8580485100778295,0.0,0.005121679408026666,-0.07450698278357291,0.0011101970223625418
LNGN0374,terminal,node_throughput,60,58,556999.3833333333,268489.20595833776,0.48202783340903954,0.0,1175300.0,0.15075470511859596,277685.0169491525
LNGN0374,terminal,total_voyages,60,58,3.466666666666667,1.6719689668138882,0.4822987404270831,0.0,7.0,0.1796582260316406,1.6779661016949152
LNGN0374,terminal,total_route_exposure,60,58,2.35,1.0865120683067775,0.46234556098160745,0.0,5.0,0.2087867420810338,1.0508474576271187
LNGN0374,terminal,total_degree,60,58,2.35,1.0865120683067775,0.46234556098160745,0.0,5.0,0.2087867420810338,1.0508474576271187
LNGN0374,terminal,total_strength,60,58,556999.3833333333,268489.20595833776,0.48202783340903954,0.0,1175300.0,0.15075470511859596,277685.0169491525
LNGN0374,terminal,betweenness,60,58,0.0,0.0,,0.0,0.0,,0.0
LNGN0374,terminal,pagerank,60,58,0.0079757327993779,0.0024223877626406098,0.30371977391589067,0.0,0.01411385951843,0.16578465095042674,0.0019094103707817532
LNGN0374,terminal,eigenvector,60,58,0.00047583328255633824,0.0014846786770094378,3.1201656786873735,0.0,0.008523683844044115,-0.07538916137208639,0.0008240007641274546
LNGN0374,terminal,share_monthly_network_flow,60,58,0.006637289955192701,0.0037275364216491015,0.561605180248733,0.0,0.017328518465253788,0.24967599053310233,0.0033943855382719264
LNGN0378,terminal,node_throughput,60,46,231861.66666666666,178900.88828086798,0.7715845868479106,0.0,604000.0,0.5473352767714442,123515.25423728813
LNGN0378,terminal,total_voyages,60,46,3.033333333333333,2.3503816254622856,0.774851085317237,0.0,8.0,0.5577684976978264,1.5932203389830508
LNGN0378,terminal,total_route_exposure,60,46,1.7666666666666666,1.3195616460980923,0.7469216864706183,0.0,5.0,0.5178753830439223,0.9152542372881356
LNGN0378,terminal,total_degree,60,46,1.7666666666666666,1.3195616460980923,0.7469216864706183,0.0,5.0,0.5178753830439223,0.9152542372881356
LNGN0378,terminal,total_strength,60,46,231861.66666666666,178900.88828086798,0.7715845868479106,0.0,604000.0,0.5473352767714442,123515.25423728813
LNGN0378,terminal,betweenness,60,46,0.0,0.0,,0.0,0.0,,0.0
LNGN0378,terminal,pagerank,60,46,0.0045563800116621735,0.002601592833032899,0.5709780190357376,0.0,0.007277079461570476,0.4865208602556444,0.0012444763514883992
LNGN0378,terminal,eigenvector,60,46,7.308000516490377e-05,0.0001063043931429255,1.4546303452367235,0.0,0.00044741965694940607,0.37472372489764677,7.263492548966498e-05
LNGN0378,terminal,share_monthly_network_flow,60,46,0.0023921873827793586,0.0017633671496909077,0.7371358792312259,0.0,0.006585992704848536,0.39640152336755136,0.001414254386943503
LNGN0381,terminal,node_throughput,60,58,637370.3666666667,334523.22939670255,0.5248490467892308,0.0,1443472.0,0.19261000268188858,331900.9152542373
LNGN0381,terminal,total_voyages,60,58,3.816666666666667,2.021005511332455,0.5295210946722589,0.0,9.0,0.20055075285294993,1.9661016949152543
LNGN0381,terminal,total_route_exposure,60,58,2.9833333333333334,1.5996998306002905,0.5362122337207678,0.0,7.0,0.1568989553308185,1.5932203389830508
LNGN0381,terminal,total_degree,60,58,2.15,0.9173469483945611,0.4266729992532842,0.0,4.0,0.11611107344486225,0.9491525423728814
LNGN0381,terminal,total_strength,60,58,637370.3666666667,334523.22939670255,0.5248490467892308,0.0,1443472.0,0.19261000268188858,331900.9152542373
LNGN0381,terminal,betweenness,60,58,0.0,0.0,,0.0,0.0,,0.0
LNGN0381,terminal,pagerank,60,58,0.013464012923561154,0.004714787341156778,0.35017697679910903,0.0,0.027349535976696156,0.0652548724536861,0.004631485201093323
LNGN0381,terminal,eigenvector,60,58,0.0020085845962577466,0.00792165934870265,3.9439012742912234,0.0,0.06073811492157799,0.015596822272496657,0.003137665607153476
LNGN0381,terminal,share_monthly_network_flow,60,58,0.00740750608846079,0.003976308957722948,0.5367945581465176,0.0,0.017216855918784617,0.2873985534988066,0.0037762671094388814
LNGN0382,terminal,node_throughput,60,7,21505.8,60455.656348283046,2.8111326408821364,0.0,217000.0,-0.011973950239173959,38488.13559322034
LNGN0382,terminal,total_voyages,60,7,0.11666666666666667,0.32373177151309335,2.7748437558265144,0.0,1.0,0.027472527472527406,0.2033898305084746
LNGN0382,terminal,total_route_exposure,60,7,0.11666666666666667,0.32373177151309335,2.7748437558265144,0.0,1.0,0.027472527472527406,0.2033898305084746
LNGN0382,terminal,total_degree,60,7,0.11666666666666667,0.32373177151309335,2.7748437558265144,0.0,1.0,0.027472527472527406,0.2033898305084746
LNGN0382,terminal,total_strength,60,7,21505.8,60455.656348283046,2.8111326408821364,0.0,217000.0,-0.011973950239173959,38488.13559322034
LNGN0382,terminal,betweenness,60,7,0.0,0.0,,0.0,0.0,,0.0
LNGN0382,terminal,pagerank,60,7,0.0009609775545660654,0.002679892632994797,2.78871511645755,0.0,0.009294635215803882,0.06202899942655813,0.0016533802249742327
LNGN0382,terminal,eigenvector,60,7,0.00015822734410120192,0.0006998870176417269,4.423300040946655,0.0,0.003501808999671066,-0.05290399173218815,0.00032181832698549546
LNGN0382,terminal,share_monthly_network_flow,60,7,0.0002941302713508361,0.0008523988926002647,2.8980318438000237,0.0,0.00377189833851193,0.055567141731073966,0.0005048237507171037
LNGN0385,terminal,node_throughput,60,57,1031618.8833333333,646703.193079895,0.6268818878055903,0.0,2710688.0,0.5684240485109369,476583.0
LNGN0385,terminal,total_voyages,60,57,5.1,3.286851050855282,0.6444805982069182,0.0,12.0,0.5964047191677349,2.389830508474576
LNGN0385,terminal,total_route_exposure,60,57,2.5833333333333335,1.778322068279836,0.6883827361083236,0.0,7.0,0.5798773107548124,1.2372881355932204
LNGN0385,terminal,total_degree,60,57,2.533333333333333,1.760842120052622,0.6950692579155088,0.0,7.0,0.5880091004946809,1.1694915254237288
LNGN0385,terminal,total_strength,60,57,1031618.8833333333,646703.193079895,0.6268818878055903,0.0,2710688.0,0.5684240485109369,476583.0
LNGN0385,terminal,betweenness,60,57,0.0,0.0,,0.0,0.0,,0.0
LNGN0385,terminal,pagerank,60,57,0.01078844419526241,0.004316428317830968,0.40009738565700376,0.0,0.02184184228709498,0.553650341106171,0.0031660537053087743
LNGN0385,terminal,eigenvector,60,57,0.00422979563159663,0.00814556735737018,1.925759083139309,0.0,0.03668584711771394,0.10187059114935684,0.0052927217458326615
LNGN0385,terminal,share_monthly_network_flow,60,57,0.011622327758478644,0.007485487823964431,0.644060981545084,0.0,0.030599290373306134,0.57435107556149,0.005027801821881709
LNGN0391,terminal,node_throughput,60,5,19491.666666666668,70323.79661292824,3.607890377747494,0.0,348000.0,0.3258955471757552,28135.593220338982
LNGN0391,terminal,total_voyages,60,5,0.11666666666666667,0.41545020165658497,3.561001728485014,0.0,2.0,0.3116666666666664,0.1694915254237288
LNGN0391,terminal,total_route_exposure,60,5,0.11666666666666667,0.41545020165658497,3.561001728485014,0.0,2.0,0.3116666666666664,0.1694915254237288
LNGN0391,terminal,total_degree,60,5,0.1,0.3541521266540119,3.541521266540119,0.0,2.0,0.188073394495413,0.1694915254237288
LNGN0391,terminal,total_strength,60,5,19491.666666666668,70323.79661292824,3.607890377747494,0.0,348000.0,0.3258955471757552,28135.593220338982
LNGN0391,terminal,betweenness,60,5,0.0,0.0,,0.0,0.0,,0.0
LNGN0391,terminal,pagerank,60,5,0.0005439181566229197,0.0018343502595907415,3.3724747689613075,0.0,0.007861823989696582,0.10795477273157593,0.0008958347441724484
LNGN0391,terminal,eigenvector,60,5,0.0007272847258830261,0.002749377406012743,3.7803315650203038,0.0,0.012113767140824298,0.21690939876294554,0.001112362947603233
LNGN0391,terminal,share_monthly_network_flow,60,5,0.00018490563781394347,0.000657505784911617,3.5558990665996633,0.0,0.0029164158975003842,0.23250666508770923,0.0002829939549575946
LNGN0398,terminal,node_throughput,60,49,309275.1666666667,230881.0175801664,0.7465229752151662,0.0,843981.0,0.4315886657010019,180754.6779661017
LNGN0398,terminal,total_voyages,60,49,2.1166666666666667,1.5632611140607522,0.7385485578239774,0.0,6.0,0.40831795290771555,1.2203389830508475
LNGN0398,terminal,total_route_exposure,60,49,1.25,0.8561838864739438,0.684947109179155,0.0,3.0,0.49348767043240294,0.5932203389830508
LNGN0398,terminal,total_degree,60,49,0.8166666666666667,0.39020492949942315,0.4778019544890896,0.0,1.0,0.4797056405193429,0.15254237288135594
LNGN0398,terminal,total_strength,60,49,309275.1666666667,230881.0175801664,0.7465229752151662,0.0,843981.0,0.4315886657010019,180754.6779661017
LNGN0398,terminal,betweenness,60,49,0.0,0.0,,0.0,0.0,,0.0
LNGN0398,terminal,pagerank,60,49,0.007322543273765216,0.003910791855092577,0.5340756222095587,0.0,0.016884209425030768,0.35835507289578966,0.0027865122414615683
LNGN0398,terminal,eigenvector,60,49,0.003807577691523698,0.0037545206981938646,0.9860654206878176,0.0,0.014321473887030856,0.47488532666672156,0.002725696369342783
LNGN0398,terminal,share_monthly_network_flow,60,49,0.003234726561782648,0.0022063751176307385,0.6820901474945109,0.0,0.00802973275277566,0.2630822372753524,0.001995238186575774
LNGN0405,terminal,node_throughput,60,16,83043.45,167600.29805861457,2.018224171305679,0.0,617511.0,0.717034315800703,55417.05084745763
LNGN0405,terminal,total_voyages,60,16,0.5333333333333333,1.0809077582850928,2.026702046784549,0.0,4.0,0.7161896232722955,0.3559322033898305
LNGN0405,terminal,total_route_exposure,60,16,0.43333333333333335,0.8102451327476413,1.8697964601868644,0.0,3.0,0.7792963640621302,0.22033898305084745
LNGN0405,terminal,total_degree,60,16,0.26666666666666666,0.4459484908564836,1.6723068407118133,0.0,1.0,0.8696238241272951,0.05084745762711865
LNGN0405,terminal,total_strength,60,16,83043.45,167600.29805861457,2.018224171305679,0.0,617511.0,0.717034315800703,55417.05084745763
LNGN0405,terminal,betweenness,60,16,0.0,0.0,,0.0,0.0,,0.0
LNGN0405,terminal,pagerank,60,16,0.0022542185527746916,0.00400793780465887,1.777972149029448,0.0,0.015391892979670491,0.8689951869683549,0.0008347389946546614
LNGN0405,terminal,eigenvector,60,16,0.00024578377122408645,0.0009241262468549367,3.7599156455793437,0.0,0.005365338659909499,0.6258321865918776,0.0002226291220611447
LNGN0405,terminal,share_monthly_network_flow,60,16,0.00105305693526912,0.0023566859679299197,2.2379473407367505,0.0,0.011232922886833623,0.7029488940491833,0.0007179318151772377
LNGN0421,terminal,node_throughput,60,51,381357.2,307731.0034946491,0.8069363932152037,0.0,1177688.0,0.24327227772376214,277840.27118644066
LNGN0421,terminal,total_voyages,60,51,2.2,1.79264032143481,0.8148365097430953,0.0,7.0,0.2520141924153473,1.5593220338983051
LNGN0421,terminal,total_route_exposure,60,51,1.9,1.5480988887960376,0.8147888888400199,0.0,7.0,0.28372613152331033,1.2881355932203389
LNGN0421,terminal,total_degree,60,51,0.85,0.36008473579027556,0.42362910092973594,0.0,1.0,0.5204374312304102,0.11864406779661017
LNGN0421,terminal,total_strength,60,51,381357.2,307731.0034946491,0.8069363932152037,0.0,1177688.0,0.24327227772376214,277840.27118644066
LNGN0421,terminal,betweenness,60,51,0.0,0.0,,0.0,0.0,,0.0
LNGN0421,terminal,pagerank,60,51,0.010693005573779595,0.006017009060386835,0.5627051270917871,0.0,0.023946564352422123,0.48784096613445904,0.00394884332964823
LNGN0421,terminal,eigenvector,60,51,0.0009300546654502723,0.0023609353896827676,2.538490991322274,0.0,0.015006481322889767,0.2765237831560866,0.0012166946022182474
LNGN0421,terminal,share_monthly_network_flow,60,51,0.004357797732541275,0.0036998610917283094,0.849020840067929,0.0,0.014135545462395004,0.3988497895161089,0.00301340864025784
LNGN0423,terminal,node_throughput,60,33,160450.63333333333,190880.71329710717,1.1896538476140253,0.0,816000.0,0.672841301053456,88396.67796610169
LNGN0423,terminal,total_voyages,60,33,1.3666666666666667,1.5178783884949043,1.1106427232889544,0.0,5.0,0.7628386395057827,0.576271186440678
LNGN0423,terminal,total_route_exposure,60,33,1.2166666666666666,1.3288413031809134,1.0921983313815729,0.0,4.0,0.7675941229968194,0.5084745762711864
LNGN0423,terminal,total_degree,60,33,1.0666666666666667,1.1478301809474192,1.0760907946382055,0.0,3.0,0.7527629965167478,0.4745762711864407
LNGN0423,terminal,total_strength,60,33,160450.63333333333,190880.71329710717,1.1896538476140253,0.0,816000.0,0.672841301053456,88396.67796610169
LNGN0423,terminal,betweenness,60,33,0.0,0.0,,0.0,0.0,,0.0
LNGN0423,terminal,pagerank,60,33,0.003190180750023057,0.002965500384487965,0.929571274124995,0.0,0.007834015034777991,0.7688656258083018,0.0007385437337364894
LNGN0423,terminal,eigenvector,60,33,0.0016885787060739953,0.0031794597517922126,1.882920671897236,0.0,0.013061787028608095,0.2445449193482632,0.0019503940906248562
LNGN0423,terminal,share_monthly_network_flow,60,33,0.001676411069473697,0.0019537557557203623,1.165439546002125,0.0,0.00744178221272329,0.6540294334826432,0.0009804449333962793
LNGN0425,terminal,node_throughput,60,12,28589.466666666667,57989.10115526435,2.028337983054284,0.0,160000.0,0.1908846669171601,39162.67796610169
LNGN0425,terminal,total_voyages,60,12,0.2,0.4033755872716886,2.016877936358443,0.0,1.0,0.16312056737588637,0.2711864406779661
LNGN0425,terminal,total_route_exposure,60,12,0.2,0.4033755872716886,2.016877936358443,0.0,1.0,0.16312056737588637,0.2711864406779661
LNGN0425,terminal,total_degree,60,12,0.2,0.4033755872716886,2.016877936358443,0.0,1.0,0.16312056737588637,0.2711864406779661
LNGN0425,terminal,total_strength,60,12,28589.466666666667,57989.10115526435,2.028337983054284,0.0,160000.0,0.1908846669171601,39162.67796610169
LNGN0425,terminal,betweenness,60,12,0.0,0.0,,0.0,0.0,,0.0
LNGN0425,terminal,pagerank,60,12,0.0015030295670219868,0.003088338423813842,2.0547422962097093,0.0,0.01076596390780411,0.232760388721831,0.0020834041417326444
LNGN0425,terminal,eigenvector,60,12,3.6962877902289916e-06,2.2520983906423662e-05,6.092865378598793,0.0,0.00017427407595612418,0.07320032907982202,6.929843530494147e-06
LNGN0425,terminal,share_monthly_network_flow,60,12,0.00029129634629915675,0.0005998663611785285,2.0592992970892783,0.0,0.0018430148006620994,0.22644499375665733,0.00040037786587032075
LNGN0426,terminal,node_throughput,60,48,343624.45,282296.05474799965,0.8215249373203788,0.0,1124950.0,0.10552425728830872,282292.9152542373
LNGN0426,terminal,total_voyages,60,48,1.7833333333333334,1.391154461037047,0.7800866136656338,0.0,5.0,0.14375190956309192,1.3559322033898304
LNGN0426,terminal,total_route_exposure,60,48,1.5166666666666666,1.1273437607057841,0.7433035784873302,0.0,4.0,0.1327578161455902,1.0508474576271187
LNGN0426,terminal,total_degree,60,48,1.1166666666666667,0.7152495514881186,0.6405219864072704,0.0,2.0,0.06623681125439629,0.711864406779661
LNGN0426,terminal,total_strength,60,48,343624.45,282296.05474799965,0.8215249373203788,0.0,1124950.0,0.10552425728830872,282292.9152542373
LNGN0426,terminal,betweenness,60,48,0.0,0.0,,0.0,0.0,,0.0
LNGN0426,terminal,pagerank,60,48,0.010175712829301234,0.006010981669693384,0.5907184853315243,0.0,0.023774526666217672,-0.03463432102718948,0.005885672516667161
LNGN0426,terminal,eigenvector,60,48,0.0008903138303907566,0.0038516841798857332,4.326209532424357,0.0,0.02475286796261546,-0.04523961534766458,0.0016777518722970325
LNGN0426,terminal,share_monthly_network_flow,60,48,0.0037575563089459747,0.002926440313554094,0.7788147596316353,0.0,0.012762349843855068,-0.0576883206915219,0.0032086282685189027
LNGN0427,terminal,node_throughput,60,48,21548.45,13774.968109625026,0.6392556360028228,0.0,40969.0,0.19019995910206924,13013.796610169491
LNGN0427,terminal,total_voyages,60,48,1.1833333333333333,0.7476894729916952,0.6318502588662213,0.0,2.0,0.2097176232019652,0.6949152542372882
LNGN0427,terminal,total_route_exposure,60,48,0.8,0.40337558727168865,0.5042194840896108,0.0,1.0,0.4068145348485268,0.1864406779661017
LNGN0427,terminal,total_degree,60,48,0.8,0.40337558727168865,0.5042194840896108,0.0,1.0,0.4068145348485268,0.1864406779661017
LNGN0427,terminal,total_strength,60,48,21548.45,13774.968109625026,0.6392556360028228,0.0,40969.0,0.19019995910206924,13013.796610169491
LNGN0427,terminal,betweenness,60,48,0.0,0.0,,0.0,0.0,,0.0
LNGN0427,terminal,pagerank,60,48,0.00679990709466674,0.003957949076855851,0.5820592872452809,0.0,0.013552848215969068,0.5006004691079043,0.0025159918413895665
LNGN0427,terminal,eigenvector,60,48,1.0893416779342037e-08,5.427681282484779e-08,4.98253338913616,0.0,4.19830975413479e-07,-0.016117156896505228,1.937959336688446e-08
LNGN0427,terminal,share_monthly_network_flow,60,48,0.00024101873131233143,0.00016037430285208664,0.6654018215881351,0.0,0.0006821191543567266,0.3740865649860275,0.00013471252489618242
LNGN0428,terminal,node_throughput,60,27,131599.11666666667,171937.76599167066,1.3065267484065228,0.0,528000.0,0.05034535816600216,161416.91525423728
LNGN0428,terminal,total_voyages,60,27,0.8,1.0382514636131823,1.297814329516478,0.0,3.0,0.027867419530015567,0.9661016949152542
LNGN0428,terminal,total_route_exposure,60,27,0.7666666666666667,0.9977375536626356,1.3013968091251769,0.0,3.0,0.032791995951643275,0.9322033898305084
LNGN0428,terminal,total_degree,60,27,0.6,0.7635776630164262,1.2726294383607104,0.0,3.0,0.04816307371173644,0.6949152542372882
LNGN0428,terminal,total_strength,60,27,131599.11666666667,171937.76599167066,1.3065267484065228,0.0,528000.0,0.05034535816600216,161416.91525423728
LNGN0428,terminal,betweenness,60,27,0.0,0.0,,0.0,0.0,,0.0
LNGN0428,terminal,pagerank,60,27,0.0036311281461283416,0.004237390801128449,1.1669626161903786,0.0,0.014421931157915525,0.09652847467550045,0.003876377631828402
LNGN0428,terminal,eigenvector,60,27,0.0008086457444648079,0.001716644815708075,2.1228638466949636,0.0,0.008460485936168322,0.04356398899516034,0.001207608893375876
LNGN0428,terminal,share_monthly_network_flow,60,27,0.0014454593718767554,0.0018636614326306693,1.2893212143423505,0.0,0.007413768729488198,-0.01018131117065996,0.001786078073655349
LNGN0429,terminal,node_throughput,60,14,49206.9,96484.31760244857,1.960788377289538,0.0,342000.0,0.16272643541183987,70481.94915254238
LNGN0429,terminal,total_voyages,60,14,0.3,0.5908913118102865,1.9696377060342884,0.0,2.0,0.17990937368871068,0.423728813559322
LNGN0429,terminal,total_route_exposure,60,14,0.3,0.5908913118102865,1.9696377060342884,0.0,2.0,0.17990937368871068,0.423728813559322
LNGN0429,terminal,total_degree,60,14,0.2833333333333333,0.5551505114790765,1.9593547463967405,0.0,2.0,0.11798233498387747,0.423728813559322
LNGN0429,terminal,total_strength,60,14,49206.9,96484.31760244857,1.960788377289538,0.0,342000.0,0.16272643541183987,70481.94915254238
LNGN0429,terminal,betweenness,60,14,0.0,0.0,,0.0,0.0,,0.0
LNGN0429,terminal,pagerank,60,14,0.002175302267578464,0.004139841306188217,1.9031108310279417,0.0,0.015634986336935292,0.0502991269838226,0.003160284967462814
LNGN0429,terminal,eigenvector,60,14,0.000519501076738798,0.0031449397015682994,6.053769361385858,0.0,0.024309567582383906,-0.025670306439422665,0.001010164145430347
LNGN0429,terminal,share_monthly_network_flow,60,14,0.000654317163529045,0.0013188812387876952,2.015660466056459,0.0,0.005912397356805712,0.14721670292534397,0.0009327804114392283
LNGN0435,terminal,node_throughput,60,59,85875.2,48541.58819508995,0.5652573524730068,0.0,184969.0,0.557793379599874,34484.30508474576
LNGN0435,terminal,total_voyages,60,59,3.95,1.9951211678933864,0.5050939665552877,0.0,8.0,0.44708497361829036,1.5423728813559323
LNGN0435,terminal,total_route_exposure,60,59,2.5166666666666666,1.0332057511908193,0.41054533159900103,0.0,5.0,0.2874043315418002,0.9491525423728814
LNGN0435,terminal,total_degree,60,59,2.2333333333333334,0.8102451327476413,0.3627963280959588,0.0,4.0,0.31055571092766987,0.711864406779661
LNGN0435,terminal,total_strength,60,59,85875.2,48541.58819508995,0.5652573524730068,0.0,184969.0,0.557793379599874,34484.30508474576
LNGN0435,terminal,betweenness,60,59,0.0,0.0,,0.0,0.0,,0.0
LNGN0435,terminal,pagerank,60,59,0.006035801363447437,0.001082775670942857,0.1793921976127481,0.0,0.007834015034777991,0.2085695412648965,0.0005619320768086691
LNGN0435,terminal,eigenvector,60,59,2.350960979146153e-06,5.2581561123199395e-06,2.2365986330533025,0.0,3.520872089541436e-05,0.052740799783733985,3.190235760473503e-06
LNGN0435,terminal,share_monthly_network_flow,60,59,0.000988622519859683,0.000594996718453974,0.6018441887591464,0.0,0.0027646567085063156,0.6014743638954447,0.0003874185709574915
LNGN0437,terminal,node_throughput,60,44,283227.2833333333,235977.66582792604,0.8331742021837681,0.0,944662.0,0.2818472534602729,208167.93220338982
LNGN0437,terminal,total_voyages,60,44,1.4833333333333334,1.2418093233182887,0.8371748247089587,0.0,5.0,0.27027173612602545,1.0677966101694916
LNGN0437,terminal,total_route_exposure,60,44,1.2166666666666666,0.975838043430184,0.802058665833028,0.0,3.0,0.1970191866171799,0.8983050847457628
LNGN0437,terminal,total_degree,60,44,0.8666666666666667,0.6234585511256954,0.7193752512988792,0.0,2.0,0.22409080993050096,0.423728813559322
LNGN0437,terminal,total_strength,60,44,283227.2833333333,235977.66582792604,0.8331742021837681,0.0,944662.0,0.2818472534602729,208167.93220338982
LNGN0437,terminal,betweenness,60,44,0.0,0.0,,0.0,0.0,,0.0
LNGN0437,terminal,pagerank,60,44,0.006416970902341235,0.004095949299657867,0.6382994970669819,0.0,0.012624177847541156,0.3390337913440876,0.003147774369714144
LNGN0437,terminal,eigenvector,60,44,0.0032598934984498762,0.004249749421116018,1.303646705984975,0.0,0.02012812233500612,0.2624730973298407,0.003223733764841655
LNGN0437,terminal,share_monthly_network_flow,60,44,0.0028982012661539283,0.002272684734213365,0.784170775423524,0.0,0.00787986060621255,0.10121810060726578,0.0023151006780800835
LNGN0441,terminal,node_throughput,60,55,455854.5,275381.5328523658,0.60409962576297,0.0,1335045.0,0.3817622924274543,227046.10169491524
LNGN0441,terminal,total_voyages,60,55,2.8,1.6753446394748004,0.5983373712410002,0.0,8.0,0.40309458613518134,1.3389830508474576
LNGN0441,terminal,total_route_exposure,60,55,2.5833333333333335,1.5103222988248843,0.5846408898676971,0.0,7.0,0.3573860779637757,1.305084745762712
LNGN0441,terminal,total_degree,60,55,1.5,0.6509445549041193,0.4339630366027462,0.0,2.0,0.2630988753238749,0.5254237288135594
LNGN0441,terminal,total_strength,60,55,455854.5,275381.5328523658,0.60409962576297,0.0,1335045.0,0.3817622924274543,227046.10169491524
LNGN0441,terminal,betweenness,60,55,0.0,0.0,,0.0,0.0,,0.0
LNGN0441,terminal,pagerank,60,55,0.005594771086513592,0.0018410234028899972,0.3290614351189191,0.0,0.007505716796232779,-0.007670237569327605,0.001234374921249144
LNGN0441,terminal,eigenvector,60,55,0.00020797727307451114,0.0007527003361467665,3.61914705880916,0.0,0.005410086695613638,0.012478410771704817,0.00033962628868870103
LNGN0441,terminal,share_monthly_network_flow,60,55,0.005184411260128394,0.003128834128320284,0.6035080882535536,0.0,0.015967755239084353,0.4186069952010442,0.002520612862378696
LNGN0442,terminal,node_throughput,60,18,81017.45,145945.68234657584,1.8014104658511942,0.0,661000.0,0.30807445967665414,83556.50847457627
LNGN0442,terminal,total_voyages,60,18,0.48333333333333334,0.8731720211568126,1.8065628023934053,0.0,4.0,0.2959454551237275,0.4915254237288136
LNGN0442,terminal,total_route_exposure,60,18,0.4166666666666667,0.719973320284095,1.7279359686818279,0.0,3.0,0.39016362556435114,0.3898305084745763
LNGN0442,terminal,total_degree,60,18,0.4166666666666667,0.719973320284095,1.7279359686818279,0.0,3.0,0.39016362556435114,0.3898305084745763
LNGN0442,terminal,total_strength,60,18,81017.45,145945.68234657584,1.8014104658511942,0.0,661000.0,0.30807445967665414,83556.50847457627
LNGN0442,terminal,betweenness,60,18,0.0,0.0,,0.0,0.0,,0.0
LNGN0442,terminal,pagerank,60,18,0.0021429570720755665,0.0034516314633517013,1.6106862374096067,0.0,0.011833350459928874,0.6099948850758676,0.0014599426474073281
LNGN0442,terminal,eigenvector,60,18,1.0125747469850469e-05,2.824315574033996e-05,2.7892415670481894,0.0,0.00018348332018948402,0.055178264998182625,1.549329207396194e-05
LNGN0442,terminal,share_monthly_network_flow,60,18,0.0008766302813672163,0.0016449279774020575,1.8764215797298074,0.0,0.008319811508673341,0.3326828356116369,0.0009140807438101213
LNGN0447,terminal,node_throughput,60,7,18227.883333333335,50828.33293034193,2.7884934306877063,0.0,174000.0,-0.12223758497329407,34192.30508474576
LNGN0447,terminal,total_voyages,60,7,0.11666666666666667,0.32373177151309335,2.7748437558265144,0.0,1.0,-0.12344827865802098,0.22033898305084745
LNGN0447,terminal,total_route_exposure,60,7,0.11666666666666667,0.32373177151309335,2.7748437558265144,0.0,1.0,-0.12344827865802098,0.22033898305084745
LNGN0447,terminal,total_degree,60,7,0.11666666666666667,0.32373177151309335,2.7748437558265144,0.0,1.0,-0.12344827865802098,0.22033898305084745
LNGN0447,terminal,total_strength,60,7,18227.883333333335,50828.33293034193,2.7884934306877063,0.0,174000.0,-0.12223758497329407,34192.30508474576
LNGN0447,terminal,betweenness,60,7,0.0,0.0,,0.0,0.0,,0.0
LNGN0447,terminal,pagerank,60,7,0.0008566929606618021,0.0024193340075616436,2.8240386213663866,0.0,0.009870689022429168,-0.1189746936103779,0.0016026350443755107
LNGN0447,terminal,eigenvector,60,7,0.00020997195833410572,0.0007134052737157373,3.3976216604151137,0.0,0.004026229444622554,-0.08972167777121433,0.00042706161017106245
LNGN0447,terminal,share_monthly_network_flow,60,7,0.0002063619233020427,0.0006184105412559595,2.996727939731497,0.0,0.002995957626690525,-0.10534561819532702,0.00037726046503271365
LNGN0449,terminal,node_throughput,60,47,464207.95,414566.62396701,0.893062309611479,0.0,1682470.0,0.5800444188968945,287718.0
LNGN0449,terminal,total_voyages,60,47,2.2,1.8484991621697786,0.8402268918953538,0.0,7.0,0.5331520720188436,1.3220338983050848
LNGN0449,terminal,total_route_exposure,60,47,1.4,1.1379434319144726,0.8128167370817662,0.0,4.0,0.17035461126969062,1.0677966101694916
LNGN0449,terminal,total_degree,60,47,0.7833333333333333,0.41545020165658514,0.530361959561598,0.0,1.0,0.34093771510603843,0.22033898305084745
LNGN0449,terminal,total_strength,60,47,464207.95,414566.62396701,0.893062309611479,0.0,1682470.0,0.5800444188968945,287718.0
LNGN0449,terminal,betweenness,60,47,0.0,0.0,,0.0,0.0,,0.0
LNGN0449,terminal,pagerank,60,47,0.010316414747723681,0.00590256114358016,0.5721523695896931,0.0,0.018711236762009784,0.345372024032582,0.004383124538458638
LNGN0449,terminal,eigenvector,60,47,0.0011538319811715944,0.0024987698935808908,2.165627174802049,0.0,0.012026395632619785,0.2988194260178438,0.001308208717794821
LNGN0449,terminal,share_monthly_network_flow,60,47,0.004815003705144631,0.0038650678393447138,0.8027133676377133,0.0,0.014035255006760705,0.4574069443697713,0.0031016087984714904
LNGN0452,terminal,node_throughput,60,60,2925987.8666666667,815851.343108856,0.27882936645198303,1173000.0,4795463.0,0.49445308657043435,674934.7288135593
LNGN0452,terminal,total_voyages,60,60,17.116666666666667,4.75177635533002,0.27761108210301966,7.0,28.0,0.48671024368190574,3.9491525423728815
LNGN0452,terminal,total_route_exposure,60,60,8.116666666666667,2.017648124624871,0.2485808777771915,5.0,14.0,0.2423414517287271,1.88135593220339
LNGN0452,terminal,total_degree,60,60,5.083333333333333,1.1830965785278453,0.23274031053006794,2.0,8.0,0.09325479934898391,1.1694915254237288
LNGN0452,terminal,total_strength,60,60,2925987.8666666667,815851.343108856,0.27882936645198303,1173000.0,4795463.0,0.49445308657043435,674934.7288135593
LNGN0452,terminal,betweenness,60,60,0.0,0.0,,0.0,0.0,,0.0
LNGN0452,terminal,pagerank,60,60,0.0061534110443957025,0.0007473450920906329,0.12145216477473693,0.004800752932868219,0.007834015034777991,0.8372327962046167,0.00033770826762050777
LNGN0452,terminal,eigenvector,60,60,0.003973647806541479,0.007390398741939704,1.859852483597947,0.0,0.04068183977247879,0.05543404484008092,0.005096519826153901
LNGN0452,terminal,share_monthly_network_flow,60,60,0.034307234584582,0.010678271125509304,0.3112542078896741,0.01479438226556535,0.06457609816058373,0.6137246935039479,0.007228440455192373
LNGN0453,terminal,node_throughput,60,22,58218.1,82919.69319048032,1.4242940458462285,0.0,333400.0,0.07677600868871189,68269.42372881356
LNGN0453,terminal,total_voyages,60,22,0.4,0.5584482131582669,1.3961205328956672,0.0,2.0,0.12267657992565037,0.4406779661016949
LNGN0453,terminal,total_route_exposure,60,22,0.38333333333333336,0.5237306419436755,1.3662538485487186,0.0,2.0,0.12684989429175472,0.4067796610169492
LNGN0453,terminal,total_degree,60,22,0.36666666666666664,0.48596110141697085,1.3253484584099207,0.0,1.0,0.2027027027027024,0.3728813559322034
LNGN0453,terminal,total_strength,60,22,58218.1,82919.69319048032,1.4242940458462285,0.0,333400.0,0.07677600868871189,68269.42372881356
LNGN0453,terminal,betweenness,60,22,0.0,0.0,,0.0,0.0,,0.0
LNGN0453,terminal,pagerank,60,22,0.0029757615667056073,0.003994859347817357,1.3424662084872505,0.0,0.010638690152756784,0.24421509822160148,0.003071904559753126
LNGN0453,terminal,eigenvector,60,22,1.0559012086358959e-05,5.320439938350925e-05,5.038766785033164,0.0,0.00039572839248428355,-0.04026829062937004,2.1177399328432938e-05
LNGN0453,terminal,share_monthly_network_flow,60,22,0.0007278807680505653,0.0010424267357726235,1.4321394128388443,0.0,0.0037533187079490053,0.18616604269570686,0.000832553377452548
LNGN0460,terminal,node_throughput,60,50,308249.85,226647.02328434648,0.7352705063257825,0.0,856005.0,0.25605041083042124,213588.33898305084
LNGN0460,terminal,total_voyages,60,50,1.9166666666666667,1.4177048372809191,0.7396720890161317,0.0,6.0,0.2735395618691079,1.271186440677966
LNGN0460,terminal,total_route_exposure,60,50,1.7666666666666666,1.2671423430357474,0.7172503828504231,0.0,5.0,0.234097593888643,1.1355932203389831
LNGN0460,terminal,total_degree,60,50,1.45,0.9641893055563066,0.6649581417629701,0.0,4.0,0.3095722244325674,0.8135593220338984
LNGN0460,terminal,total_strength,60,50,308249.85,226647.02328434648,0.7352705063257825,0.0,856005.0,0.25605041083042124,213588.33898305084
LNGN0460,terminal,betweenness,60,50,0.0,0.0,,0.0,0.0,,0.0
LNGN0460,terminal,pagerank,60,50,0.00831021234310132,0.004349651202863248,0.5234103562316417,0.0,0.016409454059139652,0.2630019508126109,0.0037281599210531413
LNGN0460,terminal,eigenvector,60,50,0.002292489029667495,0.01168465248033802,5.096928416723012,0.0,0.08519988421373555,-0.03339380016862784,0.004405085729141414
LNGN0460,terminal,share_monthly_network_flow,60,50,0.003635175587576136,0.0031315672701016806,0.8614624506184442,0.0,0.014687079629695505,0.42881048064729727,0.0024787335791104457
LNGN0463,terminal,node_throughput,60,57,558356.8666666667,321805.9723831636,0.5763446132655488,0.0,1363882.0,0.047045591679061104,339165.0508474576
LNGN0463,terminal,total_voyages,60,57,3.3833333333333333,1.9665996349775379,0.5812609758554299,0.0,8.0,0.024310318549001664,2.1016949152542375
LNGN0463,terminal,total_route_exposure,60,57,2.9833333333333334,1.620751726265343,0.5432687350610088,0.0,7.0,0.006511001347103707,1.7627118644067796
LNGN0463,terminal,total_degree,60,57,2.066666666666667,1.022901600162899,0.49495238717559625,0.0,4.0,-0.05651930609960836,1.152542372881356
LNGN0463,terminal,total_strength,60,57,558356.8666666667,321805.9723831636,0.5763446132655488,0.0,1363882.0,0.047045591679061104,339165.0508474576
LNGN0463,terminal,betweenness,60,57,0.0,0.0,,0.0,0.0,,0.0
LNGN0463,terminal,pagerank,60,57,0.013536596625299848,0.005991471278859118,0.44261282541736385,0.0,0.03104228442757603,-0.004252372955623051,0.006215426245469049
LNGN0463,terminal,eigenvector,60,57,0.005885596965866981,0.006307228973756849,1.071637934152659,0.0,0.0305164000426421,-0.10262972576084255,0.006619286633799349
LNGN0463,terminal,share_monthly_network_flow,60,57,0.006283402163731177,0.003527610999339788,0.5614173512085117,0.0,0.01786107400282606,0.0225078175609752,0.003867186394187573
LNGN0464,terminal,node_throughput,60,59,1336470.2666666666,722711.4382514787,0.540761329508674,0.0,3017715.0,0.4892631339856099,584552.9830508474
LNGN0464,terminal,total_voyages,60,59,8.4,4.5666439852626555,0.5436480934836494,0.0,19.0,0.5322670375521553,3.4237288135593222
LNGN0464,terminal,total_route_exposure,60,59,3.05,1.48922684980143,0.4882710982955509,0.0,7.0,0.6047928762873171,0.9322033898305084
LNGN0464,terminal,total_degree,60,59,2.4,0.785461108230301,0.32727546176262545,0.0,4.0,0.5159495103448157,0.4915254237288136
LNGN0464,terminal,total_strength,60,59,1336470.2666666666,722711.4382514787,0.540761329508674,0.0,3017715.0,0.4892631339856099,584552.9830508474
LNGN0464,terminal,betweenness,60,59,0.0,0.0,,0.0,0.0,,0.0
LNGN0464,terminal,pagerank,60,59,0.01037345595111188,0.0024143613471662405,0.23274416535286457,0.0,0.015944530621633753,0.06900787900333602,0.002379563245826817
LNGN0464,terminal,eigenvector,60,59,0.0007254087620138319,0.0011471468906511342,1.5813799759827833,0.0,0.005617597573364573,0.07489395231894556,0.0009826508397273945
LNGN0464,terminal,share_monthly_network_flow,60,59,0.0144599922460671,0.006644218345306658,0.4594897585172485,0.0,0.036778241985761906,0.30471227931545825,0.006124193516255312
LNGN0472,terminal,node_throughput,60,37,135159.5,132951.05597269334,0.9836604602169536,0.0,525100.0,0.03589185825548018,142873.86440677967
LNGN0472,terminal,total_voyages,60,37,0.8,0.7767817135518026,0.9709771419397532,0.0,3.0,-0.006731021275393552,0.8305084745762712
LNGN0472,terminal,total_route_exposure,60,37,0.7333333333333333,0.6604227374117243,0.9005764601068968,0.0,2.0,-0.0026667828224037253,0.6949152542372882
LNGN0472,terminal,total_degree,60,37,0.6666666666666666,0.5724365605193373,0.858654840779006,0.0,2.0,-0.023132588122850784,0.5932203389830508
LNGN0472,terminal,total_strength,60,37,135159.5,132951.05597269334,0.9836604602169536,0.0,525100.0,0.03589185825548018,142873.86440677967
LNGN0472,terminal,betweenness,60,37,0.0,0.0,,0.0,0.0,,0.0
LNGN0472,terminal,pagerank,60,37,0.004862124653478606,0.0040989285125423705,0.8430323787790576,0.0,0.014697119064759373,0.06735666719786264,0.004205887251395078
LNGN0472,terminal,eigenvector,60,37,0.0017884600202884248,0.003928568599315675,2.1966208664156297,0.0,0.027257522170937187,0.18364504455400016,0.0025942941297158384
LNGN0472,terminal,share_monthly_network_flow,60,37,0.0015756004196550925,0.001687616331831389,1.0710941116662165,0.0,0.007476645922637854,0.1483419694857357,0.001651353003851014
LNGN0473,terminal,node_throughput,60,44,236662.43333333332,214832.72620661955,0.9077601509489799,0.0,1000200.0,0.059899112623861356,213365.01694915254
LNGN0473,terminal,total_voyages,60,44,1.2333333333333334,1.0793385712613208,0.8751393821037736,0.0,5.0,0.05065175489689902,1.0677966101694916
LNGN0473,terminal,total_route_exposure,60,44,0.95,0.7461766955734742,0.785449153235236,0.0,3.0,0.08949087919851237,0.6949152542372882
LNGN0473,terminal,total_degree,60,44,0.8833333333333333,0.6402241838994505,0.7247820949805099,0.0,2.0,0.13829370885009445,0.559322033898305
LNGN0473,terminal,total_strength,60,44,236662.43333333332,214832.72620661955,0.9077601509489799,0.0,1000200.0,0.059899112623861356,213365.01694915254
LNGN0473,terminal,betweenness,60,44,0.0,0.0,,0.0,0.0,,0.0
LNGN0473,terminal,pagerank,60,44,0.006569353602124868,0.004880999432288133,0.7429953885735981,0.0,0.01913855755423967,-0.02901588789986288,0.004855858739086215
LNGN0473,terminal,eigenvector,60,44,0.008491660230901813,0.01384953722526912,1.6309575334714377,0.0,0.07462529048326656,0.06968888394698963,0.010823164811749122
LNGN0473,terminal,share_monthly_network_flow,60,44,0.002983647714185715,0.0034266713864214465,1.1484839078452127,0.0,0.01650104198091429,0.07240308048200847,0.003060759508310714
LNGN0474,terminal,node_throughput,60,52,425826.18333333335,317971.6043483774,0.7467168924637773,0.0,1359017.0,0.404446683337733,274992.2033898305
LNGN0474,terminal,total_voyages,60,52,2.2333333333333334,1.6810677263468512,0.7527168923941124,0.0,7.0,0.40330952409213094,1.4576271186440677
LNGN0474,terminal,total_route_exposure,60,52,1.7,1.0782911779323707,0.6342889281955122,0.0,4.0,0.43950550456386006,0.8983050847457628
LNGN0474,terminal,total_degree,60,52,0.8666666666666667,0.34280333180088157,0.3955423059240941,0.0,1.0,0.3139818882645226,0.15254237288135594
LNGN0474,terminal,total_strength,60,52,425826.18333333335,317971.6043483774,0.7467168924637773,0.0,1359017.0,0.404446683337733,274992.2033898305
LNGN0474,terminal,betweenness,60,52,0.0,0.0,,0.0,0.0,,0.0
LNGN0474,terminal,pagerank,60,52,0.010935297621597123,0.004945428079717817,0.4522444885222545,0.0,0.01849578304358518,0.19320979429150112,0.0041152064317272205
LNGN0474,terminal,eigenvector,60,52,2.4044247918205163e-05,4.925878291587115e-05,2.048672226448586,0.0,0.00027576211279245114,0.09564058669495955,3.454805751899504e-05
LNGN0474,terminal,share_monthly_network_flow,60,52,0.0045502562331469765,0.003163229852099163,0.6951762032775591,0.0,0.01348694170078384,0.13211267309056773,0.0032245086393448597
