node_id,node_type,metric,mean_rank,median_rank,best_rank,worst_rank,rank_std,mean_percentile_rank,top_5pct_months,top_10pct_months,top_20pct_months,months_observed,top_5pct_share,top_10pct_share,top_20pct_share
CP001,chokepoint,betweenness,3.533333333333333,3.0,1.0,16.0,2.3467732384634785,0.9864081996434938,59,60,60,60,0.9833333333333333,1.0,1.0
CP001,chokepoint,eigenvector,6.383333333333334,5.5,1.0,37.0,5.129151205647526,0.9131907308377897,56,59,60,60,0.9333333333333333,0.9833333333333333,1.0
CP001,chokepoint,node_throughput,9.233333333333333,7.0,3.0,47.0,7.5338032951753835,0.953475935828877,46,55,59,60,0.7666666666666667,0.9166666666666666,0.9833333333333333
CP001,chokepoint,pagerank,7.316666666666666,5.0,2.0,42.0,6.552245485629701,0.9662210338680928,48,57,59,60,0.8,0.95,0.9833333333333333
CP001,chokepoint,share_monthly_network_flow,9.233333333333333,7.0,3.0,47.0,7.5338032951753835,0.953475935828877,46,55,59,60,0.7666666666666667,0.9166666666666666,0.9833333333333333
CP001,chokepoint,total_degree,12.666666666666666,10.0,4.0,28.0,5.858983155447643,0.9245989304812834,31,52,60,60,0.5166666666666667,0.8666666666666667,1.0
CP001,chokepoint,total_route_exposure,10.55,8.0,3.0,49.0,8.230626971196243,0.9398395721925134,41,54,59,60,0.6833333333333333,0.9,0.9833333333333333
CP001,chokepoint,total_strength,7.183333333333334,6.0,2.0,31.0,4.760329238957829,0.9644830659536542,52,58,60,60,0.8666666666666667,0.9666666666666667,1.0
CP001,chokepoint,total_voyages,9.683333333333334,8.0,3.0,40.0,7.016908553609452,0.9470588235294117,46,54,59,60,0.7666666666666667,0.9,0.9833333333333333
CP002,chokepoint,betweenness,9.0,9.0,2.0,16.0,3.71893915983796,0.9569964349376114,43,60,60,60,0.7166666666666667,1.0,1.0
CP002,chokepoint,eigenvector,31.05,27.0,1.0,91.0,22.039583034598973,0.781283422459893,10,16,42,60,0.16666666666666666,0.26666666666666666,0.7
CP002,chokepoint,node_throughput,16.3,13.0,1.0,57.0,11.290163710512328,0.9168894830659536,17,46,56,60,0.2833333333333333,0.7666666666666667,0.9333333333333333
CP002,chokepoint,pagerank,9.566666666666666,8.0,1.0,26.0,6.3067536215503015,0.9541889483065954,37,54,60,60,0.6166666666666667,0.9,1.0
CP002,chokepoint,share_monthly_network_flow,16.3,13.0,1.0,57.0,11.290163710512328,0.9168894830659536,17,46,56,60,0.2833333333333333,0.7666666666666667,0.9333333333333333
CP002,chokepoint,total_degree,8.35,7.0,1.0,25.0,4.905289431499395,0.9521836007130126,48,57,60,60,0.8,0.95,1.0
CP002,chokepoint,total_route_exposure,11.633333333333333,10.0,1.0,56.0,8.839370072399738,0.9323529411764705,33,54,59,60,0.55,0.9,0.9833333333333333
CP002,chokepoint,total_strength,11.75,10.0,1.0,47.0,7.473399154016481,0.9415329768270945,31,54,59,60,0.5166666666666667,0.9,0.9833333333333333
CP002,chokepoint,total_voyages,15.266666666666667,13.0,1.0,58.0,10.518533549055158,0.9137254901960784,18,46,57,60,0.3,0.7666666666666667,0.95
CP003,chokepoint,betweenness,21.533333333333335,22.0,18.0,24.0,1.1118265116871402,0.44777183600713016,0,2,60,60,0.0,0.03333333333333333,1.0
CP003,chokepoint,eigenvector,85.76666666666667,95.0,1.0,127.0,33.84829899171843,0.2760249554367202,7,7,7,60,0.11666666666666667,0.11666666666666667,0.11666666666666667
CP003,chokepoint,node_throughput,97.53333333333333,95.0,73.0,127.0,13.497603888633842,0.2445632798573975,0,0,0,60,0.0,0.0,0.0
CP003,chokepoint,pagerank,97.53333333333333,95.0,73.0,127.0,13.497603888633842,0.2445632798573975,0,0,0,60,0.0,0.0,0.0
CP003,chokepoint,share_monthly_network_flow,97.53333333333333,95.0,73.0,127.0,13.497603888633842,0.2445632798573975,0,0,0,60,0.0,0.0,0.0
CP003,chokepoint,total_degree,97.53333333333333,95.0,73.0,127.0,13.497603888633842,0.2445632798573975,0,0,0,60,0.0,0.0,0.0
CP003,chokepoint,total_route_exposure,97.53333333333333,95.0,73.0,127.0,13.497603888633842,0.2445632798573975,0,0,0,60,0.0,0.0,0.0
CP003,chokepoint,total_strength,97.53333333333333,95.0,73.0,127.0,13.497603888633842,0.2445632798573975,0,0,0,60,0.0,0.0,0.0
CP003,chokepoint,total_voyages,97.53333333333333,95.0,73.0,127.0,13.497603888633842,0.2445632798573975,0,0,0,60,0.0,0.0,0.0
CP004,chokepoint,betweenness,4.783333333333333,4.0,2.0,18.0,2.9116462037512734,0.9797237076648841,57,60,60,60,0.95,1.0,1.0
CP004,chokepoint,eigenvector,4.566666666666666,4.0,1.0,59.0,7.300723592340105,0.9229055258467024,58,59,59,60,0.9666666666666667,0.9833333333333333,0.9833333333333333
CP004,chokepoint,node_throughput,9.333333333333334,7.0,3.0,47.0,7.48935214022054,0.9529411764705883,46,55,59,60,0.7666666666666667,0.9166666666666666,0.9833333333333333
CP004,chokepoint,pagerank,14.5,11.5,5.0,45.0,8.830801257386424,0.9278074866310161,27,49,57,60,0.45,0.8166666666666667,0.95
CP004,chokepoint,share_monthly_network_flow,9.333333333333334,7.0,3.0,47.0,7.48935214022054,0.9529411764705883,46,55,59,60,0.7666666666666667,0.9166666666666666,0.9833333333333333
CP004,chokepoint,total_degree,17.116666666666667,17.0,5.0,33.0,6.488821330556652,0.8963903743315508,12,37,60,60,0.2,0.6166666666666667,1.0
CP004,chokepoint,total_route_exposure,10.7,8.0,3.0,49.0,8.143417847396025,0.9390374331550803,41,54,59,60,0.6833333333333333,0.9,0.9833333333333333
CP004,chokepoint,total_strength,7.283333333333333,6.0,2.0,31.0,4.708778914968985,0.9639483065953655,52,58,60,60,0.8666666666666667,0.9666666666666667,1.0
CP004,chokepoint,total_voyages,9.8,8.0,3.0,40.0,6.978902832520505,0.9464349376114083,45,54,59,60,0.75,0.9,0.9833333333333333
CP005,chokepoint,betweenness,5.15,4.0,1.0,13.0,2.962048077523274,0.9776292335115865,53,60,60,60,0.8833333333333333,1.0,1.0
CP005,chokepoint,eigenvector,3.3666666666666667,3.0,1.0,21.0,2.5642038224247803,0.9293226381461676,59,59,60,60,0.9833333333333333,0.9833333333333333,1.0
CP005,chokepoint,node_throughput,5.566666666666666,4.0,3.0,36.0,4.6518327595259565,0.9755793226381461,55,59,60,60,0.9166666666666666,0.9833333333333333,1.0
CP005,chokepoint,pagerank,11.083333333333334,9.0,1.0,35.0,8.261184850930462,0.946078431372549,37,51,60,60,0.6166666666666667,0.85,1.0
CP005,chokepoint,share_monthly_network_flow,5.566666666666666,4.0,3.0,36.0,4.6518327595259565,0.9755793226381461,55,59,60,60,0.9166666666666666,0.9833333333333333,1.0
CP005,chokepoint,total_degree,6.0,5.5,1.0,15.0,3.10821764829179,0.9675133689839572,54,60,60,60,0.9,1.0,1.0
CP005,chokepoint,total_route_exposure,5.95,5.0,1.0,27.0,4.2082445311433965,0.9708110516934046,53,59,60,60,0.8833333333333333,0.9833333333333333,1.0
CP005,chokepoint,total_strength,4.183333333333334,3.0,2.0,22.0,3.1108975579114153,0.9829768270944741,59,59,60,60,0.9833333333333333,0.9833333333333333,1.0
CP005,chokepoint,total_voyages,6.516666666666667,5.0,2.0,38.0,5.123861317625594,0.9685828877005348,54,59,60,60,0.9,0.9833333333333333,1.0
CP006,chokepoint,betweenness,6.683333333333334,6.5,1.0,17.0,2.5742641974343057,0.9696078431372549,57,60,60,60,0.95,1.0,1.0
CP006,chokepoint,eigenvector,1.5,1.0,1.0,28.0,3.5006052745397604,0.9393048128342246,59,59,60,60,0.9833333333333333,0.9833333333333333,1.0
CP006,chokepoint,node_throughput,2.066666666666667,1.0,1.0,37.0,4.650010631176717,0.9942513368983957,59,59,60,60,0.9833333333333333,0.9833333333333333,1.0
CP006,chokepoint,pagerank,10.533333333333333,9.0,3.0,30.0,4.720911527418991,0.9489750445632799,34,59,60,60,0.5666666666666667,0.9833333333333333,1.0
CP006,chokepoint,share_monthly_network_flow,2.066666666666667,1.0,1.0,37.0,4.650010631176717,0.9942513368983957,59,59,60,60,0.9833333333333333,0.9833333333333333,1.0
CP006,chokepoint,total_degree,6.3,6.0,2.0,19.0,2.451564702700181,0.9673796791443849,58,60,60,60,0.9666666666666667,1.0,1.0
CP006,chokepoint,total_route_exposure,1.8333333333333333,1.0,1.0,27.0,3.4057113877275587,0.9941176470588236,59,59,60,60,0.9833333333333333,0.9833333333333333,1.0
CP006,chokepoint,total_strength,1.4833333333333334,1.0,1.0,24.0,2.994297782292127,0.997415329768271,59,59,60,60,0.9833333333333333,0.9833333333333333,1.0
CP006,chokepoint,total_voyages,2.1,1.0,1.0,38.0,4.870179059110312,0.9931372549019607,59,59,60,60,0.9833333333333333,0.9833333333333333,1.0
CP007,chokepoint,betweenness,16.716666666666665,18.0,7.0,22.0,3.8492423496925565,0.9007130124777184,5,42,60,60,0.08333333333333333,0.7,1.0
CP007,chokepoint,eigenvector,31.65,29.5,1.0,84.0,22.164122023774052,0.7734848484848484,8,27,37,60,0.13333333333333333,0.45,0.6166666666666667
CP007,chokepoint,node_throughput,42.05,40.0,13.0,84.0,16.2422602167664,0.7749108734402852,0,3,27,60,0.0,0.05,0.45
CP007,chokepoint,pagerank,37.1,33.5,7.0,84.0,19.661284334827045,0.8022727272727272,1,12,32,60,0.016666666666666666,0.2,0.5333333333333333
CP007,chokepoint,share_monthly_network_flow,42.05,40.0,13.0,84.0,16.2422602167664,0.7749108734402852,0,3,27,60,0.0,0.05,0.45
CP007,chokepoint,total_degree,19.216666666666665,18.5,6.0,84.0,10.60554966118302,0.8749108734402852,8,32,59,60,0.13333333333333333,0.5333333333333333,0.9833333333333333
CP007,chokepoint,total_route_exposure,31.433333333333334,29.0,10.0,84.0,14.483616304049821,0.8022281639928699,2,14,42,60,0.03333333333333333,0.23333333333333334,0.7
CP007,chokepoint,total_strength,27.966666666666665,24.0,9.0,84.0,12.788987140911335,0.8507130124777185,2,12,49,60,0.03333333333333333,0.2,0.8166666666666667
CP007,chokepoint,total_voyages,35.63333333333333,33.0,13.0,84.0,13.732266427758304,0.782843137254902,0,7,37,60,0.0,0.11666666666666667,0.6166666666666667
CP008,chokepoint,betweenness,2.0166666666666666,1.0,1.0,14.0,2.087019338078621,0.9945632798573975,59,60,60,60,0.9833333333333333,1.0,1.0
CP008,chokepoint,eigenvector,12.016666666666667,10.5,1.0,34.0,7.935100453619951,0.8830659536541889,30,50,60,60,0.5,0.8333333333333334,1.0
CP008,chokepoint,node_throughput,5.3,5.0,1.0,17.0,2.6251715036791046,0.9770053475935828,58,60,60,60,0.9666666666666667,1.0,1.0
CP008,chokepoint,pagerank,4.033333333333333,2.0,1.0,39.0,6.425496529430042,0.9837789661319073,57,57,59,60,0.95,0.95,0.9833333333333333
CP008,chokepoint,share_monthly_network_flow,5.3,5.0,1.0,17.0,2.6251715036791046,0.9770053475935828,58,60,60,60,0.9666666666666667,1.0,1.0
CP008,chokepoint,total_degree,1.4666666666666666,1.0,1.0,5.0,0.812334294271587,0.9970588235294117,60,60,60,60,1.0,1.0,1.0
CP008,chokepoint,total_route_exposure,3.5833333333333335,3.0,1.0,11.0,2.38136598506031,0.9844028520499108,59,60,60,60,0.9833333333333333,1.0,1.0
CP008,chokepoint,total_strength,4.4,4.0,1.0,14.0,2.337607062716277,0.9818181818181818,58,60,60,60,0.9666666666666667,1.0,1.0
CP008,chokepoint,total_voyages,4.75,4.0,1.0,14.0,2.2671194296892647,0.9786541889483066,58,60,60,60,0.9666666666666667,1.0,1.0
CP009,chokepoint,betweenness,7.016666666666667,6.0,2.0,21.0,3.743883901333836,0.9677807486631017,55,59,60,60,0.9166666666666666,0.9833333333333333,1.0
CP009,chokepoint,eigenvector,25.216666666666665,25.0,1.0,48.0,13.441766009209047,0.8124777183600713,8,20,48,60,0.13333333333333333,0.3333333333333333,0.8
CP009,chokepoint,node_throughput,7.366666666666666,5.5,2.0,31.0,5.775361656198424,0.9659536541889484,51,56,60,60,0.85,0.9333333333333333,1.0
CP009,chokepoint,pagerank,10.366666666666667,7.0,1.0,56.0,10.931166245201197,0.9499108734402851,41,49,58,60,0.6833333333333333,0.8166666666666667,0.9666666666666667
CP009,chokepoint,share_monthly_network_flow,7.366666666666666,5.5,2.0,31.0,5.775361656198424,0.9659536541889484,51,56,60,60,0.85,0.9333333333333333,1.0
CP009,chokepoint,total_degree,2.8333333333333335,2.0,1.0,17.0,2.4017413644938754,0.9889483065953654,59,60,60,60,0.9833333333333333,1.0,1.0
CP009,chokepoint,total_route_exposure,7.95,5.5,2.0,41.0,6.99012620821539,0.9583778966131907,47,56,59,60,0.7833333333333333,0.9333333333333333,0.9833333333333333
CP009,chokepoint,total_strength,5.783333333333333,4.0,2.0,23.0,4.286722372695131,0.9744206773618539,55,59,60,60,0.9166666666666666,0.9833333333333333,1.0
CP009,chokepoint,total_voyages,6.85,5.0,1.0,31.0,6.052944373874614,0.9663992869875223,51,56,60,60,0.85,0.9333333333333333,1.0
CP010,chokepoint,betweenness,13.533333333333333,13.0,7.0,21.0,4.147560715288643,0.9250891265597149,15,52,60,60,0.25,0.8666666666666667,1.0
CP010,chokepoint,eigenvector,56.53333333333333,62.0,1.0,93.0,23.85227606427378,0.6399286987522282,7,7,9,60,0.11666666666666667,0.11666666666666667,0.15
CP010,chokepoint,node_throughput,35.9,33.5,11.0,78.0,15.51784101705223,0.8082442067736185,0,10,38,60,0.0,0.16666666666666666,0.6333333333333333
CP010,chokepoint,pagerank,25.516666666666666,20.5,2.0,78.0,16.30689951374609,0.8640374331550802,11,29,48,60,0.18333333333333332,0.48333333333333334,0.8
CP010,chokepoint,share_monthly_network_flow,35.9,33.5,11.0,78.0,15.51784101705223,0.8082442067736185,0,10,38,60,0.0,0.16666666666666666,0.6333333333333333
CP010,chokepoint,total_degree,9.683333333333334,7.0,3.0,78.0,10.714304815694566,0.9401069518716577,48,55,59,60,0.8,0.9166666666666666,0.9833333333333333
CP010,chokepoint,total_route_exposure,24.9,22.5,8.0,78.0,13.111904281922783,0.8493315508021391,3,25,54,60,0.05,0.4166666666666667,0.9
CP010,chokepoint,total_strength,25.083333333333332,21.0,9.0,78.0,12.76554109891244,0.866354723707665,2,24,54,60,0.03333333333333333,0.4,0.9
CP010,chokepoint,total_voyages,26.733333333333334,24.5,9.0,78.0,14.090346096080987,0.8420231729055259,2,24,49,60,0.03333333333333333,0.4,0.8166666666666667
CP011,chokepoint,betweenness,3.6333333333333333,3.0,1.0,11.0,2.4699321795853852,0.9858734402852051,59,60,60,60,0.9833333333333333,1.0,1.0
CP011,chokepoint,eigenvector,5.916666666666667,6.0,1.0,14.0,2.763513280177519,0.915686274509804,56,60,60,60,0.9333333333333333,1.0,1.0
CP011,chokepoint,node_throughput,7.666666666666667,6.0,1.0,40.0,5.794991018453333,0.9642156862745098,52,57,59,60,0.8666666666666667,0.95,0.9833333333333333
CP011,chokepoint,pagerank,3.8333333333333335,1.0,1.0,42.0,6.504670204036238,0.9848484848484849,54,59,59,60,0.9,0.9833333333333333,0.9833333333333333
CP011,chokepoint,share_monthly_network_flow,7.666666666666667,6.0,1.0,40.0,5.794991018453333,0.9642156862745098,52,57,59,60,0.8666666666666667,0.95,0.9833333333333333
CP011,chokepoint,total_degree,3.2,3.0,1.0,13.0,2.7358263400135368,0.9852941176470588,57,60,60,60,0.95,1.0,1.0
CP011,chokepoint,total_route_exposure,6.833333333333333,5.0,1.0,38.0,6.048299009139247,0.9634135472370766,50,57,60,60,0.8333333333333334,0.95,1.0
CP011,chokepoint,total_strength,6.0,6.0,1.0,22.0,3.58906059188242,0.973217468805704,57,59,60,60,0.95,0.9833333333333333,1.0
CP011,chokepoint,total_voyages,7.9,6.5,1.0,42.0,6.138790252379686,0.9586898395721926,52,58,59,60,0.8666666666666667,0.9666666666666667,0.9833333333333333
CP012,chokepoint,betweenness,12.7,11.0,2.0,21.0,4.446670817131869,0.9144830659536541,24,56,60,60,0.4,0.9333333333333333,1.0
CP012,chokepoint,eigenvector,37.2,34.0,1.0,116.0,24.65958059769544,0.7357397504456329,9,13,35,60,0.15,0.21666666666666667,0.5833333333333334
CP012,chokepoint,node_throughput,33.21666666666667,29.0,7.0,118.0,20.387842561040767,0.8146167557932263,3,18,42,60,0.05,0.3,0.7
CP012,chokepoint,pagerank,13.516666666666667,7.0,1.0,118.0,20.030055100888585,0.9203208556149732,38,51,57,60,0.6333333333333333,0.85,0.95
CP012,chokepoint,share_monthly_network_flow,33.21666666666667,29.0,7.0,118.0,20.387842561040767,0.8146167557932263,3,18,42,60,0.05,0.3,0.7
CP012,chokepoint,total_degree,13.666666666666666,8.5,3.0,118.0,19.514155372113997,0.9097593582887701,40,54,57,60,0.6666666666666666,0.9,0.95
CP012,chokepoint,total_route_exposure,26.683333333333334,21.0,6.0,118.0,18.827937830199385,0.8301247771836007,2,23,52,60,0.03333333333333333,0.38333333333333336,0.8666666666666667
CP012,chokepoint,total_strength,23.9,19.0,4.0,118.0,19.078517513383336,0.864795008912656,6,33,53,60,0.1,0.55,0.8833333333333333
CP012,chokepoint,total_voyages,31.666666666666668,27.0,7.0,118.0,19.703451187560137,0.8055258467023172,4,16,43,60,0.06666666666666667,0.26666666666666666,0.7166666666666667
CP013,chokepoint,betweenness,16.1,17.0,5.0,21.0,3.3884149586795576,0.8889483065953654,4,53,60,60,0.06666666666666667,0.8833333333333333,1.0
CP013,chokepoint,eigenvector,47.18333333333333,52.5,1.0,82.0,23.587911056780744,0.6852495543672015,9,9,18,60,0.15,0.15,0.3
CP013,chokepoint,node_throughput,37.06666666666667,33.5,4.0,86.0,19.65884168757598,0.7969251336898395,2,11,38,60,0.03333333333333333,0.18333333333333332,0.6333333333333333
CP013,chokepoint,pagerank,22.5,18.0,4.0,86.0,15.069893659719508,0.8755347593582887,7,32,53,60,0.11666666666666667,0.5333333333333333,0.8833333333333333
CP013,chokepoint,share_monthly_network_flow,37.06666666666667,33.5,4.0,86.0,19.65884168757598,0.7969251336898395,2,11,38,60,0.03333333333333333,0.18333333333333332,0.6333333333333333
CP013,chokepoint,total_degree,23.383333333333333,21.0,6.0,86.0,14.577776988310116,0.8401960784313726,7,27,55,60,0.11666666666666667,0.45,0.9166666666666666
CP013,chokepoint,total_route_exposure,29.133333333333333,24.5,3.0,86.0,16.52472894381831,0.8112299465240641,3,19,44,60,0.05,0.31666666666666665,0.7333333333333333
CP013,chokepoint,total_strength,26.066666666666666,22.0,3.0,86.0,16.285448081309877,0.8562388591800356,3,24,51,60,0.05,0.4,0.85
CP013,chokepoint,total_voyages,34.0,32.0,4.0,86.0,17.990581339944313,0.7894830659536541,3,16,41,60,0.05,0.26666666666666666,0.6833333333333333
CP014,chokepoint,betweenness,13.75,13.5,3.0,21.0,4.221113195611969,0.909180035650624,13,54,60,60,0.21666666666666667,0.9,1.0
CP014,chokepoint,eigenvector,18.183333333333334,15.0,1.0,85.0,17.298468303572935,0.8407308377896613,18,44,55,60,0.3,0.7333333333333333,0.9166666666666666
CP014,chokepoint,node_throughput,41.85,36.5,12.0,92.0,21.369092998843453,0.7678698752228164,0,7,32,60,0.0,0.11666666666666667,0.5333333333333333
CP014,chokepoint,pagerank,33.13333333333333,25.0,4.0,92.0,21.970293245897622,0.8148841354723707,4,17,41,60,0.06666666666666667,0.2833333333333333,0.6833333333333333
CP014,chokepoint,share_monthly_network_flow,41.85,36.5,12.0,92.0,21.369092998843453,0.7678698752228164,0,7,32,60,0.0,0.11666666666666667,0.5333333333333333
CP014,chokepoint,total_degree,17.983333333333334,12.0,3.0,92.0,18.352935078311063,0.8779857397504457,25,43,56,60,0.4166666666666667,0.7166666666666667,0.9333333333333333
CP014,chokepoint,total_route_exposure,34.46666666666667,28.5,7.0,92.0,19.56775856201325,0.7734402852049911,1,12,38,60,0.016666666666666666,0.2,0.6333333333333333
CP014,chokepoint,total_strength,29.516666666666666,23.5,9.0,92.0,18.918640853703323,0.8341354723707665,3,23,45,60,0.05,0.38333333333333336,0.75
CP014,chokepoint,total_voyages,39.56666666666667,35.0,12.0,92.0,20.280546466299956,0.7516934046345811,0,9,33,60,0.0,0.15,0.55
CP015,chokepoint,betweenness,13.633333333333333,14.0,6.0,19.0,2.736858688391855,0.9320855614973261,9,60,60,60,0.15,1.0,1.0
CP015,chokepoint,eigenvector,41.31666666666667,45.0,1.0,93.0,24.429415213705298,0.7263814616755794,8,13,25,60,0.13333333333333333,0.21666666666666667,0.4166666666666667
CP015,chokepoint,node_throughput,20.566666666666666,18.0,7.0,67.0,10.461173843890103,0.8937611408199644,5,35,58,60,0.08333333333333333,0.5833333333333334,0.9666666666666667
CP015,chokepoint,pagerank,20.266666666666666,18.5,3.0,53.0,9.54004346837744,0.896969696969697,7,32,57,60,0.11666666666666667,0.5333333333333333,0.95
CP015,chokepoint,share_monthly_network_flow,20.566666666666666,18.0,7.0,67.0,10.461173843890103,0.8937611408199644,5,35,58,60,0.08333333333333333,0.5833333333333334,0.9666666666666667
CP015,chokepoint,total_degree,13.533333333333333,13.0,3.0,24.0,5.110529730301329,0.9190285204991088,17,53,60,60,0.2833333333333333,0.8833333333333333,1.0
CP015,chokepoint,total_route_exposure,14.7,13.5,5.0,41.0,6.525828734955132,0.9156862745098039,20,46,59,60,0.3333333333333333,0.7666666666666667,0.9833333333333333
CP015,chokepoint,total_strength,13.983333333333333,12.0,5.0,44.0,5.941784433979999,0.9289661319073085,17,52,59,60,0.2833333333333333,0.8666666666666667,0.9833333333333333
CP015,chokepoint,total_voyages,17.766666666666666,16.5,6.0,48.0,8.18921710764577,0.8975935828877006,11,40,59,60,0.18333333333333332,0.6666666666666666,0.9833333333333333
CP016,chokepoint,betweenness,17.25,18.0,11.0,21.0,2.3479164943427557,0.9125222816399287,0,50,60,60,0.0,0.8333333333333334,1.0
CP016,chokepoint,eigenvector,55.71666666666667,62.0,1.0,88.0,23.935004977581187,0.6493761140819964,7,7,12,60,0.11666666666666667,0.11666666666666667,0.2
CP016,chokepoint,node_throughput,21.816666666666666,19.5,8.0,59.0,9.647150570209517,0.8886363636363637,3,30,58,60,0.05,0.5,0.9666666666666667
CP016,chokepoint,pagerank,16.516666666666666,14.5,5.0,46.0,9.983871173839294,0.9169786096256684,19,46,58,60,0.31666666666666665,0.7666666666666667,0.9666666666666667
CP016,chokepoint,share_monthly_network_flow,21.816666666666666,19.5,8.0,59.0,9.647150570209517,0.8886363636363637,3,30,58,60,0.05,0.5,0.9666666666666667
CP016,chokepoint,total_degree,5.766666666666667,5.0,1.0,18.0,3.4511931941397944,0.9696078431372549,53,60,60,60,0.8833333333333333,1.0,1.0
CP016,chokepoint,total_route_exposure,16.0,14.0,6.0,38.0,7.22753679586574,0.9070855614973261,11,46,60,60,0.18333333333333332,0.7666666666666667,1.0
CP016,chokepoint,total_strength,15.033333333333333,14.0,6.0,40.0,5.8973325388217965,0.9249108734402852,13,51,59,60,0.21666666666666667,0.85,0.9833333333333333
CP016,chokepoint,total_voyages,18.216666666666665,15.0,7.0,42.0,8.42331644229312,0.8983511586452763,10,40,58,60,0.16666666666666666,0.6666666666666666,0.9666666666666667
CP017,chokepoint,betweenness,13.866666666666667,14.0,9.0,21.0,3.0833982280542944,0.8858734402852051,9,55,60,60,0.15,0.9166666666666666,1.0
CP017,chokepoint,eigenvector,27.083333333333332,19.0,1.0,99.0,23.731043579634903,0.774777183600713,11,31,48,60,0.18333333333333332,0.5166666666666667,0.8
CP017,chokepoint,node_throughput,40.03333333333333,33.0,10.0,103.0,23.954028475936752,0.7630570409982175,2,12,37,60,0.03333333333333333,0.2,0.6166666666666667
CP017,chokepoint,pagerank,28.033333333333335,19.0,2.0,103.0,24.19270562896423,0.8282085561497327,16,31,43,60,0.26666666666666666,0.5166666666666667,0.7166666666666667
CP017,chokepoint,share_monthly_network_flow,40.03333333333333,33.0,10.0,103.0,23.954028475936752,0.7630570409982175,2,12,37,60,0.03333333333333333,0.2,0.6166666666666667
CP017,chokepoint,total_degree,27.183333333333334,21.0,8.0,103.0,20.67381186852442,0.8098930481283423,3,24,54,60,0.05,0.4,0.9
CP017,chokepoint,total_route_exposure,38.6,32.0,9.0,103.0,21.195778281279328,0.7415775401069519,1,12,34,60,0.016666666666666666,0.2,0.5666666666666667
CP017,chokepoint,total_strength,29.75,20.5,7.0,103.0,22.7824084677898,0.8188948306595365,6,28,45,60,0.1,0.4666666666666667,0.75
CP017,chokepoint,total_voyages,39.75,32.5,10.0,103.0,21.673716801693246,0.7414884135472372,1,8,36,60,0.016666666666666666,0.13333333333333333,0.6
CP018,chokepoint,betweenness,20.116666666666667,21.0,13.0,23.0,1.8784384667713576,0.6313725490196078,0,19,60,60,0.0,0.31666666666666665,1.0
CP018,chokepoint,eigenvector,75.68333333333334,80.0,1.0,127.0,32.9419065786962,0.4090463458110517,7,7,7,60,0.11666666666666667,0.11666666666666667,0.11666666666666667
CP018,chokepoint,node_throughput,89.2,87.0,48.0,127.0,17.08979277080774,0.3824420677361854,0,0,0,60,0.0,0.0,0.0
CP018,chokepoint,pagerank,76.21666666666667,84.5,25.0,127.0,29.585321410081942,0.45316399286987524,0,0,9,60,0.0,0.0,0.15
CP018,chokepoint,share_monthly_network_flow,89.2,87.0,48.0,127.0,17.08979277080774,0.3824420677361854,0,0,0,60,0.0,0.0,0.0
CP018,chokepoint,total_degree,71.81666666666666,84.5,20.0,127.0,33.54303669518404,0.45467914438502677,0,0,19,60,0.0,0.0,0.31666666666666665
CP018,chokepoint,total_route_exposure,83.03333333333333,84.5,37.0,127.0,21.61917437287955,0.38270944741532975,0,0,1,60,0.0,0.0,0.016666666666666666
CP018,chokepoint,total_strength,81.6,84.5,35.0,127.0,23.25335769448784,0.4242869875222816,0,0,1,60,0.0,0.0,0.016666666666666666
CP018,chokepoint,total_voyages,85.25,86.0,43.0,127.0,19.887501398225144,0.3782085561497326,0,0,0,60,0.0,0.0,0.0
CP019,chokepoint,betweenness,17.683333333333334,18.5,7.0,23.0,3.562952815904468,0.8290552584670231,3,39,60,60,0.05,0.65,1.0
CP019,chokepoint,eigenvector,39.35,35.0,1.0,112.0,25.818680006695455,0.7122994652406417,7,9,34,60,0.11666666666666667,0.15,0.5666666666666667
CP019,chokepoint,node_throughput,58.166666666666664,52.0,13.0,112.0,22.709041480691152,0.6686720142602495,0,2,7,60,0.0,0.03333333333333333,0.11666666666666667
CP019,chokepoint,pagerank,33.55,25.0,7.0,112.0,24.590493546924915,0.8018270944741533,4,19,44,60,0.06666666666666667,0.31666666666666665,0.7333333333333333
CP019,chokepoint,share_monthly_network_flow,58.166666666666664,52.0,13.0,112.0,22.709041480691152,0.6686720142602495,0,2,7,60,0.0,0.03333333333333333,0.11666666666666667
CP019,chokepoint,total_degree,30.2,23.0,9.0,112.0,23.947541539012136,0.7918894830659536,3,20,52,60,0.05,0.3333333333333333,0.8666666666666667
CP019,chokepoint,total_route_exposure,45.6,39.0,11.0,112.0,22.98134836952253,0.6929590017825312,0,5,29,60,0.0,0.08333333333333333,0.48333333333333334
CP019,chokepoint,total_strength,42.75,33.5,9.0,112.0,23.89427631626382,0.7520944741532977,2,4,37,60,0.03333333333333333,0.06666666666666667,0.6166666666666667
CP019,chokepoint,total_voyages,51.4,45.0,13.0,112.0,21.84242489797616,0.669964349376114,0,2,16,60,0.0,0.03333333333333333,0.26666666666666666
CP020,chokepoint,betweenness,12.283333333333333,12.0,8.0,20.0,2.307626755551654,0.9392602495543673,14,59,60,60,0.23333333333333334,0.9833333333333333,1.0
CP020,chokepoint,eigenvector,37.766666666666666,40.5,1.0,75.0,17.83195253115727,0.7453654188948307,7,8,26,60,0.11666666666666667,0.13333333333333333,0.43333333333333335
CP020,chokepoint,node_throughput,26.6,26.0,11.0,67.0,10.32718971732519,0.8610071301247771,0,13,53,60,0.0,0.21666666666666667,0.8833333333333333
CP020,chokepoint,pagerank,13.733333333333333,13.0,5.0,37.0,6.2078863639200605,0.9319073083778966,20,53,60,60,0.3333333333333333,0.8833333333333333,1.0
CP020,chokepoint,share_monthly_network_flow,26.6,26.0,11.0,67.0,10.32718971732519,0.8610071301247771,0,13,53,60,0.0,0.21666666666666667,0.8833333333333333
CP020,chokepoint,total_degree,29.483333333333334,31.0,7.0,45.0,8.933827669938468,0.7982174688057041,3,7,52,60,0.05,0.11666666666666667,0.8666666666666667
CP020,chokepoint,total_route_exposure,19.266666666666666,18.0,5.0,41.0,6.643122266399114,0.8842691622103387,2,37,59,60,0.03333333333333333,0.6166666666666667,0.9833333333333333
CP020,chokepoint,total_strength,17.8,16.0,8.0,44.0,5.993782088866224,0.9081105169340463,2,42,59,60,0.03333333333333333,0.7,0.9833333333333333
CP020,chokepoint,total_voyages,23.666666666666668,23.0,10.0,48.0,8.341577842587984,0.8623885918003565,2,20,56,60,0.03333333333333333,0.3333333333333333,0.9333333333333333
CP021,chokepoint,betweenness,21.35,21.0,18.0,24.0,1.1020012611884864,0.5073083778966132,0,3,60,60,0.0,0.05,1.0
CP021,chokepoint,eigenvector,85.26666666666667,95.0,1.0,127.0,33.776366557892324,0.29870766488413547,7,7,7,60,0.11666666666666667,0.11666666666666667,0.11666666666666667
CP021,chokepoint,node_throughput,94.63333333333334,94.0,54.0,127.0,15.844548510895615,0.2912655971479501,0,0,0,60,0.0,0.0,0.0
CP021,chokepoint,pagerank,90.73333333333333,94.0,26.0,127.0,22.591333771646173,0.3130124777183601,0,0,3,60,0.0,0.0,0.05
CP021,chokepoint,share_monthly_network_flow,94.63333333333334,94.0,54.0,127.0,15.844548510895615,0.2912655971479501,0,0,0,60,0.0,0.0,0.0
CP021,chokepoint,total_degree,88.98333333333333,94.0,18.0,127.0,25.937010835357377,0.3146167557932264,0,1,6,60,0.0,0.016666666666666666,0.1
CP021,chokepoint,total_route_exposure,93.05,94.0,40.0,127.0,18.056807721320666,0.28903743315508024,0,0,0,60,0.0,0.0,0.0
CP021,chokepoint,total_strength,92.43333333333334,94.0,42.0,127.0,19.14207953801123,0.30392156862745096,0,0,0,60,0.0,0.0,0.0
CP021,chokepoint,total_voyages,93.78333333333333,94.0,49.0,127.0,16.836292182760328,0.28810160427807485,0,0,0,60,0.0,0.0,0.0
CP022,chokepoint,betweenness,12.1,12.5,3.0,20.0,4.107454983402492,0.9401069518716577,21,59,60,60,0.35,0.9833333333333333,1.0
CP022,chokepoint,eigenvector,39.733333333333334,43.0,1.0,84.0,21.783111687779137,0.7348484848484849,9,11,25,60,0.15,0.18333333333333332,0.4166666666666667
CP022,chokepoint,node_throughput,17.816666666666666,13.0,1.0,70.0,13.435964470142732,0.9087344028520499,19,43,56,60,0.31666666666666665,0.7166666666666667,0.9333333333333333
CP022,chokepoint,pagerank,27.683333333333334,29.5,5.0,59.0,14.75734998334977,0.8573083778966132,10,22,46,60,0.16666666666666666,0.36666666666666664,0.7666666666666667
CP022,chokepoint,share_monthly_network_flow,17.816666666666666,13.0,1.0,70.0,13.435964470142732,0.9087344028520499,19,43,56,60,0.31666666666666665,0.7166666666666667,0.9333333333333333
CP022,chokepoint,total_degree,13.316666666666666,12.0,4.0,25.0,5.084011717260587,0.9188057040998217,18,49,60,60,0.3,0.8166666666666667,1.0
CP022,chokepoint,total_route_exposure,12.75,10.0,1.0,56.0,10.963150914135118,0.9252673796791444,32,54,57,60,0.5333333333333333,0.9,0.95
CP022,chokepoint,total_strength,12.9,10.0,1.0,52.0,9.362203130547163,0.9352495543672015,31,54,58,60,0.5166666666666667,0.9,0.9666666666666667
CP022,chokepoint,total_voyages,16.75,13.0,1.0,66.0,12.719429952049138,0.9040998217468806,20,42,56,60,0.3333333333333333,0.7,0.9333333333333333
CP023,chokepoint,betweenness,21.0,21.0,16.0,23.0,1.4613669013423647,0.5387254901960784,0,8,60,60,0.0,0.13333333333333333,1.0
CP023,chokepoint,eigenvector,80.75,88.5,1.0,125.0,33.247212193566966,0.3487522281639929,7,7,7,60,0.11666666666666667,0.11666666666666667,0.11666666666666667
CP023,chokepoint,node_throughput,92.4,93.5,48.0,125.0,15.33380004202525,0.31470588235294117,0,0,0,60,0.0,0.0,0.0
CP023,chokepoint,pagerank,86.15,90.0,28.0,125.0,24.64447199677851,0.3501336898395722,0,0,5,60,0.0,0.0,0.08333333333333333
CP023,chokepoint,share_monthly_network_flow,92.4,93.5,48.0,125.0,15.33380004202525,0.31470588235294117,0,0,0,60,0.0,0.0,0.0
CP023,chokepoint,total_degree,83.46666666666667,90.0,18.0,125.0,28.420252188593913,0.35276292335115866,0,1,8,60,0.0,0.016666666666666666,0.13333333333333333
CP023,chokepoint,total_route_exposure,89.63333333333334,90.0,40.0,125.0,18.504206270940514,0.3111408199643494,0,0,0,60,0.0,0.0,0.0
CP023,chokepoint,total_strength,88.9,90.0,38.0,125.0,19.527208310631085,0.3352941176470588,0,0,1,60,0.0,0.0,0.016666666666666666
CP023,chokepoint,total_voyages,91.11666666666666,91.0,49.0,125.0,16.707951691261087,0.307174688057041,0,0,0,60,0.0,0.0,0.0
CP024,chokepoint,betweenness,20.533333333333335,21.0,6.0,23.0,2.831222211173036,0.5852495543672015,1,10,60,60,0.016666666666666666,0.16666666666666666,1.0
CP024,chokepoint,eigenvector,76.5,80.5,1.0,127.0,31.955742700263183,0.38983957219251336,7,7,7,60,0.11666666666666667,0.11666666666666667,0.11666666666666667
CP024,chokepoint,node_throughput,87.96666666666667,88.0,47.0,127.0,16.802912042480756,0.36203208556149735,0,0,0,60,0.0,0.0,0.0
CP024,chokepoint,pagerank,84.31666666666666,87.5,26.0,127.0,22.454090010331978,0.382843137254902,0,0,5,60,0.0,0.0,0.08333333333333333
CP024,chokepoint,share_monthly_network_flow,87.96666666666667,88.0,47.0,127.0,16.802912042480756,0.36203208556149735,0,0,0,60,0.0,0.0,0.0
CP024,chokepoint,total_degree,75.18333333333334,87.5,11.0,127.0,33.16956521417149,0.41648841354723704,0,3,15,60,0.0,0.05,0.25
CP024,chokepoint,total_route_exposure,84.55,87.5,38.0,127.0,20.793109191039914,0.3579768270944742,0,0,1,60,0.0,0.0,0.016666666666666666
CP024,chokepoint,total_strength,82.3,87.5,32.0,127.0,23.4797424407668,0.3935383244206774,0,0,3,60,0.0,0.0,0.05
CP024,chokepoint,total_voyages,86.11666666666666,87.5,42.0,127.0,18.663016693192866,0.35378787878787876,0,0,0,60,0.0,0.0,0.0
CP025,chokepoint,betweenness,21.533333333333335,22.0,18.0,24.0,1.1118265116871402,0.44777183600713016,0,2,60,60,0.0,0.03333333333333333,1.0
CP025,chokepoint,eigenvector,85.76666666666667,95.0,1.0,127.0,33.84829899171843,0.2760249554367202,7,7,7,60,0.11666666666666667,0.11666666666666667,0.11666666666666667
CP025,chokepoint,node_throughput,97.53333333333333,95.0,73.0,127.0,13.497603888633842,0.2445632798573975,0,0,0,60,0.0,0.0,0.0
CP025,chokepoint,pagerank,97.53333333333333,95.0,73.0,127.0,13.497603888633842,0.2445632798573975,0,0,0,60,0.0,0.0,0.0
CP025,chokepoint,share_monthly_network_flow,97.53333333333333,95.0,73.0,127.0,13.497603888633842,0.2445632798573975,0,0,0,60,0.0,0.0,0.0
CP025,chokepoint,total_degree,97.53333333333333,95.0,73.0,127.0,13.497603888633842,0.2445632798573975,0,0,0,60,0.0,0.0,0.0
CP025,chokepoint,total_route_exposure,97.53333333333333,95.0,73.0,127.0,13.497603888633842,0.2445632798573975,0,0,0,60,0.0,0.0,0.0
CP025,chokepoint,total_strength,97.53333333333333,95.0,73.0,127.0,13.497603888633842,0.2445632798573975,0,0,0,60,0.0,0.0,0.0
CP025,chokepoint,total_voyages,97.53333333333333,95.0,73.0,127.0,13.497603888633842,0.2445632798573975,0,0,0,60,0.0,0.0,0.0
CP026,chokepoint,betweenness,21.533333333333335,22.0,18.0,24.0,1.1118265116871402,0.44777183600713016,0,2,60,60,0.0,0.03333333333333333,1.0
CP026,chokepoint,eigenvector,85.76666666666667,95.0,1.0,127.0,33.84829899171843,0.2760249554367202,7,7,7,60,0.11666666666666667,0.11666666666666667,0.11666666666666667
CP026,chokepoint,node_throughput,97.53333333333333,95.0,73.0,127.0,13.497603888633842,0.2445632798573975,0,0,0,60,0.0,0.0,0.0
CP026,chokepoint,pagerank,97.53333333333333,95.0,73.0,127.0,13.497603888633842,0.2445632798573975,0,0,0,60,0.0,0.0,0.0
CP026,chokepoint,share_monthly_network_flow,97.53333333333333,95.0,73.0,127.0,13.497603888633842,0.2445632798573975,0,0,0,60,0.0,0.0,0.0
CP026,chokepoint,total_degree,97.53333333333333,95.0,73.0,127.0,13.497603888633842,0.2445632798573975,0,0,0,60,0.0,0.0,0.0
CP026,chokepoint,total_route_exposure,97.53333333333333,95.0,73.0,127.0,13.497603888633842,0.2445632798573975,0,0,0,60,0.0,0.0,0.0
CP026,chokepoint,total_strength,97.53333333333333,95.0,73.0,127.0,13.497603888633842,0.2445632798573975,0,0,0,60,0.0,0.0,0.0
CP026,chokepoint,total_voyages,97.53333333333333,95.0,73.0,127.0,13.497603888633842,0.2445632798573975,0,0,0,60,0.0,0.0,0.0
CP027,chokepoint,betweenness,9.433333333333334,9.0,4.0,19.0,2.6830710121979946,0.9546345811051694,43,60,60,60,0.7166666666666667,1.0,1.0
CP027,chokepoint,eigenvector,21.2,21.0,1.0,48.0,10.969603611335758,0.8339572192513369,9,27,55,60,0.15,0.45,0.9166666666666666
CP027,chokepoint,node_throughput,23.983333333333334,22.0,10.0,67.0,10.026222680697742,0.8753565062388592,1,23,56,60,0.016666666666666666,0.38333333333333336,0.9333333333333333
CP027,chokepoint,pagerank,5.233333333333333,4.0,1.0,30.0,4.25208489904665,0.977361853832442,57,59,60,60,0.95,0.9833333333333333,1.0
CP027,chokepoint,share_monthly_network_flow,23.983333333333334,22.0,10.0,67.0,10.026222680697742,0.8753565062388592,1,23,56,60,0.016666666666666666,0.38333333333333336,0.9333333333333333
CP027,chokepoint,total_degree,14.433333333333334,13.5,6.0,31.0,5.729396888029749,0.9129233511586452,18,49,60,60,0.3,0.8166666666666667,1.0
CP027,chokepoint,total_route_exposure,17.516666666666666,16.5,5.0,41.0,6.637059964453493,0.894964349376114,6,41,59,60,0.1,0.6833333333333333,0.9833333333333333
CP027,chokepoint,total_strength,16.1,14.5,8.0,44.0,5.700728469655941,0.9175579322638147,4,48,59,60,0.06666666666666667,0.8,0.9833333333333333
CP027,chokepoint,total_voyages,21.2,20.0,10.0,48.0,7.73896152101358,0.8760249554367202,3,29,58,60,0.05,0.48333333333333334,0.9666666666666667
CP028,chokepoint,betweenness,21.533333333333335,22.0,18.0,24.0,1.1118265116871402,0.44777183600713016,0,2,60,60,0.0,0.03333333333333333,1.0
CP028,chokepoint,eigenvector,85.76666666666667,95.0,1.0,127.0,33.84829899171843,0.2760249554367202,7,7,7,60,0.11666666666666667,0.11666666666666667,0.11666666666666667
CP028,chokepoint,node_throughput,97.53333333333333,95.0,73.0,127.0,13.497603888633842,0.2445632798573975,0,0,0,60,0.0,0.0,0.0
CP028,chokepoint,pagerank,97.53333333333333,95.0,73.0,127.0,13.497603888633842,0.2445632798573975,0,0,0,60,0.0,0.0,0.0
CP028,chokepoint,share_monthly_network_flow,97.53333333333333,95.0,73.0,127.0,13.497603888633842,0.2445632798573975,0,0,0,60,0.0,0.0,0.0
CP028,chokepoint,total_degree,97.53333333333333,95.0,73.0,127.0,13.497603888633842,0.2445632798573975,0,0,0,60,0.0,0.0,0.0
CP028,chokepoint,total_route_exposure,97.53333333333333,95.0,73.0,127.0,13.497603888633842,0.2445632798573975,0,0,0,60,0.0,0.0,0.0
CP028,chokepoint,total_strength,97.53333333333333,95.0,73.0,127.0,13.497603888633842,0.2445632798573975,0,0,0,60,0.0,0.0,0.0
CP028,chokepoint,total_voyages,97.53333333333333,95.0,73.0,127.0,13.497603888633842,0.2445632798573975,0,0,0,60,0.0,0.0,0.0
LNGN0004,terminal,betweenness,21.533333333333335,22.0,18.0,24.0,1.1118265116871402,0.44777183600713016,0,2,60,60,0.0,0.03333333333333333,1.0
LNGN0004,terminal,eigenvector,85.06666666666666,94.5,1.0,127.0,33.66729875784092,0.2920231729055259,7,7,7,60,0.11666666666666667,0.11666666666666667,0.11666666666666667
LNGN0004,terminal,node_throughput,96.66666666666667,95.0,50.0,127.0,14.590067049098002,0.2609180035650624,0,0,0,60,0.0,0.0,0.0
LNGN0004,terminal,pagerank,95.5,95.0,35.0,127.0,16.190078568919816,0.2674688057040998,0,0,1,60,0.0,0.0,0.016666666666666666
LNGN0004,terminal,share_monthly_network_flow,96.66666666666667,95.0,50.0,127.0,14.590067049098002,0.2609180035650624,0,0,0,60,0.0,0.0,0.0
LNGN0004,terminal,total_degree,95.41666666666667,95.0,33.0,127.0,16.48552695154318,0.2623885918003565,0,0,1,60,0.0,0.0,0.016666666666666666
LNGN0004,terminal,total_route_exposure,95.83333333333333,95.0,40.0,127.0,15.522718906811622,0.2612745098039216,0,0,0,60,0.0,0.0,0.0
LNGN0004,terminal,total_strength,96.71666666666667,95.0,53.0,127.0,14.431711394886984,0.260650623885918,0,0,0,60,0.0,0.0,0.0
LNGN0004,terminal,total_voyages,96.18333333333334,95.0,44.0,127.0,14.96492131808575,0.26033868092691625,0,0,0,60,0.0,0.0,0.0
LNGN0006,terminal,betweenness,21.533333333333335,22.0,18.0,24.0,1.1118265116871402,0.44777183600713016,0,2,60,60,0.0,0.03333333333333333,1.0
LNGN0006,terminal,eigenvector,82.51666666666667,93.5,1.0,127.0,34.72628646647108,0.30409982174688055,7,7,8,60,0.11666666666666667,0.11666666666666667,0.13333333333333333
LNGN0006,terminal,node_throughput,96.65,95.0,73.0,127.0,13.218919415310564,0.25958110516934046,0,0,0,60,0.0,0.0,0.0
LNGN0006,terminal,pagerank,95.73333333333333,95.0,60.0,127.0,14.373783416954428,0.264795008912656,0,0,0,60,0.0,0.0,0.0
LNGN0006,terminal,share_monthly_network_flow,96.65,95.0,73.0,127.0,13.218919415310564,0.25958110516934046,0,0,0,60,0.0,0.0,0.0
LNGN0006,terminal,total_degree,95.36666666666666,95.0,55.0,127.0,15.056916499179938,0.261096256684492,0,0,0,60,0.0,0.0,0.0
LNGN0006,terminal,total_route_exposure,95.76666666666667,95.0,62.0,127.0,14.301080517037947,0.2600267379679144,0,0,0,60,0.0,0.0,0.0
LNGN0006,terminal,total_strength,96.65,95.0,73.0,127.0,13.218919415310564,0.25958110516934046,0,0,0,60,0.0,0.0,0.0
LNGN0006,terminal,total_voyages,96.21666666666667,95.0,73.0,127.0,13.651959152464709,0.25882352941176473,0,0,0,60,0.0,0.0,0.0
LNGN0008,terminal,betweenness,21.533333333333335,22.0,18.0,24.0,1.1118265116871402,0.44777183600713016,0,2,60,60,0.0,0.03333333333333333,1.0
LNGN0008,terminal,eigenvector,26.65,9.0,1.0,97.0,33.63000325072937,0.7357397504456329,36,44,45,60,0.6,0.7333333333333333,0.75
LNGN0008,terminal,node_throughput,52.11666666666667,46.0,8.0,99.0,29.578445923963542,0.6372549019607843,3,10,23,60,0.05,0.16666666666666666,0.38333333333333336
LNGN0008,terminal,pagerank,71.13333333333334,73.0,20.0,99.0,17.365918957628985,0.5355614973262032,0,0,1,60,0.0,0.0,0.016666666666666666
LNGN0008,terminal,share_monthly_network_flow,52.11666666666667,46.0,8.0,99.0,29.578445923963542,0.6372549019607843,3,10,23,60,0.05,0.16666666666666666,0.38333333333333336
LNGN0008,terminal,total_degree,55.733333333333334,53.5,13.0,99.0,25.548801203536986,0.5689839572192513,0,1,23,60,0.0,0.016666666666666666,0.38333333333333336
LNGN0008,terminal,total_route_exposure,59.5,61.5,17.0,99.0,24.951817976632135,0.5618092691622104,0,1,17,60,0.0,0.016666666666666666,0.2833333333333333
LNGN0008,terminal,total_strength,54.25,47.5,11.0,99.0,27.658097168515603,0.6258467023172906,0,7,20,60,0.0,0.11666666666666667,0.3333333333333333
LNGN0008,terminal,total_voyages,51.78333333333333,46.5,8.0,99.0,28.97461873905241,0.6228163992869875,1,7,22,60,0.016666666666666666,0.11666666666666667,0.36666666666666664
LNGN0013,terminal,betweenness,21.533333333333335,22.0,18.0,24.0,1.1118265116871402,0.44777183600713016,0,2,60,60,0.0,0.03333333333333333,1.0
LNGN0013,terminal,eigenvector,83.66666666666667,93.5,1.0,127.0,33.28239045087196,0.30071301247771837,7,7,7,60,0.11666666666666667,0.11666666666666667,0.11666666666666667
LNGN0013,terminal,node_throughput,94.43333333333334,94.0,61.0,127.0,13.706817141779931,0.2803475935828877,0,0,0,60,0.0,0.0,0.0
LNGN0013,terminal,pagerank,94.78333333333333,93.5,69.0,127.0,13.070981790659472,0.2723707664884136,0,0,0,60,0.0,0.0,0.0
LNGN0013,terminal,share_monthly_network_flow,94.43333333333334,94.0,61.0,127.0,13.706817141779931,0.2803475935828877,0,0,0,60,0.0,0.0,0.0
LNGN0013,terminal,total_degree,91.78333333333333,93.5,28.0,127.0,18.14171302309761,0.2840463458110517,0,0,1,60,0.0,0.0,0.016666666666666666
LNGN0013,terminal,total_route_exposure,92.83333333333333,93.5,39.0,127.0,16.19077647729883,0.2803475935828877,0,0,0,60,0.0,0.0,0.0
LNGN0013,terminal,total_strength,94.55,94.0,63.0,127.0,13.558942261630783,0.2797682709447415,0,0,0,60,0.0,0.0,0.0
LNGN0013,terminal,total_voyages,93.65,93.5,53.0,127.0,14.726690861453353,0.27771836007130124,0,0,0,60,0.0,0.0,0.0
LNGN0017,terminal,betweenness,21.533333333333335,22.0,18.0,24.0,1.1118265116871402,0.44777183600713016,0,2,60,60,0.0,0.03333333333333333,1.0
LNGN0017,terminal,eigenvector,83.83333333333333,95.0,1.0,127.0,35.42438433691851,0.29532085561497323,7,7,9,60,0.11666666666666667,0.11666666666666667,0.15
LNGN0017,terminal,node_throughput,97.0,95.0,67.0,127.0,14.243642649694758,0.25628342245989305,0,0,0,60,0.0,0.0,0.0
LNGN0017,terminal,pagerank,96.58333333333333,95.0,52.0,127.0,15.207370722573485,0.2586007130124777,0,0,0,60,0.0,0.0,0.0
LNGN0017,terminal,share_monthly_network_flow,97.0,95.0,67.0,127.0,14.243642649694758,0.25628342245989305,0,0,0,60,0.0,0.0,0.0
LNGN0017,terminal,total_degree,96.13333333333334,95.0,43.0,127.0,16.4743937587249,0.2573529411764706,0,0,0,60,0.0,0.0,0.0
LNGN0017,terminal,total_route_exposure,96.41666666666667,95.0,50.0,127.0,15.62840923258804,0.2565953654188948,0,0,0,60,0.0,0.0,0.0
LNGN0017,terminal,total_strength,97.05,95.0,69.0,127.0,14.147437930593654,0.2560160427807487,0,0,0,60,0.0,0.0,0.0
LNGN0017,terminal,total_voyages,96.65,95.0,54.0,127.0,15.038735296627644,0.2559714795008913,0,0,0,60,0.0,0.0,0.0
LNGN0025,terminal,betweenness,21.533333333333335,22.0,18.0,24.0,1.1118265116871402,0.44777183600713016,0,2,60,60,0.0,0.03333333333333333,1.0
LNGN0025,terminal,eigenvector,65.95,85.5,1.0,127.0,41.38919248109689,0.44010695187165777,7,14,22,60,0.11666666666666667,0.23333333333333334,0.36666666666666664
LNGN0025,terminal,node_throughput,89.21666666666667,91.0,29.0,127.0,20.02125283222185,0.3448306595365419,0,0,2,60,0.0,0.0,0.03333333333333333
LNGN0025,terminal,pagerank,88.43333333333334,89.5,40.0,127.0,19.085327283390356,0.350445632798574,0,0,0,60,0.0,0.0,0.0
LNGN0025,terminal,share_monthly_network_flow,89.21666666666667,91.0,29.0,127.0,20.02125283222185,0.3448306595365419,0,0,2,60,0.0,0.0,0.03333333333333333
LNGN0025,terminal,total_degree,86.18333333333334,89.5,33.0,127.0,21.337078149428113,0.33288770053475936,0,0,1,60,0.0,0.0,0.016666666666666666
LNGN0025,terminal,total_route_exposure,86.35,89.5,27.0,127.0,22.439239994380905,0.3410427807486631,0,0,4,60,0.0,0.0,0.06666666666666667
LNGN0025,terminal,total_strength,89.63333333333334,91.0,31.0,127.0,19.251208781477143,0.3426470588235294,0,0,1,60,0.0,0.0,0.016666666666666666
LNGN0025,terminal,total_voyages,87.76666666666667,90.0,29.0,127.0,20.99827811073611,0.33796791443850266,0,0,2,60,0.0,0.0,0.03333333333333333
LNGN0026,terminal,betweenness,21.533333333333335,22.0,18.0,24.0,1.1118265116871402,0.44777183600713016,0,2,60,60,0.0,0.03333333333333333,1.0
LNGN0026,terminal,eigenvector,46.03333333333333,44.0,1.0,94.0,23.679331377031673,0.6922014260249554,7,8,19,60,0.11666666666666667,0.13333333333333333,0.31666666666666665
LNGN0026,terminal,node_throughput,35.56666666666667,33.5,12.0,74.0,13.73399427952613,0.8148395721925134,0,6,35,60,0.0,0.1,0.5833333333333334
LNGN0026,terminal,pagerank,75.56666666666666,75.0,53.0,99.0,10.069868911113275,0.545187165775401,0,0,0,60,0.0,0.0,0.0
LNGN0026,terminal,share_monthly_network_flow,35.56666666666667,33.5,12.0,74.0,13.73399427952613,0.8148395721925134,0,6,35,60,0.0,0.1,0.5833333333333334
LNGN0026,terminal,total_degree,20.016666666666666,20.0,7.0,48.0,8.617073447653784,0.8711229946524064,7,28,58,60,0.11666666666666667,0.4666666666666667,0.9666666666666667
LNGN0026,terminal,total_route_exposure,27.75,26.0,10.0,55.0,10.205722887724166,0.8312388591800357,1,13,51,60,0.016666666666666666,0.21666666666666667,0.85
LNGN0026,terminal,total_strength,38.81666666666667,37.0,21.0,75.0,12.303357219476986,0.7975935828877005,0,0,31,60,0.0,0.0,0.5166666666666667
LNGN0026,terminal,total_voyages,29.666666666666668,26.5,8.0,65.0,12.072754964355836,0.8275401069518716,1,11,49,60,0.016666666666666666,0.18333333333333332,0.8166666666666667
LNGN0027,terminal,betweenness,21.533333333333335,22.0,18.0,24.0,1.1118265116871402,0.44777183600713016,0,2,60,60,0.0,0.03333333333333333,1.0
LNGN0027,terminal,eigenvector,56.233333333333334,57.0,1.0,102.0,27.985084808722874,0.6067736185383245,7,8,12,60,0.11666666666666667,0.13333333333333333,0.2
LNGN0027,terminal,node_throughput,54.416666666666664,52.0,21.0,100.0,19.198597818384822,0.696078431372549,0,0,15,60,0.0,0.0,0.25
LNGN0027,terminal,pagerank,77.0,76.0,53.0,100.0,10.952903801956596,0.5245098039215687,0,0,0,60,0.0,0.0,0.0
LNGN0027,terminal,share_monthly_network_flow,54.416666666666664,52.0,21.0,100.0,19.198597818384822,0.696078431372549,0,0,15,60,0.0,0.0,0.25
LNGN0027,terminal,total_degree,35.75,29.5,10.0,100.0,20.330010379581665,0.7464349376114082,1,7,41,60,0.016666666666666666,0.11666666666666667,0.6833333333333333
LNGN0027,terminal,total_route_exposure,41.4,36.5,15.0,100.0,19.377778641648938,0.7260695187165775,0,3,32,60,0.0,0.05,0.5333333333333333
LNGN0027,terminal,total_strength,56.46666666666667,53.5,26.0,100.0,18.217580135372,0.6853386809269162,0,0,10,60,0.0,0.0,0.16666666666666666
LNGN0027,terminal,total_voyages,48.36666666666667,44.5,21.0,100.0,18.317322232938707,0.6956773618538324,0,0,20,60,0.0,0.0,0.3333333333333333
LNGN0031,terminal,betweenness,21.533333333333335,22.0,18.0,24.0,1.1118265116871402,0.44777183600713016,0,2,60,60,0.0,0.03333333333333333,1.0
LNGN0031,terminal,eigenvector,85.56666666666666,95.0,1.0,127.0,33.876328752058036,0.2863636363636364,7,7,7,60,0.11666666666666667,0.11666666666666667,0.11666666666666667
LNGN0031,terminal,node_throughput,96.76666666666667,95.0,48.0,127.0,14.93189813523063,0.257397504456328,0,0,0,60,0.0,0.0,0.0
LNGN0031,terminal,pagerank,95.73333333333333,95.0,17.0,127.0,18.184428677516475,0.26336898395721925,0,1,1,60,0.0,0.016666666666666666,0.016666666666666666
LNGN0031,terminal,share_monthly_network_flow,96.76666666666667,95.0,48.0,127.0,14.93189813523063,0.257397504456328,0,0,0,60,0.0,0.0,0.0
LNGN0031,terminal,total_degree,96.36666666666666,95.0,40.0,127.0,15.947973322881646,0.25699643493761143,0,0,0,60,0.0,0.0,0.0
LNGN0031,terminal,total_route_exposure,96.48333333333333,95.0,38.0,127.0,15.73454761664806,0.2566844919786096,0,0,1,60,0.0,0.0,0.016666666666666666
LNGN0031,terminal,total_strength,96.86666666666666,95.0,54.0,127.0,14.616529610448142,0.25699643493761143,0,0,0,60,0.0,0.0,0.0
LNGN0031,terminal,total_voyages,96.65,95.0,42.0,127.0,15.306833524356795,0.25623885918003564,0,0,0,60,0.0,0.0,0.0
LNGN0035,terminal,betweenness,21.533333333333335,22.0,18.0,24.0,1.1118265116871402,0.44777183600713016,0,2,60,60,0.0,0.03333333333333333,1.0
LNGN0035,terminal,eigenvector,44.43333333333333,37.5,1.0,127.0,30.049319159024282,0.675668449197861,7,12,31,60,0.11666666666666667,0.2,0.5166666666666667
LNGN0035,terminal,node_throughput,62.583333333333336,58.0,21.0,127.0,21.25255052822607,0.6324866310160429,0,0,4,60,0.0,0.0,0.06666666666666667
LNGN0035,terminal,pagerank,54.55,50.5,22.0,127.0,20.68031488466299,0.6754901960784314,0,0,13,60,0.0,0.0,0.21666666666666667
LNGN0035,terminal,share_monthly_network_flow,62.583333333333336,58.0,21.0,127.0,21.25255052822607,0.6324866310160429,0,0,4,60,0.0,0.0,0.06666666666666667
LNGN0035,terminal,total_degree,47.46666666666667,42.0,22.0,127.0,22.62402103260196,0.6512477718360071,0,0,27,60,0.0,0.0,0.45
LNGN0035,terminal,total_route_exposure,50.9,45.0,24.0,127.0,21.874604112640434,0.6477718360071302,0,0,19,60,0.0,0.0,0.31666666666666665
LNGN0035,terminal,total_strength,64.16666666666667,59.5,25.0,127.0,20.193275157386456,0.6240196078431371,0,0,3,60,0.0,0.0,0.05
LNGN0035,terminal,total_voyages,55.9,51.0,21.0,127.0,20.61404819657816,0.6316844919786095,0,0,10,60,0.0,0.0,0.16666666666666666
LNGN0037,terminal,betweenness,21.533333333333335,22.0,18.0,24.0,1.1118265116871402,0.44777183600713016,0,2,60,60,0.0,0.03333333333333333,1.0
LNGN0037,terminal,eigenvector,58.65,63.0,1.0,93.0,24.861531785307683,0.6248663101604278,7,7,7,60,0.11666666666666667,0.11666666666666667,0.11666666666666667
LNGN0037,terminal,node_throughput,54.65,51.5,18.0,95.0,18.484831161004625,0.7037433155080214,0,1,14,60,0.0,0.016666666666666666,0.23333333333333334
LNGN0037,terminal,pagerank,51.36666666666667,50.5,17.0,95.0,16.640736891549764,0.7219251336898396,0,3,12,60,0.0,0.05,0.2
LNGN0037,terminal,share_monthly_network_flow,54.65,51.5,18.0,95.0,18.484831161004625,0.7037433155080214,0,1,14,60,0.0,0.016666666666666666,0.23333333333333334
LNGN0037,terminal,total_degree,42.3,42.5,13.0,95.0,16.592115750703577,0.6946969696969697,0,3,27,60,0.0,0.05,0.45
LNGN0037,terminal,total_route_exposure,49.1,48.5,17.0,95.0,15.153116813135915,0.6744206773618538,0,1,16,60,0.0,0.016666666666666666,0.26666666666666666
LNGN0037,terminal,total_strength,56.583333333333336,54.0,24.0,95.0,17.32079348660591,0.69349376114082,0,0,11,60,0.0,0.0,0.18333333333333332
LNGN0037,terminal,total_voyages,49.21666666666667,47.0,20.0,95.0,16.276312898869968,0.6910873440285206,0,0,17,60,0.0,0.0,0.2833333333333333
LNGN0039,terminal,betweenness,21.533333333333335,22.0,18.0,24.0,1.1118265116871402,0.44777183600713016,0,2,60,60,0.0,0.03333333333333333,1.0
LNGN0039,terminal,eigenvector,80.8,89.5,1.0,120.0,32.50908608321835,0.34269162210338683,7,7,7,60,0.11666666666666667,0.11666666666666667,0.11666666666666667
LNGN0039,terminal,node_throughput,94.58333333333333,95.0,38.0,122.0,15.315099081854013,0.29977718360071304,0,0,1,60,0.0,0.0,0.016666666666666666
LNGN0039,terminal,pagerank,92.85,93.5,58.0,122.0,13.659075334115808,0.2973707664884136,0,0,0,60,0.0,0.0,0.0
LNGN0039,terminal,share_monthly_network_flow,94.58333333333333,95.0,38.0,122.0,15.315099081854013,0.29977718360071304,0,0,1,60,0.0,0.0,0.016666666666666666
LNGN0039,terminal,total_degree,88.61666666666666,91.0,33.0,122.0,19.106385184075503,0.30868983957219254,0,0,1,60,0.0,0.0,0.016666666666666666
LNGN0039,terminal,total_route_exposure,89.36666666666666,91.0,27.0,122.0,19.18418015870321,0.30975935828877005,0,0,2,60,0.0,0.0,0.03333333333333333
LNGN0039,terminal,total_strength,94.7,95.0,42.0,122.0,14.959040121476118,0.29915329768270943,0,0,0,60,0.0,0.0,0.0
LNGN0039,terminal,total_voyages,90.93333333333334,92.0,34.0,122.0,17.378992448674165,0.30606060606060603,0,0,1,60,0.0,0.0,0.016666666666666666
LNGN0040,terminal,betweenness,21.533333333333335,22.0,18.0,24.0,1.1118265116871402,0.44777183600713016,0,2,60,60,0.0,0.03333333333333333,1.0
LNGN0040,terminal,eigenvector,54.28333333333333,56.0,1.0,116.0,32.19226755597499,0.5946524064171123,7,8,23,60,0.11666666666666667,0.13333333333333333,0.38333333333333336
LNGN0040,terminal,node_throughput,71.26666666666667,72.0,37.0,118.0,18.617348084985526,0.5515597147950089,0,0,1,60,0.0,0.0,0.016666666666666666
LNGN0040,terminal,pagerank,53.03333333333333,47.5,11.0,118.0,25.945161638143215,0.6517379679144385,0,1,23,60,0.0,0.016666666666666666,0.38333333333333336
LNGN0040,terminal,share_monthly_network_flow,71.26666666666667,72.0,37.0,118.0,18.617348084985526,0.5515597147950089,0,0,1,60,0.0,0.0,0.016666666666666666
LNGN0040,terminal,total_degree,59.483333333333334,55.0,24.0,118.0,22.028865244374302,0.5499554367201427,0,0,11,60,0.0,0.0,0.18333333333333332
LNGN0040,terminal,total_route_exposure,63.233333333333334,62.0,29.0,118.0,21.17991266660398,0.5457219251336898,0,0,7,60,0.0,0.0,0.11666666666666667
LNGN0040,terminal,total_strength,72.06666666666666,73.0,38.0,118.0,18.137765327444455,0.5476381461675579,0,0,1,60,0.0,0.0,0.016666666666666666
LNGN0040,terminal,total_voyages,67.08333333333333,66.0,36.0,118.0,19.49123372417445,0.5348484848484849,0,0,2,60,0.0,0.0,0.03333333333333333
LNGN0044,terminal,betweenness,21.533333333333335,22.0,18.0,24.0,1.1118265116871402,0.44777183600713016,0,2,60,60,0.0,0.03333333333333333,1.0
LNGN0044,terminal,eigenvector,84.35,93.0,1.0,125.0,33.22385552989277,0.3797682709447415,7,7,7,60,0.11666666666666667,0.11666666666666667,0.11666666666666667
LNGN0044,terminal,node_throughput,96.31666666666666,94.0,71.0,123.0,12.862363526204126,0.353475935828877,0,0,0,60,0.0,0.0,0.0
LNGN0044,terminal,pagerank,78.58333333333333,82.0,41.0,112.0,18.153107467716467,0.4487967914438503,0,0,0,60,0.0,0.0,0.0
LNGN0044,terminal,share_monthly_network_flow,96.31666666666666,94.0,71.0,123.0,12.862363526204126,0.353475935828877,0,0,0,60,0.0,0.0,0.0
LNGN0044,terminal,total_degree,74.81666666666666,77.0,13.0,112.0,21.01532263161178,0.4151960784313725,0,1,2,60,0.0,0.016666666666666666,0.03333333333333333
LNGN0044,terminal,total_route_exposure,79.26666666666667,82.0,17.0,112.0,17.58549736328558,0.40254010695187165,0,1,1,60,0.0,0.016666666666666666,0.016666666666666666
LNGN0044,terminal,total_strength,96.31666666666666,94.0,71.0,123.0,12.862363526204126,0.353475935828877,0,0,0,60,0.0,0.0,0.0
LNGN0044,terminal,total_voyages,78.9,84.5,24.0,112.0,19.71637880596584,0.4195632798573975,0,0,3,60,0.0,0.0,0.05
LNGN0045,terminal,betweenness,21.533333333333335,22.0,18.0,24.0,1.1118265116871402,0.44777183600713016,0,2,60,60,0.0,0.03333333333333333,1.0
LNGN0045,terminal,eigenvector,83.86666666666666,94.0,1.0,120.0,32.487529115379,0.3082442067736186,7,7,7,60,0.11666666666666667,0.11666666666666667,0.11666666666666667
LNGN0045,terminal,node_throughput,94.68333333333334,94.5,73.0,122.0,11.467702127732286,0.2804367201426025,0,0,0,60,0.0,0.0,0.0
LNGN0045,terminal,pagerank,93.81666666666666,93.0,73.0,122.0,11.804181486446733,0.2862299465240642,0,0,0,60,0.0,0.0,0.0
LNGN0045,terminal,share_monthly_network_flow,94.68333333333334,94.5,73.0,122.0,11.467702127732286,0.2804367201426025,0,0,0,60,0.0,0.0,0.0
LNGN0045,terminal,total_degree,91.53333333333333,92.5,60.0,122.0,14.734332864834819,0.2827540106951872,0,0,0,60,0.0,0.0,0.0
LNGN0045,terminal,total_route_exposure,92.81666666666666,92.5,73.0,122.0,12.700582752767176,0.27932263814616753,0,0,0,60,0.0,0.0,0.0
LNGN0045,terminal,total_strength,94.75,94.5,73.0,122.0,11.436819813987944,0.28012477718360074,0,0,0,60,0.0,0.0,0.0
LNGN0045,terminal,total_voyages,93.83333333333333,92.5,73.0,122.0,11.699872035612938,0.2766042780748663,0,0,0,60,0.0,0.0,0.0
LNGN0050,terminal,betweenness,21.533333333333335,22.0,18.0,24.0,1.1118265116871402,0.44777183600713016,0,2,60,60,0.0,0.03333333333333333,1.0
LNGN0050,terminal,eigenvector,38.583333333333336,41.5,1.0,89.0,19.721185087183216,0.7268716577540106,8,9,22,60,0.13333333333333333,0.15,0.36666666666666664
LNGN0050,terminal,node_throughput,27.566666666666666,23.5,10.0,89.0,15.887706223352318,0.8483511586452762,1,23,50,60,0.016666666666666666,0.38333333333333336,0.8333333333333334
LNGN0050,terminal,pagerank,76.16666666666667,76.0,53.0,99.0,9.925428166773726,0.534180035650624,0,0,0,60,0.0,0.0,0.0
LNGN0050,terminal,share_monthly_network_flow,27.566666666666666,23.5,10.0,89.0,15.887706223352318,0.8483511586452762,1,23,50,60,0.016666666666666666,0.38333333333333336,0.8333333333333334
LNGN0050,terminal,total_degree,23.65,20.5,7.0,89.0,14.863018604371664,0.8360516934046346,3,27,54,60,0.05,0.45,0.9
LNGN0050,terminal,total_route_exposure,21.333333333333332,18.0,8.0,89.0,14.458200027064185,0.8642156862745097,10,37,55,60,0.16666666666666666,0.6166666666666667,0.9166666666666666
LNGN0050,terminal,total_strength,32.4,30.0,14.0,89.0,14.236739295313088,0.8225044563279857,0,5,48,60,0.0,0.08333333333333333,0.8
LNGN0050,terminal,total_voyages,25.95,22.0,10.0,89.0,14.914928251445351,0.8409536541889483,1,24,52,60,0.016666666666666666,0.4,0.8666666666666667
LNGN0052,terminal,betweenness,21.533333333333335,22.0,18.0,24.0,1.1118265116871402,0.44777183600713016,0,2,60,60,0.0,0.03333333333333333,1.0
LNGN0052,terminal,eigenvector,70.71666666666667,77.0,1.0,104.0,29.094289536192825,0.45806595365418895,7,7,7,60,0.11666666666666667,0.11666666666666667,0.11666666666666667
LNGN0052,terminal,node_throughput,85.16666666666667,86.0,65.0,112.0,11.596560955244476,0.42455436720142603,0,0,0,60,0.0,0.0,0.0
LNGN0052,terminal,pagerank,84.75,86.0,63.0,103.0,9.334871745689636,0.3969696969696969,0,0,0,60,0.0,0.0,0.0
LNGN0052,terminal,share_monthly_network_flow,85.16666666666667,86.0,65.0,112.0,11.596560955244476,0.42455436720142603,0,0,0,60,0.0,0.0,0.0
LNGN0052,terminal,total_degree,72.58333333333333,71.5,35.0,103.0,17.777620350056257,0.4356060606060606,0,0,1,60,0.0,0.0,0.016666666666666666
LNGN0052,terminal,total_route_exposure,77.48333333333333,78.5,47.0,103.0,14.243037748099429,0.4209893048128342,0,0,0,60,0.0,0.0,0.0
LNGN0052,terminal,total_strength,85.53333333333333,86.0,65.0,112.0,11.290413913036298,0.4226827094474153,0,0,0,60,0.0,0.0,0.0
LNGN0052,terminal,total_voyages,80.53333333333333,83.5,52.0,103.0,12.626937396795745,0.41631016042780744,0,0,0,60,0.0,0.0,0.0
LNGN0055,terminal,betweenness,21.533333333333335,22.0,18.0,24.0,1.1118265116871402,0.44777183600713016,0,2,60,60,0.0,0.03333333333333333,1.0
LNGN0055,terminal,eigenvector,82.36666666666666,93.5,1.0,119.0,32.128432239872694,0.32847593582887696,7,7,7,60,0.11666666666666667,0.11666666666666667,0.11666666666666667
LNGN0055,terminal,node_throughput,91.5,93.5,40.0,123.0,15.23321526985117,0.30989304812834223,0,0,0,60,0.0,0.0,0.0
LNGN0055,terminal,pagerank,89.05,91.0,18.0,123.0,19.789078480784397,0.3240641711229947,0,1,2,60,0.0,0.016666666666666666,0.03333333333333333
LNGN0055,terminal,share_monthly_network_flow,91.5,93.5,40.0,123.0,15.23321526985117,0.30989304812834223,0,0,0,60,0.0,0.0,0.0
LNGN0055,terminal,total_degree,88.13333333333334,91.0,30.0,123.0,19.419077346046883,0.309982174688057,0,0,1,60,0.0,0.0,0.016666666666666666
LNGN0055,terminal,total_route_exposure,89.61666666666666,91.0,32.0,123.0,17.22246430787877,0.3054812834224599,0,0,1,60,0.0,0.0,0.016666666666666666
LNGN0055,terminal,total_strength,91.73333333333333,93.5,42.0,123.0,14.7979232013633,0.3088235294117647,0,0,0,60,0.0,0.0,0.0
LNGN0055,terminal,total_voyages,90.53333333333333,91.5,36.0,123.0,16.38671088978233,0.3033868092691622,0,0,1,60,0.0,0.0,0.016666666666666666
LNGN0056,terminal,betweenness,21.533333333333335,22.0,18.0,24.0,1.1118265116871402,0.44777183600713016,0,2,60,60,0.0,0.03333333333333333,1.0
LNGN0056,terminal,eigenvector,48.083333333333336,48.0,1.0,119.0,28.18720208857063,0.6460338680926917,7,8,23,60,0.11666666666666667,0.13333333333333333,0.38333333333333336
LNGN0056,terminal,node_throughput,65.03333333333333,62.0,23.0,110.0,19.198310895569378,0.6157308377896613,0,0,5,60,0.0,0.0,0.08333333333333333
LNGN0056,terminal,pagerank,56.81666666666667,55.5,26.0,104.0,17.877636505020728,0.6607397504456328,0,0,10,60,0.0,0.0,0.16666666666666666
LNGN0056,terminal,share_monthly_network_flow,65.03333333333333,62.0,23.0,110.0,19.198310895569378,0.6157308377896613,0,0,5,60,0.0,0.0,0.08333333333333333
LNGN0056,terminal,total_degree,52.65,51.5,14.0,104.0,19.022578021295413,0.6079322638146167,0,2,14,60,0.0,0.03333333333333333,0.23333333333333334
LNGN0056,terminal,total_route_exposure,54.333333333333336,50.0,28.0,104.0,18.955493516742763,0.6192959001782531,0,0,11,60,0.0,0.0,0.18333333333333332
LNGN0056,terminal,total_strength,66.38333333333334,63.5,30.0,110.0,18.285023664066724,0.6086007130124778,0,0,3,60,0.0,0.0,0.05
LNGN0056,terminal,total_voyages,58.166666666666664,55.5,22.0,104.0,18.690309885494653,0.6118092691622103,0,0,8,60,0.0,0.0,0.13333333333333333
LNGN0059,terminal,betweenness,21.533333333333335,22.0,18.0,24.0,1.1118265116871402,0.44777183600713016,0,2,60,60,0.0,0.03333333333333333,1.0
LNGN0059,terminal,eigenvector,72.56666666666666,86.0,1.0,125.0,38.18747983068807,0.3877896613190731,7,7,16,60,0.11666666666666667,0.11666666666666667,0.26666666666666666
LNGN0059,terminal,node_throughput,92.9,91.0,56.0,125.0,15.085855986567603,0.31354723707664883,0,0,0,60,0.0,0.0,0.0
LNGN0059,terminal,pagerank,89.8,89.5,24.0,125.0,19.332768353326685,0.33057040998217474,0,0,2,60,0.0,0.0,0.03333333333333333
LNGN0059,terminal,share_monthly_network_flow,92.9,91.0,56.0,125.0,15.085855986567603,0.31354723707664883,0,0,0,60,0.0,0.0,0.0
LNGN0059,terminal,total_degree,88.05,89.0,28.0,125.0,20.985406551591826,0.31867201426024955,0,0,2,60,0.0,0.0,0.03333333333333333
LNGN0059,terminal,total_route_exposure,89.96666666666667,89.0,42.0,125.0,18.166804021664944,0.31323529411764706,0,0,0,60,0.0,0.0,0.0
LNGN0059,terminal,total_strength,93.03333333333333,91.0,57.0,125.0,14.896213449774507,0.31287878787878787,0,0,0,60,0.0,0.0,0.0
LNGN0059,terminal,total_voyages,91.2,89.0,53.0,125.0,16.278091755068857,0.3106951871657754,0,0,0,60,0.0,0.0,0.0
LNGN0069,terminal,betweenness,21.533333333333335,22.0,18.0,24.0,1.1118265116871402,0.44777183600713016,0,2,60,60,0.0,0.03333333333333333,1.0
LNGN0069,terminal,eigenvector,84.31666666666666,94.5,1.0,127.0,34.646638336534146,0.28721033868092694,7,7,8,60,0.11666666666666667,0.11666666666666667,0.13333333333333333
LNGN0069,terminal,node_throughput,97.18333333333334,95.0,73.0,127.0,13.387942547296715,0.24968805704099822,0,0,0,60,0.0,0.0,0.0
LNGN0069,terminal,pagerank,97.06666666666666,95.0,73.0,127.0,13.472969381498736,0.24919786096256685,0,0,0,60,0.0,0.0,0.0
LNGN0069,terminal,share_monthly_network_flow,97.18333333333334,95.0,73.0,127.0,13.387942547296715,0.24968805704099822,0,0,0,60,0.0,0.0,0.0
LNGN0069,terminal,total_degree,96.78333333333333,95.0,67.0,127.0,13.923631499156171,0.24995543672014262,0,0,0,60,0.0,0.0,0.0
LNGN0069,terminal,total_route_exposure,96.93333333333334,95.0,73.0,127.0,13.642986236390028,0.24955436720142601,0,0,0,60,0.0,0.0,0.0
LNGN0069,terminal,total_strength,97.2,95.0,73.0,127.0,13.380734949792943,0.24959893048128343,0,0,0,60,0.0,0.0,0.0
LNGN0069,terminal,total_voyages,97.11666666666666,95.0,73.0,127.0,13.429150769705448,0.24906417112299464,0,0,0,60,0.0,0.0,0.0
LNGN0070,terminal,betweenness,21.533333333333335,22.0,18.0,24.0,1.1118265116871402,0.44777183600713016,0,2,60,60,0.0,0.03333333333333333,1.0
LNGN0070,terminal,eigenvector,40.78333333333333,43.5,1.0,100.0,23.191970897797667,0.7019162210338681,8,11,26,60,0.13333333333333333,0.18333333333333332,0.43333333333333335
LNGN0070,terminal,node_throughput,26.8,15.0,8.0,100.0,24.387270922570394,0.8342245989304813,5,41,46,60,0.08333333333333333,0.6833333333333333,0.7666666666666667
LNGN0070,terminal,pagerank,77.6,76.0,58.0,100.0,9.976582751114263,0.5122994652406417,0,0,0,60,0.0,0.0,0.0
LNGN0070,terminal,share_monthly_network_flow,26.8,15.0,8.0,100.0,24.387270922570394,0.8342245989304813,5,41,46,60,0.08333333333333333,0.6833333333333333,0.7666666666666667
LNGN0070,terminal,total_degree,23.733333333333334,15.0,4.0,100.0,22.946412641355177,0.830035650623886,13,40,51,60,0.21666666666666667,0.6666666666666666,0.85
LNGN0070,terminal,total_route_exposure,23.333333333333332,13.0,2.0,100.0,23.76984749041344,0.8400178253119429,18,42,50,60,0.3,0.7,0.8333333333333334
LNGN0070,terminal,total_strength,31.516666666666666,21.0,12.0,100.0,22.392864834143623,0.8090909090909091,0,21,46,60,0.0,0.35,0.7666666666666667
LNGN0070,terminal,total_voyages,25.516666666666666,14.0,7.0,100.0,23.783979558009616,0.8290106951871657,7,42,46,60,0.11666666666666667,0.7,0.7666666666666667
LNGN0074,terminal,betweenness,21.533333333333335,22.0,18.0,24.0,1.1118265116871402,0.44777183600713016,0,2,60,60,0.0,0.03333333333333333,1.0
LNGN0074,terminal,eigenvector,79.55,88.5,1.0,127.0,33.15113056333251,0.3442067736185383,7,7,8,60,0.11666666666666667,0.11666666666666667,0.13333333333333333
LNGN0074,terminal,node_throughput,92.66666666666667,93.5,59.0,127.0,14.091308376137846,0.3125222816399287,0,0,0,60,0.0,0.0,0.0
LNGN0074,terminal,pagerank,88.8,89.0,32.0,127.0,18.116197453370052,0.33444741532976824,0,0,1,60,0.0,0.0,0.016666666666666666
LNGN0074,terminal,share_monthly_network_flow,92.66666666666667,93.5,59.0,127.0,14.091308376137846,0.3125222816399287,0,0,0,60,0.0,0.0,0.0
LNGN0074,terminal,total_degree,88.41666666666667,89.0,48.0,127.0,18.364752225221693,0.3127005347593583,0,0,0,60,0.0,0.0,0.0
LNGN0074,terminal,total_route_exposure,89.81666666666666,89.0,52.0,127.0,16.700240195843595,0.3109180035650624,0,0,0,60,0.0,0.0,0.0
LNGN0074,terminal,total_strength,92.88333333333334,93.5,62.0,127.0,13.817321071102056,0.3114973262032086,0,0,0,60,0.0,0.0,0.0
LNGN0074,terminal,total_voyages,91.2,91.5,57.0,127.0,15.007116955699184,0.3068627450980392,0,0,0,60,0.0,0.0,0.0
LNGN0075,terminal,betweenness,21.533333333333335,22.0,18.0,24.0,1.1118265116871402,0.44777183600713016,0,2,60,60,0.0,0.03333333333333333,1.0
LNGN0075,terminal,eigenvector,85.73333333333333,95.0,1.0,127.0,33.83502681464907,0.2800356506238859,7,7,7,60,0.11666666666666667,0.11666666666666667,0.11666666666666667
LNGN0075,terminal,node_throughput,96.91666666666667,95.0,63.0,127.0,14.209440245498609,0.25120320855614975,0,0,0,60,0.0,0.0,0.0
LNGN0075,terminal,pagerank,97.13333333333334,95.0,73.0,127.0,13.776012887386774,0.24955436720142601,0,0,0,60,0.0,0.0,0.0
LNGN0075,terminal,share_monthly_network_flow,96.91666666666667,95.0,63.0,127.0,14.209440245498609,0.25120320855614975,0,0,0,60,0.0,0.0,0.0
LNGN0075,terminal,total_degree,96.73333333333333,95.0,52.0,127.0,14.716376979828611,0.25062388591800355,0,0,0,60,0.0,0.0,0.0
LNGN0075,terminal,total_route_exposure,96.86666666666666,95.0,60.0,127.0,14.335527358027973,0.25026737967914436,0,0,0,60,0.0,0.0,0.0
LNGN0075,terminal,total_strength,96.95,95.0,65.0,127.0,14.130655459985347,0.2511140819964349,0,0,0,60,0.0,0.0,0.0
LNGN0075,terminal,total_voyages,96.91666666666667,95.0,63.0,127.0,14.209440245498609,0.2501336898395722,0,0,0,60,0.0,0.0,0.0
LNGN0076,terminal,betweenness,21.533333333333335,22.0,18.0,24.0,1.1118265116871402,0.44777183600713016,0,2,60,60,0.0,0.03333333333333333,1.0
LNGN0076,terminal,eigenvector,80.58333333333333,89.5,1.0,119.0,32.608770613194764,0.34728163992869876,7,7,7,60,0.11666666666666667,0.11666666666666667,0.11666666666666667
LNGN0076,terminal,node_throughput,89.46666666666667,93.5,27.0,123.0,18.555885965234925,0.33284313725490194,0,0,2,60,0.0,0.0,0.03333333333333333
LNGN0076,terminal,pagerank,86.86666666666666,90.0,19.0,123.0,21.889914608831184,0.34759358288770054,0,1,4,60,0.0,0.016666666666666666,0.06666666666666667
LNGN0076,terminal,share_monthly_network_flow,89.46666666666667,93.5,27.0,123.0,18.555885965234925,0.33284313725490194,0,0,2,60,0.0,0.0,0.03333333333333333
LNGN0076,terminal,total_degree,84.71666666666667,89.5,21.0,123.0,23.281688204460544,0.33827985739750444,0,0,3,60,0.0,0.0,0.05
LNGN0076,terminal,total_route_exposure,86.9,89.5,19.0,123.0,20.63787861913876,0.3309714795008913,0,1,3,60,0.0,0.016666666666666666,0.05
LNGN0076,terminal,total_strength,89.81666666666666,93.5,33.0,123.0,17.784483492846924,0.33106060606060606,0,0,2,60,0.0,0.0,0.03333333333333333
LNGN0076,terminal,total_voyages,88.23333333333333,90.0,24.0,123.0,19.047991723553555,0.3267825311942959,0,0,2,60,0.0,0.0,0.03333333333333333
LNGN0079,terminal,betweenness,21.533333333333335,22.0,18.0,24.0,1.1118265116871402,0.44777183600713016,0,2,60,60,0.0,0.03333333333333333,1.0
LNGN0079,terminal,eigenvector,66.48333333333333,81.0,1.0,125.0,39.77755591790752,0.44006238859180036,7,10,21,60,0.11666666666666667,0.16666666666666666,0.35
LNGN0079,terminal,node_throughput,89.58333333333333,88.5,47.0,125.0,17.11802664322591,0.36715686274509807,0,0,0,60,0.0,0.0,0.0
LNGN0079,terminal,pagerank,84.93333333333334,87.0,11.0,125.0,21.676251682559187,0.39380570409982174,0,1,2,60,0.0,0.016666666666666666,0.03333333333333333
LNGN0079,terminal,share_monthly_network_flow,89.58333333333333,88.5,47.0,125.0,17.11802664322591,0.36715686274509807,0,0,0,60,0.0,0.0,0.0
LNGN0079,terminal,total_degree,81.63333333333334,86.5,35.0,125.0,23.685772506064467,0.3734848484848485,0,0,1,60,0.0,0.0,0.016666666666666666
LNGN0079,terminal,total_route_exposure,84.25,86.5,41.0,125.0,21.082264214423926,0.3670231729055259,0,0,0,60,0.0,0.0,0.0
LNGN0079,terminal,total_strength,89.98333333333333,88.5,49.0,125.0,16.546279900058305,0.3651960784313726,0,0,0,60,0.0,0.0,0.0
LNGN0079,terminal,total_voyages,86.83333333333333,87.5,40.0,125.0,18.869010255511512,0.3602941176470588,0,0,0,60,0.0,0.0,0.0
LNGN0081,terminal,betweenness,21.533333333333335,22.0,18.0,24.0,1.1118265116871402,0.44777183600713016,0,2,60,60,0.0,0.03333333333333333,1.0
LNGN0081,terminal,eigenvector,68.71666666666667,81.0,1.0,125.0,37.28956398137291,0.45481283422459895,7,7,18,60,0.11666666666666667,0.11666666666666667,0.3
LNGN0081,terminal,node_throughput,88.45,87.5,42.0,125.0,18.521105688705614,0.38676470588235295,0,0,0,60,0.0,0.0,0.0
LNGN0081,terminal,pagerank,79.13333333333334,85.5,31.0,125.0,25.968994985654952,0.4376114081996435,0,0,4,60,0.0,0.0,0.06666666666666667
LNGN0081,terminal,share_monthly_network_flow,88.45,87.5,42.0,125.0,18.521105688705614,0.38676470588235295,0,0,0,60,0.0,0.0,0.0
LNGN0081,terminal,total_degree,79.98333333333333,85.5,39.0,125.0,24.098309714032776,0.389349376114082,0,0,0,60,0.0,0.0,0.0
LNGN0081,terminal,total_route_exposure,82.48333333333333,85.5,33.0,125.0,21.957193845797352,0.38538324420677367,0,0,1,60,0.0,0.0,0.016666666666666666
LNGN0081,terminal,total_strength,88.83333333333333,87.5,44.0,125.0,18.078141747412765,0.38489304812834224,0,0,0,60,0.0,0.0,0.0
LNGN0081,terminal,total_voyages,85.23333333333333,86.5,41.0,125.0,19.42771623717236,0.3771390374331551,0,0,0,60,0.0,0.0,0.0
LNGN0083,terminal,betweenness,21.533333333333335,22.0,18.0,24.0,1.1118265116871402,0.44777183600713016,0,2,60,60,0.0,0.03333333333333333,1.0
LNGN0083,terminal,eigenvector,65.7,73.5,1.0,127.0,34.875225532348935,0.47807486631016044,7,7,17,60,0.11666666666666667,0.11666666666666667,0.2833333333333333
LNGN0083,terminal,node_throughput,77.2,83.0,22.0,127.0,23.863879520369526,0.45245098039215687,0,0,5,60,0.0,0.0,0.08333333333333333
LNGN0083,terminal,pagerank,86.91666666666667,86.0,61.0,127.0,12.784115762117029,0.3744206773618538,0,0,0,60,0.0,0.0,0.0
LNGN0083,terminal,share_monthly_network_flow,77.2,83.0,22.0,127.0,23.863879520369526,0.45245098039215687,0,0,5,60,0.0,0.0,0.08333333333333333
LNGN0083,terminal,total_degree,68.08333333333333,77.0,12.0,127.0,31.098690182601686,0.47277183600713013,0,4,15,60,0.0,0.06666666666666667,0.25
LNGN0083,terminal,total_route_exposure,72.28333333333333,79.5,16.0,127.0,26.874530609486484,0.45650623885918,0,1,9,60,0.0,0.016666666666666666,0.15
LNGN0083,terminal,total_strength,78.0,83.0,29.0,127.0,22.891046284519195,0.4483511586452763,0,0,3,60,0.0,0.0,0.05
LNGN0083,terminal,total_voyages,75.48333333333333,82.5,21.0,127.0,24.453686191688607,0.44420677361853833,0,0,6,60,0.0,0.0,0.1
LNGN0085,terminal,betweenness,21.533333333333335,22.0,18.0,24.0,1.1118265116871402,0.44777183600713016,0,2,60,60,0.0,0.03333333333333333,1.0
LNGN0085,terminal,eigenvector,11.366666666666667,10.5,1.0,57.0,8.362480101401001,0.8864973262032085,30,57,58,60,0.5,0.95,0.9666666666666667
LNGN0085,terminal,node_throughput,53.93333333333333,52.0,25.0,86.0,16.26045078978457,0.7120320855614973,0,0,14,60,0.0,0.0,0.23333333333333334
LNGN0085,terminal,pagerank,75.86666666666666,75.5,53.0,99.0,9.956629112146143,0.5396167557932263,0,0,0,60,0.0,0.0,0.0
LNGN0085,terminal,share_monthly_network_flow,53.93333333333333,52.0,25.0,86.0,16.26045078978457,0.7120320855614973,0,0,14,60,0.0,0.0,0.23333333333333334
LNGN0085,terminal,total_degree,46.25,45.0,18.0,81.0,13.03011505340934,0.6659982174688057,0,1,16,60,0.0,0.016666666666666666,0.26666666666666666
LNGN0085,terminal,total_route_exposure,37.916666666666664,38.5,15.0,81.0,12.971012880312891,0.7545008912655972,0,3,30,60,0.0,0.05,0.5
LNGN0085,terminal,total_strength,55.6,53.0,30.0,86.0,15.118963286133662,0.7031639928698752,0,0,9,60,0.0,0.0,0.15
LNGN0085,terminal,total_voyages,42.55,42.0,19.0,81.0,13.468639028800784,0.7397058823529412,0,1,26,60,0.0,0.016666666666666666,0.43333333333333335
LNGN0087,terminal,betweenness,21.533333333333335,22.0,18.0,24.0,1.1118265116871402,0.44777183600713016,0,2,60,60,0.0,0.03333333333333333,1.0
LNGN0087,terminal,eigenvector,82.51666666666667,92.5,1.0,127.0,33.31131617499876,0.3064171122994653,7,7,7,60,0.11666666666666667,0.11666666666666667,0.11666666666666667
LNGN0087,terminal,node_throughput,96.45,95.0,73.0,127.0,12.444350702498696,0.2627896613190731,0,0,0,60,0.0,0.0,0.0
LNGN0087,terminal,pagerank,95.23333333333333,94.0,73.0,127.0,13.005040309292696,0.2696078431372549,0,0,0,60,0.0,0.0,0.0
LNGN0087,terminal,share_monthly_network_flow,96.45,95.0,73.0,127.0,12.444350702498696,0.2627896613190731,0,0,0,60,0.0,0.0,0.0
LNGN0087,terminal,total_degree,94.3,94.0,59.0,127.0,14.453080136210719,0.26613190730837794,0,0,0,60,0.0,0.0,0.0
LNGN0087,terminal,total_route_exposure,94.96666666666667,94.0,68.0,127.0,13.367005504532127,0.264349376114082,0,0,0,60,0.0,0.0,0.0
LNGN0087,terminal,total_strength,96.48333333333333,95.0,73.0,127.0,12.440354873496624,0.26265597147950087,0,0,0,60,0.0,0.0,0.0
LNGN0087,terminal,total_voyages,95.55,94.0,73.0,127.0,12.747116656359886,0.2627896613190731,0,0,0,60,0.0,0.0,0.0
LNGN0097,terminal,betweenness,21.533333333333335,22.0,18.0,24.0,1.1118265116871402,0.44777183600713016,0,2,60,60,0.0,0.03333333333333333,1.0
LNGN0097,terminal,eigenvector,52.81666666666667,57.0,1.0,89.0,22.698832693548752,0.6512477718360071,7,7,12,60,0.11666666666666667,0.11666666666666667,0.2
LNGN0097,terminal,node_throughput,39.21666666666667,31.0,11.0,89.0,20.917992957703444,0.7770944741532977,0,7,36,60,0.0,0.11666666666666667,0.6
LNGN0097,terminal,pagerank,40.71666666666667,39.0,13.0,89.0,16.920643962048125,0.7695187165775401,0,4,28,60,0.0,0.06666666666666667,0.4666666666666667
LNGN0097,terminal,share_monthly_network_flow,39.21666666666667,31.0,11.0,89.0,20.917992957703444,0.7770944741532977,0,7,36,60,0.0,0.11666666666666667,0.6
LNGN0097,terminal,total_degree,57.6,57.0,33.0,89.0,11.923769168616134,0.5749554367201426,0,0,2,60,0.0,0.0,0.03333333333333333
LNGN0097,terminal,total_route_exposure,38.75,34.0,17.0,89.0,16.840855286465146,0.7421568627450981,0,1,35,60,0.0,0.016666666666666666,0.5833333333333334
LNGN0097,terminal,total_strength,42.166666666666664,34.0,11.0,89.0,19.23641203609963,0.761319073083779,0,2,35,60,0.0,0.03333333333333333,0.5833333333333334
LNGN0097,terminal,total_voyages,36.233333333333334,30.5,10.0,89.0,19.15181689541439,0.7679590017825312,1,10,38,60,0.016666666666666666,0.16666666666666666,0.6333333333333333
LNGN0098,terminal,betweenness,21.533333333333335,22.0,18.0,24.0,1.1118265116871402,0.44777183600713016,0,2,60,60,0.0,0.03333333333333333,1.0
LNGN0098,terminal,eigenvector,74.43333333333334,84.5,1.0,118.0,32.3248168643031,0.41706773618538323,7,7,8,60,0.11666666666666667,0.11666666666666667,0.13333333333333333
LNGN0098,terminal,node_throughput,87.35,88.0,46.0,118.0,15.215764572489404,0.38618538324420676,0,0,0,60,0.0,0.0,0.0
LNGN0098,terminal,pagerank,81.3,85.5,31.0,118.0,18.21370316686992,0.4191622103386809,0,0,1,60,0.0,0.0,0.016666666666666666
LNGN0098,terminal,share_monthly_network_flow,87.35,88.0,46.0,118.0,15.215764572489404,0.38618538324420676,0,0,0,60,0.0,0.0,0.0
LNGN0098,terminal,total_degree,76.98333333333333,84.0,23.0,118.0,22.107205410757963,0.40053475935828875,0,0,2,60,0.0,0.0,0.03333333333333333
LNGN0098,terminal,total_route_exposure,80.36666666666666,84.0,38.0,118.0,18.91369037538204,0.39166666666666666,0,0,1,60,0.0,0.0,0.016666666666666666
LNGN0098,terminal,total_strength,87.78333333333333,88.0,52.0,118.0,14.55916237424214,0.3839572192513369,0,0,0,60,0.0,0.0,0.0
LNGN0098,terminal,total_voyages,83.63333333333334,87.0,42.0,118.0,16.078163596405165,0.3802139037433155,0,0,0,60,0.0,0.0,0.0
LNGN0100,terminal,betweenness,21.533333333333335,22.0,18.0,24.0,1.1118265116871402,0.44777183600713016,0,2,60,60,0.0,0.03333333333333333,1.0
LNGN0100,terminal,eigenvector,74.65,83.5,1.0,125.0,29.660694187105882,0.40115864527629236,7,7,7,60,0.11666666666666667,0.11666666666666667,0.11666666666666667
LNGN0100,terminal,node_throughput,79.66666666666667,85.5,28.0,125.0,19.904574609759432,0.407397504456328,0,0,3,60,0.0,0.0,0.05
LNGN0100,terminal,pagerank,77.9,85.5,27.0,125.0,21.703471564846527,0.41729055258467024,0,0,4,60,0.0,0.0,0.06666666666666667
LNGN0100,terminal,share_monthly_network_flow,79.66666666666667,85.5,28.0,125.0,19.904574609759432,0.407397504456328,0,0,3,60,0.0,0.0,0.05
LNGN0100,terminal,total_degree,80.0,85.5,38.0,125.0,18.06110156747114,0.3668003565062389,0,0,1,60,0.0,0.0,0.016666666666666666
LNGN0100,terminal,total_route_exposure,78.13333333333334,85.5,33.0,125.0,20.855813859722957,0.3979055258467023,0,0,4,60,0.0,0.0,0.06666666666666667
LNGN0100,terminal,total_strength,80.3,85.5,33.0,125.0,18.9202608646509,0.4040106951871658,0,0,1,60,0.0,0.0,0.016666666666666666
LNGN0100,terminal,total_voyages,78.73333333333333,85.5,27.0,125.0,20.76328789700189,0.3994206773618538,0,0,3,60,0.0,0.0,0.05
LNGN0101,terminal,betweenness,21.533333333333335,22.0,18.0,24.0,1.1118265116871402,0.44777183600713016,0,2,60,60,0.0,0.03333333333333333,1.0
LNGN0101,terminal,eigenvector,71.43333333333334,82.5,1.0,125.0,33.76557602490716,0.41403743315508024,7,7,10,60,0.11666666666666667,0.11666666666666667,0.16666666666666666
LNGN0101,terminal,node_throughput,88.11666666666666,88.0,50.0,125.0,15.812558478934317,0.3587344028520499,0,0,0,60,0.0,0.0,0.0
LNGN0101,terminal,pagerank,89.8,89.0,62.0,125.0,12.78876625687096,0.33057040998217474,0,0,0,60,0.0,0.0,0.0
LNGN0101,terminal,share_monthly_network_flow,88.11666666666666,88.0,50.0,125.0,15.812558478934317,0.3587344028520499,0,0,0,60,0.0,0.0,0.0
LNGN0101,terminal,total_degree,80.86666666666666,86.5,30.0,125.0,23.351744149040773,0.3720588235294118,0,0,5,60,0.0,0.0,0.08333333333333333
LNGN0101,terminal,total_route_exposure,83.48333333333333,86.5,34.0,125.0,19.860950244959792,0.3631461675579323,0,0,1,60,0.0,0.0,0.016666666666666666
LNGN0101,terminal,total_strength,88.4,88.0,51.0,125.0,15.395574975088111,0.3573529411764706,0,0,0,60,0.0,0.0,0.0
LNGN0101,terminal,total_voyages,85.93333333333334,87.0,43.0,125.0,16.962437731213953,0.35396613190730836,0,0,0,60,0.0,0.0,0.0
LNGN0102,terminal,betweenness,21.533333333333335,22.0,18.0,24.0,1.1118265116871402,0.44777183600713016,0,2,60,60,0.0,0.03333333333333333,1.0
LNGN0102,terminal,eigenvector,83.36666666666666,93.5,1.0,127.0,32.27055469874931,0.31434937611408204,7,7,7,60,0.11666666666666667,0.11666666666666667,0.11666666666666667
LNGN0102,terminal,node_throughput,93.21666666666667,92.0,67.0,127.0,11.71134704965719,0.292379679144385,0,0,0,60,0.0,0.0,0.0
LNGN0102,terminal,pagerank,93.15,91.5,73.0,127.0,11.533040230102062,0.2929144385026738,0,0,0,60,0.0,0.0,0.0
LNGN0102,terminal,share_monthly_network_flow,93.21666666666667,92.0,67.0,127.0,11.71134704965719,0.292379679144385,0,0,0,60,0.0,0.0,0.0
LNGN0102,terminal,total_degree,90.75,91.0,60.0,127.0,14.647988234635974,0.2880124777183601,0,0,0,60,0.0,0.0,0.0
LNGN0102,terminal,total_route_exposure,92.43333333333334,91.0,73.0,127.0,12.188305963499893,0.2835115864527629,0,0,0,60,0.0,0.0,0.0
LNGN0102,terminal,total_strength,93.3,92.5,67.0,127.0,11.659432785575634,0.29193404634581105,0,0,0,60,0.0,0.0,0.0
LNGN0102,terminal,total_voyages,93.21666666666667,92.5,66.0,127.0,11.779171025861594,0.2827094474153297,0,0,0,60,0.0,0.0,0.0
LNGN0103,terminal,betweenness,21.533333333333335,22.0,18.0,24.0,1.1118265116871402,0.44777183600713016,0,2,60,60,0.0,0.03333333333333333,1.0
LNGN0103,terminal,eigenvector,71.9,78.5,1.0,114.0,31.056918768445634,0.4640819964349376,7,7,8,60,0.11666666666666667,0.11666666666666667,0.13333333333333333
LNGN0103,terminal,node_throughput,79.35,79.0,48.0,114.0,16.25206636144921,0.4805704099821747,0,0,0,60,0.0,0.0,0.0
LNGN0103,terminal,pagerank,83.06666666666666,83.0,61.0,114.0,11.955945498719945,0.4253119429590018,0,0,0,60,0.0,0.0,0.0
LNGN0103,terminal,share_monthly_network_flow,79.35,79.0,48.0,114.0,16.25206636144921,0.4805704099821747,0,0,0,60,0.0,0.0,0.0
LNGN0103,terminal,total_degree,63.733333333333334,60.5,22.0,114.0,24.612155372709545,0.5076648841354724,0,0,12,60,0.0,0.0,0.2
LNGN0103,terminal,total_route_exposure,69.5,68.5,34.0,114.0,20.704130432093798,0.4877450980392157,0,0,2,60,0.0,0.0,0.03333333333333333
LNGN0103,terminal,total_strength,80.2,79.5,51.0,114.0,15.39073020591247,0.47624777183600714,0,0,0,60,0.0,0.0,0.0
LNGN0103,terminal,total_voyages,74.48333333333333,73.0,43.0,114.0,17.604402056060085,0.47045454545454546,0,0,0,60,0.0,0.0,0.0
LNGN0108,terminal,betweenness,21.533333333333335,22.0,18.0,24.0,1.1118265116871402,0.44777183600713016,0,2,60,60,0.0,0.03333333333333333,1.0
LNGN0108,terminal,eigenvector,64.25,78.5,1.0,119.0,39.407314558060996,0.46243315508021393,7,12,22,60,0.11666666666666667,0.2,0.36666666666666664
LNGN0108,terminal,node_throughput,91.45,91.0,48.0,123.0,15.144977351684979,0.35975935828877004,0,0,0,60,0.0,0.0,0.0
LNGN0108,terminal,pagerank,85.35,85.0,46.0,123.0,17.35943547469214,0.3930035650623886,0,0,0,60,0.0,0.0,0.0
LNGN0108,terminal,share_monthly_network_flow,91.45,91.0,48.0,123.0,15.144977351684979,0.35975935828877004,0,0,0,60,0.0,0.0,0.0
LNGN0108,terminal,total_degree,81.55,84.0,43.0,123.0,21.324311740040773,0.37156862745098035,0,0,0,60,0.0,0.0,0.0
LNGN0108,terminal,total_route_exposure,84.1,84.0,34.0,123.0,19.4480620793967,0.3664438502673797,0,0,1,60,0.0,0.0,0.016666666666666666
LNGN0108,terminal,total_strength,91.71666666666667,91.0,55.0,123.0,14.59172236516035,0.35833333333333334,0,0,0,60,0.0,0.0,0.0
LNGN0108,terminal,total_voyages,86.6,86.5,47.0,123.0,17.014649719719348,0.3607843137254902,0,0,0,60,0.0,0.0,0.0
LNGN0109,terminal,betweenness,21.533333333333335,22.0,18.0,24.0,1.1118265116871402,0.44777183600713016,0,2,60,60,0.0,0.03333333333333333,1.0
LNGN0109,terminal,eigenvector,85.25,94.5,1.0,127.0,33.53501837821351,0.29269162210338684,7,7,7,60,0.11666666666666667,0.11666666666666667,0.11666666666666667
LNGN0109,terminal,node_throughput,95.5,94.5,73.0,127.0,13.45740297811039,0.27598039215686276,0,0,0,60,0.0,0.0,0.0
LNGN0109,terminal,pagerank,90.33333333333333,94.0,13.0,127.0,22.83074545110403,0.3044117647058824,0,1,3,60,0.0,0.016666666666666666,0.05
LNGN0109,terminal,share_monthly_network_flow,95.5,94.5,73.0,127.0,13.45740297811039,0.27598039215686276,0,0,0,60,0.0,0.0,0.0
LNGN0109,terminal,total_degree,92.8,94.0,48.0,127.0,16.975356015836805,0.2788324420677362,0,0,0,60,0.0,0.0,0.0
LNGN0109,terminal,total_route_exposure,93.81666666666666,94.0,56.0,127.0,15.189750856200588,0.27611408199643495,0,0,0,60,0.0,0.0,0.0
LNGN0109,terminal,total_strength,95.6,94.5,73.0,127.0,13.358422722279705,0.27553475935828875,0,0,0,60,0.0,0.0,0.0
LNGN0109,terminal,total_voyages,94.68333333333334,94.0,58.0,127.0,14.18580296104939,0.2737967914438503,0,0,0,60,0.0,0.0,0.0
LNGN0112,terminal,betweenness,21.533333333333335,22.0,18.0,24.0,1.1118265116871402,0.44777183600713016,0,2,60,60,0.0,0.03333333333333333,1.0
LNGN0112,terminal,eigenvector,83.41666666666667,91.5,1.0,123.0,33.0783823445324,0.3373440285204991,7,7,7,60,0.11666666666666667,0.11666666666666667,0.11666666666666667
LNGN0112,terminal,node_throughput,95.33333333333333,94.5,73.0,122.0,13.22512588984543,0.317602495543672,0,0,0,60,0.0,0.0,0.0
LNGN0112,terminal,pagerank,87.56666666666666,89.0,40.0,122.0,19.08887924249256,0.3591354723707665,0,0,0,60,0.0,0.0,0.0
LNGN0112,terminal,share_monthly_network_flow,95.33333333333333,94.5,73.0,122.0,13.22512588984543,0.317602495543672,0,0,0,60,0.0,0.0,0.0
LNGN0112,terminal,total_degree,85.43333333333334,89.0,43.0,122.0,21.560609615816745,0.33890374331550804,0,0,0,60,0.0,0.0,0.0
LNGN0112,terminal,total_route_exposure,87.51666666666667,89.0,41.0,122.0,19.229648424531153,0.3333333333333333,0,0,0,60,0.0,0.0,0.0
LNGN0112,terminal,total_strength,95.33333333333333,94.5,73.0,122.0,13.22512588984543,0.317602495543672,0,0,0,60,0.0,0.0,0.0
LNGN0112,terminal,total_voyages,89.51666666666667,90.0,48.0,122.0,17.16963388321416,0.32798573975044565,0,0,0,60,0.0,0.0,0.0
LNGN0115,terminal,betweenness,21.533333333333335,22.0,18.0,24.0,1.1118265116871402,0.44777183600713016,0,2,60,60,0.0,0.03333333333333333,1.0
LNGN0115,terminal,eigenvector,85.76666666666667,95.0,1.0,127.0,33.84829899171843,0.2760249554367202,7,7,7,60,0.11666666666666667,0.11666666666666667,0.11666666666666667
LNGN0115,terminal,node_throughput,97.21666666666667,95.0,73.0,127.0,13.801365280863312,0.2503565062388592,0,0,0,60,0.0,0.0,0.0
LNGN0115,terminal,pagerank,96.8,95.0,50.0,127.0,14.823023777161831,0.25262923351158645,0,0,0,60,0.0,0.0,0.0
LNGN0115,terminal,share_monthly_network_flow,97.21666666666667,95.0,73.0,127.0,13.801365280863312,0.2503565062388592,0,0,0,60,0.0,0.0,0.0
LNGN0115,terminal,total_degree,96.96666666666667,95.0,60.0,127.0,14.336118504857264,0.25026737967914436,0,0,0,60,0.0,0.0,0.0
LNGN0115,terminal,total_route_exposure,97.1,95.0,68.0,127.0,14.020203339998856,0.2499108734402852,0,0,0,60,0.0,0.0,0.0
LNGN0115,terminal,total_strength,97.21666666666667,95.0,73.0,127.0,13.801365280863312,0.2503565062388592,0,0,0,60,0.0,0.0,0.0
LNGN0115,terminal,total_voyages,97.16666666666667,95.0,72.0,127.0,13.88837663838786,0.2497326203208556,0,0,0,60,0.0,0.0,0.0
LNGN0121,terminal,betweenness,21.533333333333335,22.0,18.0,24.0,1.1118265116871402,0.44777183600713016,0,2,60,60,0.0,0.03333333333333333,1.0
LNGN0121,terminal,eigenvector,35.75,29.5,1.0,90.0,24.727412223163125,0.7324420677361854,7,16,37,60,0.11666666666666667,0.26666666666666666,0.6166666666666667
LNGN0121,terminal,node_throughput,41.5,34.0,16.0,88.0,18.798214844924292,0.7597593582887701,0,3,37,60,0.0,0.05,0.6166666666666667
LNGN0121,terminal,pagerank,32.85,26.0,8.0,88.0,19.487349220995064,0.80650623885918,1,15,44,60,0.016666666666666666,0.25,0.7333333333333333
LNGN0121,terminal,share_monthly_network_flow,41.5,34.0,16.0,88.0,18.798214844924292,0.7597593582887701,0,3,37,60,0.0,0.05,0.6166666666666667
LNGN0121,terminal,total_degree,31.533333333333335,24.0,14.0,88.0,18.287225018303257,0.7733065953654189,0,10,47,60,0.0,0.16666666666666666,0.7833333333333333
LNGN0121,terminal,total_route_exposure,36.166666666666664,32.0,11.0,88.0,17.539463171989667,0.7562388591800356,0,5,42,60,0.0,0.08333333333333333,0.7
LNGN0121,terminal,total_strength,44.28333333333333,37.0,20.0,88.0,17.41039205223218,0.744964349376114,0,0,33,60,0.0,0.0,0.55
LNGN0121,terminal,total_voyages,33.916666666666664,26.0,13.0,88.0,18.82325614104564,0.7799019607843137,0,10,42,60,0.0,0.16666666666666666,0.7
LNGN0122,terminal,betweenness,21.533333333333335,22.0,18.0,24.0,1.1118265116871402,0.44777183600713016,0,2,60,60,0.0,0.03333333333333333,1.0
LNGN0122,terminal,eigenvector,84.96666666666667,93.5,1.0,125.0,33.51092241201301,0.321969696969697,7,7,7,60,0.11666666666666667,0.11666666666666667,0.11666666666666667
LNGN0122,terminal,node_throughput,97.01666666666667,95.0,73.0,125.0,13.25050899779194,0.29073083778966136,0,0,0,60,0.0,0.0,0.0
LNGN0122,terminal,pagerank,91.38333333333334,89.5,34.0,125.0,15.95766822381149,0.3213458110516934,0,0,1,60,0.0,0.0,0.016666666666666666
LNGN0122,terminal,share_monthly_network_flow,97.01666666666667,95.0,73.0,125.0,13.25050899779194,0.29073083778966136,0,0,0,60,0.0,0.0,0.0
LNGN0122,terminal,total_degree,88.8,89.0,48.0,125.0,18.396573004369177,0.3123885918003565,0,0,0,60,0.0,0.0,0.0
LNGN0122,terminal,total_route_exposure,90.31666666666666,89.0,52.0,125.0,16.442495240002785,0.30833333333333335,0,0,0,60,0.0,0.0,0.0
LNGN0122,terminal,total_strength,97.01666666666667,95.0,73.0,125.0,13.25050899779194,0.29073083778966136,0,0,0,60,0.0,0.0,0.0
LNGN0122,terminal,total_voyages,91.4,89.5,57.0,125.0,15.21061181755707,0.3068181818181818,0,0,0,60,0.0,0.0,0.0
LNGN0124,terminal,betweenness,21.533333333333335,22.0,18.0,24.0,1.1118265116871402,0.44777183600713016,0,2,60,60,0.0,0.03333333333333333,1.0
LNGN0124,terminal,eigenvector,49.36666666666667,47.5,1.0,102.0,29.420946456487076,0.6508912655971479,9,10,20,60,0.15,0.16666666666666666,0.3333333333333333
LNGN0124,terminal,node_throughput,39.766666666666666,27.5,8.0,106.0,29.203184564368406,0.7595811051693405,3,17,37,60,0.05,0.2833333333333333,0.6166666666666667
LNGN0124,terminal,pagerank,78.51666666666667,76.0,53.0,106.0,12.824092351225804,0.5053030303030304,0,0,0,60,0.0,0.0,0.0
LNGN0124,terminal,share_monthly_network_flow,39.766666666666666,27.5,8.0,106.0,29.203184564368406,0.7595811051693405,3,17,37,60,0.05,0.2833333333333333,0.6166666666666667
LNGN0124,terminal,total_degree,38.21666666666667,28.0,10.0,106.0,27.14811331376777,0.7254901960784313,1,15,39,60,0.016666666666666666,0.25,0.65
LNGN0124,terminal,total_route_exposure,35.05,22.5,6.0,106.0,29.017484501239267,0.7604723707664883,5,24,42,60,0.08333333333333333,0.4,0.7
LNGN0124,terminal,total_strength,43.71666666666667,30.0,14.0,106.0,27.033621042447617,0.738680926916221,0,5,35,60,0.0,0.08333333333333333,0.5833333333333334
LNGN0124,terminal,total_voyages,38.416666666666664,26.0,8.0,106.0,28.7981235656762,0.7446078431372549,3,19,39,60,0.05,0.31666666666666665,0.65
LNGN0130,terminal,betweenness,21.533333333333335,22.0,18.0,24.0,1.1118265116871402,0.44777183600713016,0,2,60,60,0.0,0.03333333333333333,1.0
LNGN0130,terminal,eigenvector,16.816666666666666,8.0,1.0,96.0,23.643891723216996,0.8346702317290552,43,51,52,60,0.7166666666666667,0.85,0.8666666666666667
LNGN0130,terminal,node_throughput,47.766666666666666,41.0,20.0,96.0,20.168247124884093,0.7224153297682709,0,0,24,60,0.0,0.0,0.4
LNGN0130,terminal,pagerank,57.11666666666667,57.5,22.0,96.0,15.075057035804816,0.6724598930481283,0,0,7,60,0.0,0.0,0.11666666666666667
LNGN0130,terminal,share_monthly_network_flow,47.766666666666666,41.0,20.0,96.0,20.168247124884093,0.7224153297682709,0,0,24,60,0.0,0.0,0.4
LNGN0130,terminal,total_degree,51.21666666666667,48.0,24.0,96.0,16.11620057283834,0.6223262032085561,0,0,14,60,0.0,0.0,0.23333333333333334
LNGN0130,terminal,total_route_exposure,59.46666666666667,58.5,29.0,96.0,14.688248117742349,0.5942067736185384,0,0,3,60,0.0,0.0,0.05
LNGN0130,terminal,total_strength,49.88333333333333,42.5,24.0,96.0,18.844674351456153,0.711096256684492,0,0,21,60,0.0,0.0,0.35
LNGN0130,terminal,total_voyages,42.71666666666667,37.0,19.0,96.0,18.263691559444688,0.7256238859180036,0,1,33,60,0.0,0.016666666666666666,0.55
LNGN0132,terminal,betweenness,21.533333333333335,22.0,18.0,24.0,1.1118265116871402,0.44777183600713016,0,2,60,60,0.0,0.03333333333333333,1.0
LNGN0132,terminal,eigenvector,50.88333333333333,56.0,1.0,83.0,21.381198509847717,0.675222816399287,7,7,11,60,0.11666666666666667,0.11666666666666667,0.18333333333333332
LNGN0132,terminal,node_throughput,29.25,24.5,6.0,79.0,14.737965501338511,0.848885918003565,1,17,45,60,0.016666666666666666,0.2833333333333333,0.75
LNGN0132,terminal,pagerank,35.3,33.5,10.0,67.0,12.765552163298628,0.8165775401069518,1,5,41,60,0.016666666666666666,0.08333333333333333,0.6833333333333333
LNGN0132,terminal,share_monthly_network_flow,29.25,24.5,6.0,79.0,14.737965501338511,0.848885918003565,1,17,45,60,0.016666666666666666,0.2833333333333333,0.75
LNGN0132,terminal,total_degree,30.333333333333332,29.0,13.0,66.0,9.762721672939202,0.7916666666666666,0,4,52,60,0.0,0.06666666666666667,0.8666666666666667
LNGN0132,terminal,total_route_exposure,25.716666666666665,24.0,10.0,66.0,10.228063200633741,0.8407308377896613,2,15,54,60,0.03333333333333333,0.25,0.9
LNGN0132,terminal,total_strength,33.25,28.5,8.0,79.0,13.185283270193864,0.8274955436720143,1,4,42,60,0.016666666666666666,0.06666666666666667,0.7
LNGN0132,terminal,total_voyages,26.466666666666665,23.5,6.0,72.0,11.805581366981864,0.8455436720142603,1,18,52,60,0.016666666666666666,0.3,0.8666666666666667
LNGN0136,terminal,betweenness,21.533333333333335,22.0,18.0,24.0,1.1118265116871402,0.44777183600713016,0,2,60,60,0.0,0.03333333333333333,1.0
LNGN0136,terminal,eigenvector,60.35,59.0,1.0,120.0,32.66928532107537,0.5191622103386809,7,7,16,60,0.11666666666666667,0.11666666666666667,0.26666666666666666
LNGN0136,terminal,node_throughput,75.26666666666667,83.5,15.0,122.0,25.34966764510955,0.4765597147950089,0,1,6,60,0.0,0.016666666666666666,0.1
LNGN0136,terminal,pagerank,71.96666666666667,77.5,16.0,122.0,25.933400142246157,0.4954545454545454,0,1,8,60,0.0,0.016666666666666666,0.13333333333333333
LNGN0136,terminal,share_monthly_network_flow,75.26666666666667,83.5,15.0,122.0,25.34966764510955,0.4765597147950089,0,1,6,60,0.0,0.016666666666666666,0.1
LNGN0136,terminal,total_degree,75.01666666666667,72.5,33.0,122.0,21.201608243017684,0.4202762923351158,0,0,1,60,0.0,0.0,0.016666666666666666
LNGN0136,terminal,total_route_exposure,70.23333333333333,77.5,13.0,122.0,28.23771169167079,0.47571301247771836,0,5,12,60,0.0,0.08333333333333333,0.2
LNGN0136,terminal,total_strength,76.1,83.5,18.0,122.0,24.25968267290054,0.47210338680926917,0,1,4,60,0.0,0.016666666666666666,0.06666666666666667
LNGN0136,terminal,total_voyages,72.85,82.0,18.0,122.0,25.977059631887588,0.46715686274509804,0,1,8,60,0.0,0.016666666666666666,0.13333333333333333
LNGN0138,terminal,betweenness,21.533333333333335,22.0,18.0,24.0,1.1118265116871402,0.44777183600713016,0,2,60,60,0.0,0.03333333333333333,1.0
LNGN0138,terminal,eigenvector,85.63333333333334,94.5,1.0,127.0,33.807012945449415,0.28061497326203205,7,7,7,60,0.11666666666666667,0.11666666666666667,0.11666666666666667
LNGN0138,terminal,node_throughput,96.91666666666667,95.0,63.0,127.0,14.209440245498609,0.25120320855614975,0,0,0,60,0.0,0.0,0.0
LNGN0138,terminal,pagerank,97.13333333333334,95.0,73.0,127.0,13.776012887386774,0.24955436720142601,0,0,0,60,0.0,0.0,0.0
LNGN0138,terminal,share_monthly_network_flow,96.91666666666667,95.0,63.0,127.0,14.209440245498609,0.25120320855614975,0,0,0,60,0.0,0.0,0.0
LNGN0138,terminal,total_degree,96.73333333333333,95.0,52.0,127.0,14.716376979828611,0.25062388591800355,0,0,0,60,0.0,0.0,0.0
LNGN0138,terminal,total_route_exposure,96.86666666666666,95.0,60.0,127.0,14.335527358027973,0.25026737967914436,0,0,0,60,0.0,0.0,0.0
LNGN0138,terminal,total_strength,96.95,95.0,65.0,127.0,14.130655459985347,0.2511140819964349,0,0,0,60,0.0,0.0,0.0
LNGN0138,terminal,total_voyages,96.91666666666667,95.0,63.0,127.0,14.209440245498609,0.2501336898395722,0,0,0,60,0.0,0.0,0.0
LNGN0142,terminal,betweenness,21.533333333333335,22.0,18.0,24.0,1.1118265116871402,0.44777183600713016,0,2,60,60,0.0,0.03333333333333333,1.0
LNGN0142,terminal,eigenvector,56.93333333333333,68.5,1.0,90.0,26.79100953847009,0.6382352941176471,7,8,13,60,0.11666666666666667,0.13333333333333333,0.21666666666666667
LNGN0142,terminal,node_throughput,32.21666666666667,30.0,14.0,86.0,14.279405184718955,0.8238413547237077,0,8,48,60,0.0,0.13333333333333333,0.8
LNGN0142,terminal,pagerank,76.08333333333333,76.0,53.0,99.0,10.120111988840176,0.5345811051693405,0,0,0,60,0.0,0.0,0.0
LNGN0142,terminal,share_monthly_network_flow,32.21666666666667,30.0,14.0,86.0,14.279405184718955,0.8238413547237077,0,8,48,60,0.0,0.13333333333333333,0.8
LNGN0142,terminal,total_degree,40.05,37.0,14.0,86.0,13.716778047340418,0.7125222816399287,0,1,33,60,0.0,0.016666666666666666,0.55
LNGN0142,terminal,total_route_exposure,25.383333333333333,22.0,12.0,86.0,13.60968208033103,0.8407308377896613,0,21,55,60,0.0,0.35,0.9166666666666666
LNGN0142,terminal,total_strength,35.9,33.0,18.0,86.0,12.902108617573372,0.804144385026738,0,1,42,60,0.0,0.016666666666666666,0.7
LNGN0142,terminal,total_voyages,29.083333333333332,26.5,13.0,86.0,13.481049683350765,0.8235739750445633,0,12,51,60,0.0,0.2,0.85
LNGN0143,terminal,betweenness,21.533333333333335,22.0,18.0,24.0,1.1118265116871402,0.44777183600713016,0,2,60,60,0.0,0.03333333333333333,1.0
LNGN0143,terminal,eigenvector,83.2,94.0,1.0,127.0,33.99641057822706,0.3112745098039216,7,7,8,60,0.11666666666666667,0.11666666666666667,0.13333333333333333
LNGN0143,terminal,node_throughput,94.38333333333334,94.0,46.0,127.0,15.396556589129272,0.2818627450980392,0,0,0,60,0.0,0.0,0.0
LNGN0143,terminal,pagerank,92.5,94.0,8.0,127.0,19.116502765048363,0.29286987522281643,1,1,1,60,0.016666666666666666,0.016666666666666666,0.016666666666666666
LNGN0143,terminal,share_monthly_network_flow,94.38333333333334,94.0,46.0,127.0,15.396556589129272,0.2818627450980392,0,0,0,60,0.0,0.0,0.0
LNGN0143,terminal,total_degree,92.63333333333334,94.0,32.0,127.0,17.858166879436013,0.28150623885918,0,0,1,60,0.0,0.0,0.016666666666666666
LNGN0143,terminal,total_route_exposure,93.43333333333334,94.0,33.0,127.0,16.74774628568625,0.2790106951871658,0,0,1,60,0.0,0.0,0.016666666666666666
LNGN0143,terminal,total_strength,94.56666666666666,94.0,49.0,127.0,15.028071661164896,0.2808377896613191,0,0,0,60,0.0,0.0,0.0
LNGN0143,terminal,total_voyages,94.15,94.0,45.0,127.0,15.576846137560082,0.2769607843137255,0,0,0,60,0.0,0.0,0.0
LNGN0144,terminal,betweenness,21.533333333333335,22.0,18.0,24.0,1.1118265116871402,0.44777183600713016,0,2,60,60,0.0,0.03333333333333333,1.0
LNGN0144,terminal,eigenvector,64.81666666666666,66.5,1.0,120.0,29.66621754246464,0.5522727272727272,7,7,8,60,0.11666666666666667,0.11666666666666667,0.13333333333333333
LNGN0144,terminal,node_throughput,58.46666666666667,50.0,19.0,122.0,28.21315155922774,0.640017825311943,0,2,19,60,0.0,0.03333333333333333,0.31666666666666665
LNGN0144,terminal,pagerank,59.31666666666667,53.5,22.0,122.0,24.182562471409348,0.6359180035650625,0,0,12,60,0.0,0.0,0.2
LNGN0144,terminal,share_monthly_network_flow,58.46666666666667,50.0,19.0,122.0,28.21315155922774,0.640017825311943,0,2,19,60,0.0,0.03333333333333333,0.31666666666666665
LNGN0144,terminal,total_degree,56.766666666666666,51.5,24.0,122.0,25.44743113582252,0.5803030303030303,0,0,19,60,0.0,0.0,0.31666666666666665
LNGN0144,terminal,total_route_exposure,53.266666666666666,45.5,16.0,122.0,26.7631587572668,0.6296791443850267,0,1,23,60,0.0,0.016666666666666666,0.38333333333333336
LNGN0144,terminal,total_strength,60.55,51.5,25.0,122.0,26.53774095350345,0.6289661319073083,0,0,16,60,0.0,0.0,0.26666666666666666
LNGN0144,terminal,total_voyages,53.68333333333333,42.5,17.0,122.0,27.67455642727319,0.6379679144385028,0,1,21,60,0.0,0.016666666666666666,0.35
LNGN0148,terminal,betweenness,21.533333333333335,22.0,18.0,24.0,1.1118265116871402,0.44777183600713016,0,2,60,60,0.0,0.03333333333333333,1.0
LNGN0148,terminal,eigenvector,84.56666666666666,93.5,1.0,127.0,33.924325888743155,0.29884135472370765,7,7,7,60,0.11666666666666667,0.11666666666666667,0.11666666666666667
LNGN0148,terminal,node_throughput,95.85,94.5,67.0,127.0,15.000367227143231,0.26898395721925134,0,0,0,60,0.0,0.0,0.0
LNGN0148,terminal,pagerank,94.58333333333333,94.5,27.0,127.0,18.237874231860886,0.27629233511586454,0,0,1,60,0.0,0.0,0.016666666666666666
LNGN0148,terminal,share_monthly_network_flow,95.85,94.5,67.0,127.0,15.000367227143231,0.26898395721925134,0,0,0,60,0.0,0.0,0.0
LNGN0148,terminal,total_degree,94.81666666666666,94.5,52.0,127.0,17.012947877432236,0.2680035650623886,0,0,0,60,0.0,0.0,0.0
LNGN0148,terminal,total_route_exposure,95.13333333333334,94.5,55.0,127.0,16.33698794580087,0.2671568627450981,0,0,0,60,0.0,0.0,0.0
LNGN0148,terminal,total_strength,95.96666666666667,94.5,69.0,127.0,14.812919998098163,0.26849376114081996,0,0,0,60,0.0,0.0,0.0
LNGN0148,terminal,total_voyages,95.58333333333333,94.5,66.0,127.0,15.4132802816126,0.2659536541889483,0,0,0,60,0.0,0.0,0.0
LNGN0150,terminal,betweenness,21.533333333333335,22.0,18.0,24.0,1.1118265116871402,0.44777183600713016,0,2,60,60,0.0,0.03333333333333333,1.0
LNGN0150,terminal,eigenvector,69.68333333333334,81.0,1.0,125.0,37.44713411073463,0.4307040998217469,7,8,17,60,0.11666666666666667,0.13333333333333333,0.2833333333333333
LNGN0150,terminal,node_throughput,89.83333333333333,87.5,56.0,125.0,15.068393981282187,0.36127450980392156,0,0,0,60,0.0,0.0,0.0
LNGN0150,terminal,pagerank,83.9,86.0,20.0,125.0,21.93650312815435,0.3938948306595365,0,0,2,60,0.0,0.0,0.03333333333333333
LNGN0150,terminal,share_monthly_network_flow,89.83333333333333,87.5,56.0,125.0,15.068393981282187,0.36127450980392156,0,0,0,60,0.0,0.0,0.0
LNGN0150,terminal,total_degree,81.08333333333333,86.0,28.0,125.0,24.38274721154121,0.3733065953654189,0,0,2,60,0.0,0.0,0.03333333333333333
LNGN0150,terminal,total_route_exposure,83.85,86.0,39.0,125.0,21.225843697671152,0.3643939393939394,0,0,0,60,0.0,0.0,0.0
LNGN0150,terminal,total_strength,90.11666666666666,88.0,59.0,125.0,14.690123127942954,0.35980392156862745,0,0,0,60,0.0,0.0,0.0
LNGN0150,terminal,total_voyages,86.36666666666666,86.5,53.0,125.0,18.25800652480677,0.3568181818181818,0,0,0,60,0.0,0.0,0.0
LNGN0156,terminal,betweenness,21.533333333333335,22.0,18.0,24.0,1.1118265116871402,0.44777183600713016,0,2,60,60,0.0,0.03333333333333333,1.0
LNGN0156,terminal,eigenvector,73.28333333333333,81.5,1.0,127.0,33.66690859677016,0.4192513368983957,7,7,10,60,0.11666666666666667,0.11666666666666667,0.16666666666666666
LNGN0156,terminal,node_throughput,90.35,89.0,55.0,127.0,15.070259183717008,0.3610516934046346,0,0,0,60,0.0,0.0,0.0
LNGN0156,terminal,pagerank,77.23333333333333,84.5,24.0,127.0,27.804625067445937,0.43262032085561497,0,0,8,60,0.0,0.0,0.13333333333333333
LNGN0156,terminal,share_monthly_network_flow,90.35,89.0,55.0,127.0,15.070259183717008,0.3610516934046346,0,0,0,60,0.0,0.0,0.0
LNGN0156,terminal,total_degree,81.48333333333333,84.5,35.0,127.0,22.47219876901511,0.37201426024955436,0,0,1,60,0.0,0.0,0.016666666666666666
LNGN0156,terminal,total_route_exposure,83.8,84.5,40.0,127.0,20.467253713585293,0.3677807486631016,0,0,0,60,0.0,0.0,0.0
LNGN0156,terminal,total_strength,90.5,89.0,56.0,127.0,14.823824159502989,0.36033868092691623,0,0,0,60,0.0,0.0,0.0
LNGN0156,terminal,total_voyages,86.23333333333333,87.0,51.0,127.0,18.378659941435824,0.3609625668449198,0,0,0,60,0.0,0.0,0.0
LNGN0163,terminal,betweenness,21.533333333333335,22.0,18.0,24.0,1.1118265116871402,0.44777183600713016,0,2,60,60,0.0,0.03333333333333333,1.0
LNGN0163,terminal,eigenvector,72.15,84.5,1.0,127.0,37.304439232357836,0.41145276292335115,7,10,14,60,0.11666666666666667,0.16666666666666666,0.23333333333333334
LNGN0163,terminal,node_throughput,91.36666666666666,90.0,57.0,127.0,15.802774554356565,0.34215686274509804,0,0,0,60,0.0,0.0,0.0
LNGN0163,terminal,pagerank,85.06666666666666,88.5,30.0,127.0,22.643041859095884,0.3766488413547237,0,0,2,60,0.0,0.0,0.03333333333333333
LNGN0163,terminal,share_monthly_network_flow,91.36666666666666,90.0,57.0,127.0,15.802774554356565,0.34215686274509804,0,0,0,60,0.0,0.0,0.0
LNGN0163,terminal,total_degree,84.66666666666667,88.5,38.0,127.0,22.372551786649808,0.34950980392156866,0,0,1,60,0.0,0.0,0.016666666666666666
LNGN0163,terminal,total_route_exposure,86.63333333333334,88.5,40.0,127.0,20.14184165638124,0.3461675579322638,0,0,0,60,0.0,0.0,0.0
LNGN0163,terminal,total_strength,91.56666666666666,90.0,59.0,127.0,15.5893995564638,0.3410873440285205,0,0,0,60,0.0,0.0,0.0
LNGN0163,terminal,total_voyages,88.76666666666667,89.0,49.0,127.0,17.453440889121456,0.33890374331550804,0,0,0,60,0.0,0.0,0.0
LNGN0164,terminal,betweenness,21.533333333333335,22.0,18.0,24.0,1.1118265116871402,0.44777183600713016,0,2,60,60,0.0,0.03333333333333333,1.0
LNGN0164,terminal,eigenvector,82.71666666666667,92.5,1.0,127.0,33.71520386637773,0.3392602495543672,7,7,8,60,0.11666666666666667,0.11666666666666667,0.13333333333333333
LNGN0164,terminal,node_throughput,95.05,94.0,73.0,127.0,13.565190996799895,0.3037433155080214,0,0,0,60,0.0,0.0,0.0
LNGN0164,terminal,pagerank,87.13333333333334,89.5,32.0,127.0,23.24261622622436,0.34621212121212125,0,0,2,60,0.0,0.0,0.03333333333333333
LNGN0164,terminal,share_monthly_network_flow,95.05,94.0,73.0,127.0,13.565190996799895,0.3037433155080214,0,0,0,60,0.0,0.0,0.0
LNGN0164,terminal,total_degree,88.91666666666667,89.5,46.0,127.0,20.21854465639401,0.31417112299465244,0,0,0,60,0.0,0.0,0.0
LNGN0164,terminal,total_route_exposure,90.6,89.5,52.0,127.0,17.82704097236859,0.3096702317290553,0,0,0,60,0.0,0.0,0.0
LNGN0164,terminal,total_strength,95.08333333333333,94.0,73.0,127.0,13.56252522192973,0.3035650623885918,0,0,0,60,0.0,0.0,0.0
LNGN0164,terminal,total_voyages,92.33333333333333,91.0,57.0,127.0,15.80245278823177,0.3050356506238859,0,0,0,60,0.0,0.0,0.0
LNGN0165,terminal,betweenness,21.533333333333335,22.0,18.0,24.0,1.1118265116871402,0.44777183600713016,0,2,60,60,0.0,0.03333333333333333,1.0
LNGN0165,terminal,eigenvector,85.68333333333334,94.5,1.0,127.0,33.82181207078373,0.2844028520499109,7,7,7,60,0.11666666666666667,0.11666666666666667,0.11666666666666667
LNGN0165,terminal,node_throughput,97.03333333333333,95.0,73.0,127.0,13.147103395182375,0.25797682709447417,0,0,0,60,0.0,0.0,0.0
LNGN0165,terminal,pagerank,94.36666666666666,94.5,35.0,127.0,17.711402691789676,0.2722370766488414,0,0,1,60,0.0,0.0,0.016666666666666666
LNGN0165,terminal,share_monthly_network_flow,97.03333333333333,95.0,73.0,127.0,13.147103395182375,0.25797682709447417,0,0,0,60,0.0,0.0,0.0
LNGN0165,terminal,total_degree,95.21666666666667,94.5,51.0,127.0,15.514991838586715,0.26167557932263813,0,0,0,60,0.0,0.0,0.0
LNGN0165,terminal,total_route_exposure,95.53333333333333,94.5,55.0,127.0,14.91611194246765,0.2608288770053476,0,0,0,60,0.0,0.0,0.0
LNGN0165,terminal,total_strength,97.05,95.0,73.0,127.0,13.155426797990566,0.25788770053475935,0,0,0,60,0.0,0.0,0.0
LNGN0165,terminal,total_voyages,95.9,94.5,60.0,127.0,14.371228318756561,0.2598484848484849,0,0,0,60,0.0,0.0,0.0
LNGN0166,terminal,betweenness,21.533333333333335,22.0,18.0,24.0,1.1118265116871402,0.44777183600713016,0,2,60,60,0.0,0.03333333333333333,1.0
LNGN0166,terminal,eigenvector,64.76666666666667,72.5,1.0,97.0,29.475279309880683,0.5406417112299465,7,8,10,60,0.11666666666666667,0.13333333333333333,0.16666666666666666
LNGN0166,terminal,node_throughput,56.56666666666667,48.5,13.0,99.0,27.18821196872823,0.6172905525846702,0,3,21,60,0.0,0.05,0.35
LNGN0166,terminal,pagerank,81.86666666666666,84.5,53.0,99.0,11.908502398644886,0.4420231729055259,0,0,0,60,0.0,0.0,0.0
LNGN0166,terminal,share_monthly_network_flow,56.56666666666667,48.5,13.0,99.0,27.18821196872823,0.6172905525846702,0,3,21,60,0.0,0.05,0.35
LNGN0166,terminal,total_degree,45.7,28.0,7.0,99.0,33.46098157758665,0.6538324420677362,6,11,37,60,0.1,0.18333333333333332,0.6166666666666667
LNGN0166,terminal,total_route_exposure,49.28333333333333,33.0,11.0,99.0,30.969143564318095,0.6379233511586453,0,7,32,60,0.0,0.11666666666666667,0.5333333333333333
LNGN0166,terminal,total_strength,58.36666666666667,50.5,19.0,99.0,25.62636795301428,0.6077094474153297,0,2,16,60,0.0,0.03333333333333333,0.26666666666666666
LNGN0166,terminal,total_voyages,52.06666666666667,41.0,12.0,99.0,29.295031490962707,0.6263368983957219,0,4,28,60,0.0,0.06666666666666667,0.4666666666666667
LNGN0168,terminal,betweenness,21.533333333333335,22.0,18.0,24.0,1.1118265116871402,0.44777183600713016,0,2,60,60,0.0,0.03333333333333333,1.0
LNGN0168,terminal,eigenvector,17.833333333333332,10.0,1.0,96.0,22.546499346203653,0.8290552584670231,34,48,53,60,0.5666666666666667,0.8,0.8833333333333333
LNGN0168,terminal,node_throughput,48.38333333333333,45.5,14.0,96.0,20.04494244227517,0.7281639928698752,0,4,20,60,0.0,0.06666666666666667,0.3333333333333333
LNGN0168,terminal,pagerank,50.61666666666667,51.0,18.0,96.0,19.143606860145745,0.7164438502673797,0,3,17,60,0.0,0.05,0.2833333333333333
LNGN0168,terminal,share_monthly_network_flow,48.38333333333333,45.5,14.0,96.0,20.04494244227517,0.7281639928698752,0,4,20,60,0.0,0.06666666666666667,0.3333333333333333
LNGN0168,terminal,total_degree,42.18333333333333,40.0,14.0,96.0,17.784483492846924,0.694073083778966,0,3,28,60,0.0,0.05,0.4666666666666667
LNGN0168,terminal,total_route_exposure,44.28333333333333,41.5,14.0,96.0,17.77361562624157,0.7093137254901961,0,3,23,60,0.0,0.05,0.38333333333333336
LNGN0168,terminal,total_strength,50.55,47.5,19.0,96.0,18.676029229914217,0.7166666666666667,0,1,16,60,0.0,0.016666666666666666,0.26666666666666666
LNGN0168,terminal,total_voyages,44.95,42.5,13.0,96.0,18.82337619890289,0.7181372549019608,0,5,23,60,0.0,0.08333333333333333,0.38333333333333336
LNGN0170,terminal,betweenness,21.533333333333335,22.0,18.0,24.0,1.1118265116871402,0.44777183600713016,0,2,60,60,0.0,0.03333333333333333,1.0
LNGN0170,terminal,eigenvector,75.61666666666666,84.5,1.0,119.0,33.72274375444091,0.4185383244206774,7,8,8,60,0.11666666666666667,0.13333333333333333,0.13333333333333333
LNGN0170,terminal,node_throughput,85.01666666666667,87.0,36.0,123.0,18.32798329744472,0.4052584670231729,0,0,2,60,0.0,0.0,0.03333333333333333
LNGN0170,terminal,pagerank,73.65,83.5,11.0,123.0,28.359570769623577,0.4676470588235294,0,1,10,60,0.0,0.016666666666666666,0.16666666666666666
LNGN0170,terminal,share_monthly_network_flow,85.01666666666667,87.0,36.0,123.0,18.32798329744472,0.4052584670231729,0,0,2,60,0.0,0.0,0.03333333333333333
LNGN0170,terminal,total_degree,76.38333333333334,83.5,24.0,123.0,25.249998601555035,0.40971479500891267,0,0,5,60,0.0,0.0,0.08333333333333333
LNGN0170,terminal,total_route_exposure,79.31666666666666,83.5,21.0,123.0,22.690617538837177,0.4062834224598931,0,0,2,60,0.0,0.0,0.03333333333333333
LNGN0170,terminal,total_strength,85.53333333333333,87.5,38.0,123.0,17.653411507499264,0.4026737967914438,0,0,1,60,0.0,0.0,0.016666666666666666
LNGN0170,terminal,total_voyages,82.13333333333334,85.0,33.0,123.0,20.414739330221785,0.3964349376114082,0,0,2,60,0.0,0.0,0.03333333333333333
LNGN0173,terminal,betweenness,21.533333333333335,22.0,18.0,24.0,1.1118265116871402,0.44777183600713016,0,2,60,60,0.0,0.03333333333333333,1.0
LNGN0173,terminal,eigenvector,70.08333333333333,78.0,1.0,120.0,34.27371956918806,0.5148395721925134,8,8,9,60,0.13333333333333333,0.13333333333333333,0.15
LNGN0173,terminal,node_throughput,74.2,71.0,36.0,122.0,22.802616561129522,0.5469251336898395,0,0,2,60,0.0,0.0,0.03333333333333333
LNGN0173,terminal,pagerank,55.93333333333333,47.5,17.0,122.0,27.64230770288984,0.6446969696969697,0,2,19,60,0.0,0.03333333333333333,0.31666666666666665
LNGN0173,terminal,share_monthly_network_flow,74.2,71.0,36.0,122.0,22.802616561129522,0.5469251336898395,0,0,2,60,0.0,0.0,0.03333333333333333
LNGN0173,terminal,total_degree,58.333333333333336,55.0,21.0,122.0,25.76337346756783,0.567602495543672,0,0,16,60,0.0,0.0,0.26666666666666666
LNGN0173,terminal,total_route_exposure,63.25,58.5,21.0,122.0,24.18055318933735,0.557843137254902,0,0,9,60,0.0,0.0,0.15
LNGN0173,terminal,total_strength,74.93333333333334,72.0,38.0,122.0,22.26258293347958,0.5431372549019607,0,0,1,60,0.0,0.0,0.016666666666666666
LNGN0173,terminal,total_voyages,66.45,62.5,28.0,122.0,23.13733866886956,0.5532085561497326,0,0,6,60,0.0,0.0,0.1
LNGN0174,terminal,betweenness,21.533333333333335,22.0,18.0,24.0,1.1118265116871402,0.44777183600713016,0,2,60,60,0.0,0.03333333333333333,1.0
LNGN0174,terminal,eigenvector,84.53333333333333,93.5,1.0,127.0,33.62327012331357,0.29759358288770055,7,7,7,60,0.11666666666666667,0.11666666666666667,0.11666666666666667
LNGN0174,terminal,node_throughput,96.26666666666667,94.5,73.0,127.0,13.991361337996938,0.2697860962566845,0,0,0,60,0.0,0.0,0.0
LNGN0174,terminal,pagerank,93.85,94.0,53.0,127.0,17.000324024828252,0.2829322638146168,0,0,0,60,0.0,0.0,0.0
LNGN0174,terminal,share_monthly_network_flow,96.26666666666667,94.5,73.0,127.0,13.991361337996938,0.2697860962566845,0,0,0,60,0.0,0.0,0.0
LNGN0174,terminal,total_degree,93.85,94.0,51.0,127.0,16.98735821082993,0.2733511586452763,0,0,0,60,0.0,0.0,0.0
LNGN0174,terminal,total_route_exposure,94.48333333333333,94.0,52.0,127.0,15.899570047130693,0.2716577540106952,0,0,0,60,0.0,0.0,0.0
LNGN0174,terminal,total_strength,96.3,94.5,73.0,127.0,13.946994087178659,0.2696078431372549,0,0,0,60,0.0,0.0,0.0
LNGN0174,terminal,total_voyages,95.08333333333333,94.0,61.0,127.0,14.913640288898831,0.2700534759358289,0,0,0,60,0.0,0.0,0.0
LNGN0175,terminal,betweenness,21.533333333333335,22.0,18.0,24.0,1.1118265116871402,0.44777183600713016,0,2,60,60,0.0,0.03333333333333333,1.0
LNGN0175,terminal,eigenvector,60.71666666666667,73.0,1.0,120.0,38.6790757898221,0.48859180035650623,7,12,24,60,0.11666666666666667,0.2,0.4
LNGN0175,terminal,node_throughput,86.75,88.0,42.0,122.0,16.61082452876508,0.37923351158645274,0,0,0,60,0.0,0.0,0.0
LNGN0175,terminal,pagerank,81.15,86.5,29.0,122.0,21.928871921027163,0.40931372549019607,0,0,2,60,0.0,0.0,0.03333333333333333
LNGN0175,terminal,share_monthly_network_flow,86.75,88.0,42.0,122.0,16.61082452876508,0.37923351158645274,0,0,0,60,0.0,0.0,0.0
LNGN0175,terminal,total_degree,78.86666666666666,86.0,24.0,122.0,24.08773980761889,0.3871212121212121,0,0,6,60,0.0,0.0,0.1
LNGN0175,terminal,total_route_exposure,81.76666666666667,86.0,33.0,122.0,20.802840962003135,0.37825311942959,0,0,2,60,0.0,0.0,0.03333333333333333
LNGN0175,terminal,total_strength,87.21666666666667,88.5,45.0,122.0,16.01280384584941,0.3767825311942959,0,0,0,60,0.0,0.0,0.0
LNGN0175,terminal,total_voyages,84.91666666666667,87.0,44.0,122.0,17.494107159576178,0.36760249554367197,0,0,0,60,0.0,0.0,0.0
LNGN0176,terminal,betweenness,21.533333333333335,22.0,18.0,24.0,1.1118265116871402,0.44777183600713016,0,2,60,60,0.0,0.03333333333333333,1.0
LNGN0176,terminal,eigenvector,83.95,94.5,1.0,125.0,33.86935267830575,0.29139928698752227,7,7,8,60,0.11666666666666667,0.11666666666666667,0.13333333333333333
LNGN0176,terminal,node_throughput,97.36666666666666,95.0,73.0,125.0,13.203706036842256,0.25102495543672015,0,0,0,60,0.0,0.0,0.0
LNGN0176,terminal,pagerank,96.31666666666666,95.0,73.0,125.0,12.617571372678373,0.25663992869875224,0,0,0,60,0.0,0.0,0.0
LNGN0176,terminal,share_monthly_network_flow,97.36666666666666,95.0,73.0,125.0,13.203706036842256,0.25102495543672015,0,0,0,60,0.0,0.0,0.0
LNGN0176,terminal,total_degree,95.65,95.0,67.0,125.0,13.539427672354373,0.2552584670231729,0,0,0,60,0.0,0.0,0.0
LNGN0176,terminal,total_route_exposure,96.06666666666666,95.0,73.0,125.0,12.860222032860214,0.254144385026738,0,0,0,60,0.0,0.0,0.0
LNGN0176,terminal,total_strength,97.36666666666666,95.0,73.0,125.0,13.203706036842256,0.25102495543672015,0,0,0,60,0.0,0.0,0.0
LNGN0176,terminal,total_voyages,96.4,95.0,73.0,125.0,12.566028996694332,0.25325311942959,0,0,0,60,0.0,0.0,0.0
LNGN0178,terminal,betweenness,21.533333333333335,22.0,18.0,24.0,1.1118265116871402,0.44777183600713016,0,2,60,60,0.0,0.03333333333333333,1.0
LNGN0178,terminal,eigenvector,64.8,71.0,1.0,101.0,27.510121403967258,0.5688948306595365,7,7,8,60,0.11666666666666667,0.11666666666666667,0.13333333333333333
LNGN0178,terminal,node_throughput,61.93333333333333,62.0,24.0,100.0,18.097538615922392,0.6462121212121212,0,0,6,60,0.0,0.0,0.1
LNGN0178,terminal,pagerank,64.18333333333334,65.0,34.0,100.0,14.459167131072723,0.6346702317290552,0,0,2,60,0.0,0.0,0.03333333333333333
LNGN0178,terminal,share_monthly_network_flow,61.93333333333333,62.0,24.0,100.0,18.097538615922392,0.6462121212121212,0,0,6,60,0.0,0.0,0.1
LNGN0178,terminal,total_degree,42.78333333333333,40.0,18.0,100.0,18.61846328624473,0.6844919786096256,0,2,27,60,0.0,0.03333333333333333,0.45
LNGN0178,terminal,total_route_exposure,51.45,50.0,24.0,100.0,16.48977597981267,0.645187165775401,0,0,12,60,0.0,0.0,0.2
LNGN0178,terminal,total_strength,63.55,64.5,29.0,100.0,17.04572614062003,0.6377005347593584,0,0,3,60,0.0,0.0,0.05
LNGN0178,terminal,total_voyages,54.266666666666666,53.0,24.0,100.0,16.0442889851669,0.6453654188948306,0,0,9,60,0.0,0.0,0.15
LNGN0180,terminal,betweenness,21.533333333333335,22.0,18.0,24.0,1.1118265116871402,0.44777183600713016,0,2,60,60,0.0,0.03333333333333333,1.0
LNGN0180,terminal,eigenvector,84.23333333333333,94.0,1.0,127.0,33.75252239998636,0.2992869875222816,7,7,7,60,0.11666666666666667,0.11666666666666667,0.11666666666666667
LNGN0180,terminal,node_throughput,95.98333333333333,95.0,61.0,127.0,13.922901103622156,0.267602495543672,0,0,0,60,0.0,0.0,0.0
LNGN0180,terminal,pagerank,95.8,94.5,58.0,127.0,13.998547140110588,0.264349376114082,0,0,0,60,0.0,0.0,0.0
LNGN0180,terminal,share_monthly_network_flow,95.98333333333333,95.0,61.0,127.0,13.922901103622156,0.267602495543672,0,0,0,60,0.0,0.0,0.0
LNGN0180,terminal,total_degree,94.26666666666667,94.5,33.0,127.0,16.955441770998405,0.26844919786096255,0,0,1,60,0.0,0.0,0.016666666666666666
LNGN0180,terminal,total_route_exposure,94.63333333333334,94.5,40.0,127.0,16.233431362016805,0.2694295900178253,0,0,0,60,0.0,0.0,0.0
LNGN0180,terminal,total_strength,96.05,95.0,64.0,127.0,13.771039373399848,0.26724598930481286,0,0,0,60,0.0,0.0,0.0
LNGN0180,terminal,total_voyages,95.08333333333333,94.5,44.0,127.0,15.444039678203398,0.2678698752228164,0,0,0,60,0.0,0.0,0.0
LNGN0181,terminal,betweenness,21.533333333333335,22.0,18.0,24.0,1.1118265116871402,0.44777183600713016,0,2,60,60,0.0,0.03333333333333333,1.0
LNGN0181,terminal,eigenvector,27.933333333333334,22.5,1.0,116.0,20.79835934424707,0.7897058823529411,7,19,48,60,0.11666666666666667,0.31666666666666665,0.8
LNGN0181,terminal,node_throughput,41.733333333333334,37.5,15.0,118.0,20.091204472981236,0.7694295900178253,0,6,32,60,0.0,0.1,0.5333333333333333
LNGN0181,terminal,pagerank,26.533333333333335,23.0,5.0,118.0,18.845011628461155,0.8508021390374332,8,22,53,60,0.13333333333333333,0.36666666666666664,0.8833333333333333
LNGN0181,terminal,share_monthly_network_flow,41.733333333333334,37.5,15.0,118.0,20.091204472981236,0.7694295900178253,0,6,32,60,0.0,0.1,0.5333333333333333
LNGN0181,terminal,total_degree,42.8,39.5,18.0,118.0,17.59506864658294,0.6929144385026739,0,1,29,60,0.0,0.016666666666666666,0.48333333333333334
LNGN0181,terminal,total_route_exposure,42.86666666666667,40.0,21.0,118.0,18.025844597308822,0.7184491978609626,0,0,27,60,0.0,0.0,0.45
LNGN0181,terminal,total_strength,44.416666666666664,39.0,20.0,118.0,18.609539804933718,0.7551247771836007,0,0,29,60,0.0,0.0,0.48333333333333334
LNGN0181,terminal,total_voyages,42.36666666666667,41.0,16.0,118.0,17.638523581192782,0.7358734402852051,0,4,27,60,0.0,0.06666666666666667,0.45
LNGN0182,terminal,betweenness,21.533333333333335,22.0,18.0,24.0,1.1118265116871402,0.44777183600713016,0,2,60,60,0.0,0.03333333333333333,1.0
LNGN0182,terminal,eigenvector,83.81666666666666,94.5,1.0,127.0,32.466666956693224,0.3221033868092692,7,7,7,60,0.11666666666666667,0.11666666666666667,0.11666666666666667
LNGN0182,terminal,node_throughput,92.38333333333334,91.5,70.0,127.0,11.134146084884465,0.31648841354723706,0,0,0,60,0.0,0.0,0.0
LNGN0182,terminal,pagerank,82.61666666666666,88.5,21.0,127.0,22.050859291198286,0.36907308377896614,0,0,6,60,0.0,0.0,0.1
LNGN0182,terminal,share_monthly_network_flow,92.38333333333334,91.5,70.0,127.0,11.134146084884465,0.31648841354723706,0,0,0,60,0.0,0.0,0.0
LNGN0182,terminal,total_degree,85.61666666666666,88.0,45.0,127.0,15.28053116774288,0.32401960784313727,0,0,0,60,0.0,0.0,0.0
LNGN0182,terminal,total_route_exposure,87.26666666666667,88.0,55.0,127.0,13.449045919997154,0.3246434937611408,0,0,0,60,0.0,0.0,0.0
LNGN0182,terminal,total_strength,92.5,91.5,71.0,127.0,11.02770009981798,0.3158645276292335,0,0,0,60,0.0,0.0,0.0
LNGN0182,terminal,total_voyages,89.15,89.0,59.0,127.0,11.654380132430317,0.3189839572192514,0,0,0,60,0.0,0.0,0.0
LNGN0186,terminal,betweenness,21.533333333333335,22.0,18.0,24.0,1.1118265116871402,0.44777183600713016,0,2,60,60,0.0,0.03333333333333333,1.0
LNGN0186,terminal,eigenvector,53.53333333333333,54.0,1.0,112.0,31.39279128450938,0.6314171122994652,7,12,18,60,0.11666666666666667,0.2,0.3
LNGN0186,terminal,node_throughput,59.166666666666664,59.5,15.0,114.0,25.685296635951786,0.6589126559714794,0,2,16,60,0.0,0.03333333333333333,0.26666666666666666
LNGN0186,terminal,pagerank,50.666666666666664,47.0,13.0,114.0,22.330845632592297,0.7055258467023172,0,2,20,60,0.0,0.03333333333333333,0.3333333333333333
LNGN0186,terminal,share_monthly_network_flow,59.166666666666664,59.5,15.0,114.0,25.685296635951786,0.6589126559714794,0,2,16,60,0.0,0.03333333333333333,0.26666666666666666
LNGN0186,terminal,total_degree,47.81666666666667,43.5,15.0,114.0,22.679410259473553,0.6556149732620321,0,2,25,60,0.0,0.03333333333333333,0.4166666666666667
LNGN0186,terminal,total_route_exposure,50.25,44.0,14.0,114.0,24.03643068344383,0.6612299465240642,0,2,25,60,0.0,0.03333333333333333,0.4166666666666667
LNGN0186,terminal,total_strength,61.233333333333334,61.0,25.0,114.0,24.118609923309606,0.6479946524064172,0,0,15,60,0.0,0.0,0.25
LNGN0186,terminal,total_voyages,53.233333333333334,52.0,14.0,114.0,23.975528955594804,0.6550356506238859,0,3,19,60,0.0,0.05,0.31666666666666665
LNGN0190,terminal,betweenness,21.533333333333335,22.0,18.0,24.0,1.1118265116871402,0.44777183600713016,0,2,60,60,0.0,0.03333333333333333,1.0
LNGN0190,terminal,eigenvector,84.11666666666666,94.5,1.0,127.0,34.70119016503693,0.30329768270944746,7,7,7,60,0.11666666666666667,0.11666666666666667,0.11666666666666667
LNGN0190,terminal,node_throughput,97.01666666666667,95.0,56.0,127.0,14.400437454121198,0.26573083778966133,0,0,0,60,0.0,0.0,0.0
LNGN0190,terminal,pagerank,94.36666666666666,95.0,22.0,127.0,20.524451450517084,0.27994652406417114,0,0,2,60,0.0,0.0,0.03333333333333333
LNGN0190,terminal,share_monthly_network_flow,97.01666666666667,95.0,56.0,127.0,14.400437454121198,0.26573083778966133,0,0,0,60,0.0,0.0,0.0
LNGN0190,terminal,total_degree,94.81666666666666,95.0,33.0,127.0,18.99196232010694,0.27045454545454545,0,0,1,60,0.0,0.0,0.016666666666666666
LNGN0190,terminal,total_route_exposure,95.2,95.0,38.0,127.0,18.030858670811543,0.2694295900178253,0,0,1,60,0.0,0.0,0.016666666666666666
LNGN0190,terminal,total_strength,97.08333333333333,95.0,59.0,127.0,14.22851239489749,0.26537433155080214,0,0,0,60,0.0,0.0,0.0
LNGN0190,terminal,total_voyages,95.55,95.0,42.0,127.0,17.183382788839825,0.26849376114081996,0,0,0,60,0.0,0.0,0.0
LNGN0191,terminal,betweenness,21.533333333333335,22.0,18.0,24.0,1.1118265116871402,0.44777183600713016,0,2,60,60,0.0,0.03333333333333333,1.0
LNGN0191,terminal,eigenvector,41.25,20.0,1.0,120.0,38.10984347240913,0.6414438502673796,14,29,37,60,0.23333333333333334,0.48333333333333334,0.6166666666666667
LNGN0191,terminal,node_throughput,74.55,77.5,17.0,123.0,24.551864853746043,0.49665775401069523,0,2,7,60,0.0,0.03333333333333333,0.11666666666666667
LNGN0191,terminal,pagerank,76.45,76.5,34.0,123.0,19.290311083414785,0.48663101604278075,0,0,1,60,0.0,0.0,0.016666666666666666
LNGN0191,terminal,share_monthly_network_flow,74.55,77.5,17.0,123.0,24.551864853746043,0.49665775401069523,0,2,7,60,0.0,0.03333333333333333,0.11666666666666667
LNGN0191,terminal,total_degree,66.6,63.0,24.0,123.0,25.767671244331186,0.48440285204991085,0,0,10,60,0.0,0.0,0.16666666666666666
LNGN0191,terminal,total_route_exposure,71.76666666666667,73.0,27.0,123.0,22.554917286155383,0.4672459893048128,0,0,5,60,0.0,0.0,0.08333333333333333
LNGN0191,terminal,total_strength,75.41666666666667,78.0,20.0,123.0,23.479736425242724,0.4920231729055259,0,0,6,60,0.0,0.0,0.1
LNGN0191,terminal,total_voyages,71.03333333333333,74.5,15.0,123.0,24.909304412762783,0.4887254901960784,0,2,7,60,0.0,0.03333333333333333,0.11666666666666667
LNGN0195,terminal,betweenness,21.533333333333335,22.0,18.0,24.0,1.1118265116871402,0.44777183600713016,0,2,60,60,0.0,0.03333333333333333,1.0
LNGN0195,terminal,eigenvector,24.35,17.0,1.0,96.0,23.885904644328754,0.7845365418894831,12,38,51,60,0.2,0.6333333333333333,0.85
LNGN0195,terminal,node_throughput,48.65,46.0,20.0,96.0,19.145141437920124,0.7086007130124777,0,0,22,60,0.0,0.0,0.36666666666666664
LNGN0195,terminal,pagerank,39.38333333333333,34.0,6.0,96.0,24.617818864589072,0.7585115864527628,7,10,36,60,0.11666666666666667,0.16666666666666666,0.6
LNGN0195,terminal,share_monthly_network_flow,48.65,46.0,20.0,96.0,19.145141437920124,0.7086007130124777,0,0,22,60,0.0,0.0,0.36666666666666664
LNGN0195,terminal,total_degree,42.2,35.5,13.0,96.0,20.71665178104196,0.6878342245989305,0,4,37,60,0.0,0.06666666666666667,0.6166666666666667
LNGN0195,terminal,total_route_exposure,45.35,41.0,17.0,96.0,20.396763618321778,0.68698752228164,0,3,23,60,0.0,0.05,0.38333333333333336
LNGN0195,terminal,total_strength,51.05,48.0,26.0,96.0,17.68406828720249,0.6957664884135473,0,0,16,60,0.0,0.0,0.26666666666666666
LNGN0195,terminal,total_voyages,47.483333333333334,44.5,20.0,96.0,19.24814907823226,0.6855614973262032,0,0,23,60,0.0,0.0,0.38333333333333336
LNGN0199,terminal,betweenness,21.533333333333335,22.0,18.0,24.0,1.1118265116871402,0.44777183600713016,0,2,60,60,0.0,0.03333333333333333,1.0
LNGN0199,terminal,eigenvector,83.1,93.5,1.0,120.0,32.833787888677165,0.3391711229946524,7,7,7,60,0.11666666666666667,0.11666666666666667,0.11666666666666667
LNGN0199,terminal,node_throughput,93.48333333333333,94.0,63.0,122.0,14.415730187408418,0.3232174688057041,0,0,0,60,0.0,0.0,0.0
LNGN0199,terminal,pagerank,86.03333333333333,91.0,21.0,122.0,21.812736651460966,0.36341354723707664,0,0,1,60,0.0,0.0,0.016666666666666666
LNGN0199,terminal,share_monthly_network_flow,93.48333333333333,94.0,63.0,122.0,14.415730187408418,0.3232174688057041,0,0,0,60,0.0,0.0,0.0
LNGN0199,terminal,total_degree,85.75,91.0,35.0,122.0,22.206751912616003,0.3356951871657754,0,0,1,60,0.0,0.0,0.016666666666666666
LNGN0199,terminal,total_route_exposure,87.78333333333333,91.0,41.0,122.0,19.754503169663003,0.32999108734402854,0,0,0,60,0.0,0.0,0.0
LNGN0199,terminal,total_strength,93.63333333333334,94.0,65.0,122.0,14.163652055455998,0.3224153297682709,0,0,0,60,0.0,0.0,0.0
LNGN0199,terminal,total_voyages,88.93333333333334,92.0,48.0,122.0,18.34219611148268,0.329144385026738,0,0,0,60,0.0,0.0,0.0
LNGN0206,terminal,betweenness,21.533333333333335,22.0,18.0,24.0,1.1118265116871402,0.44777183600713016,0,2,60,60,0.0,0.03333333333333333,1.0
LNGN0206,terminal,eigenvector,61.5,82.5,1.0,118.0,41.44078888065293,0.46327985739750444,10,19,23,60,0.16666666666666666,0.31666666666666665,0.38333333333333336
LNGN0206,terminal,node_throughput,88.38333333333334,91.0,19.0,118.0,19.405653262157227,0.35022281639928704,0,1,3,60,0.0,0.016666666666666666,0.05
LNGN0206,terminal,pagerank,90.58333333333333,90.5,53.0,118.0,12.5661526367618,0.3208110516934047,0,0,0,60,0.0,0.0,0.0
LNGN0206,terminal,share_monthly_network_flow,88.38333333333334,91.0,19.0,118.0,19.405653262157227,0.35022281639928704,0,1,3,60,0.0,0.016666666666666666,0.05
LNGN0206,terminal,total_degree,84.88333333333334,88.5,33.0,118.0,18.637570645017625,0.3360516934046346,0,0,1,60,0.0,0.0,0.016666666666666666
LNGN0206,terminal,total_route_exposure,84.43333333333334,88.5,14.0,118.0,21.52205543289249,0.35276292335115866,0,2,3,60,0.0,0.03333333333333333,0.05
LNGN0206,terminal,total_strength,88.66666666666667,91.0,25.0,118.0,18.617166004966954,0.3487522281639929,0,0,3,60,0.0,0.0,0.05
LNGN0206,terminal,total_voyages,86.2,89.5,20.0,118.0,19.841575935222995,0.3466577540106952,0,0,3,60,0.0,0.0,0.05
LNGN0207,terminal,betweenness,21.533333333333335,22.0,18.0,24.0,1.1118265116871402,0.44777183600713016,0,2,60,60,0.0,0.03333333333333333,1.0
LNGN0207,terminal,eigenvector,76.55,87.0,1.0,117.0,31.02892308470615,0.4982174688057041,7,7,7,60,0.11666666666666667,0.11666666666666667,0.11666666666666667
LNGN0207,terminal,node_throughput,75.45,75.5,39.0,111.0,17.644728410433697,0.5577985739750446,0,0,0,60,0.0,0.0,0.0
LNGN0207,terminal,pagerank,47.05,40.0,13.0,103.0,23.054412423728998,0.7101604278074867,0,5,27,60,0.0,0.08333333333333333,0.45
LNGN0207,terminal,share_monthly_network_flow,75.45,75.5,39.0,111.0,17.644728410433697,0.5577985739750446,0,0,0,60,0.0,0.0,0.0
LNGN0207,terminal,total_degree,60.45,59.5,21.0,103.0,16.7872277922578,0.5474153297682709,0,0,3,60,0.0,0.0,0.05
LNGN0207,terminal,total_route_exposure,61.266666666666666,57.0,26.0,103.0,18.70726013933906,0.5713903743315508,0,0,6,60,0.0,0.0,0.1
LNGN0207,terminal,total_strength,76.23333333333333,76.0,43.0,111.0,17.03970106631506,0.5537433155080215,0,0,0,60,0.0,0.0,0.0
LNGN0207,terminal,total_voyages,63.61666666666667,62.0,29.0,103.0,17.9868988731645,0.575445632798574,0,0,4,60,0.0,0.0,0.06666666666666667
LNGN0208,terminal,betweenness,21.533333333333335,22.0,18.0,24.0,1.1118265116871402,0.44777183600713016,0,2,60,60,0.0,0.03333333333333333,1.0
LNGN0208,terminal,eigenvector,45.05,15.0,1.0,115.0,41.78898768246755,0.6084670231729056,20,31,33,60,0.3333333333333333,0.5166666666666667,0.55
LNGN0208,terminal,node_throughput,70.68333333333334,77.0,11.0,117.0,27.153981302287367,0.5091800356506239,0,5,8,60,0.0,0.08333333333333333,0.13333333333333333
LNGN0208,terminal,pagerank,72.98333333333333,75.5,13.0,117.0,23.64604217907224,0.4974598930481283,0,1,7,60,0.0,0.016666666666666666,0.11666666666666667
LNGN0208,terminal,share_monthly_network_flow,70.68333333333334,77.0,11.0,117.0,27.153981302287367,0.5091800356506239,0,5,8,60,0.0,0.08333333333333333,0.13333333333333333
LNGN0208,terminal,total_degree,70.13333333333334,67.0,24.0,117.0,23.875004067204667,0.45668449197860966,0,0,4,60,0.0,0.0,0.06666666666666667
LNGN0208,terminal,total_route_exposure,73.81666666666666,76.5,27.0,117.0,22.14091363284666,0.44915329768270945,0,0,4,60,0.0,0.0,0.06666666666666667
LNGN0208,terminal,total_strength,71.66666666666667,78.0,12.0,117.0,26.020635010077733,0.5040106951871658,0,4,7,60,0.0,0.06666666666666667,0.11666666666666667
LNGN0208,terminal,total_voyages,71.86666666666666,77.0,12.0,117.0,25.443501162623622,0.4786541889483066,0,4,6,60,0.0,0.06666666666666667,0.1
LNGN0210,terminal,betweenness,21.533333333333335,22.0,18.0,24.0,1.1118265116871402,0.44777183600713016,0,2,60,60,0.0,0.03333333333333333,1.0
LNGN0210,terminal,eigenvector,40.05,34.5,1.0,100.0,28.188484846938856,0.680704099821747,7,11,40,60,0.11666666666666667,0.18333333333333332,0.6666666666666666
LNGN0210,terminal,node_throughput,67.91666666666667,70.0,20.0,100.0,21.334536071321793,0.5778520499108735,0,0,6,60,0.0,0.0,0.1
LNGN0210,terminal,pagerank,60.833333333333336,59.0,26.0,100.0,21.576169109606273,0.6159982174688057,0,0,12,60,0.0,0.0,0.2
LNGN0210,terminal,share_monthly_network_flow,67.91666666666667,70.0,20.0,100.0,21.334536071321793,0.5778520499108735,0,0,6,60,0.0,0.0,0.1
LNGN0210,terminal,total_degree,60.983333333333334,59.0,25.0,100.0,20.89967290853175,0.5397058823529411,0,0,7,60,0.0,0.0,0.11666666666666667
LNGN0210,terminal,total_route_exposure,66.66666666666667,65.5,30.0,100.0,19.074045429314367,0.5224153297682709,0,0,4,60,0.0,0.0,0.06666666666666667
LNGN0210,terminal,total_strength,69.53333333333333,71.0,28.0,100.0,19.60496881558058,0.5692067736185383,0,0,4,60,0.0,0.0,0.06666666666666667
LNGN0210,terminal,total_voyages,64.58333333333333,66.0,18.0,100.0,20.84916912270953,0.5586452762923351,0,2,5,60,0.0,0.03333333333333333,0.08333333333333333
LNGN0212,terminal,betweenness,21.533333333333335,22.0,18.0,24.0,1.1118265116871402,0.44777183600713016,0,2,60,60,0.0,0.03333333333333333,1.0
LNGN0212,terminal,eigenvector,85.65,95.0,1.0,127.0,33.7733346827526,0.2839126559714795,7,7,7,60,0.11666666666666667,0.11666666666666667,0.11666666666666667
LNGN0212,terminal,node_throughput,96.68333333333334,95.0,65.0,127.0,13.958159835332902,0.26501782531194296,0,0,0,60,0.0,0.0,0.0
LNGN0212,terminal,pagerank,94.61666666666666,95.0,29.0,127.0,17.550017303257363,0.27611408199643495,0,0,1,60,0.0,0.0,0.016666666666666666
LNGN0212,terminal,share_monthly_network_flow,96.68333333333334,95.0,65.0,127.0,13.958159835332902,0.26501782531194296,0,0,0,60,0.0,0.0,0.0
LNGN0212,terminal,total_degree,94.76666666666667,95.0,48.0,127.0,16.802306809610812,0.2680926916221034,0,0,0,60,0.0,0.0,0.0
LNGN0212,terminal,total_route_exposure,95.45,95.0,54.0,127.0,15.396923531578901,0.2662655971479501,0,0,0,60,0.0,0.0,0.0
LNGN0212,terminal,total_strength,96.71666666666667,95.0,66.0,127.0,13.912671539949867,0.26483957219251336,0,0,0,60,0.0,0.0,0.0
LNGN0212,terminal,total_voyages,95.9,95.0,58.0,127.0,14.702357703235835,0.26506238859180037,0,0,0,60,0.0,0.0,0.0
LNGN0219,terminal,betweenness,21.533333333333335,22.0,18.0,24.0,1.1118265116871402,0.44777183600713016,0,2,60,60,0.0,0.03333333333333333,1.0
LNGN0219,terminal,eigenvector,84.71666666666667,94.0,1.0,127.0,33.21531792159707,0.2911319073083779,7,7,7,60,0.11666666666666667,0.11666666666666667,0.11666666666666667
LNGN0219,terminal,node_throughput,96.36666666666666,95.0,73.0,127.0,12.627608529533266,0.25980392156862747,0,0,0,60,0.0,0.0,0.0
LNGN0219,terminal,pagerank,95.91666666666667,94.5,73.0,127.0,12.873954348411052,0.2624331550802139,0,0,0,60,0.0,0.0,0.0
LNGN0219,terminal,share_monthly_network_flow,96.36666666666666,95.0,73.0,127.0,12.627608529533266,0.25980392156862747,0,0,0,60,0.0,0.0,0.0
LNGN0219,terminal,total_degree,94.95,94.5,63.0,127.0,14.260797277258062,0.2608288770053476,0,0,0,60,0.0,0.0,0.0
LNGN0219,terminal,total_route_exposure,95.6,94.5,73.0,127.0,13.20015408230564,0.2590909090909091,0,0,0,60,0.0,0.0,0.0
LNGN0219,terminal,total_strength,96.38333333333334,95.0,73.0,127.0,12.623749029033435,0.25971479500891265,0,0,0,60,0.0,0.0,0.0
LNGN0219,terminal,total_voyages,96.03333333333333,94.5,73.0,127.0,12.79561188907429,0.25793226381461676,0,0,0,60,0.0,0.0,0.0
LNGN0222,terminal,betweenness,21.533333333333335,22.0,18.0,24.0,1.1118265116871402,0.44777183600713016,0,2,60,60,0.0,0.03333333333333333,1.0
LNGN0222,terminal,eigenvector,83.05,90.5,1.0,127.0,33.890364112251966,0.36925133689839573,7,7,7,60,0.11666666666666667,0.11666666666666667,0.11666666666666667
LNGN0222,terminal,node_throughput,96.21666666666667,94.0,73.0,127.0,13.830807747122117,0.36581996434937614,0,0,0,60,0.0,0.0,0.0
LNGN0222,terminal,pagerank,77.46666666666667,79.5,22.0,127.0,30.32729187989527,0.46684491978609627,0,0,11,60,0.0,0.0,0.18333333333333332
LNGN0222,terminal,share_monthly_network_flow,96.21666666666667,94.0,73.0,127.0,13.830807747122117,0.36581996434937614,0,0,0,60,0.0,0.0,0.0
LNGN0222,terminal,total_degree,76.0,75.5,18.0,127.0,29.516441841506754,0.4304812834224599,0,1,5,60,0.0,0.016666666666666666,0.08333333333333333
LNGN0222,terminal,total_route_exposure,79.3,79.0,24.0,127.0,26.691774902722887,0.4198752228163993,0,0,3,60,0.0,0.0,0.05
LNGN0222,terminal,total_strength,96.21666666666667,94.0,73.0,127.0,13.830807747122117,0.36581996434937614,0,0,0,60,0.0,0.0,0.0
LNGN0222,terminal,total_voyages,80.36666666666666,80.5,33.0,127.0,26.265248463248128,0.42571301247771837,0,0,5,60,0.0,0.0,0.08333333333333333
LNGN0230,terminal,betweenness,21.533333333333335,22.0,18.0,24.0,1.1118265116871402,0.44777183600713016,0,2,60,60,0.0,0.03333333333333333,1.0
LNGN0230,terminal,eigenvector,22.583333333333332,14.0,1.0,100.0,24.486102365210115,0.808288770053476,16,41,51,60,0.26666666666666666,0.6833333333333333,0.85
LNGN0230,terminal,node_throughput,43.25,40.0,9.0,100.0,22.692211013428505,0.7518270944741533,2,7,27,60,0.03333333333333333,0.11666666666666667,0.45
LNGN0230,terminal,pagerank,39.43333333333333,38.0,3.0,100.0,23.052163887301464,0.7724153297682709,5,15,31,60,0.08333333333333333,0.25,0.5166666666666667
LNGN0230,terminal,share_monthly_network_flow,43.25,40.0,9.0,100.0,22.692211013428505,0.7518270944741533,2,7,27,60,0.03333333333333333,0.11666666666666667,0.45
LNGN0230,terminal,total_degree,38.833333333333336,34.0,9.0,100.0,20.850693332102374,0.7209893048128342,1,10,35,60,0.016666666666666666,0.16666666666666666,0.5833333333333334
LNGN0230,terminal,total_route_exposure,43.2,41.0,11.0,100.0,20.75506881115869,0.7090909090909091,0,8,23,60,0.0,0.13333333333333333,0.38333333333333336
LNGN0230,terminal,total_strength,45.53333333333333,43.0,10.0,100.0,21.62975560850413,0.7396167557932264,1,5,25,60,0.016666666666666666,0.08333333333333333,0.4166666666666667
LNGN0230,terminal,total_voyages,43.43333333333333,40.5,10.0,100.0,21.503934733893423,0.7246434937611408,2,6,25,60,0.03333333333333333,0.1,0.4166666666666667
LNGN0232,terminal,betweenness,21.533333333333335,22.0,18.0,24.0,1.1118265116871402,0.44777183600713016,0,2,60,60,0.0,0.03333333333333333,1.0
LNGN0232,terminal,eigenvector,52.53333333333333,53.5,1.0,118.0,29.867201367287898,0.6339126559714795,7,10,16,60,0.11666666666666667,0.16666666666666666,0.26666666666666666
LNGN0232,terminal,node_throughput,60.6,58.0,19.0,118.0,19.182619251706278,0.6571301247771836,0,1,4,60,0.0,0.016666666666666666,0.06666666666666667
LNGN0232,terminal,pagerank,52.53333333333333,51.5,17.0,118.0,20.381502636398384,0.7009803921568628,0,2,13,60,0.0,0.03333333333333333,0.21666666666666667
LNGN0232,terminal,share_monthly_network_flow,60.6,58.0,19.0,118.0,19.182619251706278,0.6571301247771836,0,1,4,60,0.0,0.016666666666666666,0.06666666666666667
LNGN0232,terminal,total_degree,47.65,43.5,23.0,118.0,20.81706031119668,0.6564616755793227,0,0,19,60,0.0,0.0,0.31666666666666665
LNGN0232,terminal,total_route_exposure,53.083333333333336,50.0,21.0,118.0,19.850536146682145,0.642825311942959,0,0,13,60,0.0,0.0,0.21666666666666667
LNGN0232,terminal,total_strength,62.2,60.5,26.0,118.0,18.331042486559998,0.6485739750445633,0,0,3,60,0.0,0.0,0.05
LNGN0232,terminal,total_voyages,55.2,52.5,16.0,118.0,18.952035801384216,0.646524064171123,0,2,7,60,0.0,0.03333333333333333,0.11666666666666667
LNGN0237,terminal,betweenness,21.533333333333335,22.0,18.0,24.0,1.1118265116871402,0.44777183600713016,0,2,60,60,0.0,0.03333333333333333,1.0
LNGN0237,terminal,eigenvector,76.86666666666666,86.5,1.0,127.0,32.67532457617204,0.40699643493761145,7,7,7,60,0.11666666666666667,0.11666666666666667,0.11666666666666667
LNGN0237,terminal,node_throughput,86.65,88.5,46.0,127.0,19.70530772513774,0.40111408199643495,0,0,0,60,0.0,0.0,0.0
LNGN0237,terminal,pagerank,78.8,85.0,11.0,127.0,26.643153475492422,0.4443404634581105,0,1,5,60,0.0,0.016666666666666666,0.08333333333333333
LNGN0237,terminal,share_monthly_network_flow,86.65,88.5,46.0,127.0,19.70530772513774,0.40111408199643495,0,0,0,60,0.0,0.0,0.0
LNGN0237,terminal,total_degree,80.05,85.0,33.0,127.0,24.43214401187397,0.39220142602495545,0,0,2,60,0.0,0.0,0.03333333333333333
LNGN0237,terminal,total_route_exposure,81.41666666666667,85.0,40.0,127.0,23.478292654890826,0.39425133689839575,0,0,0,60,0.0,0.0,0.0
LNGN0237,terminal,total_strength,87.16666666666667,88.5,51.0,127.0,18.97649452962186,0.3984848484848485,0,0,0,60,0.0,0.0,0.0
LNGN0237,terminal,total_voyages,84.65,87.5,44.0,127.0,20.470586587937277,0.38475935828877006,0,0,0,60,0.0,0.0,0.0
LNGN0238,terminal,betweenness,21.533333333333335,22.0,18.0,24.0,1.1118265116871402,0.44777183600713016,0,2,60,60,0.0,0.03333333333333333,1.0
LNGN0238,terminal,eigenvector,62.88333333333333,82.5,1.0,118.0,40.93653279790711,0.4570409982174688,8,17,22,60,0.13333333333333333,0.2833333333333333,0.36666666666666664
LNGN0238,terminal,node_throughput,86.46666666666667,90.0,16.0,118.0,20.864751450888285,0.3607397504456328,0,1,2,60,0.0,0.016666666666666666,0.03333333333333333
LNGN0238,terminal,pagerank,86.05,89.0,23.0,118.0,19.2137177337584,0.36341354723707664,0,0,2,60,0.0,0.0,0.03333333333333333
LNGN0238,terminal,share_monthly_network_flow,86.46666666666667,90.0,16.0,118.0,20.864751450888285,0.3607397504456328,0,1,2,60,0.0,0.016666666666666666,0.03333333333333333
LNGN0238,terminal,total_degree,84.68333333333334,89.0,33.0,118.0,19.40600262426827,0.33707664884135474,0,0,1,60,0.0,0.0,0.016666666666666666
LNGN0238,terminal,total_route_exposure,84.33333333333333,89.0,13.0,118.0,22.828518194089007,0.35066844919786094,0,1,6,60,0.0,0.016666666666666666,0.1
LNGN0238,terminal,total_strength,87.06666666666666,90.0,22.0,118.0,19.679522753847685,0.3575311942959002,0,0,2,60,0.0,0.0,0.03333333333333333
LNGN0238,terminal,total_voyages,85.93333333333334,89.0,17.0,118.0,20.562320869688385,0.34893048128342247,0,1,2,60,0.0,0.016666666666666666,0.03333333333333333
LNGN0241,terminal,betweenness,21.533333333333335,22.0,18.0,24.0,1.1118265116871402,0.44777183600713016,0,2,60,60,0.0,0.03333333333333333,1.0
LNGN0241,terminal,eigenvector,84.11666666666666,93.5,1.0,127.0,33.69207102149575,0.3364973262032086,7,7,7,60,0.11666666666666667,0.11666666666666667,0.11666666666666667
LNGN0241,terminal,node_throughput,95.73333333333333,95.0,71.0,127.0,14.410291363298006,0.3087789661319073,0,0,0,60,0.0,0.0,0.0
LNGN0241,terminal,pagerank,89.75,94.0,45.0,127.0,21.736967652178727,0.3408645276292335,0,0,0,60,0.0,0.0,0.0
LNGN0241,terminal,share_monthly_network_flow,95.73333333333333,95.0,71.0,127.0,14.410291363298006,0.3087789661319073,0,0,0,60,0.0,0.0,0.0
LNGN0241,terminal,total_degree,88.23333333333333,94.0,38.0,127.0,24.146703229139963,0.32477718360071306,0,0,1,60,0.0,0.0,0.016666666666666666
LNGN0241,terminal,total_route_exposure,89.58333333333333,94.0,40.0,127.0,22.240817314169455,0.3211675579322638,0,0,0,60,0.0,0.0,0.0
LNGN0241,terminal,total_strength,95.73333333333333,95.0,71.0,127.0,14.410291363298006,0.3087789661319073,0,0,0,60,0.0,0.0,0.0
LNGN0241,terminal,total_voyages,91.11666666666666,94.0,48.0,127.0,20.037330979158902,0.31706773618538325,0,0,0,60,0.0,0.0,0.0
LNGN0243,terminal,betweenness,21.533333333333335,22.0,18.0,24.0,1.1118265116871402,0.44777183600713016,0,2,60,60,0.0,0.03333333333333333,1.0
LNGN0243,terminal,eigenvector,85.73333333333333,95.0,1.0,127.0,33.83502681464907,0.2800356506238859,7,7,7,60,0.11666666666666667,0.11666666666666667,0.11666666666666667
LNGN0243,terminal,node_throughput,96.91666666666667,95.0,63.0,127.0,14.209440245498609,0.25120320855614975,0,0,0,60,0.0,0.0,0.0
LNGN0243,terminal,pagerank,96.1,95.0,14.0,127.0,17.270234999824197,0.25610516934046346,0,1,1,60,0.0,0.016666666666666666,0.016666666666666666
LNGN0243,terminal,share_monthly_network_flow,96.91666666666667,95.0,63.0,127.0,14.209440245498609,0.25120320855614975,0,0,0,60,0.0,0.0,0.0
LNGN0243,terminal,total_degree,96.73333333333333,95.0,52.0,127.0,14.716376979828611,0.25062388591800355,0,0,0,60,0.0,0.0,0.0
LNGN0243,terminal,total_route_exposure,96.86666666666666,95.0,60.0,127.0,14.335527358027973,0.25026737967914436,0,0,0,60,0.0,0.0,0.0
LNGN0243,terminal,total_strength,96.95,95.0,65.0,127.0,14.130655459985347,0.2511140819964349,0,0,0,60,0.0,0.0,0.0
LNGN0243,terminal,total_voyages,96.91666666666667,95.0,63.0,127.0,14.209440245498609,0.2501336898395722,0,0,0,60,0.0,0.0,0.0
LNGN0244,terminal,betweenness,21.533333333333335,22.0,18.0,24.0,1.1118265116871402,0.44777183600713016,0,2,60,60,0.0,0.03333333333333333,1.0
LNGN0244,terminal,eigenvector,52.3,54.5,1.0,96.0,24.405681472468512,0.6635918003565062,7,7,11,60,0.11666666666666667,0.11666666666666667,0.18333333333333332
LNGN0244,terminal,node_throughput,36.45,31.0,14.0,96.0,18.352873510752886,0.8060160427807487,0,6,42,60,0.0,0.1,0.7
LNGN0244,terminal,pagerank,42.233333333333334,39.0,17.0,96.0,14.831673239167804,0.7754456327985739,0,1,28,60,0.0,0.016666666666666666,0.4666666666666667
LNGN0244,terminal,share_monthly_network_flow,36.45,31.0,14.0,96.0,18.352873510752886,0.8060160427807487,0,6,42,60,0.0,0.1,0.7
LNGN0244,terminal,total_degree,35.416666666666664,31.0,13.0,96.0,16.01301553944998,0.7512477718360072,0,5,40,60,0.0,0.08333333333333333,0.6666666666666666
LNGN0244,terminal,total_route_exposure,43.483333333333334,40.0,14.0,96.0,15.86648922181554,0.7186274509803922,0,1,26,60,0.0,0.016666666666666666,0.43333333333333335
LNGN0244,terminal,total_strength,39.85,35.5,15.0,96.0,17.105678510019285,0.7878787878787878,0,1,39,60,0.0,0.016666666666666666,0.65
LNGN0244,terminal,total_voyages,33.516666666666666,28.5,12.0,96.0,16.912027278439055,0.7984402852049911,0,7,46,60,0.0,0.11666666666666667,0.7666666666666667
LNGN0248,terminal,betweenness,21.533333333333335,22.0,18.0,24.0,1.1118265116871402,0.44777183600713016,0,2,60,60,0.0,0.03333333333333333,1.0
LNGN0248,terminal,eigenvector,71.28333333333333,79.0,1.0,104.0,28.394969515484796,0.4936720142602496,7,7,7,60,0.11666666666666667,0.11666666666666667,0.11666666666666667
LNGN0248,terminal,node_throughput,75.31666666666666,74.5,43.0,100.0,15.596057375173945,0.526336898395722,0,0,0,60,0.0,0.0,0.0
LNGN0248,terminal,pagerank,77.05,76.0,46.0,100.0,12.519036352149499,0.5180926916221034,0,0,0,60,0.0,0.0,0.0
LNGN0248,terminal,share_monthly_network_flow,75.31666666666666,74.5,43.0,100.0,15.596057375173945,0.526336898395722,0,0,0,60,0.0,0.0,0.0
LNGN0248,terminal,total_degree,60.65,60.5,24.0,100.0,21.19307929890066,0.5360516934046345,0,0,12,60,0.0,0.0,0.2
LNGN0248,terminal,total_route_exposure,67.71666666666667,68.0,31.0,100.0,17.917978535601048,0.5121212121212121,0,0,3,60,0.0,0.0,0.05
LNGN0248,terminal,total_strength,76.16666666666667,75.0,44.0,100.0,15.023334016514157,0.5218805704099821,0,0,0,60,0.0,0.0,0.0
LNGN0248,terminal,total_voyages,70.25,69.0,41.0,100.0,16.40548172131726,0.5138591800356507,0,0,0,60,0.0,0.0,0.0
LNGN0250,terminal,betweenness,21.533333333333335,22.0,18.0,24.0,1.1118265116871402,0.44777183600713016,0,2,60,60,0.0,0.03333333333333333,1.0
LNGN0250,terminal,eigenvector,84.23333333333333,94.5,1.0,125.0,32.946472595669086,0.31653297682709447,7,7,7,60,0.11666666666666667,0.11666666666666667,0.11666666666666667
LNGN0250,terminal,node_throughput,94.25,94.5,57.0,125.0,13.263464537044003,0.2924688057040998,0,0,0,60,0.0,0.0,0.0
LNGN0250,terminal,pagerank,89.46666666666667,92.5,38.0,125.0,18.854902403162114,0.3191622103386809,0,0,1,60,0.0,0.0,0.016666666666666666
LNGN0250,terminal,share_monthly_network_flow,94.25,94.5,57.0,125.0,13.263464537044003,0.2924688057040998,0,0,0,60,0.0,0.0,0.0
LNGN0250,terminal,total_degree,90.2,92.5,33.0,125.0,17.609512067466188,0.2960338680926916,0,0,1,60,0.0,0.0,0.016666666666666666
LNGN0250,terminal,total_route_exposure,91.68333333333334,92.5,40.0,125.0,15.337438040615439,0.29206773618538323,0,0,0,60,0.0,0.0,0.0
LNGN0250,terminal,total_strength,94.41666666666667,94.5,61.0,125.0,12.931752626334166,0.2917112299465241,0,0,0,60,0.0,0.0,0.0
LNGN0250,terminal,total_voyages,92.91666666666667,93.0,44.0,125.0,14.12569682296995,0.2887700534759359,0,0,0,60,0.0,0.0,0.0
LNGN0251,terminal,betweenness,21.533333333333335,22.0,18.0,24.0,1.1118265116871402,0.44777183600713016,0,2,60,60,0.0,0.03333333333333333,1.0
LNGN0251,terminal,eigenvector,61.71666666666667,74.5,1.0,125.0,41.04486659067523,0.4913101604278075,11,17,24,60,0.18333333333333332,0.2833333333333333,0.4
LNGN0251,terminal,node_throughput,88.58333333333333,90.5,37.0,125.0,18.309293432262763,0.3942959001782531,0,0,1,60,0.0,0.0,0.016666666666666666
LNGN0251,terminal,pagerank,82.48333333333333,85.0,25.0,125.0,21.897675495138646,0.42749554367201426,0,0,2,60,0.0,0.0,0.03333333333333333
LNGN0251,terminal,share_monthly_network_flow,88.58333333333333,90.5,37.0,125.0,18.309293432262763,0.3942959001782531,0,0,1,60,0.0,0.0,0.016666666666666666
LNGN0251,terminal,total_degree,78.36666666666666,79.5,28.0,125.0,24.469258933779784,0.40111408199643495,0,0,2,60,0.0,0.0,0.03333333333333333
LNGN0251,terminal,total_route_exposure,81.36666666666666,83.0,25.0,125.0,22.395494906127787,0.3964349376114082,0,0,1,60,0.0,0.0,0.016666666666666666
LNGN0251,terminal,total_strength,88.85,90.5,37.0,125.0,17.88743048879647,0.39286987522281636,0,0,1,60,0.0,0.0,0.016666666666666666
LNGN0251,terminal,total_voyages,84.55,86.5,33.0,125.0,19.918839561870197,0.3868538324420677,0,0,1,60,0.0,0.0,0.016666666666666666
LNGN0253,terminal,betweenness,21.533333333333335,22.0,18.0,24.0,1.1118265116871402,0.44777183600713016,0,2,60,60,0.0,0.03333333333333333,1.0
LNGN0253,terminal,eigenvector,84.86666666666666,94.5,1.0,127.0,33.90088577747158,0.28885918003565064,7,7,7,60,0.11666666666666667,0.11666666666666667,0.11666666666666667
LNGN0253,terminal,node_throughput,96.26666666666667,95.0,48.0,127.0,15.18570544023273,0.2591354723707665,0,0,0,60,0.0,0.0,0.0
LNGN0253,terminal,pagerank,95.38333333333334,95.0,16.0,127.0,17.948222768981104,0.2638591800356506,0,1,1,60,0.0,0.016666666666666666,0.016666666666666666
LNGN0253,terminal,share_monthly_network_flow,96.26666666666667,95.0,48.0,127.0,15.18570544023273,0.2591354723707665,0,0,0,60,0.0,0.0,0.0
LNGN0253,terminal,total_degree,96.11666666666666,95.0,52.0,127.0,15.380035117839897,0.25623885918003564,0,0,0,60,0.0,0.0,0.0
LNGN0253,terminal,total_route_exposure,95.86666666666666,95.0,33.0,127.0,16.329724033358605,0.2586898395721925,0,0,1,60,0.0,0.0,0.016666666666666666
LNGN0253,terminal,total_strength,96.33333333333333,95.0,52.0,127.0,14.97757268771609,0.2587789661319073,0,0,0,60,0.0,0.0,0.0
LNGN0253,terminal,total_voyages,96.1,95.0,45.0,127.0,15.540761057209783,0.25793226381461676,0,0,0,60,0.0,0.0,0.0
LNGN0258,terminal,betweenness,21.533333333333335,22.0,18.0,24.0,1.1118265116871402,0.44777183600713016,0,2,60,60,0.0,0.03333333333333333,1.0
LNGN0258,terminal,eigenvector,83.18333333333334,94.0,1.0,127.0,32.68104289908373,0.3218805704099822,7,7,7,60,0.11666666666666667,0.11666666666666667,0.11666666666666667
LNGN0258,terminal,node_throughput,94.01666666666667,94.0,69.0,127.0,13.761271702501059,0.30303030303030304,0,0,0,60,0.0,0.0,0.0
LNGN0258,terminal,pagerank,90.03333333333333,91.0,26.0,127.0,18.35429720770318,0.32486631016042783,0,0,1,60,0.0,0.0,0.016666666666666666
LNGN0258,terminal,share_monthly_network_flow,94.01666666666667,94.0,69.0,127.0,13.761271702501059,0.30303030303030304,0,0,0,60,0.0,0.0,0.0
LNGN0258,terminal,total_degree,89.05,91.0,43.0,127.0,19.076496320456926,0.31029411764705883,0,0,0,60,0.0,0.0,0.0
LNGN0258,terminal,total_route_exposure,90.55,91.0,41.0,127.0,17.02881406541795,0.30579322638146167,0,0,0,60,0.0,0.0,0.0
LNGN0258,terminal,total_strength,94.13333333333334,94.0,70.0,127.0,13.585219618776701,0.3024509803921569,0,0,0,60,0.0,0.0,0.0
LNGN0258,terminal,total_voyages,91.8,92.0,48.0,127.0,15.512488134905803,0.30209447415329765,0,0,0,60,0.0,0.0,0.0
LNGN0261,terminal,betweenness,21.533333333333335,22.0,18.0,24.0,1.1118265116871402,0.44777183600713016,0,2,60,60,0.0,0.03333333333333333,1.0
LNGN0261,terminal,eigenvector,35.6,37.0,1.0,87.0,17.14959109064327,0.7517825311942959,7,9,34,60,0.11666666666666667,0.15,0.5666666666666667
LNGN0261,terminal,node_throughput,16.65,15.0,3.0,73.0,10.067273712381123,0.9112299465240642,13,47,59,60,0.21666666666666667,0.7833333333333333,0.9833333333333333
LNGN0261,terminal,pagerank,75.81666666666666,75.0,53.0,99.0,9.809182254254177,0.5393939393939394,0,0,0,60,0.0,0.0,0.0
LNGN0261,terminal,share_monthly_network_flow,16.65,15.0,3.0,73.0,10.067273712381123,0.9112299465240642,13,47,59,60,0.21666666666666667,0.7833333333333333,0.9833333333333333
LNGN0261,terminal,total_degree,14.633333333333333,13.0,5.0,73.0,8.91763947383559,0.9065953654188948,13,49,59,60,0.21666666666666667,0.8166666666666667,0.9833333333333333
LNGN0261,terminal,total_route_exposure,13.55,11.5,4.0,73.0,9.252438982162706,0.9195632798573975,23,50,59,60,0.38333333333333336,0.8333333333333334,0.9833333333333333
LNGN0261,terminal,total_strength,22.033333333333335,21.5,9.0,73.0,9.115021438219935,0.8824420677361854,1,26,58,60,0.016666666666666666,0.43333333333333335,0.9666666666666667
LNGN0261,terminal,total_voyages,14.5,12.5,3.0,73.0,9.72416176510337,0.9168449197860962,18,51,59,60,0.3,0.85,0.9833333333333333
LNGN0262,terminal,betweenness,21.533333333333335,22.0,18.0,24.0,1.1118265116871402,0.44777183600713016,0,2,60,60,0.0,0.03333333333333333,1.0
LNGN0262,terminal,eigenvector,85.41666666666667,94.5,1.0,127.0,33.659456911067686,0.2811497326203209,7,7,7,60,0.11666666666666667,0.11666666666666667,0.11666666666666667
LNGN0262,terminal,node_throughput,97.45,95.0,73.0,127.0,13.409363032939057,0.2482620320855615,0,0,0,60,0.0,0.0,0.0
LNGN0262,terminal,pagerank,96.73333333333333,95.0,66.0,127.0,13.920922756609215,0.25209447415329767,0,0,0,60,0.0,0.0,0.0
LNGN0262,terminal,share_monthly_network_flow,97.45,95.0,73.0,127.0,13.409363032939057,0.2482620320855615,0,0,0,60,0.0,0.0,0.0
LNGN0262,terminal,total_degree,96.68333333333334,95.0,63.0,127.0,14.038073732684762,0.2501336898395722,0,0,0,60,0.0,0.0,0.0
LNGN0262,terminal,total_route_exposure,96.88333333333334,95.0,73.0,127.0,13.629593508576827,0.24959893048128343,0,0,0,60,0.0,0.0,0.0
LNGN0262,terminal,total_strength,97.45,95.0,73.0,127.0,13.409363032939057,0.2482620320855615,0,0,0,60,0.0,0.0,0.0
LNGN0262,terminal,total_voyages,97.08333333333333,95.0,73.0,127.0,13.388955310022714,0.24906417112299464,0,0,0,60,0.0,0.0,0.0
LNGN0268,terminal,betweenness,21.533333333333335,22.0,18.0,24.0,1.1118265116871402,0.44777183600713016,0,2,60,60,0.0,0.03333333333333333,1.0
LNGN0268,terminal,eigenvector,81.06666666666666,89.5,1.0,120.0,32.293078791795416,0.3368092691622103,7,7,7,60,0.11666666666666667,0.11666666666666667,0.11666666666666667
LNGN0268,terminal,node_throughput,94.38333333333334,94.0,51.0,122.0,14.293641666503172,0.296078431372549,0,0,0,60,0.0,0.0,0.0
LNGN0268,terminal,pagerank,88.1,91.0,34.0,122.0,20.660040855128855,0.3302584670231729,0,0,3,60,0.0,0.0,0.05
LNGN0268,terminal,share_monthly_network_flow,94.38333333333334,94.0,51.0,122.0,14.293641666503172,0.296078431372549,0,0,0,60,0.0,0.0,0.0
LNGN0268,terminal,total_degree,89.18333333333334,91.0,32.0,122.0,18.764817120929287,0.30472370766488416,0,0,1,60,0.0,0.0,0.016666666666666666
LNGN0268,terminal,total_route_exposure,90.56666666666666,91.0,33.0,122.0,17.037711578120142,0.30066844919786095,0,0,1,60,0.0,0.0,0.016666666666666666
LNGN0268,terminal,total_strength,94.48333333333333,94.0,53.0,122.0,14.092300658625879,0.2955436720142603,0,0,0,60,0.0,0.0,0.0
LNGN0268,terminal,total_voyages,91.48333333333333,92.0,42.0,122.0,16.26735492199614,0.2989304812834225,0,0,0,60,0.0,0.0,0.0
LNGN0270,terminal,betweenness,21.533333333333335,22.0,18.0,24.0,1.1118265116871402,0.44777183600713016,0,2,60,60,0.0,0.03333333333333333,1.0
LNGN0270,terminal,eigenvector,55.833333333333336,57.5,1.0,112.0,27.2316905782842,0.6205882352941177,7,8,12,60,0.11666666666666667,0.13333333333333333,0.2
LNGN0270,terminal,node_throughput,55.11666666666667,54.0,16.0,112.0,20.893670817402782,0.6820855614973261,0,1,15,60,0.0,0.016666666666666666,0.25
LNGN0270,terminal,pagerank,35.71666666666667,31.0,2.0,112.0,21.4555841308383,0.7869875222816399,5,11,40,60,0.08333333333333333,0.18333333333333332,0.6666666666666666
LNGN0270,terminal,share_monthly_network_flow,55.11666666666667,54.0,16.0,112.0,20.893670817402782,0.6820855614973261,0,1,15,60,0.0,0.016666666666666666,0.25
LNGN0270,terminal,total_degree,41.583333333333336,35.0,15.0,112.0,20.029885862970257,0.6953654188948306,0,3,35,60,0.0,0.05,0.5833333333333334
LNGN0270,terminal,total_route_exposure,44.43333333333333,40.0,14.0,112.0,20.033333803359746,0.6996880570409982,0,4,25,60,0.0,0.06666666666666667,0.4166666666666667
LNGN0270,terminal,total_strength,57.13333333333333,56.0,20.0,112.0,19.476597575227164,0.6713903743315508,0,0,11,60,0.0,0.0,0.18333333333333332
LNGN0270,terminal,total_voyages,48.333333333333336,46.5,16.0,112.0,19.891797702048173,0.6859180035650624,0,2,20,60,0.0,0.03333333333333333,0.3333333333333333
LNGN0272,terminal,betweenness,21.533333333333335,22.0,18.0,24.0,1.1118265116871402,0.44777183600713016,0,2,60,60,0.0,0.03333333333333333,1.0
LNGN0272,terminal,eigenvector,82.38333333333334,88.5,1.0,127.0,32.696390547004725,0.3348039215686275,7,7,7,60,0.11666666666666667,0.11666666666666667,0.11666666666666667
LNGN0272,terminal,node_throughput,91.8,89.5,65.0,127.0,13.99854714011058,0.317825311942959,0,0,0,60,0.0,0.0,0.0
LNGN0272,terminal,pagerank,87.58333333333333,89.0,26.0,127.0,21.213436473274427,0.34131016042780754,0,0,3,60,0.0,0.0,0.05
LNGN0272,terminal,share_monthly_network_flow,91.8,89.5,65.0,127.0,13.99854714011058,0.317825311942959,0,0,0,60,0.0,0.0,0.0
LNGN0272,terminal,total_degree,87.68333333333334,89.0,37.0,127.0,20.178434256392343,0.3219251336898396,0,0,1,60,0.0,0.0,0.016666666666666666
LNGN0272,terminal,total_route_exposure,89.48333333333333,89.0,46.0,127.0,17.383502471944208,0.31546345811051696,0,0,0,60,0.0,0.0,0.0
LNGN0272,terminal,total_strength,92.01666666666667,89.5,65.0,127.0,13.825169464945564,0.3167557932263814,0,0,0,60,0.0,0.0,0.0
LNGN0272,terminal,total_voyages,90.73333333333333,89.5,52.0,127.0,15.58341868311018,0.3123885918003565,0,0,0,60,0.0,0.0,0.0
LNGN0274,terminal,betweenness,21.533333333333335,22.0,18.0,24.0,1.1118265116871402,0.44777183600713016,0,2,60,60,0.0,0.03333333333333333,1.0
LNGN0274,terminal,eigenvector,50.61666666666667,41.0,1.0,114.0,35.46212669001298,0.5606060606060606,8,15,30,60,0.13333333333333333,0.25,0.5
LNGN0274,terminal,node_throughput,79.95,83.5,32.0,116.0,17.15574223184249,0.44897504456327986,0,0,1,60,0.0,0.0,0.016666666666666666
LNGN0274,terminal,pagerank,84.7,85.5,62.0,116.0,9.74296791172041,0.3925133689839572,0,0,0,60,0.0,0.0,0.0
LNGN0274,terminal,share_monthly_network_flow,79.95,83.5,32.0,116.0,17.15574223184249,0.44897504456327986,0,0,1,60,0.0,0.0,0.016666666666666666
LNGN0274,terminal,total_degree,68.96666666666667,69.5,19.0,116.0,22.65060082015761,0.4602495543672014,0,1,6,60,0.0,0.016666666666666666,0.1
LNGN0274,terminal,total_route_exposure,72.4,76.0,20.0,116.0,20.68422800434169,0.45254010695187163,0,0,5,60,0.0,0.0,0.08333333333333333
LNGN0274,terminal,total_strength,80.6,83.5,39.0,116.0,16.205460473326344,0.44563279857397503,0,0,0,60,0.0,0.0,0.0
LNGN0274,terminal,total_voyages,76.8,80.5,26.0,116.0,17.581577415203093,0.43676470588235294,0,0,2,60,0.0,0.0,0.03333333333333333
LNGN0278,terminal,betweenness,21.533333333333335,22.0,18.0,24.0,1.1118265116871402,0.44777183600713016,0,2,60,60,0.0,0.03333333333333333,1.0
LNGN0278,terminal,eigenvector,82.18333333333334,92.0,1.0,127.0,32.84709912464043,0.39795008912655977,7,7,7,60,0.11666666666666667,0.11666666666666667,0.11666666666666667
LNGN0278,terminal,node_throughput,89.75,89.0,42.0,127.0,15.840973476335535,0.404144385026738,0,0,0,60,0.0,0.0,0.0
LNGN0278,terminal,pagerank,72.61666666666666,73.5,17.0,127.0,24.171766459762733,0.4956773618538325,0,1,5,60,0.0,0.016666666666666666,0.08333333333333333
LNGN0278,terminal,share_monthly_network_flow,89.75,89.0,42.0,127.0,15.840973476335535,0.404144385026738,0,0,0,60,0.0,0.0,0.0
LNGN0278,terminal,total_degree,72.96666666666667,72.5,22.0,127.0,23.29178706395815,0.43765597147950086,0,0,4,60,0.0,0.0,0.06666666666666667
LNGN0278,terminal,total_route_exposure,77.3,81.0,24.0,127.0,20.69905426481189,0.42459893048128344,0,0,2,60,0.0,0.0,0.03333333333333333
LNGN0278,terminal,total_strength,89.96666666666667,89.5,44.0,127.0,15.565026710454918,0.40298573975044566,0,0,0,60,0.0,0.0,0.0
LNGN0278,terminal,total_voyages,74.7,78.0,15.0,127.0,24.015743423916526,0.4590909090909091,0,2,4,60,0.0,0.03333333333333333,0.06666666666666667
LNGN0285,terminal,betweenness,21.533333333333335,22.0,18.0,24.0,1.1118265116871402,0.44777183600713016,0,2,60,60,0.0,0.03333333333333333,1.0
LNGN0285,terminal,eigenvector,70.51666666666667,88.0,1.0,120.0,37.46930570555715,0.4281194295900178,7,11,16,60,0.11666666666666667,0.18333333333333332,0.26666666666666666
LNGN0285,terminal,node_throughput,88.68333333333334,90.0,19.0,122.0,20.37653325138093,0.36024955436720146,0,1,2,60,0.0,0.016666666666666666,0.03333333333333333
LNGN0285,terminal,pagerank,82.36666666666666,88.0,19.0,122.0,22.559876387047648,0.3950980392156863,0,1,3,60,0.0,0.016666666666666666,0.05
LNGN0285,terminal,share_monthly_network_flow,88.68333333333334,90.0,19.0,122.0,20.37653325138093,0.36024955436720146,0,1,2,60,0.0,0.016666666666666666,0.03333333333333333
LNGN0285,terminal,total_degree,78.75,87.5,13.0,122.0,26.045348327321825,0.3837344028520499,0,2,6,60,0.0,0.03333333333333333,0.1
LNGN0285,terminal,total_route_exposure,81.66666666666667,87.5,17.0,122.0,23.504537366988494,0.37508912655971477,0,2,5,60,0.0,0.03333333333333333,0.08333333333333333
LNGN0285,terminal,total_strength,89.11666666666666,90.0,23.0,122.0,19.513655945557254,0.3579768270944742,0,0,2,60,0.0,0.0,0.03333333333333333
LNGN0285,terminal,total_voyages,83.3,88.0,13.0,122.0,22.280416269732083,0.3718360071301248,0,1,5,60,0.0,0.016666666666666666,0.08333333333333333
LNGN0287,terminal,betweenness,21.533333333333335,22.0,18.0,24.0,1.1118265116871402,0.44777183600713016,0,2,60,60,0.0,0.03333333333333333,1.0
LNGN0287,terminal,eigenvector,83.16666666666667,92.5,1.0,125.0,32.86653373186808,0.3339126559714795,7,7,7,60,0.11666666666666667,0.11666666666666667,0.11666666666666667
LNGN0287,terminal,node_throughput,94.51666666666667,95.0,64.0,125.0,14.013905523536216,0.33088235294117646,0,0,0,60,0.0,0.0,0.0
LNGN0287,terminal,pagerank,84.31666666666666,89.5,27.0,125.0,24.322335181897422,0.38551693404634585,0,0,6,60,0.0,0.0,0.1
LNGN0287,terminal,share_monthly_network_flow,94.51666666666667,95.0,64.0,125.0,14.013905523536216,0.33088235294117646,0,0,0,60,0.0,0.0,0.0
LNGN0287,terminal,total_degree,84.08333333333333,89.5,38.0,125.0,22.863108962090642,0.3535650623885918,0,0,2,60,0.0,0.0,0.03333333333333333
LNGN0287,terminal,total_route_exposure,86.7,89.5,40.0,125.0,19.846273611718306,0.34625668449197866,0,0,0,60,0.0,0.0,0.0
LNGN0287,terminal,total_strength,94.58333333333333,95.0,65.0,125.0,13.915351438239625,0.33052584670231727,0,0,0,60,0.0,0.0,0.0
LNGN0287,terminal,total_voyages,88.61666666666666,90.0,49.0,125.0,17.838343453783516,0.3415329768270945,0,0,0,60,0.0,0.0,0.0
LNGN0288,terminal,betweenness,21.533333333333335,22.0,18.0,24.0,1.1118265116871402,0.44777183600713016,0,2,60,60,0.0,0.03333333333333333,1.0
LNGN0288,terminal,eigenvector,81.2,89.0,1.0,127.0,32.8054356802267,0.33382352941176474,7,7,8,60,0.11666666666666667,0.11666666666666667,0.13333333333333333
LNGN0288,terminal,node_throughput,92.83333333333333,93.5,66.0,127.0,12.532218366081139,0.30650623885918005,0,0,0,60,0.0,0.0,0.0
LNGN0288,terminal,pagerank,92.61666666666666,91.0,62.0,127.0,12.29729426856508,0.2955436720142603,0,0,0,60,0.0,0.0,0.0
LNGN0288,terminal,share_monthly_network_flow,92.83333333333333,93.5,66.0,127.0,12.532218366081139,0.30650623885918005,0,0,0,60,0.0,0.0,0.0
LNGN0288,terminal,total_degree,88.91666666666667,89.5,48.0,127.0,16.55426788809262,0.30543672014260254,0,0,0,60,0.0,0.0,0.0
LNGN0288,terminal,total_route_exposure,90.4,89.5,56.0,127.0,14.547642362427142,0.3031639928698752,0,0,0,60,0.0,0.0,0.0
LNGN0288,terminal,total_strength,93.01666666666667,93.5,68.0,127.0,12.38163164772265,0.3056595365418895,0,0,0,60,0.0,0.0,0.0
LNGN0288,terminal,total_voyages,91.38333333333334,90.0,58.0,127.0,13.47702585842665,0.3015151515151515,0,0,0,60,0.0,0.0,0.0
LNGN0290,terminal,betweenness,21.533333333333335,22.0,18.0,24.0,1.1118265116871402,0.44777183600713016,0,2,60,60,0.0,0.03333333333333333,1.0
LNGN0290,terminal,eigenvector,84.81666666666666,94.0,1.0,127.0,33.410386929849516,0.28756684491978607,7,7,7,60,0.11666666666666667,0.11666666666666667,0.11666666666666667
LNGN0290,terminal,node_throughput,96.8,95.0,73.0,127.0,12.895670013021649,0.25427807486631016,0,0,0,60,0.0,0.0,0.0
LNGN0290,terminal,pagerank,95.98333333333333,95.0,71.0,127.0,13.648730824048977,0.2589572192513369,0,0,0,60,0.0,0.0,0.0
LNGN0290,terminal,share_monthly_network_flow,96.8,95.0,73.0,127.0,12.895670013021649,0.25427807486631016,0,0,0,60,0.0,0.0,0.0
LNGN0290,terminal,total_degree,95.88333333333334,95.0,67.0,127.0,13.840607984425075,0.2551693404634581,0,0,0,60,0.0,0.0,0.0
LNGN0290,terminal,total_route_exposure,96.26666666666667,95.0,73.0,127.0,13.221536958615012,0.254144385026738,0,0,0,60,0.0,0.0,0.0
LNGN0290,terminal,total_strength,96.83333333333333,95.0,73.0,127.0,12.890893733288546,0.254144385026738,0,0,0,60,0.0,0.0,0.0
LNGN0290,terminal,total_voyages,96.6,95.0,73.0,127.0,12.94080394641929,0.25325311942959,0,0,0,60,0.0,0.0,0.0
LNGN0291,terminal,betweenness,21.533333333333335,22.0,18.0,24.0,1.1118265116871402,0.44777183600713016,0,2,60,60,0.0,0.03333333333333333,1.0
LNGN0291,terminal,eigenvector,80.46666666666667,92.5,1.0,120.0,34.44645398426949,0.34995543672014257,7,7,8,60,0.11666666666666667,0.11666666666666667,0.13333333333333333
LNGN0291,terminal,node_throughput,92.28333333333333,95.0,48.0,123.0,17.469675097797293,0.32415329768270945,0,0,0,60,0.0,0.0,0.0
LNGN0291,terminal,pagerank,87.98333333333333,94.0,14.0,123.0,24.055368100764472,0.34852941176470587,0,1,4,60,0.0,0.016666666666666666,0.06666666666666667
LNGN0291,terminal,share_monthly_network_flow,92.28333333333333,95.0,48.0,123.0,17.469675097797293,0.32415329768270945,0,0,0,60,0.0,0.0,0.0
LNGN0291,terminal,total_degree,87.91666666666667,94.0,38.0,123.0,23.044019531283855,0.32401960784313727,0,0,1,60,0.0,0.0,0.016666666666666666
LNGN0291,terminal,total_route_exposure,89.35,94.0,38.0,123.0,21.182680005216284,0.3201871657754011,0,0,1,60,0.0,0.0,0.016666666666666666
LNGN0291,terminal,total_strength,92.58333333333333,95.0,54.0,123.0,16.892774171492363,0.32277183600713016,0,0,0,60,0.0,0.0,0.0
LNGN0291,terminal,total_voyages,90.81666666666666,94.0,42.0,123.0,19.30091037342379,0.3162655971479501,0,0,0,60,0.0,0.0,0.0
LNGN0293,terminal,betweenness,21.533333333333335,22.0,18.0,24.0,1.1118265116871402,0.44777183600713016,0,2,60,60,0.0,0.03333333333333333,1.0
LNGN0293,terminal,eigenvector,78.48333333333333,87.5,1.0,127.0,33.7224421912861,0.346969696969697,7,7,7,60,0.11666666666666667,0.11666666666666667,0.11666666666666667
LNGN0293,terminal,node_throughput,96.96666666666667,95.0,73.0,127.0,13.101903945825962,0.27918894830659535,0,0,0,60,0.0,0.0,0.0
LNGN0293,terminal,pagerank,93.1,90.0,68.0,127.0,13.964482792463782,0.2999554367201426,0,0,0,60,0.0,0.0,0.0
LNGN0293,terminal,share_monthly_network_flow,96.96666666666667,95.0,73.0,127.0,13.101903945825962,0.27918894830659535,0,0,0,60,0.0,0.0,0.0
LNGN0293,terminal,total_degree,90.61666666666666,90.0,51.0,127.0,17.410392052232176,0.29514260249554364,0,0,0,60,0.0,0.0,0.0
LNGN0293,terminal,total_route_exposure,92.01666666666667,90.0,55.0,127.0,15.456326296985003,0.29139928698752227,0,0,0,60,0.0,0.0,0.0
LNGN0293,terminal,total_strength,96.96666666666667,95.0,73.0,127.0,13.101903945825962,0.27918894830659535,0,0,0,60,0.0,0.0,0.0
LNGN0293,terminal,total_voyages,91.78333333333333,90.0,60.0,127.0,15.706083962793773,0.2973707664884136,0,0,0,60,0.0,0.0,0.0
LNGN0294,terminal,betweenness,21.533333333333335,22.0,18.0,24.0,1.1118265116871402,0.44777183600713016,0,2,60,60,0.0,0.03333333333333333,1.0
LNGN0294,terminal,eigenvector,76.68333333333334,87.0,1.0,118.0,31.657323926574872,0.36069518716577537,7,7,7,60,0.11666666666666667,0.11666666666666667,0.11666666666666667
LNGN0294,terminal,node_throughput,91.31666666666666,92.5,61.0,118.0,12.693908410511844,0.3130570409982175,0,0,0,60,0.0,0.0,0.0
LNGN0294,terminal,pagerank,88.41666666666667,89.5,40.0,118.0,15.502095721269837,0.32860962566844926,0,0,0,60,0.0,0.0,0.0
LNGN0294,terminal,share_monthly_network_flow,91.31666666666666,92.5,61.0,118.0,12.693908410511844,0.3130570409982175,0,0,0,60,0.0,0.0,0.0
LNGN0294,terminal,total_degree,86.05,89.5,33.0,118.0,19.329809244369923,0.32245989304812833,0,0,1,60,0.0,0.0,0.016666666666666666
LNGN0294,terminal,total_route_exposure,87.81666666666666,89.5,41.0,118.0,16.556520213556986,0.31786987522281646,0,0,0,60,0.0,0.0,0.0
LNGN0294,terminal,total_strength,91.46666666666667,92.5,62.0,118.0,12.463460719533105,0.3122549019607843,0,0,0,60,0.0,0.0,0.0
LNGN0294,terminal,total_voyages,89.66666666666667,90.0,52.0,118.0,13.762718822185214,0.310427807486631,0,0,0,60,0.0,0.0,0.0
LNGN0297,terminal,betweenness,21.533333333333335,22.0,18.0,24.0,1.1118265116871402,0.44777183600713016,0,2,60,60,0.0,0.03333333333333333,1.0
LNGN0297,terminal,eigenvector,56.333333333333336,65.5,1.0,104.0,28.066909563209457,0.6460784313725491,7,7,15,60,0.11666666666666667,0.11666666666666667,0.25
LNGN0297,terminal,node_throughput,23.566666666666666,23.0,10.0,46.0,8.638437293287282,0.8793226381461675,3,19,57,60,0.05,0.31666666666666665,0.95
LNGN0297,terminal,pagerank,75.56666666666666,75.0,53.0,99.0,10.069868911113275,0.545187165775401,0,0,0,60,0.0,0.0,0.0
LNGN0297,terminal,share_monthly_network_flow,23.566666666666666,23.0,10.0,46.0,8.638437293287282,0.8793226381461675,3,19,57,60,0.05,0.31666666666666665,0.95
LNGN0297,terminal,total_degree,34.833333333333336,33.5,18.0,69.0,9.352180325258823,0.7582442067736185,0,1,43,60,0.0,0.016666666666666666,0.7166666666666667
LNGN0297,terminal,total_route_exposure,17.516666666666666,17.5,6.0,32.0,6.204131118686411,0.9007575757575758,9,38,60,60,0.15,0.6333333333333333,1.0
LNGN0297,terminal,total_strength,27.9,28.0,11.0,46.0,7.764980054980006,0.8561497326203208,0,9,54,60,0.0,0.15,0.9
LNGN0297,terminal,total_voyages,18.916666666666668,19.0,7.0,36.0,6.515409808427357,0.8946524064171123,8,31,60,60,0.13333333333333333,0.5166666666666667,1.0
LNGN0299,terminal,betweenness,21.533333333333335,22.0,18.0,24.0,1.1118265116871402,0.44777183600713016,0,2,60,60,0.0,0.03333333333333333,1.0
LNGN0299,terminal,eigenvector,85.58333333333333,94.5,1.0,127.0,33.79062735693347,0.2979055258467023,7,7,7,60,0.11666666666666667,0.11666666666666667,0.11666666666666667
LNGN0299,terminal,node_throughput,97.4,95.0,73.0,127.0,13.493501260650865,0.2696969696969697,0,0,0,60,0.0,0.0,0.0
LNGN0299,terminal,pagerank,94.0,94.0,43.0,127.0,17.73056348106096,0.2878787878787879,0,0,0,60,0.0,0.0,0.0
LNGN0299,terminal,share_monthly_network_flow,97.4,95.0,73.0,127.0,13.493501260650865,0.2696969696969697,0,0,0,60,0.0,0.0,0.0
LNGN0299,terminal,total_degree,92.91666666666667,94.0,33.0,127.0,19.684194525666875,0.2816399286987522,0,0,1,60,0.0,0.0,0.016666666666666666
LNGN0299,terminal,total_route_exposure,93.63333333333334,94.0,40.0,127.0,18.204084721978525,0.27972370766488414,0,0,0,60,0.0,0.0,0.0
LNGN0299,terminal,total_strength,97.4,95.0,73.0,127.0,13.493501260650865,0.2696969696969697,0,0,0,60,0.0,0.0,0.0
LNGN0299,terminal,total_voyages,93.25,94.0,29.0,127.0,19.805516266340327,0.28578431372549024,0,0,2,60,0.0,0.0,0.03333333333333333
LNGN0307,terminal,betweenness,21.533333333333335,22.0,18.0,24.0,1.1118265116871402,0.44777183600713016,0,2,60,60,0.0,0.03333333333333333,1.0
LNGN0307,terminal,eigenvector,84.58333333333333,94.5,1.0,125.0,33.88829689829022,0.29781639928698755,7,7,7,60,0.11666666666666667,0.11666666666666667,0.11666666666666667
LNGN0307,terminal,node_throughput,95.75,95.0,68.0,125.0,14.507303829684533,0.27308377896613195,0,0,0,60,0.0,0.0,0.0
LNGN0307,terminal,pagerank,94.83333333333333,95.0,62.0,125.0,15.547812170104066,0.278698752228164,0,0,0,60,0.0,0.0,0.0
LNGN0307,terminal,share_monthly_network_flow,95.75,95.0,68.0,125.0,14.507303829684533,0.27308377896613195,0,0,0,60,0.0,0.0,0.0
LNGN0307,terminal,total_degree,94.21666666666667,95.0,54.0,125.0,16.78991996494856,0.2733511586452763,0,0,0,60,0.0,0.0,0.0
LNGN0307,terminal,total_route_exposure,94.81666666666666,95.0,61.0,125.0,15.61560678107781,0.27174688057040997,0,0,0,60,0.0,0.0,0.0
LNGN0307,terminal,total_strength,95.8,95.0,69.0,125.0,14.417268365354227,0.27281639928698753,0,0,0,60,0.0,0.0,0.0
LNGN0307,terminal,total_voyages,95.36666666666666,95.0,65.0,125.0,14.754449678342269,0.2702762923351159,0,0,0,60,0.0,0.0,0.0
LNGN0308,terminal,betweenness,21.533333333333335,22.0,18.0,24.0,1.1118265116871402,0.44777183600713016,0,2,60,60,0.0,0.03333333333333333,1.0
LNGN0308,terminal,eigenvector,83.15,94.0,1.0,119.0,32.95288110137496,0.342825311942959,7,7,7,60,0.11666666666666667,0.11666666666666667,0.11666666666666667
LNGN0308,terminal,node_throughput,90.06666666666666,94.0,26.0,116.0,16.35295719555176,0.34901960784313724,0,0,2,60,0.0,0.0,0.03333333333333333
LNGN0308,terminal,pagerank,89.66666666666667,90.5,53.0,116.0,12.738127295864562,0.33128342245989306,0,0,0,60,0.0,0.0,0.0
LNGN0308,terminal,share_monthly_network_flow,90.06666666666666,94.0,26.0,116.0,16.35295719555176,0.34901960784313724,0,0,2,60,0.0,0.0,0.03333333333333333
LNGN0308,terminal,total_degree,83.05,88.5,30.0,116.0,19.845526328476076,0.3509803921568627,0,0,2,60,0.0,0.0,0.03333333333333333
LNGN0308,terminal,total_route_exposure,84.31666666666666,88.5,13.0,116.0,20.6869250991175,0.35450089126559714,0,2,4,60,0.0,0.03333333333333333,0.06666666666666667
LNGN0308,terminal,total_strength,90.4,94.0,28.0,116.0,15.59900040256817,0.3472370766488414,0,0,1,60,0.0,0.0,0.016666666666666666
LNGN0308,terminal,total_voyages,86.78333333333333,89.5,20.0,116.0,18.08744453253456,0.34692513368983957,0,0,2,60,0.0,0.0,0.03333333333333333
LNGN0309,terminal,betweenness,21.533333333333335,22.0,18.0,24.0,1.1118265116871402,0.44777183600713016,0,2,60,60,0.0,0.03333333333333333,1.0
LNGN0309,terminal,eigenvector,72.51666666666667,87.0,1.0,114.0,34.50300486381973,0.4598039215686275,7,9,13,60,0.11666666666666667,0.15,0.21666666666666667
LNGN0309,terminal,node_throughput,78.06666666666666,83.0,22.0,114.0,20.38931812948415,0.4622103386809269,0,0,4,60,0.0,0.0,0.06666666666666667
LNGN0309,terminal,pagerank,84.95,86.5,53.0,114.0,11.914134889680055,0.3949643493761141,0,0,0,60,0.0,0.0,0.0
LNGN0309,terminal,share_monthly_network_flow,78.06666666666666,83.0,22.0,114.0,20.38931812948415,0.4622103386809269,0,0,4,60,0.0,0.0,0.06666666666666667
LNGN0309,terminal,total_degree,70.53333333333333,70.5,13.0,114.0,24.19445703900853,0.45062388591800356,0,2,7,60,0.0,0.03333333333333333,0.11666666666666667
LNGN0309,terminal,total_route_exposure,70.98333333333333,73.5,15.0,114.0,24.05959526454643,0.4659536541889483,0,2,5,60,0.0,0.03333333333333333,0.08333333333333333
LNGN0309,terminal,total_strength,78.88333333333334,83.0,26.0,114.0,19.121459828912137,0.4577985739750446,0,0,3,60,0.0,0.0,0.05
LNGN0309,terminal,total_voyages,75.23333333333333,80.5,20.0,114.0,21.147077104330453,0.4495989304812834,0,0,4,60,0.0,0.0,0.06666666666666667
LNGN0312,terminal,betweenness,21.533333333333335,22.0,18.0,24.0,1.1118265116871402,0.44777183600713016,0,2,60,60,0.0,0.03333333333333333,1.0
LNGN0312,terminal,eigenvector,69.56666666666666,78.0,1.0,118.0,31.248249668495568,0.48208556149732623,7,7,8,60,0.11666666666666667,0.11666666666666667,0.13333333333333333
LNGN0312,terminal,node_throughput,79.51666666666667,80.5,37.0,118.0,17.79401124418528,0.482397504456328,0,0,2,60,0.0,0.0,0.03333333333333333
LNGN0312,terminal,pagerank,83.28333333333333,84.0,58.0,118.0,13.136947078034282,0.4269162210338681,0,0,0,60,0.0,0.0,0.0
LNGN0312,terminal,share_monthly_network_flow,79.51666666666667,80.5,37.0,118.0,17.79401124418528,0.482397504456328,0,0,2,60,0.0,0.0,0.03333333333333333
LNGN0312,terminal,total_degree,66.3,61.0,19.0,118.0,24.37580072565718,0.49465240641711233,0,1,7,60,0.0,0.016666666666666666,0.11666666666666667
LNGN0312,terminal,total_route_exposure,69.68333333333334,67.5,21.0,118.0,22.59630363252157,0.49193404634581106,0,0,3,60,0.0,0.0,0.05
LNGN0312,terminal,total_strength,80.21666666666667,81.0,39.0,118.0,17.132674370145672,0.4788770053475936,0,0,0,60,0.0,0.0,0.0
LNGN0312,terminal,total_voyages,74.65,72.5,33.0,118.0,19.019013679892343,0.47370766488413546,0,0,2,60,0.0,0.0,0.03333333333333333
LNGN0314,terminal,betweenness,21.533333333333335,22.0,18.0,24.0,1.1118265116871402,0.44777183600713016,0,2,60,60,0.0,0.03333333333333333,1.0
LNGN0314,terminal,eigenvector,35.266666666666666,29.0,1.0,112.0,27.67601094668276,0.7240641711229947,7,20,42,60,0.11666666666666667,0.3333333333333333,0.7
LNGN0314,terminal,node_throughput,50.28333333333333,46.0,17.0,112.0,22.755212974483985,0.7016042780748662,0,2,20,60,0.0,0.03333333333333333,0.3333333333333333
LNGN0314,terminal,pagerank,35.0,25.0,4.0,112.0,26.218766729454675,0.783868092691622,4,18,42,60,0.06666666666666667,0.3,0.7
LNGN0314,terminal,share_monthly_network_flow,50.28333333333333,46.0,17.0,112.0,22.755212974483985,0.7016042780748662,0,2,20,60,0.0,0.03333333333333333,0.3333333333333333
LNGN0314,terminal,total_degree,46.46666666666667,42.0,20.0,112.0,21.49139888394193,0.6573083778966132,0,0,27,60,0.0,0.0,0.45
LNGN0314,terminal,total_route_exposure,45.96666666666667,39.5,17.0,112.0,21.56108128060141,0.6889928698752228,0,1,28,60,0.0,0.016666666666666666,0.4666666666666667
LNGN0314,terminal,total_strength,52.75,47.5,25.0,112.0,21.184120211907373,0.688458110516934,0,0,19,60,0.0,0.0,0.31666666666666665
LNGN0314,terminal,total_voyages,49.333333333333336,43.0,18.0,112.0,21.445766574193662,0.6788770053475937,0,1,18,60,0.0,0.016666666666666666,0.3
LNGN0319,terminal,betweenness,21.533333333333335,22.0,18.0,24.0,1.1118265116871402,0.44777183600713016,0,2,60,60,0.0,0.03333333333333333,1.0
LNGN0319,terminal,eigenvector,35.56666666666667,27.0,1.0,127.0,30.60041357129775,0.7159982174688058,8,18,41,60,0.13333333333333333,0.3,0.6833333333333333
LNGN0319,terminal,node_throughput,60.266666666666666,53.5,16.0,127.0,28.55792013189838,0.6246434937611408,0,3,17,60,0.0,0.05,0.2833333333333333
LNGN0319,terminal,pagerank,49.9,40.5,11.0,127.0,29.7866424391305,0.680614973262032,0,5,26,60,0.0,0.08333333333333333,0.43333333333333335
LNGN0319,terminal,share_monthly_network_flow,60.266666666666666,53.5,16.0,127.0,28.55792013189838,0.6246434937611408,0,3,17,60,0.0,0.05,0.2833333333333333
LNGN0319,terminal,total_degree,61.11666666666667,57.5,28.0,127.0,22.660419960105802,0.5402852049910873,0,0,9,60,0.0,0.0,0.15
LNGN0319,terminal,total_route_exposure,61.53333333333333,55.5,19.0,127.0,25.38481239964109,0.5697860962566845,0,1,11,60,0.0,0.016666666666666666,0.18333333333333332
LNGN0319,terminal,total_strength,62.05,54.0,20.0,127.0,27.080185388544997,0.6151515151515151,0,0,16,60,0.0,0.0,0.26666666666666666
LNGN0319,terminal,total_voyages,61.3,53.0,17.0,127.0,27.069464941209866,0.5844028520499108,0,2,12,60,0.0,0.03333333333333333,0.2
LNGN0322,terminal,betweenness,21.533333333333335,22.0,18.0,24.0,1.1118265116871402,0.44777183600713016,0,2,60,60,0.0,0.03333333333333333,1.0
LNGN0322,terminal,eigenvector,73.13333333333334,79.5,1.0,118.0,30.770041927595564,0.5169340463458111,7,7,7,60,0.11666666666666667,0.11666666666666667,0.11666666666666667
LNGN0322,terminal,node_throughput,64.78333333333333,65.5,27.0,118.0,21.382783876934347,0.6283422459893049,0,0,8,60,0.0,0.0,0.13333333333333333
LNGN0322,terminal,pagerank,77.98333333333333,75.5,61.0,118.0,11.575092585443189,0.5086452762923351,0,0,0,60,0.0,0.0,0.0
LNGN0322,terminal,share_monthly_network_flow,64.78333333333333,65.5,27.0,118.0,21.382783876934347,0.6283422459893049,0,0,8,60,0.0,0.0,0.13333333333333333
LNGN0322,terminal,total_degree,44.233333333333334,40.0,9.0,118.0,23.22649470964517,0.675668449197861,2,6,28,60,0.03333333333333333,0.1,0.4666666666666667
LNGN0322,terminal,total_route_exposure,52.8,50.0,15.0,118.0,21.482196018161453,0.6413992869875222,0,2,14,60,0.0,0.03333333333333333,0.23333333333333334
LNGN0322,terminal,total_strength,66.36666666666666,66.0,32.0,118.0,20.388569967281523,0.6200534759358288,0,0,5,60,0.0,0.0,0.08333333333333333
LNGN0322,terminal,total_voyages,58.266666666666666,58.0,21.0,118.0,20.682315926665353,0.622638146167558,0,0,12,60,0.0,0.0,0.2
LNGN0324,terminal,betweenness,21.533333333333335,22.0,18.0,24.0,1.1118265116871402,0.44777183600713016,0,2,60,60,0.0,0.03333333333333333,1.0
LNGN0324,terminal,eigenvector,75.1,85.0,1.0,125.0,31.517926026579687,0.4407754010695187,7,7,7,60,0.11666666666666667,0.11666666666666667,0.11666666666666667
LNGN0324,terminal,node_throughput,82.38333333333334,85.0,38.0,125.0,18.018908775126413,0.44563279857397503,0,0,1,60,0.0,0.0,0.016666666666666666
LNGN0324,terminal,pagerank,66.5,68.5,4.0,125.0,30.768958603750665,0.5331550802139037,1,7,14,60,0.016666666666666666,0.11666666666666667,0.23333333333333334
LNGN0324,terminal,share_monthly_network_flow,82.38333333333334,85.0,38.0,125.0,18.018908775126413,0.44563279857397503,0,0,1,60,0.0,0.0,0.016666666666666666
LNGN0324,terminal,total_degree,72.93333333333334,68.0,18.0,125.0,23.128870114390836,0.44046345811051696,0,1,3,60,0.0,0.016666666666666666,0.05
LNGN0324,terminal,total_route_exposure,76.26666666666667,77.5,25.0,125.0,21.46725268526709,0.43734402852049914,0,0,2,60,0.0,0.0,0.03333333333333333
LNGN0324,terminal,total_strength,82.95,85.0,40.0,125.0,17.491329571233038,0.443048128342246,0,0,0,60,0.0,0.0,0.0
LNGN0324,terminal,total_voyages,79.18333333333334,83.0,33.0,125.0,19.31671066031852,0.4330213903743315,0,0,1,60,0.0,0.0,0.016666666666666666
LNGN0328,terminal,betweenness,21.533333333333335,22.0,18.0,24.0,1.1118265116871402,0.44777183600713016,0,2,60,60,0.0,0.03333333333333333,1.0
LNGN0328,terminal,eigenvector,2.6333333333333333,2.0,1.0,35.0,4.345138201334977,0.9332442067736185,59,59,60,60,0.9833333333333333,0.9833333333333333,1.0
LNGN0328,terminal,node_throughput,2.45,2.0,1.0,37.0,4.648400490345477,0.9922014260249554,59,59,60,60,0.9833333333333333,0.9833333333333333,1.0
LNGN0328,terminal,pagerank,75.56666666666666,75.0,53.0,99.0,10.069868911113275,0.545187165775401,0,0,0,60,0.0,0.0,0.0
LNGN0328,terminal,share_monthly_network_flow,2.45,2.0,1.0,37.0,4.648400490345477,0.9922014260249554,59,59,60,60,0.9833333333333333,0.9833333333333333,1.0
LNGN0328,terminal,total_degree,34.95,34.0,13.0,59.0,10.726847357788216,0.7565508021390374,0,4,37,60,0.0,0.06666666666666667,0.6166666666666667
LNGN0328,terminal,total_route_exposure,3.466666666666667,3.0,1.0,27.0,3.346977724306758,0.9845811051693405,59,59,60,60,0.9833333333333333,0.9833333333333333,1.0
LNGN0328,terminal,total_strength,6.066666666666666,5.0,2.0,40.0,4.860308515933582,0.9729055258467023,57,59,59,60,0.95,0.9833333333333333,0.9833333333333333
LNGN0328,terminal,total_voyages,2.6666666666666665,2.0,1.0,38.0,4.8735420824466615,0.9901960784313726,58,59,60,60,0.9666666666666667,0.9833333333333333,1.0
LNGN0331,terminal,betweenness,21.533333333333335,22.0,18.0,24.0,1.1118265116871402,0.44777183600713016,0,2,60,60,0.0,0.03333333333333333,1.0
LNGN0331,terminal,eigenvector,61.21666666666667,64.5,1.0,119.0,34.57788637248813,0.5312834224598931,7,9,18,60,0.11666666666666667,0.15,0.3
LNGN0331,terminal,node_throughput,80.01666666666667,86.0,32.0,123.0,20.758083307446043,0.4768270944741533,0,0,2,60,0.0,0.0,0.03333333333333333
LNGN0331,terminal,pagerank,72.61666666666666,73.5,31.0,123.0,21.982343968004947,0.5168449197860963,0,0,3,60,0.0,0.0,0.05
LNGN0331,terminal,share_monthly_network_flow,80.01666666666667,86.0,32.0,123.0,20.758083307446043,0.4768270944741533,0,0,2,60,0.0,0.0,0.03333333333333333
LNGN0331,terminal,total_degree,67.7,62.5,24.0,123.0,24.807940226973397,0.48386809269162206,0,0,8,60,0.0,0.0,0.13333333333333333
LNGN0331,terminal,total_route_exposure,70.76666666666667,71.5,24.0,123.0,24.041889055948392,0.48315508021390374,0,0,5,60,0.0,0.0,0.08333333333333333
LNGN0331,terminal,total_strength,80.56666666666666,86.0,35.0,123.0,20.159841493413285,0.4739750445632798,0,0,2,60,0.0,0.0,0.03333333333333333
LNGN0331,terminal,total_voyages,74.43333333333334,75.5,29.0,123.0,21.95478146961456,0.47263814616755795,0,0,4,60,0.0,0.0,0.06666666666666667
LNGN0334,terminal,betweenness,21.533333333333335,22.0,18.0,24.0,1.1118265116871402,0.44777183600713016,0,2,60,60,0.0,0.03333333333333333,1.0
LNGN0334,terminal,eigenvector,84.95,95.0,1.0,127.0,33.45952525826501,0.3256684491978609,7,7,7,60,0.11666666666666667,0.11666666666666667,0.11666666666666667
LNGN0334,terminal,node_throughput,96.63333333333334,95.0,72.0,127.0,13.243439906798065,0.3285650623885918,0,0,0,60,0.0,0.0,0.0
LNGN0334,terminal,pagerank,89.41666666666667,89.5,53.0,127.0,14.265392123225304,0.3473707664884136,0,0,0,60,0.0,0.0,0.0
LNGN0334,terminal,share_monthly_network_flow,96.63333333333334,95.0,72.0,127.0,13.243439906798065,0.3285650623885918,0,0,0,60,0.0,0.0,0.0
LNGN0334,terminal,total_degree,81.46666666666667,86.5,38.0,127.0,22.373915401544725,0.3709893048128342,0,0,1,60,0.0,0.0,0.016666666666666666
LNGN0334,terminal,total_route_exposure,84.11666666666666,86.5,38.0,127.0,20.17389794244262,0.3643048128342246,0,0,1,60,0.0,0.0,0.016666666666666666
LNGN0334,terminal,total_strength,96.63333333333334,95.0,72.0,127.0,13.243439906798065,0.3285650623885918,0,0,0,60,0.0,0.0,0.0
LNGN0334,terminal,total_voyages,86.43333333333334,89.0,42.0,127.0,18.258377846400297,0.3591354723707665,0,0,0,60,0.0,0.0,0.0
LNGN0344,terminal,betweenness,21.533333333333335,22.0,18.0,24.0,1.1118265116871402,0.44777183600713016,0,2,60,60,0.0,0.03333333333333333,1.0
LNGN0344,terminal,eigenvector,85.36666666666666,95.0,1.0,127.0,33.99898635910086,0.28270944741532983,7,7,7,60,0.11666666666666667,0.11666666666666667,0.11666666666666667
LNGN0344,terminal,node_throughput,97.23333333333333,95.0,67.0,127.0,13.972572002376012,0.25062388591800355,0,0,0,60,0.0,0.0,0.0
LNGN0344,terminal,pagerank,97.11666666666666,95.0,60.0,127.0,14.255646121017586,0.25133689839572193,0,0,0,60,0.0,0.0,0.0
LNGN0344,terminal,share_monthly_network_flow,97.23333333333333,95.0,67.0,127.0,13.972572002376012,0.25062388591800355,0,0,0,60,0.0,0.0,0.0
LNGN0344,terminal,total_degree,96.88333333333334,95.0,46.0,127.0,14.970130335434195,0.25089126559714797,0,0,0,60,0.0,0.0,0.0
LNGN0344,terminal,total_route_exposure,97.05,95.0,56.0,127.0,14.440321373014255,0.25044563279857396,0,0,0,60,0.0,0.0,0.0
LNGN0344,terminal,total_strength,97.26666666666667,95.0,69.0,127.0,13.901428614143382,0.25044563279857396,0,0,0,60,0.0,0.0,0.0
LNGN0344,terminal,total_voyages,97.21666666666667,95.0,66.0,127.0,14.009792781669214,0.25,0,0,0,60,0.0,0.0,0.0
LNGN0345,terminal,betweenness,21.533333333333335,22.0,18.0,24.0,1.1118265116871402,0.44777183600713016,0,2,60,60,0.0,0.03333333333333333,1.0
LNGN0345,terminal,eigenvector,31.716666666666665,32.0,1.0,72.0,17.540357017284038,0.7777183600713012,9,13,38,60,0.15,0.21666666666666667,0.6333333333333333
LNGN0345,terminal,node_throughput,11.033333333333333,10.0,3.0,38.0,4.885005305642789,0.9463012477718361,32,59,60,60,0.5333333333333333,0.9833333333333333,1.0
LNGN0345,terminal,pagerank,75.56666666666666,75.0,53.0,99.0,10.069868911113275,0.545187165775401,0,0,0,60,0.0,0.0,0.0
LNGN0345,terminal,share_monthly_network_flow,11.033333333333333,10.0,3.0,38.0,4.885005305642789,0.9463012477718361,32,59,60,60,0.5333333333333333,0.9833333333333333,1.0
LNGN0345,terminal,total_degree,12.15,10.0,5.0,38.0,5.925598017449951,0.9266042780748662,31,53,60,60,0.5166666666666667,0.8833333333333333,1.0
LNGN0345,terminal,total_route_exposure,8.483333333333333,8.0,2.0,25.0,4.288303629944931,0.9556595365418894,46,58,60,60,0.7666666666666667,0.9666666666666667,1.0
LNGN0345,terminal,total_strength,15.8,15.5,7.0,40.0,5.1840694701350625,0.9208110516934046,8,50,59,60,0.13333333333333333,0.8333333333333334,0.9833333333333333
LNGN0345,terminal,total_voyages,9.85,9.0,3.0,33.0,4.520480700402543,0.9492424242424242,40,59,60,60,0.6666666666666666,0.9833333333333333,1.0
LNGN0347,terminal,betweenness,21.533333333333335,22.0,18.0,24.0,1.1118265116871402,0.44777183600713016,0,2,60,60,0.0,0.03333333333333333,1.0
LNGN0347,terminal,eigenvector,51.7,51.5,1.0,103.0,27.87642221043148,0.6205436720142603,7,8,17,60,0.11666666666666667,0.13333333333333333,0.2833333333333333
LNGN0347,terminal,node_throughput,67.2,66.5,22.0,109.0,19.8065217815937,0.592156862745098,0,0,5,60,0.0,0.0,0.08333333333333333
LNGN0347,terminal,pagerank,59.18333333333333,57.0,17.0,103.0,19.56518151420057,0.6356951871657753,0,1,7,60,0.0,0.016666666666666666,0.11666666666666667
LNGN0347,terminal,share_monthly_network_flow,67.2,66.5,22.0,109.0,19.8065217815937,0.592156862745098,0,0,5,60,0.0,0.0,0.08333333333333333
LNGN0347,terminal,total_degree,54.11666666666667,48.0,24.0,103.0,20.396985209822493,0.5924688057040998,0,0,15,60,0.0,0.0,0.25
LNGN0347,terminal,total_route_exposure,55.43333333333333,51.5,17.0,103.0,21.104555429740888,0.6046345811051694,0,1,13,60,0.0,0.016666666666666666,0.21666666666666667
LNGN0347,terminal,total_strength,68.43333333333334,68.0,27.0,109.0,19.001665106936233,0.5855614973262032,0,0,2,60,0.0,0.0,0.03333333333333333
LNGN0347,terminal,total_voyages,59.8,56.0,21.0,103.0,19.59833960452358,0.5961229946524064,0,0,7,60,0.0,0.0,0.11666666666666667
LNGN0348,terminal,betweenness,21.533333333333335,22.0,18.0,24.0,1.1118265116871402,0.44777183600713016,0,2,60,60,0.0,0.03333333333333333,1.0
LNGN0348,terminal,eigenvector,85.31666666666666,95.0,1.0,127.0,33.51725670718207,0.2892602495543672,7,7,7,60,0.11666666666666667,0.11666666666666667,0.11666666666666667
LNGN0348,terminal,node_throughput,94.78333333333333,95.0,41.0,127.0,16.087780041592662,0.2835561497326203,0,0,0,60,0.0,0.0,0.0
LNGN0348,terminal,pagerank,92.43333333333334,95.0,24.0,127.0,20.850855907861323,0.2962121212121212,0,0,3,60,0.0,0.0,0.05
LNGN0348,terminal,share_monthly_network_flow,94.78333333333333,95.0,41.0,127.0,16.087780041592662,0.2835561497326203,0,0,0,60,0.0,0.0,0.0
LNGN0348,terminal,total_degree,93.18333333333334,95.0,43.0,127.0,18.930283931243977,0.2808377896613191,0,0,0,60,0.0,0.0,0.0
LNGN0348,terminal,total_route_exposure,93.81666666666666,95.0,41.0,127.0,17.873843844716525,0.279144385026738,0,0,0,60,0.0,0.0,0.0
LNGN0348,terminal,total_strength,94.96666666666667,95.0,48.0,127.0,15.619378084655374,0.28262032085561495,0,0,0,60,0.0,0.0,0.0
LNGN0348,terminal,total_voyages,93.7,95.0,37.0,127.0,17.915337619869135,0.2835115864527629,0,0,1,60,0.0,0.0,0.016666666666666666
LNGN0351,terminal,betweenness,21.533333333333335,22.0,18.0,24.0,1.1118265116871402,0.44777183600713016,0,2,60,60,0.0,0.03333333333333333,1.0
LNGN0351,terminal,eigenvector,75.06666666666666,87.0,1.0,118.0,32.254216209308765,0.4375222816399287,7,7,8,60,0.11666666666666667,0.11666666666666667,0.13333333333333333
LNGN0351,terminal,node_throughput,86.23333333333333,87.0,47.0,118.0,16.844620593467017,0.4324420677361854,0,0,0,60,0.0,0.0,0.0
LNGN0351,terminal,pagerank,84.6,86.0,53.0,118.0,14.477568856683085,0.4085115864527629,0,0,0,60,0.0,0.0,0.0
LNGN0351,terminal,share_monthly_network_flow,86.23333333333333,87.0,47.0,118.0,16.844620593467017,0.4324420677361854,0,0,0,60,0.0,0.0,0.0
LNGN0351,terminal,total_degree,71.83333333333333,68.0,31.0,118.0,23.597016952139267,0.45258467023172905,0,0,3,60,0.0,0.0,0.05
LNGN0351,terminal,total_route_exposure,74.31666666666666,76.5,24.0,118.0,23.177642402639506,0.45418894830659534,0,0,6,60,0.0,0.0,0.1
LNGN0351,terminal,total_strength,86.66666666666667,87.0,47.0,118.0,16.351713398706767,0.43021390374331553,0,0,0,60,0.0,0.0,0.0
LNGN0351,terminal,total_voyages,77.16666666666667,76.5,35.0,118.0,20.57410472683403,0.44852941176470584,0,0,1,60,0.0,0.0,0.016666666666666666
LNGN0354,terminal,betweenness,21.533333333333335,22.0,18.0,24.0,1.1118265116871402,0.44777183600713016,0,2,60,60,0.0,0.03333333333333333,1.0
LNGN0354,terminal,eigenvector,78.76666666666667,86.5,1.0,125.0,34.15139110086576,0.37223707664884137,7,7,8,60,0.11666666666666667,0.11666666666666667,0.13333333333333333
LNGN0354,terminal,node_throughput,90.25,89.0,56.0,125.0,17.231843797979543,0.349108734402852,0,0,0,60,0.0,0.0,0.0
LNGN0354,terminal,pagerank,81.15,88.5,24.0,125.0,28.500267616941564,0.3989304812834225,0,0,8,60,0.0,0.0,0.13333333333333333
LNGN0354,terminal,share_monthly_network_flow,90.25,89.0,56.0,125.0,17.231843797979543,0.349108734402852,0,0,0,60,0.0,0.0,0.0
LNGN0354,terminal,total_degree,85.11666666666666,88.5,40.0,125.0,22.704506882298976,0.3453208556149733,0,0,0,60,0.0,0.0,0.0
LNGN0354,terminal,total_route_exposure,86.88333333333334,88.5,47.0,125.0,20.718526603809657,0.343270944741533,0,0,0,60,0.0,0.0,0.0
LNGN0354,terminal,total_strength,90.53333333333333,89.0,57.0,125.0,16.921019589693824,0.3476827094474153,0,0,0,60,0.0,0.0,0.0
LNGN0354,terminal,total_voyages,88.5,89.0,52.0,125.0,18.885471054468105,0.3413992869875223,0,0,0,60,0.0,0.0,0.0
LNGN0359,terminal,betweenness,21.533333333333335,22.0,18.0,24.0,1.1118265116871402,0.44777183600713016,0,2,60,60,0.0,0.03333333333333333,1.0
LNGN0359,terminal,eigenvector,72.83333333333333,81.5,1.0,120.0,33.656876128578304,0.49732620320855614,7,8,9,60,0.11666666666666667,0.13333333333333333,0.15
LNGN0359,terminal,node_throughput,76.4,75.5,23.0,122.0,20.262012549161376,0.5372549019607843,0,0,1,60,0.0,0.0,0.016666666666666666
LNGN0359,terminal,pagerank,58.96666666666667,57.0,17.0,122.0,23.299790256324208,0.6309714795008913,0,1,10,60,0.0,0.016666666666666666,0.16666666666666666
LNGN0359,terminal,share_monthly_network_flow,76.4,75.5,23.0,122.0,20.262012549161376,0.5372549019607843,0,0,1,60,0.0,0.0,0.016666666666666666
LNGN0359,terminal,total_degree,59.53333333333333,56.0,15.0,122.0,23.165189157452716,0.5534313725490195,0,2,9,60,0.0,0.03333333333333333,0.15
LNGN0359,terminal,total_route_exposure,65.53333333333333,63.0,22.0,122.0,20.885049933731626,0.5366310160427807,0,0,3,60,0.0,0.0,0.05
LNGN0359,terminal,total_strength,77.36666666666666,76.0,29.0,122.0,19.423004591067592,0.5321301247771836,0,0,1,60,0.0,0.0,0.016666666666666666
LNGN0359,terminal,total_voyages,68.7,67.0,25.0,122.0,19.92809106661554,0.5354723707664883,0,0,4,60,0.0,0.0,0.06666666666666667
LNGN0361,terminal,betweenness,21.533333333333335,22.0,18.0,24.0,1.1118265116871402,0.44777183600713016,0,2,60,60,0.0,0.03333333333333333,1.0
LNGN0361,terminal,eigenvector,85.41666666666667,95.0,1.0,127.0,33.9856857538316,0.2825311942959002,7,7,7,60,0.11666666666666667,0.11666666666666667,0.11666666666666667
LNGN0361,terminal,node_throughput,97.4,95.0,73.0,127.0,13.681857342443779,0.2499108734402852,0,0,0,60,0.0,0.0,0.0
LNGN0361,terminal,pagerank,96.88333333333334,95.0,44.0,127.0,15.058182827170652,0.25267379679144386,0,0,0,60,0.0,0.0,0.0
LNGN0361,terminal,share_monthly_network_flow,97.4,95.0,73.0,127.0,13.681857342443779,0.2499108734402852,0,0,0,60,0.0,0.0,0.0
LNGN0361,terminal,total_degree,96.81666666666666,95.0,40.0,127.0,15.303142101937432,0.25115864527629234,0,0,0,60,0.0,0.0,0.0
LNGN0361,terminal,total_route_exposure,96.93333333333334,95.0,47.0,127.0,14.883578331664802,0.25084670231729056,0,0,0,60,0.0,0.0,0.0
LNGN0361,terminal,total_strength,97.4,95.0,73.0,127.0,13.681857342443779,0.2499108734402852,0,0,0,60,0.0,0.0,0.0
LNGN0361,terminal,total_voyages,97.01666666666667,95.0,52.0,127.0,14.610759521164901,0.25062388591800355,0,0,0,60,0.0,0.0,0.0
LNGN0362,terminal,betweenness,21.533333333333335,22.0,18.0,24.0,1.1118265116871402,0.44777183600713016,0,2,60,60,0.0,0.03333333333333333,1.0
LNGN0362,terminal,eigenvector,84.25,93.5,1.0,127.0,34.00031156387656,0.31706773618538325,7,7,7,60,0.11666666666666667,0.11666666666666667,0.11666666666666667
LNGN0362,terminal,node_throughput,94.26666666666667,94.0,56.0,127.0,16.16112375127283,0.29795008912655974,0,0,0,60,0.0,0.0,0.0
LNGN0362,terminal,pagerank,89.0,93.5,22.0,127.0,25.48512361013241,0.32664884135472366,0,0,5,60,0.0,0.0,0.08333333333333333
LNGN0362,terminal,share_monthly_network_flow,94.26666666666667,94.0,56.0,127.0,16.16112375127283,0.29795008912655974,0,0,0,60,0.0,0.0,0.0
LNGN0362,terminal,total_degree,91.23333333333333,93.5,44.0,127.0,20.54624108198066,0.29826203208556146,0,0,0,60,0.0,0.0,0.0
LNGN0362,terminal,total_route_exposure,92.3,93.5,50.0,127.0,18.83856484511835,0.2954099821746881,0,0,0,60,0.0,0.0,0.0
LNGN0362,terminal,total_strength,94.45,94.0,57.0,127.0,15.894167995563224,0.29719251336898395,0,0,0,60,0.0,0.0,0.0
LNGN0362,terminal,total_voyages,93.2,93.5,55.0,127.0,17.493630802211072,0.2930035650623886,0,0,0,60,0.0,0.0,0.0
LNGN0363,terminal,betweenness,21.533333333333335,22.0,18.0,24.0,1.1118265116871402,0.44777183600713016,0,2,60,60,0.0,0.03333333333333333,1.0
LNGN0363,terminal,eigenvector,60.1,70.0,1.0,118.0,35.1257788380991,0.5292780748663102,7,7,24,60,0.11666666666666667,0.11666666666666667,0.4
LNGN0363,terminal,node_throughput,77.31666666666666,76.5,33.0,118.0,19.302666599542857,0.5009803921568627,0,0,1,60,0.0,0.0,0.016666666666666666
LNGN0363,terminal,pagerank,64.48333333333333,59.5,20.0,118.0,27.362284860156716,0.5700980392156862,0,0,13,60,0.0,0.0,0.21666666666666667
LNGN0363,terminal,share_monthly_network_flow,77.31666666666666,76.5,33.0,118.0,19.302666599542857,0.5009803921568627,0,0,1,60,0.0,0.0,0.016666666666666666
LNGN0363,terminal,total_degree,66.45,60.5,24.0,118.0,25.503356375988595,0.49674688057041,0,0,9,60,0.0,0.0,0.15
LNGN0363,terminal,total_route_exposure,70.55,67.5,27.0,118.0,22.779283630348534,0.49046345811051695,0,0,2,60,0.0,0.0,0.03333333333333333
LNGN0363,terminal,total_strength,77.95,76.5,35.0,118.0,18.786422251640918,0.49768270944741533,0,0,1,60,0.0,0.0,0.016666666666666666
LNGN0363,terminal,total_voyages,74.45,73.0,31.0,118.0,20.92312401731796,0.48012477718360075,0,0,3,60,0.0,0.0,0.05
LNGN0364,terminal,betweenness,21.533333333333335,22.0,18.0,24.0,1.1118265116871402,0.44777183600713016,0,2,60,60,0.0,0.03333333333333333,1.0
LNGN0364,terminal,eigenvector,84.31666666666666,94.5,1.0,127.0,34.30446512749638,0.28685383244206775,7,7,8,60,0.11666666666666667,0.11666666666666667,0.13333333333333333
LNGN0364,terminal,node_throughput,96.96666666666667,95.0,73.0,127.0,13.336539162622298,0.2503119429590018,0,0,0,60,0.0,0.0,0.0
LNGN0364,terminal,pagerank,96.78333333333333,95.0,73.0,127.0,13.590988623033,0.2516042780748663,0,0,0,60,0.0,0.0,0.0
LNGN0364,terminal,share_monthly_network_flow,96.96666666666667,95.0,73.0,127.0,13.336539162622298,0.2503119429590018,0,0,0,60,0.0,0.0,0.0
LNGN0364,terminal,total_degree,96.61666666666666,95.0,63.0,127.0,13.944310141083871,0.2501336898395722,0,0,0,60,0.0,0.0,0.0
LNGN0364,terminal,total_route_exposure,96.8,95.0,73.0,127.0,13.561910769829359,0.2496434937611408,0,0,0,60,0.0,0.0,0.0
LNGN0364,terminal,total_strength,96.98333333333333,95.0,73.0,127.0,13.320675488886664,0.250222816399287,0,0,0,60,0.0,0.0,0.0
LNGN0364,terminal,total_voyages,96.93333333333334,95.0,73.0,127.0,13.371949728742726,0.24928698752228165,0,0,0,60,0.0,0.0,0.0
LNGN0372,terminal,betweenness,21.533333333333335,22.0,18.0,24.0,1.1118265116871402,0.44777183600713016,0,2,60,60,0.0,0.03333333333333333,1.0
LNGN0372,terminal,eigenvector,77.23333333333333,87.5,1.0,127.0,35.792417844303884,0.3831550802139037,7,7,9,60,0.11666666666666667,0.11666666666666667,0.15
LNGN0372,terminal,node_throughput,91.6,89.5,51.0,127.0,18.19033082693166,0.3403297682709448,0,0,0,60,0.0,0.0,0.0
LNGN0372,terminal,pagerank,85.25,88.5,22.0,127.0,25.287918331869903,0.3748663101604278,0,0,2,60,0.0,0.0,0.03333333333333333
LNGN0372,terminal,share_monthly_network_flow,91.6,89.5,51.0,127.0,18.19033082693166,0.3403297682709448,0,0,0,60,0.0,0.0,0.0
LNGN0372,terminal,total_degree,85.86666666666666,88.5,37.0,127.0,24.19655856372314,0.3429590017825312,0,0,1,60,0.0,0.0,0.016666666666666666
LNGN0372,terminal,total_route_exposure,87.91666666666667,88.5,47.0,127.0,21.462850574941346,0.3372103386809269,0,0,0,60,0.0,0.0,0.0
LNGN0372,terminal,total_strength,91.75,90.5,53.0,127.0,18.00906080800554,0.339572192513369,0,0,0,60,0.0,0.0,0.0
LNGN0372,terminal,total_voyages,89.56666666666666,88.5,47.0,127.0,19.682536927108917,0.3338680926916221,0,0,0,60,0.0,0.0,0.0
LNGN0374,terminal,betweenness,21.533333333333335,22.0,18.0,24.0,1.1118265116871402,0.44777183600713016,0,2,60,60,0.0,0.03333333333333333,1.0
LNGN0374,terminal,eigenvector,59.81666666666667,65.5,1.0,103.0,27.14898734988643,0.618939393939394,7,7,10,60,0.11666666666666667,0.11666666666666667,0.16666666666666666
LNGN0374,terminal,node_throughput,46.71666666666667,45.0,14.0,110.0,19.711557021858738,0.7463458110516934,0,3,24,60,0.0,0.05,0.4
LNGN0374,terminal,pagerank,55.63333333333333,55.5,20.0,95.0,14.85861807414964,0.6992869875222816,0,0,7,60,0.0,0.0,0.11666666666666667
LNGN0374,terminal,share_monthly_network_flow,46.71666666666667,45.0,14.0,110.0,19.711557021858738,0.7463458110516934,0,3,24,60,0.0,0.05,0.4
LNGN0374,terminal,total_degree,33.35,28.5,10.0,95.0,16.758327047283952,0.7685383244206773,1,8,42,60,0.016666666666666666,0.13333333333333333,0.7
LNGN0374,terminal,total_route_exposure,42.516666666666666,37.0,10.0,95.0,16.622928484849755,0.7233511586452762,1,2,31,60,0.016666666666666666,0.03333333333333333,0.5166666666666667
LNGN0374,terminal,total_strength,48.916666666666664,47.0,19.0,110.0,18.59222697674494,0.7345811051693405,0,1,21,60,0.0,0.016666666666666666,0.35
LNGN0374,terminal,total_voyages,40.983333333333334,40.5,12.0,95.0,17.414674959780392,0.7473262032085561,0,4,27,60,0.0,0.06666666666666667,0.45
LNGN0378,terminal,betweenness,21.533333333333335,22.0,18.0,24.0,1.1118265116871402,0.44777183600713016,0,2,60,60,0.0,0.03333333333333333,1.0
LNGN0378,terminal,eigenvector,70.23333333333333,77.0,1.0,104.0,27.72954531931274,0.510873440285205,7,7,7,60,0.11666666666666667,0.11666666666666667,0.11666666666666667
LNGN0378,terminal,node_throughput,71.66666666666667,70.5,35.0,109.0,14.475773644226066,0.5581996434937612,0,0,1,60,0.0,0.0,0.016666666666666666
LNGN0378,terminal,pagerank,80.08333333333333,78.0,66.0,99.0,8.839993225449252,0.468716577540107,0,0,0,60,0.0,0.0,0.0
LNGN0378,terminal,share_monthly_network_flow,71.66666666666667,70.5,35.0,109.0,14.475773644226066,0.5581996434937612,0,0,1,60,0.0,0.0,0.016666666666666666
LNGN0378,terminal,total_degree,45.516666666666666,36.0,17.0,99.0,24.18186157802023,0.6536096256684493,0,2,33,60,0.0,0.03333333333333333,0.55
LNGN0378,terminal,total_route_exposure,53.63333333333333,49.0,27.0,99.0,20.08031894765489,0.6147058823529412,0,0,11,60,0.0,0.0,0.18333333333333332
LNGN0378,terminal,total_strength,72.56666666666666,71.5,38.0,109.0,13.91544278931141,0.5533868092691622,0,0,1,60,0.0,0.0,0.016666666666666666
LNGN0378,terminal,total_voyages,50.18333333333333,45.5,19.0,99.0,22.612049934932635,0.6497326203208557,0,2,23,60,0.0,0.03333333333333333,0.38333333333333336
LNGN0381,terminal,betweenness,21.533333333333335,22.0,18.0,24.0,1.1118265116871402,0.44777183600713016,0,2,60,60,0.0,0.03333333333333333,1.0
LNGN0381,terminal,eigenvector,48.96666666666667,47.5,1.0,120.0,27.05234515769517,0.6776737967914439,7,8,20,60,0.11666666666666667,0.13333333333333333,0.3333333333333333
LNGN0381,terminal,node_throughput,42.766666666666666,41.0,15.0,122.0,19.43643849173346,0.7681372549019607,0,3,26,60,0.0,0.05,0.43333333333333335
LNGN0381,terminal,pagerank,24.666666666666668,18.0,5.0,122.0,19.47677162078874,0.8659982174688057,8,32,52,60,0.13333333333333333,0.5333333333333333,0.8666666666666667
LNGN0381,terminal,share_monthly_network_flow,42.766666666666666,41.0,15.0,122.0,19.43643849173346,0.7681372549019607,0,3,26,60,0.0,0.05,0.43333333333333335
LNGN0381,terminal,total_degree,34.416666666666664,29.0,13.0,122.0,17.753769393670062,0.756283422459893,0,5,43,60,0.0,0.08333333333333333,0.7166666666666667
LNGN0381,terminal,total_route_exposure,37.266666666666666,32.5,15.0,122.0,18.39663442567935,0.7594028520499109,0,6,37,60,0.0,0.1,0.6166666666666667
LNGN0381,terminal,total_strength,45.6,43.0,20.0,122.0,17.959653463872094,0.7531639928698752,0,0,25,60,0.0,0.0,0.4166666666666667
LNGN0381,terminal,total_voyages,38.9,34.5,16.0,122.0,18.53873635830425,0.7598039215686274,0,4,36,60,0.0,0.06666666666666667,0.6
LNGN0382,terminal,betweenness,21.533333333333335,22.0,18.0,24.0,1.1118265116871402,0.44777183600713016,0,2,60,60,0.0,0.03333333333333333,1.0
LNGN0382,terminal,eigenvector,82.83333333333333,93.5,1.0,127.0,35.244024215997996,0.31212121212121213,7,7,8,60,0.11666666666666667,0.11666666666666667,0.13333333333333333
LNGN0382,terminal,node_throughput,94.86666666666666,94.0,54.0,127.0,16.357724207325973,0.28796791443850267,0,0,0,60,0.0,0.0,0.0
LNGN0382,terminal,pagerank,92.85,94.0,48.0,127.0,19.64931965010148,0.2987522281639929,0,0,0,60,0.0,0.0,0.0
LNGN0382,terminal,share_monthly_network_flow,94.86666666666666,94.0,54.0,127.0,16.357724207325973,0.28796791443850267,0,0,0,60,0.0,0.0,0.0
LNGN0382,terminal,total_degree,92.78333333333333,94.0,45.0,127.0,19.800780387520135,0.28672014260249556,0,0,0,60,0.0,0.0,0.0
LNGN0382,terminal,total_route_exposure,93.53333333333333,94.0,52.0,127.0,18.340902392329856,0.28471479500891267,0,0,0,60,0.0,0.0,0.0
LNGN0382,terminal,total_strength,94.98333333333333,94.0,54.0,127.0,16.153387288861573,0.2873440285204991,0,0,0,60,0.0,0.0,0.0
LNGN0382,terminal,total_voyages,94.2,94.0,56.0,127.0,17.189669739780108,0.2829322638146168,0,0,0,60,0.0,0.0,0.0
LNGN0385,terminal,betweenness,21.533333333333335,22.0,18.0,24.0,1.1118265116871402,0.44777183600713016,0,2,60,60,0.0,0.03333333333333333,1.0
LNGN0385,terminal,eigenvector,39.75,41.0,1.0,104.0,25.851351471080882,0.7211229946524064,10,16,28,60,0.16666666666666666,0.26666666666666666,0.4666666666666667
LNGN0385,terminal,node_throughput,33.05,25.0,8.0,104.0,22.06187370071818,0.814795008912656,5,21,41,60,0.08333333333333333,0.35,0.6833333333333333
LNGN0385,terminal,pagerank,36.03333333333333,32.0,6.0,104.0,20.060051089603782,0.799331550802139,4,11,35,60,0.06666666666666667,0.18333333333333332,0.5833333333333334
LNGN0385,terminal,share_monthly_network_flow,33.05,25.0,8.0,104.0,22.06187370071818,0.814795008912656,5,21,41,60,0.08333333333333333,0.35,0.6833333333333333
LNGN0385,terminal,total_degree,35.45,32.5,5.0,104.0,20.743326474322743,0.7462566844919786,4,15,36,60,0.06666666666666667,0.25,0.6
LNGN0385,terminal,total_route_exposure,43.25,40.0,13.0,104.0,19.242101615371205,0.71198752228164,0,5,28,60,0.0,0.08333333333333333,0.4666666666666667
LNGN0385,terminal,total_strength,36.96666666666667,30.5,13.0,104.0,20.281883597434607,0.7938948306595365,0,9,41,60,0.0,0.15,0.6833333333333333
LNGN0385,terminal,total_voyages,35.35,30.0,10.0,104.0,21.236221854276902,0.7793226381461675,2,15,40,60,0.03333333333333333,0.25,0.6666666666666666
LNGN0391,terminal,betweenness,21.533333333333335,22.0,18.0,24.0,1.1118265116871402,0.44777183600713016,0,2,60,60,0.0,0.03333333333333333,1.0
LNGN0391,terminal,eigenvector,79.05,92.5,1.0,127.0,36.72454727946086,0.32954545454545453,7,8,11,60,0.11666666666666667,0.13333333333333333,0.18333333333333332
LNGN0391,terminal,node_throughput,95.08333333333333,94.5,63.0,127.0,14.195119317194154,0.2746880570409982,0,0,0,60,0.0,0.0,0.0
LNGN0391,terminal,pagerank,94.01666666666667,94.0,58.0,127.0,15.002250302014492,0.28048128342245987,0,0,0,60,0.0,0.0,0.0
LNGN0391,terminal,share_monthly_network_flow,95.08333333333333,94.5,63.0,127.0,14.195119317194154,0.2746880570409982,0,0,0,60,0.0,0.0,0.0
LNGN0391,terminal,total_degree,93.21666666666667,94.0,45.0,127.0,16.631694947784435,0.27557932263814616,0,0,0,60,0.0,0.0,0.0
LNGN0391,terminal,total_route_exposure,93.81666666666666,94.0,53.0,127.0,15.523073768073116,0.2751782531194296,0,0,0,60,0.0,0.0,0.0
LNGN0391,terminal,total_strength,95.11666666666666,94.5,63.0,127.0,14.127856443339727,0.27450980392156865,0,0,0,60,0.0,0.0,0.0
LNGN0391,terminal,total_voyages,94.43333333333334,94.0,58.0,127.0,14.542010056975451,0.2731283422459893,0,0,0,60,0.0,0.0,0.0
LNGN0398,terminal,betweenness,21.533333333333335,22.0,18.0,24.0,1.1118265116871402,0.44777183600713016,0,2,60,60,0.0,0.03333333333333333,1.0
LNGN0398,terminal,eigenvector,36.1,28.0,1.0,100.0,25.916881482205987,0.7093582887700535,7,11,39,60,0.11666666666666667,0.18333333333333332,0.65
LNGN0398,terminal,node_throughput,67.0,65.5,35.0,109.0,18.68380972293156,0.5983065953654189,0,0,3,60,0.0,0.0,0.05
LNGN0398,terminal,pagerank,53.65,49.0,14.0,100.0,20.265044631046464,0.6696969696969697,0,1,13,60,0.0,0.016666666666666666,0.21666666666666667
LNGN0398,terminal,share_monthly_network_flow,67.0,65.5,35.0,109.0,18.68380972293156,0.5983065953654189,0,0,3,60,0.0,0.0,0.05
LNGN0398,terminal,total_degree,62.21666666666667,60.0,38.0,100.0,15.075057035804818,0.5316399286987522,0,0,1,60,0.0,0.0,0.016666666666666666
LNGN0398,terminal,total_route_exposure,60.78333333333333,55.0,33.0,100.0,16.94966793001719,0.5708110516934046,0,0,1,60,0.0,0.0,0.016666666666666666
LNGN0398,terminal,total_strength,68.1,67.0,37.0,109.0,17.771334755247018,0.5924242424242424,0,0,2,60,0.0,0.0,0.03333333333333333
LNGN0398,terminal,total_voyages,57.18333333333333,52.5,28.0,100.0,19.09254150821566,0.6157308377896613,0,0,10,60,0.0,0.0,0.16666666666666666
LNGN0405,terminal,betweenness,21.533333333333335,22.0,18.0,24.0,1.1118265116871402,0.44777183600713016,0,2,60,60,0.0,0.03333333333333333,1.0
LNGN0405,terminal,eigenvector,75.76666666666667,88.5,1.0,119.0,34.27425117760139,0.3901960784313726,7,7,11,60,0.11666666666666667,0.11666666666666667,0.18333333333333332
LNGN0405,terminal,node_throughput,88.83333333333333,92.5,23.0,123.0,20.00183607391291,0.35053475935828876,0,0,2,60,0.0,0.0,0.03333333333333333
LNGN0405,terminal,pagerank,84.15,89.0,24.0,123.0,22.92495125034094,0.37598039215686274,0,0,3,60,0.0,0.0,0.05
LNGN0405,terminal,share_monthly_network_flow,88.83333333333333,92.5,23.0,123.0,20.00183607391291,0.35053475935828876,0,0,2,60,0.0,0.0,0.03333333333333333
LNGN0405,terminal,total_degree,84.95,89.0,33.0,123.0,20.897185764627633,0.33877005347593586,0,0,1,60,0.0,0.0,0.016666666666666666
LNGN0405,terminal,total_route_exposure,84.0,89.0,17.0,123.0,23.75225234636547,0.35655080213903745,0,1,4,60,0.0,0.016666666666666666,0.06666666666666667
LNGN0405,terminal,total_strength,89.28333333333333,92.5,29.0,123.0,18.925448445679073,0.34812834224598926,0,0,2,60,0.0,0.0,0.03333333333333333
LNGN0405,terminal,total_voyages,85.63333333333334,89.5,20.0,123.0,22.317407256817862,0.35360962566844917,0,0,3,60,0.0,0.0,0.05
LNGN0421,terminal,betweenness,21.533333333333335,22.0,18.0,24.0,1.1118265116871402,0.44777183600713016,0,2,60,60,0.0,0.03333333333333333,1.0
LNGN0421,terminal,eigenvector,54.85,58.0,1.0,99.0,25.866557822008755,0.6173351158645276,7,7,13,60,0.11666666666666667,0.11666666666666667,0.21666666666666667
LNGN0421,terminal,node_throughput,61.5,61.5,23.0,103.0,23.285625157660053,0.6344919786096257,0,0,12,60,0.0,0.0,0.2
LNGN0421,terminal,pagerank,36.7,31.5,5.0,103.0,25.14116079463506,0.7688948306595366,6,18,40,60,0.1,0.3,0.6666666666666666
LNGN0421,terminal,share_monthly_network_flow,61.5,61.5,23.0,103.0,23.285625157660053,0.6344919786096257,0,0,12,60,0.0,0.0,0.2
LNGN0421,terminal,total_degree,61.15,59.5,39.0,103.0,14.007050282879643,0.5431372549019607,0,0,0,60,0.0,0.0,0.0
LNGN0421,terminal,total_route_exposure,54.18333333333333,55.0,18.0,103.0,22.454844833513658,0.6290552584670231,0,3,18,60,0.0,0.05,0.3
LNGN0421,terminal,total_strength,62.93333333333333,62.0,25.0,103.0,22.163389163416312,0.6272281639928698,0,0,9,60,0.0,0.0,0.15
LNGN0421,terminal,total_voyages,57.666666666666664,58.0,21.0,103.0,21.828815248227354,0.6192513368983957,0,0,13,60,0.0,0.0,0.21666666666666667
LNGN0423,terminal,betweenness,21.533333333333335,22.0,18.0,24.0,1.1118265116871402,0.44777183600713016,0,2,60,60,0.0,0.03333333333333333,1.0
LNGN0423,terminal,eigenvector,54.78333333333333,61.0,1.0,97.0,31.49554268526815,0.5610962566844919,7,9,22,60,0.11666666666666667,0.15,0.36666666666666664
LNGN0423,terminal,node_throughput,78.66666666666667,83.5,37.0,108.0,17.005150432822923,0.46697860962566845,0,0,1,60,0.0,0.0,0.016666666666666666
LNGN0423,terminal,pagerank,83.9,86.5,53.0,99.0,10.689294501937562,0.40432263814616753,0,0,0,60,0.0,0.0,0.0
LNGN0423,terminal,share_monthly_network_flow,78.66666666666667,83.5,37.0,108.0,17.005150432822923,0.46697860962566845,0,0,1,60,0.0,0.0,0.016666666666666666
LNGN0423,terminal,total_degree,62.61666666666667,63.0,17.0,99.0,27.216079286910755,0.515017825311943,0,1,18,60,0.0,0.016666666666666666,0.3
LNGN0423,terminal,total_route_exposure,65.93333333333334,69.0,21.0,99.0,24.556311396024668,0.5051693404634582,0,0,12,60,0.0,0.0,0.2
LNGN0423,terminal,total_strength,79.31666666666666,84.0,42.0,108.0,16.162827897670553,0.4634581105169341,0,0,0,60,0.0,0.0,0.0
LNGN0423,terminal,total_voyages,69.71666666666667,75.0,29.0,99.0,21.369304507663404,0.49286987522281644,0,0,5,60,0.0,0.0,0.08333333333333333
LNGN0425,terminal,betweenness,21.533333333333335,22.0,18.0,24.0,1.1118265116871402,0.44777183600713016,0,2,60,60,0.0,0.03333333333333333,1.0
LNGN0425,terminal,eigenvector,83.96666666666667,91.5,1.0,127.0,33.16009786468491,0.32811942959001783,7,7,7,60,0.11666666666666667,0.11666666666666667,0.11666666666666667
LNGN0425,terminal,node_throughput,95.65,94.0,73.0,127.0,13.551940257607498,0.29977718360071304,0,0,0,60,0.0,0.0,0.0
LNGN0425,terminal,pagerank,89.26666666666667,89.5,31.0,127.0,19.76460341172064,0.3340909090909091,0,0,1,60,0.0,0.0,0.016666666666666666
LNGN0425,terminal,share_monthly_network_flow,95.65,94.0,73.0,127.0,13.551940257607498,0.29977718360071304,0,0,0,60,0.0,0.0,0.0
LNGN0425,terminal,total_degree,89.01666666666667,89.5,50.0,127.0,19.542644952805457,0.31323529411764706,0,0,0,60,0.0,0.0,0.0
LNGN0425,terminal,total_route_exposure,90.51666666666667,89.5,55.0,127.0,17.53301164019294,0.3092245989304813,0,0,0,60,0.0,0.0,0.0
LNGN0425,terminal,total_strength,95.66666666666667,94.0,73.0,127.0,13.532968740740264,0.2996880570409982,0,0,0,60,0.0,0.0,0.0
LNGN0425,terminal,total_voyages,92.0,90.5,64.0,127.0,15.75447205813348,0.30525846702317294,0,0,0,60,0.0,0.0,0.0
LNGN0426,terminal,betweenness,21.533333333333335,22.0,18.0,24.0,1.1118265116871402,0.44777183600713016,0,2,60,60,0.0,0.03333333333333333,1.0
LNGN0426,terminal,eigenvector,62.666666666666664,72.0,1.0,110.0,29.90984570432447,0.5729500891265596,7,8,10,60,0.11666666666666667,0.13333333333333333,0.16666666666666666
LNGN0426,terminal,node_throughput,62.05,56.5,20.0,114.0,21.03703352806704,0.620855614973262,0,0,7,60,0.0,0.0,0.11666666666666667
LNGN0426,terminal,pagerank,38.78333333333333,28.5,4.0,114.0,28.921923926596225,0.7467023172905526,4,15,43,60,0.06666666666666667,0.25,0.7166666666666667
LNGN0426,terminal,share_monthly_network_flow,62.05,56.5,20.0,114.0,21.03703352806704,0.620855614973262,0,0,7,60,0.0,0.0,0.11666666666666667
LNGN0426,terminal,total_degree,55.6,50.0,24.0,114.0,21.9608279921704,0.5828877005347594,0,0,14,60,0.0,0.0,0.23333333333333334
LNGN0426,terminal,total_route_exposure,57.38333333333333,50.0,29.0,114.0,21.786398856654646,0.5976827094474153,0,0,12,60,0.0,0.0,0.2
LNGN0426,terminal,total_strength,63.483333333333334,58.5,25.0,114.0,20.077385597467078,0.6132798573975045,0,0,6,60,0.0,0.0,0.1
LNGN0426,terminal,total_voyages,60.68333333333333,54.5,24.0,114.0,20.58590242207209,0.5899286987522282,0,0,5,60,0.0,0.0,0.08333333333333333
LNGN0427,terminal,betweenness,21.533333333333335,22.0,18.0,24.0,1.1118265116871402,0.44777183600713016,0,2,60,60,0.0,0.03333333333333333,1.0
LNGN0427,terminal,eigenvector,84.75,93.0,1.0,126.0,33.46165272950262,0.407174688057041,7,7,7,60,0.11666666666666667,0.11666666666666667,0.11666666666666667
LNGN0427,terminal,node_throughput,95.76666666666667,93.5,71.0,125.0,13.260578337806663,0.44166666666666665,0,0,0,60,0.0,0.0,0.0
LNGN0427,terminal,pagerank,61.05,61.0,24.0,118.0,23.1417335242733,0.6281194295900179,0,0,11,60,0.0,0.0,0.18333333333333332
LNGN0427,terminal,share_monthly_network_flow,95.76666666666667,93.5,71.0,125.0,13.260578337806663,0.44166666666666665,0,0,0,60,0.0,0.0,0.0
LNGN0427,terminal,total_degree,63.78333333333333,59.5,38.0,118.0,17.82313452493094,0.5257575757575758,0,0,1,60,0.0,0.0,0.016666666666666666
LNGN0427,terminal,total_route_exposure,69.83333333333333,68.0,40.0,118.0,16.575627059914765,0.5095811051693404,0,0,0,60,0.0,0.0,0.0
LNGN0427,terminal,total_strength,95.76666666666667,93.5,71.0,125.0,13.260578337806663,0.44166666666666665,0,0,0,60,0.0,0.0,0.0
LNGN0427,terminal,total_voyages,69.48333333333333,66.5,40.0,118.0,16.801424139261076,0.5363636363636364,0,0,0,60,0.0,0.0,0.0
LNGN0428,terminal,betweenness,21.533333333333335,22.0,18.0,24.0,1.1118265116871402,0.44777183600713016,0,2,60,60,0.0,0.03333333333333333,1.0
LNGN0428,terminal,eigenvector,65.36666666666666,70.5,1.0,127.0,36.115148550189566,0.47967914438502673,7,8,13,60,0.11666666666666667,0.13333333333333333,0.21666666666666667
LNGN0428,terminal,node_throughput,82.83333333333333,83.0,35.0,127.0,20.88805243346724,0.4285650623885918,0,0,1,60,0.0,0.0,0.016666666666666666
LNGN0428,terminal,pagerank,78.45,77.5,14.0,127.0,24.96602776520288,0.45258467023172905,0,1,2,60,0.0,0.016666666666666666,0.03333333333333333
LNGN0428,terminal,share_monthly_network_flow,82.83333333333333,83.0,35.0,127.0,20.88805243346724,0.4285650623885918,0,0,1,60,0.0,0.0,0.016666666666666666
LNGN0428,terminal,total_degree,74.83333333333333,77.0,22.0,127.0,27.731867899136205,0.4288770053475936,0,0,6,60,0.0,0.0,0.1
LNGN0428,terminal,total_route_exposure,76.3,77.0,23.0,127.0,26.74632875171685,0.43337789661319076,0,0,3,60,0.0,0.0,0.05
LNGN0428,terminal,total_strength,83.5,83.5,39.0,127.0,20.101016080229055,0.42508912655971476,0,0,0,60,0.0,0.0,0.0
LNGN0428,terminal,total_voyages,79.56666666666666,79.5,31.0,127.0,23.408941263402888,0.4213458110516934,0,0,1,60,0.0,0.0,0.016666666666666666
LNGN0429,terminal,betweenness,21.533333333333335,22.0,18.0,24.0,1.1118265116871402,0.44777183600713016,0,2,60,60,0.0,0.03333333333333333,1.0
LNGN0429,terminal,eigenvector,78.98333333333333,89.0,1.0,127.0,36.383779057858646,0.36844919786096253,7,8,8,60,0.11666666666666667,0.13333333333333333,0.13333333333333333
LNGN0429,terminal,node_throughput,91.88333333333334,89.5,41.0,127.0,19.063757136466876,0.3327540106951872,0,0,0,60,0.0,0.0,0.0
LNGN0429,terminal,pagerank,87.16666666666667,89.5,22.0,127.0,25.87660855012683,0.35895721925133695,0,0,3,60,0.0,0.0,0.05
LNGN0429,terminal,share_monthly_network_flow,91.88333333333334,89.5,41.0,127.0,19.063757136466876,0.3327540106951872,0,0,0,60,0.0,0.0,0.0
LNGN0429,terminal,total_degree,87.3,89.5,24.0,127.0,25.680105073970584,0.33707664884135474,0,0,4,60,0.0,0.0,0.06666666666666667
LNGN0429,terminal,total_route_exposure,88.46666666666667,89.5,31.0,127.0,23.786099534674577,0.334982174688057,0,0,2,60,0.0,0.0,0.03333333333333333
LNGN0429,terminal,total_strength,92.15,89.5,43.0,127.0,18.643692985446656,0.3314616755793226,0,0,0,60,0.0,0.0,0.0
LNGN0429,terminal,total_voyages,89.96666666666667,89.5,39.0,127.0,21.55872285348663,0.329590017825312,0,0,0,60,0.0,0.0,0.0
LNGN0435,terminal,betweenness,21.533333333333335,22.0,18.0,24.0,1.1118265116871402,0.44777183600713016,0,2,60,60,0.0,0.03333333333333333,1.0
LNGN0435,terminal,eigenvector,79.76666666666667,89.0,1.0,120.0,32.05576003485846,0.48012477718360075,7,7,7,60,0.11666666666666667,0.11666666666666667,0.11666666666666667
LNGN0435,terminal,node_throughput,91.16666666666667,89.5,60.0,117.0,12.689468029435144,0.5123885918003565,0,0,0,60,0.0,0.0,0.0
LNGN0435,terminal,pagerank,75.81666666666666,75.5,53.0,99.0,10.065028676555617,0.5398395721925133,0,0,0,60,0.0,0.0,0.0
LNGN0435,terminal,share_monthly_network_flow,91.16666666666667,89.5,60.0,117.0,12.689468029435144,0.5123885918003565,0,0,0,60,0.0,0.0,0.0
LNGN0435,terminal,total_degree,32.38333333333333,30.5,13.0,83.0,13.061901731224218,0.7774955436720142,0,5,46,60,0.0,0.08333333333333333,0.7666666666666667
LNGN0435,terminal,total_route_exposure,39.333333333333336,38.5,13.0,83.0,14.624876261005342,0.7487076648841354,0,5,30,60,0.0,0.08333333333333333,0.5
LNGN0435,terminal,total_strength,91.28333333333333,90.0,62.0,117.0,12.521292599471595,0.511764705882353,0,0,0,60,0.0,0.0,0.0
LNGN0435,terminal,total_voyages,37.916666666666664,36.0,11.0,83.0,16.092204309789963,0.7717023172905526,0,8,37,60,0.0,0.13333333333333333,0.6166666666666667
LNGN0437,terminal,betweenness,21.533333333333335,22.0,18.0,24.0,1.1118265116871402,0.44777183600713016,0,2,60,60,0.0,0.03333333333333333,1.0
LNGN0437,terminal,eigenvector,41.166666666666664,34.0,1.0,100.0,28.63100527883777,0.6645276292335116,7,10,35,60,0.11666666666666667,0.16666666666666666,0.5833333333333334
LNGN0437,terminal,node_throughput,66.75,64.5,33.0,100.0,17.74549357929729,0.5770944741532976,0,0,3,60,0.0,0.0,0.05
LNGN0437,terminal,pagerank,57.36666666666667,52.5,26.0,100.0,21.031829523542278,0.6276737967914437,0,0,10,60,0.0,0.0,0.16666666666666666
LNGN0437,terminal,share_monthly_network_flow,66.75,64.5,33.0,100.0,17.74549357929729,0.5770944741532976,0,0,3,60,0.0,0.0,0.05
LNGN0437,terminal,total_degree,62.2,61.0,28.0,100.0,19.38617365066039,0.5234402852049911,0,0,7,60,0.0,0.0,0.11666666666666667
LNGN0437,terminal,total_route_exposure,63.3,62.0,30.0,100.0,18.9649989834083,0.5462121212121213,0,0,4,60,0.0,0.0,0.06666666666666667
LNGN0437,terminal,total_strength,67.76666666666667,65.5,36.0,100.0,17.054614830175723,0.5717023172905527,0,0,2,60,0.0,0.0,0.03333333333333333
LNGN0437,terminal,total_voyages,65.85,64.5,36.0,100.0,17.493655024085022,0.5455436720142602,0,0,2,60,0.0,0.0,0.03333333333333333
LNGN0441,terminal,betweenness,21.533333333333335,22.0,18.0,24.0,1.1118265116871402,0.44777183600713016,0,2,60,60,0.0,0.03333333333333333,1.0
LNGN0441,terminal,eigenvector,67.88333333333334,78.0,1.0,107.0,27.924287264119016,0.5620766488413548,7,7,8,60,0.11666666666666667,0.11666666666666667,0.13333333333333333
LNGN0441,terminal,node_throughput,53.983333333333334,51.5,19.0,100.0,18.07750889043111,0.6942513368983957,0,1,13,60,0.0,0.016666666666666666,0.21666666666666667
LNGN0441,terminal,pagerank,77.28333333333333,76.0,53.0,100.0,10.502770686366313,0.5185383244206774,0,0,0,60,0.0,0.0,0.0
LNGN0441,terminal,share_monthly_network_flow,53.983333333333334,51.5,19.0,100.0,18.07750889043111,0.6942513368983957,0,1,13,60,0.0,0.016666666666666666,0.21666666666666667
LNGN0441,terminal,total_degree,44.78333333333333,42.0,24.0,100.0,16.94266669690046,0.6737522281639928,0,0,24,60,0.0,0.0,0.4
LNGN0441,terminal,total_route_exposure,42.0,38.5,13.0,100.0,19.276753366139822,0.7191622103386809,0,3,30,60,0.0,0.05,0.5
LNGN0441,terminal,total_strength,55.68333333333333,53.0,27.0,100.0,17.119214763659397,0.6851604278074866,0,0,10,60,0.0,0.0,0.16666666666666666
LNGN0441,terminal,total_voyages,48.03333333333333,45.0,17.0,100.0,18.369989035792624,0.6927361853832442,0,2,20,60,0.0,0.03333333333333333,0.3333333333333333
LNGN0442,terminal,betweenness,21.533333333333335,22.0,18.0,24.0,1.1118265116871402,0.44777183600713016,0,2,60,60,0.0,0.03333333333333333,1.0
LNGN0442,terminal,eigenvector,80.25,89.5,1.0,125.0,31.57483711728455,0.3673351158645276,7,7,7,60,0.11666666666666667,0.11666666666666667,0.11666666666666667
LNGN0442,terminal,node_throughput,87.1,89.0,34.0,125.0,16.27694636751155,0.36345811051693405,0,0,1,60,0.0,0.0,0.016666666666666666
LNGN0442,terminal,pagerank,85.28333333333333,88.0,27.0,125.0,18.316512571129955,0.37459893048128345,0,0,2,60,0.0,0.0,0.03333333333333333
LNGN0442,terminal,share_monthly_network_flow,87.1,89.0,34.0,125.0,16.27694636751155,0.36345811051693405,0,0,1,60,0.0,0.0,0.016666666666666666
LNGN0442,terminal,total_degree,80.4,87.5,16.0,125.0,23.554624577416863,0.36965240641711233,0,1,4,60,0.0,0.016666666666666666,0.06666666666666667
LNGN0442,terminal,total_route_exposure,83.58333333333333,87.5,21.0,125.0,19.9450870435589,0.3586007130124777,0,0,2,60,0.0,0.0,0.03333333333333333
LNGN0442,terminal,total_strength,87.51666666666667,89.0,38.0,125.0,15.606921179417963,0.361319073083779,0,0,1,60,0.0,0.0,0.016666666666666666
LNGN0442,terminal,total_voyages,85.23333333333333,88.0,31.0,125.0,18.01634537204956,0.35561497326203206,0,0,1,60,0.0,0.0,0.016666666666666666
LNGN0447,terminal,betweenness,21.533333333333335,22.0,18.0,24.0,1.1118265116871402,0.44777183600713016,0,2,60,60,0.0,0.03333333333333333,1.0
LNGN0447,terminal,eigenvector,80.21666666666667,90.5,1.0,125.0,35.543285459323215,0.32927807486631017,7,7,9,60,0.11666666666666667,0.11666666666666667,0.15
LNGN0447,terminal,node_throughput,95.88333333333334,94.5,60.0,125.0,14.596367863350789,0.2802584670231729,0,0,0,60,0.0,0.0,0.0
LNGN0447,terminal,pagerank,93.23333333333333,94.0,39.0,125.0,17.472852227720328,0.2947415329768271,0,0,0,60,0.0,0.0,0.0
LNGN0447,terminal,share_monthly_network_flow,95.88333333333334,94.5,60.0,125.0,14.596367863350789,0.2802584670231729,0,0,0,60,0.0,0.0,0.0
LNGN0447,terminal,total_degree,92.45,94.0,43.0,125.0,18.50004580846368,0.28565062388591805,0,0,0,60,0.0,0.0,0.0
LNGN0447,terminal,total_route_exposure,93.1,94.0,49.0,125.0,17.35833702883948,0.2839126559714795,0,0,0,60,0.0,0.0,0.0
LNGN0447,terminal,total_strength,95.95,94.5,60.0,125.0,14.505901779643969,0.27994652406417114,0,0,0,60,0.0,0.0,0.0
LNGN0447,terminal,total_voyages,94.18333333333334,94.0,56.0,125.0,15.578659530536044,0.28101604278074865,0,0,0,60,0.0,0.0,0.0
LNGN0449,terminal,betweenness,21.533333333333335,22.0,18.0,24.0,1.1118265116871402,0.44777183600713016,0,2,60,60,0.0,0.03333333333333333,1.0
LNGN0449,terminal,eigenvector,53.766666666666666,55.5,1.0,99.0,26.762842104569618,0.6103386809269161,7,7,14,60,0.11666666666666667,0.11666666666666667,0.23333333333333334
LNGN0449,terminal,node_throughput,58.016666666666666,51.0,21.0,103.0,22.907693672182084,0.6367647058823529,0,0,9,60,0.0,0.0,0.15
LNGN0449,terminal,pagerank,36.0,24.5,9.0,103.0,28.169583307688686,0.7548128342245989,2,22,45,60,0.03333333333333333,0.36666666666666664,0.75
LNGN0449,terminal,share_monthly_network_flow,58.016666666666666,51.0,21.0,103.0,22.907693672182084,0.6367647058823529,0,0,9,60,0.0,0.0,0.15
LNGN0449,terminal,total_degree,63.61666666666667,61.0,38.0,103.0,15.14908026146675,0.5185383244206774,0,0,1,60,0.0,0.0,0.016666666666666666
LNGN0449,terminal,total_route_exposure,60.333333333333336,60.5,25.0,103.0,20.231429372718008,0.5718805704099822,0,0,9,60,0.0,0.0,0.15
LNGN0449,terminal,total_strength,59.35,52.5,25.0,103.0,21.88399693917677,0.6297682709447415,0,0,8,60,0.0,0.0,0.13333333333333333
LNGN0449,terminal,total_voyages,58.0,52.0,23.0,103.0,20.36114611672046,0.6066399286987523,0,0,9,60,0.0,0.0,0.15
LNGN0452,terminal,betweenness,21.533333333333335,22.0,18.0,24.0,1.1118265116871402,0.44777183600713016,0,2,60,60,0.0,0.03333333333333333,1.0
LNGN0452,terminal,eigenvector,32.81666666666667,34.0,1.0,68.0,17.168646696188116,0.7718360071301248,8,11,38,60,0.13333333333333333,0.18333333333333332,0.6333333333333333
LNGN0452,terminal,node_throughput,8.0,7.0,2.0,20.0,3.4346193631160244,0.9625668449197862,54,59,60,60,0.9,0.9833333333333333,1.0
LNGN0452,terminal,pagerank,75.56666666666666,75.0,53.0,99.0,10.069868911113275,0.545187165775401,0,0,0,60,0.0,0.0,0.0
LNGN0452,terminal,share_monthly_network_flow,8.0,7.0,2.0,20.0,3.4346193631160244,0.9625668449197862,54,59,60,60,0.9,0.9833333333333333,1.0
LNGN0452,terminal,total_degree,12.333333333333334,12.0,2.0,30.0,5.219476779631014,0.9275401069518717,22,56,60,60,0.36666666666666664,0.9333333333333333,1.0
LNGN0452,terminal,total_route_exposure,12.516666666666667,12.0,1.0,28.0,5.325002320892839,0.9327985739750446,24,53,60,60,0.4,0.8833333333333333,1.0
LNGN0452,terminal,total_strength,12.266666666666667,11.0,5.0,23.0,4.0457831852338435,0.9397504456327985,25,56,60,60,0.4166666666666667,0.9333333333333333,1.0
LNGN0452,terminal,total_voyages,6.966666666666667,6.0,1.0,20.0,3.5889031734919468,0.9660873440285206,54,59,60,60,0.9,0.9833333333333333,1.0
LNGN0453,terminal,betweenness,21.533333333333335,22.0,18.0,24.0,1.1118265116871402,0.44777183600713016,0,2,60,60,0.0,0.03333333333333333,1.0
LNGN0453,terminal,eigenvector,82.16666666666667,87.5,1.0,125.0,33.66140810305216,0.3746880570409982,7,7,7,60,0.11666666666666667,0.11666666666666667,0.11666666666666667
LNGN0453,terminal,node_throughput,92.85,89.0,62.0,125.0,15.86470872883733,0.36002673796791446,0,0,0,60,0.0,0.0,0.0
LNGN0453,terminal,pagerank,83.18333333333334,86.5,40.0,125.0,24.85789556159999,0.4119429590017825,0,0,0,60,0.0,0.0,0.0
LNGN0453,terminal,share_monthly_network_flow,92.85,89.0,62.0,125.0,15.86470872883733,0.36002673796791446,0,0,0,60,0.0,0.0,0.0
LNGN0453,terminal,total_degree,82.21666666666667,86.5,38.0,125.0,25.94524329655658,0.3771390374331551,0,0,1,60,0.0,0.0,0.016666666666666666
LNGN0453,terminal,total_route_exposure,84.33333333333333,86.5,40.0,125.0,23.847443573090832,0.37272727272727274,0,0,0,60,0.0,0.0,0.0
LNGN0453,terminal,total_strength,92.98333333333333,89.0,63.0,125.0,15.739932662689132,0.3593582887700535,0,0,0,60,0.0,0.0,0.0
LNGN0453,terminal,total_voyages,86.46666666666667,87.5,45.0,125.0,21.77034732379964,0.3677361853832442,0,0,0,60,0.0,0.0,0.0
LNGN0460,terminal,betweenness,21.533333333333335,22.0,18.0,24.0,1.1118265116871402,0.44777183600713016,0,2,60,60,0.0,0.03333333333333333,1.0
LNGN0460,terminal,eigenvector,62.61666666666667,66.0,1.0,115.0,32.494115069105874,0.569073083778966,8,9,12,60,0.13333333333333333,0.15,0.2
LNGN0460,terminal,node_throughput,65.08333333333333,62.5,22.0,117.0,21.950091051636694,0.6135918003565062,0,0,5,60,0.0,0.0,0.08333333333333333
LNGN0460,terminal,pagerank,48.483333333333334,42.5,12.0,116.0,23.95935234875416,0.7032085561497327,0,3,26,60,0.0,0.05,0.43333333333333335
LNGN0460,terminal,share_monthly_network_flow,65.08333333333333,62.5,22.0,117.0,21.950091051636694,0.6135918003565062,0,0,5,60,0.0,0.0,0.08333333333333333
LNGN0460,terminal,total_degree,49.78333333333333,42.5,10.0,116.0,24.08958679783436,0.6304367201426025,1,2,25,60,0.016666666666666666,0.03333333333333333,0.4166666666666667
LNGN0460,terminal,total_route_exposure,54.266666666666666,49.5,15.0,116.0,22.88131994138203,0.6250891265597148,0,3,13,60,0.0,0.05,0.21666666666666667
LNGN0460,terminal,total_strength,66.48333333333333,64.0,27.0,117.0,21.00644910390146,0.6063279857397504,0,0,5,60,0.0,0.0,0.08333333333333333
LNGN0460,terminal,total_voyages,59.45,56.0,21.0,116.0,21.575586485734053,0.6056595365418895,0,0,11,60,0.0,0.0,0.18333333333333332
LNGN0463,terminal,betweenness,21.533333333333335,22.0,18.0,24.0,1.1118265116871402,0.44777183600713016,0,2,60,60,0.0,0.03333333333333333,1.0
LNGN0463,terminal,eigenvector,28.366666666666667,24.5,1.0,87.0,18.928023047776936,0.7859625668449197,7,23,44,60,0.11666666666666667,0.38333333333333336,0.7333333333333333
LNGN0463,terminal,node_throughput,47.166666666666664,43.5,16.0,94.0,18.477807730655535,0.7377450980392157,0,1,21,60,0.0,0.016666666666666666,0.35
LNGN0463,terminal,pagerank,26.883333333333333,20.5,2.0,90.0,21.16928672782746,0.847638146167558,10,28,47,60,0.16666666666666666,0.4666666666666667,0.7833333333333333
LNGN0463,terminal,share_monthly_network_flow,47.166666666666664,43.5,16.0,94.0,18.477807730655535,0.7377450980392157,0,1,21,60,0.0,0.016666666666666666,0.35
LNGN0463,terminal,total_degree,36.95,32.5,14.0,90.0,16.83058656339097,0.7371657754010695,0,5,38,60,0.0,0.08333333333333333,0.6333333333333333
LNGN0463,terminal,total_route_exposure,37.5,32.5,13.0,90.0,17.4564834247715,0.7536096256684492,0,5,36,60,0.0,0.08333333333333333,0.6
LNGN0463,terminal,total_strength,49.7,46.0,23.0,96.0,17.47860677843787,0.7244206773618539,0,0,15,60,0.0,0.0,0.25
LNGN0463,terminal,total_voyages,43.31666666666667,39.5,13.0,92.0,18.160762011439886,0.7288770053475936,0,2,28,60,0.0,0.03333333333333333,0.4666666666666667
LNGN0464,terminal,betweenness,21.533333333333335,22.0,18.0,24.0,1.1118265116871402,0.44777183600713016,0,2,60,60,0.0,0.03333333333333333,1.0
LNGN0464,terminal,eigenvector,50.516666666666666,55.5,1.0,92.0,21.894579211988898,0.6725935828877005,7,7,11,60,0.11666666666666667,0.11666666666666667,0.18333333333333332
LNGN0464,terminal,node_throughput,24.25,18.0,7.0,84.0,15.822773760991637,0.871078431372549,3,31,51,60,0.05,0.5166666666666667,0.85
LNGN0464,terminal,pagerank,36.15,35.0,12.0,84.0,13.37316437585842,0.8074420677361853,0,5,38,60,0.0,0.08333333333333333,0.6333333333333333
LNGN0464,terminal,share_monthly_network_flow,24.25,18.0,7.0,84.0,15.822773760991637,0.871078431372549,3,31,51,60,0.05,0.5166666666666667,0.85
LNGN0464,terminal,total_degree,29.7,29.0,13.0,84.0,10.071439733478266,0.7961675579322639,0,5,55,60,0.0,0.08333333333333333,0.9166666666666666
LNGN0464,terminal,total_route_exposure,34.55,33.0,13.0,84.0,11.67994804957102,0.7805704099821748,0,4,39,60,0.0,0.06666666666666667,0.65
LNGN0464,terminal,total_strength,28.683333333333334,25.0,13.0,84.0,14.433355514655261,0.8473707664884136,0,15,50,60,0.0,0.25,0.8333333333333334
LNGN0464,terminal,total_voyages,20.866666666666667,16.0,4.0,84.0,13.809192058579479,0.8782976827094474,6,40,54,60,0.1,0.6666666666666666,0.9
LNGN0472,terminal,betweenness,21.533333333333335,22.0,18.0,24.0,1.1118265116871402,0.44777183600713016,0,2,60,60,0.0,0.03333333333333333,1.0
LNGN0472,terminal,eigenvector,55.35,47.5,1.0,125.0,34.776197295062104,0.5645276292335116,7,7,23,60,0.11666666666666667,0.11666666666666667,0.38333333333333336
LNGN0472,terminal,node_throughput,83.56666666666666,84.5,37.0,125.0,19.181882930733394,0.4634581105169341,0,0,1,60,0.0,0.0,0.016666666666666666
LNGN0472,terminal,pagerank,71.96666666666667,70.5,22.0,125.0,22.717846838372502,0.5262923351158645,0,0,2,60,0.0,0.0,0.03333333333333333
LNGN0472,terminal,share_monthly_network_flow,83.56666666666666,84.5,37.0,125.0,19.181882930733394,0.4634581105169341,0,0,1,60,0.0,0.0,0.016666666666666666
LNGN0472,terminal,total_degree,69.46666666666667,63.0,28.0,125.0,23.867903891171345,0.47188057040998216,0,0,4,60,0.0,0.0,0.06666666666666667
LNGN0472,terminal,total_route_exposure,73.78333333333333,73.0,31.0,125.0,21.937578367558444,0.46501782531194297,0,0,2,60,0.0,0.0,0.03333333333333333
LNGN0472,terminal,total_strength,84.03333333333333,84.5,38.0,125.0,18.654727820488226,0.46096256684491976,0,0,1,60,0.0,0.0,0.016666666666666666
LNGN0472,terminal,total_voyages,77.78333333333333,77.0,34.0,125.0,19.655586747677624,0.4557486631016043,0,0,1,60,0.0,0.0,0.016666666666666666
LNGN0473,terminal,betweenness,21.533333333333335,22.0,18.0,24.0,1.1118265116871402,0.44777183600713016,0,2,60,60,0.0,0.03333333333333333,1.0
LNGN0473,terminal,eigenvector,41.4,22.0,1.0,104.0,36.40925566810017,0.6663992869875223,9,24,38,60,0.15,0.4,0.6333333333333333
LNGN0473,terminal,node_throughput,71.43333333333334,73.5,16.0,119.0,23.14315556957422,0.5548128342245989,0,2,5,60,0.0,0.03333333333333333,0.08333333333333333
LNGN0473,terminal,pagerank,62.71666666666667,66.5,9.0,106.0,25.407253512992035,0.6031639928698752,1,3,11,60,0.016666666666666666,0.05,0.18333333333333332
LNGN0473,terminal,share_monthly_network_flow,71.43333333333334,73.5,16.0,119.0,23.14315556957422,0.5548128342245989,0,2,5,60,0.0,0.03333333333333333,0.08333333333333333
LNGN0473,terminal,total_degree,62.11666666666667,59.5,18.0,106.0,22.83774133706158,0.5302139037433155,0,1,9,60,0.0,0.016666666666666666,0.15
LNGN0473,terminal,total_route_exposure,67.35,67.5,19.0,106.0,21.679346572178094,0.517825311942959,0,1,6,60,0.0,0.016666666666666666,0.1
LNGN0473,terminal,total_strength,72.56666666666666,74.5,19.0,119.0,22.20579147747819,0.5489304812834225,0,1,4,60,0.0,0.016666666666666666,0.06666666666666667
LNGN0473,terminal,total_voyages,69.21666666666667,72.5,15.0,106.0,22.636472494751686,0.5260249554367201,0,1,6,60,0.0,0.016666666666666666,0.1
LNGN0474,terminal,betweenness,21.533333333333335,22.0,18.0,24.0,1.1118265116871402,0.44777183600713016,0,2,60,60,0.0,0.03333333333333333,1.0
LNGN0474,terminal,eigenvector,73.06666666666666,82.5,1.0,111.0,29.458311058094967,0.5231729055258467,7,7,7,60,0.11666666666666667,0.11666666666666667,0.11666666666666667
LNGN0474,terminal,node_throughput,55.78333333333333,56.0,18.0,94.0,18.594779353599215,0.6690730837789662,0,1,10,60,0.0,0.016666666666666666,0.16666666666666666
LNGN0474,terminal,pagerank,32.916666666666664,27.0,9.0,90.0,21.53065742237213,0.791934046345811,3,15,46,60,0.05,0.25,0.7666666666666667
LNGN0474,terminal,share_monthly_network_flow,55.78333333333333,56.0,18.0,94.0,18.594779353599215,0.6690730837789662,0,1,10,60,0.0,0.016666666666666666,0.16666666666666666
LNGN0474,terminal,total_degree,60.2,59.0,38.0,90.0,11.996892252946743,0.5485294117647059,0,0,1,60,0.0,0.0,0.016666666666666666
LNGN0474,terminal,total_route_exposure,52.86666666666667,50.5,25.0,90.0,16.87789313973039,0.6348930481283422,0,0,12,60,0.0,0.0,0.2
LNGN0474,terminal,total_strength,57.28333333333333,56.0,22.0,96.0,17.669366066023457,0.6611853832442068,0,0,10,60,0.0,0.0,0.16666666666666666
LNGN0474,terminal,total_voyages,55.4,54.0,17.0,92.0,17.92848316156658,0.6350713012477718,0,1,9,60,0.0,0.016666666666666666,0.15
