terminal_id,modal_role,metric,active_months,lag1_autocorrelation
LNGN0004,importer,throughput,3,-0.0428181699147
LNGN0004,importer,voyage_count,3,-0.0433554984762
LNGN0004,importer,counterparty_count,3,-0.0433554984762
LNGN0004,importer,counterparty_hhi_terminal,3,
LNGN0004,importer,counterparty_hhi_country,3,
LNGN0004,importer,effective_counterparties_terminal,3,
LNGN0004,importer,effective_counterparties_country,3,
LNGN0004,importer,max_dependence_generated,3,
LNGN0004,importer,weighted_dependence_generated,3,
LNGN0004,importer,country_terminal_dependence,3,
LNGN0004,importer,import_pagerank,3,-0.0425996576046
LNGN0004,importer,export_pagerank,3,-0.0421992271957
LNGN0004,importer,role_specific_pagerank,3,
LNGN0004,importer,role_specific_dependence,3,
LNGN0006,importer,throughput,3,-0.0534335872178
LNGN0006,importer,voyage_count,3,-0.0535714285714
LNGN0006,importer,counterparty_count,3,-0.0535714285714
LNGN0006,importer,counterparty_hhi_terminal,3,
LNGN0006,importer,counterparty_hhi_country,3,
LNGN0006,importer,effective_counterparties_terminal,3,
LNGN0006,importer,effective_counterparties_country,3,
LNGN0006,importer,max_dependence_generated,3,
LNGN0006,importer,weighted_dependence_generated,3,
LNGN0006,importer,country_terminal_dependence,3,
LNGN0006,importer,import_pagerank,3,-0.0490161106112
LNGN0006,importer,export_pagerank,3,-0.0527740012174
LNGN0006,importer,role_specific_pagerank,3,
LNGN0006,importer,role_specific_dependence,3,
LNGN0008,importer,throughput,40,0.560819680518
LNGN0008,importer,voyage_count,40,0.634813513298
LNGN0008,importer,counterparty_count,40,0.742261607589
LNGN0008,importer,counterparty_hhi_terminal,40,0.443799090543
LNGN0008,importer,counterparty_hhi_country,40,0.438664260011
LNGN0008,importer,effective_counterparties_terminal,40,0.409407950122
LNGN0008,importer,effective_counterparties_country,40,0.356152508054
LNGN0008,importer,max_dependence_generated,40,
LNGN0008,importer,weighted_dependence_generated,40,
LNGN0008,importer,country_terminal_dependence,40,
LNGN0008,importer,import_pagerank,40,0.758386843821
LNGN0008,importer,export_pagerank,40,0.7656818175
LNGN0008,importer,role_specific_pagerank,40,0.486797719612
LNGN0008,importer,role_specific_dependence,40,
LNGN0013,exporter,throughput,6,0.467667770579
LNGN0013,exporter,voyage_count,6,0.458005249344
LNGN0013,exporter,counterparty_count,6,0.458005249344
LNGN0013,exporter,counterparty_hhi_terminal,6,-0.5
LNGN0013,exporter,counterparty_hhi_country,6,-0.5
LNGN0013,exporter,effective_counterparties_terminal,6,-0.5
LNGN0013,exporter,effective_counterparties_country,6,-0.5
LNGN0013,exporter,max_dependence_generated,6,-0.5
LNGN0013,exporter,weighted_dependence_generated,6,-0.5
LNGN0013,exporter,country_terminal_dependence,6,
LNGN0013,exporter,import_pagerank,6,0.378333057467
LNGN0013,exporter,export_pagerank,6,0.427641324608
LNGN0013,exporter,role_specific_pagerank,6,-0.25067096535
LNGN0013,exporter,role_specific_dependence,6,-0.5
LNGN0017,importer,throughput,2,-0.0349670071374
LNGN0017,importer,voyage_count,2,-0.0350877192982
LNGN0017,importer,counterparty_count,2,-0.0350877192982
LNGN0017,importer,counterparty_hhi_terminal,2,
LNGN0017,importer,counterparty_hhi_country,2,
LNGN0017,importer,effective_counterparties_terminal,2,
LNGN0017,importer,effective_counterparties_country,2,
LNGN0017,importer,max_dependence_generated,2,
LNGN0017,importer,weighted_dependence_generated,2,
LNGN0017,importer,country_terminal_dependence,2,
LNGN0017,importer,import_pagerank,2,-0.0350868525053
LNGN0017,importer,export_pagerank,2,-0.0350481565692
LNGN0017,importer,role_specific_pagerank,2,
LNGN0017,importer,role_specific_dependence,2,
LNGN0025,importer,throughput,15,0.303633950739
LNGN0025,importer,voyage_count,15,0.309013043807
LNGN0025,importer,counterparty_count,15,0.360996317597
LNGN0025,importer,counterparty_hhi_terminal,15,-0.0131727211869
LNGN0025,importer,counterparty_hhi_country,15,-0.245714744542
LNGN0025,importer,effective_counterparties_terminal,15,-0.0804476354292
LNGN0025,importer,effective_counterparties_country,15,-0.23859566872
LNGN0025,importer,max_dependence_generated,15,
LNGN0025,importer,weighted_dependence_generated,15,
LNGN0025,importer,country_terminal_dependence,15,0.173622923624
LNGN0025,importer,import_pagerank,15,0.513367962552
LNGN0025,importer,export_pagerank,15,0.591797764392
LNGN0025,importer,role_specific_pagerank,15,0.0375403736347
LNGN0025,importer,role_specific_dependence,15,0.173622923624
LNGN0026,exporter,throughput,60,0.506836633443
LNGN0026,exporter,voyage_count,60,0.435310584853
LNGN0026,exporter,counterparty_count,60,0.657916767869
LNGN0026,exporter,counterparty_hhi_terminal,60,0.305094966776
LNGN0026,exporter,counterparty_hhi_country,60,0.194360788176
LNGN0026,exporter,effective_counterparties_terminal,60,0.567048249351
LNGN0026,exporter,effective_counterparties_country,60,0.344617495147
LNGN0026,exporter,max_dependence_generated,60,0.306356665125
LNGN0026,exporter,weighted_dependence_generated,60,0.359404017869
LNGN0026,exporter,country_terminal_dependence,60,
LNGN0026,exporter,import_pagerank,60,0.833071376826
LNGN0026,exporter,export_pagerank,60,0.283285424785
LNGN0026,exporter,role_specific_pagerank,60,0.283285424785
LNGN0026,exporter,role_specific_dependence,60,0.359404017869
LNGN0027,exporter,throughput,56,0.414614720455
LNGN0027,exporter,voyage_count,56,0.41450566319
LNGN0027,exporter,counterparty_count,56,0.402041443115
LNGN0027,exporter,counterparty_hhi_terminal,56,0.327145225641
LNGN0027,exporter,counterparty_hhi_country,56,0.264495525781
LNGN0027,exporter,effective_counterparties_terminal,56,0.282931345699
LNGN0027,exporter,effective_counterparties_country,56,0.270016167885
LNGN0027,exporter,max_dependence_generated,56,0.165741798393
LNGN0027,exporter,weighted_dependence_generated,56,0.0649746925008
LNGN0027,exporter,country_terminal_dependence,56,
LNGN0027,exporter,import_pagerank,56,0.0140346554766
LNGN0027,exporter,export_pagerank,56,0.19696286763
LNGN0027,exporter,role_specific_pagerank,56,0.117182491866
LNGN0027,exporter,role_specific_dependence,56,0.0649746925008
LNGN0031,importer,throughput,2,-0.0350877192982
LNGN0031,importer,voyage_count,2,-0.0350877192982
LNGN0031,importer,counterparty_count,2,-0.0350877192982
LNGN0031,importer,counterparty_hhi_terminal,2,
LNGN0031,importer,counterparty_hhi_country,2,
LNGN0031,importer,effective_counterparties_terminal,2,
LNGN0031,importer,effective_counterparties_country,2,
LNGN0031,importer,max_dependence_generated,2,
LNGN0031,importer,weighted_dependence_generated,2,
LNGN0031,importer,country_terminal_dependence,2,
LNGN0031,importer,import_pagerank,2,-0.032878201185
LNGN0031,importer,export_pagerank,2,-0.0337410452913
LNGN0031,importer,role_specific_pagerank,2,
LNGN0031,importer,role_specific_dependence,2,
LNGN0035,importer,throughput,51,0.246534665671
LNGN0035,importer,voyage_count,51,0.25622984462
LNGN0035,importer,counterparty_count,51,0.322795006041
LNGN0035,importer,counterparty_hhi_terminal,51,0.103838071815
LNGN0035,importer,counterparty_hhi_country,51,0.215594795265
LNGN0035,importer,effective_counterparties_terminal,51,0.162619570389
LNGN0035,importer,effective_counterparties_country,51,0.353209077541
LNGN0035,importer,max_dependence_generated,51,
LNGN0035,importer,weighted_dependence_generated,51,
LNGN0035,importer,country_terminal_dependence,51,0.371740178874
LNGN0035,importer,import_pagerank,51,0.122281599675
LNGN0035,importer,export_pagerank,51,0.146071072746
LNGN0035,importer,role_specific_pagerank,51,0.189848323805
LNGN0035,importer,role_specific_dependence,51,0.371740178874
LNGN0037,importer,throughput,58,0.304743626811
LNGN0037,importer,voyage_count,58,0.29918308205
LNGN0037,importer,counterparty_count,58,0.336275908689
LNGN0037,importer,counterparty_hhi_terminal,58,0.287931087616
LNGN0037,importer,counterparty_hhi_country,58,0.255352230194
LNGN0037,importer,effective_counterparties_terminal,58,0.37725126366
LNGN0037,importer,effective_counterparties_country,58,0.303729048493
LNGN0037,importer,max_dependence_generated,58,
LNGN0037,importer,weighted_dependence_generated,58,
LNGN0037,importer,country_terminal_dependence,58,0.203460699442
LNGN0037,importer,import_pagerank,58,-0.0723490452812
LNGN0037,importer,export_pagerank,58,0.266860005748
LNGN0037,importer,role_specific_pagerank,58,0.188995440995
LNGN0037,importer,role_specific_dependence,58,0.203460699442
LNGN0039,exporter,throughput,11,0.430065093759
LNGN0039,exporter,voyage_count,11,0.430065093759
LNGN0039,exporter,counterparty_count,11,0.531326785959
LNGN0039,exporter,counterparty_hhi_terminal,11,-0.257575757576
LNGN0039,exporter,counterparty_hhi_country,11,
LNGN0039,exporter,effective_counterparties_terminal,11,-0.255996055795
LNGN0039,exporter,effective_counterparties_country,11,
LNGN0039,exporter,max_dependence_generated,11,
LNGN0039,exporter,weighted_dependence_generated,11,-0.240192230708
LNGN0039,exporter,country_terminal_dependence,11,
LNGN0039,exporter,import_pagerank,11,0.564068858054
LNGN0039,exporter,export_pagerank,11,0.546491297317
LNGN0039,exporter,role_specific_pagerank,11,0.820910489151
LNGN0039,exporter,role_specific_dependence,11,-0.240192230708
LNGN0040,importer,throughput,44,0.110948714741
LNGN0040,importer,voyage_count,44,0.12046874198
LNGN0040,importer,counterparty_count,44,0.155243762038
LNGN0040,importer,counterparty_hhi_terminal,44,-0.010465606392
LNGN0040,importer,counterparty_hhi_country,44,0.0943055980234
LNGN0040,importer,effective_counterparties_terminal,44,0.0322334011804
LNGN0040,importer,effective_counterparties_country,44,0.0380746823388
LNGN0040,importer,max_dependence_generated,44,
LNGN0040,importer,weighted_dependence_generated,44,
LNGN0040,importer,country_terminal_dependence,44,-0.238970124513
LNGN0040,importer,import_pagerank,44,0.205833699817
LNGN0040,importer,export_pagerank,44,0.25342051008
LNGN0040,importer,role_specific_pagerank,44,0.288085529448
LNGN0040,importer,role_specific_dependence,44,-0.238970124513
LNGN0044,importer,throughput,28,0.378031533947
LNGN0044,importer,voyage_count,28,0.36809470124
LNGN0044,importer,counterparty_count,28,0.275777414075
LNGN0044,importer,counterparty_hhi_terminal,28,-0.108293463506
LNGN0044,importer,counterparty_hhi_country,28,-0.108293463506
LNGN0044,importer,effective_counterparties_terminal,28,-0.107876068604
LNGN0044,importer,effective_counterparties_country,28,-0.107876068604
LNGN0044,importer,max_dependence_generated,28,
LNGN0044,importer,weighted_dependence_generated,28,
LNGN0044,importer,country_terminal_dependence,28,-0.167264122067
LNGN0044,importer,import_pagerank,28,0.185411776621
LNGN0044,importer,export_pagerank,28,0.240016023661
LNGN0044,importer,role_specific_pagerank,28,0.290843630504
LNGN0044,importer,role_specific_dependence,28,-0.167264122067
LNGN0045,importer,throughput,7,0.492352930383
LNGN0045,importer,voyage_count,7,0.513736263736
LNGN0045,importer,counterparty_count,7,0.513736263736
LNGN0045,importer,counterparty_hhi_terminal,7,
LNGN0045,importer,counterparty_hhi_country,7,
LNGN0045,importer,effective_counterparties_terminal,7,
LNGN0045,importer,effective_counterparties_country,7,
LNGN0045,importer,max_dependence_generated,7,
LNGN0045,importer,weighted_dependence_generated,7,
LNGN0045,importer,country_terminal_dependence,7,-0.558511988493
LNGN0045,importer,import_pagerank,7,0.524776574186
LNGN0045,importer,export_pagerank,7,0.507093696027
LNGN0045,importer,role_specific_pagerank,7,0.773724364624
LNGN0045,importer,role_specific_dependence,7,-0.558511988493
LNGN0050,exporter,throughput,58,0.724544709494
LNGN0050,exporter,voyage_count,58,0.720325627314
LNGN0050,exporter,counterparty_count,58,0.663155907547
LNGN0050,exporter,counterparty_hhi_terminal,58,0.477952244267
LNGN0050,exporter,counterparty_hhi_country,58,0.411517479732
LNGN0050,exporter,effective_counterparties_terminal,58,0.519096779277
LNGN0050,exporter,effective_counterparties_country,58,0.465103013197
LNGN0050,exporter,max_dependence_generated,58,0.0463436294601
LNGN0050,exporter,weighted_dependence_generated,58,0.141049151968
LNGN0050,exporter,country_terminal_dependence,58,
LNGN0050,exporter,import_pagerank,58,0.178062265226
LNGN0050,exporter,export_pagerank,58,0.235508731774
LNGN0050,exporter,role_specific_pagerank,58,0.196400817235
LNGN0050,exporter,role_specific_dependence,58,0.141049151968
LNGN0052,exporter,throughput,32,0.547850815508
LNGN0052,exporter,voyage_count,32,0.559153175592
LNGN0052,exporter,counterparty_count,32,0.456448911223
LNGN0052,exporter,counterparty_hhi_terminal,32,-0.142856099723
LNGN0052,exporter,counterparty_hhi_country,32,-0.0909090909091
LNGN0052,exporter,effective_counterparties_terminal,32,-0.142853001195
LNGN0052,exporter,effective_counterparties_country,32,-0.0909090909091
LNGN0052,exporter,max_dependence_generated,32,0.136023027414
LNGN0052,exporter,weighted_dependence_generated,32,0.146182235252
LNGN0052,exporter,country_terminal_dependence,32,
LNGN0052,exporter,import_pagerank,32,0.318538997964
LNGN0052,exporter,export_pagerank,32,0.294643321151
LNGN0052,exporter,role_specific_pagerank,32,0.400277749849
LNGN0052,exporter,role_specific_dependence,32,0.146182235252
LNGN0055,importer,throughput,10,0.264251471955
LNGN0055,importer,voyage_count,10,0.256525652565
LNGN0055,importer,counterparty_count,10,0.311126373626
LNGN0055,importer,counterparty_hhi_terminal,10,-0.548054785219
LNGN0055,importer,counterparty_hhi_country,10,-0.560226474333
LNGN0055,importer,effective_counterparties_terminal,10,-0.463225091463
LNGN0055,importer,effective_counterparties_country,10,-0.510462813906
LNGN0055,importer,max_dependence_generated,10,
LNGN0055,importer,weighted_dependence_generated,10,
LNGN0055,importer,country_terminal_dependence,10,
LNGN0055,importer,import_pagerank,10,0.131238343404
LNGN0055,importer,export_pagerank,10,0.14728514827
LNGN0055,importer,role_specific_pagerank,10,-0.300681255738
LNGN0055,importer,role_specific_dependence,10,
LNGN0056,importer,throughput,51,0.185550826945
LNGN0056,importer,voyage_count,51,0.171862493556
LNGN0056,importer,counterparty_count,51,0.168683212431
LNGN0056,importer,counterparty_hhi_terminal,51,0.0528360646654
LNGN0056,importer,counterparty_hhi_country,51,-0.0385278183719
LNGN0056,importer,effective_counterparties_terminal,51,-0.0713082003789
LNGN0056,importer,effective_counterparties_country,51,-0.122731235356
LNGN0056,importer,max_dependence_generated,51,
LNGN0056,importer,weighted_dependence_generated,51,
LNGN0056,importer,country_terminal_dependence,51,-0.200791907964
LNGN0056,importer,import_pagerank,51,0.0588065341967
LNGN0056,importer,export_pagerank,51,-0.0687496510491
LNGN0056,importer,role_specific_pagerank,51,0.232843908283
LNGN0056,importer,role_specific_dependence,51,-0.200791907964
LNGN0059,importer,throughput,12,0.0190130103625
LNGN0059,importer,voyage_count,12,0.0108481262327
LNGN0059,importer,counterparty_count,12,0.0461893764434
LNGN0059,importer,counterparty_hhi_terminal,12,
LNGN0059,importer,counterparty_hhi_country,12,
LNGN0059,importer,effective_counterparties_terminal,12,
LNGN0059,importer,effective_counterparties_country,12,
LNGN0059,importer,max_dependence_generated,12,
LNGN0059,importer,weighted_dependence_generated,12,
LNGN0059,importer,country_terminal_dependence,12,-0.555709185686
LNGN0059,importer,import_pagerank,12,0.0590670498029
LNGN0059,importer,export_pagerank,12,0.106152410596
LNGN0059,importer,role_specific_pagerank,12,0.282826131518
LNGN0059,importer,role_specific_dependence,12,-0.555709185686
LNGN0069,exporter,throughput,1,-0.0172413793103
LNGN0069,exporter,voyage_count,1,-0.0172413793103
LNGN0069,exporter,counterparty_count,1,-0.0172413793103
LNGN0069,exporter,counterparty_hhi_terminal,1,
LNGN0069,exporter,counterparty_hhi_country,1,
LNGN0069,exporter,effective_counterparties_terminal,1,
LNGN0069,exporter,effective_counterparties_country,1,
LNGN0069,exporter,max_dependence_generated,1,
LNGN0069,exporter,weighted_dependence_generated,1,
LNGN0069,exporter,country_terminal_dependence,1,
LNGN0069,exporter,import_pagerank,1,-0.0172413793103
LNGN0069,exporter,export_pagerank,1,-0.0172413793103
LNGN0069,exporter,role_specific_pagerank,1,
LNGN0069,exporter,role_specific_dependence,1,
LNGN0070,exporter,throughput,54,0.792713298863
LNGN0070,exporter,voyage_count,54,0.784724634129
LNGN0070,exporter,counterparty_count,54,0.738060517056
LNGN0070,exporter,counterparty_hhi_terminal,54,0.313866084482
LNGN0070,exporter,counterparty_hhi_country,54,0.301327503873
LNGN0070,exporter,effective_counterparties_terminal,54,0.392175568774
LNGN0070,exporter,effective_counterparties_country,54,0.383658597552
LNGN0070,exporter,max_dependence_generated,54,0.250575772476
LNGN0070,exporter,weighted_dependence_generated,54,0.405858987924
LNGN0070,exporter,country_terminal_dependence,54,
LNGN0070,exporter,import_pagerank,54,0.490882032886
LNGN0070,exporter,export_pagerank,54,0.550656537859
LNGN0070,exporter,role_specific_pagerank,54,0.098016242589
LNGN0070,exporter,role_specific_dependence,54,0.405858987924
LNGN0074,importer,throughput,12,0.0958717892124
LNGN0074,importer,voyage_count,12,0.0935754189944
LNGN0074,importer,counterparty_count,12,0.0935754189944
LNGN0074,importer,counterparty_hhi_terminal,12,
LNGN0074,importer,counterparty_hhi_country,12,
LNGN0074,importer,effective_counterparties_terminal,12,
LNGN0074,importer,effective_counterparties_country,12,
LNGN0074,importer,max_dependence_generated,12,
LNGN0074,importer,weighted_dependence_generated,12,
LNGN0074,importer,country_terminal_dependence,12,
LNGN0074,importer,import_pagerank,12,0.0344247871506
LNGN0074,importer,export_pagerank,12,0.0452209037095
LNGN0074,importer,role_specific_pagerank,12,0.991098499799
LNGN0074,importer,role_specific_dependence,12,
LNGN0075,exporter,throughput,1,-0.0172413793103
LNGN0075,exporter,voyage_count,1,-0.0172413793103
LNGN0075,exporter,counterparty_count,1,-0.0172413793103
LNGN0075,exporter,counterparty_hhi_terminal,1,
LNGN0075,exporter,counterparty_hhi_country,1,
LNGN0075,exporter,effective_counterparties_terminal,1,
LNGN0075,exporter,effective_counterparties_country,1,
LNGN0075,exporter,max_dependence_generated,1,
LNGN0075,exporter,weighted_dependence_generated,1,
LNGN0075,exporter,country_terminal_dependence,1,
LNGN0075,exporter,import_pagerank,1,-0.0172413793103
LNGN0075,exporter,export_pagerank,1,-0.0172413793103
LNGN0075,exporter,role_specific_pagerank,1,
LNGN0075,exporter,role_specific_dependence,1,
LNGN0076,importer,throughput,13,0.736602912684
LNGN0076,importer,voyage_count,13,0.723594548552
LNGN0076,importer,counterparty_count,13,0.743756786102
LNGN0076,importer,counterparty_hhi_terminal,13,0.173696511207
LNGN0076,importer,counterparty_hhi_country,13,-0.450401490061
LNGN0076,importer,effective_counterparties_terminal,13,0.277929670848
LNGN0076,importer,effective_counterparties_country,13,-0.39217977287
LNGN0076,importer,max_dependence_generated,13,
LNGN0076,importer,weighted_dependence_generated,13,
LNGN0076,importer,country_terminal_dependence,13,0.638010476394
LNGN0076,importer,import_pagerank,13,0.844700590079
LNGN0076,importer,export_pagerank,13,0.808952706272
LNGN0076,importer,role_specific_pagerank,13,0.675389834099
LNGN0076,importer,role_specific_dependence,13,0.638010476394
LNGN0079,importer,throughput,21,0.23920770712
LNGN0079,importer,voyage_count,21,0.261201578696
LNGN0079,importer,counterparty_count,21,0.230642672229
LNGN0079,importer,counterparty_hhi_terminal,21,-0.149070712189
LNGN0079,importer,counterparty_hhi_country,21,-0.149070712189
LNGN0079,importer,effective_counterparties_terminal,21,-0.149069265856
LNGN0079,importer,effective_counterparties_country,21,-0.149069265856
LNGN0079,importer,max_dependence_generated,21,
LNGN0079,importer,weighted_dependence_generated,21,
LNGN0079,importer,country_terminal_dependence,21,0.530070124368
LNGN0079,importer,import_pagerank,21,0.28926354401
LNGN0079,importer,export_pagerank,21,0.324772860277
LNGN0079,importer,role_specific_pagerank,21,0.189986429342
LNGN0079,importer,role_specific_dependence,21,0.530070124368
LNGN0081,importer,throughput,24,0.257445649887
LNGN0081,importer,voyage_count,24,0.19917756189
LNGN0081,importer,counterparty_count,24,0.19917756189
LNGN0081,importer,counterparty_hhi_terminal,24,-0.173989628184
LNGN0081,importer,counterparty_hhi_country,24,-0.134767453191
LNGN0081,importer,effective_counterparties_terminal,24,-0.173752623957
LNGN0081,importer,effective_counterparties_country,24,-0.134567131017
LNGN0081,importer,max_dependence_generated,24,
LNGN0081,importer,weighted_dependence_generated,24,
LNGN0081,importer,country_terminal_dependence,24,0.556695049682
LNGN0081,importer,import_pagerank,24,0.28534174835
LNGN0081,importer,export_pagerank,24,0.270975600036
LNGN0081,importer,role_specific_pagerank,24,0.39128665643
LNGN0081,importer,role_specific_dependence,24,0.556695049682
LNGN0083,exporter,throughput,27,0.745654851544
LNGN0083,exporter,voyage_count,27,0.754677754678
LNGN0083,exporter,counterparty_count,27,0.76499875529
LNGN0083,exporter,counterparty_hhi_terminal,27,0.454401270319
LNGN0083,exporter,counterparty_hhi_country,27,0.329630513794
LNGN0083,exporter,effective_counterparties_terminal,27,0.518651902059
LNGN0083,exporter,effective_counterparties_country,27,0.20455412159
LNGN0083,exporter,max_dependence_generated,27,-0.0372410867858
LNGN0083,exporter,weighted_dependence_generated,27,-0.211528917895
LNGN0083,exporter,country_terminal_dependence,27,
LNGN0083,exporter,import_pagerank,27,0.534923701848
LNGN0083,exporter,export_pagerank,27,0.657583169062
LNGN0083,exporter,role_specific_pagerank,27,0.479860198564
LNGN0083,exporter,role_specific_dependence,27,-0.211528917895
LNGN0085,exporter,throughput,59,0.482161369235
LNGN0085,exporter,voyage_count,59,0.491288318795
LNGN0085,exporter,counterparty_count,59,0.381054789035
LNGN0085,exporter,counterparty_hhi_terminal,59,0.544328143964
LNGN0085,exporter,counterparty_hhi_country,59,0.542533709933
LNGN0085,exporter,effective_counterparties_terminal,59,0.264119318944
LNGN0085,exporter,effective_counterparties_country,59,0.367466939011
LNGN0085,exporter,max_dependence_generated,59,-0.0373807518506
LNGN0085,exporter,weighted_dependence_generated,59,-0.0760161048658
LNGN0085,exporter,country_terminal_dependence,59,
LNGN0085,exporter,import_pagerank,59,0.33040325552
LNGN0085,exporter,export_pagerank,59,0.229087847674
LNGN0085,exporter,role_specific_pagerank,59,0.203936986189
LNGN0085,exporter,role_specific_dependence,59,-0.0760161048658
LNGN0087,importer,throughput,4,-0.0719038262699
LNGN0087,importer,voyage_count,4,-0.0727272727273
LNGN0087,importer,counterparty_count,4,-0.0727272727273
LNGN0087,importer,counterparty_hhi_terminal,4,
LNGN0087,importer,counterparty_hhi_country,4,
LNGN0087,importer,effective_counterparties_terminal,4,
LNGN0087,importer,effective_counterparties_country,4,
LNGN0087,importer,max_dependence_generated,4,
LNGN0087,importer,weighted_dependence_generated,4,
LNGN0087,importer,country_terminal_dependence,4,
LNGN0087,importer,import_pagerank,4,-0.0720338731763
LNGN0087,importer,export_pagerank,4,-0.0720374837525
LNGN0087,importer,role_specific_pagerank,4,
LNGN0087,importer,role_specific_dependence,4,
LNGN0097,importer,throughput,56,0.568984546235
LNGN0097,importer,voyage_count,56,0.556609694759
LNGN0097,importer,counterparty_count,56,0.652874228395
LNGN0097,importer,counterparty_hhi_terminal,56,0.576443467889
LNGN0097,importer,counterparty_hhi_country,56,0.331503260414
LNGN0097,importer,effective_counterparties_terminal,56,0.601960367933
LNGN0097,importer,effective_counterparties_country,56,0.293743092225
LNGN0097,importer,max_dependence_generated,56,
LNGN0097,importer,weighted_dependence_generated,56,
LNGN0097,importer,country_terminal_dependence,56,0.273204137462
LNGN0097,importer,import_pagerank,56,0.243814413518
LNGN0097,importer,export_pagerank,56,0.223727393879
LNGN0097,importer,role_specific_pagerank,56,0.166403071168
LNGN0097,importer,role_specific_dependence,56,0.273204137462
LNGN0098,importer,throughput,24,0.253566368355
LNGN0098,importer,voyage_count,24,0.278375733855
LNGN0098,importer,counterparty_count,24,0.278375733855
LNGN0098,importer,counterparty_hhi_terminal,24,-0.00818639433621
LNGN0098,importer,counterparty_hhi_country,24,-0.00818639433621
LNGN0098,importer,effective_counterparties_terminal,24,0.00421228441938
LNGN0098,importer,effective_counterparties_country,24,0.00421228441938
LNGN0098,importer,max_dependence_generated,24,
LNGN0098,importer,weighted_dependence_generated,24,
LNGN0098,importer,country_terminal_dependence,24,0.484592828649
LNGN0098,importer,import_pagerank,24,0.125451324198
LNGN0098,importer,export_pagerank,24,0.0258003230976
LNGN0098,importer,role_specific_pagerank,24,-0.0316125548835
LNGN0098,importer,role_specific_dependence,24,0.484592828649
LNGN0100,importer,throughput,20,0.785380530593
LNGN0100,importer,voyage_count,20,0.79188712522
LNGN0100,importer,counterparty_count,20,0.703841117416
LNGN0100,importer,counterparty_hhi_terminal,20,0.402286439582
LNGN0100,importer,counterparty_hhi_country,20,-0.208511850121
LNGN0100,importer,effective_counterparties_terminal,20,0.129096389744
LNGN0100,importer,effective_counterparties_country,20,-0.197540540272
LNGN0100,importer,max_dependence_generated,20,
LNGN0100,importer,weighted_dependence_generated,20,
LNGN0100,importer,country_terminal_dependence,20,0.412532225594
LNGN0100,importer,import_pagerank,20,0.491337361031
LNGN0100,importer,export_pagerank,20,0.463838805442
LNGN0100,importer,role_specific_pagerank,20,-0.141399516672
LNGN0100,importer,role_specific_dependence,20,0.412532225594
LNGN0101,exporter,throughput,18,0.21118536155
LNGN0101,exporter,voyage_count,18,0.217803030303
LNGN0101,exporter,counterparty_count,18,0.217803030303
LNGN0101,exporter,counterparty_hhi_terminal,18,0.0514744883149
LNGN0101,exporter,counterparty_hhi_country,18,0.137794952033
LNGN0101,exporter,effective_counterparties_terminal,18,0.550761097769
LNGN0101,exporter,effective_counterparties_country,18,0.430967799882
LNGN0101,exporter,max_dependence_generated,18,-0.2483399218
LNGN0101,exporter,weighted_dependence_generated,18,-0.0166908024744
LNGN0101,exporter,country_terminal_dependence,18,
LNGN0101,exporter,import_pagerank,18,0.259132623446
LNGN0101,exporter,export_pagerank,18,0.318873742239
LNGN0101,exporter,role_specific_pagerank,18,0.160916954297
LNGN0101,exporter,role_specific_dependence,18,-0.0166908024744
LNGN0102,importer,throughput,8,0.484367508193
LNGN0102,importer,voyage_count,8,0.480633802817
LNGN0102,importer,counterparty_count,8,0.566176470588
LNGN0102,importer,counterparty_hhi_terminal,8,
LNGN0102,importer,counterparty_hhi_country,8,
LNGN0102,importer,effective_counterparties_terminal,8,
LNGN0102,importer,effective_counterparties_country,8,
LNGN0102,importer,max_dependence_generated,8,
LNGN0102,importer,weighted_dependence_generated,8,
LNGN0102,importer,country_terminal_dependence,8,0.811424060622
LNGN0102,importer,import_pagerank,8,0.555303986961
LNGN0102,importer,export_pagerank,8,0.557911734748
LNGN0102,importer,role_specific_pagerank,8,0.822033491806
LNGN0102,importer,role_specific_dependence,8,0.811424060622
LNGN0103,exporter,throughput,37,0.176887282375
LNGN0103,exporter,voyage_count,37,0.164881711595
LNGN0103,exporter,counterparty_count,37,0.187668577997
LNGN0103,exporter,counterparty_hhi_terminal,37,0.119453766119
LNGN0103,exporter,counterparty_hhi_country,37,0.0204811199356
LNGN0103,exporter,effective_counterparties_terminal,37,0.111562684773
LNGN0103,exporter,effective_counterparties_country,37,0.082855601377
LNGN0103,exporter,max_dependence_generated,37,0.13387323761
LNGN0103,exporter,weighted_dependence_generated,37,0.155418464992
LNGN0103,exporter,country_terminal_dependence,37,
LNGN0103,exporter,import_pagerank,37,0.0949893772645
LNGN0103,exporter,export_pagerank,37,0.173863497542
LNGN0103,exporter,role_specific_pagerank,37,0.358100207141
LNGN0103,exporter,role_specific_dependence,37,0.155418464992
LNGN0108,importer,throughput,22,-0.217246180775
LNGN0108,importer,voyage_count,22,-0.206319702602
LNGN0108,importer,counterparty_count,22,-0.184989429175
LNGN0108,importer,counterparty_hhi_terminal,22,
LNGN0108,importer,counterparty_hhi_country,22,
LNGN0108,importer,effective_counterparties_terminal,22,
LNGN0108,importer,effective_counterparties_country,22,
LNGN0108,importer,max_dependence_generated,22,
LNGN0108,importer,weighted_dependence_generated,22,
LNGN0108,importer,country_terminal_dependence,22,-0.495554834021
LNGN0108,importer,import_pagerank,22,-0.192675968988
LNGN0108,importer,export_pagerank,22,-0.189358064772
LNGN0108,importer,role_specific_pagerank,22,0.935285101771
LNGN0108,importer,role_specific_dependence,22,-0.495554834021
LNGN0109,importer,throughput,6,0.0696160503079
LNGN0109,importer,voyage_count,6,0.0723270440252
LNGN0109,importer,counterparty_count,6,0.0723270440252
LNGN0109,importer,counterparty_hhi_terminal,6,
LNGN0109,importer,counterparty_hhi_country,6,
LNGN0109,importer,effective_counterparties_terminal,6,
LNGN0109,importer,effective_counterparties_country,6,
LNGN0109,importer,max_dependence_generated,6,
LNGN0109,importer,weighted_dependence_generated,6,
LNGN0109,importer,country_terminal_dependence,6,
LNGN0109,importer,import_pagerank,6,0.106044406044
LNGN0109,importer,export_pagerank,6,0.131756746566
LNGN0109,importer,role_specific_pagerank,6,
LNGN0109,importer,role_specific_dependence,6,
LNGN0112,importer,throughput,16,0.100212066469
LNGN0112,importer,voyage_count,16,0.0816199834932
LNGN0112,importer,counterparty_count,16,0.0816199834932
LNGN0112,importer,counterparty_hhi_terminal,16,
LNGN0112,importer,counterparty_hhi_country,16,
LNGN0112,importer,effective_counterparties_terminal,16,
LNGN0112,importer,effective_counterparties_country,16,
LNGN0112,importer,max_dependence_generated,16,
LNGN0112,importer,weighted_dependence_generated,16,
LNGN0112,importer,country_terminal_dependence,16,-0.465495094453
LNGN0112,importer,import_pagerank,16,-0.0315446871415
LNGN0112,importer,export_pagerank,16,-0.0281245579096
LNGN0112,importer,role_specific_pagerank,16,0.97525600021
LNGN0112,importer,role_specific_dependence,16,-0.465495094453
LNGN0115,importer,throughput,1,-0.0172413793103
LNGN0115,importer,voyage_count,1,-0.0172413793103
LNGN0115,importer,counterparty_count,1,-0.0172413793103
LNGN0115,importer,counterparty_hhi_terminal,1,
LNGN0115,importer,counterparty_hhi_country,1,
LNGN0115,importer,effective_counterparties_terminal,1,
LNGN0115,importer,effective_counterparties_country,1,
LNGN0115,importer,max_dependence_generated,1,
LNGN0115,importer,weighted_dependence_generated,1,
LNGN0115,importer,country_terminal_dependence,1,
LNGN0115,importer,import_pagerank,1,-0.0172413793103
LNGN0115,importer,export_pagerank,1,-0.0172413793103
LNGN0115,importer,role_specific_pagerank,1,
LNGN0115,importer,role_specific_dependence,1,
LNGN0121,importer,throughput,55,0.558012476977
LNGN0121,importer,voyage_count,55,0.566840847806
LNGN0121,importer,counterparty_count,55,0.558947204485
LNGN0121,importer,counterparty_hhi_terminal,55,0.270377196348
LNGN0121,importer,counterparty_hhi_country,55,0.286735253884
LNGN0121,importer,effective_counterparties_terminal,55,0.335217113727
LNGN0121,importer,effective_counterparties_country,55,0.355500896243
LNGN0121,importer,max_dependence_generated,55,
LNGN0121,importer,weighted_dependence_generated,55,
LNGN0121,importer,country_terminal_dependence,55,0.0357809494579
LNGN0121,importer,import_pagerank,55,0.312747221166
LNGN0121,importer,export_pagerank,55,0.171547863202
LNGN0121,importer,role_specific_pagerank,55,0.452724916395
LNGN0121,importer,role_specific_dependence,55,0.0357809494579
LNGN0122,importer,throughput,12,-0.0322174149115
LNGN0122,importer,voyage_count,12,0.0111731843575
LNGN0122,importer,counterparty_count,12,-0.0460992907801
LNGN0122,importer,counterparty_hhi_terminal,12,
LNGN0122,importer,counterparty_hhi_country,12,
LNGN0122,importer,effective_counterparties_terminal,12,
LNGN0122,importer,effective_counterparties_country,12,
LNGN0122,importer,max_dependence_generated,12,
LNGN0122,importer,weighted_dependence_generated,12,
LNGN0122,importer,country_terminal_dependence,12,
LNGN0122,importer,import_pagerank,12,-0.060391460973
LNGN0122,importer,export_pagerank,12,-0.0853308546911
LNGN0122,importer,role_specific_pagerank,12,
LNGN0122,importer,role_specific_dependence,12,
LNGN0124,exporter,throughput,52,0.754054387681
LNGN0124,exporter,voyage_count,52,0.756338685268
LNGN0124,exporter,counterparty_count,52,0.784045964141
LNGN0124,exporter,counterparty_hhi_terminal,52,0.541508815843
LNGN0124,exporter,counterparty_hhi_country,52,0.517101721845
LNGN0124,exporter,effective_counterparties_terminal,52,0.669741914961
LNGN0124,exporter,effective_counterparties_country,52,0.626835111544
LNGN0124,exporter,max_dependence_generated,52,-0.103577699355
LNGN0124,exporter,weighted_dependence_generated,52,-0.0440610734348
LNGN0124,exporter,country_terminal_dependence,52,
LNGN0124,exporter,import_pagerank,52,0.718966807354
LNGN0124,exporter,export_pagerank,52,0.639776053877
LNGN0124,exporter,role_specific_pagerank,52,0.326363567447
LNGN0124,exporter,role_specific_dependence,52,-0.0440610734348
LNGN0130,importer,throughput,54,0.49039392604
LNGN0130,importer,voyage_count,54,0.576031240584
LNGN0130,importer,counterparty_count,54,0.144533433751
LNGN0130,importer,counterparty_hhi_terminal,54,-0.0870001081825
LNGN0130,importer,counterparty_hhi_country,54,-0.0870001081825
LNGN0130,importer,effective_counterparties_terminal,54,-0.103103436295
LNGN0130,importer,effective_counterparties_country,54,-0.103103436295
LNGN0130,importer,max_dependence_generated,54,
LNGN0130,importer,weighted_dependence_generated,54,
LNGN0130,importer,country_terminal_dependence,54,
LNGN0130,importer,import_pagerank,54,0.337286459781
LNGN0130,importer,export_pagerank,54,0.284541220813
LNGN0130,importer,role_specific_pagerank,54,0.546256479849
LNGN0130,importer,role_specific_dependence,54,
LNGN0132,importer,throughput,60,0.5752571231
LNGN0132,importer,voyage_count,60,0.580080831102
LNGN0132,importer,counterparty_count,60,0.641489958104
LNGN0132,importer,counterparty_hhi_terminal,60,0.447396700868
LNGN0132,importer,counterparty_hhi_country,60,0.305980228636
LNGN0132,importer,effective_counterparties_terminal,60,0.599411969338
LNGN0132,importer,effective_counterparties_country,60,0.325902122174
LNGN0132,importer,max_dependence_generated,60,
LNGN0132,importer,weighted_dependence_generated,60,
LNGN0132,importer,country_terminal_dependence,60,0.673107560661
LNGN0132,importer,import_pagerank,60,0.179383767318
LNGN0132,importer,export_pagerank,60,0.794540161831
LNGN0132,importer,role_specific_pagerank,60,0.179383767318
LNGN0132,importer,role_specific_dependence,60,0.673107560661
LNGN0136,importer,throughput,30,0.266714394823
LNGN0136,importer,voyage_count,30,0.296291578487
LNGN0136,importer,counterparty_count,30,0.264356813322
LNGN0136,importer,counterparty_hhi_terminal,30,-0.206002898272
LNGN0136,importer,counterparty_hhi_country,30,0.174620867479
LNGN0136,importer,effective_counterparties_terminal,30,-0.243224772265
LNGN0136,importer,effective_counterparties_country,30,0.179016493564
LNGN0136,importer,max_dependence_generated,30,
LNGN0136,importer,weighted_dependence_generated,30,
LNGN0136,importer,country_terminal_dependence,30,
LNGN0136,importer,import_pagerank,30,0.402312908812
LNGN0136,importer,export_pagerank,30,0.19714006689
LNGN0136,importer,role_specific_pagerank,30,0.722716053678
LNGN0136,importer,role_specific_dependence,30,
LNGN0138,exporter,throughput,1,-0.0172413793103
LNGN0138,exporter,voyage_count,1,-0.0172413793103
LNGN0138,exporter,counterparty_count,1,-0.0172413793103
LNGN0138,exporter,counterparty_hhi_terminal,1,
LNGN0138,exporter,counterparty_hhi_country,1,
LNGN0138,exporter,effective_counterparties_terminal,1,
LNGN0138,exporter,effective_counterparties_country,1,
LNGN0138,exporter,max_dependence_generated,1,
LNGN0138,exporter,weighted_dependence_generated,1,
LNGN0138,exporter,country_terminal_dependence,1,
LNGN0138,exporter,import_pagerank,1,-0.0172413793103
LNGN0138,exporter,export_pagerank,1,-0.0172413793103
LNGN0138,exporter,role_specific_pagerank,1,
LNGN0138,exporter,role_specific_dependence,1,
LNGN0142,exporter,throughput,58,0.55771394095
LNGN0142,exporter,voyage_count,58,0.555190788488
LNGN0142,exporter,counterparty_count,58,0.537848465321
LNGN0142,exporter,counterparty_hhi_terminal,58,0.373359853579
LNGN0142,exporter,counterparty_hhi_country,58,0.363906012322
LNGN0142,exporter,effective_counterparties_terminal,58,0.432664509536
LNGN0142,exporter,effective_counterparties_country,58,0.341816177224
LNGN0142,exporter,max_dependence_generated,58,0.276800044126
LNGN0142,exporter,weighted_dependence_generated,58,0.0809107666275
LNGN0142,exporter,country_terminal_dependence,58,
LNGN0142,exporter,import_pagerank,58,0.153244252442
LNGN0142,exporter,export_pagerank,58,0.313230374128
LNGN0142,exporter,role_specific_pagerank,58,0.262937667488
LNGN0142,exporter,role_specific_dependence,58,0.0809107666275
LNGN0143,importer,throughput,6,0.265560165975
LNGN0143,importer,voyage_count,6,0.265560165975
LNGN0143,importer,counterparty_count,6,0.265560165975
LNGN0143,importer,counterparty_hhi_terminal,6,
LNGN0143,importer,counterparty_hhi_country,6,
LNGN0143,importer,effective_counterparties_terminal,6,
LNGN0143,importer,effective_counterparties_country,6,
LNGN0143,importer,max_dependence_generated,6,
LNGN0143,importer,weighted_dependence_generated,6,
LNGN0143,importer,country_terminal_dependence,6,
LNGN0143,importer,import_pagerank,6,0.317993559835
LNGN0143,importer,export_pagerank,6,0.304318703715
LNGN0143,importer,role_specific_pagerank,6,
LNGN0143,importer,role_specific_dependence,6,
LNGN0144,importer,throughput,47,0.463538775325
LNGN0144,importer,voyage_count,47,0.453746197112
LNGN0144,importer,counterparty_count,47,0.339093404649
LNGN0144,importer,counterparty_hhi_terminal,47,0.530308936823
LNGN0144,importer,counterparty_hhi_country,47,0.180297359454
LNGN0144,importer,effective_counterparties_terminal,47,0.421931957012
LNGN0144,importer,effective_counterparties_country,47,0.147810103767
LNGN0144,importer,max_dependence_generated,47,
LNGN0144,importer,weighted_dependence_generated,47,
LNGN0144,importer,country_terminal_dependence,47,0.0926236485723
LNGN0144,importer,import_pagerank,47,0.0395428374885
LNGN0144,importer,export_pagerank,47,0.11940026399
LNGN0144,importer,role_specific_pagerank,47,0.287933945522
LNGN0144,importer,role_specific_dependence,47,0.0926236485723
LNGN0148,importer,throughput,4,0.463629445443
LNGN0148,importer,voyage_count,4,0.463636363636
LNGN0148,importer,counterparty_count,4,0.463636363636
LNGN0148,importer,counterparty_hhi_terminal,4,
LNGN0148,importer,counterparty_hhi_country,4,
LNGN0148,importer,effective_counterparties_terminal,4,
LNGN0148,importer,effective_counterparties_country,4,
LNGN0148,importer,max_dependence_generated,4,
LNGN0148,importer,weighted_dependence_generated,4,
LNGN0148,importer,country_terminal_dependence,4,
LNGN0148,importer,import_pagerank,4,0.450140002588
LNGN0148,importer,export_pagerank,4,0.456508023957
LNGN0148,importer,role_specific_pagerank,4,
LNGN0148,importer,role_specific_dependence,4,
LNGN0150,importer,throughput,20,0.156089616633
LNGN0150,importer,voyage_count,20,0.15098448632
LNGN0150,importer,counterparty_count,20,0.15098448632
LNGN0150,importer,counterparty_hhi_terminal,20,-0.186556814029
LNGN0150,importer,counterparty_hhi_country,20,-0.186556814029
LNGN0150,importer,effective_counterparties_terminal,20,-0.176810221016
LNGN0150,importer,effective_counterparties_country,20,-0.176810221016
LNGN0150,importer,max_dependence_generated,20,
LNGN0150,importer,weighted_dependence_generated,20,
LNGN0150,importer,country_terminal_dependence,20,-0.268253741133
LNGN0150,importer,import_pagerank,20,0.130502883396
LNGN0150,importer,export_pagerank,20,0.201916896734
LNGN0150,importer,role_specific_pagerank,20,0.885690104684
LNGN0150,importer,role_specific_dependence,20,-0.268253741133
LNGN0156,importer,throughput,21,-0.0511302112313
LNGN0156,importer,voyage_count,21,-0.0549169859515
LNGN0156,importer,counterparty_count,21,-0.0264750378215
LNGN0156,importer,counterparty_hhi_terminal,21,-0.142857142857
LNGN0156,importer,counterparty_hhi_country,21,-0.142857142857
LNGN0156,importer,effective_counterparties_terminal,21,-0.142857142857
LNGN0156,importer,effective_counterparties_country,21,-0.142857142857
LNGN0156,importer,max_dependence_generated,21,
LNGN0156,importer,weighted_dependence_generated,21,
LNGN0156,importer,country_terminal_dependence,21,-0.158788384801
LNGN0156,importer,import_pagerank,21,0.095289678592
LNGN0156,importer,export_pagerank,21,0.0458398428283
LNGN0156,importer,role_specific_pagerank,21,-0.09290616845
LNGN0156,importer,role_specific_dependence,21,-0.158788384801
LNGN0163,importer,throughput,17,-0.072123375011
LNGN0163,importer,voyage_count,17,-0.0220472440945
LNGN0163,importer,counterparty_count,17,-0.0220472440945
LNGN0163,importer,counterparty_hhi_terminal,17,-0.540746137416
LNGN0163,importer,counterparty_hhi_country,17,-0.540746137416
LNGN0163,importer,effective_counterparties_terminal,17,-0.496953790697
LNGN0163,importer,effective_counterparties_country,17,-0.496953790697
LNGN0163,importer,max_dependence_generated,17,
LNGN0163,importer,weighted_dependence_generated,17,
LNGN0163,importer,country_terminal_dependence,17,0.226203498966
LNGN0163,importer,import_pagerank,17,-0.107153271029
LNGN0163,importer,export_pagerank,17,-0.13055376648
LNGN0163,importer,role_specific_pagerank,17,0.636615075239
LNGN0163,importer,role_specific_dependence,17,0.226203498966
LNGN0164,importer,throughput,12,-0.144359608235
LNGN0164,importer,voyage_count,12,-0.150709219858
LNGN0164,importer,counterparty_count,12,-0.150709219858
LNGN0164,importer,counterparty_hhi_terminal,12,
LNGN0164,importer,counterparty_hhi_country,12,
LNGN0164,importer,effective_counterparties_terminal,12,
LNGN0164,importer,effective_counterparties_country,12,
LNGN0164,importer,max_dependence_generated,12,
LNGN0164,importer,weighted_dependence_generated,12,
LNGN0164,importer,country_terminal_dependence,12,
LNGN0164,importer,import_pagerank,12,-0.166330582344
LNGN0164,importer,export_pagerank,12,-0.158372385125
LNGN0164,importer,role_specific_pagerank,12,
LNGN0164,importer,role_specific_dependence,12,
LNGN0165,importer,throughput,3,-0.0397766701474
LNGN0165,importer,voyage_count,3,-0.0535714285714
LNGN0165,importer,counterparty_count,3,-0.0535714285714
LNGN0165,importer,counterparty_hhi_terminal,3,
LNGN0165,importer,counterparty_hhi_country,3,
LNGN0165,importer,effective_counterparties_terminal,3,
LNGN0165,importer,effective_counterparties_country,3,
LNGN0165,importer,max_dependence_generated,3,
LNGN0165,importer,weighted_dependence_generated,3,
LNGN0165,importer,country_terminal_dependence,3,
LNGN0165,importer,import_pagerank,3,-0.053524210674
LNGN0165,importer,export_pagerank,3,-0.0526497680755
LNGN0165,importer,role_specific_pagerank,3,
LNGN0165,importer,role_specific_dependence,3,
LNGN0166,exporter,throughput,40,0.815629937998
LNGN0166,exporter,voyage_count,40,0.81840716677
LNGN0166,exporter,counterparty_count,40,0.787930590105
LNGN0166,exporter,counterparty_hhi_terminal,40,0.35012462043
LNGN0166,exporter,counterparty_hhi_country,40,0.633155943
LNGN0166,exporter,effective_counterparties_terminal,40,0.223495680942
LNGN0166,exporter,effective_counterparties_country,40,0.282278461528
LNGN0166,exporter,max_dependence_generated,40,0.109284225484
LNGN0166,exporter,weighted_dependence_generated,40,0.0260373804361
LNGN0166,exporter,country_terminal_dependence,40,
LNGN0166,exporter,import_pagerank,40,0.907744068431
LNGN0166,exporter,export_pagerank,40,0.767728672877
LNGN0166,exporter,role_specific_pagerank,40,0.41620861124
LNGN0166,exporter,role_specific_dependence,40,0.0260373804361
LNGN0168,importer,throughput,56,0.35908015722
LNGN0168,importer,voyage_count,56,0.354367535143
LNGN0168,importer,counterparty_count,56,0.339659099995
LNGN0168,importer,counterparty_hhi_terminal,56,0.17826483846
LNGN0168,importer,counterparty_hhi_country,56,0.175829884799
LNGN0168,importer,effective_counterparties_terminal,56,0.102449942599
LNGN0168,importer,effective_counterparties_country,56,0.141538360525
LNGN0168,importer,max_dependence_generated,56,
LNGN0168,importer,weighted_dependence_generated,56,
LNGN0168,importer,country_terminal_dependence,56,0.208058938992
LNGN0168,importer,import_pagerank,56,0.356035454552
LNGN0168,importer,export_pagerank,56,0.462823217586
LNGN0168,importer,role_specific_pagerank,56,0.238973157098
LNGN0168,importer,role_specific_dependence,56,0.208058938992
LNGN0170,importer,throughput,25,-0.169793488258
LNGN0170,importer,voyage_count,25,-0.166202672606
LNGN0170,importer,counterparty_count,25,-0.145065789474
LNGN0170,importer,counterparty_hhi_terminal,25,-0.218211133344
LNGN0170,importer,counterparty_hhi_country,25,-0.166662045416
LNGN0170,importer,effective_counterparties_terminal,25,-0.218191560448
LNGN0170,importer,effective_counterparties_country,25,-0.166648592086
LNGN0170,importer,max_dependence_generated,25,
LNGN0170,importer,weighted_dependence_generated,25,
LNGN0170,importer,country_terminal_dependence,25,-0.235676396573
LNGN0170,importer,import_pagerank,25,-0.0862231924006
LNGN0170,importer,export_pagerank,25,-0.0690708814703
LNGN0170,importer,role_specific_pagerank,25,0.749643492562
LNGN0170,importer,role_specific_dependence,25,-0.235676396573
LNGN0173,importer,throughput,45,0.459077707743
LNGN0173,importer,voyage_count,45,0.431166631728
LNGN0173,importer,counterparty_count,45,0.448859890726
LNGN0173,importer,counterparty_hhi_terminal,45,0.21638467104
LNGN0173,importer,counterparty_hhi_country,45,0.178547172029
LNGN0173,importer,effective_counterparties_terminal,45,0.231218649444
LNGN0173,importer,effective_counterparties_country,45,0.112225776592
LNGN0173,importer,max_dependence_generated,45,
LNGN0173,importer,weighted_dependence_generated,45,
LNGN0173,importer,country_terminal_dependence,45,0.139047072342
LNGN0173,importer,import_pagerank,45,0.255950072656
LNGN0173,importer,export_pagerank,45,0.349642880008
LNGN0173,importer,role_specific_pagerank,45,0.246279112802
LNGN0173,importer,role_specific_dependence,45,0.139047072342
LNGN0174,importer,throughput,5,-0.0804677472766
LNGN0174,importer,voyage_count,5,-0.0820609939862
LNGN0174,importer,counterparty_count,5,-0.0820609939862
LNGN0174,importer,counterparty_hhi_terminal,5,
LNGN0174,importer,counterparty_hhi_country,5,
LNGN0174,importer,effective_counterparties_terminal,5,
LNGN0174,importer,effective_counterparties_country,5,
LNGN0174,importer,max_dependence_generated,5,
LNGN0174,importer,weighted_dependence_generated,5,
LNGN0174,importer,country_terminal_dependence,5,
LNGN0174,importer,import_pagerank,5,-0.0806530567448
LNGN0174,importer,export_pagerank,5,-0.0812062789813
LNGN0174,importer,role_specific_pagerank,5,
LNGN0174,importer,role_specific_dependence,5,
LNGN0175,importer,throughput,21,0.24952089686
LNGN0175,importer,voyage_count,21,0.221128978383
LNGN0175,importer,counterparty_count,21,0.221128978383
LNGN0175,importer,counterparty_hhi_terminal,21,0.0729834860676
LNGN0175,importer,counterparty_hhi_country,21,0.0729834860676
LNGN0175,importer,effective_counterparties_terminal,21,0.130131811113
LNGN0175,importer,effective_counterparties_country,21,0.130131811113
LNGN0175,importer,max_dependence_generated,21,
LNGN0175,importer,weighted_dependence_generated,21,
LNGN0175,importer,country_terminal_dependence,21,
LNGN0175,importer,import_pagerank,21,0.0734174444566
LNGN0175,importer,export_pagerank,21,0.121788114099
LNGN0175,importer,role_specific_pagerank,21,0.81454510344
LNGN0175,importer,role_specific_dependence,21,
LNGN0176,importer,throughput,2,-0.0278745644599
LNGN0176,importer,voyage_count,2,-0.0350877192982
LNGN0176,importer,counterparty_count,2,-0.0350877192982
LNGN0176,importer,counterparty_hhi_terminal,2,
LNGN0176,importer,counterparty_hhi_country,2,
LNGN0176,importer,effective_counterparties_terminal,2,
LNGN0176,importer,effective_counterparties_country,2,
LNGN0176,importer,max_dependence_generated,2,
LNGN0176,importer,weighted_dependence_generated,2,
LNGN0176,importer,country_terminal_dependence,2,
LNGN0176,importer,import_pagerank,2,-0.03502186204
LNGN0176,importer,export_pagerank,2,-0.0350409986991
LNGN0176,importer,role_specific_pagerank,2,
LNGN0176,importer,role_specific_dependence,2,
LNGN0178,importer,throughput,54,0.362872719251
LNGN0178,importer,voyage_count,54,0.314305886053
LNGN0178,importer,counterparty_count,54,0.443166969369
LNGN0178,importer,counterparty_hhi_terminal,54,0.2891847169
LNGN0178,importer,counterparty_hhi_country,54,0.108667591336
LNGN0178,importer,effective_counterparties_terminal,54,0.353485655475
LNGN0178,importer,effective_counterparties_country,54,0.229930259539
LNGN0178,importer,max_dependence_generated,54,
LNGN0178,importer,weighted_dependence_generated,54,
LNGN0178,importer,country_terminal_dependence,54,0.0556271508604
LNGN0178,importer,import_pagerank,54,0.12552245018
LNGN0178,importer,export_pagerank,54,0.0226903741434
LNGN0178,importer,role_specific_pagerank,54,0.611787075432
LNGN0178,importer,role_specific_dependence,54,0.0556271508604
LNGN0180,exporter,throughput,4,0.264656796099
LNGN0180,exporter,voyage_count,4,0.270614998248
LNGN0180,exporter,counterparty_count,4,0.270614998248
LNGN0180,exporter,counterparty_hhi_terminal,4,
LNGN0180,exporter,counterparty_hhi_country,4,
LNGN0180,exporter,effective_counterparties_terminal,4,
LNGN0180,exporter,effective_counterparties_country,4,
LNGN0180,exporter,max_dependence_generated,4,
LNGN0180,exporter,weighted_dependence_generated,4,
LNGN0180,exporter,country_terminal_dependence,4,
LNGN0180,exporter,import_pagerank,4,0.161268706094
LNGN0180,exporter,export_pagerank,4,0.101951595815
LNGN0180,exporter,role_specific_pagerank,4,
LNGN0180,exporter,role_specific_dependence,4,
LNGN0181,importer,throughput,57,0.125687611626
LNGN0181,importer,voyage_count,57,0.188006062102
LNGN0181,importer,counterparty_count,57,0.268046322083
LNGN0181,importer,counterparty_hhi_terminal,57,0.0617277834483
LNGN0181,importer,counterparty_hhi_country,57,0.0772353246352
LNGN0181,importer,effective_counterparties_terminal,57,0.24756657526
LNGN0181,importer,effective_counterparties_country,57,0.210195635554
LNGN0181,importer,max_dependence_generated,57,
LNGN0181,importer,weighted_dependence_generated,57,
LNGN0181,importer,country_terminal_dependence,57,0.322043171605
LNGN0181,importer,import_pagerank,57,-0.0221195465511
LNGN0181,importer,export_pagerank,57,0.137880631131
LNGN0181,importer,role_specific_pagerank,57,-0.0857532889819
LNGN0181,importer,role_specific_dependence,57,0.322043171605
LNGN0182,importer,throughput,14,0.537823775992
LNGN0182,importer,voyage_count,14,0.598092643052
LNGN0182,importer,counterparty_count,14,0.609917355372
LNGN0182,importer,counterparty_hhi_terminal,14,-0.147611695287
LNGN0182,importer,counterparty_hhi_country,14,-0.1
LNGN0182,importer,effective_counterparties_terminal,14,-0.157974120751
LNGN0182,importer,effective_counterparties_country,14,-0.1
LNGN0182,importer,max_dependence_generated,14,
LNGN0182,importer,weighted_dependence_generated,14,
LNGN0182,importer,country_terminal_dependence,14,-0.391170703021
LNGN0182,importer,import_pagerank,14,0.635257921943
LNGN0182,importer,export_pagerank,14,0.720056846931
LNGN0182,importer,role_specific_pagerank,14,-0.068026629532
LNGN0182,importer,role_specific_dependence,14,-0.391170703021
LNGN0186,importer,throughput,53,0.55882833641
LNGN0186,importer,voyage_count,53,0.560753688059
LNGN0186,importer,counterparty_count,53,0.480079958234
LNGN0186,importer,counterparty_hhi_terminal,53,0.312587533722
LNGN0186,importer,counterparty_hhi_country,53,-0.113675847117
LNGN0186,importer,effective_counterparties_terminal,53,0.373172391851
LNGN0186,importer,effective_counterparties_country,53,-0.151981273564
LNGN0186,importer,max_dependence_generated,53,
LNGN0186,importer,weighted_dependence_generated,53,
LNGN0186,importer,country_terminal_dependence,53,0.0328212277108
LNGN0186,importer,import_pagerank,53,0.363015877408
LNGN0186,importer,export_pagerank,53,0.243914315469
LNGN0186,importer,role_specific_pagerank,53,0.597693214877
LNGN0186,importer,role_specific_dependence,53,0.0328212277108
LNGN0190,importer,throughput,4,0.597558684291
LNGN0190,importer,voyage_count,4,0.551365875807
LNGN0190,importer,counterparty_count,4,0.551365875807
LNGN0190,importer,counterparty_hhi_terminal,4,
LNGN0190,importer,counterparty_hhi_country,4,
LNGN0190,importer,effective_counterparties_terminal,4,
LNGN0190,importer,effective_counterparties_country,4,
LNGN0190,importer,max_dependence_generated,4,
LNGN0190,importer,weighted_dependence_generated,4,
LNGN0190,importer,country_terminal_dependence,4,
LNGN0190,importer,import_pagerank,4,0.713047029328
LNGN0190,importer,export_pagerank,4,0.67385339296
LNGN0190,importer,role_specific_pagerank,4,
LNGN0190,importer,role_specific_dependence,4,
LNGN0191,importer,throughput,34,0.633635285718
LNGN0191,importer,voyage_count,34,0.621265172736
LNGN0191,importer,counterparty_count,34,0.485779816514
LNGN0191,importer,counterparty_hhi_terminal,34,-0.0682591730179
LNGN0191,importer,counterparty_hhi_country,34,-0.0682591730179
LNGN0191,importer,effective_counterparties_terminal,34,-0.138181575619
LNGN0191,importer,effective_counterparties_country,34,-0.138181575619
LNGN0191,importer,max_dependence_generated,34,
LNGN0191,importer,weighted_dependence_generated,34,
LNGN0191,importer,country_terminal_dependence,34,
LNGN0191,importer,import_pagerank,34,0.420576007173
LNGN0191,importer,export_pagerank,34,0.352807947011
LNGN0191,importer,role_specific_pagerank,34,0.699082690467
LNGN0191,importer,role_specific_dependence,34,
LNGN0195,importer,throughput,52,0.62024978631
LNGN0195,importer,voyage_count,52,0.642559636501
LNGN0195,importer,counterparty_count,52,0.513402061856
LNGN0195,importer,counterparty_hhi_terminal,52,0.230031440257
LNGN0195,importer,counterparty_hhi_country,52,0.236446181576
LNGN0195,importer,effective_counterparties_terminal,52,0.20791775123
LNGN0195,importer,effective_counterparties_country,52,0.253005167731
LNGN0195,importer,max_dependence_generated,52,
LNGN0195,importer,weighted_dependence_generated,52,
LNGN0195,importer,country_terminal_dependence,52,0.451506233784
LNGN0195,importer,import_pagerank,52,0.122840492565
LNGN0195,importer,export_pagerank,52,0.177812840128
LNGN0195,importer,role_specific_pagerank,52,0.10737313204
LNGN0195,importer,role_specific_dependence,52,0.451506233784
LNGN0199,importer,throughput,15,-0.0227784629212
LNGN0199,importer,voyage_count,15,-0.0265567765568
LNGN0199,importer,counterparty_count,15,0.0483870967742
LNGN0199,importer,counterparty_hhi_terminal,15,
LNGN0199,importer,counterparty_hhi_country,15,
LNGN0199,importer,effective_counterparties_terminal,15,
LNGN0199,importer,effective_counterparties_country,15,
LNGN0199,importer,max_dependence_generated,15,
LNGN0199,importer,weighted_dependence_generated,15,
LNGN0199,importer,country_terminal_dependence,15,-0.780333298727
LNGN0199,importer,import_pagerank,15,0.0604265089243
LNGN0199,importer,export_pagerank,15,0.120946613845
LNGN0199,importer,role_specific_pagerank,15,0.606748567363
LNGN0199,importer,role_specific_dependence,15,-0.780333298727
LNGN0206,exporter,throughput,16,0.44407320049
LNGN0206,exporter,voyage_count,16,0.4549222783
LNGN0206,exporter,counterparty_count,16,0.442530266577
LNGN0206,exporter,counterparty_hhi_terminal,16,-0.145502197195
LNGN0206,exporter,counterparty_hhi_country,16,-0.0885778750022
LNGN0206,exporter,effective_counterparties_terminal,16,-0.130851507372
LNGN0206,exporter,effective_counterparties_country,16,-0.024272819575
LNGN0206,exporter,max_dependence_generated,16,0.490062088029
LNGN0206,exporter,weighted_dependence_generated,16,0.638121684432
LNGN0206,exporter,country_terminal_dependence,16,
LNGN0206,exporter,import_pagerank,16,0.58076561498
LNGN0206,exporter,export_pagerank,16,0.583727439475
LNGN0206,exporter,role_specific_pagerank,16,0.528763040962
LNGN0206,exporter,role_specific_dependence,16,0.638121684432
LNGN0207,importer,throughput,50,0.564786615483
LNGN0207,importer,voyage_count,50,0.419761314229
LNGN0207,importer,counterparty_count,50,0.472250576203
LNGN0207,importer,counterparty_hhi_terminal,50,0.347930703973
LNGN0207,importer,counterparty_hhi_country,50,0.207596965749
LNGN0207,importer,effective_counterparties_terminal,50,0.477575712692
LNGN0207,importer,effective_counterparties_country,50,0.201882929477
LNGN0207,importer,max_dependence_generated,50,
LNGN0207,importer,weighted_dependence_generated,50,
LNGN0207,importer,country_terminal_dependence,50,
LNGN0207,importer,import_pagerank,50,0.121139375813
LNGN0207,importer,export_pagerank,50,0.139638905132
LNGN0207,importer,role_specific_pagerank,50,0.545076402951
LNGN0207,importer,role_specific_dependence,50,
LNGN0208,importer,throughput,32,0.538476597756
LNGN0208,importer,voyage_count,32,0.508288404459
LNGN0208,importer,counterparty_count,32,0.302671002741
LNGN0208,importer,counterparty_hhi_terminal,32,0.107677364802
LNGN0208,importer,counterparty_hhi_country,32,0.107677364802
LNGN0208,importer,effective_counterparties_terminal,32,0.145251097669
LNGN0208,importer,effective_counterparties_country,32,0.145251097669
LNGN0208,importer,max_dependence_generated,32,
LNGN0208,importer,weighted_dependence_generated,32,
LNGN0208,importer,country_terminal_dependence,32,0.77267426616
LNGN0208,importer,import_pagerank,32,0.313701042461
LNGN0208,importer,export_pagerank,32,0.270995292086
LNGN0208,importer,role_specific_pagerank,32,0.288410973457
LNGN0208,importer,role_specific_dependence,32,0.77267426616
LNGN0210,importer,throughput,45,0.396043848669
LNGN0210,importer,voyage_count,45,0.247093632579
LNGN0210,importer,counterparty_count,45,0.322402291223
LNGN0210,importer,counterparty_hhi_terminal,45,0.0853040826541
LNGN0210,importer,counterparty_hhi_country,45,0.0853040826541
LNGN0210,importer,effective_counterparties_terminal,45,0.0375866408919
LNGN0210,importer,effective_counterparties_country,45,0.0375866408919
LNGN0210,importer,max_dependence_generated,45,
LNGN0210,importer,weighted_dependence_generated,45,
LNGN0210,importer,country_terminal_dependence,45,
LNGN0210,importer,import_pagerank,45,0.135539103047
LNGN0210,importer,export_pagerank,45,0.0789993184948
LNGN0210,importer,role_specific_pagerank,45,0.369793140534
LNGN0210,importer,role_specific_dependence,45,
LNGN0212,importer,throughput,4,-0.0726228152555
LNGN0212,importer,voyage_count,4,-0.0727272727273
LNGN0212,importer,counterparty_count,4,-0.0727272727273
LNGN0212,importer,counterparty_hhi_terminal,4,
LNGN0212,importer,counterparty_hhi_country,4,
LNGN0212,importer,effective_counterparties_terminal,4,
LNGN0212,importer,effective_counterparties_country,4,
LNGN0212,importer,max_dependence_generated,4,
LNGN0212,importer,weighted_dependence_generated,4,
LNGN0212,importer,country_terminal_dependence,4,
LNGN0212,importer,import_pagerank,4,-0.0679130123652
LNGN0212,importer,export_pagerank,4,-0.0704520935112
LNGN0212,importer,role_specific_pagerank,4,
LNGN0212,importer,role_specific_dependence,4,
LNGN0219,importer,throughput,3,0.312287100334
LNGN0219,importer,voyage_count,3,0.297619047619
LNGN0219,importer,counterparty_count,3,0.297619047619
LNGN0219,importer,counterparty_hhi_terminal,3,
LNGN0219,importer,counterparty_hhi_country,3,
LNGN0219,importer,effective_counterparties_terminal,3,
LNGN0219,importer,effective_counterparties_country,3,
LNGN0219,importer,max_dependence_generated,3,
LNGN0219,importer,weighted_dependence_generated,3,
LNGN0219,importer,country_terminal_dependence,3,
LNGN0219,importer,import_pagerank,3,0.260168669862
LNGN0219,importer,export_pagerank,3,0.287835568378
LNGN0219,importer,role_specific_pagerank,3,
LNGN0219,importer,role_specific_dependence,3,
LNGN0222,importer,throughput,28,0.0439224988983
LNGN0222,importer,voyage_count,28,0.0726279937464
LNGN0222,importer,counterparty_count,28,0.188220847632
LNGN0222,importer,counterparty_hhi_terminal,28,0.388877427528
LNGN0222,importer,counterparty_hhi_country,28,0.388877427528
LNGN0222,importer,effective_counterparties_terminal,28,0.432530851296
LNGN0222,importer,effective_counterparties_country,28,0.432530851296
LNGN0222,importer,max_dependence_generated,28,
LNGN0222,importer,weighted_dependence_generated,28,
LNGN0222,importer,country_terminal_dependence,28,0.267911862476
LNGN0222,importer,import_pagerank,28,0.275316794564
LNGN0222,importer,export_pagerank,28,0.187630284425
LNGN0222,importer,role_specific_pagerank,28,0.339232700736
LNGN0222,importer,role_specific_dependence,28,0.267911862476
LNGN0230,importer,throughput,55,0.501962068125
LNGN0230,importer,voyage_count,55,0.471572878639
LNGN0230,importer,counterparty_count,55,0.400344801622
LNGN0230,importer,counterparty_hhi_terminal,55,0.341462947278
LNGN0230,importer,counterparty_hhi_country,55,0.330862520587
LNGN0230,importer,effective_counterparties_terminal,55,0.204157306894
LNGN0230,importer,effective_counterparties_country,55,0.253834236076
LNGN0230,importer,max_dependence_generated,55,
LNGN0230,importer,weighted_dependence_generated,55,
LNGN0230,importer,country_terminal_dependence,55,
LNGN0230,importer,import_pagerank,55,0.369666920878
LNGN0230,importer,export_pagerank,55,0.199320760886
LNGN0230,importer,role_specific_pagerank,55,0.488172932912
LNGN0230,importer,role_specific_dependence,55,
LNGN0232,importer,throughput,54,0.391712944739
LNGN0232,importer,voyage_count,54,0.414834353125
LNGN0232,importer,counterparty_count,54,0.429398643311
LNGN0232,importer,counterparty_hhi_terminal,54,0.479046227242
LNGN0232,importer,counterparty_hhi_country,54,0.424131991383
LNGN0232,importer,effective_counterparties_terminal,54,0.449376908953
LNGN0232,importer,effective_counterparties_country,54,0.312666373635
LNGN0232,importer,max_dependence_generated,54,
LNGN0232,importer,weighted_dependence_generated,54,
LNGN0232,importer,country_terminal_dependence,54,0.249258344013
LNGN0232,importer,import_pagerank,54,0.391922250431
LNGN0232,importer,export_pagerank,54,0.402481594195
LNGN0232,importer,role_specific_pagerank,54,0.266678864074
LNGN0232,importer,role_specific_dependence,54,0.249258344013
LNGN0237,importer,throughput,25,-0.123229857309
LNGN0237,importer,voyage_count,25,-0.133058984911
LNGN0237,importer,counterparty_count,25,-0.133058984911
LNGN0237,importer,counterparty_hhi_terminal,25,-0.142857142857
LNGN0237,importer,counterparty_hhi_country,25,
LNGN0237,importer,effective_counterparties_terminal,25,-0.142857142857
LNGN0237,importer,effective_counterparties_country,25,
LNGN0237,importer,max_dependence_generated,25,
LNGN0237,importer,weighted_dependence_generated,25,
LNGN0237,importer,country_terminal_dependence,25,-0.0860321658403
LNGN0237,importer,import_pagerank,25,-0.0868612899516
LNGN0237,importer,export_pagerank,25,-0.115124922618
LNGN0237,importer,role_specific_pagerank,25,0.787877163965
LNGN0237,importer,role_specific_dependence,25,-0.0860321658403
LNGN0238,importer,throughput,16,0.371494736469
LNGN0238,importer,voyage_count,16,0.446502468214
LNGN0238,importer,counterparty_count,16,0.506370649029
LNGN0238,importer,counterparty_hhi_terminal,16,0.17219762959
LNGN0238,importer,counterparty_hhi_country,16,0.17219762959
LNGN0238,importer,effective_counterparties_terminal,16,0.101272620103
LNGN0238,importer,effective_counterparties_country,16,0.101272620103
LNGN0238,importer,max_dependence_generated,16,
LNGN0238,importer,weighted_dependence_generated,16,
LNGN0238,importer,country_terminal_dependence,16,0.46435924589
LNGN0238,importer,import_pagerank,16,0.501837118281
LNGN0238,importer,export_pagerank,16,0.541344207373
LNGN0238,importer,role_specific_pagerank,16,0.505406382912
LNGN0238,importer,role_specific_dependence,16,0.46435924589
LNGN0241,importer,throughput,13,0.0918029122892
LNGN0241,importer,voyage_count,13,0.112040133779
LNGN0241,importer,counterparty_count,13,0.112040133779
LNGN0241,importer,counterparty_hhi_terminal,13,
LNGN0241,importer,counterparty_hhi_country,13,
LNGN0241,importer,effective_counterparties_terminal,13,
LNGN0241,importer,effective_counterparties_country,13,
LNGN0241,importer,max_dependence_generated,13,
LNGN0241,importer,weighted_dependence_generated,13,
LNGN0241,importer,country_terminal_dependence,13,0.0597602140392
LNGN0241,importer,import_pagerank,13,0.168808555286
LNGN0241,importer,export_pagerank,13,0.178764621507
LNGN0241,importer,role_specific_pagerank,13,-0.928222689947
LNGN0241,importer,role_specific_dependence,13,0.0597602140392
LNGN0243,importer,throughput,1,-0.0172413793103
LNGN0243,importer,voyage_count,1,-0.0172413793103
LNGN0243,importer,counterparty_count,1,-0.0172413793103
LNGN0243,importer,counterparty_hhi_terminal,1,
LNGN0243,importer,counterparty_hhi_country,1,
LNGN0243,importer,effective_counterparties_terminal,1,
LNGN0243,importer,effective_counterparties_country,1,
LNGN0243,importer,max_dependence_generated,1,
LNGN0243,importer,weighted_dependence_generated,1,
LNGN0243,importer,country_terminal_dependence,1,
LNGN0243,importer,import_pagerank,1,-0.0172413793103
LNGN0243,importer,export_pagerank,1,-0.0172413793103
LNGN0243,importer,role_specific_pagerank,1,
LNGN0243,importer,role_specific_dependence,1,
LNGN0244,importer,throughput,59,0.450016115651
LNGN0244,importer,voyage_count,59,0.41556928097
LNGN0244,importer,counterparty_count,59,0.318207440812
LNGN0244,importer,counterparty_hhi_terminal,59,0.296949247077
LNGN0244,importer,counterparty_hhi_country,59,0.2544879415
LNGN0244,importer,effective_counterparties_terminal,59,0.299982602091
LNGN0244,importer,effective_counterparties_country,59,0.237136444534
LNGN0244,importer,max_dependence_generated,59,
LNGN0244,importer,weighted_dependence_generated,59,
LNGN0244,importer,country_terminal_dependence,59,0.351190298379
LNGN0244,importer,import_pagerank,59,0.530602530828
LNGN0244,importer,export_pagerank,59,0.446912481519
LNGN0244,importer,role_specific_pagerank,59,0.598597524321
LNGN0244,importer,role_specific_dependence,59,0.351190298379
LNGN0248,importer,throughput,43,0.162910929874
LNGN0248,importer,voyage_count,43,0.160500853728
LNGN0248,importer,counterparty_count,43,0.242034943474
LNGN0248,importer,counterparty_hhi_terminal,43,-0.188837929708
LNGN0248,importer,counterparty_hhi_country,43,-0.219889226303
LNGN0248,importer,effective_counterparties_terminal,43,-0.189894498291
LNGN0248,importer,effective_counterparties_country,43,-0.217812999362
LNGN0248,importer,max_dependence_generated,43,
LNGN0248,importer,weighted_dependence_generated,43,
LNGN0248,importer,country_terminal_dependence,43,0.120701234628
LNGN0248,importer,import_pagerank,43,0.500313833239
LNGN0248,importer,export_pagerank,43,0.534517272373
LNGN0248,importer,role_specific_pagerank,43,0.80096903911
LNGN0248,importer,role_specific_dependence,43,0.120701234628
LNGN0250,importer,throughput,9,0.518283436896
LNGN0250,importer,voyage_count,9,0.52043743123
LNGN0250,importer,counterparty_count,9,0.52043743123
LNGN0250,importer,counterparty_hhi_terminal,9,
LNGN0250,importer,counterparty_hhi_country,9,
LNGN0250,importer,effective_counterparties_terminal,9,
LNGN0250,importer,effective_counterparties_country,9,
LNGN0250,importer,max_dependence_generated,9,
LNGN0250,importer,weighted_dependence_generated,9,
LNGN0250,importer,country_terminal_dependence,9,-0.597577431665
LNGN0250,importer,import_pagerank,9,0.442926364547
LNGN0250,importer,export_pagerank,9,0.476106176363
LNGN0250,importer,role_specific_pagerank,9,0.719879011054
LNGN0250,importer,role_specific_dependence,9,-0.597577431665
LNGN0251,importer,throughput,26,-0.0304473529729
LNGN0251,importer,voyage_count,26,-0.0122549019608
LNGN0251,importer,counterparty_count,26,-0.0122549019608
LNGN0251,importer,counterparty_hhi_terminal,26,
LNGN0251,importer,counterparty_hhi_country,26,
LNGN0251,importer,effective_counterparties_terminal,26,
LNGN0251,importer,effective_counterparties_country,26,
LNGN0251,importer,max_dependence_generated,26,
LNGN0251,importer,weighted_dependence_generated,26,
LNGN0251,importer,country_terminal_dependence,26,0.435316008774
LNGN0251,importer,import_pagerank,26,0.0166011726932
LNGN0251,importer,export_pagerank,26,0.0565119773259
LNGN0251,importer,role_specific_pagerank,26,0.537588142184
LNGN0251,importer,role_specific_dependence,26,0.435316008774
LNGN0253,importer,throughput,2,-0.0314535633865
LNGN0253,importer,voyage_count,2,-0.0314685314685
LNGN0253,importer,counterparty_count,2,-0.0314685314685
LNGN0253,importer,counterparty_hhi_terminal,2,
LNGN0253,importer,counterparty_hhi_country,2,
LNGN0253,importer,effective_counterparties_terminal,2,
LNGN0253,importer,effective_counterparties_country,2,
LNGN0253,importer,max_dependence_generated,2,
LNGN0253,importer,weighted_dependence_generated,2,
LNGN0253,importer,country_terminal_dependence,2,
LNGN0253,importer,import_pagerank,2,-0.0345142137895
LNGN0253,importer,export_pagerank,2,-0.0350869052628
LNGN0253,importer,role_specific_pagerank,2,
LNGN0253,importer,role_specific_dependence,2,
LNGN0258,importer,throughput,11,-0.128695541963
LNGN0258,importer,voyage_count,11,-0.124633431085
LNGN0258,importer,counterparty_count,11,-0.124633431085
LNGN0258,importer,counterparty_hhi_terminal,11,
LNGN0258,importer,counterparty_hhi_country,11,
LNGN0258,importer,effective_counterparties_terminal,11,
LNGN0258,importer,effective_counterparties_country,11,
LNGN0258,importer,max_dependence_generated,11,
LNGN0258,importer,weighted_dependence_generated,11,
LNGN0258,importer,country_terminal_dependence,11,
LNGN0258,importer,import_pagerank,11,-0.155166435047
LNGN0258,importer,export_pagerank,11,-0.141040230566
LNGN0258,importer,role_specific_pagerank,11,
LNGN0258,importer,role_specific_dependence,11,
LNGN0261,exporter,throughput,59,0.526748223809
LNGN0261,exporter,voyage_count,59,0.537350738685
LNGN0261,exporter,counterparty_count,59,0.588022610705
LNGN0261,exporter,counterparty_hhi_terminal,59,0.573737109844
LNGN0261,exporter,counterparty_hhi_country,59,0.312798024543
LNGN0261,exporter,effective_counterparties_terminal,59,0.476437442645
LNGN0261,exporter,effective_counterparties_country,59,0.32129836449
LNGN0261,exporter,max_dependence_generated,59,-0.138958155994
LNGN0261,exporter,weighted_dependence_generated,59,-0.0123033866029
LNGN0261,exporter,country_terminal_dependence,59,
LNGN0261,exporter,import_pagerank,59,0.351989183429
LNGN0261,exporter,export_pagerank,59,0.283673967393
LNGN0261,exporter,role_specific_pagerank,59,0.167482095134
LNGN0261,exporter,role_specific_dependence,59,-0.0123033866029
LNGN0262,importer,throughput,1,-0.0172413793103
LNGN0262,importer,voyage_count,1,-0.0172413793103
LNGN0262,importer,counterparty_count,1,-0.0172413793103
LNGN0262,importer,counterparty_hhi_terminal,1,
LNGN0262,importer,counterparty_hhi_country,1,
LNGN0262,importer,effective_counterparties_terminal,1,
LNGN0262,importer,effective_counterparties_country,1,
LNGN0262,importer,max_dependence_generated,1,
LNGN0262,importer,weighted_dependence_generated,1,
LNGN0262,importer,country_terminal_dependence,1,
LNGN0262,importer,import_pagerank,1,-0.0172413793103
LNGN0262,importer,export_pagerank,1,-0.0172413793103
LNGN0262,importer,role_specific_pagerank,1,
LNGN0262,importer,role_specific_dependence,1,
LNGN0268,importer,throughput,10,0.43586439047
LNGN0268,importer,voyage_count,10,0.48375
LNGN0268,importer,counterparty_count,10,0.543343653251
LNGN0268,importer,counterparty_hhi_terminal,10,-0.2
LNGN0268,importer,counterparty_hhi_country,10,-0.2
LNGN0268,importer,effective_counterparties_terminal,10,-0.2
LNGN0268,importer,effective_counterparties_country,10,-0.2
LNGN0268,importer,max_dependence_generated,10,
LNGN0268,importer,weighted_dependence_generated,10,
LNGN0268,importer,country_terminal_dependence,10,0.122404549015
LNGN0268,importer,import_pagerank,10,0.604669104436
LNGN0268,importer,export_pagerank,10,0.534332307049
LNGN0268,importer,role_specific_pagerank,10,0.297149503321
LNGN0268,importer,role_specific_dependence,10,0.122404549015
LNGN0270,importer,throughput,54,0.101922971423
LNGN0270,importer,voyage_count,54,0.0974600731191
LNGN0270,importer,counterparty_count,54,0.0964483545129
LNGN0270,importer,counterparty_hhi_terminal,54,-0.00918844919026
LNGN0270,importer,counterparty_hhi_country,54,0.194294750159
LNGN0270,importer,effective_counterparties_terminal,54,-0.151056061904
LNGN0270,importer,effective_counterparties_country,54,0.073684171779
LNGN0270,importer,max_dependence_generated,54,
LNGN0270,importer,weighted_dependence_generated,54,
LNGN0270,importer,country_terminal_dependence,54,0.448417748026
LNGN0270,importer,import_pagerank,54,-0.197214280955
LNGN0270,importer,export_pagerank,54,-0.214879398665
LNGN0270,importer,role_specific_pagerank,54,0.184173831835
LNGN0270,importer,role_specific_dependence,54,0.448417748026
LNGN0272,importer,throughput,12,0.191774587631
LNGN0272,importer,voyage_count,12,0.186206896552
LNGN0272,importer,counterparty_count,12,0.127218934911
LNGN0272,importer,counterparty_hhi_terminal,12,
LNGN0272,importer,counterparty_hhi_country,12,
LNGN0272,importer,effective_counterparties_terminal,12,
LNGN0272,importer,effective_counterparties_country,12,
LNGN0272,importer,max_dependence_generated,12,
LNGN0272,importer,weighted_dependence_generated,12,
LNGN0272,importer,country_terminal_dependence,12,
LNGN0272,importer,import_pagerank,12,0.180841267802
LNGN0272,importer,export_pagerank,12,0.137065531451
LNGN0272,importer,role_specific_pagerank,12,0.727524190676
LNGN0272,importer,role_specific_dependence,12,
LNGN0274,exporter,throughput,31,0.335931173468
LNGN0274,exporter,voyage_count,31,0.3506077065
LNGN0274,exporter,counterparty_count,31,0.310177175992
LNGN0274,exporter,counterparty_hhi_terminal,31,-0.253731647426
LNGN0274,exporter,counterparty_hhi_country,31,-0.1368268533
LNGN0274,exporter,effective_counterparties_terminal,31,-0.152620517352
LNGN0274,exporter,effective_counterparties_country,31,-0.0374705582317
LNGN0274,exporter,max_dependence_generated,31,-0.324125397888
LNGN0274,exporter,weighted_dependence_generated,31,-0.149354068737
LNGN0274,exporter,country_terminal_dependence,31,
LNGN0274,exporter,import_pagerank,31,0.535235410806
LNGN0274,exporter,export_pagerank,31,0.435738991316
LNGN0274,exporter,role_specific_pagerank,31,-0.102527782769
LNGN0274,exporter,role_specific_dependence,31,-0.149354068737
LNGN0278,importer,throughput,31,0.382211296483
LNGN0278,importer,voyage_count,31,0.382211296483
LNGN0278,importer,counterparty_count,31,0.395598902619
LNGN0278,importer,counterparty_hhi_terminal,31,0.44981022041
LNGN0278,importer,counterparty_hhi_country,31,
LNGN0278,importer,effective_counterparties_terminal,31,0.433377022753
LNGN0278,importer,effective_counterparties_country,31,
LNGN0278,importer,max_dependence_generated,31,
LNGN0278,importer,weighted_dependence_generated,31,
LNGN0278,importer,country_terminal_dependence,31,0.142283722618
LNGN0278,importer,import_pagerank,31,0.316565656293
LNGN0278,importer,export_pagerank,31,0.282067392534
LNGN0278,importer,role_specific_pagerank,31,0.861097692113
LNGN0278,importer,role_specific_dependence,31,0.142283722618
LNGN0285,importer,throughput,19,0.622244537135
LNGN0285,importer,voyage_count,19,0.632851276804
LNGN0285,importer,counterparty_count,19,0.680792205577
LNGN0285,importer,counterparty_hhi_terminal,19,0.19185820776
LNGN0285,importer,counterparty_hhi_country,19,-0.0373656054033
LNGN0285,importer,effective_counterparties_terminal,19,0.219295533096
LNGN0285,importer,effective_counterparties_country,19,-0.112537243883
LNGN0285,importer,max_dependence_generated,19,
LNGN0285,importer,weighted_dependence_generated,19,
LNGN0285,importer,country_terminal_dependence,19,-0.0838389017135
LNGN0285,importer,import_pagerank,19,0.805661522671
LNGN0285,importer,export_pagerank,19,0.846919058702
LNGN0285,importer,role_specific_pagerank,19,0.647484973705
LNGN0285,importer,role_specific_dependence,19,-0.0838389017135
LNGN0287,importer,throughput,18,0.153327562481
LNGN0287,importer,voyage_count,18,0.167548500882
LNGN0287,importer,counterparty_count,18,0.193621867882
LNGN0287,importer,counterparty_hhi_terminal,18,
LNGN0287,importer,counterparty_hhi_country,18,
LNGN0287,importer,effective_counterparties_terminal,18,
LNGN0287,importer,effective_counterparties_country,18,
LNGN0287,importer,max_dependence_generated,18,
LNGN0287,importer,weighted_dependence_generated,18,
LNGN0287,importer,country_terminal_dependence,18,0.536799800866
LNGN0287,importer,import_pagerank,18,0.194219324568
LNGN0287,importer,export_pagerank,18,0.184767251235
LNGN0287,importer,role_specific_pagerank,18,0.923604394287
LNGN0287,importer,role_specific_dependence,18,0.536799800866
LNGN0288,exporter,throughput,11,0.0838085319356
LNGN0288,exporter,voyage_count,11,0.0803357314149
LNGN0288,exporter,counterparty_count,11,0.134897360704
LNGN0288,exporter,counterparty_hhi_terminal,11,
LNGN0288,exporter,counterparty_hhi_country,11,
LNGN0288,exporter,effective_counterparties_terminal,11,
LNGN0288,exporter,effective_counterparties_country,11,
LNGN0288,exporter,max_dependence_generated,11,-0.56318828354
LNGN0288,exporter,weighted_dependence_generated,11,-0.536485675803
LNGN0288,exporter,country_terminal_dependence,11,
LNGN0288,exporter,import_pagerank,11,0.0770571452835
LNGN0288,exporter,export_pagerank,11,0.0723081998804
LNGN0288,exporter,role_specific_pagerank,11,-0.531083599196
LNGN0288,exporter,role_specific_dependence,11,-0.536485675803
LNGN0290,importer,throughput,2,0.480619256917
LNGN0290,importer,voyage_count,2,0.482456140351
LNGN0290,importer,counterparty_count,2,0.482456140351
LNGN0290,importer,counterparty_hhi_terminal,2,
LNGN0290,importer,counterparty_hhi_country,2,
LNGN0290,importer,effective_counterparties_terminal,2,
LNGN0290,importer,effective_counterparties_country,2,
LNGN0290,importer,max_dependence_generated,2,
LNGN0290,importer,weighted_dependence_generated,2,
LNGN0290,importer,country_terminal_dependence,2,
LNGN0290,importer,import_pagerank,2,0.481460252638
LNGN0290,importer,export_pagerank,2,0.481648738992
LNGN0290,importer,role_specific_pagerank,2,
LNGN0290,importer,role_specific_dependence,2,
LNGN0291,importer,throughput,13,0.134202985426
LNGN0291,importer,voyage_count,13,0.137752612164
LNGN0291,importer,counterparty_count,13,0.137752612164
LNGN0291,importer,counterparty_hhi_terminal,13,
LNGN0291,importer,counterparty_hhi_country,13,
LNGN0291,importer,effective_counterparties_terminal,13,
LNGN0291,importer,effective_counterparties_country,13,
LNGN0291,importer,max_dependence_generated,13,
LNGN0291,importer,weighted_dependence_generated,13,
LNGN0291,importer,country_terminal_dependence,13,
LNGN0291,importer,import_pagerank,13,0.125354952656
LNGN0291,importer,export_pagerank,13,0.118058408319
LNGN0291,importer,role_specific_pagerank,13,0.957336140221
LNGN0291,importer,role_specific_dependence,13,
LNGN0293,importer,throughput,9,0.172897196262
LNGN0293,importer,voyage_count,9,0.172897196262
LNGN0293,importer,counterparty_count,9,0.213333333333
LNGN0293,importer,counterparty_hhi_terminal,9,
LNGN0293,importer,counterparty_hhi_country,9,
LNGN0293,importer,effective_counterparties_terminal,9,
LNGN0293,importer,effective_counterparties_country,9,
LNGN0293,importer,max_dependence_generated,9,
LNGN0293,importer,weighted_dependence_generated,9,
LNGN0293,importer,country_terminal_dependence,9,-0.990266873876
LNGN0293,importer,import_pagerank,9,0.154094001524
LNGN0293,importer,export_pagerank,9,0.174259837562
LNGN0293,importer,role_specific_pagerank,9,0.71125368662
LNGN0293,importer,role_specific_dependence,9,-0.990266873876
LNGN0294,importer,throughput,11,0.56461820452
LNGN0294,importer,voyage_count,11,0.579072532699
LNGN0294,importer,counterparty_count,11,0.579072532699
LNGN0294,importer,counterparty_hhi_terminal,11,-0.239369324718
LNGN0294,importer,counterparty_hhi_country,11,-0.266807812905
LNGN0294,importer,effective_counterparties_terminal,11,-0.203912828314
LNGN0294,importer,effective_counterparties_country,11,-0.2718405083
LNGN0294,importer,max_dependence_generated,11,
LNGN0294,importer,weighted_dependence_generated,11,
LNGN0294,importer,country_terminal_dependence,11,0.402891008879
LNGN0294,importer,import_pagerank,11,0.5470621583
LNGN0294,importer,export_pagerank,11,0.548271514275
LNGN0294,importer,role_specific_pagerank,11,-0.557886983433
LNGN0294,importer,role_specific_dependence,11,0.402891008879
LNGN0297,exporter,throughput,60,0.294740458696
LNGN0297,exporter,voyage_count,60,0.300555866817
LNGN0297,exporter,counterparty_count,60,0.304014553867
LNGN0297,exporter,counterparty_hhi_terminal,60,0.242686659618
LNGN0297,exporter,counterparty_hhi_country,60,0.491880767468
LNGN0297,exporter,effective_counterparties_terminal,60,0.284223876609
LNGN0297,exporter,effective_counterparties_country,60,0.636431985445
LNGN0297,exporter,max_dependence_generated,60,-0.11193452231
LNGN0297,exporter,weighted_dependence_generated,60,0.228116697503
LNGN0297,exporter,country_terminal_dependence,60,
LNGN0297,exporter,import_pagerank,60,0.833071376826
LNGN0297,exporter,export_pagerank,60,0.406733211399
LNGN0297,exporter,role_specific_pagerank,60,0.406733211399
LNGN0297,exporter,role_specific_dependence,60,0.228116697503
LNGN0299,importer,throughput,6,0.220538921338
LNGN0299,importer,voyage_count,6,0.220538921338
LNGN0299,importer,counterparty_count,6,0.300322057119
LNGN0299,importer,counterparty_hhi_terminal,6,
LNGN0299,importer,counterparty_hhi_country,6,
LNGN0299,importer,effective_counterparties_terminal,6,
LNGN0299,importer,effective_counterparties_country,6,
LNGN0299,importer,max_dependence_generated,6,
LNGN0299,importer,weighted_dependence_generated,6,
LNGN0299,importer,country_terminal_dependence,6,
LNGN0299,importer,import_pagerank,6,0.264249004156
LNGN0299,importer,export_pagerank,6,0.327359012759
LNGN0299,importer,role_specific_pagerank,6,
LNGN0299,importer,role_specific_dependence,6,
LNGN0307,importer,throughput,5,0.358437925986
LNGN0307,importer,voyage_count,5,0.344444444444
LNGN0307,importer,counterparty_count,5,0.344444444444
LNGN0307,importer,counterparty_hhi_terminal,5,
LNGN0307,importer,counterparty_hhi_country,5,
LNGN0307,importer,effective_counterparties_terminal,5,
LNGN0307,importer,effective_counterparties_country,5,
LNGN0307,importer,max_dependence_generated,5,
LNGN0307,importer,weighted_dependence_generated,5,
LNGN0307,importer,country_terminal_dependence,5,
LNGN0307,importer,import_pagerank,5,0.379817528129
LNGN0307,importer,export_pagerank,5,0.376519060654
LNGN0307,importer,role_specific_pagerank,5,
LNGN0307,importer,role_specific_dependence,5,
LNGN0308,exporter,throughput,18,0.67235099108
LNGN0308,exporter,voyage_count,18,0.667543960267
LNGN0308,exporter,counterparty_count,18,0.667543960267
LNGN0308,exporter,counterparty_hhi_terminal,18,0.0650598963436
LNGN0308,exporter,counterparty_hhi_country,18,0.0650598963436
LNGN0308,exporter,effective_counterparties_terminal,18,0.201421883531
LNGN0308,exporter,effective_counterparties_country,18,0.201421883531
LNGN0308,exporter,max_dependence_generated,18,0.456583428064
LNGN0308,exporter,weighted_dependence_generated,18,0.335391919246
LNGN0308,exporter,country_terminal_dependence,18,
LNGN0308,exporter,import_pagerank,18,0.758767413301
LNGN0308,exporter,export_pagerank,18,0.797450896059
LNGN0308,exporter,role_specific_pagerank,18,0.807525621749
LNGN0308,exporter,role_specific_dependence,18,0.335391919246
LNGN0309,exporter,throughput,31,0.448434174174
LNGN0309,exporter,voyage_count,31,0.453087785257
LNGN0309,exporter,counterparty_count,31,0.420220362681
LNGN0309,exporter,counterparty_hhi_terminal,31,-0.134100316367
LNGN0309,exporter,counterparty_hhi_country,31,-0.322025053604
LNGN0309,exporter,effective_counterparties_terminal,31,-0.183418386212
LNGN0309,exporter,effective_counterparties_country,31,-0.359941339991
LNGN0309,exporter,max_dependence_generated,31,-0.0163179880071
LNGN0309,exporter,weighted_dependence_generated,31,0.124386934912
LNGN0309,exporter,country_terminal_dependence,31,
LNGN0309,exporter,import_pagerank,31,0.523225917272
LNGN0309,exporter,export_pagerank,31,0.516122374986
LNGN0309,exporter,role_specific_pagerank,31,0.233442615805
LNGN0309,exporter,role_specific_dependence,31,0.124386934912
LNGN0312,exporter,throughput,37,-0.0930214332614
LNGN0312,exporter,voyage_count,37,-0.112018653608
LNGN0312,exporter,counterparty_count,37,-0.11445459836
LNGN0312,exporter,counterparty_hhi_terminal,37,-0.0127471184648
LNGN0312,exporter,counterparty_hhi_country,37,0.201078099244
LNGN0312,exporter,effective_counterparties_terminal,37,0.127209225396
LNGN0312,exporter,effective_counterparties_country,37,0.253719816711
LNGN0312,exporter,max_dependence_generated,37,-0.00768039643271
LNGN0312,exporter,weighted_dependence_generated,37,-0.123986120978
LNGN0312,exporter,country_terminal_dependence,37,
LNGN0312,exporter,import_pagerank,37,-0.236209950189
LNGN0312,exporter,export_pagerank,37,-0.0882530678315
LNGN0312,exporter,role_specific_pagerank,37,0.60192833427
LNGN0312,exporter,role_specific_dependence,37,-0.123986120978
LNGN0314,importer,throughput,52,0.630551222484
LNGN0314,importer,voyage_count,52,0.578699553344
LNGN0314,importer,counterparty_count,52,0.476660033692
LNGN0314,importer,counterparty_hhi_terminal,52,0.167593249853
LNGN0314,importer,counterparty_hhi_country,52,0.100629647852
LNGN0314,importer,effective_counterparties_terminal,52,0.203507442478
LNGN0314,importer,effective_counterparties_country,52,0.19182530517
LNGN0314,importer,max_dependence_generated,52,
LNGN0314,importer,weighted_dependence_generated,52,
LNGN0314,importer,country_terminal_dependence,52,0.255752143507
LNGN0314,importer,import_pagerank,52,0.211625032546
LNGN0314,importer,export_pagerank,52,0.148399785736
LNGN0314,importer,role_specific_pagerank,52,0.155003113996
LNGN0314,importer,role_specific_dependence,52,0.255752143507
LNGN0319,importer,throughput,46,0.380096988827
LNGN0319,importer,voyage_count,46,0.405467951121
LNGN0319,importer,counterparty_count,46,0.359252823632
LNGN0319,importer,counterparty_hhi_terminal,46,0.230626991349
LNGN0319,importer,counterparty_hhi_country,46,0.272503308489
LNGN0319,importer,effective_counterparties_terminal,46,0.245838366975
LNGN0319,importer,effective_counterparties_country,46,0.33084651111
LNGN0319,importer,max_dependence_generated,46,
LNGN0319,importer,weighted_dependence_generated,46,
LNGN0319,importer,country_terminal_dependence,46,0.399422069822
LNGN0319,importer,import_pagerank,46,0.143564406185
LNGN0319,importer,export_pagerank,46,0.0465921435063
LNGN0319,importer,role_specific_pagerank,46,0.383451219319
LNGN0319,importer,role_specific_dependence,46,0.399422069822
LNGN0322,exporter,throughput,53,0.167137458466
LNGN0322,exporter,voyage_count,53,0.169726290598
LNGN0322,exporter,counterparty_count,53,0.257100219809
LNGN0322,exporter,counterparty_hhi_terminal,53,0.141582913946
LNGN0322,exporter,counterparty_hhi_country,53,0.0866071482879
LNGN0322,exporter,effective_counterparties_terminal,53,0.19178197651
LNGN0322,exporter,effective_counterparties_country,53,0.121179929301
LNGN0322,exporter,max_dependence_generated,53,-0.0420754490012
LNGN0322,exporter,weighted_dependence_generated,53,0.0426241733508
LNGN0322,exporter,country_terminal_dependence,53,
LNGN0322,exporter,import_pagerank,53,0.212125957547
LNGN0322,exporter,export_pagerank,53,0.356332435001
LNGN0322,exporter,role_specific_pagerank,53,0.472804004289
LNGN0322,exporter,role_specific_dependence,53,0.0426241733508
LNGN0324,importer,throughput,32,0.306464273059
LNGN0324,importer,voyage_count,32,0.313072998367
LNGN0324,importer,counterparty_count,32,0.107693723793
LNGN0324,importer,counterparty_hhi_terminal,32,-0.260374323658
LNGN0324,importer,counterparty_hhi_country,32,-0.2595821084
LNGN0324,importer,effective_counterparties_terminal,32,-0.232624276343
LNGN0324,importer,effective_counterparties_country,32,-0.227227594497
LNGN0324,importer,max_dependence_generated,32,
LNGN0324,importer,weighted_dependence_generated,32,
LNGN0324,importer,country_terminal_dependence,32,-0.160755917727
LNGN0324,importer,import_pagerank,32,0.126091041814
LNGN0324,importer,export_pagerank,32,0.11332102456
LNGN0324,importer,role_specific_pagerank,32,-0.169223747836
LNGN0324,importer,role_specific_dependence,32,-0.160755917727
LNGN0328,exporter,throughput,60,0.726014241159
LNGN0328,exporter,voyage_count,60,0.759446357244
LNGN0328,exporter,counterparty_count,60,0.682029731495
LNGN0328,exporter,counterparty_hhi_terminal,60,0.28495172535
LNGN0328,exporter,counterparty_hhi_country,60,0.308233175706
LNGN0328,exporter,effective_counterparties_terminal,60,0.477693753172
LNGN0328,exporter,effective_counterparties_country,60,0.418380882889
LNGN0328,exporter,max_dependence_generated,60,
LNGN0328,exporter,weighted_dependence_generated,60,0.471636881245
LNGN0328,exporter,country_terminal_dependence,60,
LNGN0328,exporter,import_pagerank,60,0.833071376826
LNGN0328,exporter,export_pagerank,60,0.490143540649
LNGN0328,exporter,role_specific_pagerank,60,0.490143540649
LNGN0328,exporter,role_specific_dependence,60,0.471636881245
LNGN0331,importer,throughput,36,0.0526788915461
LNGN0331,importer,voyage_count,36,0.0857558240185
LNGN0331,importer,counterparty_count,36,0.107541294213
LNGN0331,importer,counterparty_hhi_terminal,36,-0.0360347541693
LNGN0331,importer,counterparty_hhi_country,36,-0.342160778355
LNGN0331,importer,effective_counterparties_terminal,36,-0.0632924673809
LNGN0331,importer,effective_counterparties_country,36,-0.261022442525
LNGN0331,importer,max_dependence_generated,36,
LNGN0331,importer,weighted_dependence_generated,36,
LNGN0331,importer,country_terminal_dependence,36,
LNGN0331,importer,import_pagerank,36,0.0596693398839
LNGN0331,importer,export_pagerank,36,0.166085116686
LNGN0331,importer,role_specific_pagerank,36,0.169466676719
LNGN0331,importer,role_specific_dependence,36,
LNGN0334,exporter,throughput,21,0.168545681807
LNGN0334,exporter,voyage_count,21,0.193067672945
LNGN0334,exporter,counterparty_count,21,0.171917944429
LNGN0334,exporter,counterparty_hhi_terminal,21,
LNGN0334,exporter,counterparty_hhi_country,21,
LNGN0334,exporter,effective_counterparties_terminal,21,
LNGN0334,exporter,effective_counterparties_country,21,
LNGN0334,exporter,max_dependence_generated,21,0.26542186787
LNGN0334,exporter,weighted_dependence_generated,21,0.356566175903
LNGN0334,exporter,country_terminal_dependence,21,
LNGN0334,exporter,import_pagerank,21,0.199591437753
LNGN0334,exporter,export_pagerank,21,0.180547163032
LNGN0334,exporter,role_specific_pagerank,21,0.341177830166
LNGN0334,exporter,role_specific_dependence,21,0.356566175903
LNGN0344,importer,throughput,1,-0.0172413793103
LNGN0344,importer,voyage_count,1,-0.0172413793103
LNGN0344,importer,counterparty_count,1,-0.0172413793103
LNGN0344,importer,counterparty_hhi_terminal,1,
LNGN0344,importer,counterparty_hhi_country,1,
LNGN0344,importer,effective_counterparties_terminal,1,
LNGN0344,importer,effective_counterparties_country,1,
LNGN0344,importer,max_dependence_generated,1,
LNGN0344,importer,weighted_dependence_generated,1,
LNGN0344,importer,country_terminal_dependence,1,
LNGN0344,importer,import_pagerank,1,-0.0172413793103
LNGN0344,importer,export_pagerank,1,-0.0172413793103
LNGN0344,importer,role_specific_pagerank,1,
LNGN0344,importer,role_specific_dependence,1,
LNGN0345,exporter,throughput,60,0.714618456478
LNGN0345,exporter,voyage_count,60,0.703915004376
LNGN0345,exporter,counterparty_count,60,0.554935027027
LNGN0345,exporter,counterparty_hhi_terminal,60,0.429186112888
LNGN0345,exporter,counterparty_hhi_country,60,0.293501382162
LNGN0345,exporter,effective_counterparties_terminal,60,0.358636802101
LNGN0345,exporter,effective_counterparties_country,60,0.162024898086
LNGN0345,exporter,max_dependence_generated,60,-0.0693972551773
LNGN0345,exporter,weighted_dependence_generated,60,0.470251037466
LNGN0345,exporter,country_terminal_dependence,60,
LNGN0345,exporter,import_pagerank,60,0.833071376826
LNGN0345,exporter,export_pagerank,60,0.410907760341
LNGN0345,exporter,role_specific_pagerank,60,0.410907760341
LNGN0345,exporter,role_specific_dependence,60,0.470251037466
LNGN0347,importer,throughput,48,0.232186606752
LNGN0347,importer,voyage_count,48,0.214285714286
LNGN0347,importer,counterparty_count,48,0.154365733114
LNGN0347,importer,counterparty_hhi_terminal,48,0.170142920919
LNGN0347,importer,counterparty_hhi_country,48,0.217377285712
LNGN0347,importer,effective_counterparties_terminal,48,0.248676299955
LNGN0347,importer,effective_counterparties_country,48,0.309465901644
LNGN0347,importer,max_dependence_generated,48,
LNGN0347,importer,weighted_dependence_generated,48,
LNGN0347,importer,country_terminal_dependence,48,0.546944743692
LNGN0347,importer,import_pagerank,48,0.163136684661
LNGN0347,importer,export_pagerank,48,0.100878978829
LNGN0347,importer,role_specific_pagerank,48,0.296249558237
LNGN0347,importer,role_specific_dependence,48,0.546944743692
LNGN0348,importer,throughput,6,0.0418858942534
LNGN0348,importer,voyage_count,6,0.0510682569748
LNGN0348,importer,counterparty_count,6,0.0989697688232
LNGN0348,importer,counterparty_hhi_terminal,6,
LNGN0348,importer,counterparty_hhi_country,6,
LNGN0348,importer,effective_counterparties_terminal,6,
LNGN0348,importer,effective_counterparties_country,6,
LNGN0348,importer,max_dependence_generated,6,
LNGN0348,importer,weighted_dependence_generated,6,
LNGN0348,importer,country_terminal_dependence,6,
LNGN0348,importer,import_pagerank,6,0.181500132076
LNGN0348,importer,export_pagerank,6,0.167176947241
LNGN0348,importer,role_specific_pagerank,6,
LNGN0348,importer,role_specific_dependence,6,
LNGN0351,exporter,throughput,33,0.0692568783321
LNGN0351,exporter,voyage_count,33,0.118436372415
LNGN0351,exporter,counterparty_count,33,0.0609244835418
LNGN0351,exporter,counterparty_hhi_terminal,33,0.0783202124464
LNGN0351,exporter,counterparty_hhi_country,33,0.147080733731
LNGN0351,exporter,effective_counterparties_terminal,33,0.0775877421857
LNGN0351,exporter,effective_counterparties_country,33,0.14563896983
LNGN0351,exporter,max_dependence_generated,33,0.0291448542629
LNGN0351,exporter,weighted_dependence_generated,33,0.0971873035137
LNGN0351,exporter,country_terminal_dependence,33,
LNGN0351,exporter,import_pagerank,33,0.101961428435
LNGN0351,exporter,export_pagerank,33,0.105515415045
LNGN0351,exporter,role_specific_pagerank,33,0.329539815192
LNGN0351,exporter,role_specific_dependence,33,0.0971873035137
LNGN0354,importer,throughput,17,0.111761740633
LNGN0354,importer,voyage_count,17,0.117322834646
LNGN0354,importer,counterparty_count,17,0.170682730924
LNGN0354,importer,counterparty_hhi_terminal,17,-0.316226985947
LNGN0354,importer,counterparty_hhi_country,17,
LNGN0354,importer,effective_counterparties_terminal,17,-0.316224657509
LNGN0354,importer,effective_counterparties_country,17,
LNGN0354,importer,max_dependence_generated,17,
LNGN0354,importer,weighted_dependence_generated,17,
LNGN0354,importer,country_terminal_dependence,17,-0.232793451646
LNGN0354,importer,import_pagerank,17,0.14296220771
LNGN0354,importer,export_pagerank,17,0.131655413051
LNGN0354,importer,role_specific_pagerank,17,-0.180543825233
LNGN0354,importer,role_specific_dependence,17,-0.232793451646
LNGN0359,importer,throughput,46,0.0531261942018
LNGN0359,importer,voyage_count,46,0.0722638331393
LNGN0359,importer,counterparty_count,46,0.0646686142946
LNGN0359,importer,counterparty_hhi_terminal,46,-0.00263594043886
LNGN0359,importer,counterparty_hhi_country,46,-0.0153236641251
LNGN0359,importer,effective_counterparties_terminal,46,-0.0436567235363
LNGN0359,importer,effective_counterparties_country,46,-0.0559169965807
LNGN0359,importer,max_dependence_generated,46,
LNGN0359,importer,weighted_dependence_generated,46,
LNGN0359,importer,country_terminal_dependence,46,-0.171215390779
LNGN0359,importer,import_pagerank,46,0.243885426633
LNGN0359,importer,export_pagerank,46,0.352537312408
LNGN0359,importer,role_specific_pagerank,46,0.415510692924
LNGN0359,importer,role_specific_dependence,46,-0.171215390779
LNGN0361,importer,throughput,1,-0.0172413793103
LNGN0361,importer,voyage_count,1,-0.0172413793103
LNGN0361,importer,counterparty_count,1,-0.0172413793103
LNGN0361,importer,counterparty_hhi_terminal,1,
LNGN0361,importer,counterparty_hhi_country,1,
LNGN0361,importer,effective_counterparties_terminal,1,
LNGN0361,importer,effective_counterparties_country,1,
LNGN0361,importer,max_dependence_generated,1,
LNGN0361,importer,weighted_dependence_generated,1,
LNGN0361,importer,country_terminal_dependence,1,
LNGN0361,importer,import_pagerank,1,-0.0172413793103
LNGN0361,importer,export_pagerank,1,-0.0172413793103
LNGN0361,importer,role_specific_pagerank,1,
LNGN0361,importer,role_specific_dependence,1,
LNGN0362,importer,throughput,9,0.210728575067
LNGN0362,importer,voyage_count,9,0.213333333333
LNGN0362,importer,counterparty_count,9,0.213333333333
LNGN0362,importer,counterparty_hhi_terminal,9,
LNGN0362,importer,counterparty_hhi_country,9,
LNGN0362,importer,effective_counterparties_terminal,9,
LNGN0362,importer,effective_counterparties_country,9,
LNGN0362,importer,max_dependence_generated,9,
LNGN0362,importer,weighted_dependence_generated,9,
LNGN0362,importer,country_terminal_dependence,9,
LNGN0362,importer,import_pagerank,9,0.293810774213
LNGN0362,importer,export_pagerank,9,0.278528780998
LNGN0362,importer,role_specific_pagerank,9,0.977849744782
LNGN0362,importer,role_specific_dependence,9,
LNGN0363,importer,throughput,38,0.147792121003
LNGN0363,importer,voyage_count,38,0.166666666667
LNGN0363,importer,counterparty_count,38,0.193359375
LNGN0363,importer,counterparty_hhi_terminal,38,0.0307416922201
LNGN0363,importer,counterparty_hhi_country,38,0.170413526115
LNGN0363,importer,effective_counterparties_terminal,38,0.0301780069941
LNGN0363,importer,effective_counterparties_country,38,0.257891848688
LNGN0363,importer,max_dependence_generated,38,
LNGN0363,importer,weighted_dependence_generated,38,
LNGN0363,importer,country_terminal_dependence,38,0.342566074955
LNGN0363,importer,import_pagerank,38,0.297761942956
LNGN0363,importer,export_pagerank,38,0.258007723403
LNGN0363,importer,role_specific_pagerank,38,0.517919541066
LNGN0363,importer,role_specific_dependence,38,0.342566074955
LNGN0364,importer,throughput,1,-0.0172413793103
LNGN0364,importer,voyage_count,1,-0.0172413793103
LNGN0364,importer,counterparty_count,1,-0.0172413793103
LNGN0364,importer,counterparty_hhi_terminal,1,
LNGN0364,importer,counterparty_hhi_country,1,
LNGN0364,importer,effective_counterparties_terminal,1,
LNGN0364,importer,effective_counterparties_country,1,
LNGN0364,importer,max_dependence_generated,1,
LNGN0364,importer,weighted_dependence_generated,1,
LNGN0364,importer,country_terminal_dependence,1,
LNGN0364,importer,import_pagerank,1,-0.0172413793103
LNGN0364,importer,export_pagerank,1,-0.0172413793103
LNGN0364,importer,role_specific_pagerank,1,
LNGN0364,importer,role_specific_dependence,1,
LNGN0372,importer,throughput,16,-0.0951500432476
LNGN0372,importer,voyage_count,16,-0.0903490759754
LNGN0372,importer,counterparty_count,16,-0.0637019230769
LNGN0372,importer,counterparty_hhi_terminal,16,
LNGN0372,importer,counterparty_hhi_country,16,
LNGN0372,importer,effective_counterparties_terminal,16,
LNGN0372,importer,effective_counterparties_country,16,
LNGN0372,importer,max_dependence_generated,16,
LNGN0372,importer,weighted_dependence_generated,16,
LNGN0372,importer,country_terminal_dependence,16,0.372202210441
LNGN0372,importer,import_pagerank,16,-0.0378274929318
LNGN0372,importer,export_pagerank,16,-0.0351538895227
LNGN0372,importer,role_specific_pagerank,16,0.841433405167
LNGN0372,importer,role_specific_dependence,16,0.372202210441
LNGN0374,importer,throughput,58,0.150754705119
LNGN0374,importer,voyage_count,58,0.179658226032
LNGN0374,importer,counterparty_count,58,0.208786742081
LNGN0374,importer,counterparty_hhi_terminal,58,0.167300958501
LNGN0374,importer,counterparty_hhi_country,58,0.146612329057
LNGN0374,importer,effective_counterparties_terminal,58,0.145299080033
LNGN0374,importer,effective_counterparties_country,58,0.11571881527
LNGN0374,importer,max_dependence_generated,58,
LNGN0374,importer,weighted_dependence_generated,58,
LNGN0374,importer,country_terminal_dependence,58,
LNGN0374,importer,import_pagerank,58,0.217573112566
LNGN0374,importer,export_pagerank,58,0.140133778937
LNGN0374,importer,role_specific_pagerank,58,0.510771881417
LNGN0374,importer,role_specific_dependence,58,
LNGN0378,exporter,throughput,46,0.547335276771
LNGN0378,exporter,voyage_count,46,0.557768497698
LNGN0378,exporter,counterparty_count,46,0.517875383044
LNGN0378,exporter,counterparty_hhi_terminal,46,0.348384449
LNGN0378,exporter,counterparty_hhi_country,46,0.403736234668
LNGN0378,exporter,effective_counterparties_terminal,46,0.321951610788
LNGN0378,exporter,effective_counterparties_country,46,0.381298469926
LNGN0378,exporter,max_dependence_generated,46,-0.0929348532537
LNGN0378,exporter,weighted_dependence_generated,46,0.0370780726431
LNGN0378,exporter,country_terminal_dependence,46,
LNGN0378,exporter,import_pagerank,46,0.484185107616
LNGN0378,exporter,export_pagerank,46,0.432607663478
LNGN0378,exporter,role_specific_pagerank,46,0.101472291621
LNGN0378,exporter,role_specific_dependence,46,0.0370780726431
LNGN0381,importer,throughput,58,0.192610002682
LNGN0381,importer,voyage_count,58,0.200550752853
LNGN0381,importer,counterparty_count,58,0.156898955331
LNGN0381,importer,counterparty_hhi_terminal,58,0.217279247638
LNGN0381,importer,counterparty_hhi_country,58,0.0555982747779
LNGN0381,importer,effective_counterparties_terminal,58,0.232533064294
LNGN0381,importer,effective_counterparties_country,58,0.00899434713744
LNGN0381,importer,max_dependence_generated,58,
LNGN0381,importer,weighted_dependence_generated,58,
LNGN0381,importer,country_terminal_dependence,58,0.00705994469068
LNGN0381,importer,import_pagerank,58,0.226596744508
LNGN0381,importer,export_pagerank,58,0.45785035033
LNGN0381,importer,role_specific_pagerank,58,0.315468791862
LNGN0381,importer,role_specific_dependence,58,0.00705994469068
LNGN0382,importer,throughput,7,-0.0119739502392
LNGN0382,importer,voyage_count,7,0.0274725274725
LNGN0382,importer,counterparty_count,7,0.0274725274725
LNGN0382,importer,counterparty_hhi_terminal,7,
LNGN0382,importer,counterparty_hhi_country,7,
LNGN0382,importer,effective_counterparties_terminal,7,
LNGN0382,importer,effective_counterparties_country,7,
LNGN0382,importer,max_dependence_generated,7,
LNGN0382,importer,weighted_dependence_generated,7,
LNGN0382,importer,country_terminal_dependence,7,
LNGN0382,importer,import_pagerank,7,0.131906775939
LNGN0382,importer,export_pagerank,7,0.0686315292877
LNGN0382,importer,role_specific_pagerank,7,
LNGN0382,importer,role_specific_dependence,7,
LNGN0385,importer,throughput,57,0.568424048511
LNGN0385,importer,voyage_count,57,0.596404719168
LNGN0385,importer,counterparty_count,57,0.579877310755
LNGN0385,importer,counterparty_hhi_terminal,57,0.470594359695
LNGN0385,importer,counterparty_hhi_country,57,0.245385628335
LNGN0385,importer,effective_counterparties_terminal,57,0.442120009261
LNGN0385,importer,effective_counterparties_country,57,0.099296875363
LNGN0385,importer,max_dependence_generated,57,
LNGN0385,importer,weighted_dependence_generated,57,
LNGN0385,importer,country_terminal_dependence,57,0.183001218495
LNGN0385,importer,import_pagerank,57,0.359023710749
LNGN0385,importer,export_pagerank,57,0.206925038065
LNGN0385,importer,role_specific_pagerank,57,0.325829087532
LNGN0385,importer,role_specific_dependence,57,0.183001218495
LNGN0391,importer,throughput,5,0.325895547176
LNGN0391,importer,voyage_count,5,0.311666666667
LNGN0391,importer,counterparty_count,5,0.311666666667
LNGN0391,importer,counterparty_hhi_terminal,5,
LNGN0391,importer,counterparty_hhi_country,5,
LNGN0391,importer,effective_counterparties_terminal,5,
LNGN0391,importer,effective_counterparties_country,5,
LNGN0391,importer,max_dependence_generated,5,
LNGN0391,importer,weighted_dependence_generated,5,
LNGN0391,importer,country_terminal_dependence,5,
LNGN0391,importer,import_pagerank,5,0.111245274669
LNGN0391,importer,export_pagerank,5,0.0898149777098
LNGN0391,importer,role_specific_pagerank,5,
LNGN0391,importer,role_specific_dependence,5,
LNGN0398,importer,throughput,49,0.431588665701
LNGN0398,importer,voyage_count,49,0.408317952908
LNGN0398,importer,counterparty_count,49,0.493487670432
LNGN0398,importer,counterparty_hhi_terminal,49,0.331480095747
LNGN0398,importer,counterparty_hhi_country,49,0.319000096615
LNGN0398,importer,effective_counterparties_terminal,49,0.32298140213
LNGN0398,importer,effective_counterparties_country,49,0.341107607025
LNGN0398,importer,max_dependence_generated,49,
LNGN0398,importer,weighted_dependence_generated,49,
LNGN0398,importer,country_terminal_dependence,49,-0.196194899848
LNGN0398,importer,import_pagerank,49,0.389386152699
LNGN0398,importer,export_pagerank,49,0.385777723463
LNGN0398,importer,role_specific_pagerank,49,0.735173502331
LNGN0398,importer,role_specific_dependence,49,-0.196194899848
LNGN0405,importer,throughput,16,0.717034315801
LNGN0405,importer,voyage_count,16,0.716189623272
LNGN0405,importer,counterparty_count,16,0.779296364062
LNGN0405,importer,counterparty_hhi_terminal,16,0.0999137240051
LNGN0405,importer,counterparty_hhi_country,16,
LNGN0405,importer,effective_counterparties_terminal,16,0.221142399816
LNGN0405,importer,effective_counterparties_country,16,
LNGN0405,importer,max_dependence_generated,16,
LNGN0405,importer,weighted_dependence_generated,16,
LNGN0405,importer,country_terminal_dependence,16,0.364552455872
LNGN0405,importer,import_pagerank,16,0.883147373603
LNGN0405,importer,export_pagerank,16,0.901618844747
LNGN0405,importer,role_specific_pagerank,16,0.485138369551
LNGN0405,importer,role_specific_dependence,16,0.364552455872
LNGN0421,importer,throughput,51,0.243272277724
LNGN0421,importer,voyage_count,51,0.252014192415
LNGN0421,importer,counterparty_count,51,0.283726131523
LNGN0421,importer,counterparty_hhi_terminal,51,0.189384396532
LNGN0421,importer,counterparty_hhi_country,51,0.177662257015
LNGN0421,importer,effective_counterparties_terminal,51,0.183215284088
LNGN0421,importer,effective_counterparties_country,51,0.231550669774
LNGN0421,importer,max_dependence_generated,51,
LNGN0421,importer,weighted_dependence_generated,51,
LNGN0421,importer,country_terminal_dependence,51,0.315831130418
LNGN0421,importer,import_pagerank,51,0.477968157888
LNGN0421,importer,export_pagerank,51,0.519953865454
LNGN0421,importer,role_specific_pagerank,51,0.404346925941
LNGN0421,importer,role_specific_dependence,51,0.315831130418
LNGN0423,exporter,throughput,33,0.672841301053
LNGN0423,exporter,voyage_count,33,0.762838639506
LNGN0423,exporter,counterparty_count,33,0.767594122997
LNGN0423,exporter,counterparty_hhi_terminal,33,0.318875481394
LNGN0423,exporter,counterparty_hhi_country,33,0.403247770512
LNGN0423,exporter,effective_counterparties_terminal,33,0.240606581479
LNGN0423,exporter,effective_counterparties_country,33,0.346242878095
LNGN0423,exporter,max_dependence_generated,33,-0.16558808767
LNGN0423,exporter,weighted_dependence_generated,33,-0.214539659217
LNGN0423,exporter,country_terminal_dependence,33,
LNGN0423,exporter,import_pagerank,33,0.758589030257
LNGN0423,exporter,export_pagerank,33,0.738200028854
LNGN0423,exporter,role_specific_pagerank,33,-0.108357475305
LNGN0423,exporter,role_specific_dependence,33,-0.214539659217
LNGN0425,importer,throughput,12,0.190884666917
LNGN0425,importer,voyage_count,12,0.163120567376
LNGN0425,importer,counterparty_count,12,0.163120567376
LNGN0425,importer,counterparty_hhi_terminal,12,
LNGN0425,importer,counterparty_hhi_country,12,
LNGN0425,importer,effective_counterparties_terminal,12,
LNGN0425,importer,effective_counterparties_country,12,
LNGN0425,importer,max_dependence_generated,12,
LNGN0425,importer,weighted_dependence_generated,12,
LNGN0425,importer,country_terminal_dependence,12,-0.480095962161
LNGN0425,importer,import_pagerank,12,0.291097460812
LNGN0425,importer,export_pagerank,12,0.174931535349
LNGN0425,importer,role_specific_pagerank,12,-0.613935545231
LNGN0425,importer,role_specific_dependence,12,-0.480095962161
LNGN0426,importer,throughput,48,0.105524257288
LNGN0426,importer,voyage_count,48,0.143751909563
LNGN0426,importer,counterparty_count,48,0.132757816146
LNGN0426,importer,counterparty_hhi_terminal,48,0.168608378044
LNGN0426,importer,counterparty_hhi_country,48,0.112294288635
LNGN0426,importer,effective_counterparties_terminal,48,0.0984530910574
LNGN0426,importer,effective_counterparties_country,48,0.21391361944
LNGN0426,importer,max_dependence_generated,48,
LNGN0426,importer,weighted_dependence_generated,48,
LNGN0426,importer,country_terminal_dependence,48,0.0073265850893
LNGN0426,importer,import_pagerank,48,0.145453184612
LNGN0426,importer,export_pagerank,48,0.138309800579
LNGN0426,importer,role_specific_pagerank,48,-0.0173852380063
LNGN0426,importer,role_specific_dependence,48,0.0073265850893
LNGN0427,importer,throughput,48,0.190199959102
LNGN0427,importer,voyage_count,48,0.209717623202
LNGN0427,importer,counterparty_count,48,0.406814534849
LNGN0427,importer,counterparty_hhi_terminal,48,
LNGN0427,importer,counterparty_hhi_country,48,
LNGN0427,importer,effective_counterparties_terminal,48,
LNGN0427,importer,effective_counterparties_country,48,
LNGN0427,importer,max_dependence_generated,48,
LNGN0427,importer,weighted_dependence_generated,48,
LNGN0427,importer,country_terminal_dependence,48,0.770131727704
LNGN0427,importer,import_pagerank,48,0.537212603554
LNGN0427,importer,export_pagerank,48,0.487006601327
LNGN0427,importer,role_specific_pagerank,48,0.674086784971
LNGN0427,importer,role_specific_dependence,48,0.770131727704
LNGN0428,importer,throughput,27,0.050345358166
LNGN0428,importer,voyage_count,27,0.02786741953
LNGN0428,importer,counterparty_count,27,0.0327919959516
LNGN0428,importer,counterparty_hhi_terminal,27,0.170518399062
LNGN0428,importer,counterparty_hhi_country,27,0.260996712095
LNGN0428,importer,effective_counterparties_terminal,27,0.110515507337
LNGN0428,importer,effective_counterparties_country,27,0.322675693396
LNGN0428,importer,max_dependence_generated,27,
LNGN0428,importer,weighted_dependence_generated,27,
LNGN0428,importer,country_terminal_dependence,27,0.420193484482
LNGN0428,importer,import_pagerank,27,0.109977386922
LNGN0428,importer,export_pagerank,27,0.149143342206
LNGN0428,importer,role_specific_pagerank,27,-0.0411201339474
LNGN0428,importer,role_specific_dependence,27,0.420193484482
LNGN0429,importer,throughput,14,0.162726435412
LNGN0429,importer,voyage_count,14,0.179909373689
LNGN0429,importer,counterparty_count,14,0.179909373689
LNGN0429,importer,counterparty_hhi_terminal,14,0.692215593116
LNGN0429,importer,counterparty_hhi_country,14,0.692215593116
LNGN0429,importer,effective_counterparties_terminal,14,0.701260116665
LNGN0429,importer,effective_counterparties_country,14,0.701260116665
LNGN0429,importer,max_dependence_generated,14,
LNGN0429,importer,weighted_dependence_generated,14,
LNGN0429,importer,country_terminal_dependence,14,-0.877789587838
LNGN0429,importer,import_pagerank,14,-0.0320140701348
LNGN0429,importer,export_pagerank,14,0.00831251424812
LNGN0429,importer,role_specific_pagerank,14,0.674323582611
LNGN0429,importer,role_specific_dependence,14,-0.877789587838
LNGN0435,exporter,throughput,59,0.5577933796
LNGN0435,exporter,voyage_count,59,0.447084973618
LNGN0435,exporter,counterparty_count,59,0.287404331542
LNGN0435,exporter,counterparty_hhi_terminal,59,0.413268602503
LNGN0435,exporter,counterparty_hhi_country,59,0.336035727699
LNGN0435,exporter,effective_counterparties_terminal,59,0.120384092077
LNGN0435,exporter,effective_counterparties_country,59,0.197077191478
LNGN0435,exporter,max_dependence_generated,59,-0.0178571428571
LNGN0435,exporter,weighted_dependence_generated,59,0.727331697581
LNGN0435,exporter,country_terminal_dependence,59,
LNGN0435,exporter,import_pagerank,59,0.38280754305
LNGN0435,exporter,export_pagerank,59,0.24312565056
LNGN0435,exporter,role_specific_pagerank,59,0.333997073983
LNGN0435,exporter,role_specific_dependence,59,0.727331697581
LNGN0437,importer,throughput,44,0.28184725346
LNGN0437,importer,voyage_count,44,0.270271736126
LNGN0437,importer,counterparty_count,44,0.197019186617
LNGN0437,importer,counterparty_hhi_terminal,44,-0.126005493127
LNGN0437,importer,counterparty_hhi_country,44,-0.131985250939
LNGN0437,importer,effective_counterparties_terminal,44,-0.0314457565945
LNGN0437,importer,effective_counterparties_country,44,-0.0517915850061
LNGN0437,importer,max_dependence_generated,44,
LNGN0437,importer,weighted_dependence_generated,44,
LNGN0437,importer,country_terminal_dependence,44,-0.248187999656
LNGN0437,importer,import_pagerank,44,0.356101509349
LNGN0437,importer,export_pagerank,44,0.374014617982
LNGN0437,importer,role_specific_pagerank,44,0.324057990332
LNGN0437,importer,role_specific_dependence,44,-0.248187999656
LNGN0441,exporter,throughput,55,0.381762292427
LNGN0441,exporter,voyage_count,55,0.403094586135
LNGN0441,exporter,counterparty_count,55,0.357386077964
LNGN0441,exporter,counterparty_hhi_terminal,55,0.159527737529
LNGN0441,exporter,counterparty_hhi_country,55,0.170241217225
LNGN0441,exporter,effective_counterparties_terminal,55,0.135936167545
LNGN0441,exporter,effective_counterparties_country,55,0.115424188986
LNGN0441,exporter,max_dependence_generated,55,0.025120801586
LNGN0441,exporter,weighted_dependence_generated,55,-0.00180162806828
LNGN0441,exporter,country_terminal_dependence,55,
LNGN0441,exporter,import_pagerank,55,0.0845503421537
LNGN0441,exporter,export_pagerank,55,0.394277800196
LNGN0441,exporter,role_specific_pagerank,55,0.275477717088
LNGN0441,exporter,role_specific_dependence,55,-0.00180162806828
LNGN0442,importer,throughput,18,0.308074459677
LNGN0442,importer,voyage_count,18,0.295945455124
LNGN0442,importer,counterparty_count,18,0.390163625564
LNGN0442,importer,counterparty_hhi_terminal,18,-0.0672333609408
LNGN0442,importer,counterparty_hhi_country,18,0.324274095014
LNGN0442,importer,effective_counterparties_terminal,18,-0.138938395484
LNGN0442,importer,effective_counterparties_country,18,0.377870489084
LNGN0442,importer,max_dependence_generated,18,
LNGN0442,importer,weighted_dependence_generated,18,
LNGN0442,importer,country_terminal_dependence,18,-0.139318660576
LNGN0442,importer,import_pagerank,18,0.598186645731
LNGN0442,importer,export_pagerank,18,0.565453366463
LNGN0442,importer,role_specific_pagerank,18,0.57457161457
LNGN0442,importer,role_specific_dependence,18,-0.139318660576
LNGN0447,importer,throughput,7,-0.122237584973
LNGN0447,importer,voyage_count,7,-0.123448278658
LNGN0447,importer,counterparty_count,7,-0.123448278658
LNGN0447,importer,counterparty_hhi_terminal,7,
LNGN0447,importer,counterparty_hhi_country,7,
LNGN0447,importer,effective_counterparties_terminal,7,
LNGN0447,importer,effective_counterparties_country,7,
LNGN0447,importer,max_dependence_generated,7,
LNGN0447,importer,weighted_dependence_generated,7,
LNGN0447,importer,country_terminal_dependence,7,
LNGN0447,importer,import_pagerank,7,-0.114797802458
LNGN0447,importer,export_pagerank,7,-0.119451996304
LNGN0447,importer,role_specific_pagerank,7,
LNGN0447,importer,role_specific_dependence,7,
LNGN0449,importer,throughput,47,0.580044418897
LNGN0449,importer,voyage_count,47,0.533152072019
LNGN0449,importer,counterparty_count,47,0.17035461127
LNGN0449,importer,counterparty_hhi_terminal,47,0.108003717768
LNGN0449,importer,counterparty_hhi_country,47,0.114885567399
LNGN0449,importer,effective_counterparties_terminal,47,0.0497912596095
LNGN0449,importer,effective_counterparties_country,47,0.0513014798227
LNGN0449,importer,max_dependence_generated,47,
LNGN0449,importer,weighted_dependence_generated,47,
LNGN0449,importer,country_terminal_dependence,47,0.415639183347
LNGN0449,importer,import_pagerank,47,0.224935611528
LNGN0449,importer,export_pagerank,47,0.176684271109
LNGN0449,importer,role_specific_pagerank,47,0.524656942488
LNGN0449,importer,role_specific_dependence,47,0.415639183347
LNGN0452,exporter,throughput,60,0.49445308657
LNGN0452,exporter,voyage_count,60,0.486710243682
LNGN0452,exporter,counterparty_count,60,0.242341451729
LNGN0452,exporter,counterparty_hhi_terminal,60,0.450430778267
LNGN0452,exporter,counterparty_hhi_country,60,0.415685273062
LNGN0452,exporter,effective_counterparties_terminal,60,0.41959397708
LNGN0452,exporter,effective_counterparties_country,60,0.500152993264
LNGN0452,exporter,max_dependence_generated,60,0.315366384204
LNGN0452,exporter,weighted_dependence_generated,60,0.379771642684
LNGN0452,exporter,country_terminal_dependence,60,
LNGN0452,exporter,import_pagerank,60,0.833071376826
LNGN0452,exporter,export_pagerank,60,0.612204153743
LNGN0452,exporter,role_specific_pagerank,60,0.612204153743
LNGN0452,exporter,role_specific_dependence,60,0.379771642684
LNGN0453,importer,throughput,22,0.0767760086887
LNGN0453,importer,voyage_count,22,0.122676579926
LNGN0453,importer,counterparty_count,22,0.126849894292
LNGN0453,importer,counterparty_hhi_terminal,22,
LNGN0453,importer,counterparty_hhi_country,22,
LNGN0453,importer,effective_counterparties_terminal,22,
LNGN0453,importer,effective_counterparties_country,22,
LNGN0453,importer,max_dependence_generated,22,
LNGN0453,importer,weighted_dependence_generated,22,
LNGN0453,importer,country_terminal_dependence,22,-0.130504855531
LNGN0453,importer,import_pagerank,22,0.259365115516
LNGN0453,importer,export_pagerank,22,0.251607885715
LNGN0453,importer,role_specific_pagerank,22,0.783210811479
LNGN0453,importer,role_specific_dependence,22,-0.130504855531
LNGN0460,importer,throughput,50,0.25605041083
LNGN0460,importer,voyage_count,50,0.273539561869
LNGN0460,importer,counterparty_count,50,0.234097593889
LNGN0460,importer,counterparty_hhi_terminal,50,0.177685976376
LNGN0460,importer,counterparty_hhi_country,50,0.359264952658
LNGN0460,importer,effective_counterparties_terminal,50,0.0854572777218
LNGN0460,importer,effective_counterparties_country,50,0.210009999818
LNGN0460,importer,max_dependence_generated,50,
LNGN0460,importer,weighted_dependence_generated,50,
LNGN0460,importer,country_terminal_dependence,50,0.0981166052788
LNGN0460,importer,import_pagerank,50,0.390507762271
LNGN0460,importer,export_pagerank,50,0.322012415981
LNGN0460,importer,role_specific_pagerank,50,0.370788028709
LNGN0460,importer,role_specific_dependence,50,0.0981166052788
LNGN0463,importer,throughput,57,0.0470455916791
LNGN0463,importer,voyage_count,57,0.024310318549
LNGN0463,importer,counterparty_count,57,0.0065110013471
LNGN0463,importer,counterparty_hhi_terminal,57,0.0281897299895
LNGN0463,importer,counterparty_hhi_country,57,0.00874279590532
LNGN0463,importer,effective_counterparties_terminal,57,-0.0793319374428
LNGN0463,importer,effective_counterparties_country,57,0.0781747165321
LNGN0463,importer,max_dependence_generated,57,
LNGN0463,importer,weighted_dependence_generated,57,
LNGN0463,importer,country_terminal_dependence,57,0.271501737107
LNGN0463,importer,import_pagerank,57,-0.0499390881657
LNGN0463,importer,export_pagerank,57,-0.00872348758672
LNGN0463,importer,role_specific_pagerank,57,0.0791458172376
LNGN0463,importer,role_specific_dependence,57,0.271501737107
LNGN0464,importer,throughput,59,0.489263133986
LNGN0464,importer,voyage_count,59,0.532267037552
LNGN0464,importer,counterparty_count,59,0.604792876287
LNGN0464,importer,counterparty_hhi_terminal,59,0.296092156964
LNGN0464,importer,counterparty_hhi_country,59,0.214500990706
LNGN0464,importer,effective_counterparties_terminal,59,0.394581240365
LNGN0464,importer,effective_counterparties_country,59,0.242116308143
LNGN0464,importer,max_dependence_generated,59,
LNGN0464,importer,weighted_dependence_generated,59,
LNGN0464,importer,country_terminal_dependence,59,
LNGN0464,importer,import_pagerank,59,0.255453343658
LNGN0464,importer,export_pagerank,59,0.359032920198
LNGN0464,importer,role_specific_pagerank,59,0.297801928346
LNGN0464,importer,role_specific_dependence,59,
LNGN0472,importer,throughput,37,0.0358918582555
LNGN0472,importer,voyage_count,37,-0.00673102127539
LNGN0472,importer,counterparty_count,37,-0.0026667828224
LNGN0472,importer,counterparty_hhi_terminal,37,0.017843272191
LNGN0472,importer,counterparty_hhi_country,37,0.0759326567505
LNGN0472,importer,effective_counterparties_terminal,37,0.010409933455
LNGN0472,importer,effective_counterparties_country,37,0.0687207864353
LNGN0472,importer,max_dependence_generated,37,
LNGN0472,importer,weighted_dependence_generated,37,
LNGN0472,importer,country_terminal_dependence,37,0.505044777527
LNGN0472,importer,import_pagerank,37,0.0546801228402
LNGN0472,importer,export_pagerank,37,0.038259250134
LNGN0472,importer,role_specific_pagerank,37,0.494263411424
LNGN0472,importer,role_specific_dependence,37,0.505044777527
LNGN0473,importer,throughput,44,0.0598991126239
LNGN0473,importer,voyage_count,44,0.0506517548969
LNGN0473,importer,counterparty_count,44,0.0894908791985
LNGN0473,importer,counterparty_hhi_terminal,44,0.0919028715692
LNGN0473,importer,counterparty_hhi_country,44,0.0719702157999
LNGN0473,importer,effective_counterparties_terminal,44,0.10902860002
LNGN0473,importer,effective_counterparties_country,44,0.0667676632683
LNGN0473,importer,max_dependence_generated,44,
LNGN0473,importer,weighted_dependence_generated,44,
LNGN0473,importer,country_terminal_dependence,44,0.55593933562
LNGN0473,importer,import_pagerank,44,-0.0930110934727
LNGN0473,importer,export_pagerank,44,-0.0469310987441
LNGN0473,importer,role_specific_pagerank,44,0.592223704442
LNGN0473,importer,role_specific_dependence,44,0.55593933562
LNGN0474,importer,throughput,52,0.404446683338
LNGN0474,importer,voyage_count,52,0.403309524092
LNGN0474,importer,counterparty_count,52,0.439505504564
LNGN0474,importer,counterparty_hhi_terminal,52,0.131791130227
LNGN0474,importer,counterparty_hhi_country,52,0.0959449009477
LNGN0474,importer,effective_counterparties_terminal,52,0.111138269678
LNGN0474,importer,effective_counterparties_country,52,0.0646506427957
LNGN0474,importer,max_dependence_generated,52,
LNGN0474,importer,weighted_dependence_generated,52,
LNGN0474,importer,country_terminal_dependence,52,
LNGN0474,importer,import_pagerank,52,0.15793134353
LNGN0474,importer,export_pagerank,52,0.166227916905
LNGN0474,importer,role_specific_pagerank,52,0.299863331047
LNGN0474,importer,role_specific_dependence,52,
