period_month,metric_a,metric_b,spearman_correlation
2020-01-01,node_throughput,total_voyages,0.9913403723665757
2020-01-01,node_throughput,total_route_exposure,0.9883262949153514
2020-01-01,node_throughput,total_degree,0.9751102496900819
2020-01-01,node_throughput,total_strength,0.9970673836546753
2020-01-01,node_throughput,betweenness,0.5031949439010815
2020-01-01,node_throughput,pagerank,0.9217434251930782
2020-01-01,node_throughput,eigenvector,
2020-01-01,node_throughput,share_monthly_network_flow,1.0
2020-01-01,total_voyages,total_route_exposure,0.9924372942079455
2020-01-01,total_voyages,total_degree,0.9785577174581374
2020-01-01,total_voyages,total_strength,0.9886930794725844
2020-01-01,total_voyages,betweenness,0.5010467918244802
2020-01-01,total_voyages,pagerank,0.920551656887765
2020-01-01,total_voyages,eigenvector,
2020-01-01,total_voyages,share_monthly_network_flow,0.9913403723665757
2020-01-01,total_route_exposure,total_degree,0.9855937237951611
2020-01-01,total_route_exposure,total_strength,0.9872596264484795
2020-01-01,total_route_exposure,betweenness,0.5084848691373268
2020-01-01,total_route_exposure,pagerank,0.9110277260105936
2020-01-01,total_route_exposure,eigenvector,
2020-01-01,total_route_exposure,share_monthly_network_flow,0.9883262949153514
2020-01-01,total_degree,total_strength,0.9800532854787256
2020-01-01,total_degree,betweenness,0.5464558584190735
2020-01-01,total_degree,pagerank,0.9218507994127484
2020-01-01,total_degree,eigenvector,
2020-01-01,total_degree,share_monthly_network_flow,0.9751102496900819
2020-01-01,total_strength,betweenness,0.5532917607149206
2020-01-01,total_strength,pagerank,0.927208914640427
2020-01-01,total_strength,eigenvector,
2020-01-01,total_strength,share_monthly_network_flow,0.9970673836546754
2020-01-01,betweenness,pagerank,0.5156798514427393
2020-01-01,betweenness,eigenvector,
2020-01-01,betweenness,share_monthly_network_flow,0.5031949439010815
2020-01-01,pagerank,eigenvector,
2020-01-01,pagerank,share_monthly_network_flow,0.9217434251930782
2020-01-01,eigenvector,share_monthly_network_flow,
2020-02-01,node_throughput,total_voyages,0.996884784910997
2020-02-01,node_throughput,total_route_exposure,0.9916768203895284
2020-02-01,node_throughput,total_degree,0.9781476490094214
2020-02-01,node_throughput,total_strength,0.9974341715843037
2020-02-01,node_throughput,betweenness,0.5008303325708247
2020-02-01,node_throughput,pagerank,0.9234962017872503
2020-02-01,node_throughput,eigenvector,0.9381004836710618
2020-02-01,node_throughput,share_monthly_network_flow,1.0
2020-02-01,total_voyages,total_route_exposure,0.9935488453377792
2020-02-01,total_voyages,total_degree,0.9792575729875431
2020-02-01,total_voyages,total_strength,0.9941290882336378
2020-02-01,total_voyages,betweenness,0.4915238748082185
2020-02-01,total_voyages,pagerank,0.918703801797104
2020-02-01,total_voyages,eigenvector,0.9233738327881035
2020-02-01,total_voyages,share_monthly_network_flow,0.9968847849109969
2020-02-01,total_route_exposure,total_degree,0.982133017059091
2020-02-01,total_route_exposure,total_strength,0.9899602428227224
2020-02-01,total_route_exposure,betweenness,0.50519583910915
2020-02-01,total_route_exposure,pagerank,0.9163741796203962
2020-02-01,total_route_exposure,eigenvector,0.9211362732259808
2020-02-01,total_route_exposure,share_monthly_network_flow,0.9916768203895285
2020-02-01,total_degree,total_strength,0.9818927369208739
2020-02-01,total_degree,betweenness,0.5402406574807925
2020-02-01,total_degree,pagerank,0.9233630981811265
2020-02-01,total_degree,eigenvector,0.9131146549638077
2020-02-01,total_degree,share_monthly_network_flow,0.9781476490094214
2020-02-01,total_strength,betweenness,0.5480521163469625
2020-02-01,total_strength,pagerank,0.9299776795289797
2020-02-01,total_strength,eigenvector,0.938125709217004
2020-02-01,total_strength,share_monthly_network_flow,0.9974341715843038
2020-02-01,betweenness,pagerank,0.5291035060924285
2020-02-01,betweenness,eigenvector,0.4671839856804685
2020-02-01,betweenness,share_monthly_network_flow,0.5008303325708247
2020-02-01,pagerank,eigenvector,0.8968745261945176
2020-02-01,pagerank,share_monthly_network_flow,0.9234962017872503
2020-02-01,eigenvector,share_monthly_network_flow,0.9381004836710619
2020-03-01,node_throughput,total_voyages,0.9975379602320386
2020-03-01,node_throughput,total_route_exposure,0.9878311464222556
2020-03-01,node_throughput,total_degree,0.9752954414096153
2020-03-01,node_throughput,total_strength,0.9968028712280587
2020-03-01,node_throughput,betweenness,0.5150311125002393
2020-03-01,node_throughput,pagerank,0.9388654212546345
2020-03-01,node_throughput,eigenvector,0.9429568022245394
2020-03-01,node_throughput,share_monthly_network_flow,0.9999999999999999
2020-03-01,total_voyages,total_route_exposure,0.9909824483209162
2020-03-01,total_voyages,total_degree,0.9780404306270752
2020-03-01,total_voyages,total_strength,0.9943872566026407
2020-03-01,total_voyages,betweenness,0.512112972191009
2020-03-01,total_voyages,pagerank,0.9380629749818976
2020-03-01,total_voyages,eigenvector,0.9294962669118224
2020-03-01,total_voyages,share_monthly_network_flow,0.9975379602320384
2020-03-01,total_route_exposure,total_degree,0.9869517045533274
2020-03-01,total_route_exposure,total_strength,0.9882714027338281
2020-03-01,total_route_exposure,betweenness,0.5325764698279785
2020-03-01,total_route_exposure,pagerank,0.9354302986191807
2020-03-01,total_route_exposure,eigenvector,0.9187598668210172
2020-03-01,total_route_exposure,share_monthly_network_flow,0.9878311464222556
2020-03-01,total_degree,total_strength,0.9802349909556851
2020-03-01,total_degree,betweenness,0.5631532208862877
2020-03-01,total_degree,pagerank,0.937966748968738
2020-03-01,total_degree,eigenvector,0.9140459909672173
2020-03-01,total_degree,share_monthly_network_flow,0.9752954414096153
2020-03-01,total_strength,betweenness,0.5666894567437546
2020-03-01,total_strength,pagerank,0.9460969797356557
2020-03-01,total_strength,eigenvector,0.9415591419799839
2020-03-01,total_strength,share_monthly_network_flow,0.9968028712280586
2020-03-01,betweenness,pagerank,0.5586562626321441
2020-03-01,betweenness,eigenvector,0.48276445328774203
2020-03-01,betweenness,share_monthly_network_flow,0.5150311125002393
2020-03-01,pagerank,eigenvector,0.901190216550601
2020-03-01,pagerank,share_monthly_network_flow,0.9388654212546345
2020-03-01,eigenvector,share_monthly_network_flow,0.9429568022245394
2020-04-01,node_throughput,total_voyages,0.9962371724133882
2020-04-01,node_throughput,total_route_exposure,0.9938199066800992
2020-04-01,node_throughput,total_degree,0.9810168821121374
2020-04-01,node_throughput,total_strength,0.9988820630329791
2020-04-01,node_throughput,betweenness,0.5500265343484481
2020-04-01,node_throughput,pagerank,0.9609515064786401
2020-04-01,node_throughput,eigenvector,0.9642498470737348
2020-04-01,node_throughput,share_monthly_network_flow,1.0
2020-04-01,total_voyages,total_route_exposure,0.9945780184089191
2020-04-01,total_voyages,total_degree,0.9807218192816132
2020-04-01,total_voyages,total_strength,0.994813906121088
2020-04-01,total_voyages,betweenness,0.5416590691637769
2020-04-01,total_voyages,pagerank,0.9583345368908055
2020-04-01,total_voyages,eigenvector,0.9521114700997004
2020-04-01,total_voyages,share_monthly_network_flow,0.996237172413388
2020-04-01,total_route_exposure,total_degree,0.982904755990523
2020-04-01,total_route_exposure,total_strength,0.9933968740031702
2020-04-01,total_route_exposure,betweenness,0.550058267453079
2020-04-01,total_route_exposure,pagerank,0.9553109099683179
2020-04-01,total_route_exposure,eigenvector,0.9601810375409469
2020-04-01,total_route_exposure,share_monthly_network_flow,0.9938199066800992
2020-04-01,total_degree,total_strength,0.9841938797930555
2020-04-01,total_degree,betweenness,0.5818265942468911
2020-04-01,total_degree,pagerank,0.9552989359542063
2020-04-01,total_degree,eigenvector,0.951132837564823
2020-04-01,total_degree,share_monthly_network_flow,0.9810168821121374
2020-04-01,total_strength,betweenness,0.5771929364436136
2020-04-01,total_strength,pagerank,0.9638705466736306
2020-04-01,total_strength,eigenvector,0.9626443875384499
2020-04-01,total_strength,share_monthly_network_flow,0.9988820630329791
2020-04-01,betweenness,pagerank,0.5728891623816057
2020-04-01,betweenness,eigenvector,0.5101285155692533
2020-04-01,betweenness,share_monthly_network_flow,0.5500265343484481
2020-04-01,pagerank,eigenvector,0.9286887593397143
2020-04-01,pagerank,share_monthly_network_flow,0.9609515064786401
2020-04-01,eigenvector,share_monthly_network_flow,0.9642498470737348
2020-05-01,node_throughput,total_voyages,0.9942260771831739
2020-05-01,node_throughput,total_route_exposure,0.9849456975262223
2020-05-01,node_throughput,total_degree,0.9681623346676035
2020-05-01,node_throughput,total_strength,0.997999222221243
2020-05-01,node_throughput,betweenness,0.516508467560202
2020-05-01,node_throughput,pagerank,0.9360276372321645
2020-05-01,node_throughput,eigenvector,0.9448548092489787
2020-05-01,node_throughput,share_monthly_network_flow,1.0
2020-05-01,total_voyages,total_route_exposure,0.9916860211420125
2020-05-01,total_voyages,total_degree,0.9764547011469503
2020-05-01,total_voyages,total_strength,0.9932822068919213
2020-05-01,total_voyages,betweenness,0.5217737361559994
2020-05-01,total_voyages,pagerank,0.9315235396963275
2020-05-01,total_voyages,eigenvector,0.9414061410354596
2020-05-01,total_voyages,share_monthly_network_flow,0.9942260771831739
2020-05-01,total_route_exposure,total_degree,0.9838318954678471
2020-05-01,total_route_exposure,total_strength,0.9858149164098905
2020-05-01,total_route_exposure,betweenness,0.5369588670148823
2020-05-01,total_route_exposure,pagerank,0.9273065474968761
2020-05-01,total_route_exposure,eigenvector,0.9360349154895319
2020-05-01,total_route_exposure,share_monthly_network_flow,0.9849456975262223
2020-05-01,total_degree,total_strength,0.9742694676256627
2020-05-01,total_degree,betweenness,0.5719237558415249
2020-05-01,total_degree,pagerank,0.9304427750757155
2020-05-01,total_degree,eigenvector,0.932383495925169
2020-05-01,total_degree,share_monthly_network_flow,0.9681623346676034
2020-05-01,total_strength,betweenness,0.5524674899287533
2020-05-01,total_strength,pagerank,0.941493313893675
2020-05-01,total_strength,eigenvector,0.9449848566968817
2020-05-01,total_strength,share_monthly_network_flow,0.997999222221243
2020-05-01,betweenness,pagerank,0.5468205695072493
2020-05-01,betweenness,eigenvector,0.4523716689319788
2020-05-01,betweenness,share_monthly_network_flow,0.516508467560202
2020-05-01,pagerank,eigenvector,0.9063630748530531
2020-05-01,pagerank,share_monthly_network_flow,0.9360276372321644
2020-05-01,eigenvector,share_monthly_network_flow,0.9448548092489786
2020-06-01,node_throughput,total_voyages,0.9960623915159623
2020-06-01,node_throughput,total_route_exposure,0.9863853624942817
2020-06-01,node_throughput,total_degree,0.9742232752836524
2020-06-01,node_throughput,total_strength,0.9968045383162424
2020-06-01,node_throughput,betweenness,0.525187437245149
2020-06-01,node_throughput,pagerank,0.9400412752012332
2020-06-01,node_throughput,eigenvector,0.9543402287739957
2020-06-01,node_throughput,share_monthly_network_flow,1.0
2020-06-01,total_voyages,total_route_exposure,0.9905350292463655
2020-06-01,total_voyages,total_degree,0.9789982494707191
2020-06-01,total_voyages,total_strength,0.9936097622056894
2020-06-01,total_voyages,betweenness,0.5264348463506477
2020-06-01,total_voyages,pagerank,0.9393051056976425
2020-06-01,total_voyages,eigenvector,0.9503735867407566
2020-06-01,total_voyages,share_monthly_network_flow,0.9960623915159622
2020-06-01,total_route_exposure,total_degree,0.9858856942587783
2020-06-01,total_route_exposure,total_strength,0.9880871071475437
2020-06-01,total_route_exposure,betweenness,0.5519109165721691
2020-06-01,total_route_exposure,pagerank,0.9404114906066616
2020-06-01,total_route_exposure,eigenvector,0.9404282520675373
2020-06-01,total_route_exposure,share_monthly_network_flow,0.9863853624942817
2020-06-01,total_degree,total_strength,0.9817322701880021
2020-06-01,total_degree,betweenness,0.590735488187252
2020-06-01,total_degree,pagerank,0.9521702231512905
2020-06-01,total_degree,eigenvector,0.9278305143512757
2020-06-01,total_degree,share_monthly_network_flow,0.9742232752836525
2020-06-01,total_strength,betweenness,0.5759090805501628
2020-06-01,total_strength,pagerank,0.9494812380815992
2020-06-01,total_strength,eigenvector,0.9484434013966889
2020-06-01,total_strength,share_monthly_network_flow,0.9968045383162424
2020-06-01,betweenness,pagerank,0.5725181826997372
2020-06-01,betweenness,eigenvector,0.4365262996050119
2020-06-01,betweenness,share_monthly_network_flow,0.525187437245149
2020-06-01,pagerank,eigenvector,0.9043791953487119
2020-06-01,pagerank,share_monthly_network_flow,0.940041275201233
2020-06-01,eigenvector,share_monthly_network_flow,0.9543402287739957
2020-07-01,node_throughput,total_voyages,0.9922475098062611
2020-07-01,node_throughput,total_route_exposure,0.9815858635529692
2020-07-01,node_throughput,total_degree,0.9676892072416439
2020-07-01,node_throughput,total_strength,0.9972538798114844
2020-07-01,node_throughput,betweenness,0.49674496651127303
2020-07-01,node_throughput,pagerank,0.9313283660213683
2020-07-01,node_throughput,eigenvector,0.9552444731877264
2020-07-01,node_throughput,share_monthly_network_flow,1.0
2020-07-01,total_voyages,total_route_exposure,0.9904463372914781
2020-07-01,total_voyages,total_degree,0.9757414423545895
2020-07-01,total_voyages,total_strength,0.9896977730243453
2020-07-01,total_voyages,betweenness,0.49230352642209413
2020-07-01,total_voyages,pagerank,0.9280810797343005
2020-07-01,total_voyages,eigenvector,0.948926354103324
2020-07-01,total_voyages,share_monthly_network_flow,0.9922475098062611
2020-07-01,total_route_exposure,total_degree,0.9853535177208318
2020-07-01,total_route_exposure,total_strength,0.9827312478028408
2020-07-01,total_route_exposure,betweenness,0.5171829891637606
2020-07-01,total_route_exposure,pagerank,0.9248482388948992
2020-07-01,total_route_exposure,eigenvector,0.9381528200934242
2020-07-01,total_route_exposure,share_monthly_network_flow,0.9815858635529691
2020-07-01,total_degree,total_strength,0.9745467513606348
2020-07-01,total_degree,betweenness,0.5632435031430509
2020-07-01,total_degree,pagerank,0.9405976032258834
2020-07-01,total_degree,eigenvector,0.930314625530776
2020-07-01,total_degree,share_monthly_network_flow,0.9676892072416439
2020-07-01,total_strength,betweenness,0.5448010556060878
2020-07-01,total_strength,pagerank,0.9396078328795605
2020-07-01,total_strength,eigenvector,0.9538271952591703
2020-07-01,total_strength,share_monthly_network_flow,0.9972538798114845
2020-07-01,betweenness,pagerank,0.542336132882491
2020-07-01,betweenness,eigenvector,0.44886786225895126
2020-07-01,betweenness,share_monthly_network_flow,0.49674496651127303
2020-07-01,pagerank,eigenvector,0.9194898939177815
2020-07-01,pagerank,share_monthly_network_flow,0.9313283660213683
2020-07-01,eigenvector,share_monthly_network_flow,0.9552444731877264
2020-08-01,node_throughput,total_voyages,0.9869214852780142
2020-08-01,node_throughput,total_route_exposure,0.9789375169270106
2020-08-01,node_throughput,total_degree,0.9606544604952134
2020-08-01,node_throughput,total_strength,0.9972802379051758
2020-08-01,node_throughput,betweenness,0.5105642984570468
2020-08-01,node_throughput,pagerank,0.9345596538977795
2020-08-01,node_throughput,eigenvector,0.9069654479256757
2020-08-01,node_throughput,share_monthly_network_flow,1.0
2020-08-01,total_voyages,total_route_exposure,0.9900600985594437
2020-08-01,total_voyages,total_degree,0.9678590502982001
2020-08-01,total_voyages,total_strength,0.9841933406316677
2020-08-01,total_voyages,betweenness,0.492368075711669
2020-08-01,total_voyages,pagerank,0.9306522367856122
2020-08-01,total_voyages,eigenvector,0.8980295892160968
2020-08-01,total_voyages,share_monthly_network_flow,0.986921485278014
2020-08-01,total_route_exposure,total_degree,0.9765250125448337
2020-08-01,total_route_exposure,total_strength,0.9772580618482585
2020-08-01,total_route_exposure,betweenness,0.49881285838728284
2020-08-01,total_route_exposure,pagerank,0.930012223023734
2020-08-01,total_route_exposure,eigenvector,0.8920181057533413
2020-08-01,total_route_exposure,share_monthly_network_flow,0.9789375169270106
2020-08-01,total_degree,total_strength,0.9692805493287314
2020-08-01,total_degree,betweenness,0.5799118052127458
2020-08-01,total_degree,pagerank,0.9467638148763748
2020-08-01,total_degree,eigenvector,0.8829595366369859
2020-08-01,total_degree,share_monthly_network_flow,0.9606544604952134
2020-08-01,total_strength,betweenness,0.5540784778875439
2020-08-01,total_strength,pagerank,0.9396246741667656
2020-08-01,total_strength,eigenvector,0.9089477203228987
2020-08-01,total_strength,share_monthly_network_flow,0.997280237905176
2020-08-01,betweenness,pagerank,0.5433213213788544
2020-08-01,betweenness,eigenvector,0.46754736970744715
2020-08-01,betweenness,share_monthly_network_flow,0.5105642984570467
2020-08-01,pagerank,eigenvector,0.8647013778964218
2020-08-01,pagerank,share_monthly_network_flow,0.9345596538977794
2020-08-01,eigenvector,share_monthly_network_flow,0.9069654479256757
2020-09-01,node_throughput,total_voyages,0.9912324409001133
2020-09-01,node_throughput,total_route_exposure,0.9874641986764998
2020-09-01,node_throughput,total_degree,0.9712022473287669
2020-09-01,node_throughput,total_strength,0.9986100815511573
2020-09-01,node_throughput,betweenness,0.5348387872167161
2020-09-01,node_throughput,pagerank,0.934174158292745
2020-09-01,node_throughput,eigenvector,0.9492598487550918
2020-09-01,node_throughput,share_monthly_network_flow,1.0
2020-09-01,total_voyages,total_route_exposure,0.9962986619645291
2020-09-01,total_voyages,total_degree,0.9796527638699681
2020-09-01,total_voyages,total_strength,0.9903278904629627
2020-09-01,total_voyages,betweenness,0.536423130572163
2020-09-01,total_voyages,pagerank,0.9320027470299385
2020-09-01,total_voyages,eigenvector,0.9366472821401294
2020-09-01,total_voyages,share_monthly_network_flow,0.9912324409001133
2020-09-01,total_route_exposure,total_degree,0.9827059370983122
2020-09-01,total_route_exposure,total_strength,0.9879842063307273
2020-09-01,total_route_exposure,betweenness,0.5466380718162382
2020-09-01,total_route_exposure,pagerank,0.9310815011752616
2020-09-01,total_route_exposure,eigenvector,0.9357123499783314
2020-09-01,total_route_exposure,share_monthly_network_flow,0.9874641986764999
2020-09-01,total_degree,total_strength,0.9746431131509582
2020-09-01,total_degree,betweenness,0.5643302644440316
2020-09-01,total_degree,pagerank,0.9385798503922332
2020-09-01,total_degree,eigenvector,0.9244070367593239
2020-09-01,total_degree,share_monthly_network_flow,0.9712022473287669
2020-09-01,total_strength,betweenness,0.5657958560035047
2020-09-01,total_strength,pagerank,0.9401875567629295
2020-09-01,total_strength,eigenvector,0.9483011448257298
2020-09-01,total_strength,share_monthly_network_flow,0.9986100815511574
2020-09-01,betweenness,pagerank,0.561529192599719
2020-09-01,betweenness,eigenvector,0.46381151831683776
2020-09-01,betweenness,share_monthly_network_flow,0.5348387872167161
2020-09-01,pagerank,eigenvector,0.9096873606470779
2020-09-01,pagerank,share_monthly_network_flow,0.9341741582927449
2020-09-01,eigenvector,share_monthly_network_flow,0.9492598487550918
2020-10-01,node_throughput,total_voyages,0.9922193012332058
2020-10-01,node_throughput,total_route_exposure,0.9864790036607304
2020-10-01,node_throughput,total_degree,0.9684748188605699
2020-10-01,node_throughput,total_strength,0.9977857742088133
2020-10-01,node_throughput,betweenness,0.5147404479396959
2020-10-01,node_throughput,pagerank,0.9407635350410777
2020-10-01,node_throughput,eigenvector,0.9245296406174829
2020-10-01,node_throughput,share_monthly_network_flow,1.0
2020-10-01,total_voyages,total_route_exposure,0.9936984450479549
2020-10-01,total_voyages,total_degree,0.9757027376521383
2020-10-01,total_voyages,total_strength,0.9904190343753968
2020-10-01,total_voyages,betweenness,0.5119746255009245
2020-10-01,total_voyages,pagerank,0.9342813500037962
2020-10-01,total_voyages,eigenvector,0.9101482139092427
2020-10-01,total_voyages,share_monthly_network_flow,0.9922193012332058
2020-10-01,total_route_exposure,total_degree,0.9834725933400185
2020-10-01,total_route_exposure,total_strength,0.9864111060374225
2020-10-01,total_route_exposure,betweenness,0.5234731733872473
2020-10-01,total_route_exposure,pagerank,0.9282246146692734
2020-10-01,total_route_exposure,eigenvector,0.9057528459717424
2020-10-01,total_route_exposure,share_monthly_network_flow,0.9864790036607304
2020-10-01,total_degree,total_strength,0.9739851965512653
2020-10-01,total_degree,betweenness,0.5547866399495954
2020-10-01,total_degree,pagerank,0.9385390300420224
2020-10-01,total_degree,eigenvector,0.8938757267287033
2020-10-01,total_degree,share_monthly_network_flow,0.9684748188605699
2020-10-01,total_strength,betweenness,0.5569739517353813
2020-10-01,total_strength,pagerank,0.9462205917377992
2020-10-01,total_strength,eigenvector,0.9278414391773531
2020-10-01,total_strength,share_monthly_network_flow,0.9977857742088133
2020-10-01,betweenness,pagerank,0.5468202530397911
2020-10-01,betweenness,eigenvector,0.5132681004367624
2020-10-01,betweenness,share_monthly_network_flow,0.5147404479396959
2020-10-01,pagerank,eigenvector,0.8980413883653199
2020-10-01,pagerank,share_monthly_network_flow,0.9407635350410778
2020-10-01,eigenvector,share_monthly_network_flow,0.924529640617483
2020-11-01,node_throughput,total_voyages,0.9901083535810392
2020-11-01,node_throughput,total_route_exposure,0.9864419913721889
2020-11-01,node_throughput,total_degree,0.9716329715802804
2020-11-01,node_throughput,total_strength,0.9983825915840475
2020-11-01,node_throughput,betweenness,0.5299524728150214
2020-11-01,node_throughput,pagerank,0.928003997769999
2020-11-01,node_throughput,eigenvector,0.9438169880565688
2020-11-01,node_throughput,share_monthly_network_flow,1.0
2020-11-01,total_voyages,total_route_exposure,0.9948055057371467
2020-11-01,total_voyages,total_degree,0.9803317820414975
2020-11-01,total_voyages,total_strength,0.9892306657121476
2020-11-01,total_voyages,betweenness,0.5324168028074325
2020-11-01,total_voyages,pagerank,0.9217145688900095
2020-11-01,total_voyages,eigenvector,0.9398617213916738
2020-11-01,total_voyages,share_monthly_network_flow,0.9901083535810392
2020-11-01,total_route_exposure,total_degree,0.9845963449160648
2020-11-01,total_route_exposure,total_strength,0.9867674035210628
2020-11-01,total_route_exposure,betweenness,0.5444100781766323
2020-11-01,total_route_exposure,pagerank,0.9247385802944198
2020-11-01,total_route_exposure,eigenvector,0.9417455589564511
2020-11-01,total_route_exposure,share_monthly_network_flow,0.9864419913721888
2020-11-01,total_degree,total_strength,0.9760906415208332
2020-11-01,total_degree,betweenness,0.5708444065682118
2020-11-01,total_degree,pagerank,0.927245158034252
2020-11-01,total_degree,eigenvector,0.9273741415315812
2020-11-01,total_degree,share_monthly_network_flow,0.9716329715802805
2020-11-01,total_strength,betweenness,0.5638696950850616
2020-11-01,total_strength,pagerank,0.9355745330940866
2020-11-01,total_strength,eigenvector,0.9456506093229933
2020-11-01,total_strength,share_monthly_network_flow,0.9983825915840475
2020-11-01,betweenness,pagerank,0.5593946461111566
2020-11-01,betweenness,eigenvector,0.5209024503223589
2020-11-01,betweenness,share_monthly_network_flow,0.5299524728150214
2020-11-01,pagerank,eigenvector,0.910926345057724
2020-11-01,pagerank,share_monthly_network_flow,0.928003997769999
2020-11-01,eigenvector,share_monthly_network_flow,0.9438169880565688
2020-12-01,node_throughput,total_voyages,0.9910190649797762
2020-12-01,node_throughput,total_route_exposure,0.9897500707153832
2020-12-01,node_throughput,total_degree,0.9765724648414906
2020-12-01,node_throughput,total_strength,0.996154328187964
2020-12-01,node_throughput,betweenness,0.515159247929617
2020-12-01,node_throughput,pagerank,0.9355625591743829
2020-12-01,node_throughput,eigenvector,
2020-12-01,node_throughput,share_monthly_network_flow,0.9999999999999999
2020-12-01,total_voyages,total_route_exposure,0.9910696302187815
2020-12-01,total_voyages,total_degree,0.9808227649437772
2020-12-01,total_voyages,total_strength,0.9886213717871717
2020-12-01,total_voyages,betweenness,0.5169549608054669
2020-12-01,total_voyages,pagerank,0.9341376874143357
2020-12-01,total_voyages,eigenvector,
2020-12-01,total_voyages,share_monthly_network_flow,0.9910190649797761
2020-12-01,total_route_exposure,total_degree,0.9840495314604013
2020-12-01,total_route_exposure,total_strength,0.9907256743024787
2020-12-01,total_route_exposure,betweenness,0.535810923929573
2020-12-01,total_route_exposure,pagerank,0.9394432005089542
2020-12-01,total_route_exposure,eigenvector,
2020-12-01,total_route_exposure,share_monthly_network_flow,0.9897500707153832
2020-12-01,total_degree,total_strength,0.9841032140480944
2020-12-01,total_degree,betweenness,0.5743168024598944
2020-12-01,total_degree,pagerank,0.948057465208732
2020-12-01,total_degree,eigenvector,
2020-12-01,total_degree,share_monthly_network_flow,0.9765724648414907
2020-12-01,total_strength,betweenness,0.5734240016803686
2020-12-01,total_strength,pagerank,0.9439992310877732
2020-12-01,total_strength,eigenvector,
2020-12-01,total_strength,share_monthly_network_flow,0.996154328187964
2020-12-01,betweenness,pagerank,0.5570467448690942
2020-12-01,betweenness,eigenvector,
2020-12-01,betweenness,share_monthly_network_flow,0.515159247929617
2020-12-01,pagerank,eigenvector,
2020-12-01,pagerank,share_monthly_network_flow,0.9355625591743828
2020-12-01,eigenvector,share_monthly_network_flow,
2021-01-01,node_throughput,total_voyages,0.998363872771359
2021-01-01,node_throughput,total_route_exposure,0.9934710978489382
2021-01-01,node_throughput,total_degree,0.9846143162014342
2021-01-01,node_throughput,total_strength,0.9983323723127651
2021-01-01,node_throughput,betweenness,0.5286202398459555
2021-01-01,node_throughput,pagerank,0.9474038872383925
2021-01-01,node_throughput,eigenvector,0.9435609428532955
2021-01-01,node_throughput,share_monthly_network_flow,1.0
2021-01-01,total_voyages,total_route_exposure,0.9958085731959463
2021-01-01,total_voyages,total_degree,0.9874787023373792
2021-01-01,total_voyages,total_strength,0.9967191081747615
2021-01-01,total_voyages,betweenness,0.5260018156318699
2021-01-01,total_voyages,pagerank,0.9467232417155317
2021-01-01,total_voyages,eigenvector,0.9379683641455256
2021-01-01,total_voyages,share_monthly_network_flow,0.998363872771359
2021-01-01,total_route_exposure,total_degree,0.987378419674211
2021-01-01,total_route_exposure,total_strength,0.991531003356175
2021-01-01,total_route_exposure,betweenness,0.5225753805351181
2021-01-01,total_route_exposure,pagerank,0.9448482957251113
2021-01-01,total_route_exposure,eigenvector,0.9398685940320309
2021-01-01,total_route_exposure,share_monthly_network_flow,0.9934710978489383
2021-01-01,total_degree,total_strength,0.9877787838134245
2021-01-01,total_degree,betweenness,0.5629027179844911
2021-01-01,total_degree,pagerank,0.952914420842468
2021-01-01,total_degree,eigenvector,0.9319694687267849
2021-01-01,total_degree,share_monthly_network_flow,0.9846143162014341
2021-01-01,total_strength,betweenness,0.5659291329770393
2021-01-01,total_strength,pagerank,0.9528333123025104
2021-01-01,total_strength,eigenvector,0.9421908331547174
2021-01-01,total_strength,share_monthly_network_flow,0.998332372312765
2021-01-01,betweenness,pagerank,0.5510779791476543
2021-01-01,betweenness,eigenvector,0.48116166973569896
2021-01-01,betweenness,share_monthly_network_flow,0.5286202398459555
2021-01-01,pagerank,eigenvector,0.8988609016269858
2021-01-01,pagerank,share_monthly_network_flow,0.9474038872383925
2021-01-01,eigenvector,share_monthly_network_flow,0.9435609428532956
2021-02-01,node_throughput,total_voyages,0.9892629244410391
2021-02-01,node_throughput,total_route_exposure,0.9855806720819564
2021-02-01,node_throughput,total_degree,0.9693615322050555
2021-02-01,node_throughput,total_strength,0.995395793628417
2021-02-01,node_throughput,betweenness,0.45506080203783844
2021-02-01,node_throughput,pagerank,0.9178308466802156
2021-02-01,node_throughput,eigenvector,
2021-02-01,node_throughput,share_monthly_network_flow,0.9999999999999999
2021-02-01,total_voyages,total_route_exposure,0.9938345264008785
2021-02-01,total_voyages,total_degree,0.9773301971761319
2021-02-01,total_voyages,total_strength,0.9872132122255713
2021-02-01,total_voyages,betweenness,0.4535939548545472
2021-02-01,total_voyages,pagerank,0.9153869726027704
2021-02-01,total_voyages,eigenvector,
2021-02-01,total_voyages,share_monthly_network_flow,0.9892629244410391
2021-02-01,total_route_exposure,total_degree,0.9824584731549038
2021-02-01,total_route_exposure,total_strength,0.9854620192499863
2021-02-01,total_route_exposure,betweenness,0.46566693456957614
2021-02-01,total_route_exposure,pagerank,0.915030135528571
2021-02-01,total_route_exposure,eigenvector,
2021-02-01,total_route_exposure,share_monthly_network_flow,0.9855806720819564
2021-02-01,total_degree,total_strength,0.9796292540106092
2021-02-01,total_degree,betweenness,0.5462044233463571
2021-02-01,total_degree,pagerank,0.9271463444361975
2021-02-01,total_degree,eigenvector,
2021-02-01,total_degree,share_monthly_network_flow,0.9693615322050555
2021-02-01,total_strength,betweenness,0.5183233014346897
2021-02-01,total_strength,pagerank,0.9246428153514444
2021-02-01,total_strength,eigenvector,
2021-02-01,total_strength,share_monthly_network_flow,0.995395793628417
2021-02-01,betweenness,pagerank,0.5260605650236
2021-02-01,betweenness,eigenvector,
2021-02-01,betweenness,share_monthly_network_flow,0.45506080203783844
2021-02-01,pagerank,eigenvector,
2021-02-01,pagerank,share_monthly_network_flow,0.9178308466802156
2021-02-01,eigenvector,share_monthly_network_flow,
2021-03-01,node_throughput,total_voyages,0.9897380088301082
2021-03-01,node_throughput,total_route_exposure,0.9828854428431656
2021-03-01,node_throughput,total_degree,0.9593724661274787
2021-03-01,node_throughput,total_strength,0.9977421299089219
2021-03-01,node_throughput,betweenness,0.5073627374752367
2021-03-01,node_throughput,pagerank,0.9143441464167152
2021-03-01,node_throughput,eigenvector,0.9350078523652017
2021-03-01,node_throughput,share_monthly_network_flow,1.0
2021-03-01,total_voyages,total_route_exposure,0.988568577761524
2021-03-01,total_voyages,total_degree,0.9661785591586822
2021-03-01,total_voyages,total_strength,0.9867796380173431
2021-03-01,total_voyages,betweenness,0.5019237215598387
2021-03-01,total_voyages,pagerank,0.906408562788072
2021-03-01,total_voyages,eigenvector,0.927025361729293
2021-03-01,total_voyages,share_monthly_network_flow,0.9897380088301081
2021-03-01,total_route_exposure,total_degree,0.9732638172134179
2021-03-01,total_route_exposure,total_strength,0.9820206981377323
2021-03-01,total_route_exposure,betweenness,0.5201620102655002
2021-03-01,total_route_exposure,pagerank,0.9047801891173316
2021-03-01,total_route_exposure,eigenvector,0.9233353950876836
2021-03-01,total_route_exposure,share_monthly_network_flow,0.9828854428431656
2021-03-01,total_degree,total_strength,0.9656283128971936
2021-03-01,total_degree,betweenness,0.5611650146544648
2021-03-01,total_degree,pagerank,0.919585061465822
2021-03-01,total_degree,eigenvector,0.923096448094931
2021-03-01,total_degree,share_monthly_network_flow,0.9593724661274786
2021-03-01,total_strength,betweenness,0.5494688151871824
2021-03-01,total_strength,pagerank,0.922114510933635
2021-03-01,total_strength,eigenvector,0.9325662833922722
2021-03-01,total_strength,share_monthly_network_flow,0.9977421299089217
2021-03-01,betweenness,pagerank,0.5406818386062663
2021-03-01,betweenness,eigenvector,0.42069006843804607
2021-03-01,betweenness,share_monthly_network_flow,0.5073627374752367
2021-03-01,pagerank,eigenvector,0.8763001522161217
2021-03-01,pagerank,share_monthly_network_flow,0.9143441464167152
2021-03-01,eigenvector,share_monthly_network_flow,0.9350078523652018
2021-04-01,node_throughput,total_voyages,0.9927344515065977
2021-04-01,node_throughput,total_route_exposure,0.9897830609569527
2021-04-01,node_throughput,total_degree,0.9758632113084477
2021-04-01,node_throughput,total_strength,0.9984173160376687
2021-04-01,node_throughput,betweenness,0.5211440758407911
2021-04-01,node_throughput,pagerank,0.9308854510216242
2021-04-01,node_throughput,eigenvector,
2021-04-01,node_throughput,share_monthly_network_flow,1.0
2021-04-01,total_voyages,total_route_exposure,0.99273259106156
2021-04-01,total_voyages,total_degree,0.9800347748560116
2021-04-01,total_voyages,total_strength,0.9914336483876609
2021-04-01,total_voyages,betweenness,0.5219058493211467
2021-04-01,total_voyages,pagerank,0.9261858371535054
2021-04-01,total_voyages,eigenvector,
2021-04-01,total_voyages,share_monthly_network_flow,0.9927344515065977
2021-04-01,total_route_exposure,total_degree,0.9852607769244287
2021-04-01,total_route_exposure,total_strength,0.9893118006066094
2021-04-01,total_route_exposure,betweenness,0.5275864364871347
2021-04-01,total_route_exposure,pagerank,0.9248590873219162
2021-04-01,total_route_exposure,eigenvector,
2021-04-01,total_route_exposure,share_monthly_network_flow,0.9897830609569527
2021-04-01,total_degree,total_strength,0.9790782680993779
2021-04-01,total_degree,betweenness,0.5511213245863759
2021-04-01,total_degree,pagerank,0.9269446355089916
2021-04-01,total_degree,eigenvector,
2021-04-01,total_degree,share_monthly_network_flow,0.9758632113084477
2021-04-01,total_strength,betweenness,0.5533108987621163
2021-04-01,total_strength,pagerank,0.938303014494245
2021-04-01,total_strength,eigenvector,
2021-04-01,total_strength,share_monthly_network_flow,0.9984173160376688
2021-04-01,betweenness,pagerank,0.5476803097533246
2021-04-01,betweenness,eigenvector,
2021-04-01,betweenness,share_monthly_network_flow,0.5211440758407911
2021-04-01,pagerank,eigenvector,
2021-04-01,pagerank,share_monthly_network_flow,0.9308854510216242
2021-04-01,eigenvector,share_monthly_network_flow,
2021-05-01,node_throughput,total_voyages,0.9892117210056731
2021-05-01,node_throughput,total_route_exposure,0.9821712068795715
2021-05-01,node_throughput,total_degree,0.9640597606018076
2021-05-01,node_throughput,total_strength,0.9973517962632311
2021-05-01,node_throughput,betweenness,0.4912253552058344
2021-05-01,node_throughput,pagerank,0.9086699894411161
2021-05-01,node_throughput,eigenvector,0.9545204468407921
2021-05-01,node_throughput,share_monthly_network_flow,1.0
2021-05-01,total_voyages,total_route_exposure,0.991912353849968
2021-05-01,total_voyages,total_degree,0.9741487301320179
2021-05-01,total_voyages,total_strength,0.9882407608599026
2021-05-01,total_voyages,betweenness,0.4974598823827651
2021-05-01,total_voyages,pagerank,0.9059304542183186
2021-05-01,total_voyages,eigenvector,0.9406179367582423
2021-05-01,total_voyages,share_monthly_network_flow,0.989211721005673
2021-05-01,total_route_exposure,total_degree,0.9781563221632722
2021-05-01,total_route_exposure,total_strength,0.9832699242763147
2021-05-01,total_route_exposure,betweenness,0.5125552375445981
2021-05-01,total_route_exposure,pagerank,0.9016357340431383
2021-05-01,total_route_exposure,eigenvector,0.9357503360111344
2021-05-01,total_route_exposure,share_monthly_network_flow,0.9821712068795714
2021-05-01,total_degree,total_strength,0.9716149115487738
2021-05-01,total_degree,betweenness,0.5543633226402837
2021-05-01,total_degree,pagerank,0.9201363077668872
2021-05-01,total_degree,eigenvector,0.9295606571588958
2021-05-01,total_degree,share_monthly_network_flow,0.9640597606018076
2021-05-01,total_strength,betweenness,0.53310492377102
2021-05-01,total_strength,pagerank,0.9133372529528171
2021-05-01,total_strength,eigenvector,0.954057462428402
2021-05-01,total_strength,share_monthly_network_flow,0.997351796263231
2021-05-01,betweenness,pagerank,0.5285738202319603
2021-05-01,betweenness,eigenvector,0.4595213493448497
2021-05-01,betweenness,share_monthly_network_flow,0.4912253552058344
2021-05-01,pagerank,eigenvector,0.9006191920795653
2021-05-01,pagerank,share_monthly_network_flow,0.9086699894411161
2021-05-01,eigenvector,share_monthly_network_flow,0.9545204468407921
2021-06-01,node_throughput,total_voyages,0.9927984279552243
2021-06-01,node_throughput,total_route_exposure,0.9841714040970495
2021-06-01,node_throughput,total_degree,0.9665027953118877
2021-06-01,node_throughput,total_strength,0.9983328347535625
2021-06-01,node_throughput,betweenness,0.5248995420755399
2021-06-01,node_throughput,pagerank,0.9159741805152236
2021-06-01,node_throughput,eigenvector,0.9359917879610781
2021-06-01,node_throughput,share_monthly_network_flow,0.9999999999999999
2021-06-01,total_voyages,total_route_exposure,0.9934430214303327
2021-06-01,total_voyages,total_degree,0.9751291678064419
2021-06-01,total_voyages,total_strength,0.9905799919344824
2021-06-01,total_voyages,betweenness,0.5171004458163536
2021-06-01,total_voyages,pagerank,0.9101097224998429
2021-06-01,total_voyages,eigenvector,0.9227654350852809
2021-06-01,total_voyages,share_monthly_network_flow,0.9927984279552242
2021-06-01,total_route_exposure,total_degree,0.9808005693008554
2021-06-01,total_route_exposure,total_strength,0.9826786963344122
2021-06-01,total_route_exposure,betweenness,0.5248410360763454
2021-06-01,total_route_exposure,pagerank,0.9078956397042914
2021-06-01,total_route_exposure,eigenvector,0.9152801279363668
2021-06-01,total_route_exposure,share_monthly_network_flow,0.9841714040970494
2021-06-01,total_degree,total_strength,0.9699428643607356
2021-06-01,total_degree,betweenness,0.5704395183702823
2021-06-01,total_degree,pagerank,0.9110374251090012
2021-06-01,total_degree,eigenvector,0.8976608517372974
2021-06-01,total_degree,share_monthly_network_flow,0.9665027953118878
2021-06-01,total_strength,betweenness,0.5599076563886258
2021-06-01,total_strength,pagerank,0.9221917233608864
2021-06-01,total_strength,eigenvector,0.9345700595325248
2021-06-01,total_strength,share_monthly_network_flow,0.9983328347535625
2021-06-01,betweenness,pagerank,0.5543163605897462
2021-06-01,betweenness,eigenvector,0.48615109704727966
2021-06-01,betweenness,share_monthly_network_flow,0.5248995420755399
2021-06-01,pagerank,eigenvector,0.8834324799956863
2021-06-01,pagerank,share_monthly_network_flow,0.9159741805152236
2021-06-01,eigenvector,share_monthly_network_flow,0.9359917879610781
2021-07-01,node_throughput,total_voyages,0.9898248059951105
2021-07-01,node_throughput,total_route_exposure,0.9857089039158634
2021-07-01,node_throughput,total_degree,0.965555372848272
2021-07-01,node_throughput,total_strength,0.9961499003886536
2021-07-01,node_throughput,betweenness,0.49793517614507016
2021-07-01,node_throughput,pagerank,0.9068491249175163
2021-07-01,node_throughput,eigenvector,0.9283415330965784
2021-07-01,node_throughput,share_monthly_network_flow,0.9999999999999999
2021-07-01,total_voyages,total_route_exposure,0.9903995757990427
2021-07-01,total_voyages,total_degree,0.9704588584637576
2021-07-01,total_voyages,total_strength,0.9867094550485466
2021-07-01,total_voyages,betweenness,0.49372175247286415
2021-07-01,total_voyages,pagerank,0.9022736569515755
2021-07-01,total_voyages,eigenvector,0.9046409734851972
2021-07-01,total_voyages,share_monthly_network_flow,0.9898248059951105
2021-07-01,total_route_exposure,total_degree,0.9796899250257658
2021-07-01,total_route_exposure,total_strength,0.9841851429911961
2021-07-01,total_route_exposure,betweenness,0.5069905457008306
2021-07-01,total_route_exposure,pagerank,0.9037728535878099
2021-07-01,total_route_exposure,eigenvector,0.9113273974173046
2021-07-01,total_route_exposure,share_monthly_network_flow,0.9857089039158633
2021-07-01,total_degree,total_strength,0.9742157086045072
2021-07-01,total_degree,betweenness,0.5706138211912035
2021-07-01,total_degree,pagerank,0.9078511411159575
2021-07-01,total_degree,eigenvector,0.8971052345540459
2021-07-01,total_degree,share_monthly_network_flow,0.9655553728482721
2021-07-01,total_strength,betweenness,0.5509559078002794
2021-07-01,total_strength,pagerank,0.9143487554590436
2021-07-01,total_strength,eigenvector,0.9263004981356607
2021-07-01,total_strength,share_monthly_network_flow,0.9961499003886537
2021-07-01,betweenness,pagerank,0.5476244350020097
2021-07-01,betweenness,eigenvector,0.45835392294090677
2021-07-01,betweenness,share_monthly_network_flow,0.49793517614507016
2021-07-01,pagerank,eigenvector,0.8803059310548063
2021-07-01,pagerank,share_monthly_network_flow,0.9068491249175163
2021-07-01,eigenvector,share_monthly_network_flow,0.9283415330965783
2021-08-01,node_throughput,total_voyages,0.9910733313486969
2021-08-01,node_throughput,total_route_exposure,0.9815663891817391
2021-08-01,node_throughput,total_degree,0.9663193752723784
2021-08-01,node_throughput,total_strength,0.997606620480246
2021-08-01,node_throughput,betweenness,0.5107278701971457
2021-08-01,node_throughput,pagerank,0.9175438278283607
2021-08-01,node_throughput,eigenvector,0.9494520948352779
2021-08-01,node_throughput,share_monthly_network_flow,1.0
2021-08-01,total_voyages,total_route_exposure,0.9908344987898132
2021-08-01,total_voyages,total_degree,0.9762782038222956
2021-08-01,total_voyages,total_strength,0.9899373313721966
2021-08-01,total_voyages,betweenness,0.5159307025821958
2021-08-01,total_voyages,pagerank,0.9096031964199137
2021-08-01,total_voyages,eigenvector,0.9346996420117444
2021-08-01,total_voyages,share_monthly_network_flow,0.9910733313486968
2021-08-01,total_route_exposure,total_degree,0.984638314385792
2021-08-01,total_route_exposure,total_strength,0.982292989535865
2021-08-01,total_route_exposure,betweenness,0.5275912805641444
2021-08-01,total_route_exposure,pagerank,0.9141989511066281
2021-08-01,total_route_exposure,eigenvector,0.9306995320522753
2021-08-01,total_route_exposure,share_monthly_network_flow,0.9815663891817391
2021-08-01,total_degree,total_strength,0.9731521798541438
2021-08-01,total_degree,betweenness,0.5591084748099914
2021-08-01,total_degree,pagerank,0.9262204001419788
2021-08-01,total_degree,eigenvector,0.9211427184797891
2021-08-01,total_degree,share_monthly_network_flow,0.9663193752723784
2021-08-01,total_strength,betweenness,0.5533000784221999
2021-08-01,total_strength,pagerank,0.9280358424931356
2021-08-01,total_strength,eigenvector,0.9489985635893122
2021-08-01,total_strength,share_monthly_network_flow,0.997606620480246
2021-08-01,betweenness,pagerank,0.5648114711729046
2021-08-01,betweenness,eigenvector,0.4737423960071084
2021-08-01,betweenness,share_monthly_network_flow,0.5107278701971457
2021-08-01,pagerank,eigenvector,0.9229428918404143
2021-08-01,pagerank,share_monthly_network_flow,0.9175438278283607
2021-08-01,eigenvector,share_monthly_network_flow,0.949452094835278
2021-09-01,node_throughput,total_voyages,0.990144753419578
2021-09-01,node_throughput,total_route_exposure,0.9836249222418638
2021-09-01,node_throughput,total_degree,0.9677688800022644
2021-09-01,node_throughput,total_strength,0.996665958936218
2021-09-01,node_throughput,betweenness,0.5093293092132385
2021-09-01,node_throughput,pagerank,0.9148513976121145
2021-09-01,node_throughput,eigenvector,0.942644825823504
2021-09-01,node_throughput,share_monthly_network_flow,1.0
2021-09-01,total_voyages,total_route_exposure,0.9889214710129001
2021-09-01,total_voyages,total_degree,0.9747140209211768
2021-09-01,total_voyages,total_strength,0.9880432975020553
2021-09-01,total_voyages,betweenness,0.5130856569394294
2021-09-01,total_voyages,pagerank,0.9109471592265066
2021-09-01,total_voyages,eigenvector,0.9281391626722617
2021-09-01,total_voyages,share_monthly_network_flow,0.990144753419578
2021-09-01,total_route_exposure,total_degree,0.9831460445502085
2021-09-01,total_route_exposure,total_strength,0.9844270639257132
2021-09-01,total_route_exposure,betweenness,0.5298119555625695
2021-09-01,total_route_exposure,pagerank,0.9147904534491059
2021-09-01,total_route_exposure,eigenvector,0.9227442065228416
2021-09-01,total_route_exposure,share_monthly_network_flow,0.9836249222418638
2021-09-01,total_degree,total_strength,0.974489130219121
2021-09-01,total_degree,betweenness,0.5654809164964365
2021-09-01,total_degree,pagerank,0.9241245041908017
2021-09-01,total_degree,eigenvector,0.9126254096869166
2021-09-01,total_degree,share_monthly_network_flow,0.9677688800022645
2021-09-01,total_strength,betweenness,0.5591610684356216
2021-09-01,total_strength,pagerank,0.9230592006160219
2021-09-01,total_strength,eigenvector,0.9401799034431692
2021-09-01,total_strength,share_monthly_network_flow,0.996665958936218
2021-09-01,betweenness,pagerank,0.5502900802237868
2021-09-01,betweenness,eigenvector,0.45938939413887986
2021-09-01,betweenness,share_monthly_network_flow,0.5093293092132386
2021-09-01,pagerank,eigenvector,0.8917367220321458
2021-09-01,pagerank,share_monthly_network_flow,0.9148513976121145
2021-09-01,eigenvector,share_monthly_network_flow,0.9426448258235041
2021-10-01,node_throughput,total_voyages,0.9966052888562659
2021-10-01,node_throughput,total_route_exposure,0.9868851243407452
2021-10-01,node_throughput,total_degree,0.9742219185518328
2021-10-01,node_throughput,total_strength,0.9980569052294737
2021-10-01,node_throughput,betweenness,0.5213584481270376
2021-10-01,node_throughput,pagerank,0.9326250740666657
2021-10-01,node_throughput,eigenvector,0.9549932526025458
2021-10-01,node_throughput,share_monthly_network_flow,1.0
2021-10-01,total_voyages,total_route_exposure,0.9899666483454266
2021-10-01,total_voyages,total_degree,0.9803283474768122
2021-10-01,total_voyages,total_strength,0.995517389399576
2021-10-01,total_voyages,betweenness,0.5284257956649754
2021-10-01,total_voyages,pagerank,0.931177228211305
2021-10-01,total_voyages,eigenvector,0.9469775861133218
2021-10-01,total_voyages,share_monthly_network_flow,0.9966052888562659
2021-10-01,total_route_exposure,total_degree,0.9848880492970905
2021-10-01,total_route_exposure,total_strength,0.9883536449470176
2021-10-01,total_route_exposure,betweenness,0.5428905642718735
2021-10-01,total_route_exposure,pagerank,0.9329568470484525
2021-10-01,total_route_exposure,eigenvector,0.939595020774191
2021-10-01,total_route_exposure,share_monthly_network_flow,0.9868851243407452
2021-10-01,total_degree,total_strength,0.9781870961247815
2021-10-01,total_degree,betweenness,0.5507622971461679
2021-10-01,total_degree,pagerank,0.9325430206816474
2021-10-01,total_degree,eigenvector,0.9335667297315878
2021-10-01,total_degree,share_monthly_network_flow,0.9742219185518328
2021-10-01,total_strength,betweenness,0.5596512591310852
2021-10-01,total_strength,pagerank,0.9404182887668314
2021-10-01,total_strength,eigenvector,0.9503795218521932
2021-10-01,total_strength,share_monthly_network_flow,0.9980569052294737
2021-10-01,betweenness,pagerank,0.5559473717508416
2021-10-01,betweenness,eigenvector,0.4289817856549571
2021-10-01,betweenness,share_monthly_network_flow,0.5213584481270376
2021-10-01,pagerank,eigenvector,0.9004078895545781
2021-10-01,pagerank,share_monthly_network_flow,0.9326250740666658
2021-10-01,eigenvector,share_monthly_network_flow,0.9549932526025458
2021-11-01,node_throughput,total_voyages,0.99366908558698
2021-11-01,node_throughput,total_route_exposure,0.9848765669731175
2021-11-01,node_throughput,total_degree,0.9694517208499198
2021-11-01,node_throughput,total_strength,0.9983264775949147
2021-11-01,node_throughput,betweenness,0.5265827414843118
2021-11-01,node_throughput,pagerank,0.9238774051864497
2021-11-01,node_throughput,eigenvector,0.9475678727503883
2021-11-01,node_throughput,share_monthly_network_flow,1.0
2021-11-01,total_voyages,total_route_exposure,0.9939716036409024
2021-11-01,total_voyages,total_degree,0.9786245807362094
2021-11-01,total_voyages,total_strength,0.992337614290968
2021-11-01,total_voyages,betweenness,0.5279394298179243
2021-11-01,total_voyages,pagerank,0.9176558216315294
2021-11-01,total_voyages,eigenvector,0.9355055610471418
2021-11-01,total_voyages,share_monthly_network_flow,0.9936690855869799
2021-11-01,total_route_exposure,total_degree,0.9836623210747064
2021-11-01,total_route_exposure,total_strength,0.9846303988812489
2021-11-01,total_route_exposure,betweenness,0.5282239769130593
2021-11-01,total_route_exposure,pagerank,0.9112033437283892
2021-11-01,total_route_exposure,eigenvector,0.9365160758300984
2021-11-01,total_route_exposure,share_monthly_network_flow,0.9848765669731175
2021-11-01,total_degree,total_strength,0.9734120941789585
2021-11-01,total_degree,betweenness,0.5594235472356613
2021-11-01,total_degree,pagerank,0.9182174525052231
2021-11-01,total_degree,eigenvector,0.9299730117112704
2021-11-01,total_degree,share_monthly_network_flow,0.9694517208499198
2021-11-01,total_strength,betweenness,0.5610615354986499
2021-11-01,total_strength,pagerank,0.9311619829366603
2021-11-01,total_strength,eigenvector,0.9462616920729688
2021-11-01,total_strength,share_monthly_network_flow,0.9983264775949147
2021-11-01,betweenness,pagerank,0.5468038797688893
2021-11-01,betweenness,eigenvector,0.4498122394314556
2021-11-01,betweenness,share_monthly_network_flow,0.5265827414843118
2021-11-01,pagerank,eigenvector,0.9074825828756407
2021-11-01,pagerank,share_monthly_network_flow,0.9238774051864497
2021-11-01,eigenvector,share_monthly_network_flow,0.9475678727503882
2021-12-01,node_throughput,total_voyages,0.9926603189036824
2021-12-01,node_throughput,total_route_exposure,0.9869102259936107
2021-12-01,node_throughput,total_degree,0.9653484888357252
2021-12-01,node_throughput,total_strength,0.9973870470688888
2021-12-01,node_throughput,betweenness,0.4902011716800162
2021-12-01,node_throughput,pagerank,0.9226957930626001
2021-12-01,node_throughput,eigenvector,
2021-12-01,node_throughput,share_monthly_network_flow,1.0
2021-12-01,total_voyages,total_route_exposure,0.9920057115566727
2021-12-01,total_voyages,total_degree,0.9727023299707551
2021-12-01,total_voyages,total_strength,0.9904210668753017
2021-12-01,total_voyages,betweenness,0.4903310639681788
2021-12-01,total_voyages,pagerank,0.9186674367915154
2021-12-01,total_voyages,eigenvector,
2021-12-01,total_voyages,share_monthly_network_flow,0.9926603189036823
2021-12-01,total_route_exposure,total_degree,0.981270029173591
2021-12-01,total_route_exposure,total_strength,0.987493047823077
2021-12-01,total_route_exposure,betweenness,0.5098835536638564
2021-12-01,total_route_exposure,pagerank,0.9174341280735971
2021-12-01,total_route_exposure,eigenvector,
2021-12-01,total_route_exposure,share_monthly_network_flow,0.9869102259936106
2021-12-01,total_degree,total_strength,0.9699334004447316
2021-12-01,total_degree,betweenness,0.5211534801196009
2021-12-01,total_degree,pagerank,0.91275566864589
2021-12-01,total_degree,eigenvector,
2021-12-01,total_degree,share_monthly_network_flow,0.9653484888357253
2021-12-01,total_strength,betweenness,0.5399153022109683
2021-12-01,total_strength,pagerank,0.9308606979170571
2021-12-01,total_strength,eigenvector,
2021-12-01,total_strength,share_monthly_network_flow,0.9973870470688888
2021-12-01,betweenness,pagerank,0.5270089526442896
2021-12-01,betweenness,eigenvector,
2021-12-01,betweenness,share_monthly_network_flow,0.49020117168001615
2021-12-01,pagerank,eigenvector,
2021-12-01,pagerank,share_monthly_network_flow,0.9226957930626001
2021-12-01,eigenvector,share_monthly_network_flow,
2022-01-01,node_throughput,total_voyages,0.9956997953015898
2022-01-01,node_throughput,total_route_exposure,0.9872858215727476
2022-01-01,node_throughput,total_degree,0.9706484026866672
2022-01-01,node_throughput,total_strength,0.9970004314226804
2022-01-01,node_throughput,betweenness,0.49411835932725273
2022-01-01,node_throughput,pagerank,0.9220503381952947
2022-01-01,node_throughput,eigenvector,
2022-01-01,node_throughput,share_monthly_network_flow,1.0
2022-01-01,total_voyages,total_route_exposure,0.9913533624004857
2022-01-01,total_voyages,total_degree,0.974297409467577
2022-01-01,total_voyages,total_strength,0.9926152926202094
2022-01-01,total_voyages,betweenness,0.48759998725141207
2022-01-01,total_voyages,pagerank,0.9182769470624079
2022-01-01,total_voyages,eigenvector,
2022-01-01,total_voyages,share_monthly_network_flow,0.9956997953015897
2022-01-01,total_route_exposure,total_degree,0.980357975041031
2022-01-01,total_route_exposure,total_strength,0.9867497449352093
2022-01-01,total_route_exposure,betweenness,0.5004184797566061
2022-01-01,total_route_exposure,pagerank,0.9161167850906261
2022-01-01,total_route_exposure,eigenvector,
2022-01-01,total_route_exposure,share_monthly_network_flow,0.9872858215727476
2022-01-01,total_degree,total_strength,0.9747229146906182
2022-01-01,total_degree,betweenness,0.5421637799167988
2022-01-01,total_degree,pagerank,0.9251074443623912
2022-01-01,total_degree,eigenvector,
2022-01-01,total_degree,share_monthly_network_flow,0.9706484026866672
2022-01-01,total_strength,betweenness,0.5478333462372704
2022-01-01,total_strength,pagerank,0.9312389890261102
2022-01-01,total_strength,eigenvector,
2022-01-01,total_strength,share_monthly_network_flow,0.9970004314226802
2022-01-01,betweenness,pagerank,0.534382796610088
2022-01-01,betweenness,eigenvector,
2022-01-01,betweenness,share_monthly_network_flow,0.4941183593272528
2022-01-01,pagerank,eigenvector,
2022-01-01,pagerank,share_monthly_network_flow,0.9220503381952948
2022-01-01,eigenvector,share_monthly_network_flow,
2022-02-01,node_throughput,total_voyages,0.993508881040516
2022-02-01,node_throughput,total_route_exposure,0.9873949660607219
2022-02-01,node_throughput,total_degree,0.971978936178607
2022-02-01,node_throughput,total_strength,0.9963279423424326
2022-02-01,node_throughput,betweenness,0.47842355421659494
2022-02-01,node_throughput,pagerank,0.9147079713541098
2022-02-01,node_throughput,eigenvector,
2022-02-01,node_throughput,share_monthly_network_flow,1.0
2022-02-01,total_voyages,total_route_exposure,0.9901216590348209
2022-02-01,total_voyages,total_degree,0.9758527009468266
2022-02-01,total_voyages,total_strength,0.9904588406426826
2022-02-01,total_voyages,betweenness,0.4760241379652323
2022-02-01,total_voyages,pagerank,0.9130866567986027
2022-02-01,total_voyages,eigenvector,
2022-02-01,total_voyages,share_monthly_network_flow,0.993508881040516
2022-02-01,total_route_exposure,total_degree,0.9825105689868878
2022-02-01,total_route_exposure,total_strength,0.9868502309000624
2022-02-01,total_route_exposure,betweenness,0.49357797343716975
2022-02-01,total_route_exposure,pagerank,0.915116232611965
2022-02-01,total_route_exposure,eigenvector,
2022-02-01,total_route_exposure,share_monthly_network_flow,0.9873949660607219
2022-02-01,total_degree,total_strength,0.9798804785129973
2022-02-01,total_degree,betweenness,0.5532243284039561
2022-02-01,total_degree,pagerank,0.9191647039557296
2022-02-01,total_degree,eigenvector,
2022-02-01,total_degree,share_monthly_network_flow,0.971978936178607
2022-02-01,total_strength,betweenness,0.54045844128811
2022-02-01,total_strength,pagerank,0.9231952627568484
2022-02-01,total_strength,eigenvector,
2022-02-01,total_strength,share_monthly_network_flow,0.9963279423424327
2022-02-01,betweenness,pagerank,0.5263403645831009
2022-02-01,betweenness,eigenvector,
2022-02-01,betweenness,share_monthly_network_flow,0.478423554216595
2022-02-01,pagerank,eigenvector,
2022-02-01,pagerank,share_monthly_network_flow,0.9147079713541099
2022-02-01,eigenvector,share_monthly_network_flow,
2022-03-01,node_throughput,total_voyages,0.9926738710356291
2022-03-01,node_throughput,total_route_exposure,0.9855323593221896
2022-03-01,node_throughput,total_degree,0.9672676007631644
2022-03-01,node_throughput,total_strength,0.9968025865209617
2022-03-01,node_throughput,betweenness,0.469450982086388
2022-03-01,node_throughput,pagerank,0.9168604146540568
2022-03-01,node_throughput,eigenvector,0.9334900837350939
2022-03-01,node_throughput,share_monthly_network_flow,0.9999999999999999
2022-03-01,total_voyages,total_route_exposure,0.9930013996840006
2022-03-01,total_voyages,total_degree,0.9749480302156603
2022-03-01,total_voyages,total_strength,0.9898384485881698
2022-03-01,total_voyages,betweenness,0.46721056107362274
2022-03-01,total_voyages,pagerank,0.9102185615415371
2022-03-01,total_voyages,eigenvector,0.9189769440564723
2022-03-01,total_voyages,share_monthly_network_flow,0.992673871035629
2022-03-01,total_route_exposure,total_degree,0.9778437085606216
2022-03-01,total_route_exposure,total_strength,0.9843711129322116
2022-03-01,total_route_exposure,betweenness,0.48108825190613935
2022-03-01,total_route_exposure,pagerank,0.906220402225117
2022-03-01,total_route_exposure,eigenvector,0.9178247180371729
2022-03-01,total_route_exposure,share_monthly_network_flow,0.9855323593221896
2022-03-01,total_degree,total_strength,0.9736927754655985
2022-03-01,total_degree,betweenness,0.5319880412979934
2022-03-01,total_degree,pagerank,0.9180160113191927
2022-03-01,total_degree,eigenvector,0.9079353662666417
2022-03-01,total_degree,share_monthly_network_flow,0.9672676007631644
2022-03-01,total_strength,betweenness,0.5269375125447999
2022-03-01,total_strength,pagerank,0.9255111075349269
2022-03-01,total_strength,eigenvector,0.9319293090690536
2022-03-01,total_strength,share_monthly_network_flow,0.9968025865209618
2022-03-01,betweenness,pagerank,0.5303144415805277
2022-03-01,betweenness,eigenvector,0.42671098873728397
2022-03-01,betweenness,share_monthly_network_flow,0.469450982086388
2022-03-01,pagerank,eigenvector,0.8952562047520286
2022-03-01,pagerank,share_monthly_network_flow,0.9168604146540569
2022-03-01,eigenvector,share_monthly_network_flow,0.9334900837350939
2022-04-01,node_throughput,total_voyages,0.995175036790678
2022-04-01,node_throughput,total_route_exposure,0.9850531161979219
2022-04-01,node_throughput,total_degree,0.9589296060906448
2022-04-01,node_throughput,total_strength,0.9963447791931327
2022-04-01,node_throughput,betweenness,0.44641179692078536
2022-04-01,node_throughput,pagerank,0.9178850432423615
2022-04-01,node_throughput,eigenvector,0.9364747839455785
2022-04-01,node_throughput,share_monthly_network_flow,0.9999999999999999
2022-04-01,total_voyages,total_route_exposure,0.9907381429987586
2022-04-01,total_voyages,total_degree,0.9627073905897279
2022-04-01,total_voyages,total_strength,0.9921072830778853
2022-04-01,total_voyages,betweenness,0.4417104240764651
2022-04-01,total_voyages,pagerank,0.9130343088370079
2022-04-01,total_voyages,eigenvector,0.9283943654730404
2022-04-01,total_voyages,share_monthly_network_flow,0.9951750367906781
2022-04-01,total_route_exposure,total_degree,0.9738151422281371
2022-04-01,total_route_exposure,total_strength,0.9858443003466849
2022-04-01,total_route_exposure,betweenness,0.4684136262653341
2022-04-01,total_route_exposure,pagerank,0.9087180955974862
2022-04-01,total_route_exposure,eigenvector,0.9195416681511691
2022-04-01,total_route_exposure,share_monthly_network_flow,0.9850531161979219
2022-04-01,total_degree,total_strength,0.9692219104155722
2022-04-01,total_degree,betweenness,0.5453001983522678
2022-04-01,total_degree,pagerank,0.914041788595402
2022-04-01,total_degree,eigenvector,0.9070381656329699
2022-04-01,total_degree,share_monthly_network_flow,0.9589296060906448
2022-04-01,total_strength,betweenness,0.5071241583765499
2022-04-01,total_strength,pagerank,0.9257680183809067
2022-04-01,total_strength,eigenvector,0.9346332907078313
2022-04-01,total_strength,share_monthly_network_flow,0.9963447791931328
2022-04-01,betweenness,pagerank,0.5241090546338636
2022-04-01,betweenness,eigenvector,0.4318161085980049
2022-04-01,betweenness,share_monthly_network_flow,0.4464117969207854
2022-04-01,pagerank,eigenvector,0.9069846877154734
2022-04-01,pagerank,share_monthly_network_flow,0.9178850432423615
2022-04-01,eigenvector,share_monthly_network_flow,0.9364747839455785
2022-05-01,node_throughput,total_voyages,0.9952511825145448
2022-05-01,node_throughput,total_route_exposure,0.9860039345329226
2022-05-01,node_throughput,total_degree,0.9592249135947672
2022-05-01,node_throughput,total_strength,0.9960715954220724
2022-05-01,node_throughput,betweenness,0.4759419746759553
2022-05-01,node_throughput,pagerank,0.9147328704232351
2022-05-01,node_throughput,eigenvector,0.9454335266260415
2022-05-01,node_throughput,share_monthly_network_flow,1.0
2022-05-01,total_voyages,total_route_exposure,0.9892172030525792
2022-05-01,total_voyages,total_degree,0.9649023844383737
2022-05-01,total_voyages,total_strength,0.9926691763489163
2022-05-01,total_voyages,betweenness,0.48277471670463346
2022-05-01,total_voyages,pagerank,0.91337179676225
2022-05-01,total_voyages,eigenvector,0.932660204590337
2022-05-01,total_voyages,share_monthly_network_flow,0.9952511825145448
2022-05-01,total_route_exposure,total_degree,0.9752830009143433
2022-05-01,total_route_exposure,total_strength,0.9867408257335804
2022-05-01,total_route_exposure,betweenness,0.4984616939318504
2022-05-01,total_route_exposure,pagerank,0.9061088704403314
2022-05-01,total_route_exposure,eigenvector,0.9259479654071758
2022-05-01,total_route_exposure,share_monthly_network_flow,0.9860039345329227
2022-05-01,total_degree,total_strength,0.968654279470572
2022-05-01,total_degree,betweenness,0.544607382670918
2022-05-01,total_degree,pagerank,0.9054173443944836
2022-05-01,total_degree,eigenvector,0.9168080400551485
2022-05-01,total_degree,share_monthly_network_flow,0.9592249135947674
2022-05-01,total_strength,betweenness,0.5331202256833759
2022-05-01,total_strength,pagerank,0.9231534710312846
2022-05-01,total_strength,eigenvector,0.9439004462411507
2022-05-01,total_strength,share_monthly_network_flow,0.9960715954220722
2022-05-01,betweenness,pagerank,0.5274076419191661
2022-05-01,betweenness,eigenvector,0.4399389416504913
2022-05-01,betweenness,share_monthly_network_flow,0.47594197467595534
2022-05-01,pagerank,eigenvector,0.8842999234119945
2022-05-01,pagerank,share_monthly_network_flow,0.9147328704232351
2022-05-01,eigenvector,share_monthly_network_flow,0.9454335266260415
2022-06-01,node_throughput,total_voyages,0.995691205450015
2022-06-01,node_throughput,total_route_exposure,0.9797152060521142
2022-06-01,node_throughput,total_degree,0.9626300590282779
2022-06-01,node_throughput,total_strength,0.9966889318856518
2022-06-01,node_throughput,betweenness,0.48191439221941784
2022-06-01,node_throughput,pagerank,0.8965273961164186
2022-06-01,node_throughput,eigenvector,0.9122103314511959
2022-06-01,node_throughput,share_monthly_network_flow,1.0
2022-06-01,total_voyages,total_route_exposure,0.9838546143711407
2022-06-01,total_voyages,total_degree,0.968163520609176
2022-06-01,total_voyages,total_strength,0.9927465122490388
2022-06-01,total_voyages,betweenness,0.48151627584753287
2022-06-01,total_voyages,pagerank,0.8940138795094997
2022-06-01,total_voyages,eigenvector,0.9051180813902798
2022-06-01,total_voyages,share_monthly_network_flow,0.9956912054500151
2022-06-01,total_route_exposure,total_degree,0.9819195846937674
2022-06-01,total_route_exposure,total_strength,0.9808058913792708
2022-06-01,total_route_exposure,betweenness,0.5050919633004893
2022-06-01,total_route_exposure,pagerank,0.8919447880668824
2022-06-01,total_route_exposure,eigenvector,0.8942261009560657
2022-06-01,total_route_exposure,share_monthly_network_flow,0.9797152060521143
2022-06-01,total_degree,total_strength,0.968539982704186
2022-06-01,total_degree,betweenness,0.5262966387352991
2022-06-01,total_degree,pagerank,0.8962592020803113
2022-06-01,total_degree,eigenvector,0.8928396245340594
2022-06-01,total_degree,share_monthly_network_flow,0.9626300590282778
2022-06-01,total_strength,betweenness,0.532568167861196
2022-06-01,total_strength,pagerank,0.9038961777042679
2022-06-01,total_strength,eigenvector,0.9140496823447853
2022-06-01,total_strength,share_monthly_network_flow,0.9966889318856518
2022-06-01,betweenness,pagerank,0.5186026251451176
2022-06-01,betweenness,eigenvector,0.44087214970290606
2022-06-01,betweenness,share_monthly_network_flow,0.48191439221941784
2022-06-01,pagerank,eigenvector,0.8732436697616759
2022-06-01,pagerank,share_monthly_network_flow,0.8965273961164186
2022-06-01,eigenvector,share_monthly_network_flow,0.9122103314511959
2022-07-01,node_throughput,total_voyages,0.996513396870612
2022-07-01,node_throughput,total_route_exposure,0.9822325396145927
2022-07-01,node_throughput,total_degree,0.9614532568705695
2022-07-01,node_throughput,total_strength,0.9953300127748212
2022-07-01,node_throughput,betweenness,0.4646268373478519
2022-07-01,node_throughput,pagerank,0.9060260285311419
2022-07-01,node_throughput,eigenvector,0.9434397950647648
2022-07-01,node_throughput,share_monthly_network_flow,0.9999999999999999
2022-07-01,total_voyages,total_route_exposure,0.9871989238088971
2022-07-01,total_voyages,total_degree,0.9666960156634821
2022-07-01,total_voyages,total_strength,0.993213872067059
2022-07-01,total_voyages,betweenness,0.47193012660942724
2022-07-01,total_voyages,pagerank,0.9026322101001985
2022-07-01,total_voyages,eigenvector,0.9414842819168762
2022-07-01,total_voyages,share_monthly_network_flow,0.9965133968706121
2022-07-01,total_route_exposure,total_degree,0.9782672189106851
2022-07-01,total_route_exposure,total_strength,0.9823071416790525
2022-07-01,total_route_exposure,betweenness,0.4874250545035822
2022-07-01,total_route_exposure,pagerank,0.8972222242407601
2022-07-01,total_route_exposure,eigenvector,0.9276119222262518
2022-07-01,total_route_exposure,share_monthly_network_flow,0.9822325396145927
2022-07-01,total_degree,total_strength,0.9698719415130516
2022-07-01,total_degree,betweenness,0.5358070274258614
2022-07-01,total_degree,pagerank,0.8994970654486267
2022-07-01,total_degree,eigenvector,0.9141391300834446
2022-07-01,total_degree,share_monthly_network_flow,0.9614532568705694
2022-07-01,total_strength,betweenness,0.5245137113735188
2022-07-01,total_strength,pagerank,0.9155779965523805
2022-07-01,total_strength,eigenvector,0.9384642236939964
2022-07-01,total_strength,share_monthly_network_flow,0.9953300127748212
2022-07-01,betweenness,pagerank,0.5117664470326204
2022-07-01,betweenness,eigenvector,0.4040148343823548
2022-07-01,betweenness,share_monthly_network_flow,0.4646268373478519
2022-07-01,pagerank,eigenvector,0.8772600103385114
2022-07-01,pagerank,share_monthly_network_flow,0.906026028531142
2022-07-01,eigenvector,share_monthly_network_flow,0.9434397950647649
2022-08-01,node_throughput,total_voyages,0.9945302040091439
2022-08-01,node_throughput,total_route_exposure,0.9882246025287176
2022-08-01,node_throughput,total_degree,0.9678343351136112
2022-08-01,node_throughput,total_strength,0.997598461281484
2022-08-01,node_throughput,betweenness,0.5078686864822214
2022-08-01,node_throughput,pagerank,0.9130528390960749
2022-08-01,node_throughput,eigenvector,0.9191241475334083
2022-08-01,node_throughput,share_monthly_network_flow,0.9999999999999999
2022-08-01,total_voyages,total_route_exposure,0.9926211383046827
2022-08-01,total_voyages,total_degree,0.9725788369666192
2022-08-01,total_voyages,total_strength,0.9918208249735813
2022-08-01,total_voyages,betweenness,0.5027303287987714
2022-08-01,total_voyages,pagerank,0.9056432486949851
2022-08-01,total_voyages,eigenvector,0.9134274827687366
2022-08-01,total_voyages,share_monthly_network_flow,0.9945302040091438
2022-08-01,total_route_exposure,total_degree,0.9764233639320401
2022-08-01,total_route_exposure,total_strength,0.985679656330684
2022-08-01,total_route_exposure,betweenness,0.5021123839555343
2022-08-01,total_route_exposure,pagerank,0.8973678299710682
2022-08-01,total_route_exposure,eigenvector,0.9168474527896477
2022-08-01,total_route_exposure,share_monthly_network_flow,0.9882246025287176
2022-08-01,total_degree,total_strength,0.9723149017746558
2022-08-01,total_degree,betweenness,0.5414216346771871
2022-08-01,total_degree,pagerank,0.9003172577467632
2022-08-01,total_degree,eigenvector,0.9029369181086835
2022-08-01,total_degree,share_monthly_network_flow,0.9678343351136112
2022-08-01,total_strength,betweenness,0.5451982118876002
2022-08-01,total_strength,pagerank,0.9193785880817198
2022-08-01,total_strength,eigenvector,0.9174076264649471
2022-08-01,total_strength,share_monthly_network_flow,0.997598461281484
2022-08-01,betweenness,pagerank,0.5332618409544881
2022-08-01,betweenness,eigenvector,0.4375960040181577
2022-08-01,betweenness,share_monthly_network_flow,0.5078686864822214
2022-08-01,pagerank,eigenvector,0.8622076165562336
2022-08-01,pagerank,share_monthly_network_flow,0.9130528390960749
2022-08-01,eigenvector,share_monthly_network_flow,0.9191241475334082
2022-09-01,node_throughput,total_voyages,0.9939690625924718
2022-09-01,node_throughput,total_route_exposure,0.9888956826831969
2022-09-01,node_throughput,total_degree,0.9641011722944334
2022-09-01,node_throughput,total_strength,0.9976280925505665
2022-09-01,node_throughput,betweenness,0.5050084471886773
2022-09-01,node_throughput,pagerank,0.910666944844341
2022-09-01,node_throughput,eigenvector,0.938971431198967
2022-09-01,node_throughput,share_monthly_network_flow,1.0
2022-09-01,total_voyages,total_route_exposure,0.9936956895304244
2022-09-01,total_voyages,total_degree,0.9705023291218383
2022-09-01,total_voyages,total_strength,0.991606937372893
2022-09-01,total_voyages,betweenness,0.5062554478180998
2022-09-01,total_voyages,pagerank,0.9076502506766368
2022-09-01,total_voyages,eigenvector,0.9292703506149917
2022-09-01,total_voyages,share_monthly_network_flow,0.9939690625924718
2022-09-01,total_route_exposure,total_degree,0.9778564123915305
2022-09-01,total_route_exposure,total_strength,0.987718991307974
2022-09-01,total_route_exposure,betweenness,0.516952641866672
2022-09-01,total_route_exposure,pagerank,0.904337624514038
2022-09-01,total_route_exposure,eigenvector,0.9286410548922168
2022-09-01,total_route_exposure,share_monthly_network_flow,0.988895682683197
2022-09-01,total_degree,total_strength,0.9694978472325745
2022-09-01,total_degree,betweenness,0.5354979595236525
2022-09-01,total_degree,pagerank,0.902715741118786
2022-09-01,total_degree,eigenvector,0.9223163761406639
2022-09-01,total_degree,share_monthly_network_flow,0.9641011722944334
2022-09-01,total_strength,betweenness,0.5430544812947036
2022-09-01,total_strength,pagerank,0.9198765258210334
2022-09-01,total_strength,eigenvector,0.9393741980414574
2022-09-01,total_strength,share_monthly_network_flow,0.9976280925505666
2022-09-01,betweenness,pagerank,0.5421629284046572
2022-09-01,betweenness,eigenvector,0.4560718073851063
2022-09-01,betweenness,share_monthly_network_flow,0.5050084471886773
2022-09-01,pagerank,eigenvector,0.8945906422038321
2022-09-01,pagerank,share_monthly_network_flow,0.9106669448443409
2022-09-01,eigenvector,share_monthly_network_flow,0.938971431198967
2022-10-01,node_throughput,total_voyages,0.9907803609454024
2022-10-01,node_throughput,total_route_exposure,0.9867319443489494
2022-10-01,node_throughput,total_degree,0.967502969611076
2022-10-01,node_throughput,total_strength,0.997155142442786
2022-10-01,node_throughput,betweenness,0.4880768035410003
2022-10-01,node_throughput,pagerank,0.8896360739655633
2022-10-01,node_throughput,eigenvector,0.9147734368559687
2022-10-01,node_throughput,share_monthly_network_flow,1.0
2022-10-01,total_voyages,total_route_exposure,0.9899903959702078
2022-10-01,total_voyages,total_degree,0.9736144685341224
2022-10-01,total_voyages,total_strength,0.9885583613052517
2022-10-01,total_voyages,betweenness,0.49021177631945884
2022-10-01,total_voyages,pagerank,0.8821433638696707
2022-10-01,total_voyages,eigenvector,0.9138959678164505
2022-10-01,total_voyages,share_monthly_network_flow,0.9907803609454023
2022-10-01,total_route_exposure,total_degree,0.9807375748528554
2022-10-01,total_route_exposure,total_strength,0.98682965153118
2022-10-01,total_route_exposure,betweenness,0.5067702963991471
2022-10-01,total_route_exposure,pagerank,0.8811221097096098
2022-10-01,total_route_exposure,eigenvector,0.9039366580122243
2022-10-01,total_route_exposure,share_monthly_network_flow,0.9867319443489494
2022-10-01,total_degree,total_strength,0.973604624446632
2022-10-01,total_degree,betweenness,0.547234711606609
2022-10-01,total_degree,pagerank,0.8788434636419602
2022-10-01,total_degree,eigenvector,0.8882327149246467
2022-10-01,total_degree,share_monthly_network_flow,0.967502969611076
2022-10-01,total_strength,betweenness,0.5376142309987428
2022-10-01,total_strength,pagerank,0.8992699211212647
2022-10-01,total_strength,eigenvector,0.9100808541937765
2022-10-01,total_strength,share_monthly_network_flow,0.997155142442786
2022-10-01,betweenness,pagerank,0.5320802999116319
2022-10-01,betweenness,eigenvector,0.4055608587680225
2022-10-01,betweenness,share_monthly_network_flow,0.4880768035410003
2022-10-01,pagerank,eigenvector,0.8208854077068726
2022-10-01,pagerank,share_monthly_network_flow,0.8896360739655633
2022-10-01,eigenvector,share_monthly_network_flow,0.9147734368559687
2022-11-01,node_throughput,total_voyages,0.9962739342513011
2022-11-01,node_throughput,total_route_exposure,0.9828540820088663
2022-11-01,node_throughput,total_degree,0.9652076137083082
2022-11-01,node_throughput,total_strength,0.9963016822707772
2022-11-01,node_throughput,betweenness,0.48352768908930255
2022-11-01,node_throughput,pagerank,0.8959659641295794
2022-11-01,node_throughput,eigenvector,0.9093286849142049
2022-11-01,node_throughput,share_monthly_network_flow,1.0
2022-11-01,total_voyages,total_route_exposure,0.9870885664459605
2022-11-01,total_voyages,total_degree,0.9685146253478725
2022-11-01,total_voyages,total_strength,0.9922919121303571
2022-11-01,total_voyages,betweenness,0.47645099302607596
2022-11-01,total_voyages,pagerank,0.8916636823107044
2022-11-01,total_voyages,eigenvector,0.9058153439325685
2022-11-01,total_voyages,share_monthly_network_flow,0.9962739342513012
2022-11-01,total_route_exposure,total_degree,0.9790150345392762
2022-11-01,total_route_exposure,total_strength,0.9824562982125077
2022-11-01,total_route_exposure,betweenness,0.5013241166726011
2022-11-01,total_route_exposure,pagerank,0.8853231496138135
2022-11-01,total_route_exposure,eigenvector,0.89063297518145
2022-11-01,total_route_exposure,share_monthly_network_flow,0.9828540820088663
2022-11-01,total_degree,total_strength,0.972694509896414
2022-11-01,total_degree,betweenness,0.5468307713422285
2022-11-01,total_degree,pagerank,0.899810598919245
2022-11-01,total_degree,eigenvector,0.8831812109185966
2022-11-01,total_degree,share_monthly_network_flow,0.9652076137083082
2022-11-01,total_strength,betweenness,0.5391661784842336
2022-11-01,total_strength,pagerank,0.9101677222614734
2022-11-01,total_strength,eigenvector,0.9094356071726888
2022-11-01,total_strength,share_monthly_network_flow,0.9963016822707772
2022-11-01,betweenness,pagerank,0.5435021165120543
2022-11-01,betweenness,eigenvector,0.4248811290287964
2022-11-01,betweenness,share_monthly_network_flow,0.4835276890893026
2022-11-01,pagerank,eigenvector,0.8661736406100536
2022-11-01,pagerank,share_monthly_network_flow,0.8959659641295794
2022-11-01,eigenvector,share_monthly_network_flow,0.909328684914205
2022-12-01,node_throughput,total_voyages,0.9957273562239307
2022-12-01,node_throughput,total_route_exposure,0.9884075658131929
2022-12-01,node_throughput,total_degree,0.9556151011920637
2022-12-01,node_throughput,total_strength,0.9975852142710956
2022-12-01,node_throughput,betweenness,0.4816310755869544
2022-12-01,node_throughput,pagerank,0.9114910104479336
2022-12-01,node_throughput,eigenvector,0.9000165738959641
2022-12-01,node_throughput,share_monthly_network_flow,1.0
2022-12-01,total_voyages,total_route_exposure,0.9897764608940778
2022-12-01,total_voyages,total_degree,0.9591249499863816
2022-12-01,total_voyages,total_strength,0.9936963399511017
2022-12-01,total_voyages,betweenness,0.48274107918871006
2022-12-01,total_voyages,pagerank,0.9084703348069383
2022-12-01,total_voyages,eigenvector,0.8833883477890485
2022-12-01,total_voyages,share_monthly_network_flow,0.9957273562239307
2022-12-01,total_route_exposure,total_degree,0.9674468491011561
2022-12-01,total_route_exposure,total_strength,0.9883859076690881
2022-12-01,total_route_exposure,betweenness,0.49542697813587766
2022-12-01,total_route_exposure,pagerank,0.9065148195014219
2022-12-01,total_route_exposure,eigenvector,0.8911291485359827
2022-12-01,total_route_exposure,share_monthly_network_flow,0.988407565813193
2022-12-01,total_degree,total_strength,0.96159964406053
2022-12-01,total_degree,betweenness,0.522587793004478
2022-12-01,total_degree,pagerank,0.8997481409963093
2022-12-01,total_degree,eigenvector,0.8745206975347117
2022-12-01,total_degree,share_monthly_network_flow,0.9556151011920638
2022-12-01,total_strength,betweenness,0.5263886523607043
2022-12-01,total_strength,pagerank,0.9203316306823628
2022-12-01,total_strength,eigenvector,0.904310737276175
2022-12-01,total_strength,share_monthly_network_flow,0.9975852142710956
2022-12-01,betweenness,pagerank,0.520656012867254
2022-12-01,betweenness,eigenvector,0.45526048205747727
2022-12-01,betweenness,share_monthly_network_flow,0.4816310755869544
2022-12-01,pagerank,eigenvector,0.8794370542334843
2022-12-01,pagerank,share_monthly_network_flow,0.9114910104479335
2022-12-01,eigenvector,share_monthly_network_flow,0.9000165738959641
2023-01-01,node_throughput,total_voyages,0.9933185469263464
2023-01-01,node_throughput,total_route_exposure,0.9817757219271287
2023-01-01,node_throughput,total_degree,0.9609183921926968
2023-01-01,node_throughput,total_strength,0.9967495702669883
2023-01-01,node_throughput,betweenness,0.49159961401658475
2023-01-01,node_throughput,pagerank,0.9127726801299373
2023-01-01,node_throughput,eigenvector,0.902531723934758
2023-01-01,node_throughput,share_monthly_network_flow,1.0
2023-01-01,total_voyages,total_route_exposure,0.9885657066053557
2023-01-01,total_voyages,total_degree,0.9673483827855658
2023-01-01,total_voyages,total_strength,0.9901964968000302
2023-01-01,total_voyages,betweenness,0.4879854772408883
2023-01-01,total_voyages,pagerank,0.9066811908356797
2023-01-01,total_voyages,eigenvector,0.8867239928731433
2023-01-01,total_voyages,share_monthly_network_flow,0.9933185469263465
2023-01-01,total_route_exposure,total_degree,0.9749199663695086
2023-01-01,total_route_exposure,total_strength,0.9809433963438727
2023-01-01,total_route_exposure,betweenness,0.5023225727485676
2023-01-01,total_route_exposure,pagerank,0.9018992666636387
2023-01-01,total_route_exposure,eigenvector,0.8758214603202916
2023-01-01,total_route_exposure,share_monthly_network_flow,0.9817757219271287
2023-01-01,total_degree,total_strength,0.9655361051737215
2023-01-01,total_degree,betweenness,0.5305890632261661
2023-01-01,total_degree,pagerank,0.8948093869746078
2023-01-01,total_degree,eigenvector,0.8666539406308416
2023-01-01,total_degree,share_monthly_network_flow,0.9609183921926968
2023-01-01,total_strength,betweenness,0.5434386292022648
2023-01-01,total_strength,pagerank,0.919117713086671
2023-01-01,total_strength,eigenvector,0.9079005168781183
2023-01-01,total_strength,share_monthly_network_flow,0.9967495702669883
2023-01-01,betweenness,pagerank,0.5245256689590905
2023-01-01,betweenness,eigenvector,0.4581973875292661
2023-01-01,betweenness,share_monthly_network_flow,0.49159961401658475
2023-01-01,pagerank,eigenvector,0.8759569787282879
2023-01-01,pagerank,share_monthly_network_flow,0.9127726801299374
2023-01-01,eigenvector,share_monthly_network_flow,0.902531723934758
2023-02-01,node_throughput,total_voyages,0.9857223073827229
2023-02-01,node_throughput,total_route_exposure,0.9780022458643772
2023-02-01,node_throughput,total_degree,0.9516478942464199
2023-02-01,node_throughput,total_strength,0.994864142983796
2023-02-01,node_throughput,betweenness,0.4495641849401031
2023-02-01,node_throughput,pagerank,0.8683463715674559
2023-02-01,node_throughput,eigenvector,0.8723510379628546
2023-02-01,node_throughput,share_monthly_network_flow,1.0
2023-02-01,total_voyages,total_route_exposure,0.9828415848843047
2023-02-01,total_voyages,total_degree,0.9578830599947085
2023-02-01,total_voyages,total_strength,0.980530459929135
2023-02-01,total_voyages,betweenness,0.4431039333441232
2023-02-01,total_voyages,pagerank,0.8601744097174838
2023-02-01,total_voyages,eigenvector,0.8519800075419809
2023-02-01,total_voyages,share_monthly_network_flow,0.9857223073827229
2023-02-01,total_route_exposure,total_degree,0.9704199629160413
2023-02-01,total_route_exposure,total_strength,0.9779997876928538
2023-02-01,total_route_exposure,betweenness,0.47604561757012986
2023-02-01,total_route_exposure,pagerank,0.8596264911754267
2023-02-01,total_route_exposure,eigenvector,0.845911435918476
2023-02-01,total_route_exposure,share_monthly_network_flow,0.9780022458643772
2023-02-01,total_degree,total_strength,0.9623226679530016
2023-02-01,total_degree,betweenness,0.525318641396657
2023-02-01,total_degree,pagerank,0.8604441930891008
2023-02-01,total_degree,eigenvector,0.8413753317903374
2023-02-01,total_degree,share_monthly_network_flow,0.9516478942464198
2023-02-01,total_strength,betweenness,0.5176588140894932
2023-02-01,total_strength,pagerank,0.8789800088432767
2023-02-01,total_strength,eigenvector,0.8737079968746961
2023-02-01,total_strength,share_monthly_network_flow,0.994864142983796
2023-02-01,betweenness,pagerank,0.5101835437961932
2023-02-01,betweenness,eigenvector,0.38873240272696585
2023-02-01,betweenness,share_monthly_network_flow,0.44956418494010303
2023-02-01,pagerank,eigenvector,0.8189453965186141
2023-02-01,pagerank,share_monthly_network_flow,0.8683463715674559
2023-02-01,eigenvector,share_monthly_network_flow,0.8723510379628545
2023-03-01,node_throughput,total_voyages,0.985531961615644
2023-03-01,node_throughput,total_route_exposure,0.9786092709334233
2023-03-01,node_throughput,total_degree,0.9451591422632716
2023-03-01,node_throughput,total_strength,0.9959171311585213
2023-03-01,node_throughput,betweenness,0.4624193630887431
2023-03-01,node_throughput,pagerank,0.8506455526003075
2023-03-01,node_throughput,eigenvector,0.8900887685707002
2023-03-01,node_throughput,share_monthly_network_flow,1.0
2023-03-01,total_voyages,total_route_exposure,0.9875385458618507
2023-03-01,total_voyages,total_degree,0.9574907209827993
2023-03-01,total_voyages,total_strength,0.9816316011028169
2023-03-01,total_voyages,betweenness,0.45840929362024113
2023-03-01,total_voyages,pagerank,0.8385909977658571
2023-03-01,total_voyages,eigenvector,0.8699727569279398
2023-03-01,total_voyages,share_monthly_network_flow,0.985531961615644
2023-03-01,total_route_exposure,total_degree,0.9663374566660903
2023-03-01,total_route_exposure,total_strength,0.978933095086657
2023-03-01,total_route_exposure,betweenness,0.48405807321877165
2023-03-01,total_route_exposure,pagerank,0.832387627488794
2023-03-01,total_route_exposure,eigenvector,0.8699198630903042
2023-03-01,total_route_exposure,share_monthly_network_flow,0.9786092709334233
2023-03-01,total_degree,total_strength,0.9535605394250044
2023-03-01,total_degree,betweenness,0.5116181794202441
2023-03-01,total_degree,pagerank,0.8273211508507335
2023-03-01,total_degree,eigenvector,0.8533655025585355
2023-03-01,total_degree,share_monthly_network_flow,0.9451591422632717
2023-03-01,total_strength,betweenness,0.5157656318219861
2023-03-01,total_strength,pagerank,0.8622159046564588
2023-03-01,total_strength,eigenvector,0.889623598780896
2023-03-01,total_strength,share_monthly_network_flow,0.9959171311585213
2023-03-01,betweenness,pagerank,0.5086226185893321
2023-03-01,betweenness,eigenvector,0.4009466423912893
2023-03-01,betweenness,share_monthly_network_flow,0.4624193630887431
2023-03-01,pagerank,eigenvector,0.7942168213085575
2023-03-01,pagerank,share_monthly_network_flow,0.8506455526003075
2023-03-01,eigenvector,share_monthly_network_flow,0.8900887685707002
2023-04-01,node_throughput,total_voyages,0.9877647169670358
2023-04-01,node_throughput,total_route_exposure,0.9738736422284525
2023-04-01,node_throughput,total_degree,0.9424581751332474
2023-04-01,node_throughput,total_strength,0.9973222544846928
2023-04-01,node_throughput,betweenness,0.46331237183774887
2023-04-01,node_throughput,pagerank,0.8526003608038275
2023-04-01,node_throughput,eigenvector,0.8717803504432289
2023-04-01,node_throughput,share_monthly_network_flow,1.0
2023-04-01,total_voyages,total_route_exposure,0.9815676382364067
2023-04-01,total_voyages,total_degree,0.9512906822543061
2023-04-01,total_voyages,total_strength,0.9846195966502003
2023-04-01,total_voyages,betweenness,0.4537923846897731
2023-04-01,total_voyages,pagerank,0.8405752110199377
2023-04-01,total_voyages,eigenvector,0.8611288189219419
2023-04-01,total_voyages,share_monthly_network_flow,0.9877647169670358
2023-04-01,total_route_exposure,total_degree,0.9701184609055304
2023-04-01,total_route_exposure,total_strength,0.9739413293645065
2023-04-01,total_route_exposure,betweenness,0.4748854503157653
2023-04-01,total_route_exposure,pagerank,0.8394913389567812
2023-04-01,total_route_exposure,eigenvector,0.8563221103734631
2023-04-01,total_route_exposure,share_monthly_network_flow,0.9738736422284525
2023-04-01,total_degree,total_strength,0.950011309820045
2023-04-01,total_degree,betweenness,0.5179223382757182
2023-04-01,total_degree,pagerank,0.8388123703895684
2023-04-01,total_degree,eigenvector,0.838616151195558
2023-04-01,total_degree,share_monthly_network_flow,0.9424581751332475
2023-04-01,total_strength,betweenness,0.5056578616356878
2023-04-01,total_strength,pagerank,0.8641932910092168
2023-04-01,total_strength,eigenvector,0.8714580783076825
2023-04-01,total_strength,share_monthly_network_flow,0.9973222544846927
2023-04-01,betweenness,pagerank,0.5092721451771003
2023-04-01,betweenness,eigenvector,0.37780046047673654
2023-04-01,betweenness,share_monthly_network_flow,0.46331237183774887
2023-04-01,pagerank,eigenvector,0.7978289241287221
2023-04-01,pagerank,share_monthly_network_flow,0.8526003608038274
2023-04-01,eigenvector,share_monthly_network_flow,0.8717803504432289
2023-05-01,node_throughput,total_voyages,0.9863023836011674
2023-05-01,node_throughput,total_route_exposure,0.9753998814165008
2023-05-01,node_throughput,total_degree,0.9370059881168814
2023-05-01,node_throughput,total_strength,0.9955354678510105
2023-05-01,node_throughput,betweenness,0.4545414639429165
2023-05-01,node_throughput,pagerank,0.8563585020459182
2023-05-01,node_throughput,eigenvector,0.8971540694487469
2023-05-01,node_throughput,share_monthly_network_flow,1.0
2023-05-01,total_voyages,total_route_exposure,0.9888255808148697
2023-05-01,total_voyages,total_degree,0.9541588498738472
2023-05-01,total_voyages,total_strength,0.9828965728142891
2023-05-01,total_voyages,betweenness,0.45736795598921676
2023-05-01,total_voyages,pagerank,0.8457456033540407
2023-05-01,total_voyages,eigenvector,0.8754983294169761
2023-05-01,total_voyages,share_monthly_network_flow,0.9863023836011673
2023-05-01,total_route_exposure,total_degree,0.9625177480652695
2023-05-01,total_route_exposure,total_strength,0.9749685298208097
2023-05-01,total_route_exposure,betweenness,0.4742305664586764
2023-05-01,total_route_exposure,pagerank,0.8395458148859675
2023-05-01,total_route_exposure,eigenvector,0.8662433751270907
2023-05-01,total_route_exposure,share_monthly_network_flow,0.9753998814165008
2023-05-01,total_degree,total_strength,0.9454342119686354
2023-05-01,total_degree,betweenness,0.5147627585268325
2023-05-01,total_degree,pagerank,0.8212259329629734
2023-05-01,total_degree,eigenvector,0.8700532865985457
2023-05-01,total_degree,share_monthly_network_flow,0.9370059881168815
2023-05-01,total_strength,betweenness,0.5177384778888311
2023-05-01,total_strength,pagerank,0.8671597468981418
2023-05-01,total_strength,eigenvector,0.8970736923152729
2023-05-01,total_strength,share_monthly_network_flow,0.9955354678510105
2023-05-01,betweenness,pagerank,0.5078166987097513
2023-05-01,betweenness,eigenvector,0.38502100953292406
2023-05-01,betweenness,share_monthly_network_flow,0.4545414639429165
2023-05-01,pagerank,eigenvector,0.7979584147923393
2023-05-01,pagerank,share_monthly_network_flow,0.8563585020459182
2023-05-01,eigenvector,share_monthly_network_flow,0.8971540694487468
2023-06-01,node_throughput,total_voyages,0.9897706717036958
2023-06-01,node_throughput,total_route_exposure,0.9834200306664608
2023-06-01,node_throughput,total_degree,0.9506980378911863
2023-06-01,node_throughput,total_strength,0.9978984787702316
2023-06-01,node_throughput,betweenness,0.48192429242243967
2023-06-01,node_throughput,pagerank,0.876265919481892
2023-06-01,node_throughput,eigenvector,0.9208254441725777
2023-06-01,node_throughput,share_monthly_network_flow,1.0
2023-06-01,total_voyages,total_route_exposure,0.9891571060855153
2023-06-01,total_voyages,total_degree,0.9587689544398815
2023-06-01,total_voyages,total_strength,0.987600086414889
2023-06-01,total_voyages,betweenness,0.4789817045476859
2023-06-01,total_voyages,pagerank,0.8677270653047515
2023-06-01,total_voyages,eigenvector,0.9106078669460453
2023-06-01,total_voyages,share_monthly_network_flow,0.9897706717036959
2023-06-01,total_route_exposure,total_degree,0.969375223546623
2023-06-01,total_route_exposure,total_strength,0.9828942049538228
2023-06-01,total_route_exposure,betweenness,0.4908402983228991
2023-06-01,total_route_exposure,pagerank,0.8618810892142286
2023-06-01,total_route_exposure,eigenvector,0.9055507396716724
2023-06-01,total_route_exposure,share_monthly_network_flow,0.9834200306664607
2023-06-01,total_degree,total_strength,0.9568682250154043
2023-06-01,total_degree,betweenness,0.5258759314739688
2023-06-01,total_degree,pagerank,0.8603884008011901
2023-06-01,total_degree,eigenvector,0.8889810548621407
2023-06-01,total_degree,share_monthly_network_flow,0.9506980378911865
2023-06-01,total_strength,betweenness,0.5204907309083754
2023-06-01,total_strength,pagerank,0.8846869500795113
2023-06-01,total_strength,eigenvector,0.919388924075834
2023-06-01,total_strength,share_monthly_network_flow,0.9978984787702316
2023-06-01,betweenness,pagerank,0.5274699825664543
2023-06-01,betweenness,eigenvector,0.4131121882813948
2023-06-01,betweenness,share_monthly_network_flow,0.48192429242243967
2023-06-01,pagerank,eigenvector,0.8427360438501633
2023-06-01,pagerank,share_monthly_network_flow,0.8762659194818921
2023-06-01,eigenvector,share_monthly_network_flow,0.9208254441725777
2023-07-01,node_throughput,total_voyages,0.9895589372561533
2023-07-01,node_throughput,total_route_exposure,0.9804936595983231
2023-07-01,node_throughput,total_degree,0.9537248320525371
2023-07-01,node_throughput,total_strength,0.9974071706402344
2023-07-01,node_throughput,betweenness,0.47829302356651565
2023-07-01,node_throughput,pagerank,0.8735258023953086
2023-07-01,node_throughput,eigenvector,0.9418390774763694
2023-07-01,node_throughput,share_monthly_network_flow,1.0
2023-07-01,total_voyages,total_route_exposure,0.989852376942883
2023-07-01,total_voyages,total_degree,0.9644244542091516
2023-07-01,total_voyages,total_strength,0.9864068900191867
2023-07-01,total_voyages,betweenness,0.47386082767374693
2023-07-01,total_voyages,pagerank,0.8641859089451125
2023-07-01,total_voyages,eigenvector,0.9291461127909831
2023-07-01,total_voyages,share_monthly_network_flow,0.9895589372561533
2023-07-01,total_route_exposure,total_degree,0.9694225518540864
2023-07-01,total_route_exposure,total_strength,0.9789041293138079
2023-07-01,total_route_exposure,betweenness,0.4882799974986162
2023-07-01,total_route_exposure,pagerank,0.8605159664963417
2023-07-01,total_route_exposure,eigenvector,0.9189266827913286
2023-07-01,total_route_exposure,share_monthly_network_flow,0.9804936595983232
2023-07-01,total_degree,total_strength,0.958623719345916
2023-07-01,total_degree,betweenness,0.5354680626203729
2023-07-01,total_degree,pagerank,0.861916214609437
2023-07-01,total_degree,eigenvector,0.9135473128692441
2023-07-01,total_degree,share_monthly_network_flow,0.9537248320525372
2023-07-01,total_strength,betweenness,0.5235964772046222
2023-07-01,total_strength,pagerank,0.8838754376002992
2023-07-01,total_strength,eigenvector,0.9407556041455181
2023-07-01,total_strength,share_monthly_network_flow,0.9974071706402344
2023-07-01,betweenness,pagerank,0.5408257451917278
2023-07-01,betweenness,eigenvector,0.4282566900380104
2023-07-01,betweenness,share_monthly_network_flow,0.4782930235665156
2023-07-01,pagerank,eigenvector,0.8524826120533796
2023-07-01,pagerank,share_monthly_network_flow,0.8735258023953086
2023-07-01,eigenvector,share_monthly_network_flow,0.9418390774763694
2023-08-01,node_throughput,total_voyages,0.9950771903168575
2023-08-01,node_throughput,total_route_exposure,0.984226644540754
2023-08-01,node_throughput,total_degree,0.957200214557341
2023-08-01,node_throughput,total_strength,0.9973719460880744
2023-08-01,node_throughput,betweenness,0.4836061029736621
2023-08-01,node_throughput,pagerank,0.8976602866400136
2023-08-01,node_throughput,eigenvector,0.9091078793222174
2023-08-01,node_throughput,share_monthly_network_flow,1.0
2023-08-01,total_voyages,total_route_exposure,0.9871189580544005
2023-08-01,total_voyages,total_degree,0.9631409674896688
2023-08-01,total_voyages,total_strength,0.992541646702091
2023-08-01,total_voyages,betweenness,0.48027289730821715
2023-08-01,total_voyages,pagerank,0.8915143842012517
2023-08-01,total_voyages,eigenvector,0.8991724071746655
2023-08-01,total_voyages,share_monthly_network_flow,0.9950771903168576
2023-08-01,total_route_exposure,total_degree,0.9718562306781044
2023-08-01,total_route_exposure,total_strength,0.9820113238312671
2023-08-01,total_route_exposure,betweenness,0.48583739109416235
2023-08-01,total_route_exposure,pagerank,0.8819743733554495
2023-08-01,total_route_exposure,eigenvector,0.8851750080388817
2023-08-01,total_route_exposure,share_monthly_network_flow,0.9842266445407539
2023-08-01,total_degree,total_strength,0.961467764407501
2023-08-01,total_degree,betweenness,0.5261049627191803
2023-08-01,total_degree,pagerank,0.8724361733999201
2023-08-01,total_degree,eigenvector,0.8821056410518637
2023-08-01,total_degree,share_monthly_network_flow,0.9572002145573408
2023-08-01,total_strength,betweenness,0.527196855673857
2023-08-01,total_strength,pagerank,0.9055166878882992
2023-08-01,total_strength,eigenvector,0.9111007966819391
2023-08-01,total_strength,share_monthly_network_flow,0.9973719460880743
2023-08-01,betweenness,pagerank,0.5265449808294096
2023-08-01,betweenness,eigenvector,0.4323482825921054
2023-08-01,betweenness,share_monthly_network_flow,0.48360610297366213
2023-08-01,pagerank,eigenvector,0.8753547309013391
2023-08-01,pagerank,share_monthly_network_flow,0.8976602866400137
2023-08-01,eigenvector,share_monthly_network_flow,0.9091078793222173
2023-09-01,node_throughput,total_voyages,0.9868280532669645
2023-09-01,node_throughput,total_route_exposure,0.9783501000785482
2023-09-01,node_throughput,total_degree,0.9429616604974351
2023-09-01,node_throughput,total_strength,0.9962217382352967
2023-09-01,node_throughput,betweenness,0.4743532086407698
2023-09-01,node_throughput,pagerank,0.8630049895240132
2023-09-01,node_throughput,eigenvector,0.9006635019443281
2023-09-01,node_throughput,share_monthly_network_flow,1.0
2023-09-01,total_voyages,total_route_exposure,0.9850887247421346
2023-09-01,total_voyages,total_degree,0.9562894375480121
2023-09-01,total_voyages,total_strength,0.9836917215751853
2023-09-01,total_voyages,betweenness,0.4737541953413284
2023-09-01,total_voyages,pagerank,0.8538381278785526
2023-09-01,total_voyages,eigenvector,0.8818270311855898
2023-09-01,total_voyages,share_monthly_network_flow,0.9868280532669647
2023-09-01,total_route_exposure,total_degree,0.9673855766504021
2023-09-01,total_route_exposure,total_strength,0.9756360477545463
2023-09-01,total_route_exposure,betweenness,0.4842043282951952
2023-09-01,total_route_exposure,pagerank,0.8506649736493722
2023-09-01,total_route_exposure,eigenvector,0.8802471750524947
2023-09-01,total_route_exposure,share_monthly_network_flow,0.9783501000785482
2023-09-01,total_degree,total_strength,0.9520546720018145
2023-09-01,total_degree,betweenness,0.5376933649879139
2023-09-01,total_degree,pagerank,0.8484277976511274
2023-09-01,total_degree,eigenvector,0.8619034547662688
2023-09-01,total_degree,share_monthly_network_flow,0.9429616604974351
2023-09-01,total_strength,betweenness,0.5247008884240756
2023-09-01,total_strength,pagerank,0.8746518963906613
2023-09-01,total_strength,eigenvector,0.904082789528621
2023-09-01,total_strength,share_monthly_network_flow,0.9962217382352967
2023-09-01,betweenness,pagerank,0.5203566101097322
2023-09-01,betweenness,eigenvector,0.4149232716649315
2023-09-01,betweenness,share_monthly_network_flow,0.4743532086407699
2023-09-01,pagerank,eigenvector,0.83780009886589
2023-09-01,pagerank,share_monthly_network_flow,0.863004989524013
2023-09-01,eigenvector,share_monthly_network_flow,0.9006635019443281
2023-10-01,node_throughput,total_voyages,0.9906504716622471
2023-10-01,node_throughput,total_route_exposure,0.9804949400524792
2023-10-01,node_throughput,total_degree,0.9474980719935328
2023-10-01,node_throughput,total_strength,0.9981981893857507
2023-10-01,node_throughput,betweenness,0.4992016386022464
2023-10-01,node_throughput,pagerank,0.8677873781060156
2023-10-01,node_throughput,eigenvector,0.901863536663979
2023-10-01,node_throughput,share_monthly_network_flow,0.9999999999999999
2023-10-01,total_voyages,total_route_exposure,0.9852657704543342
2023-10-01,total_voyages,total_degree,0.9572761378714535
2023-10-01,total_voyages,total_strength,0.9893497365185719
2023-10-01,total_voyages,betweenness,0.5031926378239651
2023-10-01,total_voyages,pagerank,0.8611308234317572
2023-10-01,total_voyages,eigenvector,0.8859829879098446
2023-10-01,total_voyages,share_monthly_network_flow,0.9906504716622471
2023-10-01,total_route_exposure,total_degree,0.9695881066904543
2023-10-01,total_route_exposure,total_strength,0.9811500090761763
2023-10-01,total_route_exposure,betweenness,0.5117341010911024
2023-10-01,total_route_exposure,pagerank,0.8628595993040435
2023-10-01,total_route_exposure,eigenvector,0.8683874082353804
2023-10-01,total_route_exposure,share_monthly_network_flow,0.9804949400524792
2023-10-01,total_degree,total_strength,0.9514821524029909
2023-10-01,total_degree,betweenness,0.5212460322850415
2023-10-01,total_degree,pagerank,0.8619908218885293
2023-10-01,total_degree,eigenvector,0.8467102509646294
2023-10-01,total_degree,share_monthly_network_flow,0.9474980719935329
2023-10-01,total_strength,betweenness,0.5369214191078212
2023-10-01,total_strength,pagerank,0.8810577706286695
2023-10-01,total_strength,eigenvector,0.9032722726589076
2023-10-01,total_strength,share_monthly_network_flow,0.9981981893857507
2023-10-01,betweenness,pagerank,0.5373237671776242
2023-10-01,betweenness,eigenvector,0.45171342561987315
2023-10-01,betweenness,share_monthly_network_flow,0.4992016386022464
2023-10-01,pagerank,eigenvector,0.8434963229452177
2023-10-01,pagerank,share_monthly_network_flow,0.8677873781060156
2023-10-01,eigenvector,share_monthly_network_flow,0.9018635366639791
2023-11-01,node_throughput,total_voyages,0.9852518499165663
2023-11-01,node_throughput,total_route_exposure,0.9687182826514271
2023-11-01,node_throughput,total_degree,0.9264471170839922
2023-11-01,node_throughput,total_strength,0.9959851360473209
2023-11-01,node_throughput,betweenness,0.45723220154166105
2023-11-01,node_throughput,pagerank,0.8323335700587884
2023-11-01,node_throughput,eigenvector,0.8901270550163726
2023-11-01,node_throughput,share_monthly_network_flow,1.0
2023-11-01,total_voyages,total_route_exposure,0.9842562839470291
2023-11-01,total_voyages,total_degree,0.939925478172099
2023-11-01,total_voyages,total_strength,0.9819404625409301
2023-11-01,total_voyages,betweenness,0.45927758480502306
2023-11-01,total_voyages,pagerank,0.8235554060138035
2023-11-01,total_voyages,eigenvector,0.8731433175422271
2023-11-01,total_voyages,share_monthly_network_flow,0.9852518499165663
2023-11-01,total_route_exposure,total_degree,0.9562512061242683
2023-11-01,total_route_exposure,total_strength,0.9664410821402916
2023-11-01,total_route_exposure,betweenness,0.47163514920837685
2023-11-01,total_route_exposure,pagerank,0.8181841609339177
2023-11-01,total_route_exposure,eigenvector,0.8610926502820849
2023-11-01,total_route_exposure,share_monthly_network_flow,0.9687182826514271
2023-11-01,total_degree,total_strength,0.936460016504343
2023-11-01,total_degree,betweenness,0.5345631857508584
2023-11-01,total_degree,pagerank,0.8169652221432072
2023-11-01,total_degree,eigenvector,0.8306185012562534
2023-11-01,total_degree,share_monthly_network_flow,0.9264471170839922
2023-11-01,total_strength,betweenness,0.5139937045106082
2023-11-01,total_strength,pagerank,0.8457081854720642
2023-11-01,total_strength,eigenvector,0.8884120199878489
2023-11-01,total_strength,share_monthly_network_flow,0.9959851360473209
2023-11-01,betweenness,pagerank,0.5296986779425621
2023-11-01,betweenness,eigenvector,0.3989784096531013
2023-11-01,betweenness,share_monthly_network_flow,0.45723220154166105
2023-11-01,pagerank,eigenvector,0.7786182755277661
2023-11-01,pagerank,share_monthly_network_flow,0.8323335700587884
2023-11-01,eigenvector,share_monthly_network_flow,0.8901270550163725
2023-12-01,node_throughput,total_voyages,0.9868173791937175
2023-12-01,node_throughput,total_route_exposure,0.9650665787463871
2023-12-01,node_throughput,total_degree,0.9376551066475122
2023-12-01,node_throughput,total_strength,0.9978599642443498
2023-12-01,node_throughput,betweenness,0.4785178394567787
2023-12-01,node_throughput,pagerank,0.8233405267849605
2023-12-01,node_throughput,eigenvector,0.883599008630672
2023-12-01,node_throughput,share_monthly_network_flow,0.9999999999999999
2023-12-01,total_voyages,total_route_exposure,0.977126940314306
2023-12-01,total_voyages,total_degree,0.9509481306253835
2023-12-01,total_voyages,total_strength,0.9845401322611952
2023-12-01,total_voyages,betweenness,0.4771169475915274
2023-12-01,total_voyages,pagerank,0.8147247620546334
2023-12-01,total_voyages,eigenvector,0.8667863717135366
2023-12-01,total_voyages,share_monthly_network_flow,0.9868173791937174
2023-12-01,total_route_exposure,total_degree,0.9706162251493067
2023-12-01,total_route_exposure,total_strength,0.964941532881199
2023-12-01,total_route_exposure,betweenness,0.4920945698549221
2023-12-01,total_route_exposure,pagerank,0.7986929128560979
2023-12-01,total_route_exposure,eigenvector,0.850073901368228
2023-12-01,total_route_exposure,share_monthly_network_flow,0.9650665787463871
2023-12-01,total_degree,total_strength,0.94446180759779
2023-12-01,total_degree,betweenness,0.5404984109110321
2023-12-01,total_degree,pagerank,0.8073194994658528
2023-12-01,total_degree,eigenvector,0.845410504014003
2023-12-01,total_degree,share_monthly_network_flow,0.9376551066475122
2023-12-01,total_strength,betweenness,0.5222581553611001
2023-12-01,total_strength,pagerank,0.8367357179809832
2023-12-01,total_strength,eigenvector,0.8860105150262976
2023-12-01,total_strength,share_monthly_network_flow,0.9978599642443498
2023-12-01,betweenness,pagerank,0.5335864700252422
2023-12-01,betweenness,eigenvector,0.4246259643431468
2023-12-01,betweenness,share_monthly_network_flow,0.4785178394567787
2023-12-01,pagerank,eigenvector,0.7908913969697614
2023-12-01,pagerank,share_monthly_network_flow,0.8233405267849606
2023-12-01,eigenvector,share_monthly_network_flow,0.8835990086306719
2024-01-01,node_throughput,total_voyages,0.9785958564065063
2024-01-01,node_throughput,total_route_exposure,0.9624175219106673
2024-01-01,node_throughput,total_degree,0.9300777922777997
2024-01-01,node_throughput,total_strength,0.9971550172158667
2024-01-01,node_throughput,betweenness,0.4831632702642396
2024-01-01,node_throughput,pagerank,0.8364247653514266
2024-01-01,node_throughput,eigenvector,0.875980104318007
2024-01-01,node_throughput,share_monthly_network_flow,1.0
2024-01-01,total_voyages,total_route_exposure,0.9816762791547122
2024-01-01,total_voyages,total_degree,0.9511663407850479
2024-01-01,total_voyages,total_strength,0.9758464830562245
2024-01-01,total_voyages,betweenness,0.48065415305301534
2024-01-01,total_voyages,pagerank,0.823987931533302
2024-01-01,total_voyages,eigenvector,0.8393495824816332
2024-01-01,total_voyages,share_monthly_network_flow,0.9785958564065063
2024-01-01,total_route_exposure,total_degree,0.9603719088720616
2024-01-01,total_route_exposure,total_strength,0.9625693650731322
2024-01-01,total_route_exposure,betweenness,0.49766782006298066
2024-01-01,total_route_exposure,pagerank,0.8196626173079473
2024-01-01,total_route_exposure,eigenvector,0.8436928844962279
2024-01-01,total_route_exposure,share_monthly_network_flow,0.9624175219106673
2024-01-01,total_degree,total_strength,0.9374049572447447
2024-01-01,total_degree,betweenness,0.5420834202249026
2024-01-01,total_degree,pagerank,0.8299533297393074
2024-01-01,total_degree,eigenvector,0.8421541664284372
2024-01-01,total_degree,share_monthly_network_flow,0.9300777922777997
2024-01-01,total_strength,betweenness,0.5318051810374853
2024-01-01,total_strength,pagerank,0.8512947598769951
2024-01-01,total_strength,eigenvector,0.8799279503902265
2024-01-01,total_strength,share_monthly_network_flow,0.9971550172158667
2024-01-01,betweenness,pagerank,0.5410406420615855
2024-01-01,betweenness,eigenvector,0.4401962803777826
2024-01-01,betweenness,share_monthly_network_flow,0.4831632702642396
2024-01-01,pagerank,eigenvector,0.8178014362381539
2024-01-01,pagerank,share_monthly_network_flow,0.8364247653514266
2024-01-01,eigenvector,share_monthly_network_flow,0.875980104318007
2024-02-01,node_throughput,total_voyages,0.9867782830553987
2024-02-01,node_throughput,total_route_exposure,0.9736600878008982
2024-02-01,node_throughput,total_degree,0.9441629479104785
2024-02-01,node_throughput,total_strength,0.9972728294007585
2024-02-01,node_throughput,betweenness,0.45923549511511413
2024-02-01,node_throughput,pagerank,0.8445171753665034
2024-02-01,node_throughput,eigenvector,0.8807671080982261
2024-02-01,node_throughput,share_monthly_network_flow,1.0
2024-02-01,total_voyages,total_route_exposure,0.9814124869881381
2024-02-01,total_voyages,total_degree,0.9549610528195333
2024-02-01,total_voyages,total_strength,0.9839839372092272
2024-02-01,total_voyages,betweenness,0.45447614403761816
2024-02-01,total_voyages,pagerank,0.8340988711915401
2024-02-01,total_voyages,eigenvector,0.8538738043676467
2024-02-01,total_voyages,share_monthly_network_flow,0.9867782830553988
2024-02-01,total_route_exposure,total_degree,0.9682169036031659
2024-02-01,total_route_exposure,total_strength,0.973657164227425
2024-02-01,total_route_exposure,betweenness,0.469809759159316
2024-02-01,total_route_exposure,pagerank,0.8288131099618389
2024-02-01,total_route_exposure,eigenvector,0.8526825890716194
2024-02-01,total_route_exposure,share_monthly_network_flow,0.9736600878008982
2024-02-01,total_degree,total_strength,0.9512630234458538
2024-02-01,total_degree,betweenness,0.5125451197624951
2024-02-01,total_degree,pagerank,0.8394329994693677
2024-02-01,total_degree,eigenvector,0.837761367712389
2024-02-01,total_degree,share_monthly_network_flow,0.9441629479104786
2024-02-01,total_strength,betweenness,0.5062498554576249
2024-02-01,total_strength,pagerank,0.8570284115522113
2024-02-01,total_strength,eigenvector,0.8863898520032003
2024-02-01,total_strength,share_monthly_network_flow,0.9972728294007585
2024-02-01,betweenness,pagerank,0.5122691877433364
2024-02-01,betweenness,eigenvector,0.43136363421562324
2024-02-01,betweenness,share_monthly_network_flow,0.45923549511511413
2024-02-01,pagerank,eigenvector,0.8132087527470203
2024-02-01,pagerank,share_monthly_network_flow,0.8445171753665033
2024-02-01,eigenvector,share_monthly_network_flow,0.8807671080982261
2024-03-01,node_throughput,total_voyages,0.9861736387239445
2024-03-01,node_throughput,total_route_exposure,0.9796433174452475
2024-03-01,node_throughput,total_degree,0.9524942926641888
2024-03-01,node_throughput,total_strength,0.9969924134829757
2024-03-01,node_throughput,betweenness,0.4838857164605501
2024-03-01,node_throughput,pagerank,0.8573262896391868
2024-03-01,node_throughput,eigenvector,0.9067767574675791
2024-03-01,node_throughput,share_monthly_network_flow,1.0
2024-03-01,total_voyages,total_route_exposure,0.9861993917202225
2024-03-01,total_voyages,total_degree,0.9612310890380313
2024-03-01,total_voyages,total_strength,0.9836872776091427
2024-03-01,total_voyages,betweenness,0.48255736486038975
2024-03-01,total_voyages,pagerank,0.8479806527444681
2024-03-01,total_voyages,eigenvector,0.8756072713342595
2024-03-01,total_voyages,share_monthly_network_flow,0.9861736387239444
2024-03-01,total_route_exposure,total_degree,0.9738188898116822
2024-03-01,total_route_exposure,total_strength,0.9795696655643774
2024-03-01,total_route_exposure,betweenness,0.5060339623661332
2024-03-01,total_route_exposure,pagerank,0.8491795222877182
2024-03-01,total_route_exposure,eigenvector,0.8760475541742276
2024-03-01,total_route_exposure,share_monthly_network_flow,0.9796433174452475
2024-03-01,total_degree,total_strength,0.9588317270172964
2024-03-01,total_degree,betweenness,0.5373756444681942
2024-03-01,total_degree,pagerank,0.8562421090346606
2024-03-01,total_degree,eigenvector,0.8671367103528362
2024-03-01,total_degree,share_monthly_network_flow,0.9524942926641888
2024-03-01,total_strength,betweenness,0.5313480633378844
2024-03-01,total_strength,pagerank,0.8718298058574809
2024-03-01,total_strength,eigenvector,0.9098171316133256
2024-03-01,total_strength,share_monthly_network_flow,0.9969924134829758
2024-03-01,betweenness,pagerank,0.5419484919595675
2024-03-01,betweenness,eigenvector,0.43668537735002083
2024-03-01,betweenness,share_monthly_network_flow,0.48388571646055006
2024-03-01,pagerank,eigenvector,0.8538442980911024
2024-03-01,pagerank,share_monthly_network_flow,0.8573262896391867
2024-03-01,eigenvector,share_monthly_network_flow,0.9067767574675791
2024-04-01,node_throughput,total_voyages,0.9829116716440428
2024-04-01,node_throughput,total_route_exposure,0.9725158034805859
2024-04-01,node_throughput,total_degree,0.9317585928425544
2024-04-01,node_throughput,total_strength,0.9969900651032793
2024-04-01,node_throughput,betweenness,0.48807234974495334
2024-04-01,node_throughput,pagerank,0.8429065900775203
2024-04-01,node_throughput,eigenvector,0.8804006384791476
2024-04-01,node_throughput,share_monthly_network_flow,1.0
2024-04-01,total_voyages,total_route_exposure,0.9776816561179337
2024-04-01,total_voyages,total_degree,0.9358002829627323
2024-04-01,total_voyages,total_strength,0.9789510795014674
2024-04-01,total_voyages,betweenness,0.4800636192848987
2024-04-01,total_voyages,pagerank,0.8278146025576092
2024-04-01,total_voyages,eigenvector,0.8594264600862439
2024-04-01,total_voyages,share_monthly_network_flow,0.9829116716440428
2024-04-01,total_route_exposure,total_degree,0.9547730864713421
2024-04-01,total_route_exposure,total_strength,0.9714707345903911
2024-04-01,total_route_exposure,betweenness,0.49952940359525294
2024-04-01,total_route_exposure,pagerank,0.8214323991744796
2024-04-01,total_route_exposure,eigenvector,0.8582751684669978
2024-04-01,total_route_exposure,share_monthly_network_flow,0.9725158034805859
2024-04-01,total_degree,total_strength,0.9387194548209388
2024-04-01,total_degree,betweenness,0.5231016906405098
2024-04-01,total_degree,pagerank,0.8144283720909933
2024-04-01,total_degree,eigenvector,0.8313921081466938
2024-04-01,total_degree,share_monthly_network_flow,0.9317585928425545
2024-04-01,total_strength,betweenness,0.5256214902817595
2024-04-01,total_strength,pagerank,0.8517037734628456
2024-04-01,total_strength,eigenvector,0.884221119619604
2024-04-01,total_strength,share_monthly_network_flow,0.9969900651032793
2024-04-01,betweenness,pagerank,0.5231687120144436
2024-04-01,betweenness,eigenvector,0.4578435723583441
2024-04-01,betweenness,share_monthly_network_flow,0.48807234974495334
2024-04-01,pagerank,eigenvector,0.8152502293866141
2024-04-01,pagerank,share_monthly_network_flow,0.8429065900775203
2024-04-01,eigenvector,share_monthly_network_flow,0.8804006384791476
2024-05-01,node_throughput,total_voyages,0.990449234634351
2024-05-01,node_throughput,total_route_exposure,0.9799139035128827
2024-05-01,node_throughput,total_degree,0.9527985695838298
2024-05-01,node_throughput,total_strength,0.9967723248381145
2024-05-01,node_throughput,betweenness,0.46878427119739
2024-05-01,node_throughput,pagerank,0.8905474467860384
2024-05-01,node_throughput,eigenvector,0.9225015841570485
2024-05-01,node_throughput,share_monthly_network_flow,1.0
2024-05-01,total_voyages,total_route_exposure,0.9876476894230457
2024-05-01,total_voyages,total_degree,0.9623345626030939
2024-05-01,total_voyages,total_strength,0.9876883915946706
2024-05-01,total_voyages,betweenness,0.46766523151837625
2024-05-01,total_voyages,pagerank,0.8843551311088458
2024-05-01,total_voyages,eigenvector,0.9111440808888457
2024-05-01,total_voyages,share_monthly_network_flow,0.990449234634351
2024-05-01,total_route_exposure,total_degree,0.9760058710115721
2024-05-01,total_route_exposure,total_strength,0.9804906863271211
2024-05-01,total_route_exposure,betweenness,0.48888435206420633
2024-05-01,total_route_exposure,pagerank,0.8855870814574693
2024-05-01,total_route_exposure,eigenvector,0.903211264195989
2024-05-01,total_route_exposure,share_monthly_network_flow,0.9799139035128827
2024-05-01,total_degree,total_strength,0.9609406228806033
2024-05-01,total_degree,betweenness,0.536683183182581
2024-05-01,total_degree,pagerank,0.8828394916359111
2024-05-01,total_degree,eigenvector,0.8997344714575496
2024-05-01,total_degree,share_monthly_network_flow,0.9527985695838299
2024-05-01,total_strength,betweenness,0.5213518860272904
2024-05-01,total_strength,pagerank,0.9017364031941791
2024-05-01,total_strength,eigenvector,0.9204054283015263
2024-05-01,total_strength,share_monthly_network_flow,0.9967723248381145
2024-05-01,betweenness,pagerank,0.5318607504990697
2024-05-01,betweenness,eigenvector,0.41874384475774235
2024-05-01,betweenness,share_monthly_network_flow,0.46878427119739
2024-05-01,pagerank,eigenvector,0.8460061279231588
2024-05-01,pagerank,share_monthly_network_flow,0.8905474467860384
2024-05-01,eigenvector,share_monthly_network_flow,0.9225015841570485
2024-06-01,node_throughput,total_voyages,0.9896321465148566
2024-06-01,node_throughput,total_route_exposure,0.9883495211698792
2024-06-01,node_throughput,total_degree,0.9677896579422801
2024-06-01,node_throughput,total_strength,0.9959738111138379
2024-06-01,node_throughput,betweenness,0.4331487017355619
2024-06-01,node_throughput,pagerank,0.9275612844761415
2024-06-01,node_throughput,eigenvector,0.9279683892770022
2024-06-01,node_throughput,share_monthly_network_flow,1.0
2024-06-01,total_voyages,total_route_exposure,0.991414111253442
2024-06-01,total_voyages,total_degree,0.970688682952862
2024-06-01,total_voyages,total_strength,0.9867057252275515
2024-06-01,total_voyages,betweenness,0.42941339934873934
2024-06-01,total_voyages,pagerank,0.924222462423203
2024-06-01,total_voyages,eigenvector,0.924002183161838
2024-06-01,total_voyages,share_monthly_network_flow,0.9896321465148566
2024-06-01,total_route_exposure,total_degree,0.9789476638034648
2024-06-01,total_route_exposure,total_strength,0.9869430595159835
2024-06-01,total_route_exposure,betweenness,0.44801836215111807
2024-06-01,total_route_exposure,pagerank,0.9234865970604272
2024-06-01,total_route_exposure,eigenvector,0.924334551948902
2024-06-01,total_route_exposure,share_monthly_network_flow,0.9883495211698792
2024-06-01,total_degree,total_strength,0.9776722109601472
2024-06-01,total_degree,betweenness,0.5335059616530455
2024-06-01,total_degree,pagerank,0.9287853224465121
2024-06-01,total_degree,eigenvector,0.9016297462910587
2024-06-01,total_degree,share_monthly_network_flow,0.9677896579422801
2024-06-01,total_strength,betweenness,0.49745819449050493
2024-06-01,total_strength,pagerank,0.9355564686013729
2024-06-01,total_strength,eigenvector,0.9253564134088001
2024-06-01,total_strength,share_monthly_network_flow,0.9959738111138378
2024-06-01,betweenness,pagerank,0.5073292553333444
2024-06-01,betweenness,eigenvector,0.40771937803823927
2024-06-01,betweenness,share_monthly_network_flow,0.43314870173556186
2024-06-01,pagerank,eigenvector,0.858535170750957
2024-06-01,pagerank,share_monthly_network_flow,0.9275612844761415
2024-06-01,eigenvector,share_monthly_network_flow,0.9279683892770022
2024-07-01,node_throughput,total_voyages,0.9878087797173675
2024-07-01,node_throughput,total_route_exposure,0.9789284092931521
2024-07-01,node_throughput,total_degree,0.9616057131957462
2024-07-01,node_throughput,total_strength,0.9970315134387007
2024-07-01,node_throughput,betweenness,0.46123128548909115
2024-07-01,node_throughput,pagerank,0.916824158264769
2024-07-01,node_throughput,eigenvector,0.9513163945757306
2024-07-01,node_throughput,share_monthly_network_flow,0.9999999999999999
2024-07-01,total_voyages,total_route_exposure,0.9877451091413083
2024-07-01,total_voyages,total_degree,0.9706536364397931
2024-07-01,total_voyages,total_strength,0.9846786744453928
2024-07-01,total_voyages,betweenness,0.4519554093747846
2024-07-01,total_voyages,pagerank,0.910015364631736
2024-07-01,total_voyages,eigenvector,0.9433595065765699
2024-07-01,total_voyages,share_monthly_network_flow,0.9878087797173676
2024-07-01,total_route_exposure,total_degree,0.9815071001993609
2024-07-01,total_route_exposure,total_strength,0.9772609318678406
2024-07-01,total_route_exposure,betweenness,0.469558988784043
2024-07-01,total_route_exposure,pagerank,0.9083273178198893
2024-07-01,total_route_exposure,eigenvector,0.9274451370326042
2024-07-01,total_route_exposure,share_monthly_network_flow,0.9789284092931521
2024-07-01,total_degree,total_strength,0.9690929162755854
2024-07-01,total_degree,betweenness,0.5411904431153652
2024-07-01,total_degree,pagerank,0.9162618017979047
2024-07-01,total_degree,eigenvector,0.9112666726803401
2024-07-01,total_degree,share_monthly_network_flow,0.9616057131957463
2024-07-01,total_strength,betweenness,0.5134134509946919
2024-07-01,total_strength,pagerank,0.9246011533486778
2024-07-01,total_strength,eigenvector,0.9487522314904598
2024-07-01,total_strength,share_monthly_network_flow,0.9970315134387006
2024-07-01,betweenness,pagerank,0.5219228652295378
2024-07-01,betweenness,eigenvector,0.4082823522247495
2024-07-01,betweenness,share_monthly_network_flow,0.46123128548909115
2024-07-01,pagerank,eigenvector,0.889502531795812
2024-07-01,pagerank,share_monthly_network_flow,0.916824158264769
2024-07-01,eigenvector,share_monthly_network_flow,0.9513163945757306
2024-08-01,node_throughput,total_voyages,0.9862262420423378
2024-08-01,node_throughput,total_route_exposure,0.9845143463147735
2024-08-01,node_throughput,total_degree,0.9602717280169687
2024-08-01,node_throughput,total_strength,0.9966387054192897
2024-08-01,node_throughput,betweenness,0.486371889792334
2024-08-01,node_throughput,pagerank,0.8958822446956946
2024-08-01,node_throughput,eigenvector,0.9415892438739489
2024-08-01,node_throughput,share_monthly_network_flow,1.0
2024-08-01,total_voyages,total_route_exposure,0.9899755999533425
2024-08-01,total_voyages,total_degree,0.9667793875522651
2024-08-01,total_voyages,total_strength,0.9824236548668579
2024-08-01,total_voyages,betweenness,0.4762157885504417
2024-08-01,total_voyages,pagerank,0.8885143671761241
2024-08-01,total_voyages,eigenvector,0.9325234253972373
2024-08-01,total_voyages,share_monthly_network_flow,0.9862262420423378
2024-08-01,total_route_exposure,total_degree,0.9780948093630839
2024-08-01,total_route_exposure,total_strength,0.9833545671544629
2024-08-01,total_route_exposure,betweenness,0.5005089216298262
2024-08-01,total_route_exposure,pagerank,0.892821900975808
2024-08-01,total_route_exposure,eigenvector,0.93207865466621
2024-08-01,total_route_exposure,share_monthly_network_flow,0.9845143463147735
2024-08-01,total_degree,total_strength,0.9697481397797656
2024-08-01,total_degree,betweenness,0.5657892853006893
2024-08-01,total_degree,pagerank,0.9094089751839787
2024-08-01,total_degree,eigenvector,0.9141866336590784
2024-08-01,total_degree,share_monthly_network_flow,0.9602717280169688
2024-08-01,total_strength,betweenness,0.5426568222116328
2024-08-01,total_strength,pagerank,0.9067631676716049
2024-08-01,total_strength,eigenvector,0.9380883517430958
2024-08-01,total_strength,share_monthly_network_flow,0.9966387054192897
2024-08-01,betweenness,pagerank,0.544353897199057
2024-08-01,betweenness,eigenvector,0.4252820548393903
2024-08-01,betweenness,share_monthly_network_flow,0.48637188979233403
2024-08-01,pagerank,eigenvector,0.8679656764704777
2024-08-01,pagerank,share_monthly_network_flow,0.8958822446956946
2024-08-01,eigenvector,share_monthly_network_flow,0.9415892438739489
2024-09-01,node_throughput,total_voyages,0.9916965560060755
2024-09-01,node_throughput,total_route_exposure,0.9831578114639994
2024-09-01,node_throughput,total_degree,0.9704918330312529
2024-09-01,node_throughput,total_strength,0.9967544112149336
2024-09-01,node_throughput,betweenness,0.47867026930336526
2024-09-01,node_throughput,pagerank,0.9292820723080463
2024-09-01,node_throughput,eigenvector,0.9696953953909492
2024-09-01,node_throughput,share_monthly_network_flow,0.9999999999999999
2024-09-01,total_voyages,total_route_exposure,0.9940619984022199
2024-09-01,total_voyages,total_degree,0.9801431181815523
2024-09-01,total_voyages,total_strength,0.9901445713040788
2024-09-01,total_voyages,betweenness,0.4795398826763809
2024-09-01,total_voyages,pagerank,0.9282123102713717
2024-09-01,total_voyages,eigenvector,0.9620407721585615
2024-09-01,total_voyages,share_monthly_network_flow,0.9916965560060755
2024-09-01,total_route_exposure,total_degree,0.9849248062421873
2024-09-01,total_route_exposure,total_strength,0.9841947993304284
2024-09-01,total_route_exposure,betweenness,0.4975173338717019
2024-09-01,total_route_exposure,pagerank,0.9258786699863414
2024-09-01,total_route_exposure,eigenvector,0.9541281376189075
2024-09-01,total_route_exposure,share_monthly_network_flow,0.9831578114639995
2024-09-01,total_degree,total_strength,0.9799171882746462
2024-09-01,total_degree,betweenness,0.5476884087931844
2024-09-01,total_degree,pagerank,0.9340322135333088
2024-09-01,total_degree,eigenvector,0.9478291526748388
2024-09-01,total_degree,share_monthly_network_flow,0.9704918330312529
2024-09-01,total_strength,betweenness,0.5263312646487559
2024-09-01,total_strength,pagerank,0.9379861982959651
2024-09-01,total_strength,eigenvector,0.968037628214611
2024-09-01,total_strength,share_monthly_network_flow,0.9967544112149337
2024-09-01,betweenness,pagerank,0.5341731808669453
2024-09-01,betweenness,eigenvector,0.4453867921476894
2024-09-01,betweenness,share_monthly_network_flow,0.4786702693033653
2024-09-01,pagerank,eigenvector,0.9174864679615715
2024-09-01,pagerank,share_monthly_network_flow,0.9292820723080464
2024-09-01,eigenvector,share_monthly_network_flow,0.9696953953909492
2024-10-01,node_throughput,total_voyages,0.9875613742513721
2024-10-01,node_throughput,total_route_exposure,0.9831647695734818
2024-10-01,node_throughput,total_degree,0.959093420388149
2024-10-01,node_throughput,total_strength,0.9948623713747362
2024-10-01,node_throughput,betweenness,0.43033573422634086
2024-10-01,node_throughput,pagerank,0.9322428952798449
2024-10-01,node_throughput,eigenvector,0.9692770049422181
2024-10-01,node_throughput,share_monthly_network_flow,1.0
2024-10-01,total_voyages,total_route_exposure,0.9871850814392654
2024-10-01,total_voyages,total_degree,0.9662848935504061
2024-10-01,total_voyages,total_strength,0.9854892715376091
2024-10-01,total_voyages,betweenness,0.4414356802788487
2024-10-01,total_voyages,pagerank,0.9307066473189882
2024-10-01,total_voyages,eigenvector,0.9546740814061485
2024-10-01,total_voyages,share_monthly_network_flow,0.9875613742513722
2024-10-01,total_route_exposure,total_degree,0.978758373411476
2024-10-01,total_route_exposure,total_strength,0.983396588014598
2024-10-01,total_route_exposure,betweenness,0.46037162057523934
2024-10-01,total_route_exposure,pagerank,0.9289705253496509
2024-10-01,total_route_exposure,eigenvector,0.9540656730139353
2024-10-01,total_route_exposure,share_monthly_network_flow,0.9831647695734819
2024-10-01,total_degree,total_strength,0.9716233856804948
2024-10-01,total_degree,betweenness,0.536874377226605
2024-10-01,total_degree,pagerank,0.9426238411225661
2024-10-01,total_degree,eigenvector,0.9358458608937542
2024-10-01,total_degree,share_monthly_network_flow,0.959093420388149
2024-10-01,total_strength,betweenness,0.500994958319748
2024-10-01,total_strength,pagerank,0.9435700695887486
2024-10-01,total_strength,eigenvector,0.962034101884469
2024-10-01,total_strength,share_monthly_network_flow,0.9948623713747362
2024-10-01,betweenness,pagerank,0.5224927169716443
2024-10-01,betweenness,eigenvector,0.3938591036607204
2024-10-01,betweenness,share_monthly_network_flow,0.4303357342263408
2024-10-01,pagerank,eigenvector,0.9129837851619081
2024-10-01,pagerank,share_monthly_network_flow,0.9322428952798449
2024-10-01,eigenvector,share_monthly_network_flow,0.9692770049422181
2024-11-01,node_throughput,total_voyages,0.9906472371133509
2024-11-01,node_throughput,total_route_exposure,0.9875993361017008
2024-11-01,node_throughput,total_degree,0.9670217220071154
2024-11-01,node_throughput,total_strength,0.9937259964132514
2024-11-01,node_throughput,betweenness,0.46143906588020395
2024-11-01,node_throughput,pagerank,0.9519388744317899
2024-11-01,node_throughput,eigenvector,0.9759459845307696
2024-11-01,node_throughput,share_monthly_network_flow,0.9999999999999999
2024-11-01,total_voyages,total_route_exposure,0.9953911009399472
2024-11-01,total_voyages,total_degree,0.9744216810857941
2024-11-01,total_voyages,total_strength,0.9847731437424964
2024-11-01,total_voyages,betweenness,0.449743775475624
2024-11-01,total_voyages,pagerank,0.9493012218632139
2024-11-01,total_voyages,eigenvector,0.9650604856145671
2024-11-01,total_voyages,share_monthly_network_flow,0.9906472371133509
2024-11-01,total_route_exposure,total_degree,0.9761690500700659
2024-11-01,total_route_exposure,total_strength,0.9808066809527632
2024-11-01,total_route_exposure,betweenness,0.44682078607408265
2024-11-01,total_route_exposure,pagerank,0.947530635943763
2024-11-01,total_route_exposure,eigenvector,0.9627064759489583
2024-11-01,total_route_exposure,share_monthly_network_flow,0.9875993361017009
2024-11-01,total_degree,total_strength,0.9786534280899372
2024-11-01,total_degree,betweenness,0.5588221660989097
2024-11-01,total_degree,pagerank,0.9573560196735414
2024-11-01,total_degree,eigenvector,0.9510422690517517
2024-11-01,total_degree,share_monthly_network_flow,0.9670217220071154
2024-11-01,total_strength,betweenness,0.5365869091237995
2024-11-01,total_strength,pagerank,0.9580997081261675
2024-11-01,total_strength,eigenvector,0.973239928581437
2024-11-01,total_strength,share_monthly_network_flow,0.9937259964132514
2024-11-01,betweenness,pagerank,0.5286656187011913
2024-11-01,betweenness,eigenvector,0.46679538248798946
2024-11-01,betweenness,share_monthly_network_flow,0.46143906588020395
2024-11-01,pagerank,eigenvector,0.9404790884003061
2024-11-01,pagerank,share_monthly_network_flow,0.9519388744317899
2024-11-01,eigenvector,share_monthly_network_flow,0.9759459845307696
2024-12-01,node_throughput,total_voyages,0.9899113282567098
2024-12-01,node_throughput,total_route_exposure,0.9870374992054064
2024-12-01,node_throughput,total_degree,0.9668577614781401
2024-12-01,node_throughput,total_strength,0.9954602056553663
2024-12-01,node_throughput,betweenness,0.45209875932009597
2024-12-01,node_throughput,pagerank,0.941749543697913
2024-12-01,node_throughput,eigenvector,0.9539680548830618
2024-12-01,node_throughput,share_monthly_network_flow,0.9999999999999999
2024-12-01,total_voyages,total_route_exposure,0.9954018948740238
2024-12-01,total_voyages,total_degree,0.9782703004780453
2024-12-01,total_voyages,total_strength,0.9883238243146308
2024-12-01,total_voyages,betweenness,0.45982519454188137
2024-12-01,total_voyages,pagerank,0.939810260477498
2024-12-01,total_voyages,eigenvector,0.9474006543419891
2024-12-01,total_voyages,share_monthly_network_flow,0.9899113282567099
2024-12-01,total_route_exposure,total_degree,0.9830517360055953
2024-12-01,total_route_exposure,total_strength,0.9863615294511358
2024-12-01,total_route_exposure,betweenness,0.47737573601278477
2024-12-01,total_route_exposure,pagerank,0.9397401064630213
2024-12-01,total_route_exposure,eigenvector,0.9455951634634948
2024-12-01,total_route_exposure,share_monthly_network_flow,0.9870374992054063
2024-12-01,total_degree,total_strength,0.9756790646747321
2024-12-01,total_degree,betweenness,0.5393560580898423
2024-12-01,total_degree,pagerank,0.9543721742924962
2024-12-01,total_degree,eigenvector,0.9398779447876447
2024-12-01,total_degree,share_monthly_network_flow,0.9668577614781401
2024-12-01,total_strength,betweenness,0.51181894200717
2024-12-01,total_strength,pagerank,0.9464800871027604
2024-12-01,total_strength,eigenvector,0.9586386470975286
2024-12-01,total_strength,share_monthly_network_flow,0.9954602056553664
2024-12-01,betweenness,pagerank,0.5060892711186984
2024-12-01,betweenness,eigenvector,0.4499366626627589
2024-12-01,betweenness,share_monthly_network_flow,0.45209875932009597
2024-12-01,pagerank,eigenvector,0.9333169570579709
2024-12-01,pagerank,share_monthly_network_flow,0.941749543697913
2024-12-01,eigenvector,share_monthly_network_flow,0.9539680548830618
