period_month,node_id,node_type,is_active,degree_undirected,is_articulation_point,global_bridge_count,global_bridge_share,local_bridge_only_count,local_bridge_only_share
2020-01-01,CP001,chokepoint,1,4,0,0,0.0,1,0.25
2020-01-01,CP002,chokepoint,1,9,1,3,0.3333333333333333,4,0.4444444444444444
2020-01-01,CP004,chokepoint,1,2,0,0,0.0,2,1.0
2020-01-01,CP005,chokepoint,1,4,1,1,0.25,3,0.75
2020-01-01,CP006,chokepoint,1,6,1,3,0.5,3,0.5
2020-01-01,CP007,chokepoint,1,4,1,1,0.25,3,0.75
2020-01-01,CP008,chokepoint,1,14,1,5,0.35714285714285715,1,0.07142857142857142
2020-01-01,CP009,chokepoint,1,9,1,2,0.2222222222222222,2,0.2222222222222222
2020-01-01,CP010,chokepoint,1,3,1,3,1.0,0,0.0
2020-01-01,CP011,chokepoint,1,14,1,7,0.5,7,0.5
2020-01-01,CP012,chokepoint,1,5,0,0,0.0,3,0.6
2020-01-01,CP013,chokepoint,1,4,0,0,0.0,0,0.0
2020-01-01,CP014,chokepoint,1,4,0,0,0.0,4,1.0
2020-01-01,CP015,chokepoint,1,4,1,1,0.25,3,0.75
2020-01-01,CP016,chokepoint,1,8,1,3,0.375,5,0.625
2020-01-01,CP017,chokepoint,1,4,1,2,0.5,2,0.5
2020-01-01,CP018,chokepoint,1,2,0,0,0.0,2,1.0
2020-01-01,CP019,chokepoint,1,2,0,0,0.0,2,1.0
2020-01-01,CP020,chokepoint,1,2,0,0,0.0,2,1.0
2020-01-01,CP021,chokepoint,0,0,0,0,0.0,0,0.0
2020-01-01,CP022,chokepoint,1,4,1,1,0.25,3,0.75
2020-01-01,CP023,chokepoint,0,0,0,0,0.0,0,0.0
2020-01-01,CP024,chokepoint,0,0,0,0,0.0,0,0.0
2020-01-01,CP027,chokepoint,1,5,1,2,0.4,3,0.6
2020-01-01,LNGN0004,terminal,0,0,0,0,0.0,0,0.0
2020-01-01,LNGN0006,terminal,0,0,0,0,0.0,0,0.0
2020-01-01,LNGN0008,terminal,0,0,0,0,0.0,0,0.0
2020-01-01,LNGN0013,terminal,0,0,0,0,0.0,0,0.0
2020-01-01,LNGN0017,terminal,0,0,0,0,0.0,0,0.0
2020-01-01,LNGN0025,terminal,0,0,0,0,0.0,0,0.0
2020-01-01,LNGN0026,terminal,1,2,1,2,1.0,0,0.0
2020-01-01,LNGN0027,terminal,1,4,1,2,0.5,2,0.5
2020-01-01,LNGN0031,terminal,0,0,0,0,0.0,0,0.0
2020-01-01,LNGN0035,terminal,1,1,0,1,1.0,0,0.0
2020-01-01,LNGN0037,terminal,1,2,1,2,1.0,0,0.0
2020-01-01,LNGN0039,terminal,0,0,0,0,0.0,0,0.0
2020-01-01,LNGN0040,terminal,1,1,0,1,1.0,0,0.0
2020-01-01,LNGN0044,terminal,0,0,0,0,0.0,0,0.0
2020-01-01,LNGN0045,terminal,0,0,0,0,0.0,0,0.0
2020-01-01,LNGN0050,terminal,1,4,0,0,0.0,1,0.25
2020-01-01,LNGN0052,terminal,0,0,0,0,0.0,0,0.0
2020-01-01,LNGN0055,terminal,0,0,0,0,0.0,0,0.0
2020-01-01,LNGN0056,terminal,1,1,0,1,1.0,0,0.0
2020-01-01,LNGN0059,terminal,0,0,0,0,0.0,0,0.0
2020-01-01,LNGN0069,terminal,0,0,0,0,0.0,0,0.0
2020-01-01,LNGN0070,terminal,1,2,1,2,1.0,0,0.0
2020-01-01,LNGN0074,terminal,0,0,0,0,0.0,0,0.0
2020-01-01,LNGN0075,terminal,0,0,0,0,0.0,0,0.0
2020-01-01,LNGN0076,terminal,0,0,0,0,0.0,0,0.0
2020-01-01,LNGN0079,terminal,1,1,0,1,1.0,0,0.0
2020-01-01,LNGN0081,terminal,1,1,0,1,1.0,0,0.0
2020-01-01,LNGN0083,terminal,0,0,0,0,0.0,0,0.0
2020-01-01,LNGN0085,terminal,1,1,0,1,1.0,0,0.0
2020-01-01,LNGN0087,terminal,0,0,0,0,0.0,0,0.0
2020-01-01,LNGN0097,terminal,1,1,0,1,1.0,0,0.0
2020-01-01,LNGN0098,terminal,0,0,0,0,0.0,0,0.0
2020-01-01,LNGN0100,terminal,0,0,0,0,0.0,0,0.0
2020-01-01,LNGN0101,terminal,0,0,0,0,0.0,0,0.0
2020-01-01,LNGN0102,terminal,0,0,0,0,0.0,0,0.0
2020-01-01,LNGN0103,terminal,1,1,0,1,1.0,0,0.0
2020-01-01,LNGN0108,terminal,0,0,0,0,0.0,0,0.0
2020-01-01,LNGN0109,terminal,0,0,0,0,0.0,0,0.0
2020-01-01,LNGN0112,terminal,1,1,0,1,1.0,0,0.0
2020-01-01,LNGN0115,terminal,0,0,0,0,0.0,0,0.0
2020-01-01,LNGN0121,terminal,1,1,0,1,1.0,0,0.0
2020-01-01,LNGN0122,terminal,0,0,0,0,0.0,0,0.0
2020-01-01,LNGN0124,terminal,1,1,0,1,1.0,0,0.0
2020-01-01,LNGN0130,terminal,1,2,1,2,1.0,0,0.0
2020-01-01,LNGN0132,terminal,1,2,0,0,0.0,2,1.0
2020-01-01,LNGN0136,terminal,0,0,0,0,0.0,0,0.0
2020-01-01,LNGN0138,terminal,0,0,0,0,0.0,0,0.0
2020-01-01,LNGN0142,terminal,1,2,0,0,0.0,2,1.0
2020-01-01,LNGN0143,terminal,0,0,0,0,0.0,0,0.0
2020-01-01,LNGN0144,terminal,1,3,0,0,0.0,1,0.3333333333333333
2020-01-01,LNGN0148,terminal,0,0,0,0,0.0,0,0.0
2020-01-01,LNGN0150,terminal,1,1,0,1,1.0,0,0.0
2020-01-01,LNGN0156,terminal,0,0,0,0,0.0,0,0.0
2020-01-01,LNGN0163,terminal,0,0,0,0,0.0,0,0.0
2020-01-01,LNGN0164,terminal,0,0,0,0,0.0,0,0.0
2020-01-01,LNGN0165,terminal,0,0,0,0,0.0,0,0.0
2020-01-01,LNGN0166,terminal,1,4,1,1,0.25,3,0.75
2020-01-01,LNGN0168,terminal,1,3,0,0,0.0,3,1.0
2020-01-01,LNGN0170,terminal,0,0,0,0,0.0,0,0.0
2020-01-01,LNGN0173,terminal,1,3,0,0,0.0,3,1.0
2020-01-01,LNGN0174,terminal,1,1,0,1,1.0,0,0.0
2020-01-01,LNGN0175,terminal,0,0,0,0,0.0,0,0.0
2020-01-01,LNGN0176,terminal,0,0,0,0,0.0,0,0.0
2020-01-01,LNGN0178,terminal,1,1,0,1,1.0,0,0.0
2020-01-01,LNGN0180,terminal,0,0,0,0,0.0,0,0.0
2020-01-01,LNGN0181,terminal,1,2,0,0,0.0,2,1.0
2020-01-01,LNGN0182,terminal,0,0,0,0,0.0,0,0.0
2020-01-01,LNGN0186,terminal,1,2,0,0,0.0,0,0.0
2020-01-01,LNGN0190,terminal,0,0,0,0,0.0,0,0.0
2020-01-01,LNGN0191,terminal,0,0,0,0,0.0,0,0.0
2020-01-01,LNGN0195,terminal,1,1,0,1,1.0,0,0.0
2020-01-01,LNGN0199,terminal,0,0,0,0,0.0,0,0.0
2020-01-01,LNGN0206,terminal,0,0,0,0,0.0,0,0.0
2020-01-01,LNGN0207,terminal,1,1,0,1,1.0,0,0.0
2020-01-01,LNGN0208,terminal,0,0,0,0,0.0,0,0.0
2020-01-01,LNGN0210,terminal,0,0,0,0,0.0,0,0.0
2020-01-01,LNGN0212,terminal,0,0,0,0,0.0,0,0.0
2020-01-01,LNGN0219,terminal,0,0,0,0,0.0,0,0.0
2020-01-01,LNGN0222,terminal,1,1,0,1,1.0,0,0.0
2020-01-01,LNGN0230,terminal,1,1,0,1,1.0,0,0.0
2020-01-01,LNGN0232,terminal,1,2,0,0,0.0,0,0.0
2020-01-01,LNGN0237,terminal,1,1,0,1,1.0,0,0.0
2020-01-01,LNGN0238,terminal,0,0,0,0,0.0,0,0.0
2020-01-01,LNGN0241,terminal,0,0,0,0,0.0,0,0.0
2020-01-01,LNGN0243,terminal,0,0,0,0,0.0,0,0.0
2020-01-01,LNGN0244,terminal,1,2,0,0,0.0,2,1.0
2020-01-01,LNGN0248,terminal,0,0,0,0,0.0,0,0.0
2020-01-01,LNGN0250,terminal,0,0,0,0,0.0,0,0.0
2020-01-01,LNGN0251,terminal,0,0,0,0,0.0,0,0.0
2020-01-01,LNGN0253,terminal,0,0,0,0,0.0,0,0.0
2020-01-01,LNGN0258,terminal,0,0,0,0,0.0,0,0.0
2020-01-01,LNGN0261,terminal,1,4,0,0,0.0,4,1.0
2020-01-01,LNGN0262,terminal,0,0,0,0,0.0,0,0.0
2020-01-01,LNGN0268,terminal,0,0,0,0,0.0,0,0.0
2020-01-01,LNGN0270,terminal,1,1,0,1,1.0,0,0.0
2020-01-01,LNGN0272,terminal,0,0,0,0,0.0,0,0.0
2020-01-01,LNGN0274,terminal,1,1,0,1,1.0,0,0.0
2020-01-01,LNGN0278,terminal,1,1,0,1,1.0,0,0.0
2020-01-01,LNGN0285,terminal,0,0,0,0,0.0,0,0.0
2020-01-01,LNGN0287,terminal,0,0,0,0,0.0,0,0.0
2020-01-01,LNGN0288,terminal,0,0,0,0,0.0,0,0.0
2020-01-01,LNGN0290,terminal,0,0,0,0,0.0,0,0.0
2020-01-01,LNGN0291,terminal,1,1,0,1,1.0,0,0.0
2020-01-01,LNGN0293,terminal,0,0,0,0,0.0,0,0.0
2020-01-01,LNGN0294,terminal,0,0,0,0,0.0,0,0.0
2020-01-01,LNGN0297,terminal,1,2,0,0,0.0,2,1.0
2020-01-01,LNGN0299,terminal,0,0,0,0,0.0,0,0.0
2020-01-01,LNGN0307,terminal,0,0,0,0,0.0,0,0.0
2020-01-01,LNGN0308,terminal,0,0,0,0,0.0,0,0.0
2020-01-01,LNGN0309,terminal,0,0,0,0,0.0,0,0.0
2020-01-01,LNGN0312,terminal,1,1,0,1,1.0,0,0.0
2020-01-01,LNGN0314,terminal,1,2,0,0,0.0,2,1.0
2020-01-01,LNGN0319,terminal,1,1,0,1,1.0,0,0.0
2020-01-01,LNGN0322,terminal,1,4,1,1,0.25,3,0.75
2020-01-01,LNGN0324,terminal,0,0,0,0,0.0,0,0.0
2020-01-01,LNGN0328,terminal,1,1,0,1,1.0,0,0.0
2020-01-01,LNGN0331,terminal,0,0,0,0,0.0,0,0.0
2020-01-01,LNGN0334,terminal,1,1,0,1,1.0,0,0.0
2020-01-01,LNGN0344,terminal,0,0,0,0,0.0,0,0.0
2020-01-01,LNGN0345,terminal,1,4,0,0,0.0,2,0.5
2020-01-01,LNGN0347,terminal,0,0,0,0,0.0,0,0.0
2020-01-01,LNGN0348,terminal,1,1,0,1,1.0,0,0.0
2020-01-01,LNGN0351,terminal,1,2,0,0,0.0,0,0.0
2020-01-01,LNGN0354,terminal,0,0,0,0,0.0,0,0.0
2020-01-01,LNGN0359,terminal,1,1,0,1,1.0,0,0.0
2020-01-01,LNGN0361,terminal,0,0,0,0,0.0,0,0.0
2020-01-01,LNGN0362,terminal,0,0,0,0,0.0,0,0.0
2020-01-01,LNGN0363,terminal,1,1,0,1,1.0,0,0.0
2020-01-01,LNGN0364,terminal,0,0,0,0,0.0,0,0.0
2020-01-01,LNGN0372,terminal,0,0,0,0,0.0,0,0.0
2020-01-01,LNGN0374,terminal,1,2,0,0,0.0,2,1.0
2020-01-01,LNGN0378,terminal,0,0,0,0,0.0,0,0.0
2020-01-01,LNGN0381,terminal,1,3,0,0,0.0,3,1.0
2020-01-01,LNGN0382,terminal,0,0,0,0,0.0,0,0.0
2020-01-01,LNGN0385,terminal,1,4,0,0,0.0,1,0.25
2020-01-01,LNGN0391,terminal,0,0,0,0,0.0,0,0.0
2020-01-01,LNGN0398,terminal,1,1,0,1,1.0,0,0.0
2020-01-01,LNGN0405,terminal,0,0,0,0,0.0,0,0.0
2020-01-01,LNGN0421,terminal,1,1,0,1,1.0,0,0.0
2020-01-01,LNGN0423,terminal,0,0,0,0,0.0,0,0.0
2020-01-01,LNGN0425,terminal,0,0,0,0,0.0,0,0.0
2020-01-01,LNGN0426,terminal,0,0,0,0,0.0,0,0.0
2020-01-01,LNGN0427,terminal,1,1,0,1,1.0,0,0.0
2020-01-01,LNGN0428,terminal,1,1,0,1,1.0,0,0.0
2020-01-01,LNGN0429,terminal,1,2,0,0,0.0,2,1.0
2020-01-01,LNGN0435,terminal,1,1,0,1,1.0,0,0.0
2020-01-01,LNGN0437,terminal,1,1,0,1,1.0,0,0.0
2020-01-01,LNGN0441,terminal,1,1,0,1,1.0,0,0.0
2020-01-01,LNGN0442,terminal,0,0,0,0,0.0,0,0.0
2020-01-01,LNGN0447,terminal,1,1,0,1,1.0,0,0.0
2020-01-01,LNGN0449,terminal,1,1,0,1,1.0,0,0.0
2020-01-01,LNGN0452,terminal,1,5,0,0,0.0,1,0.2
2020-01-01,LNGN0453,terminal,0,0,0,0,0.0,0,0.0
2020-01-01,LNGN0460,terminal,1,4,0,0,0.0,2,0.5
2020-01-01,LNGN0463,terminal,1,1,0,1,1.0,0,0.0
2020-01-01,LNGN0464,terminal,1,2,0,0,0.0,0,0.0
2020-01-01,LNGN0472,terminal,1,1,0,1,1.0,0,0.0
2020-01-01,LNGN0473,terminal,0,0,0,0,0.0,0,0.0
2020-01-01,LNGN0474,terminal,1,1,0,1,1.0,0,0.0
2020-02-01,CP001,chokepoint,1,6,1,2,0.3333333333333333,1,0.16666666666666666
2020-02-01,CP002,chokepoint,1,7,1,3,0.42857142857142855,4,0.5714285714285714
2020-02-01,CP004,chokepoint,1,3,0,0,0.0,1,0.3333333333333333
2020-02-01,CP005,chokepoint,1,4,0,0,0.0,2,0.5
2020-02-01,CP006,chokepoint,1,8,1,4,0.5,2,0.25
2020-02-01,CP007,chokepoint,1,3,0,0,0.0,3,1.0
2020-02-01,CP008,chokepoint,1,13,1,3,0.23076923076923078,1,0.07692307692307693
2020-02-01,CP009,chokepoint,1,13,1,1,0.07692307692307693,2,0.15384615384615385
2020-02-01,CP010,chokepoint,1,2,1,2,1.0,0,0.0
2020-02-01,CP011,chokepoint,1,12,1,5,0.4166666666666667,4,0.3333333333333333
2020-02-01,CP012,chokepoint,1,2,0,0,0.0,2,1.0
2020-02-01,CP013,chokepoint,1,4,1,1,0.25,3,0.75
2020-02-01,CP014,chokepoint,1,4,1,1,0.25,3,0.75
2020-02-01,CP015,chokepoint,1,4,0,0,0.0,4,1.0
2020-02-01,CP016,chokepoint,1,10,1,5,0.5,5,0.5
2020-02-01,CP017,chokepoint,1,4,1,2,0.5,2,0.5
2020-02-01,CP018,chokepoint,0,0,0,0,0.0,0,0.0
2020-02-01,CP019,chokepoint,1,4,0,0,0.0,2,0.5
2020-02-01,CP020,chokepoint,1,2,0,0,0.0,2,1.0
2020-02-01,CP021,chokepoint,0,0,0,0,0.0,0,0.0
2020-02-01,CP022,chokepoint,1,3,0,0,0.0,3,1.0
2020-02-01,CP023,chokepoint,0,0,0,0,0.0,0,0.0
2020-02-01,CP024,chokepoint,0,0,0,0,0.0,0,0.0
2020-02-01,CP027,chokepoint,1,2,0,0,0.0,2,1.0
2020-02-01,LNGN0004,terminal,0,0,0,0,0.0,0,0.0
2020-02-01,LNGN0006,terminal,0,0,0,0,0.0,0,0.0
2020-02-01,LNGN0008,terminal,0,0,0,0,0.0,0,0.0
2020-02-01,LNGN0013,terminal,0,0,0,0,0.0,0,0.0
2020-02-01,LNGN0017,terminal,0,0,0,0,0.0,0,0.0
2020-02-01,LNGN0025,terminal,0,0,0,0,0.0,0,0.0
2020-02-01,LNGN0026,terminal,1,3,1,3,1.0,0,0.0
2020-02-01,LNGN0027,terminal,1,3,1,1,0.3333333333333333,0,0.0
2020-02-01,LNGN0031,terminal,0,0,0,0,0.0,0,0.0
2020-02-01,LNGN0035,terminal,1,1,0,1,1.0,0,0.0
2020-02-01,LNGN0037,terminal,1,2,0,0,0.0,2,1.0
2020-02-01,LNGN0039,terminal,0,0,0,0,0.0,0,0.0
2020-02-01,LNGN0040,terminal,0,0,0,0,0.0,0,0.0
2020-02-01,LNGN0044,terminal,0,0,0,0,0.0,0,0.0
2020-02-01,LNGN0045,terminal,0,0,0,0,0.0,0,0.0
2020-02-01,LNGN0050,terminal,1,3,0,0,0.0,0,0.0
2020-02-01,LNGN0052,terminal,0,0,0,0,0.0,0,0.0
2020-02-01,LNGN0055,terminal,0,0,0,0,0.0,0,0.0
2020-02-01,LNGN0056,terminal,1,2,0,0,0.0,0,0.0
2020-02-01,LNGN0059,terminal,0,0,0,0,0.0,0,0.0
2020-02-01,LNGN0069,terminal,0,0,0,0,0.0,0,0.0
2020-02-01,LNGN0070,terminal,1,4,0,0,0.0,2,0.5
2020-02-01,LNGN0074,terminal,0,0,0,0,0.0,0,0.0
2020-02-01,LNGN0075,terminal,0,0,0,0,0.0,0,0.0
2020-02-01,LNGN0076,terminal,0,0,0,0,0.0,0,0.0
2020-02-01,LNGN0079,terminal,1,1,0,1,1.0,0,0.0
2020-02-01,LNGN0081,terminal,1,1,0,1,1.0,0,0.0
2020-02-01,LNGN0083,terminal,0,0,0,0,0.0,0,0.0
2020-02-01,LNGN0085,terminal,1,1,0,1,1.0,0,0.0
2020-02-01,LNGN0087,terminal,0,0,0,0,0.0,0,0.0
2020-02-01,LNGN0097,terminal,1,1,0,1,1.0,0,0.0
2020-02-01,LNGN0098,terminal,1,1,0,1,1.0,0,0.0
2020-02-01,LNGN0100,terminal,0,0,0,0,0.0,0,0.0
2020-02-01,LNGN0101,terminal,0,0,0,0,0.0,0,0.0
2020-02-01,LNGN0102,terminal,0,0,0,0,0.0,0,0.0
2020-02-01,LNGN0103,terminal,0,0,0,0,0.0,0,0.0
2020-02-01,LNGN0108,terminal,0,0,0,0,0.0,0,0.0
2020-02-01,LNGN0109,terminal,0,0,0,0,0.0,0,0.0
2020-02-01,LNGN0112,terminal,0,0,0,0,0.0,0,0.0
2020-02-01,LNGN0115,terminal,0,0,0,0,0.0,0,0.0
2020-02-01,LNGN0121,terminal,1,2,1,2,1.0,0,0.0
2020-02-01,LNGN0122,terminal,0,0,0,0,0.0,0,0.0
2020-02-01,LNGN0124,terminal,1,2,0,0,0.0,2,1.0
2020-02-01,LNGN0130,terminal,1,2,0,0,0.0,0,0.0
2020-02-01,LNGN0132,terminal,1,3,0,0,0.0,0,0.0
2020-02-01,LNGN0136,terminal,0,0,0,0,0.0,0,0.0
2020-02-01,LNGN0138,terminal,0,0,0,0,0.0,0,0.0
2020-02-01,LNGN0142,terminal,1,2,0,0,0.0,2,1.0
2020-02-01,LNGN0143,terminal,0,0,0,0,0.0,0,0.0
2020-02-01,LNGN0144,terminal,1,2,0,0,0.0,0,0.0
2020-02-01,LNGN0148,terminal,0,0,0,0,0.0,0,0.0
2020-02-01,LNGN0150,terminal,0,0,0,0,0.0,0,0.0
2020-02-01,LNGN0156,terminal,0,0,0,0,0.0,0,0.0
2020-02-01,LNGN0163,terminal,0,0,0,0,0.0,0,0.0
2020-02-01,LNGN0164,terminal,1,1,0,1,1.0,0,0.0
2020-02-01,LNGN0165,terminal,0,0,0,0,0.0,0,0.0
2020-02-01,LNGN0166,terminal,1,4,1,1,0.25,1,0.25
2020-02-01,LNGN0168,terminal,1,2,0,0,0.0,2,1.0
2020-02-01,LNGN0170,terminal,0,0,0,0,0.0,0,0.0
2020-02-01,LNGN0173,terminal,1,3,0,0,0.0,3,1.0
2020-02-01,LNGN0174,terminal,0,0,0,0,0.0,0,0.0
2020-02-01,LNGN0175,terminal,0,0,0,0,0.0,0,0.0
2020-02-01,LNGN0176,terminal,0,0,0,0,0.0,0,0.0
2020-02-01,LNGN0178,terminal,1,2,0,0,0.0,2,1.0
2020-02-01,LNGN0180,terminal,0,0,0,0,0.0,0,0.0
2020-02-01,LNGN0181,terminal,1,1,0,1,1.0,0,0.0
2020-02-01,LNGN0182,terminal,0,0,0,0,0.0,0,0.0
2020-02-01,LNGN0186,terminal,1,2,0,0,0.0,0,0.0
2020-02-01,LNGN0190,terminal,0,0,0,0,0.0,0,0.0
2020-02-01,LNGN0191,terminal,0,0,0,0,0.0,0,0.0
2020-02-01,LNGN0195,terminal,0,0,0,0,0.0,0,0.0
2020-02-01,LNGN0199,terminal,0,0,0,0,0.0,0,0.0
2020-02-01,LNGN0206,terminal,0,0,0,0,0.0,0,0.0
2020-02-01,LNGN0207,terminal,1,1,0,1,1.0,0,0.0
2020-02-01,LNGN0208,terminal,0,0,0,0,0.0,0,0.0
2020-02-01,LNGN0210,terminal,0,0,0,0,0.0,0,0.0
2020-02-01,LNGN0212,terminal,0,0,0,0,0.0,0,0.0
2020-02-01,LNGN0219,terminal,0,0,0,0,0.0,0,0.0
2020-02-01,LNGN0222,terminal,1,1,0,1,1.0,0,0.0
2020-02-01,LNGN0230,terminal,1,4,0,0,0.0,1,0.25
2020-02-01,LNGN0232,terminal,1,1,0,1,1.0,0,0.0
2020-02-01,LNGN0237,terminal,1,1,0,1,1.0,0,0.0
2020-02-01,LNGN0238,terminal,0,0,0,0,0.0,0,0.0
2020-02-01,LNGN0241,terminal,1,1,0,1,1.0,0,0.0
2020-02-01,LNGN0243,terminal,0,0,0,0,0.0,0,0.0
2020-02-01,LNGN0244,terminal,1,2,0,0,0.0,2,1.0
2020-02-01,LNGN0248,terminal,0,0,0,0,0.0,0,0.0
2020-02-01,LNGN0250,terminal,0,0,0,0,0.0,0,0.0
2020-02-01,LNGN0251,terminal,1,1,0,1,1.0,0,0.0
2020-02-01,LNGN0253,terminal,0,0,0,0,0.0,0,0.0
2020-02-01,LNGN0258,terminal,0,0,0,0,0.0,0,0.0
2020-02-01,LNGN0261,terminal,1,4,0,0,0.0,4,1.0
2020-02-01,LNGN0262,terminal,0,0,0,0,0.0,0,0.0
2020-02-01,LNGN0268,terminal,0,0,0,0,0.0,0,0.0
2020-02-01,LNGN0270,terminal,0,0,0,0,0.0,0,0.0
2020-02-01,LNGN0272,terminal,0,0,0,0,0.0,0,0.0
2020-02-01,LNGN0274,terminal,0,0,0,0,0.0,0,0.0
2020-02-01,LNGN0278,terminal,1,1,0,1,1.0,0,0.0
2020-02-01,LNGN0285,terminal,0,0,0,0,0.0,0,0.0
2020-02-01,LNGN0287,terminal,1,1,0,1,1.0,0,0.0
2020-02-01,LNGN0288,terminal,0,0,0,0,0.0,0,0.0
2020-02-01,LNGN0290,terminal,0,0,0,0,0.0,0,0.0
2020-02-01,LNGN0291,terminal,1,1,0,1,1.0,0,0.0
2020-02-01,LNGN0293,terminal,0,0,0,0,0.0,0,0.0
2020-02-01,LNGN0294,terminal,0,0,0,0,0.0,0,0.0
2020-02-01,LNGN0297,terminal,1,2,0,0,0.0,2,1.0
2020-02-01,LNGN0299,terminal,0,0,0,0,0.0,0,0.0
2020-02-01,LNGN0307,terminal,0,0,0,0,0.0,0,0.0
2020-02-01,LNGN0308,terminal,0,0,0,0,0.0,0,0.0
2020-02-01,LNGN0309,terminal,0,0,0,0,0.0,0,0.0
2020-02-01,LNGN0312,terminal,0,0,0,0,0.0,0,0.0
2020-02-01,LNGN0314,terminal,1,2,0,0,0.0,2,1.0
2020-02-01,LNGN0319,terminal,1,1,0,1,1.0,0,0.0
2020-02-01,LNGN0322,terminal,1,4,1,2,0.5,2,0.5
2020-02-01,LNGN0324,terminal,1,1,0,1,1.0,0,0.0
2020-02-01,LNGN0328,terminal,1,1,0,1,1.0,0,0.0
2020-02-01,LNGN0331,terminal,1,1,0,1,1.0,0,0.0
2020-02-01,LNGN0334,terminal,1,1,0,1,1.0,0,0.0
2020-02-01,LNGN0344,terminal,0,0,0,0,0.0,0,0.0
2020-02-01,LNGN0345,terminal,1,4,0,0,0.0,2,0.5
2020-02-01,LNGN0347,terminal,0,0,0,0,0.0,0,0.0
2020-02-01,LNGN0348,terminal,0,0,0,0,0.0,0,0.0
2020-02-01,LNGN0351,terminal,0,0,0,0,0.0,0,0.0
2020-02-01,LNGN0354,terminal,0,0,0,0,0.0,0,0.0
2020-02-01,LNGN0359,terminal,1,1,0,1,1.0,0,0.0
2020-02-01,LNGN0361,terminal,0,0,0,0,0.0,0,0.0
2020-02-01,LNGN0362,terminal,0,0,0,0,0.0,0,0.0
2020-02-01,LNGN0363,terminal,1,1,0,1,1.0,0,0.0
2020-02-01,LNGN0364,terminal,0,0,0,0,0.0,0,0.0
2020-02-01,LNGN0372,terminal,0,0,0,0,0.0,0,0.0
2020-02-01,LNGN0374,terminal,1,3,0,0,0.0,3,1.0
2020-02-01,LNGN0378,terminal,0,0,0,0,0.0,0,0.0
2020-02-01,LNGN0381,terminal,1,1,0,1,1.0,0,0.0
2020-02-01,LNGN0382,terminal,0,0,0,0,0.0,0,0.0
2020-02-01,LNGN0385,terminal,1,3,0,0,0.0,1,0.3333333333333333
2020-02-01,LNGN0391,terminal,0,0,0,0,0.0,0,0.0
2020-02-01,LNGN0398,terminal,0,0,0,0,0.0,0,0.0
2020-02-01,LNGN0405,terminal,0,0,0,0,0.0,0,0.0
2020-02-01,LNGN0421,terminal,1,1,0,1,1.0,0,0.0
2020-02-01,LNGN0423,terminal,0,0,0,0,0.0,0,0.0
2020-02-01,LNGN0425,terminal,1,1,0,1,1.0,0,0.0
2020-02-01,LNGN0426,terminal,0,0,0,0,0.0,0,0.0
2020-02-01,LNGN0427,terminal,1,1,0,1,1.0,0,0.0
2020-02-01,LNGN0428,terminal,1,1,0,1,1.0,0,0.0
2020-02-01,LNGN0429,terminal,1,1,0,1,1.0,0,0.0
2020-02-01,LNGN0435,terminal,1,1,0,1,1.0,0,0.0
2020-02-01,LNGN0437,terminal,1,1,0,1,1.0,0,0.0
2020-02-01,LNGN0441,terminal,1,1,0,1,1.0,0,0.0
2020-02-01,LNGN0442,terminal,0,0,0,0,0.0,0,0.0
2020-02-01,LNGN0447,terminal,0,0,0,0,0.0,0,0.0
2020-02-01,LNGN0449,terminal,1,1,0,1,1.0,0,0.0
2020-02-01,LNGN0452,terminal,1,5,0,0,0.0,1,0.2
2020-02-01,LNGN0453,terminal,1,1,0,1,1.0,0,0.0
2020-02-01,LNGN0460,terminal,1,2,0,0,0.0,2,1.0
2020-02-01,LNGN0463,terminal,1,1,0,1,1.0,0,0.0
2020-02-01,LNGN0464,terminal,1,2,0,0,0.0,0,0.0
2020-02-01,LNGN0472,terminal,0,0,0,0,0.0,0,0.0
2020-02-01,LNGN0473,terminal,0,0,0,0,0.0,0,0.0
2020-02-01,LNGN0474,terminal,0,0,0,0,0.0,0,0.0
2020-03-01,CP001,chokepoint,1,5,1,2,0.4,1,0.2
2020-03-01,CP002,chokepoint,1,6,1,2,0.3333333333333333,4,0.6666666666666666
2020-03-01,CP004,chokepoint,1,3,0,0,0.0,1,0.3333333333333333
2020-03-01,CP005,chokepoint,1,4,0,0,0.0,2,0.5
2020-03-01,CP006,chokepoint,1,8,1,5,0.625,1,0.125
2020-03-01,CP007,chokepoint,1,4,1,1,0.25,3,0.75
2020-03-01,CP008,chokepoint,1,13,1,4,0.3076923076923077,0,0.0
2020-03-01,CP009,chokepoint,1,14,1,3,0.21428571428571427,1,0.07142857142857142
2020-03-01,CP010,chokepoint,1,4,1,2,0.5,0,0.0
2020-03-01,CP011,chokepoint,1,12,1,5,0.4166666666666667,4,0.3333333333333333
2020-03-01,CP012,chokepoint,1,3,0,0,0.0,3,1.0
2020-03-01,CP013,chokepoint,1,2,0,0,0.0,2,1.0
2020-03-01,CP014,chokepoint,1,2,0,0,0.0,2,1.0
2020-03-01,CP015,chokepoint,1,4,0,0,0.0,4,1.0
2020-03-01,CP016,chokepoint,1,10,1,4,0.4,6,0.6
2020-03-01,CP017,chokepoint,1,3,1,1,0.3333333333333333,2,0.6666666666666666
2020-03-01,CP018,chokepoint,1,3,0,0,0.0,3,1.0
2020-03-01,CP019,chokepoint,1,2,0,0,0.0,2,1.0
2020-03-01,CP020,chokepoint,1,2,0,0,0.0,2,1.0
2020-03-01,CP021,chokepoint,0,0,0,0,0.0,0,0.0
2020-03-01,CP022,chokepoint,1,4,0,0,0.0,4,1.0
2020-03-01,CP023,chokepoint,0,0,0,0,0.0,0,0.0
2020-03-01,CP024,chokepoint,0,0,0,0,0.0,0,0.0
2020-03-01,CP027,chokepoint,1,5,1,1,0.2,2,0.4
2020-03-01,LNGN0004,terminal,0,0,0,0,0.0,0,0.0
2020-03-01,LNGN0006,terminal,0,0,0,0,0.0,0,0.0
2020-03-01,LNGN0008,terminal,0,0,0,0,0.0,0,0.0
2020-03-01,LNGN0013,terminal,0,0,0,0,0.0,0,0.0
2020-03-01,LNGN0017,terminal,0,0,0,0,0.0,0,0.0
2020-03-01,LNGN0025,terminal,0,0,0,0,0.0,0,0.0
2020-03-01,LNGN0026,terminal,1,3,1,3,1.0,0,0.0
2020-03-01,LNGN0027,terminal,1,4,1,2,0.5,0,0.0
2020-03-01,LNGN0031,terminal,0,0,0,0,0.0,0,0.0
2020-03-01,LNGN0035,terminal,1,1,0,1,1.0,0,0.0
2020-03-01,LNGN0037,terminal,1,2,0,0,0.0,0,0.0
2020-03-01,LNGN0039,terminal,0,0,0,0,0.0,0,0.0
2020-03-01,LNGN0040,terminal,0,0,0,0,0.0,0,0.0
2020-03-01,LNGN0044,terminal,0,0,0,0,0.0,0,0.0
2020-03-01,LNGN0045,terminal,0,0,0,0,0.0,0,0.0
2020-03-01,LNGN0050,terminal,1,2,0,0,0.0,2,1.0
2020-03-01,LNGN0052,terminal,0,0,0,0,0.0,0,0.0
2020-03-01,LNGN0055,terminal,0,0,0,0,0.0,0,0.0
2020-03-01,LNGN0056,terminal,0,0,0,0,0.0,0,0.0
2020-03-01,LNGN0059,terminal,0,0,0,0,0.0,0,0.0
2020-03-01,LNGN0069,terminal,0,0,0,0,0.0,0,0.0
2020-03-01,LNGN0070,terminal,1,1,0,1,1.0,0,0.0
2020-03-01,LNGN0074,terminal,0,0,0,0,0.0,0,0.0
2020-03-01,LNGN0075,terminal,0,0,0,0,0.0,0,0.0
2020-03-01,LNGN0076,terminal,0,0,0,0,0.0,0,0.0
2020-03-01,LNGN0079,terminal,0,0,0,0,0.0,0,0.0
2020-03-01,LNGN0081,terminal,1,1,0,1,1.0,0,0.0
2020-03-01,LNGN0083,terminal,0,0,0,0,0.0,0,0.0
2020-03-01,LNGN0085,terminal,1,1,0,1,1.0,0,0.0
2020-03-01,LNGN0087,terminal,0,0,0,0,0.0,0,0.0
2020-03-01,LNGN0097,terminal,1,1,0,1,1.0,0,0.0
2020-03-01,LNGN0098,terminal,1,1,0,1,1.0,0,0.0
2020-03-01,LNGN0100,terminal,0,0,0,0,0.0,0,0.0
2020-03-01,LNGN0101,terminal,0,0,0,0,0.0,0,0.0
2020-03-01,LNGN0102,terminal,0,0,0,0,0.0,0,0.0
2020-03-01,LNGN0103,terminal,0,0,0,0,0.0,0,0.0
2020-03-01,LNGN0108,terminal,0,0,0,0,0.0,0,0.0
2020-03-01,LNGN0109,terminal,0,0,0,0,0.0,0,0.0
2020-03-01,LNGN0112,terminal,1,1,0,1,1.0,0,0.0
2020-03-01,LNGN0115,terminal,0,0,0,0,0.0,0,0.0
2020-03-01,LNGN0121,terminal,1,2,1,2,1.0,0,0.0
2020-03-01,LNGN0122,terminal,0,0,0,0,0.0,0,0.0
2020-03-01,LNGN0124,terminal,1,3,0,0,0.0,1,0.3333333333333333
2020-03-01,LNGN0130,terminal,1,1,0,1,1.0,0,0.0
2020-03-01,LNGN0132,terminal,1,3,0,0,0.0,0,0.0
2020-03-01,LNGN0136,terminal,0,0,0,0,0.0,0,0.0
2020-03-01,LNGN0138,terminal,0,0,0,0,0.0,0,0.0
2020-03-01,LNGN0142,terminal,1,2,0,0,0.0,2,1.0
2020-03-01,LNGN0143,terminal,0,0,0,0,0.0,0,0.0
2020-03-01,LNGN0144,terminal,1,1,0,1,1.0,0,0.0
2020-03-01,LNGN0148,terminal,0,0,0,0,0.0,0,0.0
2020-03-01,LNGN0150,terminal,0,0,0,0,0.0,0,0.0
2020-03-01,LNGN0156,terminal,0,0,0,0,0.0,0,0.0
2020-03-01,LNGN0163,terminal,0,0,0,0,0.0,0,0.0
2020-03-01,LNGN0164,terminal,0,0,0,0,0.0,0,0.0
2020-03-01,LNGN0165,terminal,0,0,0,0,0.0,0,0.0
2020-03-01,LNGN0166,terminal,1,5,0,0,0.0,1,0.2
2020-03-01,LNGN0168,terminal,1,3,0,0,0.0,1,0.3333333333333333
2020-03-01,LNGN0170,terminal,0,0,0,0,0.0,0,0.0
2020-03-01,LNGN0173,terminal,1,1,0,1,1.0,0,0.0
2020-03-01,LNGN0174,terminal,0,0,0,0,0.0,0,0.0
2020-03-01,LNGN0175,terminal,0,0,0,0,0.0,0,0.0
2020-03-01,LNGN0176,terminal,0,0,0,0,0.0,0,0.0
2020-03-01,LNGN0178,terminal,0,0,0,0,0.0,0,0.0
2020-03-01,LNGN0180,terminal,0,0,0,0,0.0,0,0.0
2020-03-01,LNGN0181,terminal,1,1,0,1,1.0,0,0.0
2020-03-01,LNGN0182,terminal,0,0,0,0,0.0,0,0.0
2020-03-01,LNGN0186,terminal,1,2,0,0,0.0,0,0.0
2020-03-01,LNGN0190,terminal,0,0,0,0,0.0,0,0.0
2020-03-01,LNGN0191,terminal,1,1,0,1,1.0,0,0.0
2020-03-01,LNGN0195,terminal,0,0,0,0,0.0,0,0.0
2020-03-01,LNGN0199,terminal,0,0,0,0,0.0,0,0.0
2020-03-01,LNGN0206,terminal,0,0,0,0,0.0,0,0.0
2020-03-01,LNGN0207,terminal,1,1,0,1,1.0,0,0.0
2020-03-01,LNGN0208,terminal,0,0,0,0,0.0,0,0.0
2020-03-01,LNGN0210,terminal,1,1,0,1,1.0,0,0.0
2020-03-01,LNGN0212,terminal,0,0,0,0,0.0,0,0.0
2020-03-01,LNGN0219,terminal,0,0,0,0,0.0,0,0.0
2020-03-01,LNGN0222,terminal,1,1,0,1,1.0,0,0.0
2020-03-01,LNGN0230,terminal,1,1,0,1,1.0,0,0.0
2020-03-01,LNGN0232,terminal,1,1,0,1,1.0,0,0.0
2020-03-01,LNGN0237,terminal,1,1,0,1,1.0,0,0.0
2020-03-01,LNGN0238,terminal,0,0,0,0,0.0,0,0.0
2020-03-01,LNGN0241,terminal,1,1,0,1,1.0,0,0.0
2020-03-01,LNGN0243,terminal,0,0,0,0,0.0,0,0.0
2020-03-01,LNGN0244,terminal,1,1,0,1,1.0,0,0.0
2020-03-01,LNGN0248,terminal,0,0,0,0,0.0,0,0.0
2020-03-01,LNGN0250,terminal,0,0,0,0,0.0,0,0.0
2020-03-01,LNGN0251,terminal,1,1,0,1,1.0,0,0.0
2020-03-01,LNGN0253,terminal,0,0,0,0,0.0,0,0.0
2020-03-01,LNGN0258,terminal,0,0,0,0,0.0,0,0.0
2020-03-01,LNGN0261,terminal,1,4,0,0,0.0,2,0.5
2020-03-01,LNGN0262,terminal,0,0,0,0,0.0,0,0.0
2020-03-01,LNGN0268,terminal,0,0,0,0,0.0,0,0.0
2020-03-01,LNGN0270,terminal,1,2,0,0,0.0,2,1.0
2020-03-01,LNGN0272,terminal,0,0,0,0,0.0,0,0.0
2020-03-01,LNGN0274,terminal,0,0,0,0,0.0,0,0.0
2020-03-01,LNGN0278,terminal,1,1,0,1,1.0,0,0.0
2020-03-01,LNGN0285,terminal,0,0,0,0,0.0,0,0.0
2020-03-01,LNGN0287,terminal,1,1,0,1,1.0,0,0.0
2020-03-01,LNGN0288,terminal,0,0,0,0,0.0,0,0.0
2020-03-01,LNGN0290,terminal,0,0,0,0,0.0,0,0.0
2020-03-01,LNGN0291,terminal,0,0,0,0,0.0,0,0.0
2020-03-01,LNGN0293,terminal,0,0,0,0,0.0,0,0.0
2020-03-01,LNGN0294,terminal,0,0,0,0,0.0,0,0.0
2020-03-01,LNGN0297,terminal,1,2,0,0,0.0,2,1.0
2020-03-01,LNGN0299,terminal,0,0,0,0,0.0,0,0.0
2020-03-01,LNGN0307,terminal,0,0,0,0,0.0,0,0.0
2020-03-01,LNGN0308,terminal,0,0,0,0,0.0,0,0.0
2020-03-01,LNGN0309,terminal,0,0,0,0,0.0,0,0.0
2020-03-01,LNGN0312,terminal,1,1,0,1,1.0,0,0.0
2020-03-01,LNGN0314,terminal,1,2,0,0,0.0,2,1.0
2020-03-01,LNGN0319,terminal,0,0,0,0,0.0,0,0.0
2020-03-01,LNGN0322,terminal,1,2,0,0,0.0,2,1.0
2020-03-01,LNGN0324,terminal,0,0,0,0,0.0,0,0.0
2020-03-01,LNGN0328,terminal,1,1,0,1,1.0,0,0.0
2020-03-01,LNGN0331,terminal,1,1,0,1,1.0,0,0.0
2020-03-01,LNGN0334,terminal,1,1,0,1,1.0,0,0.0
2020-03-01,LNGN0344,terminal,0,0,0,0,0.0,0,0.0
2020-03-01,LNGN0345,terminal,1,5,0,0,0.0,1,0.2
2020-03-01,LNGN0347,terminal,0,0,0,0,0.0,0,0.0
2020-03-01,LNGN0348,terminal,0,0,0,0,0.0,0,0.0
2020-03-01,LNGN0351,terminal,0,0,0,0,0.0,0,0.0
2020-03-01,LNGN0354,terminal,0,0,0,0,0.0,0,0.0
2020-03-01,LNGN0359,terminal,1,1,0,1,1.0,0,0.0
2020-03-01,LNGN0361,terminal,0,0,0,0,0.0,0,0.0
2020-03-01,LNGN0362,terminal,0,0,0,0,0.0,0,0.0
2020-03-01,LNGN0363,terminal,0,0,0,0,0.0,0,0.0
2020-03-01,LNGN0364,terminal,0,0,0,0,0.0,0,0.0
2020-03-01,LNGN0372,terminal,0,0,0,0,0.0,0,0.0
2020-03-01,LNGN0374,terminal,1,2,0,0,0.0,2,1.0
2020-03-01,LNGN0378,terminal,0,0,0,0,0.0,0,0.0
2020-03-01,LNGN0381,terminal,1,3,0,0,0.0,3,1.0
2020-03-01,LNGN0382,terminal,0,0,0,0,0.0,0,0.0
2020-03-01,LNGN0385,terminal,1,4,0,0,0.0,1,0.25
2020-03-01,LNGN0391,terminal,0,0,0,0,0.0,0,0.0
2020-03-01,LNGN0398,terminal,1,1,0,1,1.0,0,0.0
2020-03-01,LNGN0405,terminal,0,0,0,0,0.0,0,0.0
2020-03-01,LNGN0421,terminal,1,1,0,1,1.0,0,0.0
2020-03-01,LNGN0423,terminal,0,0,0,0,0.0,0,0.0
2020-03-01,LNGN0425,terminal,0,0,0,0,0.0,0,0.0
2020-03-01,LNGN0426,terminal,0,0,0,0,0.0,0,0.0
2020-03-01,LNGN0427,terminal,1,1,0,1,1.0,0,0.0
2020-03-01,LNGN0428,terminal,0,0,0,0,0.0,0,0.0
2020-03-01,LNGN0429,terminal,0,0,0,0,0.0,0,0.0
2020-03-01,LNGN0435,terminal,1,1,0,1,1.0,0,0.0
2020-03-01,LNGN0437,terminal,1,1,0,1,1.0,0,0.0
2020-03-01,LNGN0441,terminal,1,2,0,0,0.0,2,1.0
2020-03-01,LNGN0442,terminal,0,0,0,0,0.0,0,0.0
2020-03-01,LNGN0447,terminal,0,0,0,0,0.0,0,0.0
2020-03-01,LNGN0449,terminal,0,0,0,0,0.0,0,0.0
2020-03-01,LNGN0452,terminal,1,4,0,0,0.0,1,0.25
2020-03-01,LNGN0453,terminal,1,1,0,1,1.0,0,0.0
2020-03-01,LNGN0460,terminal,0,0,0,0,0.0,0,0.0
2020-03-01,LNGN0463,terminal,1,3,0,0,0.0,0,0.0
2020-03-01,LNGN0464,terminal,1,2,0,0,0.0,0,0.0
2020-03-01,LNGN0472,terminal,1,1,0,1,1.0,0,0.0
2020-03-01,LNGN0473,terminal,1,1,0,1,1.0,0,0.0
2020-03-01,LNGN0474,terminal,1,1,0,1,1.0,0,0.0
2020-04-01,CP001,chokepoint,1,4,0,0,0.0,1,0.25
2020-04-01,CP002,chokepoint,1,5,1,2,0.4,3,0.6
2020-04-01,CP004,chokepoint,1,3,0,0,0.0,1,0.3333333333333333
2020-04-01,CP005,chokepoint,1,3,0,0,0.0,3,1.0
2020-04-01,CP006,chokepoint,1,6,1,3,0.5,1,0.16666666666666666
2020-04-01,CP007,chokepoint,1,2,1,2,1.0,0,0.0
2020-04-01,CP008,chokepoint,1,13,1,3,0.23076923076923078,2,0.15384615384615385
2020-04-01,CP009,chokepoint,1,12,1,2,0.16666666666666666,1,0.08333333333333333
2020-04-01,CP010,chokepoint,1,4,1,2,0.5,0,0.0
2020-04-01,CP011,chokepoint,1,13,1,7,0.5384615384615384,3,0.23076923076923078
2020-04-01,CP012,chokepoint,1,6,1,2,0.3333333333333333,1,0.16666666666666666
2020-04-01,CP013,chokepoint,1,2,0,0,0.0,2,1.0
2020-04-01,CP014,chokepoint,1,2,0,0,0.0,2,1.0
2020-04-01,CP015,chokepoint,1,4,1,2,0.5,2,0.5
2020-04-01,CP016,chokepoint,1,3,1,1,0.3333333333333333,2,0.6666666666666666
2020-04-01,CP017,chokepoint,1,4,1,2,0.5,0,0.0
2020-04-01,CP018,chokepoint,0,0,0,0,0.0,0,0.0
2020-04-01,CP019,chokepoint,1,2,1,2,1.0,0,0.0
2020-04-01,CP020,chokepoint,1,2,0,0,0.0,2,1.0
2020-04-01,CP021,chokepoint,0,0,0,0,0.0,0,0.0
2020-04-01,CP022,chokepoint,1,6,1,2,0.3333333333333333,4,0.6666666666666666
2020-04-01,CP023,chokepoint,0,0,0,0,0.0,0,0.0
2020-04-01,CP024,chokepoint,0,0,0,0,0.0,0,0.0
2020-04-01,CP027,chokepoint,1,3,1,1,0.3333333333333333,2,0.6666666666666666
2020-04-01,LNGN0004,terminal,0,0,0,0,0.0,0,0.0
2020-04-01,LNGN0006,terminal,0,0,0,0,0.0,0,0.0
2020-04-01,LNGN0008,terminal,0,0,0,0,0.0,0,0.0
2020-04-01,LNGN0013,terminal,0,0,0,0,0.0,0,0.0
2020-04-01,LNGN0017,terminal,0,0,0,0,0.0,0,0.0
2020-04-01,LNGN0025,terminal,0,0,0,0,0.0,0,0.0
2020-04-01,LNGN0026,terminal,1,4,1,4,1.0,0,0.0
2020-04-01,LNGN0027,terminal,1,2,0,0,0.0,0,0.0
2020-04-01,LNGN0031,terminal,0,0,0,0,0.0,0,0.0
2020-04-01,LNGN0035,terminal,1,2,0,0,0.0,0,0.0
2020-04-01,LNGN0037,terminal,1,1,0,1,1.0,0,0.0
2020-04-01,LNGN0039,terminal,0,0,0,0,0.0,0,0.0
2020-04-01,LNGN0040,terminal,0,0,0,0,0.0,0,0.0
2020-04-01,LNGN0044,terminal,0,0,0,0,0.0,0,0.0
2020-04-01,LNGN0045,terminal,0,0,0,0,0.0,0,0.0
2020-04-01,LNGN0050,terminal,1,3,0,0,0.0,1,0.3333333333333333
2020-04-01,LNGN0052,terminal,0,0,0,0,0.0,0,0.0
2020-04-01,LNGN0055,terminal,0,0,0,0,0.0,0,0.0
2020-04-01,LNGN0056,terminal,1,1,0,1,1.0,0,0.0
2020-04-01,LNGN0059,terminal,0,0,0,0,0.0,0,0.0
2020-04-01,LNGN0069,terminal,0,0,0,0,0.0,0,0.0
2020-04-01,LNGN0070,terminal,1,2,1,2,1.0,0,0.0
2020-04-01,LNGN0074,terminal,0,0,0,0,0.0,0,0.0
2020-04-01,LNGN0075,terminal,0,0,0,0,0.0,0,0.0
2020-04-01,LNGN0076,terminal,0,0,0,0,0.0,0,0.0
2020-04-01,LNGN0079,terminal,0,0,0,0,0.0,0,0.0
2020-04-01,LNGN0081,terminal,1,1,0,1,1.0,0,0.0
2020-04-01,LNGN0083,terminal,0,0,0,0,0.0,0,0.0
2020-04-01,LNGN0085,terminal,1,1,0,1,1.0,0,0.0
2020-04-01,LNGN0087,terminal,0,0,0,0,0.0,0,0.0
2020-04-01,LNGN0097,terminal,1,1,0,1,1.0,0,0.0
2020-04-01,LNGN0098,terminal,0,0,0,0,0.0,0,0.0
2020-04-01,LNGN0100,terminal,0,0,0,0,0.0,0,0.0
2020-04-01,LNGN0101,terminal,0,0,0,0,0.0,0,0.0
2020-04-01,LNGN0102,terminal,0,0,0,0,0.0,0,0.0
2020-04-01,LNGN0103,terminal,0,0,0,0,0.0,0,0.0
2020-04-01,LNGN0108,terminal,0,0,0,0,0.0,0,0.0
2020-04-01,LNGN0109,terminal,0,0,0,0,0.0,0,0.0
2020-04-01,LNGN0112,terminal,0,0,0,0,0.0,0,0.0
2020-04-01,LNGN0115,terminal,0,0,0,0,0.0,0,0.0
2020-04-01,LNGN0121,terminal,1,1,0,1,1.0,0,0.0
2020-04-01,LNGN0122,terminal,0,0,0,0,0.0,0,0.0
2020-04-01,LNGN0124,terminal,1,3,0,0,0.0,1,0.3333333333333333
2020-04-01,LNGN0130,terminal,1,2,0,0,0.0,0,0.0
2020-04-01,LNGN0132,terminal,1,3,0,0,0.0,0,0.0
2020-04-01,LNGN0136,terminal,0,0,0,0,0.0,0,0.0
2020-04-01,LNGN0138,terminal,0,0,0,0,0.0,0,0.0
2020-04-01,LNGN0142,terminal,1,1,0,1,1.0,0,0.0
2020-04-01,LNGN0143,terminal,0,0,0,0,0.0,0,0.0
2020-04-01,LNGN0144,terminal,0,0,0,0,0.0,0,0.0
2020-04-01,LNGN0148,terminal,0,0,0,0,0.0,0,0.0
2020-04-01,LNGN0150,terminal,0,0,0,0,0.0,0,0.0
2020-04-01,LNGN0156,terminal,0,0,0,0,0.0,0,0.0
2020-04-01,LNGN0163,terminal,1,1,0,1,1.0,0,0.0
2020-04-01,LNGN0164,terminal,0,0,0,0,0.0,0,0.0
2020-04-01,LNGN0165,terminal,0,0,0,0,0.0,0,0.0
2020-04-01,LNGN0166,terminal,1,4,0,0,0.0,0,0.0
2020-04-01,LNGN0168,terminal,1,1,0,1,1.0,0,0.0
2020-04-01,LNGN0170,terminal,0,0,0,0,0.0,0,0.0
2020-04-01,LNGN0173,terminal,1,1,0,1,1.0,0,0.0
2020-04-01,LNGN0174,terminal,0,0,0,0,0.0,0,0.0
2020-04-01,LNGN0175,terminal,0,0,0,0,0.0,0,0.0
2020-04-01,LNGN0176,terminal,0,0,0,0,0.0,0,0.0
2020-04-01,LNGN0178,terminal,0,0,0,0,0.0,0,0.0
2020-04-01,LNGN0180,terminal,0,0,0,0,0.0,0,0.0
2020-04-01,LNGN0181,terminal,1,1,0,1,1.0,0,0.0
2020-04-01,LNGN0182,terminal,0,0,0,0,0.0,0,0.0
2020-04-01,LNGN0186,terminal,1,3,1,1,0.3333333333333333,0,0.0
2020-04-01,LNGN0190,terminal,0,0,0,0,0.0,0,0.0
2020-04-01,LNGN0191,terminal,0,0,0,0,0.0,0,0.0
2020-04-01,LNGN0195,terminal,0,0,0,0,0.0,0,0.0
2020-04-01,LNGN0199,terminal,0,0,0,0,0.0,0,0.0
2020-04-01,LNGN0206,terminal,0,0,0,0,0.0,0,0.0
2020-04-01,LNGN0207,terminal,1,1,0,1,1.0,0,0.0
2020-04-01,LNGN0208,terminal,0,0,0,0,0.0,0,0.0
2020-04-01,LNGN0210,terminal,1,1,0,1,1.0,0,0.0
2020-04-01,LNGN0212,terminal,0,0,0,0,0.0,0,0.0
2020-04-01,LNGN0219,terminal,0,0,0,0,0.0,0,0.0
2020-04-01,LNGN0222,terminal,0,0,0,0,0.0,0,0.0
2020-04-01,LNGN0230,terminal,0,0,0,0,0.0,0,0.0
2020-04-01,LNGN0232,terminal,1,1,0,1,1.0,0,0.0
2020-04-01,LNGN0237,terminal,0,0,0,0,0.0,0,0.0
2020-04-01,LNGN0238,terminal,0,0,0,0,0.0,0,0.0
2020-04-01,LNGN0241,terminal,0,0,0,0,0.0,0,0.0
2020-04-01,LNGN0243,terminal,0,0,0,0,0.0,0,0.0
2020-04-01,LNGN0244,terminal,1,2,0,0,0.0,2,1.0
2020-04-01,LNGN0248,terminal,0,0,0,0,0.0,0,0.0
2020-04-01,LNGN0250,terminal,0,0,0,0,0.0,0,0.0
2020-04-01,LNGN0251,terminal,0,0,0,0,0.0,0,0.0
2020-04-01,LNGN0253,terminal,0,0,0,0,0.0,0,0.0
2020-04-01,LNGN0258,terminal,0,0,0,0,0.0,0,0.0
2020-04-01,LNGN0261,terminal,0,0,0,0,0.0,0,0.0
2020-04-01,LNGN0262,terminal,0,0,0,0,0.0,0,0.0
2020-04-01,LNGN0268,terminal,0,0,0,0,0.0,0,0.0
2020-04-01,LNGN0270,terminal,0,0,0,0,0.0,0,0.0
2020-04-01,LNGN0272,terminal,1,1,0,1,1.0,0,0.0
2020-04-01,LNGN0274,terminal,0,0,0,0,0.0,0,0.0
2020-04-01,LNGN0278,terminal,1,1,0,1,1.0,0,0.0
2020-04-01,LNGN0285,terminal,0,0,0,0,0.0,0,0.0
2020-04-01,LNGN0287,terminal,0,0,0,0,0.0,0,0.0
2020-04-01,LNGN0288,terminal,0,0,0,0,0.0,0,0.0
2020-04-01,LNGN0290,terminal,0,0,0,0,0.0,0,0.0
2020-04-01,LNGN0291,terminal,0,0,0,0,0.0,0,0.0
2020-04-01,LNGN0293,terminal,0,0,0,0,0.0,0,0.0
2020-04-01,LNGN0294,terminal,0,0,0,0,0.0,0,0.0
2020-04-01,LNGN0297,terminal,1,2,0,0,0.0,2,1.0
2020-04-01,LNGN0299,terminal,0,0,0,0,0.0,0,0.0
2020-04-01,LNGN0307,terminal,0,0,0,0,0.0,0,0.0
2020-04-01,LNGN0308,terminal,0,0,0,0,0.0,0,0.0
2020-04-01,LNGN0309,terminal,0,0,0,0,0.0,0,0.0
2020-04-01,LNGN0312,terminal,1,1,0,1,1.0,0,0.0
2020-04-01,LNGN0314,terminal,1,2,0,0,0.0,0,0.0
2020-04-01,LNGN0319,terminal,1,1,0,1,1.0,0,0.0
2020-04-01,LNGN0322,terminal,0,0,0,0,0.0,0,0.0
2020-04-01,LNGN0324,terminal,1,1,0,1,1.0,0,0.0
2020-04-01,LNGN0328,terminal,1,1,0,1,1.0,0,0.0
2020-04-01,LNGN0331,terminal,0,0,0,0,0.0,0,0.0
2020-04-01,LNGN0334,terminal,0,0,0,0,0.0,0,0.0
2020-04-01,LNGN0344,terminal,0,0,0,0,0.0,0,0.0
2020-04-01,LNGN0345,terminal,1,3,0,0,0.0,3,1.0
2020-04-01,LNGN0347,terminal,1,1,0,1,1.0,0,0.0
2020-04-01,LNGN0348,terminal,0,0,0,0,0.0,0,0.0
2020-04-01,LNGN0351,terminal,0,0,0,0,0.0,0,0.0
2020-04-01,LNGN0354,terminal,0,0,0,0,0.0,0,0.0
2020-04-01,LNGN0359,terminal,0,0,0,0,0.0,0,0.0
2020-04-01,LNGN0361,terminal,0,0,0,0,0.0,0,0.0
2020-04-01,LNGN0362,terminal,0,0,0,0,0.0,0,0.0
2020-04-01,LNGN0363,terminal,0,0,0,0,0.0,0,0.0
2020-04-01,LNGN0364,terminal,0,0,0,0,0.0,0,0.0
2020-04-01,LNGN0372,terminal,0,0,0,0,0.0,0,0.0
2020-04-01,LNGN0374,terminal,1,1,0,1,1.0,0,0.0
2020-04-01,LNGN0378,terminal,0,0,0,0,0.0,0,0.0
2020-04-01,LNGN0381,terminal,1,2,0,0,0.0,2,1.0
2020-04-01,LNGN0382,terminal,0,0,0,0,0.0,0,0.0
2020-04-01,LNGN0385,terminal,1,2,0,0,0.0,2,1.0
2020-04-01,LNGN0391,terminal,0,0,0,0,0.0,0,0.0
2020-04-01,LNGN0398,terminal,1,1,0,1,1.0,0,0.0
2020-04-01,LNGN0405,terminal,0,0,0,0,0.0,0,0.0
2020-04-01,LNGN0421,terminal,1,1,0,1,1.0,0,0.0
2020-04-01,LNGN0423,terminal,0,0,0,0,0.0,0,0.0
2020-04-01,LNGN0425,terminal,0,0,0,0,0.0,0,0.0
2020-04-01,LNGN0426,terminal,1,1,0,1,1.0,0,0.0
2020-04-01,LNGN0427,terminal,1,1,0,1,1.0,0,0.0
2020-04-01,LNGN0428,terminal,0,0,0,0,0.0,0,0.0
2020-04-01,LNGN0429,terminal,0,0,0,0,0.0,0,0.0
2020-04-01,LNGN0435,terminal,1,1,0,1,1.0,0,0.0
2020-04-01,LNGN0437,terminal,1,1,0,1,1.0,0,0.0
2020-04-01,LNGN0441,terminal,1,1,0,1,1.0,0,0.0
2020-04-01,LNGN0442,terminal,0,0,0,0,0.0,0,0.0
2020-04-01,LNGN0447,terminal,0,0,0,0,0.0,0,0.0
2020-04-01,LNGN0449,terminal,1,1,0,1,1.0,0,0.0
2020-04-01,LNGN0452,terminal,1,4,0,0,0.0,1,0.25
2020-04-01,LNGN0453,terminal,0,0,0,0,0.0,0,0.0
2020-04-01,LNGN0460,terminal,1,1,0,1,1.0,0,0.0
2020-04-01,LNGN0463,terminal,0,0,0,0,0.0,0,0.0
2020-04-01,LNGN0464,terminal,1,2,0,0,0.0,0,0.0
2020-04-01,LNGN0472,terminal,1,1,0,1,1.0,0,0.0
2020-04-01,LNGN0473,terminal,1,1,0,1,1.0,0,0.0
2020-04-01,LNGN0474,terminal,1,1,0,1,1.0,0,0.0
2020-05-01,CP001,chokepoint,1,9,1,6,0.6666666666666666,1,0.1111111111111111
2020-05-01,CP002,chokepoint,1,6,1,3,0.5,3,0.5
2020-05-01,CP004,chokepoint,1,4,1,1,0.25,1,0.25
2020-05-01,CP005,chokepoint,1,5,1,1,0.2,2,0.4
2020-05-01,CP006,chokepoint,1,6,1,3,0.5,1,0.16666666666666666
2020-05-01,CP007,chokepoint,1,3,1,1,0.3333333333333333,2,0.6666666666666666
2020-05-01,CP008,chokepoint,1,10,1,4,0.4,1,0.1
2020-05-01,CP009,chokepoint,1,11,1,3,0.2727272727272727,0,0.0
2020-05-01,CP010,chokepoint,1,8,1,4,0.5,2,0.25
2020-05-01,CP011,chokepoint,1,12,1,4,0.3333333333333333,3,0.25
2020-05-01,CP012,chokepoint,1,7,1,3,0.42857142857142855,1,0.14285714285714285
2020-05-01,CP013,chokepoint,1,3,1,1,0.3333333333333333,2,0.6666666666666666
2020-05-01,CP014,chokepoint,1,2,1,2,1.0,0,0.0
2020-05-01,CP015,chokepoint,1,5,1,1,0.2,4,0.8
2020-05-01,CP016,chokepoint,1,9,1,7,0.7777777777777778,2,0.2222222222222222
2020-05-01,CP017,chokepoint,1,3,1,1,0.3333333333333333,0,0.0
2020-05-01,CP018,chokepoint,0,0,0,0,0.0,0,0.0
2020-05-01,CP019,chokepoint,1,3,1,1,0.3333333333333333,2,0.6666666666666666
2020-05-01,CP020,chokepoint,1,2,0,0,0.0,2,1.0
2020-05-01,CP021,chokepoint,0,0,0,0,0.0,0,0.0
2020-05-01,CP022,chokepoint,1,5,1,1,0.2,4,0.8
2020-05-01,CP023,chokepoint,0,0,0,0,0.0,0,0.0
2020-05-01,CP024,chokepoint,0,0,0,0,0.0,0,0.0
2020-05-01,CP027,chokepoint,1,3,0,0,0.0,3,1.0
2020-05-01,LNGN0004,terminal,0,0,0,0,0.0,0,0.0
2020-05-01,LNGN0006,terminal,0,0,0,0,0.0,0,0.0
2020-05-01,LNGN0008,terminal,0,0,0,0,0.0,0,0.0
2020-05-01,LNGN0013,terminal,0,0,0,0,0.0,0,0.0
2020-05-01,LNGN0017,terminal,1,1,0,1,1.0,0,0.0
2020-05-01,LNGN0025,terminal,0,0,0,0,0.0,0,0.0
2020-05-01,LNGN0026,terminal,1,2,1,2,1.0,0,0.0
2020-05-01,LNGN0027,terminal,1,1,0,1,1.0,0,0.0
2020-05-01,LNGN0031,terminal,0,0,0,0,0.0,0,0.0
2020-05-01,LNGN0035,terminal,1,1,0,1,1.0,0,0.0
2020-05-01,LNGN0037,terminal,1,1,0,1,1.0,0,0.0
2020-05-01,LNGN0039,terminal,0,0,0,0,0.0,0,0.0
2020-05-01,LNGN0040,terminal,1,1,0,1,1.0,0,0.0
2020-05-01,LNGN0044,terminal,0,0,0,0,0.0,0,0.0
2020-05-01,LNGN0045,terminal,0,0,0,0,0.0,0,0.0
2020-05-01,LNGN0050,terminal,1,4,0,0,0.0,2,0.5
2020-05-01,LNGN0052,terminal,1,1,0,1,1.0,0,0.0
2020-05-01,LNGN0055,terminal,0,0,0,0,0.0,0,0.0
2020-05-01,LNGN0056,terminal,1,1,0,1,1.0,0,0.0
2020-05-01,LNGN0059,terminal,0,0,0,0,0.0,0,0.0
2020-05-01,LNGN0069,terminal,0,0,0,0,0.0,0,0.0
2020-05-01,LNGN0070,terminal,1,2,1,2,1.0,0,0.0
2020-05-01,LNGN0074,terminal,0,0,0,0,0.0,0,0.0
2020-05-01,LNGN0075,terminal,0,0,0,0,0.0,0,0.0
2020-05-01,LNGN0076,terminal,0,0,0,0,0.0,0,0.0
2020-05-01,LNGN0079,terminal,0,0,0,0,0.0,0,0.0
2020-05-01,LNGN0081,terminal,1,1,0,1,1.0,0,0.0
2020-05-01,LNGN0083,terminal,0,0,0,0,0.0,0,0.0
2020-05-01,LNGN0085,terminal,1,2,1,2,1.0,0,0.0
2020-05-01,LNGN0087,terminal,0,0,0,0,0.0,0,0.0
2020-05-01,LNGN0097,terminal,1,1,0,1,1.0,0,0.0
2020-05-01,LNGN0098,terminal,0,0,0,0,0.0,0,0.0
2020-05-01,LNGN0100,terminal,0,0,0,0,0.0,0,0.0
2020-05-01,LNGN0101,terminal,0,0,0,0,0.0,0,0.0
2020-05-01,LNGN0102,terminal,0,0,0,0,0.0,0,0.0
2020-05-01,LNGN0103,terminal,0,0,0,0,0.0,0,0.0
2020-05-01,LNGN0108,terminal,1,1,0,1,1.0,0,0.0
2020-05-01,LNGN0109,terminal,0,0,0,0,0.0,0,0.0
2020-05-01,LNGN0112,terminal,0,0,0,0,0.0,0,0.0
2020-05-01,LNGN0115,terminal,0,0,0,0,0.0,0,0.0
2020-05-01,LNGN0121,terminal,1,2,1,2,1.0,0,0.0
2020-05-01,LNGN0122,terminal,0,0,0,0,0.0,0,0.0
2020-05-01,LNGN0124,terminal,1,2,0,0,0.0,2,1.0
2020-05-01,LNGN0130,terminal,1,1,0,1,1.0,0,0.0
2020-05-01,LNGN0132,terminal,1,2,0,0,0.0,0,0.0
2020-05-01,LNGN0136,terminal,1,1,0,1,1.0,0,0.0
2020-05-01,LNGN0138,terminal,0,0,0,0,0.0,0,0.0
2020-05-01,LNGN0142,terminal,1,1,0,1,1.0,0,0.0
2020-05-01,LNGN0143,terminal,0,0,0,0,0.0,0,0.0
2020-05-01,LNGN0144,terminal,0,0,0,0,0.0,0,0.0
2020-05-01,LNGN0148,terminal,0,0,0,0,0.0,0,0.0
2020-05-01,LNGN0150,terminal,1,1,0,1,1.0,0,0.0
2020-05-01,LNGN0156,terminal,0,0,0,0,0.0,0,0.0
2020-05-01,LNGN0163,terminal,0,0,0,0,0.0,0,0.0
2020-05-01,LNGN0164,terminal,0,0,0,0,0.0,0,0.0
2020-05-01,LNGN0165,terminal,0,0,0,0,0.0,0,0.0
2020-05-01,LNGN0166,terminal,1,2,0,0,0.0,0,0.0
2020-05-01,LNGN0168,terminal,1,2,0,0,0.0,0,0.0
2020-05-01,LNGN0170,terminal,0,0,0,0,0.0,0,0.0
2020-05-01,LNGN0173,terminal,1,2,1,2,1.0,0,0.0
2020-05-01,LNGN0174,terminal,0,0,0,0,0.0,0,0.0
2020-05-01,LNGN0175,terminal,0,0,0,0,0.0,0,0.0
2020-05-01,LNGN0176,terminal,0,0,0,0,0.0,0,0.0
2020-05-01,LNGN0178,terminal,1,1,0,1,1.0,0,0.0
2020-05-01,LNGN0180,terminal,0,0,0,0,0.0,0,0.0
2020-05-01,LNGN0181,terminal,1,2,0,0,0.0,0,0.0
2020-05-01,LNGN0182,terminal,0,0,0,0,0.0,0,0.0
2020-05-01,LNGN0186,terminal,1,1,0,1,1.0,0,0.0
2020-05-01,LNGN0190,terminal,0,0,0,0,0.0,0,0.0
2020-05-01,LNGN0191,terminal,1,1,0,1,1.0,0,0.0
2020-05-01,LNGN0195,terminal,0,0,0,0,0.0,0,0.0
2020-05-01,LNGN0199,terminal,1,1,0,1,1.0,0,0.0
2020-05-01,LNGN0206,terminal,0,0,0,0,0.0,0,0.0
2020-05-01,LNGN0207,terminal,1,1,0,1,1.0,0,0.0
2020-05-01,LNGN0208,terminal,0,0,0,0,0.0,0,0.0
2020-05-01,LNGN0210,terminal,1,1,0,1,1.0,0,0.0
2020-05-01,LNGN0212,terminal,0,0,0,0,0.0,0,0.0
2020-05-01,LNGN0219,terminal,0,0,0,0,0.0,0,0.0
2020-05-01,LNGN0222,terminal,1,1,0,1,1.0,0,0.0
2020-05-01,LNGN0230,terminal,1,3,0,0,0.0,1,0.3333333333333333
2020-05-01,LNGN0232,terminal,1,1,0,1,1.0,0,0.0
2020-05-01,LNGN0237,terminal,0,0,0,0,0.0,0,0.0
2020-05-01,LNGN0238,terminal,0,0,0,0,0.0,0,0.0
2020-05-01,LNGN0241,terminal,1,1,0,1,1.0,0,0.0
2020-05-01,LNGN0243,terminal,0,0,0,0,0.0,0,0.0
2020-05-01,LNGN0244,terminal,1,1,0,1,1.0,0,0.0
2020-05-01,LNGN0248,terminal,1,2,0,0,0.0,2,1.0
2020-05-01,LNGN0250,terminal,0,0,0,0,0.0,0,0.0
2020-05-01,LNGN0251,terminal,0,0,0,0,0.0,0,0.0
2020-05-01,LNGN0253,terminal,0,0,0,0,0.0,0,0.0
2020-05-01,LNGN0258,terminal,0,0,0,0,0.0,0,0.0
2020-05-01,LNGN0261,terminal,1,3,0,0,0.0,1,0.3333333333333333
2020-05-01,LNGN0262,terminal,0,0,0,0,0.0,0,0.0
2020-05-01,LNGN0268,terminal,0,0,0,0,0.0,0,0.0
2020-05-01,LNGN0270,terminal,1,1,0,1,1.0,0,0.0
2020-05-01,LNGN0272,terminal,0,0,0,0,0.0,0,0.0
2020-05-01,LNGN0274,terminal,0,0,0,0,0.0,0,0.0
2020-05-01,LNGN0278,terminal,0,0,0,0,0.0,0,0.0
2020-05-01,LNGN0285,terminal,0,0,0,0,0.0,0,0.0
2020-05-01,LNGN0287,terminal,0,0,0,0,0.0,0,0.0
2020-05-01,LNGN0288,terminal,0,0,0,0,0.0,0,0.0
2020-05-01,LNGN0290,terminal,0,0,0,0,0.0,0,0.0
2020-05-01,LNGN0291,terminal,1,1,0,1,1.0,0,0.0
2020-05-01,LNGN0293,terminal,0,0,0,0,0.0,0,0.0
2020-05-01,LNGN0294,terminal,0,0,0,0,0.0,0,0.0
2020-05-01,LNGN0297,terminal,1,2,0,0,0.0,2,1.0
2020-05-01,LNGN0299,terminal,0,0,0,0,0.0,0,0.0
2020-05-01,LNGN0307,terminal,0,0,0,0,0.0,0,0.0
2020-05-01,LNGN0308,terminal,0,0,0,0,0.0,0,0.0
2020-05-01,LNGN0309,terminal,0,0,0,0,0.0,0,0.0
2020-05-01,LNGN0312,terminal,0,0,0,0,0.0,0,0.0
2020-05-01,LNGN0314,terminal,1,1,0,1,1.0,0,0.0
2020-05-01,LNGN0319,terminal,1,1,0,1,1.0,0,0.0
2020-05-01,LNGN0322,terminal,1,1,0,1,1.0,0,0.0
2020-05-01,LNGN0324,terminal,1,1,0,1,1.0,0,0.0
2020-05-01,LNGN0328,terminal,1,1,0,1,1.0,0,0.0
2020-05-01,LNGN0331,terminal,1,2,0,0,0.0,0,0.0
2020-05-01,LNGN0334,terminal,0,0,0,0,0.0,0,0.0
2020-05-01,LNGN0344,terminal,0,0,0,0,0.0,0,0.0
2020-05-01,LNGN0345,terminal,1,4,0,0,0.0,4,1.0
2020-05-01,LNGN0347,terminal,1,1,0,1,1.0,0,0.0
2020-05-01,LNGN0348,terminal,0,0,0,0,0.0,0,0.0
2020-05-01,LNGN0351,terminal,1,1,0,1,1.0,0,0.0
2020-05-01,LNGN0354,terminal,1,1,0,1,1.0,0,0.0
2020-05-01,LNGN0359,terminal,1,1,0,1,1.0,0,0.0
2020-05-01,LNGN0361,terminal,0,0,0,0,0.0,0,0.0
2020-05-01,LNGN0362,terminal,0,0,0,0,0.0,0,0.0
2020-05-01,LNGN0363,terminal,0,0,0,0,0.0,0,0.0
2020-05-01,LNGN0364,terminal,0,0,0,0,0.0,0,0.0
2020-05-01,LNGN0372,terminal,0,0,0,0,0.0,0,0.0
2020-05-01,LNGN0374,terminal,0,0,0,0,0.0,0,0.0
2020-05-01,LNGN0378,terminal,0,0,0,0,0.0,0,0.0
2020-05-01,LNGN0381,terminal,1,1,0,1,1.0,0,0.0
2020-05-01,LNGN0382,terminal,0,0,0,0,0.0,0,0.0
2020-05-01,LNGN0385,terminal,1,1,0,1,1.0,0,0.0
2020-05-01,LNGN0391,terminal,0,0,0,0,0.0,0,0.0
2020-05-01,LNGN0398,terminal,0,0,0,0,0.0,0,0.0
2020-05-01,LNGN0405,terminal,0,0,0,0,0.0,0,0.0
2020-05-01,LNGN0421,terminal,1,1,0,1,1.0,0,0.0
2020-05-01,LNGN0423,terminal,0,0,0,0,0.0,0,0.0
2020-05-01,LNGN0425,terminal,0,0,0,0,0.0,0,0.0
2020-05-01,LNGN0426,terminal,1,1,0,1,1.0,0,0.0
2020-05-01,LNGN0427,terminal,1,1,0,1,1.0,0,0.0
2020-05-01,LNGN0428,terminal,0,0,0,0,0.0,0,0.0
2020-05-01,LNGN0429,terminal,0,0,0,0,0.0,0,0.0
2020-05-01,LNGN0435,terminal,1,2,1,2,1.0,0,0.0
2020-05-01,LNGN0437,terminal,1,1,0,1,1.0,0,0.0
2020-05-01,LNGN0441,terminal,1,2,0,0,0.0,2,1.0
2020-05-01,LNGN0442,terminal,0,0,0,0,0.0,0,0.0
2020-05-01,LNGN0447,terminal,0,0,0,0,0.0,0,0.0
2020-05-01,LNGN0449,terminal,0,0,0,0,0.0,0,0.0
2020-05-01,LNGN0452,terminal,1,3,0,0,0.0,0,0.0
2020-05-01,LNGN0453,terminal,1,1,0,1,1.0,0,0.0
2020-05-01,LNGN0460,terminal,1,1,0,1,1.0,0,0.0
2020-05-01,LNGN0463,terminal,1,2,0,0,0.0,2,1.0
2020-05-01,LNGN0464,terminal,1,2,0,0,0.0,0,0.0
2020-05-01,LNGN0472,terminal,1,1,0,1,1.0,0,0.0
2020-05-01,LNGN0473,terminal,0,0,0,0,0.0,0,0.0
2020-05-01,LNGN0474,terminal,1,1,0,1,1.0,0,0.0
2020-06-01,CP001,chokepoint,1,7,1,3,0.42857142857142855,4,0.5714285714285714
2020-06-01,CP002,chokepoint,1,3,1,3,1.0,0,0.0
2020-06-01,CP004,chokepoint,1,5,1,2,0.4,1,0.2
2020-06-01,CP005,chokepoint,1,7,1,2,0.2857142857142857,3,0.42857142857142855
2020-06-01,CP006,chokepoint,1,8,1,5,0.625,1,0.125
2020-06-01,CP007,chokepoint,1,4,1,1,0.25,3,0.75
2020-06-01,CP008,chokepoint,1,10,1,4,0.4,4,0.4
2020-06-01,CP009,chokepoint,1,5,1,2,0.4,0,0.0
2020-06-01,CP010,chokepoint,1,3,1,1,0.3333333333333333,2,0.6666666666666666
2020-06-01,CP011,chokepoint,1,7,1,5,0.7142857142857143,2,0.2857142857142857
2020-06-01,CP012,chokepoint,1,3,1,3,1.0,0,0.0
2020-06-01,CP013,chokepoint,1,4,1,4,1.0,0,0.0
2020-06-01,CP014,chokepoint,1,6,1,2,0.3333333333333333,4,0.6666666666666666
2020-06-01,CP015,chokepoint,1,3,0,0,0.0,3,1.0
2020-06-01,CP016,chokepoint,1,6,1,2,0.3333333333333333,4,0.6666666666666666
2020-06-01,CP017,chokepoint,1,3,1,3,1.0,0,0.0
2020-06-01,CP018,chokepoint,1,2,1,2,1.0,0,0.0
2020-06-01,CP019,chokepoint,1,4,0,0,0.0,4,1.0
2020-06-01,CP020,chokepoint,1,2,0,0,0.0,2,1.0
2020-06-01,CP021,chokepoint,0,0,0,0,0.0,0,0.0
2020-06-01,CP022,chokepoint,1,4,1,2,0.5,2,0.5
2020-06-01,CP023,chokepoint,0,0,0,0,0.0,0,0.0
2020-06-01,CP024,chokepoint,0,0,0,0,0.0,0,0.0
2020-06-01,CP027,chokepoint,1,5,1,1,0.2,4,0.8
2020-06-01,LNGN0004,terminal,0,0,0,0,0.0,0,0.0
2020-06-01,LNGN0006,terminal,0,0,0,0,0.0,0,0.0
2020-06-01,LNGN0008,terminal,0,0,0,0,0.0,0,0.0
2020-06-01,LNGN0013,terminal,0,0,0,0,0.0,0,0.0
2020-06-01,LNGN0017,terminal,0,0,0,0,0.0,0,0.0
2020-06-01,LNGN0025,terminal,0,0,0,0,0.0,0,0.0
2020-06-01,LNGN0026,terminal,1,4,1,2,0.5,2,0.5
2020-06-01,LNGN0027,terminal,1,2,1,2,1.0,0,0.0
2020-06-01,LNGN0031,terminal,0,0,0,0,0.0,0,0.0
2020-06-01,LNGN0035,terminal,1,1,0,1,1.0,0,0.0
2020-06-01,LNGN0037,terminal,0,0,0,0,0.0,0,0.0
2020-06-01,LNGN0039,terminal,0,0,0,0,0.0,0,0.0
2020-06-01,LNGN0040,terminal,1,1,0,1,1.0,0,0.0
2020-06-01,LNGN0044,terminal,0,0,0,0,0.0,0,0.0
2020-06-01,LNGN0045,terminal,0,0,0,0,0.0,0,0.0
2020-06-01,LNGN0050,terminal,1,2,0,0,0.0,2,1.0
2020-06-01,LNGN0052,terminal,1,1,0,1,1.0,0,0.0
2020-06-01,LNGN0055,terminal,0,0,0,0,0.0,0,0.0
2020-06-01,LNGN0056,terminal,1,1,0,1,1.0,0,0.0
2020-06-01,LNGN0059,terminal,0,0,0,0,0.0,0,0.0
2020-06-01,LNGN0069,terminal,0,0,0,0,0.0,0,0.0
2020-06-01,LNGN0070,terminal,0,0,0,0,0.0,0,0.0
2020-06-01,LNGN0074,terminal,0,0,0,0,0.0,0,0.0
2020-06-01,LNGN0075,terminal,0,0,0,0,0.0,0,0.0
2020-06-01,LNGN0076,terminal,0,0,0,0,0.0,0,0.0
2020-06-01,LNGN0079,terminal,0,0,0,0,0.0,0,0.0
2020-06-01,LNGN0081,terminal,1,1,0,1,1.0,0,0.0
2020-06-01,LNGN0083,terminal,0,0,0,0,0.0,0,0.0
2020-06-01,LNGN0085,terminal,1,1,0,1,1.0,0,0.0
2020-06-01,LNGN0087,terminal,0,0,0,0,0.0,0,0.0
2020-06-01,LNGN0097,terminal,1,1,0,1,1.0,0,0.0
2020-06-01,LNGN0098,terminal,0,0,0,0,0.0,0,0.0
2020-06-01,LNGN0100,terminal,0,0,0,0,0.0,0,0.0
2020-06-01,LNGN0101,terminal,0,0,0,0,0.0,0,0.0
2020-06-01,LNGN0102,terminal,0,0,0,0,0.0,0,0.0
2020-06-01,LNGN0103,terminal,0,0,0,0,0.0,0,0.0
2020-06-01,LNGN0108,terminal,0,0,0,0,0.0,0,0.0
2020-06-01,LNGN0109,terminal,0,0,0,0,0.0,0,0.0
2020-06-01,LNGN0112,terminal,0,0,0,0,0.0,0,0.0
2020-06-01,LNGN0115,terminal,0,0,0,0,0.0,0,0.0
2020-06-01,LNGN0121,terminal,1,2,0,0,0.0,2,1.0
2020-06-01,LNGN0122,terminal,0,0,0,0,0.0,0,0.0
2020-06-01,LNGN0124,terminal,1,1,0,1,1.0,0,0.0
2020-06-01,LNGN0130,terminal,1,1,0,1,1.0,0,0.0
2020-06-01,LNGN0132,terminal,1,1,0,1,1.0,0,0.0
2020-06-01,LNGN0136,terminal,0,0,0,0,0.0,0,0.0
2020-06-01,LNGN0138,terminal,0,0,0,0,0.0,0,0.0
2020-06-01,LNGN0142,terminal,0,0,0,0,0.0,0,0.0
2020-06-01,LNGN0143,terminal,0,0,0,0,0.0,0,0.0
2020-06-01,LNGN0144,terminal,1,2,0,0,0.0,2,1.0
2020-06-01,LNGN0148,terminal,0,0,0,0,0.0,0,0.0
2020-06-01,LNGN0150,terminal,0,0,0,0,0.0,0,0.0
2020-06-01,LNGN0156,terminal,0,0,0,0,0.0,0,0.0
2020-06-01,LNGN0163,terminal,0,0,0,0,0.0,0,0.0
2020-06-01,LNGN0164,terminal,0,0,0,0,0.0,0,0.0
2020-06-01,LNGN0165,terminal,0,0,0,0,0.0,0,0.0
2020-06-01,LNGN0166,terminal,1,2,0,0,0.0,2,1.0
2020-06-01,LNGN0168,terminal,1,1,0,1,1.0,0,0.0
2020-06-01,LNGN0170,terminal,1,1,0,1,1.0,0,0.0
2020-06-01,LNGN0173,terminal,0,0,0,0,0.0,0,0.0
2020-06-01,LNGN0174,terminal,0,0,0,0,0.0,0,0.0
2020-06-01,LNGN0175,terminal,0,0,0,0,0.0,0,0.0
2020-06-01,LNGN0176,terminal,0,0,0,0,0.0,0,0.0
2020-06-01,LNGN0178,terminal,1,1,0,1,1.0,0,0.0
2020-06-01,LNGN0180,terminal,0,0,0,0,0.0,0,0.0
2020-06-01,LNGN0181,terminal,1,1,0,1,1.0,0,0.0
2020-06-01,LNGN0182,terminal,0,0,0,0,0.0,0,0.0
2020-06-01,LNGN0186,terminal,1,2,0,0,0.0,2,1.0
2020-06-01,LNGN0190,terminal,0,0,0,0,0.0,0,0.0
2020-06-01,LNGN0191,terminal,1,1,0,1,1.0,0,0.0
2020-06-01,LNGN0195,terminal,1,2,0,0,0.0,2,1.0
2020-06-01,LNGN0199,terminal,1,1,0,1,1.0,0,0.0
2020-06-01,LNGN0206,terminal,0,0,0,0,0.0,0,0.0
2020-06-01,LNGN0207,terminal,1,1,0,1,1.0,0,0.0
2020-06-01,LNGN0208,terminal,1,1,0,1,1.0,0,0.0
2020-06-01,LNGN0210,terminal,1,1,0,1,1.0,0,0.0
2020-06-01,LNGN0212,terminal,0,0,0,0,0.0,0,0.0
2020-06-01,LNGN0219,terminal,0,0,0,0,0.0,0,0.0
2020-06-01,LNGN0222,terminal,0,0,0,0,0.0,0,0.0
2020-06-01,LNGN0230,terminal,1,1,0,1,1.0,0,0.0
2020-06-01,LNGN0232,terminal,1,1,0,1,1.0,0,0.0
2020-06-01,LNGN0237,terminal,0,0,0,0,0.0,0,0.0
2020-06-01,LNGN0238,terminal,0,0,0,0,0.0,0,0.0
2020-06-01,LNGN0241,terminal,0,0,0,0,0.0,0,0.0
2020-06-01,LNGN0243,terminal,0,0,0,0,0.0,0,0.0
2020-06-01,LNGN0244,terminal,1,1,0,1,1.0,0,0.0
2020-06-01,LNGN0248,terminal,1,1,0,1,1.0,0,0.0
2020-06-01,LNGN0250,terminal,0,0,0,0,0.0,0,0.0
2020-06-01,LNGN0251,terminal,1,1,0,1,1.0,0,0.0
2020-06-01,LNGN0253,terminal,0,0,0,0,0.0,0,0.0
2020-06-01,LNGN0258,terminal,0,0,0,0,0.0,0,0.0
2020-06-01,LNGN0261,terminal,1,2,0,0,0.0,2,1.0
2020-06-01,LNGN0262,terminal,0,0,0,0,0.0,0,0.0
2020-06-01,LNGN0268,terminal,0,0,0,0,0.0,0,0.0
2020-06-01,LNGN0270,terminal,1,2,0,0,0.0,2,1.0
2020-06-01,LNGN0272,terminal,0,0,0,0,0.0,0,0.0
2020-06-01,LNGN0274,terminal,0,0,0,0,0.0,0,0.0
2020-06-01,LNGN0278,terminal,1,2,1,2,1.0,0,0.0
2020-06-01,LNGN0285,terminal,0,0,0,0,0.0,0,0.0
2020-06-01,LNGN0287,terminal,0,0,0,0,0.0,0,0.0
2020-06-01,LNGN0288,terminal,0,0,0,0,0.0,0,0.0
2020-06-01,LNGN0290,terminal,0,0,0,0,0.0,0,0.0
2020-06-01,LNGN0291,terminal,0,0,0,0,0.0,0,0.0
2020-06-01,LNGN0293,terminal,0,0,0,0,0.0,0,0.0
2020-06-01,LNGN0294,terminal,0,0,0,0,0.0,0,0.0
2020-06-01,LNGN0297,terminal,1,2,0,0,0.0,2,1.0
2020-06-01,LNGN0299,terminal,0,0,0,0,0.0,0,0.0
2020-06-01,LNGN0307,terminal,0,0,0,0,0.0,0,0.0
2020-06-01,LNGN0308,terminal,0,0,0,0,0.0,0,0.0
2020-06-01,LNGN0309,terminal,0,0,0,0,0.0,0,0.0
2020-06-01,LNGN0312,terminal,0,0,0,0,0.0,0,0.0
2020-06-01,LNGN0314,terminal,0,0,0,0,0.0,0,0.0
2020-06-01,LNGN0319,terminal,0,0,0,0,0.0,0,0.0
2020-06-01,LNGN0322,terminal,1,1,0,1,1.0,0,0.0
2020-06-01,LNGN0324,terminal,0,0,0,0,0.0,0,0.0
2020-06-01,LNGN0328,terminal,1,1,0,1,1.0,0,0.0
2020-06-01,LNGN0331,terminal,1,1,0,1,1.0,0,0.0
2020-06-01,LNGN0334,terminal,0,0,0,0,0.0,0,0.0
2020-06-01,LNGN0344,terminal,0,0,0,0,0.0,0,0.0
2020-06-01,LNGN0345,terminal,1,3,0,0,0.0,3,1.0
2020-06-01,LNGN0347,terminal,0,0,0,0,0.0,0,0.0
2020-06-01,LNGN0348,terminal,0,0,0,0,0.0,0,0.0
2020-06-01,LNGN0351,terminal,0,0,0,0,0.0,0,0.0
2020-06-01,LNGN0354,terminal,1,1,0,1,1.0,0,0.0
2020-06-01,LNGN0359,terminal,1,1,0,1,1.0,0,0.0
2020-06-01,LNGN0361,terminal,1,1,0,1,1.0,0,0.0
2020-06-01,LNGN0362,terminal,0,0,0,0,0.0,0,0.0
2020-06-01,LNGN0363,terminal,0,0,0,0,0.0,0,0.0
2020-06-01,LNGN0364,terminal,0,0,0,0,0.0,0,0.0
2020-06-01,LNGN0372,terminal,1,1,0,1,1.0,0,0.0
2020-06-01,LNGN0374,terminal,1,1,0,1,1.0,0,0.0
2020-06-01,LNGN0378,terminal,1,1,0,1,1.0,0,0.0
2020-06-01,LNGN0381,terminal,1,2,0,0,0.0,2,1.0
2020-06-01,LNGN0382,terminal,0,0,0,0,0.0,0,0.0
2020-06-01,LNGN0385,terminal,1,1,0,1,1.0,0,0.0
2020-06-01,LNGN0391,terminal,0,0,0,0,0.0,0,0.0
2020-06-01,LNGN0398,terminal,1,1,0,1,1.0,0,0.0
2020-06-01,LNGN0405,terminal,0,0,0,0,0.0,0,0.0
2020-06-01,LNGN0421,terminal,1,1,0,1,1.0,0,0.0
2020-06-01,LNGN0423,terminal,0,0,0,0,0.0,0,0.0
2020-06-01,LNGN0425,terminal,0,0,0,0,0.0,0,0.0
2020-06-01,LNGN0426,terminal,1,1,0,1,1.0,0,0.0
2020-06-01,LNGN0427,terminal,0,0,0,0,0.0,0,0.0
2020-06-01,LNGN0428,terminal,1,1,0,1,1.0,0,0.0
2020-06-01,LNGN0429,terminal,0,0,0,0,0.0,0,0.0
2020-06-01,LNGN0435,terminal,0,0,0,0,0.0,0,0.0
2020-06-01,LNGN0437,terminal,1,1,0,1,1.0,0,0.0
2020-06-01,LNGN0441,terminal,1,2,0,0,0.0,2,1.0
2020-06-01,LNGN0442,terminal,0,0,0,0,0.0,0,0.0
2020-06-01,LNGN0447,terminal,0,0,0,0,0.0,0,0.0
2020-06-01,LNGN0449,terminal,1,1,0,1,1.0,0,0.0
2020-06-01,LNGN0452,terminal,1,8,1,4,0.5,1,0.125
2020-06-01,LNGN0453,terminal,0,0,0,0,0.0,0,0.0
2020-06-01,LNGN0460,terminal,1,1,0,1,1.0,0,0.0
2020-06-01,LNGN0463,terminal,1,3,0,0,0.0,3,1.0
2020-06-01,LNGN0464,terminal,1,2,0,0,0.0,0,0.0
2020-06-01,LNGN0472,terminal,1,1,0,1,1.0,0,0.0
2020-06-01,LNGN0473,terminal,1,1,0,1,1.0,0,0.0
2020-06-01,LNGN0474,terminal,0,0,0,0,0.0,0,0.0
2020-07-01,CP001,chokepoint,1,5,1,2,0.4,1,0.2
2020-07-01,CP002,chokepoint,1,5,1,2,0.4,3,0.6
2020-07-01,CP004,chokepoint,1,3,0,0,0.0,1,0.3333333333333333
2020-07-01,CP005,chokepoint,1,7,1,2,0.2857142857142857,1,0.14285714285714285
2020-07-01,CP006,chokepoint,1,7,1,5,0.7142857142857143,0,0.0
2020-07-01,CP007,chokepoint,0,0,0,0,0.0,0,0.0
2020-07-01,CP008,chokepoint,1,10,1,3,0.3,1,0.1
2020-07-01,CP009,chokepoint,1,10,1,3,0.3,1,0.1
2020-07-01,CP010,chokepoint,1,6,1,4,0.6666666666666666,0,0.0
2020-07-01,CP011,chokepoint,1,8,1,2,0.25,1,0.125
2020-07-01,CP012,chokepoint,1,5,1,1,0.2,1,0.2
2020-07-01,CP013,chokepoint,1,3,1,1,0.3333333333333333,2,0.6666666666666666
2020-07-01,CP014,chokepoint,1,4,1,2,0.5,2,0.5
2020-07-01,CP015,chokepoint,1,4,1,2,0.5,2,0.5
2020-07-01,CP016,chokepoint,1,8,1,4,0.5,4,0.5
2020-07-01,CP017,chokepoint,1,4,1,2,0.5,0,0.0
2020-07-01,CP018,chokepoint,0,0,0,0,0.0,0,0.0
2020-07-01,CP019,chokepoint,0,0,0,0,0.0,0,0.0
2020-07-01,CP020,chokepoint,1,2,0,0,0.0,2,1.0
2020-07-01,CP021,chokepoint,0,0,0,0,0.0,0,0.0
2020-07-01,CP022,chokepoint,1,3,0,0,0.0,3,1.0
2020-07-01,CP023,chokepoint,0,0,0,0,0.0,0,0.0
2020-07-01,CP024,chokepoint,1,2,1,2,1.0,0,0.0
2020-07-01,CP027,chokepoint,1,3,1,1,0.3333333333333333,2,0.6666666666666666
2020-07-01,LNGN0004,terminal,0,0,0,0,0.0,0,0.0
2020-07-01,LNGN0006,terminal,0,0,0,0,0.0,0,0.0
2020-07-01,LNGN0008,terminal,0,0,0,0,0.0,0,0.0
2020-07-01,LNGN0013,terminal,0,0,0,0,0.0,0,0.0
2020-07-01,LNGN0017,terminal,0,0,0,0,0.0,0,0.0
2020-07-01,LNGN0025,terminal,0,0,0,0,0.0,0,0.0
2020-07-01,LNGN0026,terminal,1,3,1,3,1.0,0,0.0
2020-07-01,LNGN0027,terminal,1,2,1,2,1.0,0,0.0
2020-07-01,LNGN0031,terminal,0,0,0,0,0.0,0,0.0
2020-07-01,LNGN0035,terminal,1,2,0,0,0.0,0,0.0
2020-07-01,LNGN0037,terminal,1,2,1,2,1.0,0,0.0
2020-07-01,LNGN0039,terminal,0,0,0,0,0.0,0,0.0
2020-07-01,LNGN0040,terminal,0,0,0,0,0.0,0,0.0
2020-07-01,LNGN0044,terminal,0,0,0,0,0.0,0,0.0
2020-07-01,LNGN0045,terminal,0,0,0,0,0.0,0,0.0
2020-07-01,LNGN0050,terminal,1,2,0,0,0.0,2,1.0
2020-07-01,LNGN0052,terminal,0,0,0,0,0.0,0,0.0
2020-07-01,LNGN0055,terminal,1,1,0,1,1.0,0,0.0
2020-07-01,LNGN0056,terminal,0,0,0,0,0.0,0,0.0
2020-07-01,LNGN0059,terminal,0,0,0,0,0.0,0,0.0
2020-07-01,LNGN0069,terminal,0,0,0,0,0.0,0,0.0
2020-07-01,LNGN0070,terminal,0,0,0,0,0.0,0,0.0
2020-07-01,LNGN0074,terminal,0,0,0,0,0.0,0,0.0
2020-07-01,LNGN0075,terminal,0,0,0,0,0.0,0,0.0
2020-07-01,LNGN0076,terminal,0,0,0,0,0.0,0,0.0
2020-07-01,LNGN0079,terminal,0,0,0,0,0.0,0,0.0
2020-07-01,LNGN0081,terminal,0,0,0,0,0.0,0,0.0
2020-07-01,LNGN0083,terminal,0,0,0,0,0.0,0,0.0
2020-07-01,LNGN0085,terminal,1,2,1,2,1.0,0,0.0
2020-07-01,LNGN0087,terminal,0,0,0,0,0.0,0,0.0
2020-07-01,LNGN0097,terminal,1,1,0,1,1.0,0,0.0
2020-07-01,LNGN0098,terminal,0,0,0,0,0.0,0,0.0
2020-07-01,LNGN0100,terminal,0,0,0,0,0.0,0,0.0
2020-07-01,LNGN0101,terminal,0,0,0,0,0.0,0,0.0
2020-07-01,LNGN0102,terminal,0,0,0,0,0.0,0,0.0
2020-07-01,LNGN0103,terminal,0,0,0,0,0.0,0,0.0
2020-07-01,LNGN0108,terminal,0,0,0,0,0.0,0,0.0
2020-07-01,LNGN0109,terminal,0,0,0,0,0.0,0,0.0
2020-07-01,LNGN0112,terminal,1,1,0,1,1.0,0,0.0
2020-07-01,LNGN0115,terminal,0,0,0,0,0.0,0,0.0
2020-07-01,LNGN0121,terminal,0,0,0,0,0.0,0,0.0
2020-07-01,LNGN0122,terminal,0,0,0,0,0.0,0,0.0
2020-07-01,LNGN0124,terminal,0,0,0,0,0.0,0,0.0
2020-07-01,LNGN0130,terminal,1,1,0,1,1.0,0,0.0
2020-07-01,LNGN0132,terminal,1,2,0,0,0.0,0,0.0
2020-07-01,LNGN0136,terminal,0,0,0,0,0.0,0,0.0
2020-07-01,LNGN0138,terminal,0,0,0,0,0.0,0,0.0
2020-07-01,LNGN0142,terminal,1,1,0,1,1.0,0,0.0
2020-07-01,LNGN0143,terminal,0,0,0,0,0.0,0,0.0
2020-07-01,LNGN0144,terminal,1,1,0,1,1.0,0,0.0
2020-07-01,LNGN0148,terminal,0,0,0,0,0.0,0,0.0
2020-07-01,LNGN0150,terminal,1,1,0,1,1.0,0,0.0
2020-07-01,LNGN0156,terminal,0,0,0,0,0.0,0,0.0
2020-07-01,LNGN0163,terminal,0,0,0,0,0.0,0,0.0
2020-07-01,LNGN0164,terminal,0,0,0,0,0.0,0,0.0
2020-07-01,LNGN0165,terminal,0,0,0,0,0.0,0,0.0
2020-07-01,LNGN0166,terminal,1,5,1,1,0.2,1,0.2
2020-07-01,LNGN0168,terminal,1,1,0,1,1.0,0,0.0
2020-07-01,LNGN0170,terminal,0,0,0,0,0.0,0,0.0
2020-07-01,LNGN0173,terminal,0,0,0,0,0.0,0,0.0
2020-07-01,LNGN0174,terminal,0,0,0,0,0.0,0,0.0
2020-07-01,LNGN0175,terminal,0,0,0,0,0.0,0,0.0
2020-07-01,LNGN0176,terminal,0,0,0,0,0.0,0,0.0
2020-07-01,LNGN0178,terminal,1,2,0,0,0.0,2,1.0
2020-07-01,LNGN0180,terminal,0,0,0,0,0.0,0,0.0
2020-07-01,LNGN0181,terminal,1,2,0,0,0.0,0,0.0
2020-07-01,LNGN0182,terminal,0,0,0,0,0.0,0,0.0
2020-07-01,LNGN0186,terminal,1,2,1,2,1.0,0,0.0
2020-07-01,LNGN0190,terminal,0,0,0,0,0.0,0,0.0
2020-07-01,LNGN0191,terminal,1,1,0,1,1.0,0,0.0
2020-07-01,LNGN0195,terminal,1,1,0,1,1.0,0,0.0
2020-07-01,LNGN0199,terminal,1,1,0,1,1.0,0,0.0
2020-07-01,LNGN0206,terminal,0,0,0,0,0.0,0,0.0
2020-07-01,LNGN0207,terminal,1,1,0,1,1.0,0,0.0
2020-07-01,LNGN0208,terminal,1,1,0,1,1.0,0,0.0
2020-07-01,LNGN0210,terminal,0,0,0,0,0.0,0,0.0
2020-07-01,LNGN0212,terminal,0,0,0,0,0.0,0,0.0
2020-07-01,LNGN0219,terminal,0,0,0,0,0.0,0,0.0
2020-07-01,LNGN0222,terminal,1,2,1,2,1.0,0,0.0
2020-07-01,LNGN0230,terminal,1,1,0,1,1.0,0,0.0
2020-07-01,LNGN0232,terminal,1,1,0,1,1.0,0,0.0
2020-07-01,LNGN0237,terminal,1,1,0,1,1.0,0,0.0
2020-07-01,LNGN0238,terminal,0,0,0,0,0.0,0,0.0
2020-07-01,LNGN0241,terminal,0,0,0,0,0.0,0,0.0
2020-07-01,LNGN0243,terminal,0,0,0,0,0.0,0,0.0
2020-07-01,LNGN0244,terminal,1,2,0,0,0.0,0,0.0
2020-07-01,LNGN0248,terminal,0,0,0,0,0.0,0,0.0
2020-07-01,LNGN0250,terminal,0,0,0,0,0.0,0,0.0
2020-07-01,LNGN0251,terminal,0,0,0,0,0.0,0,0.0
2020-07-01,LNGN0253,terminal,0,0,0,0,0.0,0,0.0
2020-07-01,LNGN0258,terminal,0,0,0,0,0.0,0,0.0
2020-07-01,LNGN0261,terminal,1,2,0,0,0.0,2,1.0
2020-07-01,LNGN0262,terminal,0,0,0,0,0.0,0,0.0
2020-07-01,LNGN0268,terminal,0,0,0,0,0.0,0,0.0
2020-07-01,LNGN0270,terminal,1,2,0,0,0.0,2,1.0
2020-07-01,LNGN0272,terminal,0,0,0,0,0.0,0,0.0
2020-07-01,LNGN0274,terminal,0,0,0,0,0.0,0,0.0
2020-07-01,LNGN0278,terminal,1,2,1,2,1.0,0,0.0
2020-07-01,LNGN0285,terminal,0,0,0,0,0.0,0,0.0
2020-07-01,LNGN0287,terminal,0,0,0,0,0.0,0,0.0
2020-07-01,LNGN0288,terminal,0,0,0,0,0.0,0,0.0
2020-07-01,LNGN0290,terminal,0,0,0,0,0.0,0,0.0
2020-07-01,LNGN0291,terminal,1,1,0,1,1.0,0,0.0
2020-07-01,LNGN0293,terminal,0,0,0,0,0.0,0,0.0
2020-07-01,LNGN0294,terminal,0,0,0,0,0.0,0,0.0
2020-07-01,LNGN0297,terminal,1,2,0,0,0.0,2,1.0
2020-07-01,LNGN0299,terminal,0,0,0,0,0.0,0,0.0
2020-07-01,LNGN0307,terminal,0,0,0,0,0.0,0,0.0
2020-07-01,LNGN0308,terminal,0,0,0,0,0.0,0,0.0
2020-07-01,LNGN0309,terminal,0,0,0,0,0.0,0,0.0
2020-07-01,LNGN0312,terminal,0,0,0,0,0.0,0,0.0
2020-07-01,LNGN0314,terminal,0,0,0,0,0.0,0,0.0
2020-07-01,LNGN0319,terminal,1,1,0,1,1.0,0,0.0
2020-07-01,LNGN0322,terminal,1,3,1,1,0.3333333333333333,2,0.6666666666666666
2020-07-01,LNGN0324,terminal,0,0,0,0,0.0,0,0.0
2020-07-01,LNGN0328,terminal,1,1,0,1,1.0,0,0.0
2020-07-01,LNGN0331,terminal,1,1,0,1,1.0,0,0.0
2020-07-01,LNGN0334,terminal,1,1,0,1,1.0,0,0.0
2020-07-01,LNGN0344,terminal,0,0,0,0,0.0,0,0.0
2020-07-01,LNGN0345,terminal,1,2,0,0,0.0,2,1.0
2020-07-01,LNGN0347,terminal,1,1,0,1,1.0,0,0.0
2020-07-01,LNGN0348,terminal,0,0,0,0,0.0,0,0.0
2020-07-01,LNGN0351,terminal,1,1,0,1,1.0,0,0.0
2020-07-01,LNGN0354,terminal,0,0,0,0,0.0,0,0.0
2020-07-01,LNGN0359,terminal,1,1,0,1,1.0,0,0.0
2020-07-01,LNGN0361,terminal,0,0,0,0,0.0,0,0.0
2020-07-01,LNGN0362,terminal,0,0,0,0,0.0,0,0.0
2020-07-01,LNGN0363,terminal,1,1,0,1,1.0,0,0.0
2020-07-01,LNGN0364,terminal,0,0,0,0,0.0,0,0.0
2020-07-01,LNGN0372,terminal,1,1,0,1,1.0,0,0.0
2020-07-01,LNGN0374,terminal,1,1,0,1,1.0,0,0.0
2020-07-01,LNGN0378,terminal,1,1,0,1,1.0,0,0.0
2020-07-01,LNGN0381,terminal,1,2,0,0,0.0,2,1.0
2020-07-01,LNGN0382,terminal,0,0,0,0,0.0,0,0.0
2020-07-01,LNGN0385,terminal,1,1,0,1,1.0,0,0.0
2020-07-01,LNGN0391,terminal,0,0,0,0,0.0,0,0.0
2020-07-01,LNGN0398,terminal,1,1,0,1,1.0,0,0.0
2020-07-01,LNGN0405,terminal,0,0,0,0,0.0,0,0.0
2020-07-01,LNGN0421,terminal,1,1,0,1,1.0,0,0.0
2020-07-01,LNGN0423,terminal,1,1,0,1,1.0,0,0.0
2020-07-01,LNGN0425,terminal,0,0,0,0,0.0,0,0.0
2020-07-01,LNGN0426,terminal,1,1,0,1,1.0,0,0.0
2020-07-01,LNGN0427,terminal,1,1,0,1,1.0,0,0.0
2020-07-01,LNGN0428,terminal,1,1,0,1,1.0,0,0.0
2020-07-01,LNGN0429,terminal,0,0,0,0,0.0,0,0.0
2020-07-01,LNGN0435,terminal,1,2,1,2,1.0,0,0.0
2020-07-01,LNGN0437,terminal,0,0,0,0,0.0,0,0.0
2020-07-01,LNGN0441,terminal,1,1,0,1,1.0,0,0.0
2020-07-01,LNGN0442,terminal,0,0,0,0,0.0,0,0.0
2020-07-01,LNGN0447,terminal,0,0,0,0,0.0,0,0.0
2020-07-01,LNGN0449,terminal,1,1,0,1,1.0,0,0.0
2020-07-01,LNGN0452,terminal,1,4,1,1,0.25,0,0.0
2020-07-01,LNGN0453,terminal,1,1,0,1,1.0,0,0.0
2020-07-01,LNGN0460,terminal,1,2,0,0,0.0,2,1.0
2020-07-01,LNGN0463,terminal,1,2,0,0,0.0,0,0.0
2020-07-01,LNGN0464,terminal,0,0,0,0,0.0,0,0.0
2020-07-01,LNGN0472,terminal,0,0,0,0,0.0,0,0.0
2020-07-01,LNGN0473,terminal,1,1,0,1,1.0,0,0.0
2020-07-01,LNGN0474,terminal,1,1,0,1,1.0,0,0.0
2020-08-01,CP001,chokepoint,1,4,1,2,0.5,2,0.5
2020-08-01,CP002,chokepoint,1,6,1,6,1.0,0,0.0
2020-08-01,CP004,chokepoint,1,4,0,0,0.0,1,0.25
2020-08-01,CP005,chokepoint,1,8,1,4,0.5,2,0.25
2020-08-01,CP006,chokepoint,1,7,1,4,0.5714285714285714,0,0.0
2020-08-01,CP007,chokepoint,1,2,0,0,0.0,2,1.0
2020-08-01,CP008,chokepoint,1,9,1,4,0.4444444444444444,2,0.2222222222222222
2020-08-01,CP009,chokepoint,1,7,1,4,0.5714285714285714,0,0.0
2020-08-01,CP010,chokepoint,1,6,1,6,1.0,0,0.0
2020-08-01,CP011,chokepoint,1,7,1,3,0.42857142857142855,2,0.2857142857142857
2020-08-01,CP012,chokepoint,1,4,1,2,0.5,0,0.0
2020-08-01,CP013,chokepoint,1,2,1,2,1.0,0,0.0
2020-08-01,CP014,chokepoint,1,2,1,2,1.0,0,0.0
2020-08-01,CP015,chokepoint,1,3,1,3,1.0,0,0.0
2020-08-01,CP016,chokepoint,1,7,1,7,1.0,0,0.0
2020-08-01,CP017,chokepoint,1,2,1,2,1.0,0,0.0
2020-08-01,CP018,chokepoint,0,0,0,0,0.0,0,0.0
2020-08-01,CP019,chokepoint,0,0,0,0,0.0,0,0.0
2020-08-01,CP020,chokepoint,1,2,1,2,1.0,0,0.0
2020-08-01,CP021,chokepoint,1,2,1,2,1.0,0,0.0
2020-08-01,CP022,chokepoint,1,3,1,3,1.0,0,0.0
2020-08-01,CP023,chokepoint,1,2,1,2,1.0,0,0.0
2020-08-01,CP024,chokepoint,0,0,0,0,0.0,0,0.0
2020-08-01,CP027,chokepoint,1,4,1,2,0.5,2,0.5
2020-08-01,LNGN0004,terminal,0,0,0,0,0.0,0,0.0
2020-08-01,LNGN0006,terminal,0,0,0,0,0.0,0,0.0
2020-08-01,LNGN0008,terminal,0,0,0,0,0.0,0,0.0
2020-08-01,LNGN0013,terminal,0,0,0,0,0.0,0,0.0
2020-08-01,LNGN0017,terminal,0,0,0,0,0.0,0,0.0
2020-08-01,LNGN0025,terminal,0,0,0,0,0.0,0,0.0
2020-08-01,LNGN0026,terminal,1,3,1,3,1.0,0,0.0
2020-08-01,LNGN0027,terminal,1,1,0,1,1.0,0,0.0
2020-08-01,LNGN0031,terminal,0,0,0,0,0.0,0,0.0
2020-08-01,LNGN0035,terminal,1,1,0,1,1.0,0,0.0
2020-08-01,LNGN0037,terminal,1,1,0,1,1.0,0,0.0
2020-08-01,LNGN0039,terminal,0,0,0,0,0.0,0,0.0
2020-08-01,LNGN0040,terminal,0,0,0,0,0.0,0,0.0
2020-08-01,LNGN0044,terminal,0,0,0,0,0.0,0,0.0
2020-08-01,LNGN0045,terminal,0,0,0,0,0.0,0,0.0
2020-08-01,LNGN0050,terminal,1,1,0,1,1.0,0,0.0
2020-08-01,LNGN0052,terminal,0,0,0,0,0.0,0,0.0
2020-08-01,LNGN0055,terminal,0,0,0,0,0.0,0,0.0
2020-08-01,LNGN0056,terminal,1,1,0,1,1.0,0,0.0
2020-08-01,LNGN0059,terminal,0,0,0,0,0.0,0,0.0
2020-08-01,LNGN0069,terminal,0,0,0,0,0.0,0,0.0
2020-08-01,LNGN0070,terminal,1,1,0,1,1.0,0,0.0
2020-08-01,LNGN0074,terminal,0,0,0,0,0.0,0,0.0
2020-08-01,LNGN0075,terminal,0,0,0,0,0.0,0,0.0
2020-08-01,LNGN0076,terminal,0,0,0,0,0.0,0,0.0
2020-08-01,LNGN0079,terminal,0,0,0,0,0.0,0,0.0
2020-08-01,LNGN0081,terminal,0,0,0,0,0.0,0,0.0
2020-08-01,LNGN0083,terminal,0,0,0,0,0.0,0,0.0
2020-08-01,LNGN0085,terminal,1,2,1,2,1.0,0,0.0
2020-08-01,LNGN0087,terminal,0,0,0,0,0.0,0,0.0
2020-08-01,LNGN0097,terminal,1,1,0,1,1.0,0,0.0
2020-08-01,LNGN0098,terminal,0,0,0,0,0.0,0,0.0
2020-08-01,LNGN0100,terminal,0,0,0,0,0.0,0,0.0
2020-08-01,LNGN0101,terminal,0,0,0,0,0.0,0,0.0
2020-08-01,LNGN0102,terminal,0,0,0,0,0.0,0,0.0
2020-08-01,LNGN0103,terminal,1,1,0,1,1.0,0,0.0
2020-08-01,LNGN0108,terminal,0,0,0,0,0.0,0,0.0
2020-08-01,LNGN0109,terminal,0,0,0,0,0.0,0,0.0
2020-08-01,LNGN0112,terminal,0,0,0,0,0.0,0,0.0
2020-08-01,LNGN0115,terminal,0,0,0,0,0.0,0,0.0
2020-08-01,LNGN0121,terminal,1,1,0,1,1.0,0,0.0
2020-08-01,LNGN0122,terminal,0,0,0,0,0.0,0,0.0
2020-08-01,LNGN0124,terminal,1,1,0,1,1.0,0,0.0
2020-08-01,LNGN0130,terminal,1,1,0,1,1.0,0,0.0
2020-08-01,LNGN0132,terminal,1,1,0,1,1.0,0,0.0
2020-08-01,LNGN0136,terminal,0,0,0,0,0.0,0,0.0
2020-08-01,LNGN0138,terminal,0,0,0,0,0.0,0,0.0
2020-08-01,LNGN0142,terminal,1,1,0,1,1.0,0,0.0
2020-08-01,LNGN0143,terminal,0,0,0,0,0.0,0,0.0
2020-08-01,LNGN0144,terminal,1,1,0,1,1.0,0,0.0
2020-08-01,LNGN0148,terminal,0,0,0,0,0.0,0,0.0
2020-08-01,LNGN0150,terminal,0,0,0,0,0.0,0,0.0
2020-08-01,LNGN0156,terminal,0,0,0,0,0.0,0,0.0
2020-08-01,LNGN0163,terminal,1,1,0,1,1.0,0,0.0
2020-08-01,LNGN0164,terminal,0,0,0,0,0.0,0,0.0
2020-08-01,LNGN0165,terminal,0,0,0,0,0.0,0,0.0
2020-08-01,LNGN0166,terminal,1,4,1,4,1.0,0,0.0
2020-08-01,LNGN0168,terminal,1,3,0,0,0.0,1,0.3333333333333333
2020-08-01,LNGN0170,terminal,0,0,0,0,0.0,0,0.0
2020-08-01,LNGN0173,terminal,1,1,0,1,1.0,0,0.0
2020-08-01,LNGN0174,terminal,0,0,0,0,0.0,0,0.0
2020-08-01,LNGN0175,terminal,0,0,0,0,0.0,0,0.0
2020-08-01,LNGN0176,terminal,0,0,0,0,0.0,0,0.0
2020-08-01,LNGN0178,terminal,1,1,0,1,1.0,0,0.0
2020-08-01,LNGN0180,terminal,0,0,0,0,0.0,0,0.0
2020-08-01,LNGN0181,terminal,1,2,0,0,0.0,0,0.0
2020-08-01,LNGN0182,terminal,0,0,0,0,0.0,0,0.0
2020-08-01,LNGN0186,terminal,0,0,0,0,0.0,0,0.0
2020-08-01,LNGN0190,terminal,0,0,0,0,0.0,0,0.0
2020-08-01,LNGN0191,terminal,1,1,0,1,1.0,0,0.0
2020-08-01,LNGN0195,terminal,1,1,0,1,1.0,0,0.0
2020-08-01,LNGN0199,terminal,0,0,0,0,0.0,0,0.0
2020-08-01,LNGN0206,terminal,0,0,0,0,0.0,0,0.0
2020-08-01,LNGN0207,terminal,1,1,0,1,1.0,0,0.0
2020-08-01,LNGN0208,terminal,0,0,0,0,0.0,0,0.0
2020-08-01,LNGN0210,terminal,1,1,0,1,1.0,0,0.0
2020-08-01,LNGN0212,terminal,0,0,0,0,0.0,0,0.0
2020-08-01,LNGN0219,terminal,0,0,0,0,0.0,0,0.0
2020-08-01,LNGN0222,terminal,1,2,1,2,1.0,0,0.0
2020-08-01,LNGN0230,terminal,1,1,0,1,1.0,0,0.0
2020-08-01,LNGN0232,terminal,1,1,0,1,1.0,0,0.0
2020-08-01,LNGN0237,terminal,1,1,0,1,1.0,0,0.0
2020-08-01,LNGN0238,terminal,0,0,0,0,0.0,0,0.0
2020-08-01,LNGN0241,terminal,1,1,0,1,1.0,0,0.0
2020-08-01,LNGN0243,terminal,0,0,0,0,0.0,0,0.0
2020-08-01,LNGN0244,terminal,1,2,0,0,0.0,0,0.0
2020-08-01,LNGN0248,terminal,0,0,0,0,0.0,0,0.0
2020-08-01,LNGN0250,terminal,0,0,0,0,0.0,0,0.0
2020-08-01,LNGN0251,terminal,1,1,0,1,1.0,0,0.0
2020-08-01,LNGN0253,terminal,0,0,0,0,0.0,0,0.0
2020-08-01,LNGN0258,terminal,0,0,0,0,0.0,0,0.0
2020-08-01,LNGN0261,terminal,1,2,0,0,0.0,2,1.0
2020-08-01,LNGN0262,terminal,0,0,0,0,0.0,0,0.0
2020-08-01,LNGN0268,terminal,0,0,0,0,0.0,0,0.0
2020-08-01,LNGN0270,terminal,0,0,0,0,0.0,0,0.0
2020-08-01,LNGN0272,terminal,0,0,0,0,0.0,0,0.0
2020-08-01,LNGN0274,terminal,0,0,0,0,0.0,0,0.0
2020-08-01,LNGN0278,terminal,1,1,0,1,1.0,0,0.0
2020-08-01,LNGN0285,terminal,0,0,0,0,0.0,0,0.0
2020-08-01,LNGN0287,terminal,1,1,0,1,1.0,0,0.0
2020-08-01,LNGN0288,terminal,0,0,0,0,0.0,0,0.0
2020-08-01,LNGN0290,terminal,0,0,0,0,0.0,0,0.0
2020-08-01,LNGN0291,terminal,1,1,0,1,1.0,0,0.0
2020-08-01,LNGN0293,terminal,0,0,0,0,0.0,0,0.0
2020-08-01,LNGN0294,terminal,0,0,0,0,0.0,0,0.0
2020-08-01,LNGN0297,terminal,1,2,1,2,1.0,0,0.0
2020-08-01,LNGN0299,terminal,0,0,0,0,0.0,0,0.0
2020-08-01,LNGN0307,terminal,0,0,0,0,0.0,0,0.0
2020-08-01,LNGN0308,terminal,0,0,0,0,0.0,0,0.0
2020-08-01,LNGN0309,terminal,0,0,0,0,0.0,0,0.0
2020-08-01,LNGN0312,terminal,1,1,0,1,1.0,0,0.0
2020-08-01,LNGN0314,terminal,0,0,0,0,0.0,0,0.0
2020-08-01,LNGN0319,terminal,1,1,0,1,1.0,0,0.0
2020-08-01,LNGN0322,terminal,1,2,1,2,1.0,0,0.0
2020-08-01,LNGN0324,terminal,1,2,1,2,1.0,0,0.0
2020-08-01,LNGN0328,terminal,1,1,0,1,1.0,0,0.0
2020-08-01,LNGN0331,terminal,0,0,0,0,0.0,0,0.0
2020-08-01,LNGN0334,terminal,1,1,0,1,1.0,0,0.0
2020-08-01,LNGN0344,terminal,0,0,0,0,0.0,0,0.0
2020-08-01,LNGN0345,terminal,1,1,0,1,1.0,0,0.0
2020-08-01,LNGN0347,terminal,0,0,0,0,0.0,0,0.0
2020-08-01,LNGN0348,terminal,0,0,0,0,0.0,0,0.0
2020-08-01,LNGN0351,terminal,0,0,0,0,0.0,0,0.0
2020-08-01,LNGN0354,terminal,0,0,0,0,0.0,0,0.0
2020-08-01,LNGN0359,terminal,1,1,0,1,1.0,0,0.0
2020-08-01,LNGN0361,terminal,0,0,0,0,0.0,0,0.0
2020-08-01,LNGN0362,terminal,0,0,0,0,0.0,0,0.0
2020-08-01,LNGN0363,terminal,0,0,0,0,0.0,0,0.0
2020-08-01,LNGN0364,terminal,0,0,0,0,0.0,0,0.0
2020-08-01,LNGN0372,terminal,0,0,0,0,0.0,0,0.0
2020-08-01,LNGN0374,terminal,1,2,0,0,0.0,2,1.0
2020-08-01,LNGN0378,terminal,1,1,0,1,1.0,0,0.0
2020-08-01,LNGN0381,terminal,1,2,1,2,1.0,0,0.0
2020-08-01,LNGN0382,terminal,0,0,0,0,0.0,0,0.0
2020-08-01,LNGN0385,terminal,1,1,0,1,1.0,0,0.0
2020-08-01,LNGN0391,terminal,0,0,0,0,0.0,0,0.0
2020-08-01,LNGN0398,terminal,1,1,0,1,1.0,0,0.0
2020-08-01,LNGN0405,terminal,0,0,0,0,0.0,0,0.0
2020-08-01,LNGN0421,terminal,0,0,0,0,0.0,0,0.0
2020-08-01,LNGN0423,terminal,0,0,0,0,0.0,0,0.0
2020-08-01,LNGN0425,terminal,0,0,0,0,0.0,0,0.0
2020-08-01,LNGN0426,terminal,1,1,0,1,1.0,0,0.0
2020-08-01,LNGN0427,terminal,1,1,0,1,1.0,0,0.0
2020-08-01,LNGN0428,terminal,1,1,0,1,1.0,0,0.0
2020-08-01,LNGN0429,terminal,0,0,0,0,0.0,0,0.0
2020-08-01,LNGN0435,terminal,1,2,1,2,1.0,0,0.0
2020-08-01,LNGN0437,terminal,0,0,0,0,0.0,0,0.0
2020-08-01,LNGN0441,terminal,1,1,0,1,1.0,0,0.0
2020-08-01,LNGN0442,terminal,0,0,0,0,0.0,0,0.0
2020-08-01,LNGN0447,terminal,0,0,0,0,0.0,0,0.0
2020-08-01,LNGN0449,terminal,1,1,0,1,1.0,0,0.0
2020-08-01,LNGN0452,terminal,1,2,0,0,0.0,0,0.0
2020-08-01,LNGN0453,terminal,1,1,0,1,1.0,0,0.0
2020-08-01,LNGN0460,terminal,1,1,0,1,1.0,0,0.0
2020-08-01,LNGN0463,terminal,1,1,0,1,1.0,0,0.0
2020-08-01,LNGN0464,terminal,1,1,0,1,1.0,0,0.0
2020-08-01,LNGN0472,terminal,1,1,0,1,1.0,0,0.0
2020-08-01,LNGN0473,terminal,1,2,0,0,0.0,2,1.0
2020-08-01,LNGN0474,terminal,1,1,0,1,1.0,0,0.0
2020-09-01,CP001,chokepoint,1,3,1,1,0.3333333333333333,2,0.6666666666666666
2020-09-01,CP002,chokepoint,1,4,1,1,0.25,3,0.75
2020-09-01,CP004,chokepoint,1,7,1,3,0.42857142857142855,1,0.14285714285714285
2020-09-01,CP005,chokepoint,1,6,1,1,0.16666666666666666,3,0.5
2020-09-01,CP006,chokepoint,1,6,1,3,0.5,0,0.0
2020-09-01,CP007,chokepoint,1,2,0,0,0.0,2,1.0
2020-09-01,CP008,chokepoint,1,12,1,5,0.4166666666666667,2,0.16666666666666666
2020-09-01,CP009,chokepoint,1,7,1,1,0.14285714285714285,2,0.2857142857142857
2020-09-01,CP010,chokepoint,1,6,1,4,0.6666666666666666,2,0.3333333333333333
2020-09-01,CP011,chokepoint,1,8,1,3,0.375,3,0.375
2020-09-01,CP012,chokepoint,1,7,1,3,0.42857142857142855,0,0.0
2020-09-01,CP013,chokepoint,1,3,0,0,0.0,1,0.3333333333333333
2020-09-01,CP014,chokepoint,1,8,1,4,0.5,4,0.5
2020-09-01,CP015,chokepoint,1,3,1,1,0.3333333333333333,2,0.6666666666666666
2020-09-01,CP016,chokepoint,1,9,1,5,0.5555555555555556,4,0.4444444444444444
2020-09-01,CP017,chokepoint,1,4,1,2,0.5,0,0.0
2020-09-01,CP018,chokepoint,0,0,0,0,0.0,0,0.0
2020-09-01,CP019,chokepoint,1,3,0,0,0.0,3,1.0
2020-09-01,CP020,chokepoint,1,2,0,0,0.0,2,1.0
2020-09-01,CP021,chokepoint,0,0,0,0,0.0,0,0.0
2020-09-01,CP022,chokepoint,1,4,1,1,0.25,3,0.75
2020-09-01,CP023,chokepoint,0,0,0,0,0.0,0,0.0
2020-09-01,CP024,chokepoint,0,0,0,0,0.0,0,0.0
2020-09-01,CP027,chokepoint,1,2,0,0,0.0,2,1.0
2020-09-01,LNGN0004,terminal,0,0,0,0,0.0,0,0.0
2020-09-01,LNGN0006,terminal,0,0,0,0,0.0,0,0.0
2020-09-01,LNGN0008,terminal,0,0,0,0,0.0,0,0.0
2020-09-01,LNGN0013,terminal,0,0,0,0,0.0,0,0.0
2020-09-01,LNGN0017,terminal,0,0,0,0,0.0,0,0.0
2020-09-01,LNGN0025,terminal,0,0,0,0,0.0,0,0.0
2020-09-01,LNGN0026,terminal,1,2,1,2,1.0,0,0.0
2020-09-01,LNGN0027,terminal,1,3,1,3,1.0,0,0.0
2020-09-01,LNGN0031,terminal,0,0,0,0,0.0,0,0.0
2020-09-01,LNGN0035,terminal,0,0,0,0,0.0,0,0.0
2020-09-01,LNGN0037,terminal,1,1,0,1,1.0,0,0.0
2020-09-01,LNGN0039,terminal,0,0,0,0,0.0,0,0.0
2020-09-01,LNGN0040,terminal,1,1,0,1,1.0,0,0.0
2020-09-01,LNGN0044,terminal,1,1,0,1,1.0,0,0.0
2020-09-01,LNGN0045,terminal,0,0,0,0,0.0,0,0.0
2020-09-01,LNGN0050,terminal,0,0,0,0,0.0,0,0.0
2020-09-01,LNGN0052,terminal,0,0,0,0,0.0,0,0.0
2020-09-01,LNGN0055,terminal,0,0,0,0,0.0,0,0.0
2020-09-01,LNGN0056,terminal,1,1,0,1,1.0,0,0.0
2020-09-01,LNGN0059,terminal,0,0,0,0,0.0,0,0.0
2020-09-01,LNGN0069,terminal,0,0,0,0,0.0,0,0.0
2020-09-01,LNGN0070,terminal,1,3,0,0,0.0,3,1.0
2020-09-01,LNGN0074,terminal,0,0,0,0,0.0,0,0.0
2020-09-01,LNGN0075,terminal,0,0,0,0,0.0,0,0.0
2020-09-01,LNGN0076,terminal,0,0,0,0,0.0,0,0.0
2020-09-01,LNGN0079,terminal,0,0,0,0,0.0,0,0.0
2020-09-01,LNGN0081,terminal,1,1,0,1,1.0,0,0.0
2020-09-01,LNGN0083,terminal,0,0,0,0,0.0,0,0.0
2020-09-01,LNGN0085,terminal,1,1,0,1,1.0,0,0.0
2020-09-01,LNGN0087,terminal,0,0,0,0,0.0,0,0.0
2020-09-01,LNGN0097,terminal,0,0,0,0,0.0,0,0.0
2020-09-01,LNGN0098,terminal,0,0,0,0,0.0,0,0.0
2020-09-01,LNGN0100,terminal,0,0,0,0,0.0,0,0.0
2020-09-01,LNGN0101,terminal,0,0,0,0,0.0,0,0.0
2020-09-01,LNGN0102,terminal,0,0,0,0,0.0,0,0.0
2020-09-01,LNGN0103,terminal,1,1,0,1,1.0,0,0.0
2020-09-01,LNGN0108,terminal,1,1,0,1,1.0,0,0.0
2020-09-01,LNGN0109,terminal,0,0,0,0,0.0,0,0.0
2020-09-01,LNGN0112,terminal,1,1,0,1,1.0,0,0.0
2020-09-01,LNGN0115,terminal,0,0,0,0,0.0,0,0.0
2020-09-01,LNGN0121,terminal,1,2,1,2,1.0,0,0.0
2020-09-01,LNGN0122,terminal,0,0,0,0,0.0,0,0.0
2020-09-01,LNGN0124,terminal,1,1,0,1,1.0,0,0.0
2020-09-01,LNGN0130,terminal,1,2,0,0,0.0,0,0.0
2020-09-01,LNGN0132,terminal,1,2,0,0,0.0,2,1.0
2020-09-01,LNGN0136,terminal,0,0,0,0,0.0,0,0.0
2020-09-01,LNGN0138,terminal,0,0,0,0,0.0,0,0.0
2020-09-01,LNGN0142,terminal,1,1,0,1,1.0,0,0.0
2020-09-01,LNGN0143,terminal,0,0,0,0,0.0,0,0.0
2020-09-01,LNGN0144,terminal,0,0,0,0,0.0,0,0.0
2020-09-01,LNGN0148,terminal,0,0,0,0,0.0,0,0.0
2020-09-01,LNGN0150,terminal,0,0,0,0,0.0,0,0.0
2020-09-01,LNGN0156,terminal,0,0,0,0,0.0,0,0.0
2020-09-01,LNGN0163,terminal,0,0,0,0,0.0,0,0.0
2020-09-01,LNGN0164,terminal,0,0,0,0,0.0,0,0.0
2020-09-01,LNGN0165,terminal,0,0,0,0,0.0,0,0.0
2020-09-01,LNGN0166,terminal,1,2,0,0,0.0,2,1.0
2020-09-01,LNGN0168,terminal,1,1,0,1,1.0,0,0.0
2020-09-01,LNGN0170,terminal,1,1,0,1,1.0,0,0.0
2020-09-01,LNGN0173,terminal,1,1,0,1,1.0,0,0.0
2020-09-01,LNGN0174,terminal,0,0,0,0,0.0,0,0.0
2020-09-01,LNGN0175,terminal,0,0,0,0,0.0,0,0.0
2020-09-01,LNGN0176,terminal,0,0,0,0,0.0,0,0.0
2020-09-01,LNGN0178,terminal,1,1,0,1,1.0,0,0.0
2020-09-01,LNGN0180,terminal,0,0,0,0,0.0,0,0.0
2020-09-01,LNGN0181,terminal,1,1,0,1,1.0,0,0.0
2020-09-01,LNGN0182,terminal,0,0,0,0,0.0,0,0.0
2020-09-01,LNGN0186,terminal,1,1,0,1,1.0,0,0.0
2020-09-01,LNGN0190,terminal,0,0,0,0,0.0,0,0.0
2020-09-01,LNGN0191,terminal,0,0,0,0,0.0,0,0.0
2020-09-01,LNGN0195,terminal,0,0,0,0,0.0,0,0.0
2020-09-01,LNGN0199,terminal,1,1,0,1,1.0,0,0.0
2020-09-01,LNGN0206,terminal,0,0,0,0,0.0,0,0.0
2020-09-01,LNGN0207,terminal,1,1,0,1,1.0,0,0.0
2020-09-01,LNGN0208,terminal,1,1,0,1,1.0,0,0.0
2020-09-01,LNGN0210,terminal,0,0,0,0,0.0,0,0.0
2020-09-01,LNGN0212,terminal,0,0,0,0,0.0,0,0.0
2020-09-01,LNGN0219,terminal,0,0,0,0,0.0,0,0.0
2020-09-01,LNGN0222,terminal,1,2,1,2,1.0,0,0.0
2020-09-01,LNGN0230,terminal,0,0,0,0,0.0,0,0.0
2020-09-01,LNGN0232,terminal,1,1,0,1,1.0,0,0.0
2020-09-01,LNGN0237,terminal,0,0,0,0,0.0,0,0.0
2020-09-01,LNGN0238,terminal,0,0,0,0,0.0,0,0.0
2020-09-01,LNGN0241,terminal,1,1,0,1,1.0,0,0.0
2020-09-01,LNGN0243,terminal,0,0,0,0,0.0,0,0.0
2020-09-01,LNGN0244,terminal,1,2,0,0,0.0,0,0.0
2020-09-01,LNGN0248,terminal,0,0,0,0,0.0,0,0.0
2020-09-01,LNGN0250,terminal,0,0,0,0,0.0,0,0.0
2020-09-01,LNGN0251,terminal,1,1,0,1,1.0,0,0.0
2020-09-01,LNGN0253,terminal,0,0,0,0,0.0,0,0.0
2020-09-01,LNGN0258,terminal,0,0,0,0,0.0,0,0.0
2020-09-01,LNGN0261,terminal,1,5,1,1,0.2,2,0.4
2020-09-01,LNGN0262,terminal,0,0,0,0,0.0,0,0.0
2020-09-01,LNGN0268,terminal,0,0,0,0,0.0,0,0.0
2020-09-01,LNGN0270,terminal,1,1,0,1,1.0,0,0.0
2020-09-01,LNGN0272,terminal,0,0,0,0,0.0,0,0.0
2020-09-01,LNGN0274,terminal,0,0,0,0,0.0,0,0.0
2020-09-01,LNGN0278,terminal,1,1,0,1,1.0,0,0.0
2020-09-01,LNGN0285,terminal,0,0,0,0,0.0,0,0.0
2020-09-01,LNGN0287,terminal,0,0,0,0,0.0,0,0.0
2020-09-01,LNGN0288,terminal,0,0,0,0,0.0,0,0.0
2020-09-01,LNGN0290,terminal,0,0,0,0,0.0,0,0.0
2020-09-01,LNGN0291,terminal,0,0,0,0,0.0,0,0.0
2020-09-01,LNGN0293,terminal,0,0,0,0,0.0,0,0.0
2020-09-01,LNGN0294,terminal,0,0,0,0,0.0,0,0.0
2020-09-01,LNGN0297,terminal,1,1,0,1,1.0,0,0.0
2020-09-01,LNGN0299,terminal,0,0,0,0,0.0,0,0.0
2020-09-01,LNGN0307,terminal,0,0,0,0,0.0,0,0.0
2020-09-01,LNGN0308,terminal,0,0,0,0,0.0,0,0.0
2020-09-01,LNGN0309,terminal,0,0,0,0,0.0,0,0.0
2020-09-01,LNGN0312,terminal,0,0,0,0,0.0,0,0.0
2020-09-01,LNGN0314,terminal,1,2,1,2,1.0,0,0.0
2020-09-01,LNGN0319,terminal,1,1,0,1,1.0,0,0.0
2020-09-01,LNGN0322,terminal,1,2,1,2,1.0,0,0.0
2020-09-01,LNGN0324,terminal,1,1,0,1,1.0,0,0.0
2020-09-01,LNGN0328,terminal,1,1,0,1,1.0,0,0.0
2020-09-01,LNGN0331,terminal,1,1,0,1,1.0,0,0.0
2020-09-01,LNGN0334,terminal,1,1,0,1,1.0,0,0.0
2020-09-01,LNGN0344,terminal,0,0,0,0,0.0,0,0.0
2020-09-01,LNGN0345,terminal,1,3,0,0,0.0,1,0.3333333333333333
2020-09-01,LNGN0347,terminal,0,0,0,0,0.0,0,0.0
2020-09-01,LNGN0348,terminal,1,1,0,1,1.0,0,0.0
2020-09-01,LNGN0351,terminal,0,0,0,0,0.0,0,0.0
2020-09-01,LNGN0354,terminal,0,0,0,0,0.0,0,0.0
2020-09-01,LNGN0359,terminal,1,3,0,0,0.0,3,1.0
2020-09-01,LNGN0361,terminal,0,0,0,0,0.0,0,0.0
2020-09-01,LNGN0362,terminal,1,1,0,1,1.0,0,0.0
2020-09-01,LNGN0363,terminal,1,1,0,1,1.0,0,0.0
2020-09-01,LNGN0364,terminal,0,0,0,0,0.0,0,0.0
2020-09-01,LNGN0372,terminal,1,1,0,1,1.0,0,0.0
2020-09-01,LNGN0374,terminal,1,2,0,0,0.0,2,1.0
2020-09-01,LNGN0378,terminal,1,2,1,2,1.0,0,0.0
2020-09-01,LNGN0381,terminal,1,2,0,0,0.0,2,1.0
2020-09-01,LNGN0382,terminal,1,1,0,1,1.0,0,0.0
2020-09-01,LNGN0385,terminal,1,1,0,1,1.0,0,0.0
2020-09-01,LNGN0391,terminal,0,0,0,0,0.0,0,0.0
2020-09-01,LNGN0398,terminal,1,1,0,1,1.0,0,0.0
2020-09-01,LNGN0405,terminal,0,0,0,0,0.0,0,0.0
2020-09-01,LNGN0421,terminal,1,1,0,1,1.0,0,0.0
2020-09-01,LNGN0423,terminal,0,0,0,0,0.0,0,0.0
2020-09-01,LNGN0425,terminal,0,0,0,0,0.0,0,0.0
2020-09-01,LNGN0426,terminal,1,2,0,0,0.0,0,0.0
2020-09-01,LNGN0427,terminal,0,0,0,0,0.0,0,0.0
2020-09-01,LNGN0428,terminal,1,1,0,1,1.0,0,0.0
2020-09-01,LNGN0429,terminal,0,0,0,0,0.0,0,0.0
2020-09-01,LNGN0435,terminal,1,2,1,2,1.0,0,0.0
2020-09-01,LNGN0437,terminal,0,0,0,0,0.0,0,0.0
2020-09-01,LNGN0441,terminal,1,2,0,0,0.0,2,1.0
2020-09-01,LNGN0442,terminal,0,0,0,0,0.0,0,0.0
2020-09-01,LNGN0447,terminal,0,0,0,0,0.0,0,0.0
2020-09-01,LNGN0449,terminal,1,1,0,1,1.0,0,0.0
2020-09-01,LNGN0452,terminal,1,3,0,0,0.0,0,0.0
2020-09-01,LNGN0453,terminal,1,1,0,1,1.0,0,0.0
2020-09-01,LNGN0460,terminal,1,2,0,0,0.0,2,1.0
2020-09-01,LNGN0463,terminal,1,1,0,1,1.0,0,0.0
2020-09-01,LNGN0464,terminal,1,2,0,0,0.0,0,0.0
2020-09-01,LNGN0472,terminal,0,0,0,0,0.0,0,0.0
2020-09-01,LNGN0473,terminal,1,2,0,0,0.0,2,1.0
2020-09-01,LNGN0474,terminal,1,1,0,1,1.0,0,0.0
2020-10-01,CP001,chokepoint,1,2,0,0,0.0,2,1.0
2020-10-01,CP002,chokepoint,1,7,1,3,0.42857142857142855,2,0.2857142857142857
2020-10-01,CP004,chokepoint,1,5,1,1,0.2,1,0.2
2020-10-01,CP005,chokepoint,1,6,1,1,0.16666666666666666,1,0.16666666666666666
2020-10-01,CP006,chokepoint,1,6,1,3,0.5,0,0.0
2020-10-01,CP007,chokepoint,1,3,0,0,0.0,3,1.0
2020-10-01,CP008,chokepoint,1,12,1,5,0.4166666666666667,1,0.08333333333333333
2020-10-01,CP009,chokepoint,1,8,1,1,0.125,1,0.125
2020-10-01,CP010,chokepoint,1,7,1,4,0.5714285714285714,1,0.14285714285714285
2020-10-01,CP011,chokepoint,1,11,1,4,0.36363636363636365,5,0.45454545454545453
2020-10-01,CP012,chokepoint,1,4,1,1,0.25,3,0.75
2020-10-01,CP013,chokepoint,1,6,1,2,0.3333333333333333,2,0.3333333333333333
2020-10-01,CP014,chokepoint,1,2,0,0,0.0,2,1.0
2020-10-01,CP015,chokepoint,1,3,0,0,0.0,3,1.0
2020-10-01,CP016,chokepoint,1,7,1,3,0.42857142857142855,4,0.5714285714285714
2020-10-01,CP017,chokepoint,1,4,1,2,0.5,2,0.5
2020-10-01,CP018,chokepoint,0,0,0,0,0.0,0,0.0
2020-10-01,CP019,chokepoint,1,2,0,0,0.0,2,1.0
2020-10-01,CP020,chokepoint,1,2,0,0,0.0,2,1.0
2020-10-01,CP021,chokepoint,0,0,0,0,0.0,0,0.0
2020-10-01,CP022,chokepoint,1,6,1,3,0.5,3,0.5
2020-10-01,CP023,chokepoint,0,0,0,0,0.0,0,0.0
2020-10-01,CP024,chokepoint,0,0,0,0,0.0,0,0.0
2020-10-01,CP027,chokepoint,1,2,0,0,0.0,2,1.0
2020-10-01,LNGN0004,terminal,0,0,0,0,0.0,0,0.0
2020-10-01,LNGN0006,terminal,0,0,0,0,0.0,0,0.0
2020-10-01,LNGN0008,terminal,0,0,0,0,0.0,0,0.0
2020-10-01,LNGN0013,terminal,0,0,0,0,0.0,0,0.0
2020-10-01,LNGN0017,terminal,0,0,0,0,0.0,0,0.0
2020-10-01,LNGN0025,terminal,0,0,0,0,0.0,0,0.0
2020-10-01,LNGN0026,terminal,1,2,1,2,1.0,0,0.0
2020-10-01,LNGN0027,terminal,1,2,1,2,1.0,0,0.0
2020-10-01,LNGN0031,terminal,0,0,0,0,0.0,0,0.0
2020-10-01,LNGN0035,terminal,0,0,0,0,0.0,0,0.0
2020-10-01,LNGN0037,terminal,1,1,0,1,1.0,0,0.0
2020-10-01,LNGN0039,terminal,0,0,0,0,0.0,0,0.0
2020-10-01,LNGN0040,terminal,1,2,0,0,0.0,2,1.0
2020-10-01,LNGN0044,terminal,1,1,0,1,1.0,0,0.0
2020-10-01,LNGN0045,terminal,0,0,0,0,0.0,0,0.0
2020-10-01,LNGN0050,terminal,1,1,0,1,1.0,0,0.0
2020-10-01,LNGN0052,terminal,0,0,0,0,0.0,0,0.0
2020-10-01,LNGN0055,terminal,0,0,0,0,0.0,0,0.0
2020-10-01,LNGN0056,terminal,1,1,0,1,1.0,0,0.0
2020-10-01,LNGN0059,terminal,0,0,0,0,0.0,0,0.0
2020-10-01,LNGN0069,terminal,0,0,0,0,0.0,0,0.0
2020-10-01,LNGN0070,terminal,1,4,0,0,0.0,2,0.5
2020-10-01,LNGN0074,terminal,0,0,0,0,0.0,0,0.0
2020-10-01,LNGN0075,terminal,0,0,0,0,0.0,0,0.0
2020-10-01,LNGN0076,terminal,0,0,0,0,0.0,0,0.0
2020-10-01,LNGN0079,terminal,0,0,0,0,0.0,0,0.0
2020-10-01,LNGN0081,terminal,0,0,0,0,0.0,0,0.0
2020-10-01,LNGN0083,terminal,0,0,0,0,0.0,0,0.0
2020-10-01,LNGN0085,terminal,1,1,0,1,1.0,0,0.0
2020-10-01,LNGN0087,terminal,0,0,0,0,0.0,0,0.0
2020-10-01,LNGN0097,terminal,0,0,0,0,0.0,0,0.0
2020-10-01,LNGN0098,terminal,0,0,0,0,0.0,0,0.0
2020-10-01,LNGN0100,terminal,0,0,0,0,0.0,0,0.0
2020-10-01,LNGN0101,terminal,0,0,0,0,0.0,0,0.0
2020-10-01,LNGN0102,terminal,0,0,0,0,0.0,0,0.0
2020-10-01,LNGN0103,terminal,0,0,0,0,0.0,0,0.0
2020-10-01,LNGN0108,terminal,0,0,0,0,0.0,0,0.0
2020-10-01,LNGN0109,terminal,0,0,0,0,0.0,0,0.0
2020-10-01,LNGN0112,terminal,1,1,0,1,1.0,0,0.0
2020-10-01,LNGN0115,terminal,0,0,0,0,0.0,0,0.0
2020-10-01,LNGN0121,terminal,1,2,1,2,1.0,0,0.0
2020-10-01,LNGN0122,terminal,0,0,0,0,0.0,0,0.0
2020-10-01,LNGN0124,terminal,1,1,0,1,1.0,0,0.0
2020-10-01,LNGN0130,terminal,1,1,0,1,1.0,0,0.0
2020-10-01,LNGN0132,terminal,1,2,0,0,0.0,0,0.0
2020-10-01,LNGN0136,terminal,0,0,0,0,0.0,0,0.0
2020-10-01,LNGN0138,terminal,0,0,0,0,0.0,0,0.0
2020-10-01,LNGN0142,terminal,1,2,0,0,0.0,2,1.0
2020-10-01,LNGN0143,terminal,0,0,0,0,0.0,0,0.0
2020-10-01,LNGN0144,terminal,1,2,0,0,0.0,0,0.0
2020-10-01,LNGN0148,terminal,0,0,0,0,0.0,0,0.0
2020-10-01,LNGN0150,terminal,0,0,0,0,0.0,0,0.0
2020-10-01,LNGN0156,terminal,0,0,0,0,0.0,0,0.0
2020-10-01,LNGN0163,terminal,0,0,0,0,0.0,0,0.0
2020-10-01,LNGN0164,terminal,0,0,0,0,0.0,0,0.0
2020-10-01,LNGN0165,terminal,0,0,0,0,0.0,0,0.0
2020-10-01,LNGN0166,terminal,0,0,0,0,0.0,0,0.0
2020-10-01,LNGN0168,terminal,1,4,0,0,0.0,2,0.5
2020-10-01,LNGN0170,terminal,1,1,0,1,1.0,0,0.0
2020-10-01,LNGN0173,terminal,0,0,0,0,0.0,0,0.0
2020-10-01,LNGN0174,terminal,0,0,0,0,0.0,0,0.0
2020-10-01,LNGN0175,terminal,0,0,0,0,0.0,0,0.0
2020-10-01,LNGN0176,terminal,0,0,0,0,0.0,0,0.0
2020-10-01,LNGN0178,terminal,1,1,0,1,1.0,0,0.0
2020-10-01,LNGN0180,terminal,0,0,0,0,0.0,0,0.0
2020-10-01,LNGN0181,terminal,1,1,0,1,1.0,0,0.0
2020-10-01,LNGN0182,terminal,0,0,0,0,0.0,0,0.0
2020-10-01,LNGN0186,terminal,1,1,0,1,1.0,0,0.0
2020-10-01,LNGN0190,terminal,0,0,0,0,0.0,0,0.0
2020-10-01,LNGN0191,terminal,0,0,0,0,0.0,0,0.0
2020-10-01,LNGN0195,terminal,1,1,0,1,1.0,0,0.0
2020-10-01,LNGN0199,terminal,0,0,0,0,0.0,0,0.0
2020-10-01,LNGN0206,terminal,0,0,0,0,0.0,0,0.0
2020-10-01,LNGN0207,terminal,1,1,0,1,1.0,0,0.0
2020-10-01,LNGN0208,terminal,0,0,0,0,0.0,0,0.0
2020-10-01,LNGN0210,terminal,0,0,0,0,0.0,0,0.0
2020-10-01,LNGN0212,terminal,0,0,0,0,0.0,0,0.0
2020-10-01,LNGN0219,terminal,0,0,0,0,0.0,0,0.0
2020-10-01,LNGN0222,terminal,1,1,0,1,1.0,0,0.0
2020-10-01,LNGN0230,terminal,0,0,0,0,0.0,0,0.0
2020-10-01,LNGN0232,terminal,1,1,0,1,1.0,0,0.0
2020-10-01,LNGN0237,terminal,0,0,0,0,0.0,0,0.0
2020-10-01,LNGN0238,terminal,0,0,0,0,0.0,0,0.0
2020-10-01,LNGN0241,terminal,1,1,0,1,1.0,0,0.0
2020-10-01,LNGN0243,terminal,0,0,0,0,0.0,0,0.0
2020-10-01,LNGN0244,terminal,1,2,0,0,0.0,2,1.0
2020-10-01,LNGN0248,terminal,0,0,0,0,0.0,0,0.0
2020-10-01,LNGN0250,terminal,0,0,0,0,0.0,0,0.0
2020-10-01,LNGN0251,terminal,1,1,0,1,1.0,0,0.0
2020-10-01,LNGN0253,terminal,0,0,0,0,0.0,0,0.0
2020-10-01,LNGN0258,terminal,0,0,0,0,0.0,0,0.0
2020-10-01,LNGN0261,terminal,1,6,1,1,0.16666666666666666,3,0.5
2020-10-01,LNGN0262,terminal,0,0,0,0,0.0,0,0.0
2020-10-01,LNGN0268,terminal,0,0,0,0,0.0,0,0.0
2020-10-01,LNGN0270,terminal,1,2,0,0,0.0,2,1.0
2020-10-01,LNGN0272,terminal,0,0,0,0,0.0,0,0.0
2020-10-01,LNGN0274,terminal,0,0,0,0,0.0,0,0.0
2020-10-01,LNGN0278,terminal,0,0,0,0,0.0,0,0.0
2020-10-01,LNGN0285,terminal,0,0,0,0,0.0,0,0.0
2020-10-01,LNGN0287,terminal,1,1,0,1,1.0,0,0.0
2020-10-01,LNGN0288,terminal,0,0,0,0,0.0,0,0.0
2020-10-01,LNGN0290,terminal,0,0,0,0,0.0,0,0.0
2020-10-01,LNGN0291,terminal,1,1,0,1,1.0,0,0.0
2020-10-01,LNGN0293,terminal,0,0,0,0,0.0,0,0.0
2020-10-01,LNGN0294,terminal,0,0,0,0,0.0,0,0.0
2020-10-01,LNGN0297,terminal,1,1,0,1,1.0,0,0.0
2020-10-01,LNGN0299,terminal,0,0,0,0,0.0,0,0.0
2020-10-01,LNGN0307,terminal,0,0,0,0,0.0,0,0.0
2020-10-01,LNGN0308,terminal,0,0,0,0,0.0,0,0.0
2020-10-01,LNGN0309,terminal,0,0,0,0,0.0,0,0.0
2020-10-01,LNGN0312,terminal,0,0,0,0,0.0,0,0.0
2020-10-01,LNGN0314,terminal,1,1,0,1,1.0,0,0.0
2020-10-01,LNGN0319,terminal,1,1,0,1,1.0,0,0.0
2020-10-01,LNGN0322,terminal,1,2,1,2,1.0,0,0.0
2020-10-01,LNGN0324,terminal,0,0,0,0,0.0,0,0.0
2020-10-01,LNGN0328,terminal,1,1,0,1,1.0,0,0.0
2020-10-01,LNGN0331,terminal,0,0,0,0,0.0,0,0.0
2020-10-01,LNGN0334,terminal,0,0,0,0,0.0,0,0.0
2020-10-01,LNGN0344,terminal,0,0,0,0,0.0,0,0.0
2020-10-01,LNGN0345,terminal,1,4,0,0,0.0,1,0.25
2020-10-01,LNGN0347,terminal,1,1,0,1,1.0,0,0.0
2020-10-01,LNGN0348,terminal,0,0,0,0,0.0,0,0.0
2020-10-01,LNGN0351,terminal,1,1,0,1,1.0,0,0.0
2020-10-01,LNGN0354,terminal,0,0,0,0,0.0,0,0.0
2020-10-01,LNGN0359,terminal,1,1,0,1,1.0,0,0.0
2020-10-01,LNGN0361,terminal,0,0,0,0,0.0,0,0.0
2020-10-01,LNGN0362,terminal,1,1,0,1,1.0,0,0.0
2020-10-01,LNGN0363,terminal,1,1,0,1,1.0,0,0.0
2020-10-01,LNGN0364,terminal,0,0,0,0,0.0,0,0.0
2020-10-01,LNGN0372,terminal,0,0,0,0,0.0,0,0.0
2020-10-01,LNGN0374,terminal,1,2,0,0,0.0,2,1.0
2020-10-01,LNGN0378,terminal,1,1,0,1,1.0,0,0.0
2020-10-01,LNGN0381,terminal,1,1,0,1,1.0,0,0.0
2020-10-01,LNGN0382,terminal,0,0,0,0,0.0,0,0.0
2020-10-01,LNGN0385,terminal,1,4,0,0,0.0,0,0.0
2020-10-01,LNGN0391,terminal,0,0,0,0,0.0,0,0.0
2020-10-01,LNGN0398,terminal,1,1,0,1,1.0,0,0.0
2020-10-01,LNGN0405,terminal,0,0,0,0,0.0,0,0.0
2020-10-01,LNGN0421,terminal,1,1,0,1,1.0,0,0.0
2020-10-01,LNGN0423,terminal,0,0,0,0,0.0,0,0.0
2020-10-01,LNGN0425,terminal,0,0,0,0,0.0,0,0.0
2020-10-01,LNGN0426,terminal,1,1,0,1,1.0,0,0.0
2020-10-01,LNGN0427,terminal,1,1,0,1,1.0,0,0.0
2020-10-01,LNGN0428,terminal,0,0,0,0,0.0,0,0.0
2020-10-01,LNGN0429,terminal,1,2,0,0,0.0,2,1.0
2020-10-01,LNGN0435,terminal,1,3,1,3,1.0,0,0.0
2020-10-01,LNGN0437,terminal,1,1,0,1,1.0,0,0.0
2020-10-01,LNGN0441,terminal,1,2,0,0,0.0,2,1.0
2020-10-01,LNGN0442,terminal,0,0,0,0,0.0,0,0.0
2020-10-01,LNGN0447,terminal,0,0,0,0,0.0,0,0.0
2020-10-01,LNGN0449,terminal,1,1,0,1,1.0,0,0.0
2020-10-01,LNGN0452,terminal,1,7,1,1,0.14285714285714285,1,0.14285714285714285
2020-10-01,LNGN0453,terminal,0,0,0,0,0.0,0,0.0
2020-10-01,LNGN0460,terminal,1,3,0,0,0.0,1,0.3333333333333333
2020-10-01,LNGN0463,terminal,1,2,0,0,0.0,2,1.0
2020-10-01,LNGN0464,terminal,1,1,0,1,1.0,0,0.0
2020-10-01,LNGN0472,terminal,1,1,0,1,1.0,0,0.0
2020-10-01,LNGN0473,terminal,1,2,0,0,0.0,0,0.0
2020-10-01,LNGN0474,terminal,1,1,0,1,1.0,0,0.0
2020-11-01,CP001,chokepoint,1,5,1,2,0.4,1,0.2
2020-11-01,CP002,chokepoint,1,9,1,3,0.3333333333333333,6,0.6666666666666666
2020-11-01,CP004,chokepoint,1,5,0,0,0.0,1,0.2
2020-11-01,CP005,chokepoint,1,6,1,1,0.16666666666666666,1,0.16666666666666666
2020-11-01,CP006,chokepoint,1,6,1,2,0.3333333333333333,0,0.0
2020-11-01,CP007,chokepoint,1,4,1,1,0.25,3,0.75
2020-11-01,CP008,chokepoint,1,9,1,2,0.2222222222222222,5,0.5555555555555556
2020-11-01,CP009,chokepoint,1,9,1,3,0.3333333333333333,3,0.3333333333333333
2020-11-01,CP010,chokepoint,1,5,1,5,1.0,0,0.0
2020-11-01,CP011,chokepoint,1,11,1,4,0.36363636363636365,5,0.45454545454545453
2020-11-01,CP012,chokepoint,1,5,1,2,0.4,3,0.6
2020-11-01,CP013,chokepoint,1,5,1,2,0.4,3,0.6
2020-11-01,CP014,chokepoint,1,5,1,2,0.4,3,0.6
2020-11-01,CP015,chokepoint,1,4,0,0,0.0,4,1.0
2020-11-01,CP016,chokepoint,1,11,1,4,0.36363636363636365,7,0.6363636363636364
2020-11-01,CP017,chokepoint,1,4,1,2,0.5,2,0.5
2020-11-01,CP018,chokepoint,0,0,0,0,0.0,0,0.0
2020-11-01,CP019,chokepoint,1,2,0,0,0.0,2,1.0
2020-11-01,CP020,chokepoint,1,2,0,0,0.0,2,1.0
2020-11-01,CP021,chokepoint,0,0,0,0,0.0,0,0.0
2020-11-01,CP022,chokepoint,1,5,0,0,0.0,5,1.0
2020-11-01,CP023,chokepoint,0,0,0,0,0.0,0,0.0
2020-11-01,CP024,chokepoint,1,2,1,2,1.0,0,0.0
2020-11-01,CP027,chokepoint,1,3,0,0,0.0,3,1.0
2020-11-01,LNGN0004,terminal,0,0,0,0,0.0,0,0.0
2020-11-01,LNGN0006,terminal,0,0,0,0,0.0,0,0.0
2020-11-01,LNGN0008,terminal,0,0,0,0,0.0,0,0.0
2020-11-01,LNGN0013,terminal,0,0,0,0,0.0,0,0.0
2020-11-01,LNGN0017,terminal,0,0,0,0,0.0,0,0.0
2020-11-01,LNGN0025,terminal,0,0,0,0,0.0,0,0.0
2020-11-01,LNGN0026,terminal,1,3,1,3,1.0,0,0.0
2020-11-01,LNGN0027,terminal,0,0,0,0,0.0,0,0.0
2020-11-01,LNGN0031,terminal,0,0,0,0,0.0,0,0.0
2020-11-01,LNGN0035,terminal,1,1,0,1,1.0,0,0.0
2020-11-01,LNGN0037,terminal,1,1,0,1,1.0,0,0.0
2020-11-01,LNGN0039,terminal,0,0,0,0,0.0,0,0.0
2020-11-01,LNGN0040,terminal,1,1,0,1,1.0,0,0.0
2020-11-01,LNGN0044,terminal,0,0,0,0,0.0,0,0.0
2020-11-01,LNGN0045,terminal,0,0,0,0,0.0,0,0.0
2020-11-01,LNGN0050,terminal,1,4,1,2,0.5,2,0.5
2020-11-01,LNGN0052,terminal,1,1,0,1,1.0,0,0.0
2020-11-01,LNGN0055,terminal,0,0,0,0,0.0,0,0.0
2020-11-01,LNGN0056,terminal,1,1,0,1,1.0,0,0.0
2020-11-01,LNGN0059,terminal,0,0,0,0,0.0,0,0.0
2020-11-01,LNGN0069,terminal,0,0,0,0,0.0,0,0.0
2020-11-01,LNGN0070,terminal,1,4,1,1,0.25,3,0.75
2020-11-01,LNGN0074,terminal,1,1,0,1,1.0,0,0.0
2020-11-01,LNGN0075,terminal,0,0,0,0,0.0,0,0.0
2020-11-01,LNGN0076,terminal,0,0,0,0,0.0,0,0.0
2020-11-01,LNGN0079,terminal,0,0,0,0,0.0,0,0.0
2020-11-01,LNGN0081,terminal,1,1,0,1,1.0,0,0.0
2020-11-01,LNGN0083,terminal,0,0,0,0,0.0,0,0.0
2020-11-01,LNGN0085,terminal,1,1,0,1,1.0,0,0.0
2020-11-01,LNGN0087,terminal,0,0,0,0,0.0,0,0.0
2020-11-01,LNGN0097,terminal,1,1,0,1,1.0,0,0.0
2020-11-01,LNGN0098,terminal,0,0,0,0,0.0,0,0.0
2020-11-01,LNGN0100,terminal,0,0,0,0,0.0,0,0.0
2020-11-01,LNGN0101,terminal,0,0,0,0,0.0,0,0.0
2020-11-01,LNGN0102,terminal,0,0,0,0,0.0,0,0.0
2020-11-01,LNGN0103,terminal,1,1,0,1,1.0,0,0.0
2020-11-01,LNGN0108,terminal,0,0,0,0,0.0,0,0.0
2020-11-01,LNGN0109,terminal,0,0,0,0,0.0,0,0.0
2020-11-01,LNGN0112,terminal,0,0,0,0,0.0,0,0.0
2020-11-01,LNGN0115,terminal,0,0,0,0,0.0,0,0.0
2020-11-01,LNGN0121,terminal,1,2,1,2,1.0,0,0.0
2020-11-01,LNGN0122,terminal,1,1,0,1,1.0,0,0.0
2020-11-01,LNGN0124,terminal,1,2,0,0,0.0,2,1.0
2020-11-01,LNGN0130,terminal,1,2,0,0,0.0,0,0.0
2020-11-01,LNGN0132,terminal,1,2,0,0,0.0,0,0.0
2020-11-01,LNGN0136,terminal,0,0,0,0,0.0,0,0.0
2020-11-01,LNGN0138,terminal,0,0,0,0,0.0,0,0.0
2020-11-01,LNGN0142,terminal,1,2,0,0,0.0,2,1.0
2020-11-01,LNGN0143,terminal,0,0,0,0,0.0,0,0.0
2020-11-01,LNGN0144,terminal,1,1,0,1,1.0,0,0.0
2020-11-01,LNGN0148,terminal,0,0,0,0,0.0,0,0.0
2020-11-01,LNGN0150,terminal,0,0,0,0,0.0,0,0.0
2020-11-01,LNGN0156,terminal,1,1,0,1,1.0,0,0.0
2020-11-01,LNGN0163,terminal,0,0,0,0,0.0,0,0.0
2020-11-01,LNGN0164,terminal,1,1,0,1,1.0,0,0.0
2020-11-01,LNGN0165,terminal,0,0,0,0,0.0,0,0.0
2020-11-01,LNGN0166,terminal,0,0,0,0,0.0,0,0.0
2020-11-01,LNGN0168,terminal,1,3,0,0,0.0,1,0.3333333333333333
2020-11-01,LNGN0170,terminal,1,1,0,1,1.0,0,0.0
2020-11-01,LNGN0173,terminal,1,1,0,1,1.0,0,0.0
2020-11-01,LNGN0174,terminal,0,0,0,0,0.0,0,0.0
2020-11-01,LNGN0175,terminal,0,0,0,0,0.0,0,0.0
2020-11-01,LNGN0176,terminal,0,0,0,0,0.0,0,0.0
2020-11-01,LNGN0178,terminal,0,0,0,0,0.0,0,0.0
2020-11-01,LNGN0180,terminal,0,0,0,0,0.0,0,0.0
2020-11-01,LNGN0181,terminal,1,2,0,0,0.0,2,1.0
2020-11-01,LNGN0182,terminal,0,0,0,0,0.0,0,0.0
2020-11-01,LNGN0186,terminal,1,3,1,1,0.3333333333333333,0,0.0
2020-11-01,LNGN0190,terminal,0,0,0,0,0.0,0,0.0
2020-11-01,LNGN0191,terminal,0,0,0,0,0.0,0,0.0
2020-11-01,LNGN0195,terminal,1,2,0,0,0.0,0,0.0
2020-11-01,LNGN0199,terminal,1,1,0,1,1.0,0,0.0
2020-11-01,LNGN0206,terminal,0,0,0,0,0.0,0,0.0
2020-11-01,LNGN0207,terminal,1,1,0,1,1.0,0,0.0
2020-11-01,LNGN0208,terminal,0,0,0,0,0.0,0,0.0
2020-11-01,LNGN0210,terminal,1,1,0,1,1.0,0,0.0
2020-11-01,LNGN0212,terminal,0,0,0,0,0.0,0,0.0
2020-11-01,LNGN0219,terminal,0,0,0,0,0.0,0,0.0
2020-11-01,LNGN0222,terminal,1,1,0,1,1.0,0,0.0
2020-11-01,LNGN0230,terminal,1,1,0,1,1.0,0,0.0
2020-11-01,LNGN0232,terminal,1,1,0,1,1.0,0,0.0
2020-11-01,LNGN0237,terminal,0,0,0,0,0.0,0,0.0
2020-11-01,LNGN0238,terminal,0,0,0,0,0.0,0,0.0
2020-11-01,LNGN0241,terminal,0,0,0,0,0.0,0,0.0
2020-11-01,LNGN0243,terminal,0,0,0,0,0.0,0,0.0
2020-11-01,LNGN0244,terminal,1,2,0,0,0.0,2,1.0
2020-11-01,LNGN0248,terminal,1,1,0,1,1.0,0,0.0
2020-11-01,LNGN0250,terminal,0,0,0,0,0.0,0,0.0
2020-11-01,LNGN0251,terminal,0,0,0,0,0.0,0,0.0
2020-11-01,LNGN0253,terminal,0,0,0,0,0.0,0,0.0
2020-11-01,LNGN0258,terminal,0,0,0,0,0.0,0,0.0
2020-11-01,LNGN0261,terminal,1,4,0,0,0.0,4,1.0
2020-11-01,LNGN0262,terminal,0,0,0,0,0.0,0,0.0
2020-11-01,LNGN0268,terminal,0,0,0,0,0.0,0,0.0
2020-11-01,LNGN0270,terminal,1,2,0,0,0.0,2,1.0
2020-11-01,LNGN0272,terminal,0,0,0,0,0.0,0,0.0
2020-11-01,LNGN0274,terminal,0,0,0,0,0.0,0,0.0
2020-11-01,LNGN0278,terminal,0,0,0,0,0.0,0,0.0
2020-11-01,LNGN0285,terminal,0,0,0,0,0.0,0,0.0
2020-11-01,LNGN0287,terminal,0,0,0,0,0.0,0,0.0
2020-11-01,LNGN0288,terminal,0,0,0,0,0.0,0,0.0
2020-11-01,LNGN0290,terminal,0,0,0,0,0.0,0,0.0
2020-11-01,LNGN0291,terminal,1,1,0,1,1.0,0,0.0
2020-11-01,LNGN0293,terminal,0,0,0,0,0.0,0,0.0
2020-11-01,LNGN0294,terminal,0,0,0,0,0.0,0,0.0
2020-11-01,LNGN0297,terminal,1,2,0,0,0.0,2,1.0
2020-11-01,LNGN0299,terminal,0,0,0,0,0.0,0,0.0
2020-11-01,LNGN0307,terminal,0,0,0,0,0.0,0,0.0
2020-11-01,LNGN0308,terminal,0,0,0,0,0.0,0,0.0
2020-11-01,LNGN0309,terminal,0,0,0,0,0.0,0,0.0
2020-11-01,LNGN0312,terminal,0,0,0,0,0.0,0,0.0
2020-11-01,LNGN0314,terminal,1,1,0,1,1.0,0,0.0
2020-11-01,LNGN0319,terminal,1,1,0,1,1.0,0,0.0
2020-11-01,LNGN0322,terminal,1,2,1,2,1.0,0,0.0
2020-11-01,LNGN0324,terminal,0,0,0,0,0.0,0,0.0
2020-11-01,LNGN0328,terminal,1,1,0,1,1.0,0,0.0
2020-11-01,LNGN0331,terminal,1,1,0,1,1.0,0,0.0
2020-11-01,LNGN0334,terminal,0,0,0,0,0.0,0,0.0
2020-11-01,LNGN0344,terminal,0,0,0,0,0.0,0,0.0
2020-11-01,LNGN0345,terminal,1,3,0,0,0.0,3,1.0
2020-11-01,LNGN0347,terminal,1,1,0,1,1.0,0,0.0
2020-11-01,LNGN0348,terminal,0,0,0,0,0.0,0,0.0
2020-11-01,LNGN0351,terminal,0,0,0,0,0.0,0,0.0
2020-11-01,LNGN0354,terminal,0,0,0,0,0.0,0,0.0
2020-11-01,LNGN0359,terminal,0,0,0,0,0.0,0,0.0
2020-11-01,LNGN0361,terminal,0,0,0,0,0.0,0,0.0
2020-11-01,LNGN0362,terminal,1,1,0,1,1.0,0,0.0
2020-11-01,LNGN0363,terminal,1,1,0,1,1.0,0,0.0
2020-11-01,LNGN0364,terminal,0,0,0,0,0.0,0,0.0
2020-11-01,LNGN0372,terminal,1,1,0,1,1.0,0,0.0
2020-11-01,LNGN0374,terminal,1,2,0,0,0.0,2,1.0
2020-11-01,LNGN0378,terminal,1,2,1,2,1.0,0,0.0
2020-11-01,LNGN0381,terminal,1,3,0,0,0.0,3,1.0
2020-11-01,LNGN0382,terminal,1,1,0,1,1.0,0,0.0
2020-11-01,LNGN0385,terminal,1,1,0,1,1.0,0,0.0
2020-11-01,LNGN0391,terminal,0,0,0,0,0.0,0,0.0
2020-11-01,LNGN0398,terminal,1,1,0,1,1.0,0,0.0
2020-11-01,LNGN0405,terminal,0,0,0,0,0.0,0,0.0
2020-11-01,LNGN0421,terminal,1,1,0,1,1.0,0,0.0
2020-11-01,LNGN0423,terminal,0,0,0,0,0.0,0,0.0
2020-11-01,LNGN0425,terminal,0,0,0,0,0.0,0,0.0
2020-11-01,LNGN0426,terminal,1,1,0,1,1.0,0,0.0
2020-11-01,LNGN0427,terminal,1,1,0,1,1.0,0,0.0
2020-11-01,LNGN0428,terminal,0,0,0,0,0.0,0,0.0
2020-11-01,LNGN0429,terminal,1,1,0,1,1.0,0,0.0
2020-11-01,LNGN0435,terminal,1,2,1,2,1.0,0,0.0
2020-11-01,LNGN0437,terminal,1,1,0,1,1.0,0,0.0
2020-11-01,LNGN0441,terminal,1,2,0,0,0.0,2,1.0
2020-11-01,LNGN0442,terminal,0,0,0,0,0.0,0,0.0
2020-11-01,LNGN0447,terminal,0,0,0,0,0.0,0,0.0
2020-11-01,LNGN0449,terminal,1,1,0,1,1.0,0,0.0
2020-11-01,LNGN0452,terminal,1,6,1,2,0.3333333333333333,1,0.16666666666666666
2020-11-01,LNGN0453,terminal,0,0,0,0,0.0,0,0.0
2020-11-01,LNGN0460,terminal,1,2,0,0,0.0,2,1.0
2020-11-01,LNGN0463,terminal,0,0,0,0,0.0,0,0.0
2020-11-01,LNGN0464,terminal,1,2,0,0,0.0,0,0.0
2020-11-01,LNGN0472,terminal,1,1,0,1,1.0,0,0.0
2020-11-01,LNGN0473,terminal,0,0,0,0,0.0,0,0.0
2020-11-01,LNGN0474,terminal,0,0,0,0,0.0,0,0.0
2020-12-01,CP001,chokepoint,1,3,1,1,0.3333333333333333,2,0.6666666666666666
2020-12-01,CP002,chokepoint,1,10,1,4,0.4,6,0.6
2020-12-01,CP004,chokepoint,1,5,1,2,0.4,1,0.2
2020-12-01,CP005,chokepoint,1,5,1,1,0.2,2,0.4
2020-12-01,CP006,chokepoint,1,3,1,1,0.3333333333333333,0,0.0
2020-12-01,CP007,chokepoint,1,3,1,1,0.3333333333333333,2,0.6666666666666666
2020-12-01,CP008,chokepoint,1,7,1,2,0.2857142857142857,5,0.7142857142857143
2020-12-01,CP009,chokepoint,1,4,0,0,0.0,2,0.5
2020-12-01,CP010,chokepoint,1,6,1,6,1.0,0,0.0
2020-12-01,CP011,chokepoint,1,10,1,2,0.2,4,0.4
2020-12-01,CP012,chokepoint,1,5,1,1,0.2,4,0.8
2020-12-01,CP013,chokepoint,1,6,1,3,0.5,3,0.5
2020-12-01,CP014,chokepoint,1,5,0,0,0.0,5,1.0
2020-12-01,CP015,chokepoint,1,3,0,0,0.0,3,1.0
2020-12-01,CP016,chokepoint,1,8,1,2,0.25,6,0.75
2020-12-01,CP017,chokepoint,1,3,1,1,0.3333333333333333,2,0.6666666666666666
2020-12-01,CP018,chokepoint,1,2,0,0,0.0,2,1.0
2020-12-01,CP019,chokepoint,1,5,0,0,0.0,3,0.6
2020-12-01,CP020,chokepoint,1,2,0,0,0.0,2,1.0
2020-12-01,CP021,chokepoint,0,0,0,0,0.0,0,0.0
2020-12-01,CP022,chokepoint,1,5,1,1,0.2,4,0.8
2020-12-01,CP023,chokepoint,0,0,0,0,0.0,0,0.0
2020-12-01,CP024,chokepoint,0,0,0,0,0.0,0,0.0
2020-12-01,CP027,chokepoint,1,6,0,0,0.0,3,0.5
2020-12-01,LNGN0004,terminal,0,0,0,0,0.0,0,0.0
2020-12-01,LNGN0006,terminal,0,0,0,0,0.0,0,0.0
2020-12-01,LNGN0008,terminal,0,0,0,0,0.0,0,0.0
2020-12-01,LNGN0013,terminal,0,0,0,0,0.0,0,0.0
2020-12-01,LNGN0017,terminal,0,0,0,0,0.0,0,0.0
2020-12-01,LNGN0025,terminal,0,0,0,0,0.0,0,0.0
2020-12-01,LNGN0026,terminal,1,1,0,1,1.0,0,0.0
2020-12-01,LNGN0027,terminal,1,2,1,2,1.0,0,0.0
2020-12-01,LNGN0031,terminal,0,0,0,0,0.0,0,0.0
2020-12-01,LNGN0035,terminal,0,0,0,0,0.0,0,0.0
2020-12-01,LNGN0037,terminal,1,2,1,2,1.0,0,0.0
2020-12-01,LNGN0039,terminal,0,0,0,0,0.0,0,0.0
2020-12-01,LNGN0040,terminal,0,0,0,0,0.0,0,0.0
2020-12-01,LNGN0044,terminal,0,0,0,0,0.0,0,0.0
2020-12-01,LNGN0045,terminal,0,0,0,0,0.0,0,0.0
2020-12-01,LNGN0050,terminal,1,3,0,0,0.0,3,1.0
2020-12-01,LNGN0052,terminal,1,1,0,1,1.0,0,0.0
2020-12-01,LNGN0055,terminal,0,0,0,0,0.0,0,0.0
2020-12-01,LNGN0056,terminal,0,0,0,0,0.0,0,0.0
2020-12-01,LNGN0059,terminal,0,0,0,0,0.0,0,0.0
2020-12-01,LNGN0069,terminal,0,0,0,0,0.0,0,0.0
2020-12-01,LNGN0070,terminal,1,3,0,0,0.0,3,1.0
2020-12-01,LNGN0074,terminal,0,0,0,0,0.0,0,0.0
2020-12-01,LNGN0075,terminal,0,0,0,0,0.0,0,0.0
2020-12-01,LNGN0076,terminal,0,0,0,0,0.0,0,0.0
2020-12-01,LNGN0079,terminal,1,1,0,1,1.0,0,0.0
2020-12-01,LNGN0081,terminal,1,1,0,1,1.0,0,0.0
2020-12-01,LNGN0083,terminal,0,0,0,0,0.0,0,0.0
2020-12-01,LNGN0085,terminal,0,0,0,0,0.0,0,0.0
2020-12-01,LNGN0087,terminal,0,0,0,0,0.0,0,0.0
2020-12-01,LNGN0097,terminal,0,0,0,0,0.0,0,0.0
2020-12-01,LNGN0098,terminal,0,0,0,0,0.0,0,0.0
2020-12-01,LNGN0100,terminal,0,0,0,0,0.0,0,0.0
2020-12-01,LNGN0101,terminal,0,0,0,0,0.0,0,0.0
2020-12-01,LNGN0102,terminal,0,0,0,0,0.0,0,0.0
2020-12-01,LNGN0103,terminal,1,1,0,1,1.0,0,0.0
2020-12-01,LNGN0108,terminal,0,0,0,0,0.0,0,0.0
2020-12-01,LNGN0109,terminal,0,0,0,0,0.0,0,0.0
2020-12-01,LNGN0112,terminal,0,0,0,0,0.0,0,0.0
2020-12-01,LNGN0115,terminal,0,0,0,0,0.0,0,0.0
2020-12-01,LNGN0121,terminal,0,0,0,0,0.0,0,0.0
2020-12-01,LNGN0122,terminal,0,0,0,0,0.0,0,0.0
2020-12-01,LNGN0124,terminal,1,1,0,1,1.0,0,0.0
2020-12-01,LNGN0130,terminal,0,0,0,0,0.0,0,0.0
2020-12-01,LNGN0132,terminal,1,1,0,1,1.0,0,0.0
2020-12-01,LNGN0136,terminal,0,0,0,0,0.0,0,0.0
2020-12-01,LNGN0138,terminal,0,0,0,0,0.0,0,0.0
2020-12-01,LNGN0142,terminal,1,2,0,0,0.0,2,1.0
2020-12-01,LNGN0143,terminal,0,0,0,0,0.0,0,0.0
2020-12-01,LNGN0144,terminal,1,2,0,0,0.0,0,0.0
2020-12-01,LNGN0148,terminal,0,0,0,0,0.0,0,0.0
2020-12-01,LNGN0150,terminal,0,0,0,0,0.0,0,0.0
2020-12-01,LNGN0156,terminal,0,0,0,0,0.0,0,0.0
2020-12-01,LNGN0163,terminal,0,0,0,0,0.0,0,0.0
2020-12-01,LNGN0164,terminal,0,0,0,0,0.0,0,0.0
2020-12-01,LNGN0165,terminal,0,0,0,0,0.0,0,0.0
2020-12-01,LNGN0166,terminal,0,0,0,0,0.0,0,0.0
2020-12-01,LNGN0168,terminal,1,1,0,1,1.0,0,0.0
2020-12-01,LNGN0170,terminal,0,0,0,0,0.0,0,0.0
2020-12-01,LNGN0173,terminal,1,2,0,0,0.0,2,1.0
2020-12-01,LNGN0174,terminal,0,0,0,0,0.0,0,0.0
2020-12-01,LNGN0175,terminal,0,0,0,0,0.0,0,0.0
2020-12-01,LNGN0176,terminal,0,0,0,0,0.0,0,0.0
2020-12-01,LNGN0178,terminal,1,2,0,0,0.0,2,1.0
2020-12-01,LNGN0180,terminal,0,0,0,0,0.0,0,0.0
2020-12-01,LNGN0181,terminal,1,2,0,0,0.0,2,1.0
2020-12-01,LNGN0182,terminal,0,0,0,0,0.0,0,0.0
2020-12-01,LNGN0186,terminal,1,1,0,1,1.0,0,0.0
2020-12-01,LNGN0190,terminal,0,0,0,0,0.0,0,0.0
2020-12-01,LNGN0191,terminal,0,0,0,0,0.0,0,0.0
2020-12-01,LNGN0195,terminal,1,3,0,0,0.0,0,0.0
2020-12-01,LNGN0199,terminal,0,0,0,0,0.0,0,0.0
2020-12-01,LNGN0206,terminal,0,0,0,0,0.0,0,0.0
2020-12-01,LNGN0207,terminal,1,1,0,1,1.0,0,0.0
2020-12-01,LNGN0208,terminal,0,0,0,0,0.0,0,0.0
2020-12-01,LNGN0210,terminal,1,1,0,1,1.0,0,0.0
2020-12-01,LNGN0212,terminal,1,1,0,1,1.0,0,0.0
2020-12-01,LNGN0219,terminal,0,0,0,0,0.0,0,0.0
2020-12-01,LNGN0222,terminal,1,1,0,1,1.0,0,0.0
2020-12-01,LNGN0230,terminal,1,1,0,1,1.0,0,0.0
2020-12-01,LNGN0232,terminal,1,1,0,1,1.0,0,0.0
2020-12-01,LNGN0237,terminal,1,1,0,1,1.0,0,0.0
2020-12-01,LNGN0238,terminal,0,0,0,0,0.0,0,0.0
2020-12-01,LNGN0241,terminal,0,0,0,0,0.0,0,0.0
2020-12-01,LNGN0243,terminal,0,0,0,0,0.0,0,0.0
2020-12-01,LNGN0244,terminal,1,2,0,0,0.0,2,1.0
2020-12-01,LNGN0248,terminal,1,1,0,1,1.0,0,0.0
2020-12-01,LNGN0250,terminal,0,0,0,0,0.0,0,0.0
2020-12-01,LNGN0251,terminal,0,0,0,0,0.0,0,0.0
2020-12-01,LNGN0253,terminal,0,0,0,0,0.0,0,0.0
2020-12-01,LNGN0258,terminal,0,0,0,0,0.0,0,0.0
2020-12-01,LNGN0261,terminal,1,6,1,1,0.16666666666666666,5,0.8333333333333334
2020-12-01,LNGN0262,terminal,0,0,0,0,0.0,0,0.0
2020-12-01,LNGN0268,terminal,0,0,0,0,0.0,0,0.0
2020-12-01,LNGN0270,terminal,1,3,0,0,0.0,3,1.0
2020-12-01,LNGN0272,terminal,0,0,0,0,0.0,0,0.0
2020-12-01,LNGN0274,terminal,0,0,0,0,0.0,0,0.0
2020-12-01,LNGN0278,terminal,0,0,0,0,0.0,0,0.0
2020-12-01,LNGN0285,terminal,0,0,0,0,0.0,0,0.0
2020-12-01,LNGN0287,terminal,1,1,0,1,1.0,0,0.0
2020-12-01,LNGN0288,terminal,0,0,0,0,0.0,0,0.0
2020-12-01,LNGN0290,terminal,0,0,0,0,0.0,0,0.0
2020-12-01,LNGN0291,terminal,0,0,0,0,0.0,0,0.0
2020-12-01,LNGN0293,terminal,0,0,0,0,0.0,0,0.0
2020-12-01,LNGN0294,terminal,0,0,0,0,0.0,0,0.0
2020-12-01,LNGN0297,terminal,1,2,0,0,0.0,2,1.0
2020-12-01,LNGN0299,terminal,0,0,0,0,0.0,0,0.0
2020-12-01,LNGN0307,terminal,0,0,0,0,0.0,0,0.0
2020-12-01,LNGN0308,terminal,0,0,0,0,0.0,0,0.0
2020-12-01,LNGN0309,terminal,0,0,0,0,0.0,0,0.0
2020-12-01,LNGN0312,terminal,1,1,0,1,1.0,0,0.0
2020-12-01,LNGN0314,terminal,1,1,0,1,1.0,0,0.0
2020-12-01,LNGN0319,terminal,0,0,0,0,0.0,0,0.0
2020-12-01,LNGN0322,terminal,1,4,0,0,0.0,4,1.0
2020-12-01,LNGN0324,terminal,0,0,0,0,0.0,0,0.0
2020-12-01,LNGN0328,terminal,1,1,0,1,1.0,0,0.0
2020-12-01,LNGN0331,terminal,0,0,0,0,0.0,0,0.0
2020-12-01,LNGN0334,terminal,0,0,0,0,0.0,0,0.0
2020-12-01,LNGN0344,terminal,0,0,0,0,0.0,0,0.0
2020-12-01,LNGN0345,terminal,1,5,1,1,0.2,4,0.8
2020-12-01,LNGN0347,terminal,1,1,0,1,1.0,0,0.0
2020-12-01,LNGN0348,terminal,0,0,0,0,0.0,0,0.0
2020-12-01,LNGN0351,terminal,1,1,0,1,1.0,0,0.0
2020-12-01,LNGN0354,terminal,1,1,0,1,1.0,0,0.0
2020-12-01,LNGN0359,terminal,1,3,0,0,0.0,3,1.0
2020-12-01,LNGN0361,terminal,0,0,0,0,0.0,0,0.0
2020-12-01,LNGN0362,terminal,0,0,0,0,0.0,0,0.0
2020-12-01,LNGN0363,terminal,1,2,0,0,0.0,2,1.0
2020-12-01,LNGN0364,terminal,0,0,0,0,0.0,0,0.0
2020-12-01,LNGN0372,terminal,0,0,0,0,0.0,0,0.0
2020-12-01,LNGN0374,terminal,1,3,0,0,0.0,3,1.0
2020-12-01,LNGN0378,terminal,0,0,0,0,0.0,0,0.0
2020-12-01,LNGN0381,terminal,1,3,0,0,0.0,3,1.0
2020-12-01,LNGN0382,terminal,1,1,0,1,1.0,0,0.0
2020-12-01,LNGN0385,terminal,1,3,0,0,0.0,3,1.0
2020-12-01,LNGN0391,terminal,0,0,0,0,0.0,0,0.0
2020-12-01,LNGN0398,terminal,1,1,0,1,1.0,0,0.0
2020-12-01,LNGN0405,terminal,0,0,0,0,0.0,0,0.0
2020-12-01,LNGN0421,terminal,1,1,0,1,1.0,0,0.0
2020-12-01,LNGN0423,terminal,0,0,0,0,0.0,0,0.0
2020-12-01,LNGN0425,terminal,0,0,0,0,0.0,0,0.0
2020-12-01,LNGN0426,terminal,1,1,0,1,1.0,0,0.0
2020-12-01,LNGN0427,terminal,1,1,0,1,1.0,0,0.0
2020-12-01,LNGN0428,terminal,0,0,0,0,0.0,0,0.0
2020-12-01,LNGN0429,terminal,0,0,0,0,0.0,0,0.0
2020-12-01,LNGN0435,terminal,1,2,1,2,1.0,0,0.0
2020-12-01,LNGN0437,terminal,0,0,0,0,0.0,0,0.0
2020-12-01,LNGN0441,terminal,1,1,0,1,1.0,0,0.0
2020-12-01,LNGN0442,terminal,0,0,0,0,0.0,0,0.0
2020-12-01,LNGN0447,terminal,0,0,0,0,0.0,0,0.0
2020-12-01,LNGN0449,terminal,0,0,0,0,0.0,0,0.0
2020-12-01,LNGN0452,terminal,1,8,1,3,0.375,3,0.375
2020-12-01,LNGN0453,terminal,0,0,0,0,0.0,0,0.0
2020-12-01,LNGN0460,terminal,1,2,0,0,0.0,2,1.0
2020-12-01,LNGN0463,terminal,1,2,0,0,0.0,2,1.0
2020-12-01,LNGN0464,terminal,1,1,0,1,1.0,0,0.0
2020-12-01,LNGN0472,terminal,1,1,0,1,1.0,0,0.0
2020-12-01,LNGN0473,terminal,1,2,0,0,0.0,0,0.0
2020-12-01,LNGN0474,terminal,1,1,0,1,1.0,0,0.0
2021-01-01,CP001,chokepoint,1,2,1,2,1.0,0,0.0
2021-01-01,CP002,chokepoint,1,8,1,3,0.375,3,0.375
2021-01-01,CP004,chokepoint,1,2,1,2,1.0,0,0.0
2021-01-01,CP005,chokepoint,1,4,1,2,0.5,2,0.5
2021-01-01,CP006,chokepoint,1,5,1,5,1.0,0,0.0
2021-01-01,CP007,chokepoint,1,3,1,1,0.3333333333333333,2,0.6666666666666666
2021-01-01,CP008,chokepoint,1,9,1,2,0.2222222222222222,7,0.7777777777777778
2021-01-01,CP009,chokepoint,1,5,1,2,0.4,3,0.6
2021-01-01,CP010,chokepoint,0,0,0,0,0.0,0,0.0
2021-01-01,CP011,chokepoint,1,10,1,2,0.2,4,0.4
2021-01-01,CP012,chokepoint,1,8,1,1,0.125,1,0.125
2021-01-01,CP013,chokepoint,1,6,1,2,0.3333333333333333,0,0.0
2021-01-01,CP014,chokepoint,1,4,1,1,0.25,3,0.75
2021-01-01,CP015,chokepoint,1,3,1,1,0.3333333333333333,2,0.6666666666666666
2021-01-01,CP016,chokepoint,1,7,1,3,0.42857142857142855,4,0.5714285714285714
2021-01-01,CP017,chokepoint,1,4,1,2,0.5,0,0.0
2021-01-01,CP018,chokepoint,0,0,0,0,0.0,0,0.0
2021-01-01,CP019,chokepoint,1,4,0,0,0.0,4,1.0
2021-01-01,CP020,chokepoint,1,2,0,0,0.0,2,1.0
2021-01-01,CP021,chokepoint,0,0,0,0,0.0,0,0.0
2021-01-01,CP022,chokepoint,1,5,0,0,0.0,5,1.0
2021-01-01,CP023,chokepoint,0,0,0,0,0.0,0,0.0
2021-01-01,CP024,chokepoint,0,0,0,0,0.0,0,0.0
2021-01-01,CP027,chokepoint,1,4,1,1,0.25,3,0.75
2021-01-01,LNGN0004,terminal,0,0,0,0,0.0,0,0.0
2021-01-01,LNGN0006,terminal,0,0,0,0,0.0,0,0.0
2021-01-01,LNGN0008,terminal,0,0,0,0,0.0,0,0.0
2021-01-01,LNGN0013,terminal,0,0,0,0,0.0,0,0.0
2021-01-01,LNGN0017,terminal,0,0,0,0,0.0,0,0.0
2021-01-01,LNGN0025,terminal,0,0,0,0,0.0,0,0.0
2021-01-01,LNGN0026,terminal,1,2,0,0,0.0,2,1.0
2021-01-01,LNGN0027,terminal,1,2,1,2,1.0,0,0.0
2021-01-01,LNGN0031,terminal,0,0,0,0,0.0,0,0.0
2021-01-01,LNGN0035,terminal,0,0,0,0,0.0,0,0.0
2021-01-01,LNGN0037,terminal,1,1,0,1,1.0,0,0.0
2021-01-01,LNGN0039,terminal,0,0,0,0,0.0,0,0.0
2021-01-01,LNGN0040,terminal,1,1,0,1,1.0,0,0.0
2021-01-01,LNGN0044,terminal,0,0,0,0,0.0,0,0.0
2021-01-01,LNGN0045,terminal,0,0,0,0,0.0,0,0.0
2021-01-01,LNGN0050,terminal,1,2,0,0,0.0,2,1.0
2021-01-01,LNGN0052,terminal,0,0,0,0,0.0,0,0.0
2021-01-01,LNGN0055,terminal,0,0,0,0,0.0,0,0.0
2021-01-01,LNGN0056,terminal,0,0,0,0,0.0,0,0.0
2021-01-01,LNGN0059,terminal,0,0,0,0,0.0,0,0.0
2021-01-01,LNGN0069,terminal,0,0,0,0,0.0,0,0.0
2021-01-01,LNGN0070,terminal,1,3,0,0,0.0,3,1.0
2021-01-01,LNGN0074,terminal,0,0,0,0,0.0,0,0.0
2021-01-01,LNGN0075,terminal,0,0,0,0,0.0,0,0.0
2021-01-01,LNGN0076,terminal,0,0,0,0,0.0,0,0.0
2021-01-01,LNGN0079,terminal,1,1,0,1,1.0,0,0.0
2021-01-01,LNGN0081,terminal,0,0,0,0,0.0,0,0.0
2021-01-01,LNGN0083,terminal,0,0,0,0,0.0,0,0.0
2021-01-01,LNGN0085,terminal,1,1,0,1,1.0,0,0.0
2021-01-01,LNGN0087,terminal,0,0,0,0,0.0,0,0.0
2021-01-01,LNGN0097,terminal,1,1,0,1,1.0,0,0.0
2021-01-01,LNGN0098,terminal,0,0,0,0,0.0,0,0.0
2021-01-01,LNGN0100,terminal,0,0,0,0,0.0,0,0.0
2021-01-01,LNGN0101,terminal,0,0,0,0,0.0,0,0.0
2021-01-01,LNGN0102,terminal,0,0,0,0,0.0,0,0.0
2021-01-01,LNGN0103,terminal,0,0,0,0,0.0,0,0.0
2021-01-01,LNGN0108,terminal,0,0,0,0,0.0,0,0.0
2021-01-01,LNGN0109,terminal,0,0,0,0,0.0,0,0.0
2021-01-01,LNGN0112,terminal,0,0,0,0,0.0,0,0.0
2021-01-01,LNGN0115,terminal,0,0,0,0,0.0,0,0.0
2021-01-01,LNGN0121,terminal,0,0,0,0,0.0,0,0.0
2021-01-01,LNGN0122,terminal,0,0,0,0,0.0,0,0.0
2021-01-01,LNGN0124,terminal,1,2,0,0,0.0,2,1.0
2021-01-01,LNGN0130,terminal,1,1,0,1,1.0,0,0.0
2021-01-01,LNGN0132,terminal,1,1,0,1,1.0,0,0.0
2021-01-01,LNGN0136,terminal,1,1,0,1,1.0,0,0.0
2021-01-01,LNGN0138,terminal,0,0,0,0,0.0,0,0.0
2021-01-01,LNGN0142,terminal,1,1,0,1,1.0,0,0.0
2021-01-01,LNGN0143,terminal,0,0,0,0,0.0,0,0.0
2021-01-01,LNGN0144,terminal,1,1,0,1,1.0,0,0.0
2021-01-01,LNGN0148,terminal,0,0,0,0,0.0,0,0.0
2021-01-01,LNGN0150,terminal,0,0,0,0,0.0,0,0.0
2021-01-01,LNGN0156,terminal,0,0,0,0,0.0,0,0.0
2021-01-01,LNGN0163,terminal,1,1,0,1,1.0,0,0.0
2021-01-01,LNGN0164,terminal,0,0,0,0,0.0,0,0.0
2021-01-01,LNGN0165,terminal,0,0,0,0,0.0,0,0.0
2021-01-01,LNGN0166,terminal,0,0,0,0,0.0,0,0.0
2021-01-01,LNGN0168,terminal,1,1,0,1,1.0,0,0.0
2021-01-01,LNGN0170,terminal,1,2,0,0,0.0,2,1.0
2021-01-01,LNGN0173,terminal,1,1,0,1,1.0,0,0.0
2021-01-01,LNGN0174,terminal,0,0,0,0,0.0,0,0.0
2021-01-01,LNGN0175,terminal,0,0,0,0,0.0,0,0.0
2021-01-01,LNGN0176,terminal,0,0,0,0,0.0,0,0.0
2021-01-01,LNGN0178,terminal,1,2,0,0,0.0,2,1.0
2021-01-01,LNGN0180,terminal,0,0,0,0,0.0,0,0.0
2021-01-01,LNGN0181,terminal,1,2,0,0,0.0,0,0.0
2021-01-01,LNGN0182,terminal,0,0,0,0,0.0,0,0.0
2021-01-01,LNGN0186,terminal,1,2,0,0,0.0,2,1.0
2021-01-01,LNGN0190,terminal,0,0,0,0,0.0,0,0.0
2021-01-01,LNGN0191,terminal,0,0,0,0,0.0,0,0.0
2021-01-01,LNGN0195,terminal,0,0,0,0,0.0,0,0.0
2021-01-01,LNGN0199,terminal,0,0,0,0,0.0,0,0.0
2021-01-01,LNGN0206,terminal,0,0,0,0,0.0,0,0.0
2021-01-01,LNGN0207,terminal,0,0,0,0,0.0,0,0.0
2021-01-01,LNGN0208,terminal,0,0,0,0,0.0,0,0.0
2021-01-01,LNGN0210,terminal,0,0,0,0,0.0,0,0.0
2021-01-01,LNGN0212,terminal,0,0,0,0,0.0,0,0.0
2021-01-01,LNGN0219,terminal,0,0,0,0,0.0,0,0.0
2021-01-01,LNGN0222,terminal,0,0,0,0,0.0,0,0.0
2021-01-01,LNGN0230,terminal,1,1,0,1,1.0,0,0.0
2021-01-01,LNGN0232,terminal,1,2,0,0,0.0,2,1.0
2021-01-01,LNGN0237,terminal,0,0,0,0,0.0,0,0.0
2021-01-01,LNGN0238,terminal,0,0,0,0,0.0,0,0.0
2021-01-01,LNGN0241,terminal,1,1,0,1,1.0,0,0.0
2021-01-01,LNGN0243,terminal,0,0,0,0,0.0,0,0.0
2021-01-01,LNGN0244,terminal,1,2,0,0,0.0,2,1.0
2021-01-01,LNGN0248,terminal,1,1,0,1,1.0,0,0.0
2021-01-01,LNGN0250,terminal,0,0,0,0,0.0,0,0.0
2021-01-01,LNGN0251,terminal,0,0,0,0,0.0,0,0.0
2021-01-01,LNGN0253,terminal,0,0,0,0,0.0,0,0.0
2021-01-01,LNGN0258,terminal,0,0,0,0,0.0,0,0.0
2021-01-01,LNGN0261,terminal,1,5,0,0,0.0,5,1.0
2021-01-01,LNGN0262,terminal,0,0,0,0,0.0,0,0.0
2021-01-01,LNGN0268,terminal,0,0,0,0,0.0,0,0.0
2021-01-01,LNGN0270,terminal,0,0,0,0,0.0,0,0.0
2021-01-01,LNGN0272,terminal,0,0,0,0,0.0,0,0.0
2021-01-01,LNGN0274,terminal,0,0,0,0,0.0,0,0.0
2021-01-01,LNGN0278,terminal,0,0,0,0,0.0,0,0.0
2021-01-01,LNGN0285,terminal,0,0,0,0,0.0,0,0.0
2021-01-01,LNGN0287,terminal,1,1,0,1,1.0,0,0.0
2021-01-01,LNGN0288,terminal,0,0,0,0,0.0,0,0.0
2021-01-01,LNGN0290,terminal,0,0,0,0,0.0,0,0.0
2021-01-01,LNGN0291,terminal,0,0,0,0,0.0,0,0.0
2021-01-01,LNGN0293,terminal,0,0,0,0,0.0,0,0.0
2021-01-01,LNGN0294,terminal,0,0,0,0,0.0,0,0.0
2021-01-01,LNGN0297,terminal,1,2,0,0,0.0,2,1.0
2021-01-01,LNGN0299,terminal,0,0,0,0,0.0,0,0.0
2021-01-01,LNGN0307,terminal,0,0,0,0,0.0,0,0.0
2021-01-01,LNGN0308,terminal,0,0,0,0,0.0,0,0.0
2021-01-01,LNGN0309,terminal,0,0,0,0,0.0,0,0.0
2021-01-01,LNGN0312,terminal,1,1,0,1,1.0,0,0.0
2021-01-01,LNGN0314,terminal,1,2,0,0,0.0,0,0.0
2021-01-01,LNGN0319,terminal,0,0,0,0,0.0,0,0.0
2021-01-01,LNGN0322,terminal,1,2,0,0,0.0,2,1.0
2021-01-01,LNGN0324,terminal,0,0,0,0,0.0,0,0.0
2021-01-01,LNGN0328,terminal,1,1,0,1,1.0,0,0.0
2021-01-01,LNGN0331,terminal,0,0,0,0,0.0,0,0.0
2021-01-01,LNGN0334,terminal,0,0,0,0,0.0,0,0.0
2021-01-01,LNGN0344,terminal,0,0,0,0,0.0,0,0.0
2021-01-01,LNGN0345,terminal,1,4,0,0,0.0,4,1.0
2021-01-01,LNGN0347,terminal,0,0,0,0,0.0,0,0.0
2021-01-01,LNGN0348,terminal,1,1,0,1,1.0,0,0.0
2021-01-01,LNGN0351,terminal,1,1,0,1,1.0,0,0.0
2021-01-01,LNGN0354,terminal,1,1,0,1,1.0,0,0.0
2021-01-01,LNGN0359,terminal,1,1,0,1,1.0,0,0.0
2021-01-01,LNGN0361,terminal,0,0,0,0,0.0,0,0.0
2021-01-01,LNGN0362,terminal,0,0,0,0,0.0,0,0.0
2021-01-01,LNGN0363,terminal,1,2,0,0,0.0,2,1.0
2021-01-01,LNGN0364,terminal,0,0,0,0,0.0,0,0.0
2021-01-01,LNGN0372,terminal,1,1,0,1,1.0,0,0.0
2021-01-01,LNGN0374,terminal,1,3,0,0,0.0,3,1.0
2021-01-01,LNGN0378,terminal,0,0,0,0,0.0,0,0.0
2021-01-01,LNGN0381,terminal,1,3,0,0,0.0,3,1.0
2021-01-01,LNGN0382,terminal,0,0,0,0,0.0,0,0.0
2021-01-01,LNGN0385,terminal,1,1,0,1,1.0,0,0.0
2021-01-01,LNGN0391,terminal,0,0,0,0,0.0,0,0.0
2021-01-01,LNGN0398,terminal,1,1,0,1,1.0,0,0.0
2021-01-01,LNGN0405,terminal,0,0,0,0,0.0,0,0.0
2021-01-01,LNGN0421,terminal,1,1,0,1,1.0,0,0.0
2021-01-01,LNGN0423,terminal,0,0,0,0,0.0,0,0.0
2021-01-01,LNGN0425,terminal,0,0,0,0,0.0,0,0.0
2021-01-01,LNGN0426,terminal,1,2,0,0,0.0,0,0.0
2021-01-01,LNGN0427,terminal,1,1,0,1,1.0,0,0.0
2021-01-01,LNGN0428,terminal,0,0,0,0,0.0,0,0.0
2021-01-01,LNGN0429,terminal,1,1,0,1,1.0,0,0.0
2021-01-01,LNGN0435,terminal,1,1,0,1,1.0,0,0.0
2021-01-01,LNGN0437,terminal,0,0,0,0,0.0,0,0.0
2021-01-01,LNGN0441,terminal,1,1,0,1,1.0,0,0.0
2021-01-01,LNGN0442,terminal,0,0,0,0,0.0,0,0.0
2021-01-01,LNGN0447,terminal,1,1,0,1,1.0,0,0.0
2021-01-01,LNGN0449,terminal,1,1,0,1,1.0,0,0.0
2021-01-01,LNGN0452,terminal,1,7,1,5,0.7142857142857143,2,0.2857142857142857
2021-01-01,LNGN0453,terminal,1,1,0,1,1.0,0,0.0
2021-01-01,LNGN0460,terminal,1,3,0,0,0.0,1,0.3333333333333333
2021-01-01,LNGN0463,terminal,1,2,0,0,0.0,2,1.0
2021-01-01,LNGN0464,terminal,1,1,0,1,1.0,0,0.0
2021-01-01,LNGN0472,terminal,0,0,0,0,0.0,0,0.0
2021-01-01,LNGN0473,terminal,0,0,0,0,0.0,0,0.0
2021-01-01,LNGN0474,terminal,0,0,0,0,0.0,0,0.0
2021-02-01,CP001,chokepoint,1,5,1,3,0.6,2,0.4
2021-02-01,CP002,chokepoint,1,5,1,1,0.2,4,0.8
2021-02-01,CP004,chokepoint,1,4,1,2,0.5,2,0.5
2021-02-01,CP005,chokepoint,1,5,1,2,0.4,3,0.6
2021-02-01,CP006,chokepoint,1,8,1,6,0.75,2,0.25
2021-02-01,CP007,chokepoint,1,2,1,2,1.0,0,0.0
2021-02-01,CP008,chokepoint,1,11,1,3,0.2727272727272727,3,0.2727272727272727
2021-02-01,CP009,chokepoint,1,12,1,3,0.25,1,0.08333333333333333
2021-02-01,CP010,chokepoint,1,4,1,4,1.0,0,0.0
2021-02-01,CP011,chokepoint,1,5,1,2,0.4,3,0.6
2021-02-01,CP012,chokepoint,1,4,1,2,0.5,2,0.5
2021-02-01,CP013,chokepoint,1,3,1,1,0.3333333333333333,2,0.6666666666666666
2021-02-01,CP014,chokepoint,1,3,0,0,0.0,3,1.0
2021-02-01,CP015,chokepoint,1,2,0,0,0.0,2,1.0
2021-02-01,CP016,chokepoint,1,7,1,4,0.5714285714285714,3,0.42857142857142855
2021-02-01,CP017,chokepoint,1,2,1,2,1.0,0,0.0
2021-02-01,CP018,chokepoint,0,0,0,0,0.0,0,0.0
2021-02-01,CP019,chokepoint,1,2,1,2,1.0,0,0.0
2021-02-01,CP020,chokepoint,1,2,0,0,0.0,2,1.0
2021-02-01,CP021,chokepoint,0,0,0,0,0.0,0,0.0
2021-02-01,CP022,chokepoint,1,6,1,1,0.16666666666666666,5,0.8333333333333334
2021-02-01,CP023,chokepoint,0,0,0,0,0.0,0,0.0
2021-02-01,CP024,chokepoint,0,0,0,0,0.0,0,0.0
2021-02-01,CP027,chokepoint,1,2,0,0,0.0,2,1.0
2021-02-01,LNGN0004,terminal,0,0,0,0,0.0,0,0.0
2021-02-01,LNGN0006,terminal,0,0,0,0,0.0,0,0.0
2021-02-01,LNGN0008,terminal,0,0,0,0,0.0,0,0.0
2021-02-01,LNGN0013,terminal,0,0,0,0,0.0,0,0.0
2021-02-01,LNGN0017,terminal,0,0,0,0,0.0,0,0.0
2021-02-01,LNGN0025,terminal,0,0,0,0,0.0,0,0.0
2021-02-01,LNGN0026,terminal,1,3,1,3,1.0,0,0.0
2021-02-01,LNGN0027,terminal,1,2,1,2,1.0,0,0.0
2021-02-01,LNGN0031,terminal,0,0,0,0,0.0,0,0.0
2021-02-01,LNGN0035,terminal,1,1,0,1,1.0,0,0.0
2021-02-01,LNGN0037,terminal,1,1,0,1,1.0,0,0.0
2021-02-01,LNGN0039,terminal,0,0,0,0,0.0,0,0.0
2021-02-01,LNGN0040,terminal,1,1,0,1,1.0,0,0.0
2021-02-01,LNGN0044,terminal,0,0,0,0,0.0,0,0.0
2021-02-01,LNGN0045,terminal,0,0,0,0,0.0,0,0.0
2021-02-01,LNGN0050,terminal,1,3,0,0,0.0,1,0.3333333333333333
2021-02-01,LNGN0052,terminal,0,0,0,0,0.0,0,0.0
2021-02-01,LNGN0055,terminal,0,0,0,0,0.0,0,0.0
2021-02-01,LNGN0056,terminal,1,1,0,1,1.0,0,0.0
2021-02-01,LNGN0059,terminal,0,0,0,0,0.0,0,0.0
2021-02-01,LNGN0069,terminal,0,0,0,0,0.0,0,0.0
2021-02-01,LNGN0070,terminal,1,3,0,0,0.0,3,1.0
2021-02-01,LNGN0074,terminal,0,0,0,0,0.0,0,0.0
2021-02-01,LNGN0075,terminal,0,0,0,0,0.0,0,0.0
2021-02-01,LNGN0076,terminal,0,0,0,0,0.0,0,0.0
2021-02-01,LNGN0079,terminal,1,1,0,1,1.0,0,0.0
2021-02-01,LNGN0081,terminal,0,0,0,0,0.0,0,0.0
2021-02-01,LNGN0083,terminal,0,0,0,0,0.0,0,0.0
2021-02-01,LNGN0085,terminal,1,1,0,1,1.0,0,0.0
2021-02-01,LNGN0087,terminal,0,0,0,0,0.0,0,0.0
2021-02-01,LNGN0097,terminal,1,1,0,1,1.0,0,0.0
2021-02-01,LNGN0098,terminal,1,1,0,1,1.0,0,0.0
2021-02-01,LNGN0100,terminal,0,0,0,0,0.0,0,0.0
2021-02-01,LNGN0101,terminal,0,0,0,0,0.0,0,0.0
2021-02-01,LNGN0102,terminal,0,0,0,0,0.0,0,0.0
2021-02-01,LNGN0103,terminal,1,1,0,1,1.0,0,0.0
2021-02-01,LNGN0108,terminal,1,1,0,1,1.0,0,0.0
2021-02-01,LNGN0109,terminal,0,0,0,0,0.0,0,0.0
2021-02-01,LNGN0112,terminal,1,1,0,1,1.0,0,0.0
2021-02-01,LNGN0115,terminal,0,0,0,0,0.0,0,0.0
2021-02-01,LNGN0121,terminal,1,1,0,1,1.0,0,0.0
2021-02-01,LNGN0122,terminal,0,0,0,0,0.0,0,0.0
2021-02-01,LNGN0124,terminal,1,4,0,0,0.0,1,0.25
2021-02-01,LNGN0130,terminal,1,1,0,1,1.0,0,0.0
2021-02-01,LNGN0132,terminal,1,2,0,0,0.0,0,0.0
2021-02-01,LNGN0136,terminal,0,0,0,0,0.0,0,0.0
2021-02-01,LNGN0138,terminal,0,0,0,0,0.0,0,0.0
2021-02-01,LNGN0142,terminal,0,0,0,0,0.0,0,0.0
2021-02-01,LNGN0143,terminal,0,0,0,0,0.0,0,0.0
2021-02-01,LNGN0144,terminal,1,2,0,0,0.0,0,0.0
2021-02-01,LNGN0148,terminal,0,0,0,0,0.0,0,0.0
2021-02-01,LNGN0150,terminal,0,0,0,0,0.0,0,0.0
2021-02-01,LNGN0156,terminal,0,0,0,0,0.0,0,0.0
2021-02-01,LNGN0163,terminal,0,0,0,0,0.0,0,0.0
2021-02-01,LNGN0164,terminal,0,0,0,0,0.0,0,0.0
2021-02-01,LNGN0165,terminal,0,0,0,0,0.0,0,0.0
2021-02-01,LNGN0166,terminal,0,0,0,0,0.0,0,0.0
2021-02-01,LNGN0168,terminal,1,1,0,1,1.0,0,0.0
2021-02-01,LNGN0170,terminal,0,0,0,0,0.0,0,0.0
2021-02-01,LNGN0173,terminal,0,0,0,0,0.0,0,0.0
2021-02-01,LNGN0174,terminal,0,0,0,0,0.0,0,0.0
2021-02-01,LNGN0175,terminal,0,0,0,0,0.0,0,0.0
2021-02-01,LNGN0176,terminal,0,0,0,0,0.0,0,0.0
2021-02-01,LNGN0178,terminal,1,1,0,1,1.0,0,0.0
2021-02-01,LNGN0180,terminal,0,0,0,0,0.0,0,0.0
2021-02-01,LNGN0181,terminal,0,0,0,0,0.0,0,0.0
2021-02-01,LNGN0182,terminal,0,0,0,0,0.0,0,0.0
2021-02-01,LNGN0186,terminal,1,1,0,1,1.0,0,0.0
2021-02-01,LNGN0190,terminal,0,0,0,0,0.0,0,0.0
2021-02-01,LNGN0191,terminal,0,0,0,0,0.0,0,0.0
2021-02-01,LNGN0195,terminal,1,1,0,1,1.0,0,0.0
2021-02-01,LNGN0199,terminal,1,1,0,1,1.0,0,0.0
2021-02-01,LNGN0206,terminal,0,0,0,0,0.0,0,0.0
2021-02-01,LNGN0207,terminal,1,1,0,1,1.0,0,0.0
2021-02-01,LNGN0208,terminal,1,1,0,1,1.0,0,0.0
2021-02-01,LNGN0210,terminal,1,1,0,1,1.0,0,0.0
2021-02-01,LNGN0212,terminal,0,0,0,0,0.0,0,0.0
2021-02-01,LNGN0219,terminal,0,0,0,0,0.0,0,0.0
2021-02-01,LNGN0222,terminal,1,1,0,1,1.0,0,0.0
2021-02-01,LNGN0230,terminal,1,1,0,1,1.0,0,0.0
2021-02-01,LNGN0232,terminal,1,2,1,2,1.0,0,0.0
2021-02-01,LNGN0237,terminal,1,1,0,1,1.0,0,0.0
2021-02-01,LNGN0238,terminal,0,0,0,0,0.0,0,0.0
2021-02-01,LNGN0241,terminal,1,1,0,1,1.0,0,0.0
2021-02-01,LNGN0243,terminal,0,0,0,0,0.0,0,0.0
2021-02-01,LNGN0244,terminal,1,2,0,0,0.0,2,1.0
2021-02-01,LNGN0248,terminal,1,1,0,1,1.0,0,0.0
2021-02-01,LNGN0250,terminal,0,0,0,0,0.0,0,0.0
2021-02-01,LNGN0251,terminal,1,1,0,1,1.0,0,0.0
2021-02-01,LNGN0253,terminal,0,0,0,0,0.0,0,0.0
2021-02-01,LNGN0258,terminal,1,1,0,1,1.0,0,0.0
2021-02-01,LNGN0261,terminal,1,6,1,3,0.5,3,0.5
2021-02-01,LNGN0262,terminal,0,0,0,0,0.0,0,0.0
2021-02-01,LNGN0268,terminal,0,0,0,0,0.0,0,0.0
2021-02-01,LNGN0270,terminal,1,2,0,0,0.0,2,1.0
2021-02-01,LNGN0272,terminal,0,0,0,0,0.0,0,0.0
2021-02-01,LNGN0274,terminal,0,0,0,0,0.0,0,0.0
2021-02-01,LNGN0278,terminal,1,1,0,1,1.0,0,0.0
2021-02-01,LNGN0285,terminal,0,0,0,0,0.0,0,0.0
2021-02-01,LNGN0287,terminal,0,0,0,0,0.0,0,0.0
2021-02-01,LNGN0288,terminal,0,0,0,0,0.0,0,0.0
2021-02-01,LNGN0290,terminal,0,0,0,0,0.0,0,0.0
2021-02-01,LNGN0291,terminal,0,0,0,0,0.0,0,0.0
2021-02-01,LNGN0293,terminal,0,0,0,0,0.0,0,0.0
2021-02-01,LNGN0294,terminal,0,0,0,0,0.0,0,0.0
2021-02-01,LNGN0297,terminal,1,2,0,0,0.0,2,1.0
2021-02-01,LNGN0299,terminal,0,0,0,0,0.0,0,0.0
2021-02-01,LNGN0307,terminal,0,0,0,0,0.0,0,0.0
2021-02-01,LNGN0308,terminal,0,0,0,0,0.0,0,0.0
2021-02-01,LNGN0309,terminal,0,0,0,0,0.0,0,0.0
2021-02-01,LNGN0312,terminal,0,0,0,0,0.0,0,0.0
2021-02-01,LNGN0314,terminal,1,2,0,0,0.0,2,1.0
2021-02-01,LNGN0319,terminal,1,1,0,1,1.0,0,0.0
2021-02-01,LNGN0322,terminal,1,2,1,2,1.0,0,0.0
2021-02-01,LNGN0324,terminal,0,0,0,0,0.0,0,0.0
2021-02-01,LNGN0328,terminal,1,1,0,1,1.0,0,0.0
2021-02-01,LNGN0331,terminal,0,0,0,0,0.0,0,0.0
2021-02-01,LNGN0334,terminal,0,0,0,0,0.0,0,0.0
2021-02-01,LNGN0344,terminal,0,0,0,0,0.0,0,0.0
2021-02-01,LNGN0345,terminal,1,5,1,1,0.2,1,0.2
2021-02-01,LNGN0347,terminal,1,1,0,1,1.0,0,0.0
2021-02-01,LNGN0348,terminal,1,1,0,1,1.0,0,0.0
2021-02-01,LNGN0351,terminal,0,0,0,0,0.0,0,0.0
2021-02-01,LNGN0354,terminal,0,0,0,0,0.0,0,0.0
2021-02-01,LNGN0359,terminal,1,1,0,1,1.0,0,0.0
2021-02-01,LNGN0361,terminal,0,0,0,0,0.0,0,0.0
2021-02-01,LNGN0362,terminal,0,0,0,0,0.0,0,0.0
2021-02-01,LNGN0363,terminal,1,1,0,1,1.0,0,0.0
2021-02-01,LNGN0364,terminal,0,0,0,0,0.0,0,0.0
2021-02-01,LNGN0372,terminal,0,0,0,0,0.0,0,0.0
2021-02-01,LNGN0374,terminal,1,3,0,0,0.0,3,1.0
2021-02-01,LNGN0378,terminal,1,1,0,1,1.0,0,0.0
2021-02-01,LNGN0381,terminal,1,2,0,0,0.0,2,1.0
2021-02-01,LNGN0382,terminal,0,0,0,0,0.0,0,0.0
2021-02-01,LNGN0385,terminal,1,4,0,0,0.0,1,0.25
2021-02-01,LNGN0391,terminal,0,0,0,0,0.0,0,0.0
2021-02-01,LNGN0398,terminal,1,1,0,1,1.0,0,0.0
2021-02-01,LNGN0405,terminal,0,0,0,0,0.0,0,0.0
2021-02-01,LNGN0421,terminal,1,1,0,1,1.0,0,0.0
2021-02-01,LNGN0423,terminal,0,0,0,0,0.0,0,0.0
2021-02-01,LNGN0425,terminal,0,0,0,0,0.0,0,0.0
2021-02-01,LNGN0426,terminal,1,1,0,1,1.0,0,0.0
2021-02-01,LNGN0427,terminal,1,1,0,1,1.0,0,0.0
2021-02-01,LNGN0428,terminal,0,0,0,0,0.0,0,0.0
2021-02-01,LNGN0429,terminal,0,0,0,0,0.0,0,0.0
2021-02-01,LNGN0435,terminal,1,2,1,2,1.0,0,0.0
2021-02-01,LNGN0437,terminal,0,0,0,0,0.0,0,0.0
2021-02-01,LNGN0441,terminal,1,1,0,1,1.0,0,0.0
2021-02-01,LNGN0442,terminal,0,0,0,0,0.0,0,0.0
2021-02-01,LNGN0447,terminal,0,0,0,0,0.0,0,0.0
2021-02-01,LNGN0449,terminal,0,0,0,0,0.0,0,0.0
2021-02-01,LNGN0452,terminal,1,6,0,0,0.0,2,0.3333333333333333
2021-02-01,LNGN0453,terminal,1,1,0,1,1.0,0,0.0
2021-02-01,LNGN0460,terminal,1,2,0,0,0.0,2,1.0
2021-02-01,LNGN0463,terminal,0,0,0,0,0.0,0,0.0
2021-02-01,LNGN0464,terminal,1,2,0,0,0.0,0,0.0
2021-02-01,LNGN0472,terminal,0,0,0,0,0.0,0,0.0
2021-02-01,LNGN0473,terminal,1,1,0,1,1.0,0,0.0
2021-02-01,LNGN0474,terminal,0,0,0,0,0.0,0,0.0
2021-03-01,CP001,chokepoint,1,6,1,1,0.16666666666666666,2,0.3333333333333333
2021-03-01,CP002,chokepoint,1,8,1,2,0.25,4,0.5
2021-03-01,CP004,chokepoint,1,4,1,1,0.25,1,0.25
2021-03-01,CP005,chokepoint,1,7,0,0,0.0,3,0.42857142857142855
2021-03-01,CP006,chokepoint,1,6,1,3,0.5,1,0.16666666666666666
2021-03-01,CP007,chokepoint,1,5,1,2,0.4,3,0.6
2021-03-01,CP008,chokepoint,1,16,1,4,0.25,4,0.25
2021-03-01,CP009,chokepoint,1,13,1,2,0.15384615384615385,2,0.15384615384615385
2021-03-01,CP010,chokepoint,1,8,1,2,0.25,0,0.0
2021-03-01,CP011,chokepoint,1,11,1,4,0.36363636363636365,1,0.09090909090909091
2021-03-01,CP012,chokepoint,1,7,1,3,0.42857142857142855,1,0.14285714285714285
2021-03-01,CP013,chokepoint,1,5,1,1,0.2,1,0.2
2021-03-01,CP014,chokepoint,1,4,1,1,0.25,3,0.75
2021-03-01,CP015,chokepoint,1,3,1,1,0.3333333333333333,2,0.6666666666666666
2021-03-01,CP016,chokepoint,1,12,1,7,0.5833333333333334,3,0.25
2021-03-01,CP017,chokepoint,1,2,1,2,1.0,0,0.0
2021-03-01,CP018,chokepoint,0,0,0,0,0.0,0,0.0
2021-03-01,CP019,chokepoint,1,5,0,0,0.0,3,0.6
2021-03-01,CP020,chokepoint,1,2,0,0,0.0,2,1.0
2021-03-01,CP021,chokepoint,0,0,0,0,0.0,0,0.0
2021-03-01,CP022,chokepoint,1,5,0,0,0.0,5,1.0
2021-03-01,CP023,chokepoint,0,0,0,0,0.0,0,0.0
2021-03-01,CP024,chokepoint,1,2,1,2,1.0,0,0.0
2021-03-01,CP027,chokepoint,1,5,1,1,0.2,2,0.4
2021-03-01,LNGN0004,terminal,0,0,0,0,0.0,0,0.0
2021-03-01,LNGN0006,terminal,0,0,0,0,0.0,0,0.0
2021-03-01,LNGN0008,terminal,0,0,0,0,0.0,0,0.0
2021-03-01,LNGN0013,terminal,0,0,0,0,0.0,0,0.0
2021-03-01,LNGN0017,terminal,0,0,0,0,0.0,0,0.0
2021-03-01,LNGN0025,terminal,0,0,0,0,0.0,0,0.0
2021-03-01,LNGN0026,terminal,1,3,1,1,0.3333333333333333,2,0.6666666666666666
2021-03-01,LNGN0027,terminal,1,2,0,0,0.0,2,1.0
2021-03-01,LNGN0031,terminal,0,0,0,0,0.0,0,0.0
2021-03-01,LNGN0035,terminal,1,2,0,0,0.0,0,0.0
2021-03-01,LNGN0037,terminal,1,1,0,1,1.0,0,0.0
2021-03-01,LNGN0039,terminal,0,0,0,0,0.0,0,0.0
2021-03-01,LNGN0040,terminal,1,1,0,1,1.0,0,0.0
2021-03-01,LNGN0044,terminal,0,0,0,0,0.0,0,0.0
2021-03-01,LNGN0045,terminal,0,0,0,0,0.0,0,0.0
2021-03-01,LNGN0050,terminal,1,3,0,0,0.0,1,0.3333333333333333
2021-03-01,LNGN0052,terminal,0,0,0,0,0.0,0,0.0
2021-03-01,LNGN0055,terminal,0,0,0,0,0.0,0,0.0
2021-03-01,LNGN0056,terminal,1,1,0,1,1.0,0,0.0
2021-03-01,LNGN0059,terminal,0,0,0,0,0.0,0,0.0
2021-03-01,LNGN0069,terminal,0,0,0,0,0.0,0,0.0
2021-03-01,LNGN0070,terminal,1,4,0,0,0.0,1,0.25
2021-03-01,LNGN0074,terminal,0,0,0,0,0.0,0,0.0
2021-03-01,LNGN0075,terminal,0,0,0,0,0.0,0,0.0
2021-03-01,LNGN0076,terminal,0,0,0,0,0.0,0,0.0
2021-03-01,LNGN0079,terminal,1,1,0,1,1.0,0,0.0
2021-03-01,LNGN0081,terminal,0,0,0,0,0.0,0,0.0
2021-03-01,LNGN0083,terminal,0,0,0,0,0.0,0,0.0
2021-03-01,LNGN0085,terminal,1,1,0,1,1.0,0,0.0
2021-03-01,LNGN0087,terminal,0,0,0,0,0.0,0,0.0
2021-03-01,LNGN0097,terminal,1,1,0,1,1.0,0,0.0
2021-03-01,LNGN0098,terminal,0,0,0,0,0.0,0,0.0
2021-03-01,LNGN0100,terminal,0,0,0,0,0.0,0,0.0
2021-03-01,LNGN0101,terminal,0,0,0,0,0.0,0,0.0
2021-03-01,LNGN0102,terminal,0,0,0,0,0.0,0,0.0
2021-03-01,LNGN0103,terminal,0,0,0,0,0.0,0,0.0
2021-03-01,LNGN0108,terminal,0,0,0,0,0.0,0,0.0
2021-03-01,LNGN0109,terminal,0,0,0,0,0.0,0,0.0
2021-03-01,LNGN0112,terminal,0,0,0,0,0.0,0,0.0
2021-03-01,LNGN0115,terminal,0,0,0,0,0.0,0,0.0
2021-03-01,LNGN0121,terminal,1,3,0,0,0.0,3,1.0
2021-03-01,LNGN0122,terminal,0,0,0,0,0.0,0,0.0
2021-03-01,LNGN0124,terminal,1,3,0,0,0.0,3,1.0
2021-03-01,LNGN0130,terminal,1,1,0,1,1.0,0,0.0
2021-03-01,LNGN0132,terminal,1,2,0,0,0.0,0,0.0
2021-03-01,LNGN0136,terminal,1,1,0,1,1.0,0,0.0
2021-03-01,LNGN0138,terminal,0,0,0,0,0.0,0,0.0
2021-03-01,LNGN0142,terminal,1,1,0,1,1.0,0,0.0
2021-03-01,LNGN0143,terminal,0,0,0,0,0.0,0,0.0
2021-03-01,LNGN0144,terminal,1,2,0,0,0.0,0,0.0
2021-03-01,LNGN0148,terminal,0,0,0,0,0.0,0,0.0
2021-03-01,LNGN0150,terminal,0,0,0,0,0.0,0,0.0
2021-03-01,LNGN0156,terminal,1,1,0,1,1.0,0,0.0
2021-03-01,LNGN0163,terminal,0,0,0,0,0.0,0,0.0
2021-03-01,LNGN0164,terminal,1,1,0,1,1.0,0,0.0
2021-03-01,LNGN0165,terminal,0,0,0,0,0.0,0,0.0
2021-03-01,LNGN0166,terminal,0,0,0,0,0.0,0,0.0
2021-03-01,LNGN0168,terminal,1,2,0,0,0.0,2,1.0
2021-03-01,LNGN0170,terminal,0,0,0,0,0.0,0,0.0
2021-03-01,LNGN0173,terminal,0,0,0,0,0.0,0,0.0
2021-03-01,LNGN0174,terminal,0,0,0,0,0.0,0,0.0
2021-03-01,LNGN0175,terminal,0,0,0,0,0.0,0,0.0
2021-03-01,LNGN0176,terminal,0,0,0,0,0.0,0,0.0
2021-03-01,LNGN0178,terminal,1,1,0,1,1.0,0,0.0
2021-03-01,LNGN0180,terminal,0,0,0,0,0.0,0,0.0
2021-03-01,LNGN0181,terminal,1,1,0,1,1.0,0,0.0
2021-03-01,LNGN0182,terminal,0,0,0,0,0.0,0,0.0
2021-03-01,LNGN0186,terminal,1,1,0,1,1.0,0,0.0
2021-03-01,LNGN0190,terminal,0,0,0,0,0.0,0,0.0
2021-03-01,LNGN0191,terminal,0,0,0,0,0.0,0,0.0
2021-03-01,LNGN0195,terminal,1,2,0,0,0.0,2,1.0
2021-03-01,LNGN0199,terminal,1,1,0,1,1.0,0,0.0
2021-03-01,LNGN0206,terminal,0,0,0,0,0.0,0,0.0
2021-03-01,LNGN0207,terminal,1,2,0,0,0.0,0,0.0
2021-03-01,LNGN0208,terminal,0,0,0,0,0.0,0,0.0
2021-03-01,LNGN0210,terminal,1,1,0,1,1.0,0,0.0
2021-03-01,LNGN0212,terminal,0,0,0,0,0.0,0,0.0
2021-03-01,LNGN0219,terminal,0,0,0,0,0.0,0,0.0
2021-03-01,LNGN0222,terminal,1,1,0,1,1.0,0,0.0
2021-03-01,LNGN0230,terminal,1,2,0,0,0.0,2,1.0
2021-03-01,LNGN0232,terminal,1,1,0,1,1.0,0,0.0
2021-03-01,LNGN0237,terminal,1,1,0,1,1.0,0,0.0
2021-03-01,LNGN0238,terminal,0,0,0,0,0.0,0,0.0
2021-03-01,LNGN0241,terminal,0,0,0,0,0.0,0,0.0
2021-03-01,LNGN0243,terminal,0,0,0,0,0.0,0,0.0
2021-03-01,LNGN0244,terminal,1,2,0,0,0.0,2,1.0
2021-03-01,LNGN0248,terminal,1,2,0,0,0.0,2,1.0
2021-03-01,LNGN0250,terminal,0,0,0,0,0.0,0,0.0
2021-03-01,LNGN0251,terminal,1,1,0,1,1.0,0,0.0
2021-03-01,LNGN0253,terminal,0,0,0,0,0.0,0,0.0
2021-03-01,LNGN0258,terminal,0,0,0,0,0.0,0,0.0
2021-03-01,LNGN0261,terminal,1,5,1,2,0.4,3,0.6
2021-03-01,LNGN0262,terminal,0,0,0,0,0.0,0,0.0
2021-03-01,LNGN0268,terminal,0,0,0,0,0.0,0,0.0
2021-03-01,LNGN0270,terminal,1,1,0,1,1.0,0,0.0
2021-03-01,LNGN0272,terminal,0,0,0,0,0.0,0,0.0
2021-03-01,LNGN0274,terminal,0,0,0,0,0.0,0,0.0
2021-03-01,LNGN0278,terminal,0,0,0,0,0.0,0,0.0
2021-03-01,LNGN0285,terminal,0,0,0,0,0.0,0,0.0
2021-03-01,LNGN0287,terminal,0,0,0,0,0.0,0,0.0
2021-03-01,LNGN0288,terminal,0,0,0,0,0.0,0,0.0
2021-03-01,LNGN0290,terminal,0,0,0,0,0.0,0,0.0
2021-03-01,LNGN0291,terminal,0,0,0,0,0.0,0,0.0
2021-03-01,LNGN0293,terminal,0,0,0,0,0.0,0,0.0
2021-03-01,LNGN0294,terminal,0,0,0,0,0.0,0,0.0
2021-03-01,LNGN0297,terminal,1,1,0,1,1.0,0,0.0
2021-03-01,LNGN0299,terminal,0,0,0,0,0.0,0,0.0
2021-03-01,LNGN0307,terminal,0,0,0,0,0.0,0,0.0
2021-03-01,LNGN0308,terminal,0,0,0,0,0.0,0,0.0
2021-03-01,LNGN0309,terminal,1,1,0,1,1.0,0,0.0
2021-03-01,LNGN0312,terminal,1,1,0,1,1.0,0,0.0
2021-03-01,LNGN0314,terminal,1,1,0,1,1.0,0,0.0
2021-03-01,LNGN0319,terminal,1,2,0,0,0.0,2,1.0
2021-03-01,LNGN0322,terminal,1,2,1,2,1.0,0,0.0
2021-03-01,LNGN0324,terminal,1,1,0,1,1.0,0,0.0
2021-03-01,LNGN0328,terminal,1,1,0,1,1.0,0,0.0
2021-03-01,LNGN0331,terminal,1,1,0,1,1.0,0,0.0
2021-03-01,LNGN0334,terminal,0,0,0,0,0.0,0,0.0
2021-03-01,LNGN0344,terminal,0,0,0,0,0.0,0,0.0
2021-03-01,LNGN0345,terminal,1,6,1,1,0.16666666666666666,1,0.16666666666666666
2021-03-01,LNGN0347,terminal,1,2,0,0,0.0,2,1.0
2021-03-01,LNGN0348,terminal,0,0,0,0,0.0,0,0.0
2021-03-01,LNGN0351,terminal,0,0,0,0,0.0,0,0.0
2021-03-01,LNGN0354,terminal,0,0,0,0,0.0,0,0.0
2021-03-01,LNGN0359,terminal,1,1,0,1,1.0,0,0.0
2021-03-01,LNGN0361,terminal,0,0,0,0,0.0,0,0.0
2021-03-01,LNGN0362,terminal,1,1,0,1,1.0,0,0.0
2021-03-01,LNGN0363,terminal,1,2,1,2,1.0,0,0.0
2021-03-01,LNGN0364,terminal,0,0,0,0,0.0,0,0.0
2021-03-01,LNGN0372,terminal,0,0,0,0,0.0,0,0.0
2021-03-01,LNGN0374,terminal,1,1,0,1,1.0,0,0.0
2021-03-01,LNGN0378,terminal,1,2,0,0,0.0,2,1.0
2021-03-01,LNGN0381,terminal,1,2,0,0,0.0,2,1.0
2021-03-01,LNGN0382,terminal,1,1,0,1,1.0,0,0.0
2021-03-01,LNGN0385,terminal,1,2,0,0,0.0,0,0.0
2021-03-01,LNGN0391,terminal,0,0,0,0,0.0,0,0.0
2021-03-01,LNGN0398,terminal,1,1,0,1,1.0,0,0.0
2021-03-01,LNGN0405,terminal,0,0,0,0,0.0,0,0.0
2021-03-01,LNGN0421,terminal,1,1,0,1,1.0,0,0.0
2021-03-01,LNGN0423,terminal,0,0,0,0,0.0,0,0.0
2021-03-01,LNGN0425,terminal,0,0,0,0,0.0,0,0.0
2021-03-01,LNGN0426,terminal,1,2,0,0,0.0,0,0.0
2021-03-01,LNGN0427,terminal,1,1,0,1,1.0,0,0.0
2021-03-01,LNGN0428,terminal,1,2,0,0,0.0,0,0.0
2021-03-01,LNGN0429,terminal,1,1,0,1,1.0,0,0.0
2021-03-01,LNGN0435,terminal,1,3,1,1,0.3333333333333333,0,0.0
2021-03-01,LNGN0437,terminal,1,2,0,0,0.0,0,0.0
2021-03-01,LNGN0441,terminal,1,2,0,0,0.0,2,1.0
2021-03-01,LNGN0442,terminal,0,0,0,0,0.0,0,0.0
2021-03-01,LNGN0447,terminal,0,0,0,0,0.0,0,0.0
2021-03-01,LNGN0449,terminal,0,0,0,0,0.0,0,0.0
2021-03-01,LNGN0452,terminal,1,4,0,0,0.0,1,0.25
2021-03-01,LNGN0453,terminal,1,1,0,1,1.0,0,0.0
2021-03-01,LNGN0460,terminal,1,2,0,0,0.0,2,1.0
2021-03-01,LNGN0463,terminal,1,4,0,0,0.0,0,0.0
2021-03-01,LNGN0464,terminal,1,2,0,0,0.0,0,0.0
2021-03-01,LNGN0472,terminal,1,1,0,1,1.0,0,0.0
2021-03-01,LNGN0473,terminal,1,1,0,1,1.0,0,0.0
2021-03-01,LNGN0474,terminal,1,1,0,1,1.0,0,0.0
2021-04-01,CP001,chokepoint,1,4,1,2,0.5,2,0.5
2021-04-01,CP002,chokepoint,1,8,1,4,0.5,2,0.25
2021-04-01,CP004,chokepoint,1,3,1,1,0.3333333333333333,2,0.6666666666666666
2021-04-01,CP005,chokepoint,1,5,1,1,0.2,2,0.4
2021-04-01,CP006,chokepoint,1,7,1,5,0.7142857142857143,2,0.2857142857142857
2021-04-01,CP007,chokepoint,1,3,1,1,0.3333333333333333,2,0.6666666666666666
2021-04-01,CP008,chokepoint,1,11,1,4,0.36363636363636365,2,0.18181818181818182
2021-04-01,CP009,chokepoint,1,15,1,3,0.2,0,0.0
2021-04-01,CP010,chokepoint,1,8,1,4,0.5,0,0.0
2021-04-01,CP011,chokepoint,1,15,1,3,0.2,0,0.0
2021-04-01,CP012,chokepoint,1,8,1,1,0.125,0,0.0
2021-04-01,CP013,chokepoint,1,4,1,1,0.25,1,0.25
2021-04-01,CP014,chokepoint,0,0,0,0,0.0,0,0.0
2021-04-01,CP015,chokepoint,1,5,1,1,0.2,4,0.8
2021-04-01,CP016,chokepoint,1,10,1,6,0.6,4,0.4
2021-04-01,CP017,chokepoint,1,4,1,2,0.5,0,0.0
2021-04-01,CP018,chokepoint,1,2,1,2,1.0,0,0.0
2021-04-01,CP019,chokepoint,1,4,0,0,0.0,1,0.25
2021-04-01,CP020,chokepoint,1,2,0,0,0.0,2,1.0
2021-04-01,CP021,chokepoint,0,0,0,0,0.0,0,0.0
2021-04-01,CP022,chokepoint,1,5,0,0,0.0,5,1.0
2021-04-01,CP023,chokepoint,0,0,0,0,0.0,0,0.0
2021-04-01,CP024,chokepoint,0,0,0,0,0.0,0,0.0
2021-04-01,CP027,chokepoint,1,5,1,1,0.2,2,0.4
2021-04-01,LNGN0004,terminal,0,0,0,0,0.0,0,0.0
2021-04-01,LNGN0006,terminal,0,0,0,0,0.0,0,0.0
2021-04-01,LNGN0008,terminal,0,0,0,0,0.0,0,0.0
2021-04-01,LNGN0013,terminal,0,0,0,0,0.0,0,0.0
2021-04-01,LNGN0017,terminal,0,0,0,0,0.0,0,0.0
2021-04-01,LNGN0025,terminal,0,0,0,0,0.0,0,0.0
2021-04-01,LNGN0026,terminal,1,2,1,2,1.0,0,0.0
2021-04-01,LNGN0027,terminal,1,1,0,1,1.0,0,0.0
2021-04-01,LNGN0031,terminal,0,0,0,0,0.0,0,0.0
2021-04-01,LNGN0035,terminal,1,1,0,1,1.0,0,0.0
2021-04-01,LNGN0037,terminal,1,1,0,1,1.0,0,0.0
2021-04-01,LNGN0039,terminal,0,0,0,0,0.0,0,0.0
2021-04-01,LNGN0040,terminal,1,2,0,0,0.0,0,0.0
2021-04-01,LNGN0044,terminal,1,1,0,1,1.0,0,0.0
2021-04-01,LNGN0045,terminal,0,0,0,0,0.0,0,0.0
2021-04-01,LNGN0050,terminal,1,3,0,0,0.0,1,0.3333333333333333
2021-04-01,LNGN0052,terminal,0,0,0,0,0.0,0,0.0
2021-04-01,LNGN0055,terminal,0,0,0,0,0.0,0,0.0
2021-04-01,LNGN0056,terminal,1,1,0,1,1.0,0,0.0
2021-04-01,LNGN0059,terminal,0,0,0,0,0.0,0,0.0
2021-04-01,LNGN0069,terminal,0,0,0,0,0.0,0,0.0
2021-04-01,LNGN0070,terminal,1,4,0,0,0.0,2,0.5
2021-04-01,LNGN0074,terminal,0,0,0,0,0.0,0,0.0
2021-04-01,LNGN0075,terminal,0,0,0,0,0.0,0,0.0
2021-04-01,LNGN0076,terminal,0,0,0,0,0.0,0,0.0
2021-04-01,LNGN0079,terminal,1,1,0,1,1.0,0,0.0
2021-04-01,LNGN0081,terminal,0,0,0,0,0.0,0,0.0
2021-04-01,LNGN0083,terminal,0,0,0,0,0.0,0,0.0
2021-04-01,LNGN0085,terminal,1,1,0,1,1.0,0,0.0
2021-04-01,LNGN0087,terminal,0,0,0,0,0.0,0,0.0
2021-04-01,LNGN0097,terminal,1,1,0,1,1.0,0,0.0
2021-04-01,LNGN0098,terminal,0,0,0,0,0.0,0,0.0
2021-04-01,LNGN0100,terminal,0,0,0,0,0.0,0,0.0
2021-04-01,LNGN0101,terminal,0,0,0,0,0.0,0,0.0
2021-04-01,LNGN0102,terminal,0,0,0,0,0.0,0,0.0
2021-04-01,LNGN0103,terminal,0,0,0,0,0.0,0,0.0
2021-04-01,LNGN0108,terminal,0,0,0,0,0.0,0,0.0
2021-04-01,LNGN0109,terminal,0,0,0,0,0.0,0,0.0
2021-04-01,LNGN0112,terminal,0,0,0,0,0.0,0,0.0
2021-04-01,LNGN0115,terminal,0,0,0,0,0.0,0,0.0
2021-04-01,LNGN0121,terminal,1,1,0,1,1.0,0,0.0
2021-04-01,LNGN0122,terminal,0,0,0,0,0.0,0,0.0
2021-04-01,LNGN0124,terminal,1,4,0,0,0.0,1,0.25
2021-04-01,LNGN0130,terminal,1,1,0,1,1.0,0,0.0
2021-04-01,LNGN0132,terminal,1,3,0,0,0.0,0,0.0
2021-04-01,LNGN0136,terminal,0,0,0,0,0.0,0,0.0
2021-04-01,LNGN0138,terminal,0,0,0,0,0.0,0,0.0
2021-04-01,LNGN0142,terminal,1,2,0,0,0.0,2,1.0
2021-04-01,LNGN0143,terminal,0,0,0,0,0.0,0,0.0
2021-04-01,LNGN0144,terminal,1,2,0,0,0.0,0,0.0
2021-04-01,LNGN0148,terminal,0,0,0,0,0.0,0,0.0
2021-04-01,LNGN0150,terminal,1,1,0,1,1.0,0,0.0
2021-04-01,LNGN0156,terminal,0,0,0,0,0.0,0,0.0
2021-04-01,LNGN0163,terminal,0,0,0,0,0.0,0,0.0
2021-04-01,LNGN0164,terminal,0,0,0,0,0.0,0,0.0
2021-04-01,LNGN0165,terminal,0,0,0,0,0.0,0,0.0
2021-04-01,LNGN0166,terminal,0,0,0,0,0.0,0,0.0
2021-04-01,LNGN0168,terminal,1,1,0,1,1.0,0,0.0
2021-04-01,LNGN0170,terminal,0,0,0,0,0.0,0,0.0
2021-04-01,LNGN0173,terminal,1,1,0,1,1.0,0,0.0
2021-04-01,LNGN0174,terminal,0,0,0,0,0.0,0,0.0
2021-04-01,LNGN0175,terminal,0,0,0,0,0.0,0,0.0
2021-04-01,LNGN0176,terminal,0,0,0,0,0.0,0,0.0
2021-04-01,LNGN0178,terminal,1,1,0,1,1.0,0,0.0
2021-04-01,LNGN0180,terminal,0,0,0,0,0.0,0,0.0
2021-04-01,LNGN0181,terminal,1,3,0,0,0.0,1,0.3333333333333333
2021-04-01,LNGN0182,terminal,0,0,0,0,0.0,0,0.0
2021-04-01,LNGN0186,terminal,0,0,0,0,0.0,0,0.0
2021-04-01,LNGN0190,terminal,0,0,0,0,0.0,0,0.0
2021-04-01,LNGN0191,terminal,1,1,0,1,1.0,0,0.0
2021-04-01,LNGN0195,terminal,1,2,0,0,0.0,2,1.0
2021-04-01,LNGN0199,terminal,0,0,0,0,0.0,0,0.0
2021-04-01,LNGN0206,terminal,0,0,0,0,0.0,0,0.0
2021-04-01,LNGN0207,terminal,0,0,0,0,0.0,0,0.0
2021-04-01,LNGN0208,terminal,1,1,0,1,1.0,0,0.0
2021-04-01,LNGN0210,terminal,1,1,0,1,1.0,0,0.0
2021-04-01,LNGN0212,terminal,0,0,0,0,0.0,0,0.0
2021-04-01,LNGN0219,terminal,0,0,0,0,0.0,0,0.0
2021-04-01,LNGN0222,terminal,0,0,0,0,0.0,0,0.0
2021-04-01,LNGN0230,terminal,1,3,0,0,0.0,0,0.0
2021-04-01,LNGN0232,terminal,1,1,0,1,1.0,0,0.0
2021-04-01,LNGN0237,terminal,0,0,0,0,0.0,0,0.0
2021-04-01,LNGN0238,terminal,0,0,0,0,0.0,0,0.0
2021-04-01,LNGN0241,terminal,0,0,0,0,0.0,0,0.0
2021-04-01,LNGN0243,terminal,0,0,0,0,0.0,0,0.0
2021-04-01,LNGN0244,terminal,1,4,0,0,0.0,0,0.0
2021-04-01,LNGN0248,terminal,1,1,0,1,1.0,0,0.0
2021-04-01,LNGN0250,terminal,0,0,0,0,0.0,0,0.0
2021-04-01,LNGN0251,terminal,1,1,0,1,1.0,0,0.0
2021-04-01,LNGN0253,terminal,0,0,0,0,0.0,0,0.0
2021-04-01,LNGN0258,terminal,0,0,0,0,0.0,0,0.0
2021-04-01,LNGN0261,terminal,1,6,1,1,0.16666666666666666,2,0.3333333333333333
2021-04-01,LNGN0262,terminal,0,0,0,0,0.0,0,0.0
2021-04-01,LNGN0268,terminal,0,0,0,0,0.0,0,0.0
2021-04-01,LNGN0270,terminal,1,1,0,1,1.0,0,0.0
2021-04-01,LNGN0272,terminal,0,0,0,0,0.0,0,0.0
2021-04-01,LNGN0274,terminal,1,1,0,1,1.0,0,0.0
2021-04-01,LNGN0278,terminal,1,1,0,1,1.0,0,0.0
2021-04-01,LNGN0285,terminal,0,0,0,0,0.0,0,0.0
2021-04-01,LNGN0287,terminal,0,0,0,0,0.0,0,0.0
2021-04-01,LNGN0288,terminal,0,0,0,0,0.0,0,0.0
2021-04-01,LNGN0290,terminal,0,0,0,0,0.0,0,0.0
2021-04-01,LNGN0291,terminal,0,0,0,0,0.0,0,0.0
2021-04-01,LNGN0293,terminal,0,0,0,0,0.0,0,0.0
2021-04-01,LNGN0294,terminal,0,0,0,0,0.0,0,0.0
2021-04-01,LNGN0297,terminal,1,2,0,0,0.0,2,1.0
2021-04-01,LNGN0299,terminal,0,0,0,0,0.0,0,0.0
2021-04-01,LNGN0307,terminal,0,0,0,0,0.0,0,0.0
2021-04-01,LNGN0308,terminal,0,0,0,0,0.0,0,0.0
2021-04-01,LNGN0309,terminal,1,1,0,1,1.0,0,0.0
2021-04-01,LNGN0312,terminal,1,1,0,1,1.0,0,0.0
2021-04-01,LNGN0314,terminal,1,2,0,0,0.0,0,0.0
2021-04-01,LNGN0319,terminal,1,1,0,1,1.0,0,0.0
2021-04-01,LNGN0322,terminal,1,1,0,1,1.0,0,0.0
2021-04-01,LNGN0324,terminal,1,1,0,1,1.0,0,0.0
2021-04-01,LNGN0328,terminal,1,2,1,2,1.0,0,0.0
2021-04-01,LNGN0331,terminal,1,1,0,1,1.0,0,0.0
2021-04-01,LNGN0334,terminal,1,1,0,1,1.0,0,0.0
2021-04-01,LNGN0344,terminal,0,0,0,0,0.0,0,0.0
2021-04-01,LNGN0345,terminal,1,5,1,1,0.2,1,0.2
2021-04-01,LNGN0347,terminal,1,1,0,1,1.0,0,0.0
2021-04-01,LNGN0348,terminal,0,0,0,0,0.0,0,0.0
2021-04-01,LNGN0351,terminal,1,2,0,0,0.0,0,0.0
2021-04-01,LNGN0354,terminal,0,0,0,0,0.0,0,0.0
2021-04-01,LNGN0359,terminal,1,1,0,1,1.0,0,0.0
2021-04-01,LNGN0361,terminal,0,0,0,0,0.0,0,0.0
2021-04-01,LNGN0362,terminal,0,0,0,0,0.0,0,0.0
2021-04-01,LNGN0363,terminal,1,1,0,1,1.0,0,0.0
2021-04-01,LNGN0364,terminal,0,0,0,0,0.0,0,0.0
2021-04-01,LNGN0372,terminal,1,1,0,1,1.0,0,0.0
2021-04-01,LNGN0374,terminal,1,3,0,0,0.0,3,1.0
2021-04-01,LNGN0378,terminal,1,2,1,2,1.0,0,0.0
2021-04-01,LNGN0381,terminal,1,1,0,1,1.0,0,0.0
2021-04-01,LNGN0382,terminal,0,0,0,0,0.0,0,0.0
2021-04-01,LNGN0385,terminal,1,2,0,0,0.0,2,1.0
2021-04-01,LNGN0391,terminal,0,0,0,0,0.0,0,0.0
2021-04-01,LNGN0398,terminal,1,1,0,1,1.0,0,0.0
2021-04-01,LNGN0405,terminal,0,0,0,0,0.0,0,0.0
2021-04-01,LNGN0421,terminal,1,1,0,1,1.0,0,0.0
2021-04-01,LNGN0423,terminal,0,0,0,0,0.0,0,0.0
2021-04-01,LNGN0425,terminal,0,0,0,0,0.0,0,0.0
2021-04-01,LNGN0426,terminal,0,0,0,0,0.0,0,0.0
2021-04-01,LNGN0427,terminal,1,1,0,1,1.0,0,0.0
2021-04-01,LNGN0428,terminal,0,0,0,0,0.0,0,0.0
2021-04-01,LNGN0429,terminal,0,0,0,0,0.0,0,0.0
2021-04-01,LNGN0435,terminal,1,2,1,2,1.0,0,0.0
2021-04-01,LNGN0437,terminal,1,2,0,0,0.0,0,0.0
2021-04-01,LNGN0441,terminal,1,2,0,0,0.0,2,1.0
2021-04-01,LNGN0442,terminal,0,0,0,0,0.0,0,0.0
2021-04-01,LNGN0447,terminal,0,0,0,0,0.0,0,0.0
2021-04-01,LNGN0449,terminal,1,1,0,1,1.0,0,0.0
2021-04-01,LNGN0452,terminal,1,6,0,0,0.0,2,0.3333333333333333
2021-04-01,LNGN0453,terminal,1,1,0,1,1.0,0,0.0
2021-04-01,LNGN0460,terminal,1,1,0,1,1.0,0,0.0
2021-04-01,LNGN0463,terminal,1,3,0,0,0.0,0,0.0
2021-04-01,LNGN0464,terminal,1,3,0,0,0.0,0,0.0
2021-04-01,LNGN0472,terminal,1,1,0,1,1.0,0,0.0
2021-04-01,LNGN0473,terminal,1,1,0,1,1.0,0,0.0
2021-04-01,LNGN0474,terminal,1,1,0,1,1.0,0,0.0
2021-05-01,CP001,chokepoint,1,6,1,2,0.3333333333333333,2,0.3333333333333333
2021-05-01,CP002,chokepoint,1,10,1,3,0.3,5,0.5
2021-05-01,CP004,chokepoint,1,4,0,0,0.0,1,0.25
2021-05-01,CP005,chokepoint,1,7,1,1,0.14285714285714285,3,0.42857142857142855
2021-05-01,CP006,chokepoint,1,7,1,3,0.42857142857142855,1,0.14285714285714285
2021-05-01,CP007,chokepoint,1,3,1,1,0.3333333333333333,2,0.6666666666666666
2021-05-01,CP008,chokepoint,1,12,1,4,0.3333333333333333,3,0.25
2021-05-01,CP009,chokepoint,1,13,1,2,0.15384615384615385,3,0.23076923076923078
2021-05-01,CP010,chokepoint,1,6,1,4,0.6666666666666666,0,0.0
2021-05-01,CP011,chokepoint,1,13,1,2,0.15384615384615385,0,0.0
2021-05-01,CP012,chokepoint,1,8,1,2,0.25,0,0.0
2021-05-01,CP013,chokepoint,1,3,0,0,0.0,1,0.3333333333333333
2021-05-01,CP014,chokepoint,1,4,0,0,0.0,4,1.0
2021-05-01,CP015,chokepoint,1,5,1,2,0.4,3,0.6
2021-05-01,CP016,chokepoint,1,10,1,5,0.5,5,0.5
2021-05-01,CP017,chokepoint,1,3,1,3,1.0,0,0.0
2021-05-01,CP018,chokepoint,0,0,0,0,0.0,0,0.0
2021-05-01,CP019,chokepoint,1,2,0,0,0.0,2,1.0
2021-05-01,CP020,chokepoint,1,2,0,0,0.0,2,1.0
2021-05-01,CP021,chokepoint,0,0,0,0,0.0,0,0.0
2021-05-01,CP022,chokepoint,1,6,1,2,0.3333333333333333,4,0.6666666666666666
2021-05-01,CP023,chokepoint,0,0,0,0,0.0,0,0.0
2021-05-01,CP024,chokepoint,1,2,1,2,1.0,0,0.0
2021-05-01,CP027,chokepoint,1,4,0,0,0.0,2,0.5
2021-05-01,LNGN0004,terminal,0,0,0,0,0.0,0,0.0
2021-05-01,LNGN0006,terminal,0,0,0,0,0.0,0,0.0
2021-05-01,LNGN0008,terminal,0,0,0,0,0.0,0,0.0
2021-05-01,LNGN0013,terminal,0,0,0,0,0.0,0,0.0
2021-05-01,LNGN0017,terminal,0,0,0,0,0.0,0,0.0
2021-05-01,LNGN0025,terminal,0,0,0,0,0.0,0,0.0
2021-05-01,LNGN0026,terminal,1,4,1,2,0.5,2,0.5
2021-05-01,LNGN0027,terminal,1,3,0,0,0.0,1,0.3333333333333333
2021-05-01,LNGN0031,terminal,0,0,0,0,0.0,0,0.0
2021-05-01,LNGN0035,terminal,1,2,0,0,0.0,2,1.0
2021-05-01,LNGN0037,terminal,1,1,0,1,1.0,0,0.0
2021-05-01,LNGN0039,terminal,0,0,0,0,0.0,0,0.0
2021-05-01,LNGN0040,terminal,1,1,0,1,1.0,0,0.0
2021-05-01,LNGN0044,terminal,0,0,0,0,0.0,0,0.0
2021-05-01,LNGN0045,terminal,0,0,0,0,0.0,0,0.0
2021-05-01,LNGN0050,terminal,1,2,0,0,0.0,2,1.0
2021-05-01,LNGN0052,terminal,0,0,0,0,0.0,0,0.0
2021-05-01,LNGN0055,terminal,0,0,0,0,0.0,0,0.0
2021-05-01,LNGN0056,terminal,1,1,0,1,1.0,0,0.0
2021-05-01,LNGN0059,terminal,1,2,0,0,0.0,0,0.0
2021-05-01,LNGN0069,terminal,0,0,0,0,0.0,0,0.0
2021-05-01,LNGN0070,terminal,1,3,0,0,0.0,3,1.0
2021-05-01,LNGN0074,terminal,1,1,0,1,1.0,0,0.0
2021-05-01,LNGN0075,terminal,0,0,0,0,0.0,0,0.0
2021-05-01,LNGN0076,terminal,0,0,0,0,0.0,0,0.0
2021-05-01,LNGN0079,terminal,0,0,0,0,0.0,0,0.0
2021-05-01,LNGN0081,terminal,0,0,0,0,0.0,0,0.0
2021-05-01,LNGN0083,terminal,1,1,0,1,1.0,0,0.0
2021-05-01,LNGN0085,terminal,1,1,0,1,1.0,0,0.0
2021-05-01,LNGN0087,terminal,0,0,0,0,0.0,0,0.0
2021-05-01,LNGN0097,terminal,1,1,0,1,1.0,0,0.0
2021-05-01,LNGN0098,terminal,0,0,0,0,0.0,0,0.0
2021-05-01,LNGN0100,terminal,0,0,0,0,0.0,0,0.0
2021-05-01,LNGN0101,terminal,0,0,0,0,0.0,0,0.0
2021-05-01,LNGN0102,terminal,0,0,0,0,0.0,0,0.0
2021-05-01,LNGN0103,terminal,0,0,0,0,0.0,0,0.0
2021-05-01,LNGN0108,terminal,1,1,0,1,1.0,0,0.0
2021-05-01,LNGN0109,terminal,0,0,0,0,0.0,0,0.0
2021-05-01,LNGN0112,terminal,0,0,0,0,0.0,0,0.0
2021-05-01,LNGN0115,terminal,0,0,0,0,0.0,0,0.0
2021-05-01,LNGN0121,terminal,1,3,1,1,0.3333333333333333,0,0.0
2021-05-01,LNGN0122,terminal,0,0,0,0,0.0,0,0.0
2021-05-01,LNGN0124,terminal,1,1,0,1,1.0,0,0.0
2021-05-01,LNGN0130,terminal,1,2,0,0,0.0,0,0.0
2021-05-01,LNGN0132,terminal,1,2,0,0,0.0,0,0.0
2021-05-01,LNGN0136,terminal,1,1,0,1,1.0,0,0.0
2021-05-01,LNGN0138,terminal,0,0,0,0,0.0,0,0.0
2021-05-01,LNGN0142,terminal,1,2,0,0,0.0,2,1.0
2021-05-01,LNGN0143,terminal,0,0,0,0,0.0,0,0.0
2021-05-01,LNGN0144,terminal,1,2,0,0,0.0,0,0.0
2021-05-01,LNGN0148,terminal,1,1,0,1,1.0,0,0.0
2021-05-01,LNGN0150,terminal,1,1,0,1,1.0,0,0.0
2021-05-01,LNGN0156,terminal,0,0,0,0,0.0,0,0.0
2021-05-01,LNGN0163,terminal,0,0,0,0,0.0,0,0.0
2021-05-01,LNGN0164,terminal,0,0,0,0,0.0,0,0.0
2021-05-01,LNGN0165,terminal,0,0,0,0,0.0,0,0.0
2021-05-01,LNGN0166,terminal,0,0,0,0,0.0,0,0.0
2021-05-01,LNGN0168,terminal,1,2,0,0,0.0,0,0.0
2021-05-01,LNGN0170,terminal,0,0,0,0,0.0,0,0.0
2021-05-01,LNGN0173,terminal,1,1,0,1,1.0,0,0.0
2021-05-01,LNGN0174,terminal,0,0,0,0,0.0,0,0.0
2021-05-01,LNGN0175,terminal,0,0,0,0,0.0,0,0.0
2021-05-01,LNGN0176,terminal,0,0,0,0,0.0,0,0.0
2021-05-01,LNGN0178,terminal,1,1,0,1,1.0,0,0.0
2021-05-01,LNGN0180,terminal,0,0,0,0,0.0,0,0.0
2021-05-01,LNGN0181,terminal,1,2,0,0,0.0,0,0.0
2021-05-01,LNGN0182,terminal,0,0,0,0,0.0,0,0.0
2021-05-01,LNGN0186,terminal,1,1,0,1,1.0,0,0.0
2021-05-01,LNGN0190,terminal,0,0,0,0,0.0,0,0.0
2021-05-01,LNGN0191,terminal,1,1,0,1,1.0,0,0.0
2021-05-01,LNGN0195,terminal,1,2,0,0,0.0,2,1.0
2021-05-01,LNGN0199,terminal,0,0,0,0,0.0,0,0.0
2021-05-01,LNGN0206,terminal,0,0,0,0,0.0,0,0.0
2021-05-01,LNGN0207,terminal,1,1,0,1,1.0,0,0.0
2021-05-01,LNGN0208,terminal,0,0,0,0,0.0,0,0.0
2021-05-01,LNGN0210,terminal,1,1,0,1,1.0,0,0.0
2021-05-01,LNGN0212,terminal,0,0,0,0,0.0,0,0.0
2021-05-01,LNGN0219,terminal,0,0,0,0,0.0,0,0.0
2021-05-01,LNGN0222,terminal,1,2,1,2,1.0,0,0.0
2021-05-01,LNGN0230,terminal,1,2,0,0,0.0,0,0.0
2021-05-01,LNGN0232,terminal,1,1,0,1,1.0,0,0.0
2021-05-01,LNGN0237,terminal,1,1,0,1,1.0,0,0.0
2021-05-01,LNGN0238,terminal,0,0,0,0,0.0,0,0.0
2021-05-01,LNGN0241,terminal,0,0,0,0,0.0,0,0.0
2021-05-01,LNGN0243,terminal,0,0,0,0,0.0,0,0.0
2021-05-01,LNGN0244,terminal,1,2,0,0,0.0,2,1.0
2021-05-01,LNGN0248,terminal,1,1,0,1,1.0,0,0.0
2021-05-01,LNGN0250,terminal,0,0,0,0,0.0,0,0.0
2021-05-01,LNGN0251,terminal,1,1,0,1,1.0,0,0.0
2021-05-01,LNGN0253,terminal,0,0,0,0,0.0,0,0.0
2021-05-01,LNGN0258,terminal,0,0,0,0,0.0,0,0.0
2021-05-01,LNGN0261,terminal,1,5,1,2,0.4,3,0.6
2021-05-01,LNGN0262,terminal,0,0,0,0,0.0,0,0.0
2021-05-01,LNGN0268,terminal,0,0,0,0,0.0,0,0.0
2021-05-01,LNGN0270,terminal,1,3,0,0,0.0,3,1.0
2021-05-01,LNGN0272,terminal,0,0,0,0,0.0,0,0.0
2021-05-01,LNGN0274,terminal,0,0,0,0,0.0,0,0.0
2021-05-01,LNGN0278,terminal,1,1,0,1,1.0,0,0.0
2021-05-01,LNGN0285,terminal,0,0,0,0,0.0,0,0.0
2021-05-01,LNGN0287,terminal,0,0,0,0,0.0,0,0.0
2021-05-01,LNGN0288,terminal,0,0,0,0,0.0,0,0.0
2021-05-01,LNGN0290,terminal,0,0,0,0,0.0,0,0.0
2021-05-01,LNGN0291,terminal,0,0,0,0,0.0,0,0.0
2021-05-01,LNGN0293,terminal,0,0,0,0,0.0,0,0.0
2021-05-01,LNGN0294,terminal,0,0,0,0,0.0,0,0.0
2021-05-01,LNGN0297,terminal,1,2,0,0,0.0,2,1.0
2021-05-01,LNGN0299,terminal,0,0,0,0,0.0,0,0.0
2021-05-01,LNGN0307,terminal,0,0,0,0,0.0,0,0.0
2021-05-01,LNGN0308,terminal,0,0,0,0,0.0,0,0.0
2021-05-01,LNGN0309,terminal,1,1,0,1,1.0,0,0.0
2021-05-01,LNGN0312,terminal,0,0,0,0,0.0,0,0.0
2021-05-01,LNGN0314,terminal,1,3,0,0,0.0,1,0.3333333333333333
2021-05-01,LNGN0319,terminal,1,2,0,0,0.0,0,0.0
2021-05-01,LNGN0322,terminal,0,0,0,0,0.0,0,0.0
2021-05-01,LNGN0324,terminal,1,1,0,1,1.0,0,0.0
2021-05-01,LNGN0328,terminal,1,2,1,2,1.0,0,0.0
2021-05-01,LNGN0331,terminal,1,1,0,1,1.0,0,0.0
2021-05-01,LNGN0334,terminal,1,1,0,1,1.0,0,0.0
2021-05-01,LNGN0344,terminal,0,0,0,0,0.0,0,0.0
2021-05-01,LNGN0345,terminal,1,4,1,1,0.25,1,0.25
2021-05-01,LNGN0347,terminal,1,1,0,1,1.0,0,0.0
2021-05-01,LNGN0348,terminal,0,0,0,0,0.0,0,0.0
2021-05-01,LNGN0351,terminal,0,0,0,0,0.0,0,0.0
2021-05-01,LNGN0354,terminal,0,0,0,0,0.0,0,0.0
2021-05-01,LNGN0359,terminal,0,0,0,0,0.0,0,0.0
2021-05-01,LNGN0361,terminal,0,0,0,0,0.0,0,0.0
2021-05-01,LNGN0362,terminal,1,1,0,1,1.0,0,0.0
2021-05-01,LNGN0363,terminal,1,1,0,1,1.0,0,0.0
2021-05-01,LNGN0364,terminal,0,0,0,0,0.0,0,0.0
2021-05-01,LNGN0372,terminal,0,0,0,0,0.0,0,0.0
2021-05-01,LNGN0374,terminal,1,1,0,1,1.0,0,0.0
2021-05-01,LNGN0378,terminal,1,3,1,3,1.0,0,0.0
2021-05-01,LNGN0381,terminal,1,3,0,0,0.0,3,1.0
2021-05-01,LNGN0382,terminal,0,0,0,0,0.0,0,0.0
2021-05-01,LNGN0385,terminal,1,2,0,0,0.0,2,1.0
2021-05-01,LNGN0391,terminal,0,0,0,0,0.0,0,0.0
2021-05-01,LNGN0398,terminal,1,1,0,1,1.0,0,0.0
2021-05-01,LNGN0405,terminal,0,0,0,0,0.0,0,0.0
2021-05-01,LNGN0421,terminal,1,1,0,1,1.0,0,0.0
2021-05-01,LNGN0423,terminal,0,0,0,0,0.0,0,0.0
2021-05-01,LNGN0425,terminal,1,1,0,1,1.0,0,0.0
2021-05-01,LNGN0426,terminal,1,2,0,0,0.0,0,0.0
2021-05-01,LNGN0427,terminal,1,1,0,1,1.0,0,0.0
2021-05-01,LNGN0428,terminal,1,1,0,1,1.0,0,0.0
2021-05-01,LNGN0429,terminal,0,0,0,0,0.0,0,0.0
2021-05-01,LNGN0435,terminal,1,2,1,2,1.0,0,0.0
2021-05-01,LNGN0437,terminal,0,0,0,0,0.0,0,0.0
2021-05-01,LNGN0441,terminal,1,1,0,1,1.0,0,0.0
2021-05-01,LNGN0442,terminal,0,0,0,0,0.0,0,0.0
2021-05-01,LNGN0447,terminal,0,0,0,0,0.0,0,0.0
2021-05-01,LNGN0449,terminal,1,1,0,1,1.0,0,0.0
2021-05-01,LNGN0452,terminal,1,5,1,1,0.2,0,0.0
2021-05-01,LNGN0453,terminal,1,1,0,1,1.0,0,0.0
2021-05-01,LNGN0460,terminal,1,1,0,1,1.0,0,0.0
2021-05-01,LNGN0463,terminal,1,2,0,0,0.0,0,0.0
2021-05-01,LNGN0464,terminal,1,3,0,0,0.0,0,0.0
2021-05-01,LNGN0472,terminal,1,2,0,0,0.0,0,0.0
2021-05-01,LNGN0473,terminal,1,1,0,1,1.0,0,0.0
2021-05-01,LNGN0474,terminal,1,1,0,1,1.0,0,0.0
2021-06-01,CP001,chokepoint,1,4,1,2,0.5,2,0.5
2021-06-01,CP002,chokepoint,1,11,1,3,0.2727272727272727,6,0.5454545454545454
2021-06-01,CP004,chokepoint,1,4,0,0,0.0,1,0.25
2021-06-01,CP005,chokepoint,1,7,0,0,0.0,3,0.42857142857142855
2021-06-01,CP006,chokepoint,1,8,1,2,0.25,1,0.125
2021-06-01,CP007,chokepoint,1,5,1,1,0.2,4,0.8
2021-06-01,CP008,chokepoint,1,12,1,3,0.25,7,0.5833333333333334
2021-06-01,CP009,chokepoint,1,8,1,1,0.125,3,0.375
2021-06-01,CP010,chokepoint,1,7,1,4,0.5714285714285714,3,0.42857142857142855
2021-06-01,CP011,chokepoint,1,15,1,4,0.26666666666666666,1,0.06666666666666667
2021-06-01,CP012,chokepoint,1,10,1,3,0.3,2,0.2
2021-06-01,CP013,chokepoint,1,3,0,0,0.0,1,0.3333333333333333
2021-06-01,CP014,chokepoint,1,6,1,1,0.16666666666666666,5,0.8333333333333334
2021-06-01,CP015,chokepoint,1,5,0,0,0.0,5,1.0
2021-06-01,CP016,chokepoint,1,10,1,3,0.3,7,0.7
2021-06-01,CP017,chokepoint,1,3,1,3,1.0,0,0.0
2021-06-01,CP018,chokepoint,1,2,0,0,0.0,2,1.0
2021-06-01,CP019,chokepoint,1,5,0,0,0.0,2,0.4
2021-06-01,CP020,chokepoint,1,2,0,0,0.0,2,1.0
2021-06-01,CP021,chokepoint,0,0,0,0,0.0,0,0.0
2021-06-01,CP022,chokepoint,1,5,0,0,0.0,5,1.0
2021-06-01,CP023,chokepoint,1,2,0,0,0.0,2,1.0
2021-06-01,CP024,chokepoint,1,2,1,2,1.0,0,0.0
2021-06-01,CP027,chokepoint,1,6,0,0,0.0,4,0.6666666666666666
2021-06-01,LNGN0004,terminal,0,0,0,0,0.0,0,0.0
2021-06-01,LNGN0006,terminal,0,0,0,0,0.0,0,0.0
2021-06-01,LNGN0008,terminal,0,0,0,0,0.0,0,0.0
2021-06-01,LNGN0013,terminal,0,0,0,0,0.0,0,0.0
2021-06-01,LNGN0017,terminal,0,0,0,0,0.0,0,0.0
2021-06-01,LNGN0025,terminal,0,0,0,0,0.0,0,0.0
2021-06-01,LNGN0026,terminal,1,2,1,2,1.0,0,0.0
2021-06-01,LNGN0027,terminal,0,0,0,0,0.0,0,0.0
2021-06-01,LNGN0031,terminal,0,0,0,0,0.0,0,0.0
2021-06-01,LNGN0035,terminal,1,1,0,1,1.0,0,0.0
2021-06-01,LNGN0037,terminal,1,2,0,0,0.0,2,1.0
2021-06-01,LNGN0039,terminal,0,0,0,0,0.0,0,0.0
2021-06-01,LNGN0040,terminal,1,1,0,1,1.0,0,0.0
2021-06-01,LNGN0044,terminal,1,1,0,1,1.0,0,0.0
2021-06-01,LNGN0045,terminal,0,0,0,0,0.0,0,0.0
2021-06-01,LNGN0050,terminal,1,2,0,0,0.0,2,1.0
2021-06-01,LNGN0052,terminal,1,1,0,1,1.0,0,0.0
2021-06-01,LNGN0055,terminal,0,0,0,0,0.0,0,0.0
2021-06-01,LNGN0056,terminal,1,1,0,1,1.0,0,0.0
2021-06-01,LNGN0059,terminal,0,0,0,0,0.0,0,0.0
2021-06-01,LNGN0069,terminal,0,0,0,0,0.0,0,0.0
2021-06-01,LNGN0070,terminal,1,5,0,0,0.0,5,1.0
2021-06-01,LNGN0074,terminal,0,0,0,0,0.0,0,0.0
2021-06-01,LNGN0075,terminal,0,0,0,0,0.0,0,0.0
2021-06-01,LNGN0076,terminal,0,0,0,0,0.0,0,0.0
2021-06-01,LNGN0079,terminal,0,0,0,0,0.0,0,0.0
2021-06-01,LNGN0081,terminal,1,1,0,1,1.0,0,0.0
2021-06-01,LNGN0083,terminal,1,1,0,1,1.0,0,0.0
2021-06-01,LNGN0085,terminal,1,1,0,1,1.0,0,0.0
2021-06-01,LNGN0087,terminal,0,0,0,0,0.0,0,0.0
2021-06-01,LNGN0097,terminal,1,1,0,1,1.0,0,0.0
2021-06-01,LNGN0098,terminal,0,0,0,0,0.0,0,0.0
2021-06-01,LNGN0100,terminal,0,0,0,0,0.0,0,0.0
2021-06-01,LNGN0101,terminal,0,0,0,0,0.0,0,0.0
2021-06-01,LNGN0102,terminal,0,0,0,0,0.0,0,0.0
2021-06-01,LNGN0103,terminal,1,2,0,0,0.0,2,1.0
2021-06-01,LNGN0108,terminal,0,0,0,0,0.0,0,0.0
2021-06-01,LNGN0109,terminal,0,0,0,0,0.0,0,0.0
2021-06-01,LNGN0112,terminal,0,0,0,0,0.0,0,0.0
2021-06-01,LNGN0115,terminal,0,0,0,0,0.0,0,0.0
2021-06-01,LNGN0121,terminal,1,2,0,0,0.0,2,1.0
2021-06-01,LNGN0122,terminal,0,0,0,0,0.0,0,0.0
2021-06-01,LNGN0124,terminal,1,2,0,0,0.0,2,1.0
2021-06-01,LNGN0130,terminal,1,1,0,1,1.0,0,0.0
2021-06-01,LNGN0132,terminal,1,2,0,0,0.0,0,0.0
2021-06-01,LNGN0136,terminal,1,1,0,1,1.0,0,0.0
2021-06-01,LNGN0138,terminal,0,0,0,0,0.0,0,0.0
2021-06-01,LNGN0142,terminal,1,2,0,0,0.0,2,1.0
2021-06-01,LNGN0143,terminal,0,0,0,0,0.0,0,0.0
2021-06-01,LNGN0144,terminal,0,0,0,0,0.0,0,0.0
2021-06-01,LNGN0148,terminal,1,1,0,1,1.0,0,0.0
2021-06-01,LNGN0150,terminal,1,2,0,0,0.0,0,0.0
2021-06-01,LNGN0156,terminal,1,1,0,1,1.0,0,0.0
2021-06-01,LNGN0163,terminal,0,0,0,0,0.0,0,0.0
2021-06-01,LNGN0164,terminal,0,0,0,0,0.0,0,0.0
2021-06-01,LNGN0165,terminal,0,0,0,0,0.0,0,0.0
2021-06-01,LNGN0166,terminal,0,0,0,0,0.0,0,0.0
2021-06-01,LNGN0168,terminal,1,2,0,0,0.0,0,0.0
2021-06-01,LNGN0170,terminal,0,0,0,0,0.0,0,0.0
2021-06-01,LNGN0173,terminal,1,2,0,0,0.0,2,1.0
2021-06-01,LNGN0174,terminal,1,1,0,1,1.0,0,0.0
2021-06-01,LNGN0175,terminal,0,0,0,0,0.0,0,0.0
2021-06-01,LNGN0176,terminal,0,0,0,0,0.0,0,0.0
2021-06-01,LNGN0178,terminal,1,3,0,0,0.0,3,1.0
2021-06-01,LNGN0180,terminal,0,0,0,0,0.0,0,0.0
2021-06-01,LNGN0181,terminal,1,1,0,1,1.0,0,0.0
2021-06-01,LNGN0182,terminal,0,0,0,0,0.0,0,0.0
2021-06-01,LNGN0186,terminal,1,1,0,1,1.0,0,0.0
2021-06-01,LNGN0190,terminal,0,0,0,0,0.0,0,0.0
2021-06-01,LNGN0191,terminal,1,2,0,0,0.0,0,0.0
2021-06-01,LNGN0195,terminal,1,4,0,0,0.0,0,0.0
2021-06-01,LNGN0199,terminal,0,0,0,0,0.0,0,0.0
2021-06-01,LNGN0206,terminal,0,0,0,0,0.0,0,0.0
2021-06-01,LNGN0207,terminal,1,1,0,1,1.0,0,0.0
2021-06-01,LNGN0208,terminal,0,0,0,0,0.0,0,0.0
2021-06-01,LNGN0210,terminal,0,0,0,0,0.0,0,0.0
2021-06-01,LNGN0212,terminal,0,0,0,0,0.0,0,0.0
2021-06-01,LNGN0219,terminal,0,0,0,0,0.0,0,0.0
2021-06-01,LNGN0222,terminal,1,1,0,1,1.0,0,0.0
2021-06-01,LNGN0230,terminal,1,3,0,0,0.0,3,1.0
2021-06-01,LNGN0232,terminal,1,1,0,1,1.0,0,0.0
2021-06-01,LNGN0237,terminal,0,0,0,0,0.0,0,0.0
2021-06-01,LNGN0238,terminal,0,0,0,0,0.0,0,0.0
2021-06-01,LNGN0241,terminal,0,0,0,0,0.0,0,0.0
2021-06-01,LNGN0243,terminal,0,0,0,0,0.0,0,0.0
2021-06-01,LNGN0244,terminal,1,1,0,1,1.0,0,0.0
2021-06-01,LNGN0248,terminal,1,1,0,1,1.0,0,0.0
2021-06-01,LNGN0250,terminal,0,0,0,0,0.0,0,0.0
2021-06-01,LNGN0251,terminal,0,0,0,0,0.0,0,0.0
2021-06-01,LNGN0253,terminal,1,1,0,1,1.0,0,0.0
2021-06-01,LNGN0258,terminal,0,0,0,0,0.0,0,0.0
2021-06-01,LNGN0261,terminal,1,5,1,1,0.2,4,0.8
2021-06-01,LNGN0262,terminal,0,0,0,0,0.0,0,0.0
2021-06-01,LNGN0268,terminal,0,0,0,0,0.0,0,0.0
2021-06-01,LNGN0270,terminal,1,2,0,0,0.0,2,1.0
2021-06-01,LNGN0272,terminal,0,0,0,0,0.0,0,0.0
2021-06-01,LNGN0274,terminal,0,0,0,0,0.0,0,0.0
2021-06-01,LNGN0278,terminal,0,0,0,0,0.0,0,0.0
2021-06-01,LNGN0285,terminal,0,0,0,0,0.0,0,0.0
2021-06-01,LNGN0287,terminal,0,0,0,0,0.0,0,0.0
2021-06-01,LNGN0288,terminal,0,0,0,0,0.0,0,0.0
2021-06-01,LNGN0290,terminal,0,0,0,0,0.0,0,0.0
2021-06-01,LNGN0291,terminal,0,0,0,0,0.0,0,0.0
2021-06-01,LNGN0293,terminal,0,0,0,0,0.0,0,0.0
2021-06-01,LNGN0294,terminal,0,0,0,0,0.0,0,0.0
2021-06-01,LNGN0297,terminal,1,2,0,0,0.0,2,1.0
2021-06-01,LNGN0299,terminal,0,0,0,0,0.0,0,0.0
2021-06-01,LNGN0307,terminal,0,0,0,0,0.0,0,0.0
2021-06-01,LNGN0308,terminal,0,0,0,0,0.0,0,0.0
2021-06-01,LNGN0309,terminal,1,1,0,1,1.0,0,0.0
2021-06-01,LNGN0312,terminal,1,2,0,0,0.0,2,1.0
2021-06-01,LNGN0314,terminal,1,2,0,0,0.0,0,0.0
2021-06-01,LNGN0319,terminal,1,2,0,0,0.0,0,0.0
2021-06-01,LNGN0322,terminal,1,2,0,0,0.0,2,1.0
2021-06-01,LNGN0324,terminal,0,0,0,0,0.0,0,0.0
2021-06-01,LNGN0328,terminal,1,2,0,0,0.0,0,0.0
2021-06-01,LNGN0331,terminal,1,1,0,1,1.0,0,0.0
2021-06-01,LNGN0334,terminal,0,0,0,0,0.0,0,0.0
2021-06-01,LNGN0344,terminal,0,0,0,0,0.0,0,0.0
2021-06-01,LNGN0345,terminal,1,3,1,1,0.3333333333333333,2,0.6666666666666666
2021-06-01,LNGN0347,terminal,1,2,0,0,0.0,2,1.0
2021-06-01,LNGN0348,terminal,0,0,0,0,0.0,0,0.0
2021-06-01,LNGN0351,terminal,1,1,0,1,1.0,0,0.0
2021-06-01,LNGN0354,terminal,0,0,0,0,0.0,0,0.0
2021-06-01,LNGN0359,terminal,1,2,0,0,0.0,2,1.0
2021-06-01,LNGN0361,terminal,0,0,0,0,0.0,0,0.0
2021-06-01,LNGN0362,terminal,0,0,0,0,0.0,0,0.0
2021-06-01,LNGN0363,terminal,1,2,0,0,0.0,2,1.0
2021-06-01,LNGN0364,terminal,0,0,0,0,0.0,0,0.0
2021-06-01,LNGN0372,terminal,1,1,0,1,1.0,0,0.0
2021-06-01,LNGN0374,terminal,1,2,0,0,0.0,2,1.0
2021-06-01,LNGN0378,terminal,1,3,1,1,0.3333333333333333,2,0.6666666666666666
2021-06-01,LNGN0381,terminal,1,2,0,0,0.0,2,1.0
2021-06-01,LNGN0382,terminal,0,0,0,0,0.0,0,0.0
2021-06-01,LNGN0385,terminal,1,1,0,1,1.0,0,0.0
2021-06-01,LNGN0391,terminal,0,0,0,0,0.0,0,0.0
2021-06-01,LNGN0398,terminal,1,1,0,1,1.0,0,0.0
2021-06-01,LNGN0405,terminal,0,0,0,0,0.0,0,0.0
2021-06-01,LNGN0421,terminal,1,1,0,1,1.0,0,0.0
2021-06-01,LNGN0423,terminal,0,0,0,0,0.0,0,0.0
2021-06-01,LNGN0425,terminal,1,1,0,1,1.0,0,0.0
2021-06-01,LNGN0426,terminal,1,2,0,0,0.0,0,0.0
2021-06-01,LNGN0427,terminal,1,1,0,1,1.0,0,0.0
2021-06-01,LNGN0428,terminal,0,0,0,0,0.0,0,0.0
2021-06-01,LNGN0429,terminal,1,1,0,1,1.0,0,0.0
2021-06-01,LNGN0435,terminal,1,3,1,3,1.0,0,0.0
2021-06-01,LNGN0437,terminal,1,2,0,0,0.0,0,0.0
2021-06-01,LNGN0441,terminal,1,2,0,0,0.0,2,1.0
2021-06-01,LNGN0442,terminal,0,0,0,0,0.0,0,0.0
2021-06-01,LNGN0447,terminal,0,0,0,0,0.0,0,0.0
2021-06-01,LNGN0449,terminal,1,1,0,1,1.0,0,0.0
2021-06-01,LNGN0452,terminal,1,6,1,1,0.16666666666666666,1,0.16666666666666666
2021-06-01,LNGN0453,terminal,1,1,0,1,1.0,0,0.0
2021-06-01,LNGN0460,terminal,1,1,0,1,1.0,0,0.0
2021-06-01,LNGN0463,terminal,1,2,0,0,0.0,2,1.0
2021-06-01,LNGN0464,terminal,1,2,0,0,0.0,0,0.0
2021-06-01,LNGN0472,terminal,1,1,0,1,1.0,0,0.0
2021-06-01,LNGN0473,terminal,0,0,0,0,0.0,0,0.0
2021-06-01,LNGN0474,terminal,1,1,0,1,1.0,0,0.0
2021-07-01,CP001,chokepoint,1,5,1,1,0.2,1,0.2
2021-07-01,CP002,chokepoint,1,11,1,4,0.36363636363636365,7,0.6363636363636364
2021-07-01,CP004,chokepoint,1,5,0,0,0.0,1,0.2
2021-07-01,CP005,chokepoint,1,8,1,3,0.375,1,0.125
2021-07-01,CP006,chokepoint,1,6,1,2,0.3333333333333333,0,0.0
2021-07-01,CP007,chokepoint,1,3,0,0,0.0,3,1.0
2021-07-01,CP008,chokepoint,1,14,1,5,0.35714285714285715,1,0.07142857142857142
2021-07-01,CP009,chokepoint,1,9,1,2,0.2222222222222222,1,0.1111111111111111
2021-07-01,CP010,chokepoint,1,4,1,2,0.5,2,0.5
2021-07-01,CP011,chokepoint,1,14,1,7,0.5,3,0.21428571428571427
2021-07-01,CP012,chokepoint,1,4,1,1,0.25,3,0.75
2021-07-01,CP013,chokepoint,1,4,1,2,0.5,2,0.5
2021-07-01,CP014,chokepoint,1,8,1,1,0.125,7,0.875
2021-07-01,CP015,chokepoint,1,4,0,0,0.0,4,1.0
2021-07-01,CP016,chokepoint,1,10,1,4,0.4,6,0.6
2021-07-01,CP017,chokepoint,1,4,1,2,0.5,2,0.5
2021-07-01,CP018,chokepoint,1,2,0,0,0.0,2,1.0
2021-07-01,CP019,chokepoint,1,2,0,0,0.0,2,1.0
2021-07-01,CP020,chokepoint,1,2,0,0,0.0,2,1.0
2021-07-01,CP021,chokepoint,0,0,0,0,0.0,0,0.0
2021-07-01,CP022,chokepoint,1,6,1,1,0.16666666666666666,5,0.8333333333333334
2021-07-01,CP023,chokepoint,1,2,1,2,1.0,0,0.0
2021-07-01,CP024,chokepoint,1,2,1,2,1.0,0,0.0
2021-07-01,CP027,chokepoint,1,5,1,1,0.2,2,0.4
2021-07-01,LNGN0004,terminal,0,0,0,0,0.0,0,0.0
2021-07-01,LNGN0006,terminal,0,0,0,0,0.0,0,0.0
2021-07-01,LNGN0008,terminal,1,1,0,1,1.0,0,0.0
2021-07-01,LNGN0013,terminal,0,0,0,0,0.0,0,0.0
2021-07-01,LNGN0017,terminal,0,0,0,0,0.0,0,0.0
2021-07-01,LNGN0025,terminal,0,0,0,0,0.0,0,0.0
2021-07-01,LNGN0026,terminal,1,4,1,4,1.0,0,0.0
2021-07-01,LNGN0027,terminal,1,1,0,1,1.0,0,0.0
2021-07-01,LNGN0031,terminal,0,0,0,0,0.0,0,0.0
2021-07-01,LNGN0035,terminal,0,0,0,0,0.0,0,0.0
2021-07-01,LNGN0037,terminal,1,1,0,1,1.0,0,0.0
2021-07-01,LNGN0039,terminal,0,0,0,0,0.0,0,0.0
2021-07-01,LNGN0040,terminal,1,1,0,1,1.0,0,0.0
2021-07-01,LNGN0044,terminal,0,0,0,0,0.0,0,0.0
2021-07-01,LNGN0045,terminal,0,0,0,0,0.0,0,0.0
2021-07-01,LNGN0050,terminal,1,2,0,0,0.0,2,1.0
2021-07-01,LNGN0052,terminal,0,0,0,0,0.0,0,0.0
2021-07-01,LNGN0055,terminal,0,0,0,0,0.0,0,0.0
2021-07-01,LNGN0056,terminal,1,4,1,1,0.25,0,0.0
2021-07-01,LNGN0059,terminal,1,1,0,1,1.0,0,0.0
2021-07-01,LNGN0069,terminal,0,0,0,0,0.0,0,0.0
2021-07-01,LNGN0070,terminal,1,4,0,0,0.0,1,0.25
2021-07-01,LNGN0074,terminal,0,0,0,0,0.0,0,0.0
2021-07-01,LNGN0075,terminal,0,0,0,0,0.0,0,0.0
2021-07-01,LNGN0076,terminal,0,0,0,0,0.0,0,0.0
2021-07-01,LNGN0079,terminal,0,0,0,0,0.0,0,0.0
2021-07-01,LNGN0081,terminal,1,1,0,1,1.0,0,0.0
2021-07-01,LNGN0083,terminal,1,2,0,0,0.0,0,0.0
2021-07-01,LNGN0085,terminal,1,1,0,1,1.0,0,0.0
2021-07-01,LNGN0087,terminal,0,0,0,0,0.0,0,0.0
2021-07-01,LNGN0097,terminal,1,1,0,1,1.0,0,0.0
2021-07-01,LNGN0098,terminal,0,0,0,0,0.0,0,0.0
2021-07-01,LNGN0100,terminal,0,0,0,0,0.0,0,0.0
2021-07-01,LNGN0101,terminal,0,0,0,0,0.0,0,0.0
2021-07-01,LNGN0102,terminal,0,0,0,0,0.0,0,0.0
2021-07-01,LNGN0103,terminal,1,1,0,1,1.0,0,0.0
2021-07-01,LNGN0108,terminal,0,0,0,0,0.0,0,0.0
2021-07-01,LNGN0109,terminal,0,0,0,0,0.0,0,0.0
2021-07-01,LNGN0112,terminal,0,0,0,0,0.0,0,0.0
2021-07-01,LNGN0115,terminal,0,0,0,0,0.0,0,0.0
2021-07-01,LNGN0121,terminal,1,1,0,1,1.0,0,0.0
2021-07-01,LNGN0122,terminal,0,0,0,0,0.0,0,0.0
2021-07-01,LNGN0124,terminal,1,2,0,0,0.0,2,1.0
2021-07-01,LNGN0130,terminal,1,2,0,0,0.0,0,0.0
2021-07-01,LNGN0132,terminal,1,2,0,0,0.0,0,0.0
2021-07-01,LNGN0136,terminal,1,1,0,1,1.0,0,0.0
2021-07-01,LNGN0138,terminal,0,0,0,0,0.0,0,0.0
2021-07-01,LNGN0142,terminal,1,2,0,0,0.0,2,1.0
2021-07-01,LNGN0143,terminal,0,0,0,0,0.0,0,0.0
2021-07-01,LNGN0144,terminal,0,0,0,0,0.0,0,0.0
2021-07-01,LNGN0148,terminal,1,1,0,1,1.0,0,0.0
2021-07-01,LNGN0150,terminal,1,1,0,1,1.0,0,0.0
2021-07-01,LNGN0156,terminal,0,0,0,0,0.0,0,0.0
2021-07-01,LNGN0163,terminal,0,0,0,0,0.0,0,0.0
2021-07-01,LNGN0164,terminal,0,0,0,0,0.0,0,0.0
2021-07-01,LNGN0165,terminal,0,0,0,0,0.0,0,0.0
2021-07-01,LNGN0166,terminal,0,0,0,0,0.0,0,0.0
2021-07-01,LNGN0168,terminal,1,3,0,0,0.0,1,0.3333333333333333
2021-07-01,LNGN0170,terminal,1,1,0,1,1.0,0,0.0
2021-07-01,LNGN0173,terminal,1,3,0,0,0.0,3,1.0
2021-07-01,LNGN0174,terminal,0,0,0,0,0.0,0,0.0
2021-07-01,LNGN0175,terminal,1,1,0,1,1.0,0,0.0
2021-07-01,LNGN0176,terminal,0,0,0,0,0.0,0,0.0
2021-07-01,LNGN0178,terminal,1,1,0,1,1.0,0,0.0
2021-07-01,LNGN0180,terminal,0,0,0,0,0.0,0,0.0
2021-07-01,LNGN0181,terminal,1,1,0,1,1.0,0,0.0
2021-07-01,LNGN0182,terminal,0,0,0,0,0.0,0,0.0
2021-07-01,LNGN0186,terminal,1,1,0,1,1.0,0,0.0
2021-07-01,LNGN0190,terminal,0,0,0,0,0.0,0,0.0
2021-07-01,LNGN0191,terminal,1,1,0,1,1.0,0,0.0
2021-07-01,LNGN0195,terminal,1,2,0,0,0.0,0,0.0
2021-07-01,LNGN0199,terminal,0,0,0,0,0.0,0,0.0
2021-07-01,LNGN0206,terminal,0,0,0,0,0.0,0,0.0
2021-07-01,LNGN0207,terminal,1,1,0,1,1.0,0,0.0
2021-07-01,LNGN0208,terminal,0,0,0,0,0.0,0,0.0
2021-07-01,LNGN0210,terminal,1,1,0,1,1.0,0,0.0
2021-07-01,LNGN0212,terminal,0,0,0,0,0.0,0,0.0
2021-07-01,LNGN0219,terminal,0,0,0,0,0.0,0,0.0
2021-07-01,LNGN0222,terminal,0,0,0,0,0.0,0,0.0
2021-07-01,LNGN0230,terminal,1,1,0,1,1.0,0,0.0
2021-07-01,LNGN0232,terminal,1,1,0,1,1.0,0,0.0
2021-07-01,LNGN0237,terminal,1,1,0,1,1.0,0,0.0
2021-07-01,LNGN0238,terminal,0,0,0,0,0.0,0,0.0
2021-07-01,LNGN0241,terminal,1,1,0,1,1.0,0,0.0
2021-07-01,LNGN0243,terminal,0,0,0,0,0.0,0,0.0
2021-07-01,LNGN0244,terminal,1,1,0,1,1.0,0,0.0
2021-07-01,LNGN0248,terminal,0,0,0,0,0.0,0,0.0
2021-07-01,LNGN0250,terminal,0,0,0,0,0.0,0,0.0
2021-07-01,LNGN0251,terminal,0,0,0,0,0.0,0,0.0
2021-07-01,LNGN0253,terminal,0,0,0,0,0.0,0,0.0
2021-07-01,LNGN0258,terminal,0,0,0,0,0.0,0,0.0
2021-07-01,LNGN0261,terminal,1,4,1,1,0.25,1,0.25
2021-07-01,LNGN0262,terminal,0,0,0,0,0.0,0,0.0
2021-07-01,LNGN0268,terminal,0,0,0,0,0.0,0,0.0
2021-07-01,LNGN0270,terminal,1,2,0,0,0.0,2,1.0
2021-07-01,LNGN0272,terminal,0,0,0,0,0.0,0,0.0
2021-07-01,LNGN0274,terminal,0,0,0,0,0.0,0,0.0
2021-07-01,LNGN0278,terminal,1,1,0,1,1.0,0,0.0
2021-07-01,LNGN0285,terminal,0,0,0,0,0.0,0,0.0
2021-07-01,LNGN0287,terminal,0,0,0,0,0.0,0,0.0
2021-07-01,LNGN0288,terminal,0,0,0,0,0.0,0,0.0
2021-07-01,LNGN0290,terminal,0,0,0,0,0.0,0,0.0
2021-07-01,LNGN0291,terminal,0,0,0,0,0.0,0,0.0
2021-07-01,LNGN0293,terminal,0,0,0,0,0.0,0,0.0
2021-07-01,LNGN0294,terminal,0,0,0,0,0.0,0,0.0
2021-07-01,LNGN0297,terminal,1,2,0,0,0.0,2,1.0
2021-07-01,LNGN0299,terminal,1,1,0,1,1.0,0,0.0
2021-07-01,LNGN0307,terminal,0,0,0,0,0.0,0,0.0
2021-07-01,LNGN0308,terminal,0,0,0,0,0.0,0,0.0
2021-07-01,LNGN0309,terminal,0,0,0,0,0.0,0,0.0
2021-07-01,LNGN0312,terminal,0,0,0,0,0.0,0,0.0
2021-07-01,LNGN0314,terminal,1,2,0,0,0.0,2,1.0
2021-07-01,LNGN0319,terminal,1,1,0,1,1.0,0,0.0
2021-07-01,LNGN0322,terminal,1,2,0,0,0.0,2,1.0
2021-07-01,LNGN0324,terminal,1,1,0,1,1.0,0,0.0
2021-07-01,LNGN0328,terminal,1,3,1,3,1.0,0,0.0
2021-07-01,LNGN0331,terminal,0,0,0,0,0.0,0,0.0
2021-07-01,LNGN0334,terminal,0,0,0,0,0.0,0,0.0
2021-07-01,LNGN0344,terminal,0,0,0,0,0.0,0,0.0
2021-07-01,LNGN0345,terminal,1,5,1,2,0.4,1,0.2
2021-07-01,LNGN0347,terminal,1,1,0,1,1.0,0,0.0
2021-07-01,LNGN0348,terminal,0,0,0,0,0.0,0,0.0
2021-07-01,LNGN0351,terminal,0,0,0,0,0.0,0,0.0
2021-07-01,LNGN0354,terminal,1,1,0,1,1.0,0,0.0
2021-07-01,LNGN0359,terminal,1,2,0,0,0.0,2,1.0
2021-07-01,LNGN0361,terminal,0,0,0,0,0.0,0,0.0
2021-07-01,LNGN0362,terminal,1,1,0,1,1.0,0,0.0
2021-07-01,LNGN0363,terminal,0,0,0,0,0.0,0,0.0
2021-07-01,LNGN0364,terminal,0,0,0,0,0.0,0,0.0
2021-07-01,LNGN0372,terminal,1,1,0,1,1.0,0,0.0
2021-07-01,LNGN0374,terminal,1,3,0,0,0.0,0,0.0
2021-07-01,LNGN0378,terminal,0,0,0,0,0.0,0,0.0
2021-07-01,LNGN0381,terminal,1,3,0,0,0.0,3,1.0
2021-07-01,LNGN0382,terminal,1,1,0,1,1.0,0,0.0
2021-07-01,LNGN0385,terminal,1,1,0,1,1.0,0,0.0
2021-07-01,LNGN0391,terminal,0,0,0,0,0.0,0,0.0
2021-07-01,LNGN0398,terminal,1,1,0,1,1.0,0,0.0
2021-07-01,LNGN0405,terminal,0,0,0,0,0.0,0,0.0
2021-07-01,LNGN0421,terminal,1,1,0,1,1.0,0,0.0
2021-07-01,LNGN0423,terminal,0,0,0,0,0.0,0,0.0
2021-07-01,LNGN0425,terminal,1,1,0,1,1.0,0,0.0
2021-07-01,LNGN0426,terminal,1,1,0,1,1.0,0,0.0
2021-07-01,LNGN0427,terminal,1,1,0,1,1.0,0,0.0
2021-07-01,LNGN0428,terminal,0,0,0,0,0.0,0,0.0
2021-07-01,LNGN0429,terminal,0,0,0,0,0.0,0,0.0
2021-07-01,LNGN0435,terminal,1,2,1,2,1.0,0,0.0
2021-07-01,LNGN0437,terminal,1,1,0,1,1.0,0,0.0
2021-07-01,LNGN0441,terminal,1,2,0,0,0.0,2,1.0
2021-07-01,LNGN0442,terminal,0,0,0,0,0.0,0,0.0
2021-07-01,LNGN0447,terminal,1,1,0,1,1.0,0,0.0
2021-07-01,LNGN0449,terminal,1,1,0,1,1.0,0,0.0
2021-07-01,LNGN0452,terminal,1,4,0,0,0.0,0,0.0
2021-07-01,LNGN0453,terminal,1,1,0,1,1.0,0,0.0
2021-07-01,LNGN0460,terminal,1,3,0,0,0.0,3,1.0
2021-07-01,LNGN0463,terminal,1,2,0,0,0.0,0,0.0
2021-07-01,LNGN0464,terminal,1,2,0,0,0.0,0,0.0
2021-07-01,LNGN0472,terminal,1,1,0,1,1.0,0,0.0
2021-07-01,LNGN0473,terminal,0,0,0,0,0.0,0,0.0
2021-07-01,LNGN0474,terminal,1,1,0,1,1.0,0,0.0
2021-08-01,CP001,chokepoint,1,4,1,1,0.25,1,0.25
2021-08-01,CP002,chokepoint,1,9,1,3,0.3333333333333333,3,0.3333333333333333
2021-08-01,CP004,chokepoint,1,4,1,1,0.25,1,0.25
2021-08-01,CP005,chokepoint,1,7,1,1,0.14285714285714285,2,0.2857142857142857
2021-08-01,CP006,chokepoint,1,5,1,3,0.6,0,0.0
2021-08-01,CP007,chokepoint,1,4,1,2,0.5,2,0.5
2021-08-01,CP008,chokepoint,1,14,1,4,0.2857142857142857,5,0.35714285714285715
2021-08-01,CP009,chokepoint,1,8,1,2,0.25,1,0.125
2021-08-01,CP010,chokepoint,1,5,1,5,1.0,0,0.0
2021-08-01,CP011,chokepoint,1,17,1,3,0.17647058823529413,6,0.35294117647058826
2021-08-01,CP012,chokepoint,1,6,0,0,0.0,6,1.0
2021-08-01,CP013,chokepoint,1,2,0,0,0.0,2,1.0
2021-08-01,CP014,chokepoint,1,7,1,3,0.42857142857142855,4,0.5714285714285714
2021-08-01,CP015,chokepoint,1,4,0,0,0.0,4,1.0
2021-08-01,CP016,chokepoint,1,7,1,1,0.14285714285714285,6,0.8571428571428571
2021-08-01,CP017,chokepoint,1,4,1,2,0.5,2,0.5
2021-08-01,CP018,chokepoint,1,2,1,2,1.0,0,0.0
2021-08-01,CP019,chokepoint,1,4,0,0,0.0,4,1.0
2021-08-01,CP020,chokepoint,1,2,0,0,0.0,2,1.0
2021-08-01,CP021,chokepoint,0,0,0,0,0.0,0,0.0
2021-08-01,CP022,chokepoint,1,7,1,2,0.2857142857142857,5,0.7142857142857143
2021-08-01,CP023,chokepoint,0,0,0,0,0.0,0,0.0
2021-08-01,CP024,chokepoint,0,0,0,0,0.0,0,0.0
2021-08-01,CP027,chokepoint,1,6,1,2,0.3333333333333333,1,0.16666666666666666
2021-08-01,LNGN0004,terminal,0,0,0,0,0.0,0,0.0
2021-08-01,LNGN0006,terminal,0,0,0,0,0.0,0,0.0
2021-08-01,LNGN0008,terminal,1,1,0,1,1.0,0,0.0
2021-08-01,LNGN0013,terminal,0,0,0,0,0.0,0,0.0
2021-08-01,LNGN0017,terminal,0,0,0,0,0.0,0,0.0
2021-08-01,LNGN0025,terminal,1,1,0,1,1.0,0,0.0
2021-08-01,LNGN0026,terminal,1,3,1,1,0.3333333333333333,2,0.6666666666666666
2021-08-01,LNGN0027,terminal,1,2,1,2,1.0,0,0.0
2021-08-01,LNGN0031,terminal,0,0,0,0,0.0,0,0.0
2021-08-01,LNGN0035,terminal,1,1,0,1,1.0,0,0.0
2021-08-01,LNGN0037,terminal,1,1,0,1,1.0,0,0.0
2021-08-01,LNGN0039,terminal,0,0,0,0,0.0,0,0.0
2021-08-01,LNGN0040,terminal,1,2,0,0,0.0,2,1.0
2021-08-01,LNGN0044,terminal,1,1,0,1,1.0,0,0.0
2021-08-01,LNGN0045,terminal,0,0,0,0,0.0,0,0.0
2021-08-01,LNGN0050,terminal,1,2,0,0,0.0,2,1.0
2021-08-01,LNGN0052,terminal,1,1,0,1,1.0,0,0.0
2021-08-01,LNGN0055,terminal,0,0,0,0,0.0,0,0.0
2021-08-01,LNGN0056,terminal,1,1,0,1,1.0,0,0.0
2021-08-01,LNGN0059,terminal,1,2,0,0,0.0,2,1.0
2021-08-01,LNGN0069,terminal,0,0,0,0,0.0,0,0.0
2021-08-01,LNGN0070,terminal,1,2,0,0,0.0,2,1.0
2021-08-01,LNGN0074,terminal,0,0,0,0,0.0,0,0.0
2021-08-01,LNGN0075,terminal,0,0,0,0,0.0,0,0.0
2021-08-01,LNGN0076,terminal,0,0,0,0,0.0,0,0.0
2021-08-01,LNGN0079,terminal,0,0,0,0,0.0,0,0.0
2021-08-01,LNGN0081,terminal,0,0,0,0,0.0,0,0.0
2021-08-01,LNGN0083,terminal,0,0,0,0,0.0,0,0.0
2021-08-01,LNGN0085,terminal,1,1,0,1,1.0,0,0.0
2021-08-01,LNGN0087,terminal,0,0,0,0,0.0,0,0.0
2021-08-01,LNGN0097,terminal,1,1,0,1,1.0,0,0.0
2021-08-01,LNGN0098,terminal,0,0,0,0,0.0,0,0.0
2021-08-01,LNGN0100,terminal,0,0,0,0,0.0,0,0.0
2021-08-01,LNGN0101,terminal,0,0,0,0,0.0,0,0.0
2021-08-01,LNGN0102,terminal,0,0,0,0,0.0,0,0.0
2021-08-01,LNGN0103,terminal,1,1,0,1,1.0,0,0.0
2021-08-01,LNGN0108,terminal,0,0,0,0,0.0,0,0.0
2021-08-01,LNGN0109,terminal,0,0,0,0,0.0,0,0.0
2021-08-01,LNGN0112,terminal,0,0,0,0,0.0,0,0.0
2021-08-01,LNGN0115,terminal,0,0,0,0,0.0,0,0.0
2021-08-01,LNGN0121,terminal,1,4,0,0,0.0,2,0.5
2021-08-01,LNGN0122,terminal,1,1,0,1,1.0,0,0.0
2021-08-01,LNGN0124,terminal,1,3,0,0,0.0,1,0.3333333333333333
2021-08-01,LNGN0130,terminal,0,0,0,0,0.0,0,0.0
2021-08-01,LNGN0132,terminal,1,2,0,0,0.0,0,0.0
2021-08-01,LNGN0136,terminal,1,1,0,1,1.0,0,0.0
2021-08-01,LNGN0138,terminal,0,0,0,0,0.0,0,0.0
2021-08-01,LNGN0142,terminal,1,2,0,0,0.0,2,1.0
2021-08-01,LNGN0143,terminal,0,0,0,0,0.0,0,0.0
2021-08-01,LNGN0144,terminal,0,0,0,0,0.0,0,0.0
2021-08-01,LNGN0148,terminal,0,0,0,0,0.0,0,0.0
2021-08-01,LNGN0150,terminal,1,1,0,1,1.0,0,0.0
2021-08-01,LNGN0156,terminal,0,0,0,0,0.0,0,0.0
2021-08-01,LNGN0163,terminal,0,0,0,0,0.0,0,0.0
2021-08-01,LNGN0164,terminal,0,0,0,0,0.0,0,0.0
2021-08-01,LNGN0165,terminal,0,0,0,0,0.0,0,0.0
2021-08-01,LNGN0166,terminal,0,0,0,0,0.0,0,0.0
2021-08-01,LNGN0168,terminal,1,1,0,1,1.0,0,0.0
2021-08-01,LNGN0170,terminal,0,0,0,0,0.0,0,0.0
2021-08-01,LNGN0173,terminal,1,1,0,1,1.0,0,0.0
2021-08-01,LNGN0174,terminal,0,0,0,0,0.0,0,0.0
2021-08-01,LNGN0175,terminal,1,1,0,1,1.0,0,0.0
2021-08-01,LNGN0176,terminal,0,0,0,0,0.0,0,0.0
2021-08-01,LNGN0178,terminal,1,2,0,0,0.0,2,1.0
2021-08-01,LNGN0180,terminal,0,0,0,0,0.0,0,0.0
2021-08-01,LNGN0181,terminal,1,2,0,0,0.0,2,1.0
2021-08-01,LNGN0182,terminal,0,0,0,0,0.0,0,0.0
2021-08-01,LNGN0186,terminal,1,1,0,1,1.0,0,0.0
2021-08-01,LNGN0190,terminal,0,0,0,0,0.0,0,0.0
2021-08-01,LNGN0191,terminal,1,1,0,1,1.0,0,0.0
2021-08-01,LNGN0195,terminal,1,2,0,0,0.0,0,0.0
2021-08-01,LNGN0199,terminal,0,0,0,0,0.0,0,0.0
2021-08-01,LNGN0206,terminal,0,0,0,0,0.0,0,0.0
2021-08-01,LNGN0207,terminal,0,0,0,0,0.0,0,0.0
2021-08-01,LNGN0208,terminal,0,0,0,0,0.0,0,0.0
2021-08-01,LNGN0210,terminal,0,0,0,0,0.0,0,0.0
2021-08-01,LNGN0212,terminal,0,0,0,0,0.0,0,0.0
2021-08-01,LNGN0219,terminal,0,0,0,0,0.0,0,0.0
2021-08-01,LNGN0222,terminal,1,1,0,1,1.0,0,0.0
2021-08-01,LNGN0230,terminal,1,2,0,0,0.0,0,0.0
2021-08-01,LNGN0232,terminal,1,2,0,0,0.0,2,1.0
2021-08-01,LNGN0237,terminal,1,1,0,1,1.0,0,0.0
2021-08-01,LNGN0238,terminal,0,0,0,0,0.0,0,0.0
2021-08-01,LNGN0241,terminal,0,0,0,0,0.0,0,0.0
2021-08-01,LNGN0243,terminal,0,0,0,0,0.0,0,0.0
2021-08-01,LNGN0244,terminal,1,1,0,1,1.0,0,0.0
2021-08-01,LNGN0248,terminal,0,0,0,0,0.0,0,0.0
2021-08-01,LNGN0250,terminal,0,0,0,0,0.0,0,0.0
2021-08-01,LNGN0251,terminal,1,2,1,2,1.0,0,0.0
2021-08-01,LNGN0253,terminal,0,0,0,0,0.0,0,0.0
2021-08-01,LNGN0258,terminal,0,0,0,0,0.0,0,0.0
2021-08-01,LNGN0261,terminal,1,5,1,1,0.2,4,0.8
2021-08-01,LNGN0262,terminal,0,0,0,0,0.0,0,0.0
2021-08-01,LNGN0268,terminal,0,0,0,0,0.0,0,0.0
2021-08-01,LNGN0270,terminal,1,2,0,0,0.0,2,1.0
2021-08-01,LNGN0272,terminal,1,1,0,1,1.0,0,0.0
2021-08-01,LNGN0274,terminal,1,1,0,1,1.0,0,0.0
2021-08-01,LNGN0278,terminal,0,0,0,0,0.0,0,0.0
2021-08-01,LNGN0285,terminal,0,0,0,0,0.0,0,0.0
2021-08-01,LNGN0287,terminal,1,1,0,1,1.0,0,0.0
2021-08-01,LNGN0288,terminal,0,0,0,0,0.0,0,0.0
2021-08-01,LNGN0290,terminal,0,0,0,0,0.0,0,0.0
2021-08-01,LNGN0291,terminal,0,0,0,0,0.0,0,0.0
2021-08-01,LNGN0293,terminal,0,0,0,0,0.0,0,0.0
2021-08-01,LNGN0294,terminal,0,0,0,0,0.0,0,0.0
2021-08-01,LNGN0297,terminal,1,2,0,0,0.0,2,1.0
2021-08-01,LNGN0299,terminal,0,0,0,0,0.0,0,0.0
2021-08-01,LNGN0307,terminal,1,1,0,1,1.0,0,0.0
2021-08-01,LNGN0308,terminal,0,0,0,0,0.0,0,0.0
2021-08-01,LNGN0309,terminal,0,0,0,0,0.0,0,0.0
2021-08-01,LNGN0312,terminal,1,1,0,1,1.0,0,0.0
2021-08-01,LNGN0314,terminal,1,2,0,0,0.0,2,1.0
2021-08-01,LNGN0319,terminal,1,2,0,0,0.0,2,1.0
2021-08-01,LNGN0322,terminal,1,1,0,1,1.0,0,0.0
2021-08-01,LNGN0324,terminal,1,1,0,1,1.0,0,0.0
2021-08-01,LNGN0328,terminal,1,3,1,3,1.0,0,0.0
2021-08-01,LNGN0331,terminal,0,0,0,0,0.0,0,0.0
2021-08-01,LNGN0334,terminal,0,0,0,0,0.0,0,0.0
2021-08-01,LNGN0344,terminal,0,0,0,0,0.0,0,0.0
2021-08-01,LNGN0345,terminal,1,5,1,1,0.2,4,0.8
2021-08-01,LNGN0347,terminal,1,2,0,0,0.0,2,1.0
2021-08-01,LNGN0348,terminal,0,0,0,0,0.0,0,0.0
2021-08-01,LNGN0351,terminal,0,0,0,0,0.0,0,0.0
2021-08-01,LNGN0354,terminal,0,0,0,0,0.0,0,0.0
2021-08-01,LNGN0359,terminal,1,1,0,1,1.0,0,0.0
2021-08-01,LNGN0361,terminal,0,0,0,0,0.0,0,0.0
2021-08-01,LNGN0362,terminal,0,0,0,0,0.0,0,0.0
2021-08-01,LNGN0363,terminal,1,1,0,1,1.0,0,0.0
2021-08-01,LNGN0364,terminal,0,0,0,0,0.0,0,0.0
2021-08-01,LNGN0372,terminal,1,1,0,1,1.0,0,0.0
2021-08-01,LNGN0374,terminal,1,3,0,0,0.0,3,1.0
2021-08-01,LNGN0378,terminal,1,2,0,0,0.0,2,1.0
2021-08-01,LNGN0381,terminal,1,2,0,0,0.0,2,1.0
2021-08-01,LNGN0382,terminal,0,0,0,0,0.0,0,0.0
2021-08-01,LNGN0385,terminal,1,1,0,1,1.0,0,0.0
2021-08-01,LNGN0391,terminal,0,0,0,0,0.0,0,0.0
2021-08-01,LNGN0398,terminal,1,1,0,1,1.0,0,0.0
2021-08-01,LNGN0405,terminal,0,0,0,0,0.0,0,0.0
2021-08-01,LNGN0421,terminal,1,1,0,1,1.0,0,0.0
2021-08-01,LNGN0423,terminal,0,0,0,0,0.0,0,0.0
2021-08-01,LNGN0425,terminal,0,0,0,0,0.0,0,0.0
2021-08-01,LNGN0426,terminal,0,0,0,0,0.0,0,0.0
2021-08-01,LNGN0427,terminal,1,1,0,1,1.0,0,0.0
2021-08-01,LNGN0428,terminal,0,0,0,0,0.0,0,0.0
2021-08-01,LNGN0429,terminal,1,1,0,1,1.0,0,0.0
2021-08-01,LNGN0435,terminal,1,3,1,3,1.0,0,0.0
2021-08-01,LNGN0437,terminal,1,2,0,0,0.0,0,0.0
2021-08-01,LNGN0441,terminal,1,2,0,0,0.0,2,1.0
2021-08-01,LNGN0442,terminal,0,0,0,0,0.0,0,0.0
2021-08-01,LNGN0447,terminal,0,0,0,0,0.0,0,0.0
2021-08-01,LNGN0449,terminal,1,1,0,1,1.0,0,0.0
2021-08-01,LNGN0452,terminal,1,5,0,0,0.0,1,0.2
2021-08-01,LNGN0453,terminal,0,0,0,0,0.0,0,0.0
2021-08-01,LNGN0460,terminal,1,2,0,0,0.0,2,1.0
2021-08-01,LNGN0463,terminal,1,2,0,0,0.0,0,0.0
2021-08-01,LNGN0464,terminal,1,2,0,0,0.0,0,0.0
2021-08-01,LNGN0472,terminal,1,2,0,0,0.0,0,0.0
2021-08-01,LNGN0473,terminal,0,0,0,0,0.0,0,0.0
2021-08-01,LNGN0474,terminal,1,1,0,1,1.0,0,0.0
2021-09-01,CP001,chokepoint,1,6,1,1,0.16666666666666666,1,0.16666666666666666
2021-09-01,CP002,chokepoint,1,6,1,2,0.3333333333333333,2,0.3333333333333333
2021-09-01,CP004,chokepoint,1,5,1,1,0.2,1,0.2
2021-09-01,CP005,chokepoint,1,8,1,2,0.25,4,0.5
2021-09-01,CP006,chokepoint,1,6,1,3,0.5,0,0.0
2021-09-01,CP007,chokepoint,1,4,1,1,0.25,3,0.75
2021-09-01,CP008,chokepoint,1,16,1,2,0.125,2,0.125
2021-09-01,CP009,chokepoint,1,10,1,3,0.3,0,0.0
2021-09-01,CP010,chokepoint,1,6,1,4,0.6666666666666666,0,0.0
2021-09-01,CP011,chokepoint,1,13,1,4,0.3076923076923077,3,0.23076923076923078
2021-09-01,CP012,chokepoint,1,8,0,0,0.0,2,0.25
2021-09-01,CP013,chokepoint,1,3,0,0,0.0,1,0.3333333333333333
2021-09-01,CP014,chokepoint,1,6,0,0,0.0,6,1.0
2021-09-01,CP015,chokepoint,1,4,1,1,0.25,3,0.75
2021-09-01,CP016,chokepoint,1,12,1,4,0.3333333333333333,8,0.6666666666666666
2021-09-01,CP017,chokepoint,1,5,1,2,0.4,1,0.2
2021-09-01,CP018,chokepoint,0,0,0,0,0.0,0,0.0
2021-09-01,CP019,chokepoint,1,3,0,0,0.0,3,1.0
2021-09-01,CP020,chokepoint,1,2,0,0,0.0,2,1.0
2021-09-01,CP021,chokepoint,0,0,0,0,0.0,0,0.0
2021-09-01,CP022,chokepoint,1,6,1,1,0.16666666666666666,5,0.8333333333333334
2021-09-01,CP023,chokepoint,0,0,0,0,0.0,0,0.0
2021-09-01,CP024,chokepoint,1,3,1,3,1.0,0,0.0
2021-09-01,CP027,chokepoint,1,5,0,0,0.0,5,1.0
2021-09-01,LNGN0004,terminal,0,0,0,0,0.0,0,0.0
2021-09-01,LNGN0006,terminal,0,0,0,0,0.0,0,0.0
2021-09-01,LNGN0008,terminal,1,1,0,1,1.0,0,0.0
2021-09-01,LNGN0013,terminal,0,0,0,0,0.0,0,0.0
2021-09-01,LNGN0017,terminal,0,0,0,0,0.0,0,0.0
2021-09-01,LNGN0025,terminal,0,0,0,0,0.0,0,0.0
2021-09-01,LNGN0026,terminal,1,3,0,0,0.0,0,0.0
2021-09-01,LNGN0027,terminal,1,1,0,1,1.0,0,0.0
2021-09-01,LNGN0031,terminal,1,1,0,1,1.0,0,0.0
2021-09-01,LNGN0035,terminal,1,2,0,0,0.0,0,0.0
2021-09-01,LNGN0037,terminal,1,2,0,0,0.0,2,1.0
2021-09-01,LNGN0039,terminal,0,0,0,0,0.0,0,0.0
2021-09-01,LNGN0040,terminal,1,2,0,0,0.0,0,0.0
2021-09-01,LNGN0044,terminal,0,0,0,0,0.0,0,0.0
2021-09-01,LNGN0045,terminal,0,0,0,0,0.0,0,0.0
2021-09-01,LNGN0050,terminal,1,2,0,0,0.0,2,1.0
2021-09-01,LNGN0052,terminal,0,0,0,0,0.0,0,0.0
2021-09-01,LNGN0055,terminal,0,0,0,0,0.0,0,0.0
2021-09-01,LNGN0056,terminal,0,0,0,0,0.0,0,0.0
2021-09-01,LNGN0059,terminal,0,0,0,0,0.0,0,0.0
2021-09-01,LNGN0069,terminal,0,0,0,0,0.0,0,0.0
2021-09-01,LNGN0070,terminal,1,5,0,0,0.0,3,0.6
2021-09-01,LNGN0074,terminal,0,0,0,0,0.0,0,0.0
2021-09-01,LNGN0075,terminal,0,0,0,0,0.0,0,0.0
2021-09-01,LNGN0076,terminal,0,0,0,0,0.0,0,0.0
2021-09-01,LNGN0079,terminal,0,0,0,0,0.0,0,0.0
2021-09-01,LNGN0081,terminal,1,1,0,1,1.0,0,0.0
2021-09-01,LNGN0083,terminal,0,0,0,0,0.0,0,0.0
2021-09-01,LNGN0085,terminal,1,1,0,1,1.0,0,0.0
2021-09-01,LNGN0087,terminal,0,0,0,0,0.0,0,0.0
2021-09-01,LNGN0097,terminal,1,1,0,1,1.0,0,0.0
2021-09-01,LNGN0098,terminal,0,0,0,0,0.0,0,0.0
2021-09-01,LNGN0100,terminal,0,0,0,0,0.0,0,0.0
2021-09-01,LNGN0101,terminal,0,0,0,0,0.0,0,0.0
2021-09-01,LNGN0102,terminal,0,0,0,0,0.0,0,0.0
2021-09-01,LNGN0103,terminal,0,0,0,0,0.0,0,0.0
2021-09-01,LNGN0108,terminal,1,1,0,1,1.0,0,0.0
2021-09-01,LNGN0109,terminal,0,0,0,0,0.0,0,0.0
2021-09-01,LNGN0112,terminal,0,0,0,0,0.0,0,0.0
2021-09-01,LNGN0115,terminal,0,0,0,0,0.0,0,0.0
2021-09-01,LNGN0121,terminal,1,3,1,1,0.3333333333333333,0,0.0
2021-09-01,LNGN0122,terminal,0,0,0,0,0.0,0,0.0
2021-09-01,LNGN0124,terminal,1,3,0,0,0.0,3,1.0
2021-09-01,LNGN0130,terminal,1,1,0,1,1.0,0,0.0
2021-09-01,LNGN0132,terminal,1,1,0,1,1.0,0,0.0
2021-09-01,LNGN0136,terminal,0,0,0,0,0.0,0,0.0
2021-09-01,LNGN0138,terminal,0,0,0,0,0.0,0,0.0
2021-09-01,LNGN0142,terminal,1,2,0,0,0.0,2,1.0
2021-09-01,LNGN0143,terminal,0,0,0,0,0.0,0,0.0
2021-09-01,LNGN0144,terminal,1,1,0,1,1.0,0,0.0
2021-09-01,LNGN0148,terminal,1,1,0,1,1.0,0,0.0
2021-09-01,LNGN0150,terminal,1,1,0,1,1.0,0,0.0
2021-09-01,LNGN0156,terminal,0,0,0,0,0.0,0,0.0
2021-09-01,LNGN0163,terminal,0,0,0,0,0.0,0,0.0
2021-09-01,LNGN0164,terminal,0,0,0,0,0.0,0,0.0
2021-09-01,LNGN0165,terminal,0,0,0,0,0.0,0,0.0
2021-09-01,LNGN0166,terminal,0,0,0,0,0.0,0,0.0
2021-09-01,LNGN0168,terminal,1,3,0,0,0.0,1,0.3333333333333333
2021-09-01,LNGN0170,terminal,0,0,0,0,0.0,0,0.0
2021-09-01,LNGN0173,terminal,1,2,0,0,0.0,2,1.0
2021-09-01,LNGN0174,terminal,0,0,0,0,0.0,0,0.0
2021-09-01,LNGN0175,terminal,0,0,0,0,0.0,0,0.0
2021-09-01,LNGN0176,terminal,0,0,0,0,0.0,0,0.0
2021-09-01,LNGN0178,terminal,1,3,0,0,0.0,0,0.0
2021-09-01,LNGN0180,terminal,0,0,0,0,0.0,0,0.0
2021-09-01,LNGN0181,terminal,1,1,0,1,1.0,0,0.0
2021-09-01,LNGN0182,terminal,0,0,0,0,0.0,0,0.0
2021-09-01,LNGN0186,terminal,1,3,0,0,0.0,0,0.0
2021-09-01,LNGN0190,terminal,0,0,0,0,0.0,0,0.0
2021-09-01,LNGN0191,terminal,1,1,0,1,1.0,0,0.0
2021-09-01,LNGN0195,terminal,1,1,0,1,1.0,0,0.0
2021-09-01,LNGN0199,terminal,0,0,0,0,0.0,0,0.0
2021-09-01,LNGN0206,terminal,0,0,0,0,0.0,0,0.0
2021-09-01,LNGN0207,terminal,1,1,0,1,1.0,0,0.0
2021-09-01,LNGN0208,terminal,0,0,0,0,0.0,0,0.0
2021-09-01,LNGN0210,terminal,1,1,0,1,1.0,0,0.0
2021-09-01,LNGN0212,terminal,0,0,0,0,0.0,0,0.0
2021-09-01,LNGN0219,terminal,0,0,0,0,0.0,0,0.0
2021-09-01,LNGN0222,terminal,1,2,1,2,1.0,0,0.0
2021-09-01,LNGN0230,terminal,1,2,0,0,0.0,2,1.0
2021-09-01,LNGN0232,terminal,1,2,0,0,0.0,0,0.0
2021-09-01,LNGN0237,terminal,0,0,0,0,0.0,0,0.0
2021-09-01,LNGN0238,terminal,0,0,0,0,0.0,0,0.0
2021-09-01,LNGN0241,terminal,0,0,0,0,0.0,0,0.0
2021-09-01,LNGN0243,terminal,0,0,0,0,0.0,0,0.0
2021-09-01,LNGN0244,terminal,1,2,0,0,0.0,0,0.0
2021-09-01,LNGN0248,terminal,1,2,0,0,0.0,2,1.0
2021-09-01,LNGN0250,terminal,0,0,0,0,0.0,0,0.0
2021-09-01,LNGN0251,terminal,0,0,0,0,0.0,0,0.0
2021-09-01,LNGN0253,terminal,0,0,0,0,0.0,0,0.0
2021-09-01,LNGN0258,terminal,0,0,0,0,0.0,0,0.0
2021-09-01,LNGN0261,terminal,1,6,0,0,0.0,3,0.5
2021-09-01,LNGN0262,terminal,0,0,0,0,0.0,0,0.0
2021-09-01,LNGN0268,terminal,0,0,0,0,0.0,0,0.0
2021-09-01,LNGN0270,terminal,1,2,0,0,0.0,2,1.0
2021-09-01,LNGN0272,terminal,0,0,0,0,0.0,0,0.0
2021-09-01,LNGN0274,terminal,0,0,0,0,0.0,0,0.0
2021-09-01,LNGN0278,terminal,0,0,0,0,0.0,0,0.0
2021-09-01,LNGN0285,terminal,0,0,0,0,0.0,0,0.0
2021-09-01,LNGN0287,terminal,1,1,0,1,1.0,0,0.0
2021-09-01,LNGN0288,terminal,0,0,0,0,0.0,0,0.0
2021-09-01,LNGN0290,terminal,0,0,0,0,0.0,0,0.0
2021-09-01,LNGN0291,terminal,0,0,0,0,0.0,0,0.0
2021-09-01,LNGN0293,terminal,0,0,0,0,0.0,0,0.0
2021-09-01,LNGN0294,terminal,0,0,0,0,0.0,0,0.0
2021-09-01,LNGN0297,terminal,1,2,0,0,0.0,2,1.0
2021-09-01,LNGN0299,terminal,0,0,0,0,0.0,0,0.0
2021-09-01,LNGN0307,terminal,1,1,0,1,1.0,0,0.0
2021-09-01,LNGN0308,terminal,0,0,0,0,0.0,0,0.0
2021-09-01,LNGN0309,terminal,1,1,0,1,1.0,0,0.0
2021-09-01,LNGN0312,terminal,1,1,0,1,1.0,0,0.0
2021-09-01,LNGN0314,terminal,1,3,0,0,0.0,1,0.3333333333333333
2021-09-01,LNGN0319,terminal,1,1,0,1,1.0,0,0.0
2021-09-01,LNGN0322,terminal,1,4,0,0,0.0,4,1.0
2021-09-01,LNGN0324,terminal,1,1,0,1,1.0,0,0.0
2021-09-01,LNGN0328,terminal,1,3,1,3,1.0,0,0.0
2021-09-01,LNGN0331,terminal,0,0,0,0,0.0,0,0.0
2021-09-01,LNGN0334,terminal,1,1,0,1,1.0,0,0.0
2021-09-01,LNGN0344,terminal,0,0,0,0,0.0,0,0.0
2021-09-01,LNGN0345,terminal,1,6,1,1,0.16666666666666666,1,0.16666666666666666
2021-09-01,LNGN0347,terminal,1,1,0,1,1.0,0,0.0
2021-09-01,LNGN0348,terminal,0,0,0,0,0.0,0,0.0
2021-09-01,LNGN0351,terminal,0,0,0,0,0.0,0,0.0
2021-09-01,LNGN0354,terminal,0,0,0,0,0.0,0,0.0
2021-09-01,LNGN0359,terminal,1,1,0,1,1.0,0,0.0
2021-09-01,LNGN0361,terminal,0,0,0,0,0.0,0,0.0
2021-09-01,LNGN0362,terminal,0,0,0,0,0.0,0,0.0
2021-09-01,LNGN0363,terminal,1,2,0,0,0.0,2,1.0
2021-09-01,LNGN0364,terminal,0,0,0,0,0.0,0,0.0
2021-09-01,LNGN0372,terminal,0,0,0,0,0.0,0,0.0
2021-09-01,LNGN0374,terminal,1,2,0,0,0.0,2,1.0
2021-09-01,LNGN0378,terminal,1,1,0,1,1.0,0,0.0
2021-09-01,LNGN0381,terminal,1,2,0,0,0.0,2,1.0
2021-09-01,LNGN0382,terminal,0,0,0,0,0.0,0,0.0
2021-09-01,LNGN0385,terminal,1,1,0,1,1.0,0,0.0
2021-09-01,LNGN0391,terminal,0,0,0,0,0.0,0,0.0
2021-09-01,LNGN0398,terminal,1,1,0,1,1.0,0,0.0
2021-09-01,LNGN0405,terminal,0,0,0,0,0.0,0,0.0
2021-09-01,LNGN0421,terminal,1,1,0,1,1.0,0,0.0
2021-09-01,LNGN0423,terminal,0,0,0,0,0.0,0,0.0
2021-09-01,LNGN0425,terminal,1,1,0,1,1.0,0,0.0
2021-09-01,LNGN0426,terminal,1,2,0,0,0.0,0,0.0
2021-09-01,LNGN0427,terminal,1,1,0,1,1.0,0,0.0
2021-09-01,LNGN0428,terminal,0,0,0,0,0.0,0,0.0
2021-09-01,LNGN0429,terminal,0,0,0,0,0.0,0,0.0
2021-09-01,LNGN0435,terminal,1,2,1,2,1.0,0,0.0
2021-09-01,LNGN0437,terminal,1,2,0,0,0.0,0,0.0
2021-09-01,LNGN0441,terminal,0,0,0,0,0.0,0,0.0
2021-09-01,LNGN0442,terminal,0,0,0,0,0.0,0,0.0
2021-09-01,LNGN0447,terminal,0,0,0,0,0.0,0,0.0
2021-09-01,LNGN0449,terminal,1,1,0,1,1.0,0,0.0
2021-09-01,LNGN0452,terminal,1,4,0,0,0.0,1,0.25
2021-09-01,LNGN0453,terminal,1,1,0,1,1.0,0,0.0
2021-09-01,LNGN0460,terminal,1,3,0,0,0.0,3,1.0
2021-09-01,LNGN0463,terminal,1,2,0,0,0.0,2,1.0
2021-09-01,LNGN0464,terminal,1,2,0,0,0.0,0,0.0
2021-09-01,LNGN0472,terminal,1,1,0,1,1.0,0,0.0
2021-09-01,LNGN0473,terminal,1,1,0,1,1.0,0,0.0
2021-09-01,LNGN0474,terminal,1,1,0,1,1.0,0,0.0
2021-10-01,CP001,chokepoint,1,4,0,0,0.0,1,0.25
2021-10-01,CP002,chokepoint,1,4,0,0,0.0,4,1.0
2021-10-01,CP004,chokepoint,1,6,1,3,0.5,1,0.16666666666666666
2021-10-01,CP005,chokepoint,1,8,1,3,0.375,1,0.125
2021-10-01,CP006,chokepoint,1,7,1,3,0.42857142857142855,0,0.0
2021-10-01,CP007,chokepoint,1,2,0,0,0.0,2,1.0
2021-10-01,CP008,chokepoint,1,16,1,3,0.1875,3,0.1875
2021-10-01,CP009,chokepoint,1,12,1,4,0.3333333333333333,0,0.0
2021-10-01,CP010,chokepoint,1,4,1,4,1.0,0,0.0
2021-10-01,CP011,chokepoint,1,14,1,4,0.2857142857142857,1,0.07142857142857142
2021-10-01,CP012,chokepoint,1,8,1,1,0.125,0,0.0
2021-10-01,CP013,chokepoint,1,3,0,0,0.0,1,0.3333333333333333
2021-10-01,CP014,chokepoint,1,5,1,1,0.2,4,0.8
2021-10-01,CP015,chokepoint,1,4,1,1,0.25,3,0.75
2021-10-01,CP016,chokepoint,1,7,1,2,0.2857142857142857,5,0.7142857142857143
2021-10-01,CP017,chokepoint,1,4,1,2,0.5,0,0.0
2021-10-01,CP018,chokepoint,0,0,0,0,0.0,0,0.0
2021-10-01,CP019,chokepoint,1,4,0,0,0.0,2,0.5
2021-10-01,CP020,chokepoint,1,2,0,0,0.0,2,1.0
2021-10-01,CP021,chokepoint,0,0,0,0,0.0,0,0.0
2021-10-01,CP022,chokepoint,1,6,1,1,0.16666666666666666,5,0.8333333333333334
2021-10-01,CP023,chokepoint,0,0,0,0,0.0,0,0.0
2021-10-01,CP024,chokepoint,0,0,0,0,0.0,0,0.0
2021-10-01,CP027,chokepoint,1,3,0,0,0.0,1,0.3333333333333333
2021-10-01,LNGN0004,terminal,0,0,0,0,0.0,0,0.0
2021-10-01,LNGN0006,terminal,0,0,0,0,0.0,0,0.0
2021-10-01,LNGN0008,terminal,1,2,0,0,0.0,0,0.0
2021-10-01,LNGN0013,terminal,0,0,0,0,0.0,0,0.0
2021-10-01,LNGN0017,terminal,0,0,0,0,0.0,0,0.0
2021-10-01,LNGN0025,terminal,0,0,0,0,0.0,0,0.0
2021-10-01,LNGN0026,terminal,1,3,0,0,0.0,0,0.0
2021-10-01,LNGN0027,terminal,1,1,0,1,1.0,0,0.0
2021-10-01,LNGN0031,terminal,0,0,0,0,0.0,0,0.0
2021-10-01,LNGN0035,terminal,1,1,0,1,1.0,0,0.0
2021-10-01,LNGN0037,terminal,1,4,0,0,0.0,0,0.0
2021-10-01,LNGN0039,terminal,0,0,0,0,0.0,0,0.0
2021-10-01,LNGN0040,terminal,1,2,0,0,0.0,0,0.0
2021-10-01,LNGN0044,terminal,0,0,0,0,0.0,0,0.0
2021-10-01,LNGN0045,terminal,0,0,0,0,0.0,0,0.0
2021-10-01,LNGN0050,terminal,1,5,0,0,0.0,2,0.4
2021-10-01,LNGN0052,terminal,0,0,0,0,0.0,0,0.0
2021-10-01,LNGN0055,terminal,0,0,0,0,0.0,0,0.0
2021-10-01,LNGN0056,terminal,1,2,0,0,0.0,0,0.0
2021-10-01,LNGN0059,terminal,0,0,0,0,0.0,0,0.0
2021-10-01,LNGN0069,terminal,0,0,0,0,0.0,0,0.0
2021-10-01,LNGN0070,terminal,1,4,0,0,0.0,4,1.0
2021-10-01,LNGN0074,terminal,0,0,0,0,0.0,0,0.0
2021-10-01,LNGN0075,terminal,0,0,0,0,0.0,0,0.0
2021-10-01,LNGN0076,terminal,0,0,0,0,0.0,0,0.0
2021-10-01,LNGN0079,terminal,0,0,0,0,0.0,0,0.0
2021-10-01,LNGN0081,terminal,0,0,0,0,0.0,0,0.0
2021-10-01,LNGN0083,terminal,1,1,0,1,1.0,0,0.0
2021-10-01,LNGN0085,terminal,1,1,0,1,1.0,0,0.0
2021-10-01,LNGN0087,terminal,0,0,0,0,0.0,0,0.0
2021-10-01,LNGN0097,terminal,1,1,0,1,1.0,0,0.0
2021-10-01,LNGN0098,terminal,0,0,0,0,0.0,0,0.0
2021-10-01,LNGN0100,terminal,0,0,0,0,0.0,0,0.0
2021-10-01,LNGN0101,terminal,0,0,0,0,0.0,0,0.0
2021-10-01,LNGN0102,terminal,0,0,0,0,0.0,0,0.0
2021-10-01,LNGN0103,terminal,0,0,0,0,0.0,0,0.0
2021-10-01,LNGN0108,terminal,1,1,0,1,1.0,0,0.0
2021-10-01,LNGN0109,terminal,0,0,0,0,0.0,0,0.0
2021-10-01,LNGN0112,terminal,0,0,0,0,0.0,0,0.0
2021-10-01,LNGN0115,terminal,0,0,0,0,0.0,0,0.0
2021-10-01,LNGN0121,terminal,1,4,0,0,0.0,1,0.25
2021-10-01,LNGN0122,terminal,0,0,0,0,0.0,0,0.0
2021-10-01,LNGN0124,terminal,1,4,0,0,0.0,1,0.25
2021-10-01,LNGN0130,terminal,1,1,0,1,1.0,0,0.0
2021-10-01,LNGN0132,terminal,1,2,0,0,0.0,0,0.0
2021-10-01,LNGN0136,terminal,0,0,0,0,0.0,0,0.0
2021-10-01,LNGN0138,terminal,0,0,0,0,0.0,0,0.0
2021-10-01,LNGN0142,terminal,1,2,0,0,0.0,2,1.0
2021-10-01,LNGN0143,terminal,0,0,0,0,0.0,0,0.0
2021-10-01,LNGN0144,terminal,1,1,0,1,1.0,0,0.0
2021-10-01,LNGN0148,terminal,0,0,0,0,0.0,0,0.0
2021-10-01,LNGN0150,terminal,1,1,0,1,1.0,0,0.0
2021-10-01,LNGN0156,terminal,0,0,0,0,0.0,0,0.0
2021-10-01,LNGN0163,terminal,1,1,0,1,1.0,0,0.0
2021-10-01,LNGN0164,terminal,0,0,0,0,0.0,0,0.0
2021-10-01,LNGN0165,terminal,0,0,0,0,0.0,0,0.0
2021-10-01,LNGN0166,terminal,0,0,0,0,0.0,0,0.0
2021-10-01,LNGN0168,terminal,1,1,0,1,1.0,0,0.0
2021-10-01,LNGN0170,terminal,1,1,0,1,1.0,0,0.0
2021-10-01,LNGN0173,terminal,1,1,0,1,1.0,0,0.0
2021-10-01,LNGN0174,terminal,0,0,0,0,0.0,0,0.0
2021-10-01,LNGN0175,terminal,0,0,0,0,0.0,0,0.0
2021-10-01,LNGN0176,terminal,0,0,0,0,0.0,0,0.0
2021-10-01,LNGN0178,terminal,1,2,0,0,0.0,2,1.0
2021-10-01,LNGN0180,terminal,0,0,0,0,0.0,0,0.0
2021-10-01,LNGN0181,terminal,1,2,0,0,0.0,0,0.0
2021-10-01,LNGN0182,terminal,0,0,0,0,0.0,0,0.0
2021-10-01,LNGN0186,terminal,1,2,0,0,0.0,0,0.0
2021-10-01,LNGN0190,terminal,0,0,0,0,0.0,0,0.0
2021-10-01,LNGN0191,terminal,1,1,0,1,1.0,0,0.0
2021-10-01,LNGN0195,terminal,1,1,0,1,1.0,0,0.0
2021-10-01,LNGN0199,terminal,0,0,0,0,0.0,0,0.0
2021-10-01,LNGN0206,terminal,0,0,0,0,0.0,0,0.0
2021-10-01,LNGN0207,terminal,0,0,0,0,0.0,0,0.0
2021-10-01,LNGN0208,terminal,1,1,0,1,1.0,0,0.0
2021-10-01,LNGN0210,terminal,0,0,0,0,0.0,0,0.0
2021-10-01,LNGN0212,terminal,0,0,0,0,0.0,0,0.0
2021-10-01,LNGN0219,terminal,0,0,0,0,0.0,0,0.0
2021-10-01,LNGN0222,terminal,1,1,0,1,1.0,0,0.0
2021-10-01,LNGN0230,terminal,1,1,0,1,1.0,0,0.0
2021-10-01,LNGN0232,terminal,1,2,1,2,1.0,0,0.0
2021-10-01,LNGN0237,terminal,0,0,0,0,0.0,0,0.0
2021-10-01,LNGN0238,terminal,0,0,0,0,0.0,0,0.0
2021-10-01,LNGN0241,terminal,0,0,0,0,0.0,0,0.0
2021-10-01,LNGN0243,terminal,0,0,0,0,0.0,0,0.0
2021-10-01,LNGN0244,terminal,1,1,0,1,1.0,0,0.0
2021-10-01,LNGN0248,terminal,1,2,0,0,0.0,2,1.0
2021-10-01,LNGN0250,terminal,0,0,0,0,0.0,0,0.0
2021-10-01,LNGN0251,terminal,1,1,0,1,1.0,0,0.0
2021-10-01,LNGN0253,terminal,0,0,0,0,0.0,0,0.0
2021-10-01,LNGN0258,terminal,0,0,0,0,0.0,0,0.0
2021-10-01,LNGN0261,terminal,1,4,0,0,0.0,4,1.0
2021-10-01,LNGN0262,terminal,0,0,0,0,0.0,0,0.0
2021-10-01,LNGN0268,terminal,0,0,0,0,0.0,0,0.0
2021-10-01,LNGN0270,terminal,1,2,0,0,0.0,2,1.0
2021-10-01,LNGN0272,terminal,0,0,0,0,0.0,0,0.0
2021-10-01,LNGN0274,terminal,0,0,0,0,0.0,0,0.0
2021-10-01,LNGN0278,terminal,0,0,0,0,0.0,0,0.0
2021-10-01,LNGN0285,terminal,0,0,0,0,0.0,0,0.0
2021-10-01,LNGN0287,terminal,1,1,0,1,1.0,0,0.0
2021-10-01,LNGN0288,terminal,0,0,0,0,0.0,0,0.0
2021-10-01,LNGN0290,terminal,0,0,0,0,0.0,0,0.0
2021-10-01,LNGN0291,terminal,0,0,0,0,0.0,0,0.0
2021-10-01,LNGN0293,terminal,0,0,0,0,0.0,0,0.0
2021-10-01,LNGN0294,terminal,0,0,0,0,0.0,0,0.0
2021-10-01,LNGN0297,terminal,1,2,0,0,0.0,2,1.0
2021-10-01,LNGN0299,terminal,0,0,0,0,0.0,0,0.0
2021-10-01,LNGN0307,terminal,1,1,0,1,1.0,0,0.0
2021-10-01,LNGN0308,terminal,0,0,0,0,0.0,0,0.0
2021-10-01,LNGN0309,terminal,0,0,0,0,0.0,0,0.0
2021-10-01,LNGN0312,terminal,0,0,0,0,0.0,0,0.0
2021-10-01,LNGN0314,terminal,1,2,0,0,0.0,0,0.0
2021-10-01,LNGN0319,terminal,1,1,0,1,1.0,0,0.0
2021-10-01,LNGN0322,terminal,1,1,0,1,1.0,0,0.0
2021-10-01,LNGN0324,terminal,0,0,0,0,0.0,0,0.0
2021-10-01,LNGN0328,terminal,1,3,1,1,0.3333333333333333,0,0.0
2021-10-01,LNGN0331,terminal,0,0,0,0,0.0,0,0.0
2021-10-01,LNGN0334,terminal,0,0,0,0,0.0,0,0.0
2021-10-01,LNGN0344,terminal,0,0,0,0,0.0,0,0.0
2021-10-01,LNGN0345,terminal,1,5,0,0,0.0,2,0.4
2021-10-01,LNGN0347,terminal,1,2,0,0,0.0,2,1.0
2021-10-01,LNGN0348,terminal,0,0,0,0,0.0,0,0.0
2021-10-01,LNGN0351,terminal,0,0,0,0,0.0,0,0.0
2021-10-01,LNGN0354,terminal,0,0,0,0,0.0,0,0.0
2021-10-01,LNGN0359,terminal,1,1,0,1,1.0,0,0.0
2021-10-01,LNGN0361,terminal,0,0,0,0,0.0,0,0.0
2021-10-01,LNGN0362,terminal,0,0,0,0,0.0,0,0.0
2021-10-01,LNGN0363,terminal,1,2,1,2,1.0,0,0.0
2021-10-01,LNGN0364,terminal,0,0,0,0,0.0,0,0.0
2021-10-01,LNGN0372,terminal,0,0,0,0,0.0,0,0.0
2021-10-01,LNGN0374,terminal,1,3,0,0,0.0,3,1.0
2021-10-01,LNGN0378,terminal,1,2,0,0,0.0,2,1.0
2021-10-01,LNGN0381,terminal,1,2,0,0,0.0,2,1.0
2021-10-01,LNGN0382,terminal,0,0,0,0,0.0,0,0.0
2021-10-01,LNGN0385,terminal,1,1,0,1,1.0,0,0.0
2021-10-01,LNGN0391,terminal,0,0,0,0,0.0,0,0.0
2021-10-01,LNGN0398,terminal,1,1,0,1,1.0,0,0.0
2021-10-01,LNGN0405,terminal,0,0,0,0,0.0,0,0.0
2021-10-01,LNGN0421,terminal,1,1,0,1,1.0,0,0.0
2021-10-01,LNGN0423,terminal,0,0,0,0,0.0,0,0.0
2021-10-01,LNGN0425,terminal,0,0,0,0,0.0,0,0.0
2021-10-01,LNGN0426,terminal,1,2,0,0,0.0,0,0.0
2021-10-01,LNGN0427,terminal,1,1,0,1,1.0,0,0.0
2021-10-01,LNGN0428,terminal,0,0,0,0,0.0,0,0.0
2021-10-01,LNGN0429,terminal,0,0,0,0,0.0,0,0.0
2021-10-01,LNGN0435,terminal,1,2,1,2,1.0,0,0.0
2021-10-01,LNGN0437,terminal,0,0,0,0,0.0,0,0.0
2021-10-01,LNGN0441,terminal,1,1,0,1,1.0,0,0.0
2021-10-01,LNGN0442,terminal,0,0,0,0,0.0,0,0.0
2021-10-01,LNGN0447,terminal,0,0,0,0,0.0,0,0.0
2021-10-01,LNGN0449,terminal,1,1,0,1,1.0,0,0.0
2021-10-01,LNGN0452,terminal,1,5,0,0,0.0,1,0.2
2021-10-01,LNGN0453,terminal,0,0,0,0,0.0,0,0.0
2021-10-01,LNGN0460,terminal,1,2,0,0,0.0,2,1.0
2021-10-01,LNGN0463,terminal,1,4,0,0,0.0,0,0.0
2021-10-01,LNGN0464,terminal,1,2,0,0,0.0,0,0.0
2021-10-01,LNGN0472,terminal,1,1,0,1,1.0,0,0.0
2021-10-01,LNGN0473,terminal,0,0,0,0,0.0,0,0.0
2021-10-01,LNGN0474,terminal,1,1,0,1,1.0,0,0.0
2021-11-01,CP001,chokepoint,1,4,1,1,0.25,1,0.25
2021-11-01,CP002,chokepoint,1,6,0,0,0.0,6,1.0
2021-11-01,CP004,chokepoint,1,5,0,0,0.0,2,0.4
2021-11-01,CP005,chokepoint,1,7,1,2,0.2857142857142857,3,0.42857142857142855
2021-11-01,CP006,chokepoint,1,7,1,0,0.0,1,0.14285714285714285
2021-11-01,CP007,chokepoint,1,4,0,0,0.0,4,1.0
2021-11-01,CP008,chokepoint,1,19,1,6,0.3157894736842105,3,0.15789473684210525
2021-11-01,CP009,chokepoint,1,11,1,2,0.18181818181818182,0,0.0
2021-11-01,CP010,chokepoint,1,6,1,4,0.6666666666666666,0,0.0
2021-11-01,CP011,chokepoint,1,10,1,4,0.4,6,0.6
2021-11-01,CP012,chokepoint,1,8,1,2,0.25,4,0.5
2021-11-01,CP013,chokepoint,1,4,1,1,0.25,1,0.25
2021-11-01,CP014,chokepoint,1,9,1,1,0.1111111111111111,8,0.8888888888888888
2021-11-01,CP015,chokepoint,1,4,1,1,0.25,3,0.75
2021-11-01,CP016,chokepoint,1,10,1,4,0.4,4,0.4
2021-11-01,CP017,chokepoint,1,4,1,2,0.5,2,0.5
2021-11-01,CP018,chokepoint,0,0,0,0,0.0,0,0.0
2021-11-01,CP019,chokepoint,1,3,0,0,0.0,3,1.0
2021-11-01,CP020,chokepoint,1,2,0,0,0.0,2,1.0
2021-11-01,CP021,chokepoint,0,0,0,0,0.0,0,0.0
2021-11-01,CP022,chokepoint,1,5,0,0,0.0,5,1.0
2021-11-01,CP023,chokepoint,0,0,0,0,0.0,0,0.0
2021-11-01,CP024,chokepoint,1,2,1,2,1.0,0,0.0
2021-11-01,CP027,chokepoint,1,4,0,0,0.0,4,1.0
2021-11-01,LNGN0004,terminal,0,0,0,0,0.0,0,0.0
2021-11-01,LNGN0006,terminal,0,0,0,0,0.0,0,0.0
2021-11-01,LNGN0008,terminal,1,3,0,0,0.0,0,0.0
2021-11-01,LNGN0013,terminal,0,0,0,0,0.0,0,0.0
2021-11-01,LNGN0017,terminal,0,0,0,0,0.0,0,0.0
2021-11-01,LNGN0025,terminal,0,0,0,0,0.0,0,0.0
2021-11-01,LNGN0026,terminal,1,2,0,0,0.0,0,0.0
2021-11-01,LNGN0027,terminal,1,2,1,2,1.0,0,0.0
2021-11-01,LNGN0031,terminal,0,0,0,0,0.0,0,0.0
2021-11-01,LNGN0035,terminal,1,3,0,0,0.0,1,0.3333333333333333
2021-11-01,LNGN0037,terminal,1,3,0,0,0.0,1,0.3333333333333333
2021-11-01,LNGN0039,terminal,0,0,0,0,0.0,0,0.0
2021-11-01,LNGN0040,terminal,1,1,0,1,1.0,0,0.0
2021-11-01,LNGN0044,terminal,1,1,0,1,1.0,0,0.0
2021-11-01,LNGN0045,terminal,0,0,0,0,0.0,0,0.0
2021-11-01,LNGN0050,terminal,1,3,0,0,0.0,3,1.0
2021-11-01,LNGN0052,terminal,0,0,0,0,0.0,0,0.0
2021-11-01,LNGN0055,terminal,0,0,0,0,0.0,0,0.0
2021-11-01,LNGN0056,terminal,1,1,0,1,1.0,0,0.0
2021-11-01,LNGN0059,terminal,0,0,0,0,0.0,0,0.0
2021-11-01,LNGN0069,terminal,0,0,0,0,0.0,0,0.0
2021-11-01,LNGN0070,terminal,1,3,0,0,0.0,3,1.0
2021-11-01,LNGN0074,terminal,0,0,0,0,0.0,0,0.0
2021-11-01,LNGN0075,terminal,0,0,0,0,0.0,0,0.0
2021-11-01,LNGN0076,terminal,0,0,0,0,0.0,0,0.0
2021-11-01,LNGN0079,terminal,1,2,0,0,0.0,2,1.0
2021-11-01,LNGN0081,terminal,1,1,0,1,1.0,0,0.0
2021-11-01,LNGN0083,terminal,1,2,0,0,0.0,2,1.0
2021-11-01,LNGN0085,terminal,1,2,0,0,0.0,0,0.0
2021-11-01,LNGN0087,terminal,0,0,0,0,0.0,0,0.0
2021-11-01,LNGN0097,terminal,1,1,0,1,1.0,0,0.0
2021-11-01,LNGN0098,terminal,1,1,0,1,1.0,0,0.0
2021-11-01,LNGN0100,terminal,0,0,0,0,0.0,0,0.0
2021-11-01,LNGN0101,terminal,0,0,0,0,0.0,0,0.0
2021-11-01,LNGN0102,terminal,0,0,0,0,0.0,0,0.0
2021-11-01,LNGN0103,terminal,0,0,0,0,0.0,0,0.0
2021-11-01,LNGN0108,terminal,0,0,0,0,0.0,0,0.0
2021-11-01,LNGN0109,terminal,0,0,0,0,0.0,0,0.0
2021-11-01,LNGN0112,terminal,1,1,0,1,1.0,0,0.0
2021-11-01,LNGN0115,terminal,0,0,0,0,0.0,0,0.0
2021-11-01,LNGN0121,terminal,1,4,0,0,0.0,2,0.5
2021-11-01,LNGN0122,terminal,1,1,0,1,1.0,0,0.0
2021-11-01,LNGN0124,terminal,1,4,0,0,0.0,2,0.5
2021-11-01,LNGN0130,terminal,1,2,0,0,0.0,2,1.0
2021-11-01,LNGN0132,terminal,1,2,0,0,0.0,0,0.0
2021-11-01,LNGN0136,terminal,0,0,0,0,0.0,0,0.0
2021-11-01,LNGN0138,terminal,0,0,0,0,0.0,0,0.0
2021-11-01,LNGN0142,terminal,1,2,0,0,0.0,2,1.0
2021-11-01,LNGN0143,terminal,0,0,0,0,0.0,0,0.0
2021-11-01,LNGN0144,terminal,1,2,0,0,0.0,0,0.0
2021-11-01,LNGN0148,terminal,0,0,0,0,0.0,0,0.0
2021-11-01,LNGN0150,terminal,1,1,0,1,1.0,0,0.0
2021-11-01,LNGN0156,terminal,1,2,0,0,0.0,2,1.0
2021-11-01,LNGN0163,terminal,0,0,0,0,0.0,0,0.0
2021-11-01,LNGN0164,terminal,1,1,0,1,1.0,0,0.0
2021-11-01,LNGN0165,terminal,0,0,0,0,0.0,0,0.0
2021-11-01,LNGN0166,terminal,0,0,0,0,0.0,0,0.0
2021-11-01,LNGN0168,terminal,1,2,0,0,0.0,0,0.0
2021-11-01,LNGN0170,terminal,1,2,0,0,0.0,2,1.0
2021-11-01,LNGN0173,terminal,1,2,0,0,0.0,2,1.0
2021-11-01,LNGN0174,terminal,0,0,0,0,0.0,0,0.0
2021-11-01,LNGN0175,terminal,1,1,0,1,1.0,0,0.0
2021-11-01,LNGN0176,terminal,0,0,0,0,0.0,0,0.0
2021-11-01,LNGN0178,terminal,1,2,0,0,0.0,0,0.0
2021-11-01,LNGN0180,terminal,0,0,0,0,0.0,0,0.0
2021-11-01,LNGN0181,terminal,1,2,0,0,0.0,2,1.0
2021-11-01,LNGN0182,terminal,0,0,0,0,0.0,0,0.0
2021-11-01,LNGN0186,terminal,1,1,0,1,1.0,0,0.0
2021-11-01,LNGN0190,terminal,0,0,0,0,0.0,0,0.0
2021-11-01,LNGN0191,terminal,0,0,0,0,0.0,0,0.0
2021-11-01,LNGN0195,terminal,1,1,0,1,1.0,0,0.0
2021-11-01,LNGN0199,terminal,1,2,1,2,1.0,0,0.0
2021-11-01,LNGN0206,terminal,0,0,0,0,0.0,0,0.0
2021-11-01,LNGN0207,terminal,0,0,0,0,0.0,0,0.0
2021-11-01,LNGN0208,terminal,0,0,0,0,0.0,0,0.0
2021-11-01,LNGN0210,terminal,1,1,0,1,1.0,0,0.0
2021-11-01,LNGN0212,terminal,0,0,0,0,0.0,0,0.0
2021-11-01,LNGN0219,terminal,0,0,0,0,0.0,0,0.0
2021-11-01,LNGN0222,terminal,1,1,0,1,1.0,0,0.0
2021-11-01,LNGN0230,terminal,1,1,0,1,1.0,0,0.0
2021-11-01,LNGN0232,terminal,1,2,0,0,0.0,2,1.0
2021-11-01,LNGN0237,terminal,0,0,0,0,0.0,0,0.0
2021-11-01,LNGN0238,terminal,0,0,0,0,0.0,0,0.0
2021-11-01,LNGN0241,terminal,0,0,0,0,0.0,0,0.0
2021-11-01,LNGN0243,terminal,0,0,0,0,0.0,0,0.0
2021-11-01,LNGN0244,terminal,1,1,0,1,1.0,0,0.0
2021-11-01,LNGN0248,terminal,1,1,0,1,1.0,0,0.0
2021-11-01,LNGN0250,terminal,0,0,0,0,0.0,0,0.0
2021-11-01,LNGN0251,terminal,0,0,0,0,0.0,0,0.0
2021-11-01,LNGN0253,terminal,0,0,0,0,0.0,0,0.0
2021-11-01,LNGN0258,terminal,0,0,0,0,0.0,0,0.0
2021-11-01,LNGN0261,terminal,1,4,0,0,0.0,2,0.5
2021-11-01,LNGN0262,terminal,0,0,0,0,0.0,0,0.0
2021-11-01,LNGN0268,terminal,0,0,0,0,0.0,0,0.0
2021-11-01,LNGN0270,terminal,1,2,0,0,0.0,2,1.0
2021-11-01,LNGN0272,terminal,0,0,0,0,0.0,0,0.0
2021-11-01,LNGN0274,terminal,0,0,0,0,0.0,0,0.0
2021-11-01,LNGN0278,terminal,0,0,0,0,0.0,0,0.0
2021-11-01,LNGN0285,terminal,0,0,0,0,0.0,0,0.0
2021-11-01,LNGN0287,terminal,0,0,0,0,0.0,0,0.0
2021-11-01,LNGN0288,terminal,0,0,0,0,0.0,0,0.0
2021-11-01,LNGN0290,terminal,0,0,0,0,0.0,0,0.0
2021-11-01,LNGN0291,terminal,0,0,0,0,0.0,0,0.0
2021-11-01,LNGN0293,terminal,0,0,0,0,0.0,0,0.0
2021-11-01,LNGN0294,terminal,0,0,0,0,0.0,0,0.0
2021-11-01,LNGN0297,terminal,1,1,0,1,1.0,0,0.0
2021-11-01,LNGN0299,terminal,0,0,0,0,0.0,0,0.0
2021-11-01,LNGN0307,terminal,0,0,0,0,0.0,0,0.0
2021-11-01,LNGN0308,terminal,0,0,0,0,0.0,0,0.0
2021-11-01,LNGN0309,terminal,1,1,0,1,1.0,0,0.0
2021-11-01,LNGN0312,terminal,1,1,0,1,1.0,0,0.0
2021-11-01,LNGN0314,terminal,1,2,0,0,0.0,2,1.0
2021-11-01,LNGN0319,terminal,1,1,0,1,1.0,0,0.0
2021-11-01,LNGN0322,terminal,1,1,0,1,1.0,0,0.0
2021-11-01,LNGN0324,terminal,0,0,0,0,0.0,0,0.0
2021-11-01,LNGN0328,terminal,1,2,0,0,0.0,0,0.0
2021-11-01,LNGN0331,terminal,1,1,0,1,1.0,0,0.0
2021-11-01,LNGN0334,terminal,0,0,0,0,0.0,0,0.0
2021-11-01,LNGN0344,terminal,0,0,0,0,0.0,0,0.0
2021-11-01,LNGN0345,terminal,1,6,1,1,0.16666666666666666,1,0.16666666666666666
2021-11-01,LNGN0347,terminal,1,1,0,1,1.0,0,0.0
2021-11-01,LNGN0348,terminal,0,0,0,0,0.0,0,0.0
2021-11-01,LNGN0351,terminal,1,1,0,1,1.0,0,0.0
2021-11-01,LNGN0354,terminal,0,0,0,0,0.0,0,0.0
2021-11-01,LNGN0359,terminal,0,0,0,0,0.0,0,0.0
2021-11-01,LNGN0361,terminal,0,0,0,0,0.0,0,0.0
2021-11-01,LNGN0362,terminal,1,1,0,1,1.0,0,0.0
2021-11-01,LNGN0363,terminal,1,1,0,1,1.0,0,0.0
2021-11-01,LNGN0364,terminal,0,0,0,0,0.0,0,0.0
2021-11-01,LNGN0372,terminal,0,0,0,0,0.0,0,0.0
2021-11-01,LNGN0374,terminal,0,0,0,0,0.0,0,0.0
2021-11-01,LNGN0378,terminal,1,3,1,1,0.3333333333333333,2,0.6666666666666666
2021-11-01,LNGN0381,terminal,1,3,0,0,0.0,3,1.0
2021-11-01,LNGN0382,terminal,1,1,0,1,1.0,0,0.0
2021-11-01,LNGN0385,terminal,1,3,0,0,0.0,3,1.0
2021-11-01,LNGN0391,terminal,0,0,0,0,0.0,0,0.0
2021-11-01,LNGN0398,terminal,0,0,0,0,0.0,0,0.0
2021-11-01,LNGN0405,terminal,0,0,0,0,0.0,0,0.0
2021-11-01,LNGN0421,terminal,1,1,0,1,1.0,0,0.0
2021-11-01,LNGN0423,terminal,0,0,0,0,0.0,0,0.0
2021-11-01,LNGN0425,terminal,0,0,0,0,0.0,0,0.0
2021-11-01,LNGN0426,terminal,1,1,0,1,1.0,0,0.0
2021-11-01,LNGN0427,terminal,1,1,0,1,1.0,0,0.0
2021-11-01,LNGN0428,terminal,0,0,0,0,0.0,0,0.0
2021-11-01,LNGN0429,terminal,0,0,0,0,0.0,0,0.0
2021-11-01,LNGN0435,terminal,1,3,1,3,1.0,0,0.0
2021-11-01,LNGN0437,terminal,0,0,0,0,0.0,0,0.0
2021-11-01,LNGN0441,terminal,1,2,0,0,0.0,2,1.0
2021-11-01,LNGN0442,terminal,0,0,0,0,0.0,0,0.0
2021-11-01,LNGN0447,terminal,0,0,0,0,0.0,0,0.0
2021-11-01,LNGN0449,terminal,1,1,0,1,1.0,0,0.0
2021-11-01,LNGN0452,terminal,1,6,1,1,0.16666666666666666,0,0.0
2021-11-01,LNGN0453,terminal,1,1,0,1,1.0,0,0.0
2021-11-01,LNGN0460,terminal,0,0,0,0,0.0,0,0.0
2021-11-01,LNGN0463,terminal,1,3,0,0,0.0,3,1.0
2021-11-01,LNGN0464,terminal,1,2,0,0,0.0,0,0.0
2021-11-01,LNGN0472,terminal,1,1,0,1,1.0,0,0.0
2021-11-01,LNGN0473,terminal,0,0,0,0,0.0,0,0.0
2021-11-01,LNGN0474,terminal,1,1,0,1,1.0,0,0.0
2021-12-01,CP001,chokepoint,1,3,0,0,0.0,1,0.3333333333333333
2021-12-01,CP002,chokepoint,1,9,1,3,0.3333333333333333,4,0.4444444444444444
2021-12-01,CP004,chokepoint,1,3,1,1,0.3333333333333333,2,0.6666666666666666
2021-12-01,CP005,chokepoint,1,6,1,2,0.3333333333333333,2,0.3333333333333333
2021-12-01,CP006,chokepoint,1,6,1,1,0.16666666666666666,5,0.8333333333333334
2021-12-01,CP007,chokepoint,1,5,1,2,0.4,3,0.6
2021-12-01,CP008,chokepoint,1,16,1,4,0.25,3,0.1875
2021-12-01,CP009,chokepoint,1,12,1,1,0.08333333333333333,2,0.16666666666666666
2021-12-01,CP010,chokepoint,1,7,1,5,0.7142857142857143,0,0.0
2021-12-01,CP011,chokepoint,1,13,1,3,0.23076923076923078,1,0.07692307692307693
2021-12-01,CP012,chokepoint,1,6,0,0,0.0,0,0.0
2021-12-01,CP013,chokepoint,1,3,0,0,0.0,1,0.3333333333333333
2021-12-01,CP014,chokepoint,1,2,0,0,0.0,2,1.0
2021-12-01,CP015,chokepoint,1,5,1,3,0.6,2,0.4
2021-12-01,CP016,chokepoint,1,4,1,2,0.5,2,0.5
2021-12-01,CP017,chokepoint,1,3,1,3,1.0,0,0.0
2021-12-01,CP018,chokepoint,0,0,0,0,0.0,0,0.0
2021-12-01,CP019,chokepoint,1,2,0,0,0.0,2,1.0
2021-12-01,CP020,chokepoint,1,2,0,0,0.0,2,1.0
2021-12-01,CP021,chokepoint,0,0,0,0,0.0,0,0.0
2021-12-01,CP022,chokepoint,1,6,1,1,0.16666666666666666,5,0.8333333333333334
2021-12-01,CP023,chokepoint,0,0,0,0,0.0,0,0.0
2021-12-01,CP024,chokepoint,0,0,0,0,0.0,0,0.0
2021-12-01,CP027,chokepoint,1,3,0,0,0.0,1,0.3333333333333333
2021-12-01,LNGN0004,terminal,0,0,0,0,0.0,0,0.0
2021-12-01,LNGN0006,terminal,0,0,0,0,0.0,0,0.0
2021-12-01,LNGN0008,terminal,1,2,0,0,0.0,2,1.0
2021-12-01,LNGN0013,terminal,0,0,0,0,0.0,0,0.0
2021-12-01,LNGN0017,terminal,0,0,0,0,0.0,0,0.0
2021-12-01,LNGN0025,terminal,0,0,0,0,0.0,0,0.0
2021-12-01,LNGN0026,terminal,1,2,0,0,0.0,2,1.0
2021-12-01,LNGN0027,terminal,1,1,0,1,1.0,0,0.0
2021-12-01,LNGN0031,terminal,0,0,0,0,0.0,0,0.0
2021-12-01,LNGN0035,terminal,1,2,0,0,0.0,2,1.0
2021-12-01,LNGN0037,terminal,1,1,0,1,1.0,0,0.0
2021-12-01,LNGN0039,terminal,0,0,0,0,0.0,0,0.0
2021-12-01,LNGN0040,terminal,1,2,0,0,0.0,0,0.0
2021-12-01,LNGN0044,terminal,1,1,0,1,1.0,0,0.0
2021-12-01,LNGN0045,terminal,0,0,0,0,0.0,0,0.0
2021-12-01,LNGN0050,terminal,1,6,1,1,0.16666666666666666,3,0.5
2021-12-01,LNGN0052,terminal,1,1,0,1,1.0,0,0.0
2021-12-01,LNGN0055,terminal,0,0,0,0,0.0,0,0.0
2021-12-01,LNGN0056,terminal,1,2,0,0,0.0,2,1.0
2021-12-01,LNGN0059,terminal,1,1,0,1,1.0,0,0.0
2021-12-01,LNGN0069,terminal,0,0,0,0,0.0,0,0.0
2021-12-01,LNGN0070,terminal,1,5,0,0,0.0,3,0.6
2021-12-01,LNGN0074,terminal,0,0,0,0,0.0,0,0.0
2021-12-01,LNGN0075,terminal,0,0,0,0,0.0,0,0.0
2021-12-01,LNGN0076,terminal,0,0,0,0,0.0,0,0.0
2021-12-01,LNGN0079,terminal,0,0,0,0,0.0,0,0.0
2021-12-01,LNGN0081,terminal,0,0,0,0,0.0,0,0.0
2021-12-01,LNGN0083,terminal,1,2,0,0,0.0,2,1.0
2021-12-01,LNGN0085,terminal,1,2,0,0,0.0,2,1.0
2021-12-01,LNGN0087,terminal,0,0,0,0,0.0,0,0.0
2021-12-01,LNGN0097,terminal,1,1,0,1,1.0,0,0.0
2021-12-01,LNGN0098,terminal,0,0,0,0,0.0,0,0.0
2021-12-01,LNGN0100,terminal,0,0,0,0,0.0,0,0.0
2021-12-01,LNGN0101,terminal,1,1,0,1,1.0,0,0.0
2021-12-01,LNGN0102,terminal,0,0,0,0,0.0,0,0.0
2021-12-01,LNGN0103,terminal,1,2,0,0,0.0,2,1.0
2021-12-01,LNGN0108,terminal,1,1,0,1,1.0,0,0.0
2021-12-01,LNGN0109,terminal,0,0,0,0,0.0,0,0.0
2021-12-01,LNGN0112,terminal,0,0,0,0,0.0,0,0.0
2021-12-01,LNGN0115,terminal,1,1,0,1,1.0,0,0.0
2021-12-01,LNGN0121,terminal,1,3,0,0,0.0,3,1.0
2021-12-01,LNGN0122,terminal,0,0,0,0,0.0,0,0.0
2021-12-01,LNGN0124,terminal,1,4,0,0,0.0,1,0.25
2021-12-01,LNGN0130,terminal,1,1,0,1,1.0,0,0.0
2021-12-01,LNGN0132,terminal,1,2,0,0,0.0,0,0.0
2021-12-01,LNGN0136,terminal,1,1,0,1,1.0,0,0.0
2021-12-01,LNGN0138,terminal,0,0,0,0,0.0,0,0.0
2021-12-01,LNGN0142,terminal,1,1,0,1,1.0,0,0.0
2021-12-01,LNGN0143,terminal,0,0,0,0,0.0,0,0.0
2021-12-01,LNGN0144,terminal,1,2,0,0,0.0,0,0.0
2021-12-01,LNGN0148,terminal,0,0,0,0,0.0,0,0.0
2021-12-01,LNGN0150,terminal,0,0,0,0,0.0,0,0.0
2021-12-01,LNGN0156,terminal,0,0,0,0,0.0,0,0.0
2021-12-01,LNGN0163,terminal,0,0,0,0,0.0,0,0.0
2021-12-01,LNGN0164,terminal,0,0,0,0,0.0,0,0.0
2021-12-01,LNGN0165,terminal,0,0,0,0,0.0,0,0.0
2021-12-01,LNGN0166,terminal,0,0,0,0,0.0,0,0.0
2021-12-01,LNGN0168,terminal,1,2,0,0,0.0,2,1.0
2021-12-01,LNGN0170,terminal,0,0,0,0,0.0,0,0.0
2021-12-01,LNGN0173,terminal,1,1,0,1,1.0,0,0.0
2021-12-01,LNGN0174,terminal,0,0,0,0,0.0,0,0.0
2021-12-01,LNGN0175,terminal,0,0,0,0,0.0,0,0.0
2021-12-01,LNGN0176,terminal,0,0,0,0,0.0,0,0.0
2021-12-01,LNGN0178,terminal,1,2,0,0,0.0,2,1.0
2021-12-01,LNGN0180,terminal,0,0,0,0,0.0,0,0.0
2021-12-01,LNGN0181,terminal,1,2,0,0,0.0,0,0.0
2021-12-01,LNGN0182,terminal,0,0,0,0,0.0,0,0.0
2021-12-01,LNGN0186,terminal,1,4,0,0,0.0,2,0.5
2021-12-01,LNGN0190,terminal,0,0,0,0,0.0,0,0.0
2021-12-01,LNGN0191,terminal,0,0,0,0,0.0,0,0.0
2021-12-01,LNGN0195,terminal,1,1,0,1,1.0,0,0.0
2021-12-01,LNGN0199,terminal,0,0,0,0,0.0,0,0.0
2021-12-01,LNGN0206,terminal,0,0,0,0,0.0,0,0.0
2021-12-01,LNGN0207,terminal,1,1,0,1,1.0,0,0.0
2021-12-01,LNGN0208,terminal,0,0,0,0,0.0,0,0.0
2021-12-01,LNGN0210,terminal,0,0,0,0,0.0,0,0.0
2021-12-01,LNGN0212,terminal,1,1,0,1,1.0,0,0.0
2021-12-01,LNGN0219,terminal,0,0,0,0,0.0,0,0.0
2021-12-01,LNGN0222,terminal,1,1,0,1,1.0,0,0.0
2021-12-01,LNGN0230,terminal,0,0,0,0,0.0,0,0.0
2021-12-01,LNGN0232,terminal,1,1,0,1,1.0,0,0.0
2021-12-01,LNGN0237,terminal,1,1,0,1,1.0,0,0.0
2021-12-01,LNGN0238,terminal,0,0,0,0,0.0,0,0.0
2021-12-01,LNGN0241,terminal,0,0,0,0,0.0,0,0.0
2021-12-01,LNGN0243,terminal,0,0,0,0,0.0,0,0.0
2021-12-01,LNGN0244,terminal,1,3,0,0,0.0,3,1.0
2021-12-01,LNGN0248,terminal,1,2,0,0,0.0,2,1.0
2021-12-01,LNGN0250,terminal,0,0,0,0,0.0,0,0.0
2021-12-01,LNGN0251,terminal,1,1,0,1,1.0,0,0.0
2021-12-01,LNGN0253,terminal,0,0,0,0,0.0,0,0.0
2021-12-01,LNGN0258,terminal,0,0,0,0,0.0,0,0.0
2021-12-01,LNGN0261,terminal,1,6,0,0,0.0,4,0.6666666666666666
2021-12-01,LNGN0262,terminal,0,0,0,0,0.0,0,0.0
2021-12-01,LNGN0268,terminal,0,0,0,0,0.0,0,0.0
2021-12-01,LNGN0270,terminal,1,2,0,0,0.0,2,1.0
2021-12-01,LNGN0272,terminal,0,0,0,0,0.0,0,0.0
2021-12-01,LNGN0274,terminal,0,0,0,0,0.0,0,0.0
2021-12-01,LNGN0278,terminal,0,0,0,0,0.0,0,0.0
2021-12-01,LNGN0285,terminal,0,0,0,0,0.0,0,0.0
2021-12-01,LNGN0287,terminal,0,0,0,0,0.0,0,0.0
2021-12-01,LNGN0288,terminal,0,0,0,0,0.0,0,0.0
2021-12-01,LNGN0290,terminal,0,0,0,0,0.0,0,0.0
2021-12-01,LNGN0291,terminal,0,0,0,0,0.0,0,0.0
2021-12-01,LNGN0293,terminal,0,0,0,0,0.0,0,0.0
2021-12-01,LNGN0294,terminal,0,0,0,0,0.0,0,0.0
2021-12-01,LNGN0297,terminal,1,2,0,0,0.0,2,1.0
2021-12-01,LNGN0299,terminal,0,0,0,0,0.0,0,0.0
2021-12-01,LNGN0307,terminal,0,0,0,0,0.0,0,0.0
2021-12-01,LNGN0308,terminal,0,0,0,0,0.0,0,0.0
2021-12-01,LNGN0309,terminal,0,0,0,0,0.0,0,0.0
2021-12-01,LNGN0312,terminal,0,0,0,0,0.0,0,0.0
2021-12-01,LNGN0314,terminal,1,2,0,0,0.0,0,0.0
2021-12-01,LNGN0319,terminal,0,0,0,0,0.0,0,0.0
2021-12-01,LNGN0322,terminal,1,2,1,2,1.0,0,0.0
2021-12-01,LNGN0324,terminal,0,0,0,0,0.0,0,0.0
2021-12-01,LNGN0328,terminal,1,2,0,0,0.0,2,1.0
2021-12-01,LNGN0331,terminal,1,1,0,1,1.0,0,0.0
2021-12-01,LNGN0334,terminal,1,1,0,1,1.0,0,0.0
2021-12-01,LNGN0344,terminal,0,0,0,0,0.0,0,0.0
2021-12-01,LNGN0345,terminal,1,6,0,0,0.0,2,0.3333333333333333
2021-12-01,LNGN0347,terminal,1,1,0,1,1.0,0,0.0
2021-12-01,LNGN0348,terminal,0,0,0,0,0.0,0,0.0
2021-12-01,LNGN0351,terminal,1,1,0,1,1.0,0,0.0
2021-12-01,LNGN0354,terminal,0,0,0,0,0.0,0,0.0
2021-12-01,LNGN0359,terminal,0,0,0,0,0.0,0,0.0
2021-12-01,LNGN0361,terminal,0,0,0,0,0.0,0,0.0
2021-12-01,LNGN0362,terminal,1,1,0,1,1.0,0,0.0
2021-12-01,LNGN0363,terminal,1,1,0,1,1.0,0,0.0
2021-12-01,LNGN0364,terminal,0,0,0,0,0.0,0,0.0
2021-12-01,LNGN0372,terminal,0,0,0,0,0.0,0,0.0
2021-12-01,LNGN0374,terminal,1,3,0,0,0.0,3,1.0
2021-12-01,LNGN0378,terminal,1,3,1,1,0.3333333333333333,2,0.6666666666666666
2021-12-01,LNGN0381,terminal,1,2,0,0,0.0,2,1.0
2021-12-01,LNGN0382,terminal,0,0,0,0,0.0,0,0.0
2021-12-01,LNGN0385,terminal,1,7,0,0,0.0,2,0.2857142857142857
2021-12-01,LNGN0391,terminal,0,0,0,0,0.0,0,0.0
2021-12-01,LNGN0398,terminal,1,1,0,1,1.0,0,0.0
2021-12-01,LNGN0405,terminal,0,0,0,0,0.0,0,0.0
2021-12-01,LNGN0421,terminal,1,1,0,1,1.0,0,0.0
2021-12-01,LNGN0423,terminal,0,0,0,0,0.0,0,0.0
2021-12-01,LNGN0425,terminal,0,0,0,0,0.0,0,0.0
2021-12-01,LNGN0426,terminal,1,2,0,0,0.0,0,0.0
2021-12-01,LNGN0427,terminal,1,1,0,1,1.0,0,0.0
2021-12-01,LNGN0428,terminal,1,2,1,2,1.0,0,0.0
2021-12-01,LNGN0429,terminal,0,0,0,0,0.0,0,0.0
2021-12-01,LNGN0435,terminal,1,3,1,3,1.0,0,0.0
2021-12-01,LNGN0437,terminal,1,2,0,0,0.0,0,0.0
2021-12-01,LNGN0441,terminal,1,1,0,1,1.0,0,0.0
2021-12-01,LNGN0442,terminal,0,0,0,0,0.0,0,0.0
2021-12-01,LNGN0447,terminal,0,0,0,0,0.0,0,0.0
2021-12-01,LNGN0449,terminal,1,1,0,1,1.0,0,0.0
2021-12-01,LNGN0452,terminal,1,6,0,0,0.0,2,0.3333333333333333
2021-12-01,LNGN0453,terminal,1,1,0,1,1.0,0,0.0
2021-12-01,LNGN0460,terminal,1,2,1,2,1.0,0,0.0
2021-12-01,LNGN0463,terminal,1,3,0,0,0.0,0,0.0
2021-12-01,LNGN0464,terminal,1,2,0,0,0.0,0,0.0
2021-12-01,LNGN0472,terminal,1,1,0,1,1.0,0,0.0
2021-12-01,LNGN0473,terminal,0,0,0,0,0.0,0,0.0
2021-12-01,LNGN0474,terminal,1,1,0,1,1.0,0,0.0
2022-01-01,CP001,chokepoint,1,3,1,1,0.3333333333333333,2,0.6666666666666666
2022-01-01,CP002,chokepoint,1,4,1,2,0.5,2,0.5
2022-01-01,CP004,chokepoint,1,2,0,0,0.0,2,1.0
2022-01-01,CP005,chokepoint,1,6,1,1,0.16666666666666666,5,0.8333333333333334
2022-01-01,CP006,chokepoint,1,7,1,4,0.5714285714285714,3,0.42857142857142855
2022-01-01,CP007,chokepoint,1,6,1,2,0.3333333333333333,4,0.6666666666666666
2022-01-01,CP008,chokepoint,1,17,1,5,0.29411764705882354,6,0.35294117647058826
2022-01-01,CP009,chokepoint,1,12,1,2,0.16666666666666666,1,0.08333333333333333
2022-01-01,CP010,chokepoint,1,2,1,2,1.0,0,0.0
2022-01-01,CP011,chokepoint,1,8,1,2,0.25,6,0.75
2022-01-01,CP012,chokepoint,1,7,1,2,0.2857142857142857,5,0.7142857142857143
2022-01-01,CP013,chokepoint,1,2,0,0,0.0,2,1.0
2022-01-01,CP014,chokepoint,1,10,1,1,0.1,9,0.9
2022-01-01,CP015,chokepoint,1,5,0,0,0.0,5,1.0
2022-01-01,CP016,chokepoint,1,7,0,0,0.0,7,1.0
2022-01-01,CP017,chokepoint,1,3,1,3,1.0,0,0.0
2022-01-01,CP018,chokepoint,1,2,0,0,0.0,2,1.0
2022-01-01,CP019,chokepoint,1,4,0,0,0.0,4,1.0
2022-01-01,CP020,chokepoint,1,2,0,0,0.0,2,1.0
2022-01-01,CP021,chokepoint,1,2,1,2,1.0,0,0.0
2022-01-01,CP022,chokepoint,1,7,1,2,0.2857142857142857,5,0.7142857142857143
2022-01-01,CP023,chokepoint,0,0,0,0,0.0,0,0.0
2022-01-01,CP024,chokepoint,0,0,0,0,0.0,0,0.0
2022-01-01,CP027,chokepoint,1,6,1,1,0.16666666666666666,5,0.8333333333333334
2022-01-01,LNGN0004,terminal,0,0,0,0,0.0,0,0.0
2022-01-01,LNGN0006,terminal,0,0,0,0,0.0,0,0.0
2022-01-01,LNGN0008,terminal,0,0,0,0,0.0,0,0.0
2022-01-01,LNGN0013,terminal,0,0,0,0,0.0,0,0.0
2022-01-01,LNGN0017,terminal,0,0,0,0,0.0,0,0.0
2022-01-01,LNGN0025,terminal,0,0,0,0,0.0,0,0.0
2022-01-01,LNGN0026,terminal,1,2,0,0,0.0,2,1.0
2022-01-01,LNGN0027,terminal,1,1,0,1,1.0,0,0.0
2022-01-01,LNGN0031,terminal,0,0,0,0,0.0,0,0.0
2022-01-01,LNGN0035,terminal,1,1,0,1,1.0,0,0.0
2022-01-01,LNGN0037,terminal,1,3,0,0,0.0,3,1.0
2022-01-01,LNGN0039,terminal,0,0,0,0,0.0,0,0.0
2022-01-01,LNGN0040,terminal,1,2,0,0,0.0,2,1.0
2022-01-01,LNGN0044,terminal,0,0,0,0,0.0,0,0.0
2022-01-01,LNGN0045,terminal,0,0,0,0,0.0,0,0.0
2022-01-01,LNGN0050,terminal,1,5,0,0,0.0,3,0.6
2022-01-01,LNGN0052,terminal,1,1,0,1,1.0,0,0.0
2022-01-01,LNGN0055,terminal,0,0,0,0,0.0,0,0.0
2022-01-01,LNGN0056,terminal,1,1,0,1,1.0,0,0.0
2022-01-01,LNGN0059,terminal,0,0,0,0,0.0,0,0.0
2022-01-01,LNGN0069,terminal,0,0,0,0,0.0,0,0.0
2022-01-01,LNGN0070,terminal,1,6,0,0,0.0,2,0.3333333333333333
2022-01-01,LNGN0074,terminal,1,1,0,1,1.0,0,0.0
2022-01-01,LNGN0075,terminal,0,0,0,0,0.0,0,0.0
2022-01-01,LNGN0076,terminal,0,0,0,0,0.0,0,0.0
2022-01-01,LNGN0079,terminal,1,1,0,1,1.0,0,0.0
2022-01-01,LNGN0081,terminal,0,0,0,0,0.0,0,0.0
2022-01-01,LNGN0083,terminal,0,0,0,0,0.0,0,0.0
2022-01-01,LNGN0085,terminal,1,1,0,1,1.0,0,0.0
2022-01-01,LNGN0087,terminal,0,0,0,0,0.0,0,0.0
2022-01-01,LNGN0097,terminal,1,1,0,1,1.0,0,0.0
2022-01-01,LNGN0098,terminal,0,0,0,0,0.0,0,0.0
2022-01-01,LNGN0100,terminal,0,0,0,0,0.0,0,0.0
2022-01-01,LNGN0101,terminal,0,0,0,0,0.0,0,0.0
2022-01-01,LNGN0102,terminal,0,0,0,0,0.0,0,0.0
2022-01-01,LNGN0103,terminal,0,0,0,0,0.0,0,0.0
2022-01-01,LNGN0108,terminal,0,0,0,0,0.0,0,0.0
2022-01-01,LNGN0109,terminal,0,0,0,0,0.0,0,0.0
2022-01-01,LNGN0112,terminal,0,0,0,0,0.0,0,0.0
2022-01-01,LNGN0115,terminal,0,0,0,0,0.0,0,0.0
2022-01-01,LNGN0121,terminal,1,3,0,0,0.0,3,1.0
2022-01-01,LNGN0122,terminal,0,0,0,0,0.0,0,0.0
2022-01-01,LNGN0124,terminal,1,4,0,0,0.0,1,0.25
2022-01-01,LNGN0130,terminal,1,1,0,1,1.0,0,0.0
2022-01-01,LNGN0132,terminal,1,2,0,0,0.0,0,0.0
2022-01-01,LNGN0136,terminal,0,0,0,0,0.0,0,0.0
2022-01-01,LNGN0138,terminal,0,0,0,0,0.0,0,0.0
2022-01-01,LNGN0142,terminal,1,2,0,0,0.0,2,1.0
2022-01-01,LNGN0143,terminal,0,0,0,0,0.0,0,0.0
2022-01-01,LNGN0144,terminal,1,2,0,0,0.0,0,0.0
2022-01-01,LNGN0148,terminal,0,0,0,0,0.0,0,0.0
2022-01-01,LNGN0150,terminal,0,0,0,0,0.0,0,0.0
2022-01-01,LNGN0156,terminal,0,0,0,0,0.0,0,0.0
2022-01-01,LNGN0163,terminal,1,1,0,1,1.0,0,0.0
2022-01-01,LNGN0164,terminal,0,0,0,0,0.0,0,0.0
2022-01-01,LNGN0165,terminal,0,0,0,0,0.0,0,0.0
2022-01-01,LNGN0166,terminal,0,0,0,0,0.0,0,0.0
2022-01-01,LNGN0168,terminal,1,2,0,0,0.0,2,1.0
2022-01-01,LNGN0170,terminal,1,2,0,0,0.0,2,1.0
2022-01-01,LNGN0173,terminal,1,2,0,0,0.0,2,1.0
2022-01-01,LNGN0174,terminal,0,0,0,0,0.0,0,0.0
2022-01-01,LNGN0175,terminal,0,0,0,0,0.0,0,0.0
2022-01-01,LNGN0176,terminal,0,0,0,0,0.0,0,0.0
2022-01-01,LNGN0178,terminal,1,3,0,0,0.0,3,1.0
2022-01-01,LNGN0180,terminal,0,0,0,0,0.0,0,0.0
2022-01-01,LNGN0181,terminal,1,2,0,0,0.0,2,1.0
2022-01-01,LNGN0182,terminal,0,0,0,0,0.0,0,0.0
2022-01-01,LNGN0186,terminal,1,2,0,0,0.0,2,1.0
2022-01-01,LNGN0190,terminal,0,0,0,0,0.0,0,0.0
2022-01-01,LNGN0191,terminal,0,0,0,0,0.0,0,0.0
2022-01-01,LNGN0195,terminal,0,0,0,0,0.0,0,0.0
2022-01-01,LNGN0199,terminal,0,0,0,0,0.0,0,0.0
2022-01-01,LNGN0206,terminal,0,0,0,0,0.0,0,0.0
2022-01-01,LNGN0207,terminal,1,1,0,1,1.0,0,0.0
2022-01-01,LNGN0208,terminal,0,0,0,0,0.0,0,0.0
2022-01-01,LNGN0210,terminal,1,1,0,1,1.0,0,0.0
2022-01-01,LNGN0212,terminal,0,0,0,0,0.0,0,0.0
2022-01-01,LNGN0219,terminal,0,0,0,0,0.0,0,0.0
2022-01-01,LNGN0222,terminal,0,0,0,0,0.0,0,0.0
2022-01-01,LNGN0230,terminal,1,3,0,0,0.0,3,1.0
2022-01-01,LNGN0232,terminal,1,1,0,1,1.0,0,0.0
2022-01-01,LNGN0237,terminal,0,0,0,0,0.0,0,0.0
2022-01-01,LNGN0238,terminal,0,0,0,0,0.0,0,0.0
2022-01-01,LNGN0241,terminal,0,0,0,0,0.0,0,0.0
2022-01-01,LNGN0243,terminal,0,0,0,0,0.0,0,0.0
2022-01-01,LNGN0244,terminal,1,4,0,0,0.0,1,0.25
2022-01-01,LNGN0248,terminal,1,1,0,1,1.0,0,0.0
2022-01-01,LNGN0250,terminal,0,0,0,0,0.0,0,0.0
2022-01-01,LNGN0251,terminal,1,1,0,1,1.0,0,0.0
2022-01-01,LNGN0253,terminal,0,0,0,0,0.0,0,0.0
2022-01-01,LNGN0258,terminal,1,1,0,1,1.0,0,0.0
2022-01-01,LNGN0261,terminal,1,5,1,1,0.2,4,0.8
2022-01-01,LNGN0262,terminal,0,0,0,0,0.0,0,0.0
2022-01-01,LNGN0268,terminal,0,0,0,0,0.0,0,0.0
2022-01-01,LNGN0270,terminal,1,1,0,1,1.0,0,0.0
2022-01-01,LNGN0272,terminal,0,0,0,0,0.0,0,0.0
2022-01-01,LNGN0274,terminal,0,0,0,0,0.0,0,0.0
2022-01-01,LNGN0278,terminal,0,0,0,0,0.0,0,0.0
2022-01-01,LNGN0285,terminal,0,0,0,0,0.0,0,0.0
2022-01-01,LNGN0287,terminal,0,0,0,0,0.0,0,0.0
2022-01-01,LNGN0288,terminal,0,0,0,0,0.0,0,0.0
2022-01-01,LNGN0290,terminal,0,0,0,0,0.0,0,0.0
2022-01-01,LNGN0291,terminal,0,0,0,0,0.0,0,0.0
2022-01-01,LNGN0293,terminal,0,0,0,0,0.0,0,0.0
2022-01-01,LNGN0294,terminal,0,0,0,0,0.0,0,0.0
2022-01-01,LNGN0297,terminal,1,2,0,0,0.0,2,1.0
2022-01-01,LNGN0299,terminal,0,0,0,0,0.0,0,0.0
2022-01-01,LNGN0307,terminal,1,1,0,1,1.0,0,0.0
2022-01-01,LNGN0308,terminal,0,0,0,0,0.0,0,0.0
2022-01-01,LNGN0309,terminal,0,0,0,0,0.0,0,0.0
2022-01-01,LNGN0312,terminal,1,4,1,1,0.25,3,0.75
2022-01-01,LNGN0314,terminal,1,2,0,0,0.0,2,1.0
2022-01-01,LNGN0319,terminal,0,0,0,0,0.0,0,0.0
2022-01-01,LNGN0322,terminal,1,2,0,0,0.0,2,1.0
2022-01-01,LNGN0324,terminal,1,1,0,1,1.0,0,0.0
2022-01-01,LNGN0328,terminal,1,1,0,1,1.0,0,0.0
2022-01-01,LNGN0331,terminal,1,2,0,0,0.0,2,1.0
2022-01-01,LNGN0334,terminal,0,0,0,0,0.0,0,0.0
2022-01-01,LNGN0344,terminal,0,0,0,0,0.0,0,0.0
2022-01-01,LNGN0345,terminal,1,7,0,0,0.0,3,0.42857142857142855
2022-01-01,LNGN0347,terminal,1,1,0,1,1.0,0,0.0
2022-01-01,LNGN0348,terminal,0,0,0,0,0.0,0,0.0
2022-01-01,LNGN0351,terminal,1,1,0,1,1.0,0,0.0
2022-01-01,LNGN0354,terminal,1,1,0,1,1.0,0,0.0
2022-01-01,LNGN0359,terminal,1,2,0,0,0.0,2,1.0
2022-01-01,LNGN0361,terminal,0,0,0,0,0.0,0,0.0
2022-01-01,LNGN0362,terminal,0,0,0,0,0.0,0,0.0
2022-01-01,LNGN0363,terminal,0,0,0,0,0.0,0,0.0
2022-01-01,LNGN0364,terminal,0,0,0,0,0.0,0,0.0
2022-01-01,LNGN0372,terminal,0,0,0,0,0.0,0,0.0
2022-01-01,LNGN0374,terminal,1,3,1,1,0.3333333333333333,2,0.6666666666666666
2022-01-01,LNGN0378,terminal,1,2,0,0,0.0,2,1.0
2022-01-01,LNGN0381,terminal,1,2,0,0,0.0,2,1.0
2022-01-01,LNGN0382,terminal,0,0,0,0,0.0,0,0.0
2022-01-01,LNGN0385,terminal,1,6,0,0,0.0,1,0.16666666666666666
2022-01-01,LNGN0391,terminal,0,0,0,0,0.0,0,0.0
2022-01-01,LNGN0398,terminal,0,0,0,0,0.0,0,0.0
2022-01-01,LNGN0405,terminal,0,0,0,0,0.0,0,0.0
2022-01-01,LNGN0421,terminal,1,1,0,1,1.0,0,0.0
2022-01-01,LNGN0423,terminal,1,1,0,1,1.0,0,0.0
2022-01-01,LNGN0425,terminal,0,0,0,0,0.0,0,0.0
2022-01-01,LNGN0426,terminal,0,0,0,0,0.0,0,0.0
2022-01-01,LNGN0427,terminal,1,1,0,1,1.0,0,0.0
2022-01-01,LNGN0428,terminal,1,1,0,1,1.0,0,0.0
2022-01-01,LNGN0429,terminal,0,0,0,0,0.0,0,0.0
2022-01-01,LNGN0435,terminal,1,2,1,2,1.0,0,0.0
2022-01-01,LNGN0437,terminal,1,1,0,1,1.0,0,0.0
2022-01-01,LNGN0441,terminal,1,2,0,0,0.0,2,1.0
2022-01-01,LNGN0442,terminal,0,0,0,0,0.0,0,0.0
2022-01-01,LNGN0447,terminal,0,0,0,0,0.0,0,0.0
2022-01-01,LNGN0449,terminal,1,1,0,1,1.0,0,0.0
2022-01-01,LNGN0452,terminal,1,5,0,0,0.0,1,0.2
2022-01-01,LNGN0453,terminal,0,0,0,0,0.0,0,0.0
2022-01-01,LNGN0460,terminal,1,2,0,0,0.0,2,1.0
2022-01-01,LNGN0463,terminal,1,2,0,0,0.0,2,1.0
2022-01-01,LNGN0464,terminal,1,2,0,0,0.0,0,0.0
2022-01-01,LNGN0472,terminal,0,0,0,0,0.0,0,0.0
2022-01-01,LNGN0473,terminal,1,1,0,1,1.0,0,0.0
2022-01-01,LNGN0474,terminal,1,1,0,1,1.0,0,0.0
2022-02-01,CP001,chokepoint,1,2,0,0,0.0,2,1.0
2022-02-01,CP002,chokepoint,1,6,1,1,0.16666666666666666,5,0.8333333333333334
2022-02-01,CP004,chokepoint,1,3,1,1,0.3333333333333333,2,0.6666666666666666
2022-02-01,CP005,chokepoint,1,6,1,2,0.3333333333333333,2,0.3333333333333333
2022-02-01,CP006,chokepoint,1,5,1,3,0.6,2,0.4
2022-02-01,CP007,chokepoint,1,4,1,2,0.5,2,0.5
2022-02-01,CP008,chokepoint,1,18,1,11,0.6111111111111112,3,0.16666666666666666
2022-02-01,CP009,chokepoint,1,10,1,1,0.1,2,0.2
2022-02-01,CP010,chokepoint,1,3,1,1,0.3333333333333333,2,0.6666666666666666
2022-02-01,CP011,chokepoint,1,11,1,4,0.36363636363636365,3,0.2727272727272727
2022-02-01,CP012,chokepoint,1,5,1,1,0.2,0,0.0
2022-02-01,CP013,chokepoint,1,3,0,0,0.0,1,0.3333333333333333
2022-02-01,CP014,chokepoint,1,6,1,3,0.5,3,0.5
2022-02-01,CP015,chokepoint,1,4,0,0,0.0,4,1.0
2022-02-01,CP016,chokepoint,1,8,1,4,0.5,4,0.5
2022-02-01,CP017,chokepoint,1,2,1,2,1.0,0,0.0
2022-02-01,CP018,chokepoint,0,0,0,0,0.0,0,0.0
2022-02-01,CP019,chokepoint,1,3,1,1,0.3333333333333333,2,0.6666666666666666
2022-02-01,CP020,chokepoint,1,2,0,0,0.0,2,1.0
2022-02-01,CP021,chokepoint,1,2,1,2,1.0,0,0.0
2022-02-01,CP022,chokepoint,1,5,0,0,0.0,5,1.0
2022-02-01,CP023,chokepoint,0,0,0,0,0.0,0,0.0
2022-02-01,CP024,chokepoint,0,0,0,0,0.0,0,0.0
2022-02-01,CP027,chokepoint,1,4,1,1,0.25,3,0.75
2022-02-01,LNGN0004,terminal,0,0,0,0,0.0,0,0.0
2022-02-01,LNGN0006,terminal,0,0,0,0,0.0,0,0.0
2022-02-01,LNGN0008,terminal,1,1,0,1,1.0,0,0.0
2022-02-01,LNGN0013,terminal,0,0,0,0,0.0,0,0.0
2022-02-01,LNGN0017,terminal,0,0,0,0,0.0,0,0.0
2022-02-01,LNGN0025,terminal,0,0,0,0,0.0,0,0.0
2022-02-01,LNGN0026,terminal,1,1,0,1,1.0,0,0.0
2022-02-01,LNGN0027,terminal,1,2,1,2,1.0,0,0.0
2022-02-01,LNGN0031,terminal,0,0,0,0,0.0,0,0.0
2022-02-01,LNGN0035,terminal,1,1,0,1,1.0,0,0.0
2022-02-01,LNGN0037,terminal,1,2,0,0,0.0,0,0.0
2022-02-01,LNGN0039,terminal,0,0,0,0,0.0,0,0.0
2022-02-01,LNGN0040,terminal,0,0,0,0,0.0,0,0.0
2022-02-01,LNGN0044,terminal,0,0,0,0,0.0,0,0.0
2022-02-01,LNGN0045,terminal,0,0,0,0,0.0,0,0.0
2022-02-01,LNGN0050,terminal,1,4,0,0,0.0,4,1.0
2022-02-01,LNGN0052,terminal,0,0,0,0,0.0,0,0.0
2022-02-01,LNGN0055,terminal,0,0,0,0,0.0,0,0.0
2022-02-01,LNGN0056,terminal,1,1,0,1,1.0,0,0.0
2022-02-01,LNGN0059,terminal,0,0,0,0,0.0,0,0.0
2022-02-01,LNGN0069,terminal,0,0,0,0,0.0,0,0.0
2022-02-01,LNGN0070,terminal,1,8,0,0,0.0,4,0.5
2022-02-01,LNGN0074,terminal,1,1,0,1,1.0,0,0.0
2022-02-01,LNGN0075,terminal,0,0,0,0,0.0,0,0.0
2022-02-01,LNGN0076,terminal,0,0,0,0,0.0,0,0.0
2022-02-01,LNGN0079,terminal,0,0,0,0,0.0,0,0.0
2022-02-01,LNGN0081,terminal,0,0,0,0,0.0,0,0.0
2022-02-01,LNGN0083,terminal,0,0,0,0,0.0,0,0.0
2022-02-01,LNGN0085,terminal,1,1,0,1,1.0,0,0.0
2022-02-01,LNGN0087,terminal,0,0,0,0,0.0,0,0.0
2022-02-01,LNGN0097,terminal,1,1,0,1,1.0,0,0.0
2022-02-01,LNGN0098,terminal,1,1,0,1,1.0,0,0.0
2022-02-01,LNGN0100,terminal,0,0,0,0,0.0,0,0.0
2022-02-01,LNGN0101,terminal,0,0,0,0,0.0,0,0.0
2022-02-01,LNGN0102,terminal,0,0,0,0,0.0,0,0.0
2022-02-01,LNGN0103,terminal,1,1,0,1,1.0,0,0.0
2022-02-01,LNGN0108,terminal,1,1,0,1,1.0,0,0.0
2022-02-01,LNGN0109,terminal,0,0,0,0,0.0,0,0.0
2022-02-01,LNGN0112,terminal,0,0,0,0,0.0,0,0.0
2022-02-01,LNGN0115,terminal,0,0,0,0,0.0,0,0.0
2022-02-01,LNGN0121,terminal,1,2,1,2,1.0,0,0.0
2022-02-01,LNGN0122,terminal,0,0,0,0,0.0,0,0.0
2022-02-01,LNGN0124,terminal,1,4,0,0,0.0,2,0.5
2022-02-01,LNGN0130,terminal,1,1,0,1,1.0,0,0.0
2022-02-01,LNGN0132,terminal,1,2,0,0,0.0,0,0.0
2022-02-01,LNGN0136,terminal,1,1,0,1,1.0,0,0.0
2022-02-01,LNGN0138,terminal,0,0,0,0,0.0,0,0.0
2022-02-01,LNGN0142,terminal,1,2,0,0,0.0,2,1.0
2022-02-01,LNGN0143,terminal,0,0,0,0,0.0,0,0.0
2022-02-01,LNGN0144,terminal,0,0,0,0,0.0,0,0.0
2022-02-01,LNGN0148,terminal,0,0,0,0,0.0,0,0.0
2022-02-01,LNGN0150,terminal,0,0,0,0,0.0,0,0.0
2022-02-01,LNGN0156,terminal,1,1,0,1,1.0,0,0.0
2022-02-01,LNGN0163,terminal,0,0,0,0,0.0,0,0.0
2022-02-01,LNGN0164,terminal,0,0,0,0,0.0,0,0.0
2022-02-01,LNGN0165,terminal,0,0,0,0,0.0,0,0.0
2022-02-01,LNGN0166,terminal,0,0,0,0,0.0,0,0.0
2022-02-01,LNGN0168,terminal,1,1,0,1,1.0,0,0.0
2022-02-01,LNGN0170,terminal,1,1,0,1,1.0,0,0.0
2022-02-01,LNGN0173,terminal,1,1,0,1,1.0,0,0.0
2022-02-01,LNGN0174,terminal,0,0,0,0,0.0,0,0.0
2022-02-01,LNGN0175,terminal,0,0,0,0,0.0,0,0.0
2022-02-01,LNGN0176,terminal,0,0,0,0,0.0,0,0.0
2022-02-01,LNGN0178,terminal,1,2,0,0,0.0,2,1.0
2022-02-01,LNGN0180,terminal,0,0,0,0,0.0,0,0.0
2022-02-01,LNGN0181,terminal,1,1,0,1,1.0,0,0.0
2022-02-01,LNGN0182,terminal,0,0,0,0,0.0,0,0.0
2022-02-01,LNGN0186,terminal,1,1,0,1,1.0,0,0.0
2022-02-01,LNGN0190,terminal,0,0,0,0,0.0,0,0.0
2022-02-01,LNGN0191,terminal,0,0,0,0,0.0,0,0.0
2022-02-01,LNGN0195,terminal,1,1,0,1,1.0,0,0.0
2022-02-01,LNGN0199,terminal,1,1,0,1,1.0,0,0.0
2022-02-01,LNGN0206,terminal,0,0,0,0,0.0,0,0.0
2022-02-01,LNGN0207,terminal,1,1,0,1,1.0,0,0.0
2022-02-01,LNGN0208,terminal,0,0,0,0,0.0,0,0.0
2022-02-01,LNGN0210,terminal,0,0,0,0,0.0,0,0.0
2022-02-01,LNGN0212,terminal,0,0,0,0,0.0,0,0.0
2022-02-01,LNGN0219,terminal,0,0,0,0,0.0,0,0.0
2022-02-01,LNGN0222,terminal,0,0,0,0,0.0,0,0.0
2022-02-01,LNGN0230,terminal,1,3,0,0,0.0,1,0.3333333333333333
2022-02-01,LNGN0232,terminal,1,2,1,2,1.0,0,0.0
2022-02-01,LNGN0237,terminal,0,0,0,0,0.0,0,0.0
2022-02-01,LNGN0238,terminal,0,0,0,0,0.0,0,0.0
2022-02-01,LNGN0241,terminal,0,0,0,0,0.0,0,0.0
2022-02-01,LNGN0243,terminal,0,0,0,0,0.0,0,0.0
2022-02-01,LNGN0244,terminal,1,2,0,0,0.0,0,0.0
2022-02-01,LNGN0248,terminal,1,1,0,1,1.0,0,0.0
2022-02-01,LNGN0250,terminal,0,0,0,0,0.0,0,0.0
2022-02-01,LNGN0251,terminal,0,0,0,0,0.0,0,0.0
2022-02-01,LNGN0253,terminal,0,0,0,0,0.0,0,0.0
2022-02-01,LNGN0258,terminal,0,0,0,0,0.0,0,0.0
2022-02-01,LNGN0261,terminal,1,4,0,0,0.0,4,1.0
2022-02-01,LNGN0262,terminal,0,0,0,0,0.0,0,0.0
2022-02-01,LNGN0268,terminal,0,0,0,0,0.0,0,0.0
2022-02-01,LNGN0270,terminal,1,2,0,0,0.0,2,1.0
2022-02-01,LNGN0272,terminal,0,0,0,0,0.0,0,0.0
2022-02-01,LNGN0274,terminal,1,1,0,1,1.0,0,0.0
2022-02-01,LNGN0278,terminal,0,0,0,0,0.0,0,0.0
2022-02-01,LNGN0285,terminal,0,0,0,0,0.0,0,0.0
2022-02-01,LNGN0287,terminal,1,1,0,1,1.0,0,0.0
2022-02-01,LNGN0288,terminal,0,0,0,0,0.0,0,0.0
2022-02-01,LNGN0290,terminal,0,0,0,0,0.0,0,0.0
2022-02-01,LNGN0291,terminal,0,0,0,0,0.0,0,0.0
2022-02-01,LNGN0293,terminal,0,0,0,0,0.0,0,0.0
2022-02-01,LNGN0294,terminal,0,0,0,0,0.0,0,0.0
2022-02-01,LNGN0297,terminal,1,2,0,0,0.0,2,1.0
2022-02-01,LNGN0299,terminal,0,0,0,0,0.0,0,0.0
2022-02-01,LNGN0307,terminal,0,0,0,0,0.0,0,0.0
2022-02-01,LNGN0308,terminal,0,0,0,0,0.0,0,0.0
2022-02-01,LNGN0309,terminal,0,0,0,0,0.0,0,0.0
2022-02-01,LNGN0312,terminal,1,2,1,2,1.0,0,0.0
2022-02-01,LNGN0314,terminal,1,2,0,0,0.0,0,0.0
2022-02-01,LNGN0319,terminal,0,0,0,0,0.0,0,0.0
2022-02-01,LNGN0322,terminal,1,1,0,1,1.0,0,0.0
2022-02-01,LNGN0324,terminal,1,1,0,1,1.0,0,0.0
2022-02-01,LNGN0328,terminal,1,2,1,2,1.0,0,0.0
2022-02-01,LNGN0331,terminal,1,1,0,1,1.0,0,0.0
2022-02-01,LNGN0334,terminal,0,0,0,0,0.0,0,0.0
2022-02-01,LNGN0344,terminal,0,0,0,0,0.0,0,0.0
2022-02-01,LNGN0345,terminal,1,6,1,1,0.16666666666666666,1,0.16666666666666666
2022-02-01,LNGN0347,terminal,1,1,0,1,1.0,0,0.0
2022-02-01,LNGN0348,terminal,0,0,0,0,0.0,0,0.0
2022-02-01,LNGN0351,terminal,0,0,0,0,0.0,0,0.0
2022-02-01,LNGN0354,terminal,0,0,0,0,0.0,0,0.0
2022-02-01,LNGN0359,terminal,1,1,0,1,1.0,0,0.0
2022-02-01,LNGN0361,terminal,0,0,0,0,0.0,0,0.0
2022-02-01,LNGN0362,terminal,0,0,0,0,0.0,0,0.0
2022-02-01,LNGN0363,terminal,1,1,0,1,1.0,0,0.0
2022-02-01,LNGN0364,terminal,0,0,0,0,0.0,0,0.0
2022-02-01,LNGN0372,terminal,0,0,0,0,0.0,0,0.0
2022-02-01,LNGN0374,terminal,1,3,0,0,0.0,3,1.0
2022-02-01,LNGN0378,terminal,1,1,0,1,1.0,0,0.0
2022-02-01,LNGN0381,terminal,1,3,0,0,0.0,3,1.0
2022-02-01,LNGN0382,terminal,0,0,0,0,0.0,0,0.0
2022-02-01,LNGN0385,terminal,1,4,0,0,0.0,0,0.0
2022-02-01,LNGN0391,terminal,0,0,0,0,0.0,0,0.0
2022-02-01,LNGN0398,terminal,1,1,0,1,1.0,0,0.0
2022-02-01,LNGN0405,terminal,0,0,0,0,0.0,0,0.0
2022-02-01,LNGN0421,terminal,0,0,0,0,0.0,0,0.0
2022-02-01,LNGN0423,terminal,0,0,0,0,0.0,0,0.0
2022-02-01,LNGN0425,terminal,0,0,0,0,0.0,0,0.0
2022-02-01,LNGN0426,terminal,1,2,0,0,0.0,0,0.0
2022-02-01,LNGN0427,terminal,1,1,0,1,1.0,0,0.0
2022-02-01,LNGN0428,terminal,0,0,0,0,0.0,0,0.0
2022-02-01,LNGN0429,terminal,0,0,0,0,0.0,0,0.0
2022-02-01,LNGN0435,terminal,1,2,1,2,1.0,0,0.0
2022-02-01,LNGN0437,terminal,1,1,0,1,1.0,0,0.0
2022-02-01,LNGN0441,terminal,1,1,0,1,1.0,0,0.0
2022-02-01,LNGN0442,terminal,0,0,0,0,0.0,0,0.0
2022-02-01,LNGN0447,terminal,0,0,0,0,0.0,0,0.0
2022-02-01,LNGN0449,terminal,1,1,0,1,1.0,0,0.0
2022-02-01,LNGN0452,terminal,1,4,0,0,0.0,1,0.25
2022-02-01,LNGN0453,terminal,0,0,0,0,0.0,0,0.0
2022-02-01,LNGN0460,terminal,1,1,0,1,1.0,0,0.0
2022-02-01,LNGN0463,terminal,1,1,0,1,1.0,0,0.0
2022-02-01,LNGN0464,terminal,1,2,0,0,0.0,0,0.0
2022-02-01,LNGN0472,terminal,1,1,0,1,1.0,0,0.0
2022-02-01,LNGN0473,terminal,1,1,0,1,1.0,0,0.0
2022-02-01,LNGN0474,terminal,1,1,0,1,1.0,0,0.0
2022-03-01,CP001,chokepoint,1,6,1,2,0.3333333333333333,1,0.16666666666666666
2022-03-01,CP002,chokepoint,1,6,1,2,0.3333333333333333,4,0.6666666666666666
2022-03-01,CP004,chokepoint,1,4,1,1,0.25,1,0.25
2022-03-01,CP005,chokepoint,1,5,1,2,0.4,1,0.2
2022-03-01,CP006,chokepoint,1,8,1,3,0.375,1,0.125
2022-03-01,CP007,chokepoint,1,3,0,0,0.0,3,1.0
2022-03-01,CP008,chokepoint,1,18,1,4,0.2222222222222222,3,0.16666666666666666
2022-03-01,CP009,chokepoint,1,15,1,2,0.13333333333333333,0,0.0
2022-03-01,CP010,chokepoint,1,10,1,4,0.4,1,0.1
2022-03-01,CP011,chokepoint,1,12,1,6,0.5,4,0.3333333333333333
2022-03-01,CP012,chokepoint,1,5,0,0,0.0,3,0.6
2022-03-01,CP013,chokepoint,1,3,0,0,0.0,1,0.3333333333333333
2022-03-01,CP014,chokepoint,1,3,1,1,0.3333333333333333,2,0.6666666666666666
2022-03-01,CP015,chokepoint,1,3,0,0,0.0,3,1.0
2022-03-01,CP016,chokepoint,1,9,1,6,0.6666666666666666,3,0.3333333333333333
2022-03-01,CP017,chokepoint,1,2,1,2,1.0,0,0.0
2022-03-01,CP018,chokepoint,1,2,1,2,1.0,0,0.0
2022-03-01,CP019,chokepoint,1,2,0,0,0.0,2,1.0
2022-03-01,CP020,chokepoint,1,2,0,0,0.0,2,1.0
2022-03-01,CP021,chokepoint,0,0,0,0,0.0,0,0.0
2022-03-01,CP022,chokepoint,1,5,0,0,0.0,5,1.0
2022-03-01,CP023,chokepoint,0,0,0,0,0.0,0,0.0
2022-03-01,CP024,chokepoint,0,0,0,0,0.0,0,0.0
2022-03-01,CP027,chokepoint,1,5,1,1,0.2,2,0.4
2022-03-01,LNGN0004,terminal,0,0,0,0,0.0,0,0.0
2022-03-01,LNGN0006,terminal,1,1,0,1,1.0,0,0.0
2022-03-01,LNGN0008,terminal,1,2,0,0,0.0,0,0.0
2022-03-01,LNGN0013,terminal,0,0,0,0,0.0,0,0.0
2022-03-01,LNGN0017,terminal,0,0,0,0,0.0,0,0.0
2022-03-01,LNGN0025,terminal,0,0,0,0,0.0,0,0.0
2022-03-01,LNGN0026,terminal,1,4,1,1,0.25,3,0.75
2022-03-01,LNGN0027,terminal,1,3,1,1,0.3333333333333333,0,0.0
2022-03-01,LNGN0031,terminal,0,0,0,0,0.0,0,0.0
2022-03-01,LNGN0035,terminal,1,2,0,0,0.0,0,0.0
2022-03-01,LNGN0037,terminal,1,4,0,0,0.0,0,0.0
2022-03-01,LNGN0039,terminal,0,0,0,0,0.0,0,0.0
2022-03-01,LNGN0040,terminal,1,1,0,1,1.0,0,0.0
2022-03-01,LNGN0044,terminal,1,1,0,1,1.0,0,0.0
2022-03-01,LNGN0045,terminal,0,0,0,0,0.0,0,0.0
2022-03-01,LNGN0050,terminal,1,5,0,0,0.0,2,0.4
2022-03-01,LNGN0052,terminal,1,1,0,1,1.0,0,0.0
2022-03-01,LNGN0055,terminal,0,0,0,0,0.0,0,0.0
2022-03-01,LNGN0056,terminal,1,1,0,1,1.0,0,0.0
2022-03-01,LNGN0059,terminal,0,0,0,0,0.0,0,0.0
2022-03-01,LNGN0069,terminal,0,0,0,0,0.0,0,0.0
2022-03-01,LNGN0070,terminal,1,5,0,0,0.0,2,0.4
2022-03-01,LNGN0074,terminal,0,0,0,0,0.0,0,0.0
2022-03-01,LNGN0075,terminal,0,0,0,0,0.0,0,0.0
2022-03-01,LNGN0076,terminal,0,0,0,0,0.0,0,0.0
2022-03-01,LNGN0079,terminal,1,1,0,1,1.0,0,0.0
2022-03-01,LNGN0081,terminal,0,0,0,0,0.0,0,0.0
2022-03-01,LNGN0083,terminal,1,1,0,1,1.0,0,0.0
2022-03-01,LNGN0085,terminal,1,2,0,0,0.0,0,0.0
2022-03-01,LNGN0087,terminal,0,0,0,0,0.0,0,0.0
2022-03-01,LNGN0097,terminal,1,1,0,1,1.0,0,0.0
2022-03-01,LNGN0098,terminal,1,1,0,1,1.0,0,0.0
2022-03-01,LNGN0100,terminal,0,0,0,0,0.0,0,0.0
2022-03-01,LNGN0101,terminal,1,1,0,1,1.0,0,0.0
2022-03-01,LNGN0102,terminal,0,0,0,0,0.0,0,0.0
2022-03-01,LNGN0103,terminal,1,2,0,0,0.0,2,1.0
2022-03-01,LNGN0108,terminal,0,0,0,0,0.0,0,0.0
2022-03-01,LNGN0109,terminal,0,0,0,0,0.0,0,0.0
2022-03-01,LNGN0112,terminal,1,1,0,1,1.0,0,0.0
2022-03-01,LNGN0115,terminal,0,0,0,0,0.0,0,0.0
2022-03-01,LNGN0121,terminal,1,4,0,0,0.0,2,0.5
2022-03-01,LNGN0122,terminal,0,0,0,0,0.0,0,0.0
2022-03-01,LNGN0124,terminal,1,4,0,0,0.0,1,0.25
2022-03-01,LNGN0130,terminal,1,2,0,0,0.0,2,1.0
2022-03-01,LNGN0132,terminal,1,3,0,0,0.0,0,0.0
2022-03-01,LNGN0136,terminal,1,1,0,1,1.0,0,0.0
2022-03-01,LNGN0138,terminal,0,0,0,0,0.0,0,0.0
2022-03-01,LNGN0142,terminal,1,2,0,0,0.0,2,1.0
2022-03-01,LNGN0143,terminal,0,0,0,0,0.0,0,0.0
2022-03-01,LNGN0144,terminal,1,1,0,1,1.0,0,0.0
2022-03-01,LNGN0148,terminal,0,0,0,0,0.0,0,0.0
2022-03-01,LNGN0150,terminal,0,0,0,0,0.0,0,0.0
2022-03-01,LNGN0156,terminal,1,1,0,1,1.0,0,0.0
2022-03-01,LNGN0163,terminal,0,0,0,0,0.0,0,0.0
2022-03-01,LNGN0164,terminal,0,0,0,0,0.0,0,0.0
2022-03-01,LNGN0165,terminal,0,0,0,0,0.0,0,0.0
2022-03-01,LNGN0166,terminal,0,0,0,0,0.0,0,0.0
2022-03-01,LNGN0168,terminal,1,1,0,1,1.0,0,0.0
2022-03-01,LNGN0170,terminal,0,0,0,0,0.0,0,0.0
2022-03-01,LNGN0173,terminal,1,1,0,1,1.0,0,0.0
2022-03-01,LNGN0174,terminal,0,0,0,0,0.0,0,0.0
2022-03-01,LNGN0175,terminal,0,0,0,0,0.0,0,0.0
2022-03-01,LNGN0176,terminal,0,0,0,0,0.0,0,0.0
2022-03-01,LNGN0178,terminal,1,2,0,0,0.0,2,1.0
2022-03-01,LNGN0180,terminal,0,0,0,0,0.0,0,0.0
2022-03-01,LNGN0181,terminal,1,2,0,0,0.0,2,1.0
2022-03-01,LNGN0182,terminal,0,0,0,0,0.0,0,0.0
2022-03-01,LNGN0186,terminal,1,2,0,0,0.0,2,1.0
2022-03-01,LNGN0190,terminal,0,0,0,0,0.0,0,0.0
2022-03-01,LNGN0191,terminal,0,0,0,0,0.0,0,0.0
2022-03-01,LNGN0195,terminal,1,1,0,1,1.0,0,0.0
2022-03-01,LNGN0199,terminal,0,0,0,0,0.0,0,0.0
2022-03-01,LNGN0206,terminal,0,0,0,0,0.0,0,0.0
2022-03-01,LNGN0207,terminal,1,1,0,1,1.0,0,0.0
2022-03-01,LNGN0208,terminal,0,0,0,0,0.0,0,0.0
2022-03-01,LNGN0210,terminal,0,0,0,0,0.0,0,0.0
2022-03-01,LNGN0212,terminal,0,0,0,0,0.0,0,0.0
2022-03-01,LNGN0219,terminal,0,0,0,0,0.0,0,0.0
2022-03-01,LNGN0222,terminal,1,1,0,1,1.0,0,0.0
2022-03-01,LNGN0230,terminal,1,1,0,1,1.0,0,0.0
2022-03-01,LNGN0232,terminal,1,3,1,1,0.3333333333333333,2,0.6666666666666666
2022-03-01,LNGN0237,terminal,0,0,0,0,0.0,0,0.0
2022-03-01,LNGN0238,terminal,0,0,0,0,0.0,0,0.0
2022-03-01,LNGN0241,terminal,1,1,0,1,1.0,0,0.0
2022-03-01,LNGN0243,terminal,0,0,0,0,0.0,0,0.0
2022-03-01,LNGN0244,terminal,1,3,0,0,0.0,0,0.0
2022-03-01,LNGN0248,terminal,1,1,0,1,1.0,0,0.0
2022-03-01,LNGN0250,terminal,0,0,0,0,0.0,0,0.0
2022-03-01,LNGN0251,terminal,1,1,0,1,1.0,0,0.0
2022-03-01,LNGN0253,terminal,0,0,0,0,0.0,0,0.0
2022-03-01,LNGN0258,terminal,0,0,0,0,0.0,0,0.0
2022-03-01,LNGN0261,terminal,1,6,0,0,0.0,2,0.3333333333333333
2022-03-01,LNGN0262,terminal,0,0,0,0,0.0,0,0.0
2022-03-01,LNGN0268,terminal,0,0,0,0,0.0,0,0.0
2022-03-01,LNGN0270,terminal,1,2,0,0,0.0,2,1.0
2022-03-01,LNGN0272,terminal,0,0,0,0,0.0,0,0.0
2022-03-01,LNGN0274,terminal,0,0,0,0,0.0,0,0.0
2022-03-01,LNGN0278,terminal,0,0,0,0,0.0,0,0.0
2022-03-01,LNGN0285,terminal,0,0,0,0,0.0,0,0.0
2022-03-01,LNGN0287,terminal,0,0,0,0,0.0,0,0.0
2022-03-01,LNGN0288,terminal,0,0,0,0,0.0,0,0.0
2022-03-01,LNGN0290,terminal,0,0,0,0,0.0,0,0.0
2022-03-01,LNGN0291,terminal,0,0,0,0,0.0,0,0.0
2022-03-01,LNGN0293,terminal,0,0,0,0,0.0,0,0.0
2022-03-01,LNGN0294,terminal,0,0,0,0,0.0,0,0.0
2022-03-01,LNGN0297,terminal,1,2,0,0,0.0,2,1.0
2022-03-01,LNGN0299,terminal,0,0,0,0,0.0,0,0.0
2022-03-01,LNGN0307,terminal,0,0,0,0,0.0,0,0.0
2022-03-01,LNGN0308,terminal,0,0,0,0,0.0,0,0.0
2022-03-01,LNGN0309,terminal,0,0,0,0,0.0,0,0.0
2022-03-01,LNGN0312,terminal,0,0,0,0,0.0,0,0.0
2022-03-01,LNGN0314,terminal,1,2,0,0,0.0,2,1.0
2022-03-01,LNGN0319,terminal,1,1,0,1,1.0,0,0.0
2022-03-01,LNGN0322,terminal,1,1,0,1,1.0,0,0.0
2022-03-01,LNGN0324,terminal,0,0,0,0,0.0,0,0.0
2022-03-01,LNGN0328,terminal,1,1,0,1,1.0,0,0.0
2022-03-01,LNGN0331,terminal,0,0,0,0,0.0,0,0.0
2022-03-01,LNGN0334,terminal,0,0,0,0,0.0,0,0.0
2022-03-01,LNGN0344,terminal,0,0,0,0,0.0,0,0.0
2022-03-01,LNGN0345,terminal,1,8,0,0,0.0,2,0.25
2022-03-01,LNGN0347,terminal,1,2,0,0,0.0,2,1.0
2022-03-01,LNGN0348,terminal,0,0,0,0,0.0,0,0.0
2022-03-01,LNGN0351,terminal,0,0,0,0,0.0,0,0.0
2022-03-01,LNGN0354,terminal,0,0,0,0,0.0,0,0.0
2022-03-01,LNGN0359,terminal,1,1,0,1,1.0,0,0.0
2022-03-01,LNGN0361,terminal,0,0,0,0,0.0,0,0.0
2022-03-01,LNGN0362,terminal,0,0,0,0,0.0,0,0.0
2022-03-01,LNGN0363,terminal,1,1,0,1,1.0,0,0.0
2022-03-01,LNGN0364,terminal,0,0,0,0,0.0,0,0.0
2022-03-01,LNGN0372,terminal,1,1,0,1,1.0,0,0.0
2022-03-01,LNGN0374,terminal,1,3,0,0,0.0,3,1.0
2022-03-01,LNGN0378,terminal,1,2,0,0,0.0,2,1.0
2022-03-01,LNGN0381,terminal,1,1,0,1,1.0,0,0.0
2022-03-01,LNGN0382,terminal,0,0,0,0,0.0,0,0.0
2022-03-01,LNGN0385,terminal,1,3,0,0,0.0,0,0.0
2022-03-01,LNGN0391,terminal,0,0,0,0,0.0,0,0.0
2022-03-01,LNGN0398,terminal,1,1,0,1,1.0,0,0.0
2022-03-01,LNGN0405,terminal,0,0,0,0,0.0,0,0.0
2022-03-01,LNGN0421,terminal,0,0,0,0,0.0,0,0.0
2022-03-01,LNGN0423,terminal,0,0,0,0,0.0,0,0.0
2022-03-01,LNGN0425,terminal,0,0,0,0,0.0,0,0.0
2022-03-01,LNGN0426,terminal,1,2,0,0,0.0,0,0.0
2022-03-01,LNGN0427,terminal,1,1,0,1,1.0,0,0.0
2022-03-01,LNGN0428,terminal,1,1,0,1,1.0,0,0.0
2022-03-01,LNGN0429,terminal,0,0,0,0,0.0,0,0.0
2022-03-01,LNGN0435,terminal,1,3,1,3,1.0,0,0.0
2022-03-01,LNGN0437,terminal,1,1,0,1,1.0,0,0.0
2022-03-01,LNGN0441,terminal,1,1,0,1,1.0,0,0.0
2022-03-01,LNGN0442,terminal,0,0,0,0,0.0,0,0.0
2022-03-01,LNGN0447,terminal,0,0,0,0,0.0,0,0.0
2022-03-01,LNGN0449,terminal,1,1,0,1,1.0,0,0.0
2022-03-01,LNGN0452,terminal,1,4,1,1,0.25,0,0.0
2022-03-01,LNGN0453,terminal,0,0,0,0,0.0,0,0.0
2022-03-01,LNGN0460,terminal,1,1,0,1,1.0,0,0.0
2022-03-01,LNGN0463,terminal,1,3,0,0,0.0,1,0.3333333333333333
2022-03-01,LNGN0464,terminal,1,3,0,0,0.0,0,0.0
2022-03-01,LNGN0472,terminal,1,1,0,1,1.0,0,0.0
2022-03-01,LNGN0473,terminal,0,0,0,0,0.0,0,0.0
2022-03-01,LNGN0474,terminal,1,1,0,1,1.0,0,0.0
2022-04-01,CP001,chokepoint,1,7,1,2,0.2857142857142857,1,0.14285714285714285
2022-04-01,CP002,chokepoint,1,7,0,0,0.0,7,1.0
2022-04-01,CP004,chokepoint,1,3,0,0,0.0,1,0.3333333333333333
2022-04-01,CP005,chokepoint,1,9,1,3,0.3333333333333333,4,0.4444444444444444
2022-04-01,CP006,chokepoint,1,8,1,4,0.5,0,0.0
2022-04-01,CP007,chokepoint,1,3,1,1,0.3333333333333333,2,0.6666666666666666
2022-04-01,CP008,chokepoint,1,14,1,1,0.07142857142857142,2,0.14285714285714285
2022-04-01,CP009,chokepoint,1,14,1,2,0.14285714285714285,0,0.0
2022-04-01,CP010,chokepoint,1,10,1,4,0.4,6,0.6
2022-04-01,CP011,chokepoint,1,12,1,8,0.6666666666666666,4,0.3333333333333333
2022-04-01,CP012,chokepoint,1,4,1,2,0.5,2,0.5
2022-04-01,CP013,chokepoint,1,2,0,0,0.0,2,1.0
2022-04-01,CP014,chokepoint,1,6,1,1,0.16666666666666666,5,0.8333333333333334
2022-04-01,CP015,chokepoint,1,4,0,0,0.0,4,1.0
2022-04-01,CP016,chokepoint,1,7,1,3,0.42857142857142855,4,0.5714285714285714
2022-04-01,CP017,chokepoint,1,2,1,2,1.0,0,0.0
2022-04-01,CP018,chokepoint,1,2,1,2,1.0,0,0.0
2022-04-01,CP019,chokepoint,1,2,0,0,0.0,2,1.0
2022-04-01,CP020,chokepoint,1,2,0,0,0.0,2,1.0
2022-04-01,CP021,chokepoint,1,2,0,0,0.0,2,1.0
2022-04-01,CP022,chokepoint,1,5,0,0,0.0,5,1.0
2022-04-01,CP023,chokepoint,0,0,0,0,0.0,0,0.0
2022-04-01,CP024,chokepoint,0,0,0,0,0.0,0,0.0
2022-04-01,CP027,chokepoint,1,5,1,1,0.2,4,0.8
2022-04-01,LNGN0004,terminal,0,0,0,0,0.0,0,0.0
2022-04-01,LNGN0006,terminal,0,0,0,0,0.0,0,0.0
2022-04-01,LNGN0008,terminal,1,2,0,0,0.0,0,0.0
2022-04-01,LNGN0013,terminal,0,0,0,0,0.0,0,0.0
2022-04-01,LNGN0017,terminal,0,0,0,0,0.0,0,0.0
2022-04-01,LNGN0025,terminal,0,0,0,0,0.0,0,0.0
2022-04-01,LNGN0026,terminal,1,3,0,0,0.0,0,0.0
2022-04-01,LNGN0027,terminal,1,2,0,0,0.0,2,1.0
2022-04-01,LNGN0031,terminal,0,0,0,0,0.0,0,0.0
2022-04-01,LNGN0035,terminal,1,2,0,0,0.0,0,0.0
2022-04-01,LNGN0037,terminal,1,3,0,0,0.0,0,0.0
2022-04-01,LNGN0039,terminal,0,0,0,0,0.0,0,0.0
2022-04-01,LNGN0040,terminal,1,1,0,1,1.0,0,0.0
2022-04-01,LNGN0044,terminal,0,0,0,0,0.0,0,0.0
2022-04-01,LNGN0045,terminal,0,0,0,0,0.0,0,0.0
2022-04-01,LNGN0050,terminal,1,5,0,0,0.0,3,0.6
2022-04-01,LNGN0052,terminal,0,0,0,0,0.0,0,0.0
2022-04-01,LNGN0055,terminal,0,0,0,0,0.0,0,0.0
2022-04-01,LNGN0056,terminal,1,2,0,0,0.0,2,1.0
2022-04-01,LNGN0059,terminal,1,1,0,1,1.0,0,0.0
2022-04-01,LNGN0069,terminal,0,0,0,0,0.0,0,0.0
2022-04-01,LNGN0070,terminal,1,6,0,0,0.0,4,0.6666666666666666
2022-04-01,LNGN0074,terminal,0,0,0,0,0.0,0,0.0
2022-04-01,LNGN0075,terminal,0,0,0,0,0.0,0,0.0
2022-04-01,LNGN0076,terminal,0,0,0,0,0.0,0,0.0
2022-04-01,LNGN0079,terminal,1,1,0,1,1.0,0,0.0
2022-04-01,LNGN0081,terminal,0,0,0,0,0.0,0,0.0
2022-04-01,LNGN0083,terminal,1,3,0,0,0.0,1,0.3333333333333333
2022-04-01,LNGN0085,terminal,1,1,0,1,1.0,0,0.0
2022-04-01,LNGN0087,terminal,0,0,0,0,0.0,0,0.0
2022-04-01,LNGN0097,terminal,1,1,0,1,1.0,0,0.0
2022-04-01,LNGN0098,terminal,0,0,0,0,0.0,0,0.0
2022-04-01,LNGN0100,terminal,0,0,0,0,0.0,0,0.0
2022-04-01,LNGN0101,terminal,1,1,0,1,1.0,0,0.0
2022-04-01,LNGN0102,terminal,0,0,0,0,0.0,0,0.0
2022-04-01,LNGN0103,terminal,1,3,0,0,0.0,1,0.3333333333333333
2022-04-01,LNGN0108,terminal,0,0,0,0,0.0,0,0.0
2022-04-01,LNGN0109,terminal,0,0,0,0,0.0,0,0.0
2022-04-01,LNGN0112,terminal,0,0,0,0,0.0,0,0.0
2022-04-01,LNGN0115,terminal,0,0,0,0,0.0,0,0.0
2022-04-01,LNGN0121,terminal,1,5,1,1,0.2,0,0.0
2022-04-01,LNGN0122,terminal,1,1,0,1,1.0,0,0.0
2022-04-01,LNGN0124,terminal,1,4,0,0,0.0,2,0.5
2022-04-01,LNGN0130,terminal,1,1,0,1,1.0,0,0.0
2022-04-01,LNGN0132,terminal,1,2,0,0,0.0,0,0.0
2022-04-01,LNGN0136,terminal,0,0,0,0,0.0,0,0.0
2022-04-01,LNGN0138,terminal,0,0,0,0,0.0,0,0.0
2022-04-01,LNGN0142,terminal,1,2,0,0,0.0,2,1.0
2022-04-01,LNGN0143,terminal,0,0,0,0,0.0,0,0.0
2022-04-01,LNGN0144,terminal,1,1,0,1,1.0,0,0.0
2022-04-01,LNGN0148,terminal,0,0,0,0,0.0,0,0.0
2022-04-01,LNGN0150,terminal,0,0,0,0,0.0,0,0.0
2022-04-01,LNGN0156,terminal,1,1,0,1,1.0,0,0.0
2022-04-01,LNGN0163,terminal,0,0,0,0,0.0,0,0.0
2022-04-01,LNGN0164,terminal,0,0,0,0,0.0,0,0.0
2022-04-01,LNGN0165,terminal,0,0,0,0,0.0,0,0.0
2022-04-01,LNGN0166,terminal,0,0,0,0,0.0,0,0.0
2022-04-01,LNGN0168,terminal,1,1,0,1,1.0,0,0.0
2022-04-01,LNGN0170,terminal,0,0,0,0,0.0,0,0.0
2022-04-01,LNGN0173,terminal,1,1,0,1,1.0,0,0.0
2022-04-01,LNGN0174,terminal,0,0,0,0,0.0,0,0.0
2022-04-01,LNGN0175,terminal,0,0,0,0,0.0,0,0.0
2022-04-01,LNGN0176,terminal,0,0,0,0,0.0,0,0.0
2022-04-01,LNGN0178,terminal,1,3,0,0,0.0,3,1.0
2022-04-01,LNGN0180,terminal,0,0,0,0,0.0,0,0.0
2022-04-01,LNGN0181,terminal,1,1,0,1,1.0,0,0.0
2022-04-01,LNGN0182,terminal,0,0,0,0,0.0,0,0.0
2022-04-01,LNGN0186,terminal,0,0,0,0,0.0,0,0.0
2022-04-01,LNGN0190,terminal,0,0,0,0,0.0,0,0.0
2022-04-01,LNGN0191,terminal,0,0,0,0,0.0,0,0.0
2022-04-01,LNGN0195,terminal,1,2,0,0,0.0,2,1.0
2022-04-01,LNGN0199,terminal,0,0,0,0,0.0,0,0.0
2022-04-01,LNGN0206,terminal,0,0,0,0,0.0,0,0.0
2022-04-01,LNGN0207,terminal,1,1,0,1,1.0,0,0.0
2022-04-01,LNGN0208,terminal,0,0,0,0,0.0,0,0.0
2022-04-01,LNGN0210,terminal,1,1,0,1,1.0,0,0.0
2022-04-01,LNGN0212,terminal,0,0,0,0,0.0,0,0.0
2022-04-01,LNGN0219,terminal,0,0,0,0,0.0,0,0.0
2022-04-01,LNGN0222,terminal,0,0,0,0,0.0,0,0.0
2022-04-01,LNGN0230,terminal,1,2,0,0,0.0,2,1.0
2022-04-01,LNGN0232,terminal,1,2,0,0,0.0,0,0.0
2022-04-01,LNGN0237,terminal,0,0,0,0,0.0,0,0.0
2022-04-01,LNGN0238,terminal,0,0,0,0,0.0,0,0.0
2022-04-01,LNGN0241,terminal,0,0,0,0,0.0,0,0.0
2022-04-01,LNGN0243,terminal,0,0,0,0,0.0,0,0.0
2022-04-01,LNGN0244,terminal,1,2,0,0,0.0,0,0.0
2022-04-01,LNGN0248,terminal,1,1,0,1,1.0,0,0.0
2022-04-01,LNGN0250,terminal,0,0,0,0,0.0,0,0.0
2022-04-01,LNGN0251,terminal,1,1,0,1,1.0,0,0.0
2022-04-01,LNGN0253,terminal,0,0,0,0,0.0,0,0.0
2022-04-01,LNGN0258,terminal,0,0,0,0,0.0,0,0.0
2022-04-01,LNGN0261,terminal,1,6,0,0,0.0,4,0.6666666666666666
2022-04-01,LNGN0262,terminal,0,0,0,0,0.0,0,0.0
2022-04-01,LNGN0268,terminal,0,0,0,0,0.0,0,0.0
2022-04-01,LNGN0270,terminal,1,3,0,0,0.0,3,1.0
2022-04-01,LNGN0272,terminal,0,0,0,0,0.0,0,0.0
2022-04-01,LNGN0274,terminal,1,1,0,1,1.0,0,0.0
2022-04-01,LNGN0278,terminal,1,1,0,1,1.0,0,0.0
2022-04-01,LNGN0285,terminal,0,0,0,0,0.0,0,0.0
2022-04-01,LNGN0287,terminal,0,0,0,0,0.0,0,0.0
2022-04-01,LNGN0288,terminal,0,0,0,0,0.0,0,0.0
2022-04-01,LNGN0290,terminal,0,0,0,0,0.0,0,0.0
2022-04-01,LNGN0291,terminal,0,0,0,0,0.0,0,0.0
2022-04-01,LNGN0293,terminal,0,0,0,0,0.0,0,0.0
2022-04-01,LNGN0294,terminal,0,0,0,0,0.0,0,0.0
2022-04-01,LNGN0297,terminal,1,2,0,0,0.0,2,1.0
2022-04-01,LNGN0299,terminal,0,0,0,0,0.0,0,0.0
2022-04-01,LNGN0307,terminal,0,0,0,0,0.0,0,0.0
2022-04-01,LNGN0308,terminal,0,0,0,0,0.0,0,0.0
2022-04-01,LNGN0309,terminal,0,0,0,0,0.0,0,0.0
2022-04-01,LNGN0312,terminal,0,0,0,0,0.0,0,0.0
2022-04-01,LNGN0314,terminal,1,1,0,1,1.0,0,0.0
2022-04-01,LNGN0319,terminal,1,1,0,1,1.0,0,0.0
2022-04-01,LNGN0322,terminal,1,1,0,1,1.0,0,0.0
2022-04-01,LNGN0324,terminal,1,2,0,0,0.0,2,1.0
2022-04-01,LNGN0328,terminal,1,2,0,0,0.0,0,0.0
2022-04-01,LNGN0331,terminal,0,0,0,0,0.0,0,0.0
2022-04-01,LNGN0334,terminal,0,0,0,0,0.0,0,0.0
2022-04-01,LNGN0344,terminal,0,0,0,0,0.0,0,0.0
2022-04-01,LNGN0345,terminal,1,7,1,1,0.14285714285714285,2,0.2857142857142857
2022-04-01,LNGN0347,terminal,1,1,0,1,1.0,0,0.0
2022-04-01,LNGN0348,terminal,0,0,0,0,0.0,0,0.0
2022-04-01,LNGN0351,terminal,0,0,0,0,0.0,0,0.0
2022-04-01,LNGN0354,terminal,0,0,0,0,0.0,0,0.0
2022-04-01,LNGN0359,terminal,1,1,0,1,1.0,0,0.0
2022-04-01,LNGN0361,terminal,0,0,0,0,0.0,0,0.0
2022-04-01,LNGN0362,terminal,0,0,0,0,0.0,0,0.0
2022-04-01,LNGN0363,terminal,0,0,0,0,0.0,0,0.0
2022-04-01,LNGN0364,terminal,0,0,0,0,0.0,0,0.0
2022-04-01,LNGN0372,terminal,0,0,0,0,0.0,0,0.0
2022-04-01,LNGN0374,terminal,1,3,0,0,0.0,3,1.0
2022-04-01,LNGN0378,terminal,1,2,1,2,1.0,0,0.0
2022-04-01,LNGN0381,terminal,1,3,0,0,0.0,3,1.0
2022-04-01,LNGN0382,terminal,0,0,0,0,0.0,0,0.0
2022-04-01,LNGN0385,terminal,1,3,0,0,0.0,1,0.3333333333333333
2022-04-01,LNGN0391,terminal,0,0,0,0,0.0,0,0.0
2022-04-01,LNGN0398,terminal,1,1,0,1,1.0,0,0.0
2022-04-01,LNGN0405,terminal,0,0,0,0,0.0,0,0.0
2022-04-01,LNGN0421,terminal,1,1,0,1,1.0,0,0.0
2022-04-01,LNGN0423,terminal,0,0,0,0,0.0,0,0.0
2022-04-01,LNGN0425,terminal,1,1,0,1,1.0,0,0.0
2022-04-01,LNGN0426,terminal,1,1,0,1,1.0,0,0.0
2022-04-01,LNGN0427,terminal,1,1,0,1,1.0,0,0.0
2022-04-01,LNGN0428,terminal,0,0,0,0,0.0,0,0.0
2022-04-01,LNGN0429,terminal,0,0,0,0,0.0,0,0.0
2022-04-01,LNGN0435,terminal,1,2,1,2,1.0,0,0.0
2022-04-01,LNGN0437,terminal,1,1,0,1,1.0,0,0.0
2022-04-01,LNGN0441,terminal,0,0,0,0,0.0,0,0.0
2022-04-01,LNGN0442,terminal,0,0,0,0,0.0,0,0.0
2022-04-01,LNGN0447,terminal,0,0,0,0,0.0,0,0.0
2022-04-01,LNGN0449,terminal,0,0,0,0,0.0,0,0.0
2022-04-01,LNGN0452,terminal,1,5,0,0,0.0,2,0.4
2022-04-01,LNGN0453,terminal,0,0,0,0,0.0,0,0.0
2022-04-01,LNGN0460,terminal,1,1,0,1,1.0,0,0.0
2022-04-01,LNGN0463,terminal,1,1,0,1,1.0,0,0.0
2022-04-01,LNGN0464,terminal,1,3,0,0,0.0,1,0.3333333333333333
2022-04-01,LNGN0472,terminal,0,0,0,0,0.0,0,0.0
2022-04-01,LNGN0473,terminal,1,1,0,1,1.0,0,0.0
2022-04-01,LNGN0474,terminal,1,1,0,1,1.0,0,0.0
2022-05-01,CP001,chokepoint,1,4,1,1,0.25,1,0.25
2022-05-01,CP002,chokepoint,1,6,1,2,0.3333333333333333,4,0.6666666666666666
2022-05-01,CP004,chokepoint,1,3,0,0,0.0,1,0.3333333333333333
2022-05-01,CP005,chokepoint,1,9,1,2,0.2222222222222222,4,0.4444444444444444
2022-05-01,CP006,chokepoint,1,8,1,1,0.125,2,0.25
2022-05-01,CP007,chokepoint,1,3,0,0,0.0,3,1.0
2022-05-01,CP008,chokepoint,1,18,1,2,0.1111111111111111,4,0.2222222222222222
2022-05-01,CP009,chokepoint,1,12,1,3,0.25,0,0.0
2022-05-01,CP010,chokepoint,1,6,1,2,0.3333333333333333,1,0.16666666666666666
2022-05-01,CP011,chokepoint,1,12,1,5,0.4166666666666667,4,0.3333333333333333
2022-05-01,CP012,chokepoint,1,6,1,1,0.16666666666666666,3,0.5
2022-05-01,CP013,chokepoint,1,3,0,0,0.0,1,0.3333333333333333
2022-05-01,CP014,chokepoint,1,5,1,1,0.2,4,0.8
2022-05-01,CP015,chokepoint,1,5,0,0,0.0,5,1.0
2022-05-01,CP016,chokepoint,1,11,1,4,0.36363636363636365,7,0.6363636363636364
2022-05-01,CP017,chokepoint,1,4,1,2,0.5,2,0.5
2022-05-01,CP018,chokepoint,1,2,0,0,0.0,2,1.0
2022-05-01,CP019,chokepoint,1,4,1,1,0.25,3,0.75
2022-05-01,CP020,chokepoint,1,2,0,0,0.0,2,1.0
2022-05-01,CP021,chokepoint,0,0,0,0,0.0,0,0.0
2022-05-01,CP022,chokepoint,1,6,1,1,0.16666666666666666,5,0.8333333333333334
2022-05-01,CP023,chokepoint,0,0,0,0,0.0,0,0.0
2022-05-01,CP024,chokepoint,0,0,0,0,0.0,0,0.0
2022-05-01,CP027,chokepoint,1,5,0,0,0.0,5,1.0
2022-05-01,LNGN0004,terminal,0,0,0,0,0.0,0,0.0
2022-05-01,LNGN0006,terminal,0,0,0,0,0.0,0,0.0
2022-05-01,LNGN0008,terminal,1,3,0,0,0.0,0,0.0
2022-05-01,LNGN0013,terminal,0,0,0,0,0.0,0,0.0
2022-05-01,LNGN0017,terminal,0,0,0,0,0.0,0,0.0
2022-05-01,LNGN0025,terminal,0,0,0,0,0.0,0,0.0
2022-05-01,LNGN0026,terminal,1,3,0,0,0.0,3,1.0
2022-05-01,LNGN0027,terminal,1,2,1,2,1.0,0,0.0
2022-05-01,LNGN0031,terminal,0,0,0,0,0.0,0,0.0
2022-05-01,LNGN0035,terminal,1,2,0,0,0.0,0,0.0
2022-05-01,LNGN0037,terminal,0,0,0,0,0.0,0,0.0
2022-05-01,LNGN0039,terminal,0,0,0,0,0.0,0,0.0
2022-05-01,LNGN0040,terminal,1,2,0,0,0.0,2,1.0
2022-05-01,LNGN0044,terminal,0,0,0,0,0.0,0,0.0
2022-05-01,LNGN0045,terminal,0,0,0,0,0.0,0,0.0
2022-05-01,LNGN0050,terminal,1,3,0,0,0.0,3,1.0
2022-05-01,LNGN0052,terminal,1,1,0,1,1.0,0,0.0
2022-05-01,LNGN0055,terminal,0,0,0,0,0.0,0,0.0
2022-05-01,LNGN0056,terminal,1,2,0,0,0.0,2,1.0
2022-05-01,LNGN0059,terminal,1,1,0,1,1.0,0,0.0
2022-05-01,LNGN0069,terminal,0,0,0,0,0.0,0,0.0
2022-05-01,LNGN0070,terminal,1,7,0,0,0.0,3,0.42857142857142855
2022-05-01,LNGN0074,terminal,0,0,0,0,0.0,0,0.0
2022-05-01,LNGN0075,terminal,0,0,0,0,0.0,0,0.0
2022-05-01,LNGN0076,terminal,0,0,0,0,0.0,0,0.0
2022-05-01,LNGN0079,terminal,0,0,0,0,0.0,0,0.0
2022-05-01,LNGN0081,terminal,0,0,0,0,0.0,0,0.0
2022-05-01,LNGN0083,terminal,1,4,0,0,0.0,0,0.0
2022-05-01,LNGN0085,terminal,1,2,0,0,0.0,0,0.0
2022-05-01,LNGN0087,terminal,0,0,0,0,0.0,0,0.0
2022-05-01,LNGN0097,terminal,1,1,0,1,1.0,0,0.0
2022-05-01,LNGN0098,terminal,0,0,0,0,0.0,0,0.0
2022-05-01,LNGN0100,terminal,0,0,0,0,0.0,0,0.0
2022-05-01,LNGN0101,terminal,1,2,1,2,1.0,0,0.0
2022-05-01,LNGN0102,terminal,0,0,0,0,0.0,0,0.0
2022-05-01,LNGN0103,terminal,0,0,0,0,0.0,0,0.0
2022-05-01,LNGN0108,terminal,0,0,0,0,0.0,0,0.0
2022-05-01,LNGN0109,terminal,0,0,0,0,0.0,0,0.0
2022-05-01,LNGN0112,terminal,0,0,0,0,0.0,0,0.0
2022-05-01,LNGN0115,terminal,0,0,0,0,0.0,0,0.0
2022-05-01,LNGN0121,terminal,1,4,0,0,0.0,2,0.5
2022-05-01,LNGN0122,terminal,0,0,0,0,0.0,0,0.0
2022-05-01,LNGN0124,terminal,1,3,0,0,0.0,1,0.3333333333333333
2022-05-01,LNGN0130,terminal,1,1,0,1,1.0,0,0.0
2022-05-01,LNGN0132,terminal,1,2,0,0,0.0,0,0.0
2022-05-01,LNGN0136,terminal,0,0,0,0,0.0,0,0.0
2022-05-01,LNGN0138,terminal,0,0,0,0,0.0,0,0.0
2022-05-01,LNGN0142,terminal,1,2,0,0,0.0,2,1.0
2022-05-01,LNGN0143,terminal,0,0,0,0,0.0,0,0.0
2022-05-01,LNGN0144,terminal,0,0,0,0,0.0,0,0.0
2022-05-01,LNGN0148,terminal,0,0,0,0,0.0,0,0.0
2022-05-01,LNGN0150,terminal,0,0,0,0,0.0,0,0.0
2022-05-01,LNGN0156,terminal,0,0,0,0,0.0,0,0.0
2022-05-01,LNGN0163,terminal,1,1,0,1,1.0,0,0.0
2022-05-01,LNGN0164,terminal,0,0,0,0,0.0,0,0.0
2022-05-01,LNGN0165,terminal,0,0,0,0,0.0,0,0.0
2022-05-01,LNGN0166,terminal,0,0,0,0,0.0,0,0.0
2022-05-01,LNGN0168,terminal,1,2,0,0,0.0,0,0.0
2022-05-01,LNGN0170,terminal,1,2,0,0,0.0,2,1.0
2022-05-01,LNGN0173,terminal,1,1,0,1,1.0,0,0.0
2022-05-01,LNGN0174,terminal,0,0,0,0,0.0,0,0.0
2022-05-01,LNGN0175,terminal,0,0,0,0,0.0,0,0.0
2022-05-01,LNGN0176,terminal,0,0,0,0,0.0,0,0.0
2022-05-01,LNGN0178,terminal,1,3,0,0,0.0,3,1.0
2022-05-01,LNGN0180,terminal,0,0,0,0,0.0,0,0.0
2022-05-01,LNGN0181,terminal,1,1,0,1,1.0,0,0.0
2022-05-01,LNGN0182,terminal,0,0,0,0,0.0,0,0.0
2022-05-01,LNGN0186,terminal,1,1,0,1,1.0,0,0.0
2022-05-01,LNGN0190,terminal,0,0,0,0,0.0,0,0.0
2022-05-01,LNGN0191,terminal,0,0,0,0,0.0,0,0.0
2022-05-01,LNGN0195,terminal,1,2,0,0,0.0,2,1.0
2022-05-01,LNGN0199,terminal,0,0,0,0,0.0,0,0.0
2022-05-01,LNGN0206,terminal,0,0,0,0,0.0,0,0.0
2022-05-01,LNGN0207,terminal,1,1,0,1,1.0,0,0.0
2022-05-01,LNGN0208,terminal,0,0,0,0,0.0,0,0.0
2022-05-01,LNGN0210,terminal,1,1,0,1,1.0,0,0.0
2022-05-01,LNGN0212,terminal,0,0,0,0,0.0,0,0.0
2022-05-01,LNGN0219,terminal,0,0,0,0,0.0,0,0.0
2022-05-01,LNGN0222,terminal,0,0,0,0,0.0,0,0.0
2022-05-01,LNGN0230,terminal,1,4,0,0,0.0,2,0.5
2022-05-01,LNGN0232,terminal,1,3,0,0,0.0,1,0.3333333333333333
2022-05-01,LNGN0237,terminal,1,1,0,1,1.0,0,0.0
2022-05-01,LNGN0238,terminal,0,0,0,0,0.0,0,0.0
2022-05-01,LNGN0241,terminal,0,0,0,0,0.0,0,0.0
2022-05-01,LNGN0243,terminal,0,0,0,0,0.0,0,0.0
2022-05-01,LNGN0244,terminal,1,3,0,0,0.0,1,0.3333333333333333
2022-05-01,LNGN0248,terminal,1,2,0,0,0.0,2,1.0
2022-05-01,LNGN0250,terminal,0,0,0,0,0.0,0,0.0
2022-05-01,LNGN0251,terminal,0,0,0,0,0.0,0,0.0
2022-05-01,LNGN0253,terminal,0,0,0,0,0.0,0,0.0
2022-05-01,LNGN0258,terminal,1,1,0,1,1.0,0,0.0
2022-05-01,LNGN0261,terminal,1,5,0,0,0.0,5,1.0
2022-05-01,LNGN0262,terminal,0,0,0,0,0.0,0,0.0
2022-05-01,LNGN0268,terminal,0,0,0,0,0.0,0,0.0
2022-05-01,LNGN0270,terminal,1,1,0,1,1.0,0,0.0
2022-05-01,LNGN0272,terminal,1,1,0,1,1.0,0,0.0
2022-05-01,LNGN0274,terminal,1,1,0,1,1.0,0,0.0
2022-05-01,LNGN0278,terminal,1,1,0,1,1.0,0,0.0
2022-05-01,LNGN0285,terminal,0,0,0,0,0.0,0,0.0
2022-05-01,LNGN0287,terminal,0,0,0,0,0.0,0,0.0
2022-05-01,LNGN0288,terminal,0,0,0,0,0.0,0,0.0
2022-05-01,LNGN0290,terminal,0,0,0,0,0.0,0,0.0
2022-05-01,LNGN0291,terminal,0,0,0,0,0.0,0,0.0
2022-05-01,LNGN0293,terminal,0,0,0,0,0.0,0,0.0
2022-05-01,LNGN0294,terminal,0,0,0,0,0.0,0,0.0
2022-05-01,LNGN0297,terminal,1,2,0,0,0.0,2,1.0
2022-05-01,LNGN0299,terminal,0,0,0,0,0.0,0,0.0
2022-05-01,LNGN0307,terminal,0,0,0,0,0.0,0,0.0
2022-05-01,LNGN0308,terminal,0,0,0,0,0.0,0,0.0
2022-05-01,LNGN0309,terminal,1,1,0,1,1.0,0,0.0
2022-05-01,LNGN0312,terminal,1,1,0,1,1.0,0,0.0
2022-05-01,LNGN0314,terminal,1,1,0,1,1.0,0,0.0
2022-05-01,LNGN0319,terminal,1,1,0,1,1.0,0,0.0
2022-05-01,LNGN0322,terminal,1,3,1,1,0.3333333333333333,2,0.6666666666666666
2022-05-01,LNGN0324,terminal,1,1,0,1,1.0,0,0.0
2022-05-01,LNGN0328,terminal,1,2,0,0,0.0,0,0.0
2022-05-01,LNGN0331,terminal,1,2,0,0,0.0,2,1.0
2022-05-01,LNGN0334,terminal,0,0,0,0,0.0,0,0.0
2022-05-01,LNGN0344,terminal,0,0,0,0,0.0,0,0.0
2022-05-01,LNGN0345,terminal,1,6,0,0,0.0,2,0.3333333333333333
2022-05-01,LNGN0347,terminal,1,2,0,0,0.0,0,0.0
2022-05-01,LNGN0348,terminal,0,0,0,0,0.0,0,0.0
2022-05-01,LNGN0351,terminal,1,1,0,1,1.0,0,0.0
2022-05-01,LNGN0354,terminal,0,0,0,0,0.0,0,0.0
2022-05-01,LNGN0359,terminal,1,3,0,0,0.0,3,1.0
2022-05-01,LNGN0361,terminal,0,0,0,0,0.0,0,0.0
2022-05-01,LNGN0362,terminal,0,0,0,0,0.0,0,0.0
2022-05-01,LNGN0363,terminal,1,1,0,1,1.0,0,0.0
2022-05-01,LNGN0364,terminal,0,0,0,0,0.0,0,0.0
2022-05-01,LNGN0372,terminal,0,0,0,0,0.0,0,0.0
2022-05-01,LNGN0374,terminal,1,2,0,0,0.0,2,1.0
2022-05-01,LNGN0378,terminal,1,3,1,1,0.3333333333333333,2,0.6666666666666666
2022-05-01,LNGN0381,terminal,1,2,0,0,0.0,2,1.0
2022-05-01,LNGN0382,terminal,0,0,0,0,0.0,0,0.0
2022-05-01,LNGN0385,terminal,1,2,0,0,0.0,0,0.0
2022-05-01,LNGN0391,terminal,0,0,0,0,0.0,0,0.0
2022-05-01,LNGN0398,terminal,1,1,0,1,1.0,0,0.0
2022-05-01,LNGN0405,terminal,0,0,0,0,0.0,0,0.0
2022-05-01,LNGN0421,terminal,1,1,0,1,1.0,0,0.0
2022-05-01,LNGN0423,terminal,0,0,0,0,0.0,0,0.0
2022-05-01,LNGN0425,terminal,0,0,0,0,0.0,0,0.0
2022-05-01,LNGN0426,terminal,1,2,0,0,0.0,0,0.0
2022-05-01,LNGN0427,terminal,1,1,0,1,1.0,0,0.0
2022-05-01,LNGN0428,terminal,0,0,0,0,0.0,0,0.0
2022-05-01,LNGN0429,terminal,1,1,0,1,1.0,0,0.0
2022-05-01,LNGN0435,terminal,1,1,0,1,1.0,0,0.0
2022-05-01,LNGN0437,terminal,1,1,0,1,1.0,0,0.0
2022-05-01,LNGN0441,terminal,1,2,0,0,0.0,2,1.0
2022-05-01,LNGN0442,terminal,0,0,0,0,0.0,0,0.0
2022-05-01,LNGN0447,terminal,0,0,0,0,0.0,0,0.0
2022-05-01,LNGN0449,terminal,1,1,0,1,1.0,0,0.0
2022-05-01,LNGN0452,terminal,1,6,0,0,0.0,2,0.3333333333333333
2022-05-01,LNGN0453,terminal,0,0,0,0,0.0,0,0.0
2022-05-01,LNGN0460,terminal,1,1,0,1,1.0,0,0.0
2022-05-01,LNGN0463,terminal,1,2,0,0,0.0,0,0.0
2022-05-01,LNGN0464,terminal,1,2,0,0,0.0,0,0.0
2022-05-01,LNGN0472,terminal,0,0,0,0,0.0,0,0.0
2022-05-01,LNGN0473,terminal,1,2,0,0,0.0,2,1.0
2022-05-01,LNGN0474,terminal,1,1,0,1,1.0,0,0.0
2022-06-01,CP001,chokepoint,1,6,1,1,0.16666666666666666,3,0.5
2022-06-01,CP002,chokepoint,1,7,1,3,0.42857142857142855,4,0.5714285714285714
2022-06-01,CP004,chokepoint,1,3,0,0,0.0,1,0.3333333333333333
2022-06-01,CP005,chokepoint,1,8,1,1,0.125,1,0.125
2022-06-01,CP006,chokepoint,1,10,1,4,0.4,1,0.1
2022-06-01,CP007,chokepoint,1,3,0,0,0.0,3,1.0
2022-06-01,CP008,chokepoint,1,16,1,4,0.25,4,0.25
2022-06-01,CP009,chokepoint,1,14,1,3,0.21428571428571427,2,0.14285714285714285
2022-06-01,CP010,chokepoint,1,6,1,2,0.3333333333333333,2,0.3333333333333333
2022-06-01,CP011,chokepoint,1,18,1,9,0.5,4,0.2222222222222222
2022-06-01,CP012,chokepoint,1,3,0,0,0.0,3,1.0
2022-06-01,CP013,chokepoint,1,3,1,1,0.3333333333333333,2,0.6666666666666666
2022-06-01,CP014,chokepoint,1,7,1,2,0.2857142857142857,5,0.7142857142857143
2022-06-01,CP015,chokepoint,1,5,0,0,0.0,5,1.0
2022-06-01,CP016,chokepoint,1,9,1,2,0.2222222222222222,7,0.7777777777777778
2022-06-01,CP017,chokepoint,1,3,1,3,1.0,0,0.0
2022-06-01,CP018,chokepoint,0,0,0,0,0.0,0,0.0
2022-06-01,CP019,chokepoint,1,3,0,0,0.0,3,1.0
2022-06-01,CP020,chokepoint,1,2,0,0,0.0,2,1.0
2022-06-01,CP021,chokepoint,0,0,0,0,0.0,0,0.0
2022-06-01,CP022,chokepoint,1,5,1,1,0.2,4,0.8
2022-06-01,CP023,chokepoint,0,0,0,0,0.0,0,0.0
2022-06-01,CP024,chokepoint,0,0,0,0,0.0,0,0.0
2022-06-01,CP027,chokepoint,1,5,0,0,0.0,2,0.4
2022-06-01,LNGN0004,terminal,0,0,0,0,0.0,0,0.0
2022-06-01,LNGN0006,terminal,0,0,0,0,0.0,0,0.0
2022-06-01,LNGN0008,terminal,1,3,0,0,0.0,0,0.0
2022-06-01,LNGN0013,terminal,0,0,0,0,0.0,0,0.0
2022-06-01,LNGN0017,terminal,0,0,0,0,0.0,0,0.0
2022-06-01,LNGN0025,terminal,0,0,0,0,0.0,0,0.0
2022-06-01,LNGN0026,terminal,1,4,1,1,0.25,3,0.75
2022-06-01,LNGN0027,terminal,1,4,1,2,0.5,0,0.0
2022-06-01,LNGN0031,terminal,0,0,0,0,0.0,0,0.0
2022-06-01,LNGN0035,terminal,1,3,0,0,0.0,1,0.3333333333333333
2022-06-01,LNGN0037,terminal,1,1,0,1,1.0,0,0.0
2022-06-01,LNGN0039,terminal,0,0,0,0,0.0,0,0.0
2022-06-01,LNGN0040,terminal,1,2,0,0,0.0,2,1.0
2022-06-01,LNGN0044,terminal,0,0,0,0,0.0,0,0.0
2022-06-01,LNGN0045,terminal,0,0,0,0,0.0,0,0.0
2022-06-01,LNGN0050,terminal,1,3,0,0,0.0,3,1.0
2022-06-01,LNGN0052,terminal,0,0,0,0,0.0,0,0.0
2022-06-01,LNGN0055,terminal,0,0,0,0,0.0,0,0.0
2022-06-01,LNGN0056,terminal,1,1,0,1,1.0,0,0.0
2022-06-01,LNGN0059,terminal,0,0,0,0,0.0,0,0.0
2022-06-01,LNGN0069,terminal,0,0,0,0,0.0,0,0.0
2022-06-01,LNGN0070,terminal,1,6,0,0,0.0,3,0.5
2022-06-01,LNGN0074,terminal,0,0,0,0,0.0,0,0.0
2022-06-01,LNGN0075,terminal,0,0,0,0,0.0,0,0.0
2022-06-01,LNGN0076,terminal,0,0,0,0,0.0,0,0.0
2022-06-01,LNGN0079,terminal,0,0,0,0,0.0,0,0.0
2022-06-01,LNGN0081,terminal,1,1,0,1,1.0,0,0.0
2022-06-01,LNGN0083,terminal,1,2,0,0,0.0,2,1.0
2022-06-01,LNGN0085,terminal,1,2,0,0,0.0,0,0.0
2022-06-01,LNGN0087,terminal,1,1,0,1,1.0,0,0.0
2022-06-01,LNGN0097,terminal,1,1,0,1,1.0,0,0.0
2022-06-01,LNGN0098,terminal,1,1,0,1,1.0,0,0.0
2022-06-01,LNGN0100,terminal,0,0,0,0,0.0,0,0.0
2022-06-01,LNGN0101,terminal,1,1,0,1,1.0,0,0.0
2022-06-01,LNGN0102,terminal,0,0,0,0,0.0,0,0.0
2022-06-01,LNGN0103,terminal,1,1,0,1,1.0,0,0.0
2022-06-01,LNGN0108,terminal,1,1,0,1,1.0,0,0.0
2022-06-01,LNGN0109,terminal,0,0,0,0,0.0,0,0.0
2022-06-01,LNGN0112,terminal,1,1,0,1,1.0,0,0.0
2022-06-01,LNGN0115,terminal,0,0,0,0,0.0,0,0.0
2022-06-01,LNGN0121,terminal,1,3,0,0,0.0,3,1.0
2022-06-01,LNGN0122,terminal,0,0,0,0,0.0,0,0.0
2022-06-01,LNGN0124,terminal,1,1,0,1,1.0,0,0.0
2022-06-01,LNGN0130,terminal,1,1,0,1,1.0,0,0.0
2022-06-01,LNGN0132,terminal,1,2,0,0,0.0,2,1.0
2022-06-01,LNGN0136,terminal,0,0,0,0,0.0,0,0.0
2022-06-01,LNGN0138,terminal,0,0,0,0,0.0,0,0.0
2022-06-01,LNGN0142,terminal,1,3,1,1,0.3333333333333333,2,0.6666666666666666
2022-06-01,LNGN0143,terminal,0,0,0,0,0.0,0,0.0
2022-06-01,LNGN0144,terminal,1,2,0,0,0.0,2,1.0
2022-06-01,LNGN0148,terminal,0,0,0,0,0.0,0,0.0
2022-06-01,LNGN0150,terminal,0,0,0,0,0.0,0,0.0
2022-06-01,LNGN0156,terminal,1,1,0,1,1.0,0,0.0
2022-06-01,LNGN0163,terminal,0,0,0,0,0.0,0,0.0
2022-06-01,LNGN0164,terminal,0,0,0,0,0.0,0,0.0
2022-06-01,LNGN0165,terminal,0,0,0,0,0.0,0,0.0
2022-06-01,LNGN0166,terminal,1,3,0,0,0.0,3,1.0
2022-06-01,LNGN0168,terminal,1,2,1,2,1.0,0,0.0
2022-06-01,LNGN0170,terminal,0,0,0,0,0.0,0,0.0
2022-06-01,LNGN0173,terminal,1,2,0,0,0.0,2,1.0
2022-06-01,LNGN0174,terminal,1,1,0,1,1.0,0,0.0
2022-06-01,LNGN0175,terminal,0,0,0,0,0.0,0,0.0
2022-06-01,LNGN0176,terminal,0,0,0,0,0.0,0,0.0
2022-06-01,LNGN0178,terminal,1,3,0,0,0.0,3,1.0
2022-06-01,LNGN0180,terminal,0,0,0,0,0.0,0,0.0
2022-06-01,LNGN0181,terminal,1,1,0,1,1.0,0,0.0
2022-06-01,LNGN0182,terminal,0,0,0,0,0.0,0,0.0
2022-06-01,LNGN0186,terminal,1,2,0,0,0.0,2,1.0
2022-06-01,LNGN0190,terminal,0,0,0,0,0.0,0,0.0
2022-06-01,LNGN0191,terminal,0,0,0,0,0.0,0,0.0
2022-06-01,LNGN0195,terminal,1,4,0,0,0.0,1,0.25
2022-06-01,LNGN0199,terminal,0,0,0,0,0.0,0,0.0
2022-06-01,LNGN0206,terminal,0,0,0,0,0.0,0,0.0
2022-06-01,LNGN0207,terminal,1,1,0,1,1.0,0,0.0
2022-06-01,LNGN0208,terminal,1,1,0,1,1.0,0,0.0
2022-06-01,LNGN0210,terminal,1,1,0,1,1.0,0,0.0
2022-06-01,LNGN0212,terminal,0,0,0,0,0.0,0,0.0
2022-06-01,LNGN0219,terminal,0,0,0,0,0.0,0,0.0
2022-06-01,LNGN0222,terminal,0,0,0,0,0.0,0,0.0
2022-06-01,LNGN0230,terminal,1,3,0,0,0.0,1,0.3333333333333333
2022-06-01,LNGN0232,terminal,1,2,0,0,0.0,2,1.0
2022-06-01,LNGN0237,terminal,0,0,0,0,0.0,0,0.0
2022-06-01,LNGN0238,terminal,0,0,0,0,0.0,0,0.0
2022-06-01,LNGN0241,terminal,0,0,0,0,0.0,0,0.0
2022-06-01,LNGN0243,terminal,0,0,0,0,0.0,0,0.0
2022-06-01,LNGN0244,terminal,1,3,0,0,0.0,0,0.0
2022-06-01,LNGN0248,terminal,1,1,0,1,1.0,0,0.0
2022-06-01,LNGN0250,terminal,0,0,0,0,0.0,0,0.0
2022-06-01,LNGN0251,terminal,1,1,0,1,1.0,0,0.0
2022-06-01,LNGN0253,terminal,0,0,0,0,0.0,0,0.0
2022-06-01,LNGN0258,terminal,0,0,0,0,0.0,0,0.0
2022-06-01,LNGN0261,terminal,1,5,0,0,0.0,3,0.6
2022-06-01,LNGN0262,terminal,0,0,0,0,0.0,0,0.0
2022-06-01,LNGN0268,terminal,0,0,0,0,0.0,0,0.0
2022-06-01,LNGN0270,terminal,1,3,0,0,0.0,3,1.0
2022-06-01,LNGN0272,terminal,1,1,0,1,1.0,0,0.0
2022-06-01,LNGN0274,terminal,1,1,0,1,1.0,0,0.0
2022-06-01,LNGN0278,terminal,1,1,0,1,1.0,0,0.0
2022-06-01,LNGN0285,terminal,0,0,0,0,0.0,0,0.0
2022-06-01,LNGN0287,terminal,0,0,0,0,0.0,0,0.0
2022-06-01,LNGN0288,terminal,1,1,0,1,1.0,0,0.0
2022-06-01,LNGN0290,terminal,0,0,0,0,0.0,0,0.0
2022-06-01,LNGN0291,terminal,0,0,0,0,0.0,0,0.0
2022-06-01,LNGN0293,terminal,0,0,0,0,0.0,0,0.0
2022-06-01,LNGN0294,terminal,0,0,0,0,0.0,0,0.0
2022-06-01,LNGN0297,terminal,1,2,0,0,0.0,2,1.0
2022-06-01,LNGN0299,terminal,0,0,0,0,0.0,0,0.0
2022-06-01,LNGN0307,terminal,0,0,0,0,0.0,0,0.0
2022-06-01,LNGN0308,terminal,0,0,0,0,0.0,0,0.0
2022-06-01,LNGN0309,terminal,1,1,0,1,1.0,0,0.0
2022-06-01,LNGN0312,terminal,0,0,0,0,0.0,0,0.0
2022-06-01,LNGN0314,terminal,1,3,0,0,0.0,3,1.0
2022-06-01,LNGN0319,terminal,1,1,0,1,1.0,0,0.0
2022-06-01,LNGN0322,terminal,1,2,0,0,0.0,2,1.0
2022-06-01,LNGN0324,terminal,0,0,0,0,0.0,0,0.0
2022-06-01,LNGN0328,terminal,1,2,0,0,0.0,0,0.0
2022-06-01,LNGN0331,terminal,1,1,0,1,1.0,0,0.0
2022-06-01,LNGN0334,terminal,0,0,0,0,0.0,0,0.0
2022-06-01,LNGN0344,terminal,0,0,0,0,0.0,0,0.0
2022-06-01,LNGN0345,terminal,1,5,0,0,0.0,1,0.2
2022-06-01,LNGN0347,terminal,0,0,0,0,0.0,0,0.0
2022-06-01,LNGN0348,terminal,0,0,0,0,0.0,0,0.0
2022-06-01,LNGN0351,terminal,0,0,0,0,0.0,0,0.0
2022-06-01,LNGN0354,terminal,0,0,0,0,0.0,0,0.0
2022-06-01,LNGN0359,terminal,1,1,0,1,1.0,0,0.0
2022-06-01,LNGN0361,terminal,0,0,0,0,0.0,0,0.0
2022-06-01,LNGN0362,terminal,0,0,0,0,0.0,0,0.0
2022-06-01,LNGN0363,terminal,1,1,0,1,1.0,0,0.0
2022-06-01,LNGN0364,terminal,0,0,0,0,0.0,0,0.0
2022-06-01,LNGN0372,terminal,1,1,0,1,1.0,0,0.0
2022-06-01,LNGN0374,terminal,1,2,0,0,0.0,2,1.0
2022-06-01,LNGN0378,terminal,1,3,1,1,0.3333333333333333,2,0.6666666666666666
2022-06-01,LNGN0381,terminal,1,3,0,0,0.0,3,1.0
2022-06-01,LNGN0382,terminal,0,0,0,0,0.0,0,0.0
2022-06-01,LNGN0385,terminal,1,1,0,1,1.0,0,0.0
2022-06-01,LNGN0391,terminal,0,0,0,0,0.0,0,0.0
2022-06-01,LNGN0398,terminal,1,1,0,1,1.0,0,0.0
2022-06-01,LNGN0405,terminal,0,0,0,0,0.0,0,0.0
2022-06-01,LNGN0421,terminal,1,1,0,1,1.0,0,0.0
2022-06-01,LNGN0423,terminal,1,2,0,0,0.0,2,1.0
2022-06-01,LNGN0425,terminal,0,0,0,0,0.0,0,0.0
2022-06-01,LNGN0426,terminal,1,1,0,1,1.0,0,0.0
2022-06-01,LNGN0427,terminal,1,1,0,1,1.0,0,0.0
2022-06-01,LNGN0428,terminal,1,3,1,1,0.3333333333333333,2,0.6666666666666666
2022-06-01,LNGN0429,terminal,0,0,0,0,0.0,0,0.0
2022-06-01,LNGN0435,terminal,1,1,0,1,1.0,0,0.0
2022-06-01,LNGN0437,terminal,1,1,0,1,1.0,0,0.0
2022-06-01,LNGN0441,terminal,1,2,0,0,0.0,2,1.0
2022-06-01,LNGN0442,terminal,0,0,0,0,0.0,0,0.0
2022-06-01,LNGN0447,terminal,0,0,0,0,0.0,0,0.0
2022-06-01,LNGN0449,terminal,1,1,0,1,1.0,0,0.0
2022-06-01,LNGN0452,terminal,1,5,1,1,0.2,1,0.2
2022-06-01,LNGN0453,terminal,1,1,0,1,1.0,0,0.0
2022-06-01,LNGN0460,terminal,1,1,0,1,1.0,0,0.0
2022-06-01,LNGN0463,terminal,1,4,0,0,0.0,1,0.25
2022-06-01,LNGN0464,terminal,1,2,0,0,0.0,0,0.0
2022-06-01,LNGN0472,terminal,1,1,0,1,1.0,0,0.0
2022-06-01,LNGN0473,terminal,1,1,0,1,1.0,0,0.0
2022-06-01,LNGN0474,terminal,1,1,0,1,1.0,0,0.0
2022-07-01,CP001,chokepoint,1,6,0,0,0.0,1,0.16666666666666666
2022-07-01,CP002,chokepoint,1,8,1,2,0.25,4,0.5
2022-07-01,CP004,chokepoint,1,5,1,1,0.2,1,0.2
2022-07-01,CP005,chokepoint,1,8,1,1,0.125,1,0.125
2022-07-01,CP006,chokepoint,1,10,1,3,0.3,1,0.1
2022-07-01,CP007,chokepoint,1,3,0,0,0.0,3,1.0
2022-07-01,CP008,chokepoint,1,17,1,3,0.17647058823529413,3,0.17647058823529413
2022-07-01,CP009,chokepoint,1,13,1,3,0.23076923076923078,0,0.0
2022-07-01,CP010,chokepoint,1,8,1,4,0.5,0,0.0
2022-07-01,CP011,chokepoint,1,18,1,7,0.3888888888888889,1,0.05555555555555555
2022-07-01,CP012,chokepoint,1,5,1,1,0.2,1,0.2
2022-07-01,CP013,chokepoint,1,3,1,1,0.3333333333333333,2,0.6666666666666666
2022-07-01,CP014,chokepoint,1,8,0,0,0.0,8,1.0
2022-07-01,CP015,chokepoint,1,4,0,0,0.0,4,1.0
2022-07-01,CP016,chokepoint,1,9,1,1,0.1111111111111111,8,0.8888888888888888
2022-07-01,CP017,chokepoint,1,3,1,3,1.0,0,0.0
2022-07-01,CP018,chokepoint,1,2,0,0,0.0,2,1.0
2022-07-01,CP019,chokepoint,1,3,0,0,0.0,3,1.0
2022-07-01,CP020,chokepoint,1,2,0,0,0.0,2,1.0
2022-07-01,CP021,chokepoint,0,0,0,0,0.0,0,0.0
2022-07-01,CP022,chokepoint,1,4,0,0,0.0,4,1.0
2022-07-01,CP023,chokepoint,0,0,0,0,0.0,0,0.0
2022-07-01,CP024,chokepoint,0,0,0,0,0.0,0,0.0
2022-07-01,CP027,chokepoint,1,5,1,1,0.2,2,0.4
2022-07-01,LNGN0004,terminal,0,0,0,0,0.0,0,0.0
2022-07-01,LNGN0006,terminal,0,0,0,0,0.0,0,0.0
2022-07-01,LNGN0008,terminal,1,2,0,0,0.0,0,0.0
2022-07-01,LNGN0013,terminal,0,0,0,0,0.0,0,0.0
2022-07-01,LNGN0017,terminal,0,0,0,0,0.0,0,0.0
2022-07-01,LNGN0025,terminal,0,0,0,0,0.0,0,0.0
2022-07-01,LNGN0026,terminal,1,3,1,3,1.0,0,0.0
2022-07-01,LNGN0027,terminal,1,3,1,1,0.3333333333333333,2,0.6666666666666666
2022-07-01,LNGN0031,terminal,0,0,0,0,0.0,0,0.0
2022-07-01,LNGN0035,terminal,1,2,0,0,0.0,0,0.0
2022-07-01,LNGN0037,terminal,1,1,0,1,1.0,0,0.0
2022-07-01,LNGN0039,terminal,0,0,0,0,0.0,0,0.0
2022-07-01,LNGN0040,terminal,1,1,0,1,1.0,0,0.0
2022-07-01,LNGN0044,terminal,0,0,0,0,0.0,0,0.0
2022-07-01,LNGN0045,terminal,0,0,0,0,0.0,0,0.0
2022-07-01,LNGN0050,terminal,1,2,0,0,0.0,2,1.0
2022-07-01,LNGN0052,terminal,1,1,0,1,1.0,0,0.0
2022-07-01,LNGN0055,terminal,0,0,0,0,0.0,0,0.0
2022-07-01,LNGN0056,terminal,1,1,0,1,1.0,0,0.0
2022-07-01,LNGN0059,terminal,0,0,0,0,0.0,0,0.0
2022-07-01,LNGN0069,terminal,0,0,0,0,0.0,0,0.0
2022-07-01,LNGN0070,terminal,1,7,0,0,0.0,3,0.42857142857142855
2022-07-01,LNGN0074,terminal,1,1,0,1,1.0,0,0.0
2022-07-01,LNGN0075,terminal,0,0,0,0,0.0,0,0.0
2022-07-01,LNGN0076,terminal,0,0,0,0,0.0,0,0.0
2022-07-01,LNGN0079,terminal,0,0,0,0,0.0,0,0.0
2022-07-01,LNGN0081,terminal,0,0,0,0,0.0,0,0.0
2022-07-01,LNGN0083,terminal,1,2,0,0,0.0,0,0.0
2022-07-01,LNGN0085,terminal,1,1,0,1,1.0,0,0.0
2022-07-01,LNGN0087,terminal,0,0,0,0,0.0,0,0.0
2022-07-01,LNGN0097,terminal,1,1,0,1,1.0,0,0.0
2022-07-01,LNGN0098,terminal,0,0,0,0,0.0,0,0.0
2022-07-01,LNGN0100,terminal,0,0,0,0,0.0,0,0.0
2022-07-01,LNGN0101,terminal,0,0,0,0,0.0,0,0.0
2022-07-01,LNGN0102,terminal,0,0,0,0,0.0,0,0.0
2022-07-01,LNGN0103,terminal,1,2,0,0,0.0,0,0.0
2022-07-01,LNGN0108,terminal,1,1,0,1,1.0,0,0.0
2022-07-01,LNGN0109,terminal,0,0,0,0,0.0,0,0.0
2022-07-01,LNGN0112,terminal,0,0,0,0,0.0,0,0.0
2022-07-01,LNGN0115,terminal,0,0,0,0,0.0,0,0.0
2022-07-01,LNGN0121,terminal,1,4,1,1,0.25,1,0.25
2022-07-01,LNGN0122,terminal,1,1,0,1,1.0,0,0.0
2022-07-01,LNGN0124,terminal,0,0,0,0,0.0,0,0.0
2022-07-01,LNGN0130,terminal,1,1,0,1,1.0,0,0.0
2022-07-01,LNGN0132,terminal,1,2,0,0,0.0,0,0.0
2022-07-01,LNGN0136,terminal,0,0,0,0,0.0,0,0.0
2022-07-01,LNGN0138,terminal,0,0,0,0,0.0,0,0.0
2022-07-01,LNGN0142,terminal,1,2,0,0,0.0,2,1.0
2022-07-01,LNGN0143,terminal,0,0,0,0,0.0,0,0.0
2022-07-01,LNGN0144,terminal,0,0,0,0,0.0,0,0.0
2022-07-01,LNGN0148,terminal,0,0,0,0,0.0,0,0.0
2022-07-01,LNGN0150,terminal,0,0,0,0,0.0,0,0.0
2022-07-01,LNGN0156,terminal,0,0,0,0,0.0,0,0.0
2022-07-01,LNGN0163,terminal,1,1,0,1,1.0,0,0.0
2022-07-01,LNGN0164,terminal,0,0,0,0,0.0,0,0.0
2022-07-01,LNGN0165,terminal,0,0,0,0,0.0,0,0.0
2022-07-01,LNGN0166,terminal,1,3,0,0,0.0,0,0.0
2022-07-01,LNGN0168,terminal,1,3,0,0,0.0,0,0.0
2022-07-01,LNGN0170,terminal,1,2,0,0,0.0,2,1.0
2022-07-01,LNGN0173,terminal,1,2,0,0,0.0,2,1.0
2022-07-01,LNGN0174,terminal,0,0,0,0,0.0,0,0.0
2022-07-01,LNGN0175,terminal,0,0,0,0,0.0,0,0.0
2022-07-01,LNGN0176,terminal,0,0,0,0,0.0,0,0.0
2022-07-01,LNGN0178,terminal,1,2,0,0,0.0,2,1.0
2022-07-01,LNGN0180,terminal,0,0,0,0,0.0,0,0.0
2022-07-01,LNGN0181,terminal,1,2,0,0,0.0,0,0.0
2022-07-01,LNGN0182,terminal,0,0,0,0,0.0,0,0.0
2022-07-01,LNGN0186,terminal,1,1,0,1,1.0,0,0.0
2022-07-01,LNGN0190,terminal,0,0,0,0,0.0,0,0.0
2022-07-01,LNGN0191,terminal,1,1,0,1,1.0,0,0.0
2022-07-01,LNGN0195,terminal,1,2,0,0,0.0,0,0.0
2022-07-01,LNGN0199,terminal,0,0,0,0,0.0,0,0.0
2022-07-01,LNGN0206,terminal,0,0,0,0,0.0,0,0.0
2022-07-01,LNGN0207,terminal,1,1,0,1,1.0,0,0.0
2022-07-01,LNGN0208,terminal,0,0,0,0,0.0,0,0.0
2022-07-01,LNGN0210,terminal,0,0,0,0,0.0,0,0.0
2022-07-01,LNGN0212,terminal,0,0,0,0,0.0,0,0.0
2022-07-01,LNGN0219,terminal,0,0,0,0,0.0,0,0.0
2022-07-01,LNGN0222,terminal,0,0,0,0,0.0,0,0.0
2022-07-01,LNGN0230,terminal,1,2,0,0,0.0,0,0.0
2022-07-01,LNGN0232,terminal,1,1,0,1,1.0,0,0.0
2022-07-01,LNGN0237,terminal,1,1,0,1,1.0,0,0.0
2022-07-01,LNGN0238,terminal,0,0,0,0,0.0,0,0.0
2022-07-01,LNGN0241,terminal,0,0,0,0,0.0,0,0.0
2022-07-01,LNGN0243,terminal,0,0,0,0,0.0,0,0.0
2022-07-01,LNGN0244,terminal,1,3,0,0,0.0,0,0.0
2022-07-01,LNGN0248,terminal,1,1,0,1,1.0,0,0.0
2022-07-01,LNGN0250,terminal,0,0,0,0,0.0,0,0.0
2022-07-01,LNGN0251,terminal,1,1,0,1,1.0,0,0.0
2022-07-01,LNGN0253,terminal,0,0,0,0,0.0,0,0.0
2022-07-01,LNGN0258,terminal,0,0,0,0,0.0,0,0.0
2022-07-01,LNGN0261,terminal,1,4,0,0,0.0,4,1.0
2022-07-01,LNGN0262,terminal,0,0,0,0,0.0,0,0.0
2022-07-01,LNGN0268,terminal,0,0,0,0,0.0,0,0.0
2022-07-01,LNGN0270,terminal,1,2,0,0,0.0,2,1.0
2022-07-01,LNGN0272,terminal,1,1,0,1,1.0,0,0.0
2022-07-01,LNGN0274,terminal,1,3,0,0,0.0,0,0.0
2022-07-01,LNGN0278,terminal,0,0,0,0,0.0,0,0.0
2022-07-01,LNGN0285,terminal,0,0,0,0,0.0,0,0.0
2022-07-01,LNGN0287,terminal,0,0,0,0,0.0,0,0.0
2022-07-01,LNGN0288,terminal,0,0,0,0,0.0,0,0.0
2022-07-01,LNGN0290,terminal,0,0,0,0,0.0,0,0.0
2022-07-01,LNGN0291,terminal,0,0,0,0,0.0,0,0.0
2022-07-01,LNGN0293,terminal,1,1,0,1,1.0,0,0.0
2022-07-01,LNGN0294,terminal,0,0,0,0,0.0,0,0.0
2022-07-01,LNGN0297,terminal,1,2,0,0,0.0,2,1.0
2022-07-01,LNGN0299,terminal,0,0,0,0,0.0,0,0.0
2022-07-01,LNGN0307,terminal,0,0,0,0,0.0,0,0.0
2022-07-01,LNGN0308,terminal,0,0,0,0,0.0,0,0.0
2022-07-01,LNGN0309,terminal,0,0,0,0,0.0,0,0.0
2022-07-01,LNGN0312,terminal,1,1,0,1,1.0,0,0.0
2022-07-01,LNGN0314,terminal,1,2,0,0,0.0,0,0.0
2022-07-01,LNGN0319,terminal,1,1,0,1,1.0,0,0.0
2022-07-01,LNGN0322,terminal,1,3,0,0,0.0,3,1.0
2022-07-01,LNGN0324,terminal,0,0,0,0,0.0,0,0.0
2022-07-01,LNGN0328,terminal,1,3,1,1,0.3333333333333333,0,0.0
2022-07-01,LNGN0331,terminal,1,2,0,0,0.0,2,1.0
2022-07-01,LNGN0334,terminal,0,0,0,0,0.0,0,0.0
2022-07-01,LNGN0344,terminal,0,0,0,0,0.0,0,0.0
2022-07-01,LNGN0345,terminal,1,6,1,1,0.16666666666666666,1,0.16666666666666666
2022-07-01,LNGN0347,terminal,1,2,0,0,0.0,0,0.0
2022-07-01,LNGN0348,terminal,0,0,0,0,0.0,0,0.0
2022-07-01,LNGN0351,terminal,0,0,0,0,0.0,0,0.0
2022-07-01,LNGN0354,terminal,1,1,0,1,1.0,0,0.0
2022-07-01,LNGN0359,terminal,1,2,0,0,0.0,2,1.0
2022-07-01,LNGN0361,terminal,0,0,0,0,0.0,0,0.0
2022-07-01,LNGN0362,terminal,0,0,0,0,0.0,0,0.0
2022-07-01,LNGN0363,terminal,0,0,0,0,0.0,0,0.0
2022-07-01,LNGN0364,terminal,0,0,0,0,0.0,0,0.0
2022-07-01,LNGN0372,terminal,0,0,0,0,0.0,0,0.0
2022-07-01,LNGN0374,terminal,1,4,1,1,0.25,3,0.75
2022-07-01,LNGN0378,terminal,1,2,0,0,0.0,2,1.0
2022-07-01,LNGN0381,terminal,1,4,0,0,0.0,4,1.0
2022-07-01,LNGN0382,terminal,0,0,0,0,0.0,0,0.0
2022-07-01,LNGN0385,terminal,1,1,0,1,1.0,0,0.0
2022-07-01,LNGN0391,terminal,0,0,0,0,0.0,0,0.0
2022-07-01,LNGN0398,terminal,1,1,0,1,1.0,0,0.0
2022-07-01,LNGN0405,terminal,0,0,0,0,0.0,0,0.0
2022-07-01,LNGN0421,terminal,1,1,0,1,1.0,0,0.0
2022-07-01,LNGN0423,terminal,1,1,0,1,1.0,0,0.0
2022-07-01,LNGN0425,terminal,0,0,0,0,0.0,0,0.0
2022-07-01,LNGN0426,terminal,1,1,0,1,1.0,0,0.0
2022-07-01,LNGN0427,terminal,1,1,0,1,1.0,0,0.0
2022-07-01,LNGN0428,terminal,1,1,0,1,1.0,0,0.0
2022-07-01,LNGN0429,terminal,1,1,0,1,1.0,0,0.0
2022-07-01,LNGN0435,terminal,1,2,1,2,1.0,0,0.0
2022-07-01,LNGN0437,terminal,1,2,0,0,0.0,0,0.0
2022-07-01,LNGN0441,terminal,1,2,0,0,0.0,2,1.0
2022-07-01,LNGN0442,terminal,0,0,0,0,0.0,0,0.0
2022-07-01,LNGN0447,terminal,1,1,0,1,1.0,0,0.0
2022-07-01,LNGN0449,terminal,1,1,0,1,1.0,0,0.0
2022-07-01,LNGN0452,terminal,1,4,0,0,0.0,0,0.0
2022-07-01,LNGN0453,terminal,0,0,0,0,0.0,0,0.0
2022-07-01,LNGN0460,terminal,1,2,0,0,0.0,2,1.0
2022-07-01,LNGN0463,terminal,1,2,0,0,0.0,0,0.0
2022-07-01,LNGN0464,terminal,1,2,0,0,0.0,0,0.0
2022-07-01,LNGN0472,terminal,0,0,0,0,0.0,0,0.0
2022-07-01,LNGN0473,terminal,1,1,0,1,1.0,0,0.0
2022-07-01,LNGN0474,terminal,1,1,0,1,1.0,0,0.0
2022-08-01,CP001,chokepoint,1,5,0,0,0.0,1,0.2
2022-08-01,CP002,chokepoint,1,7,1,1,0.14285714285714285,6,0.8571428571428571
2022-08-01,CP004,chokepoint,1,4,0,0,0.0,1,0.25
2022-08-01,CP005,chokepoint,1,9,1,2,0.2222222222222222,4,0.4444444444444444
2022-08-01,CP006,chokepoint,1,10,1,3,0.3,0,0.0
2022-08-01,CP007,chokepoint,1,3,0,0,0.0,1,0.3333333333333333
2022-08-01,CP008,chokepoint,1,19,1,5,0.2631578947368421,2,0.10526315789473684
2022-08-01,CP009,chokepoint,1,12,1,3,0.25,0,0.0
2022-08-01,CP010,chokepoint,1,7,1,3,0.42857142857142855,1,0.14285714285714285
2022-08-01,CP011,chokepoint,1,10,1,5,0.5,3,0.3
2022-08-01,CP012,chokepoint,1,7,1,3,0.42857142857142855,2,0.2857142857142857
2022-08-01,CP013,chokepoint,1,5,1,2,0.4,3,0.6
2022-08-01,CP014,chokepoint,1,7,1,2,0.2857142857142857,5,0.7142857142857143
2022-08-01,CP015,chokepoint,1,5,0,0,0.0,5,1.0
2022-08-01,CP016,chokepoint,1,12,1,4,0.3333333333333333,8,0.6666666666666666
2022-08-01,CP017,chokepoint,1,3,1,3,1.0,0,0.0
2022-08-01,CP018,chokepoint,0,0,0,0,0.0,0,0.0
2022-08-01,CP019,chokepoint,0,0,0,0,0.0,0,0.0
2022-08-01,CP020,chokepoint,1,2,0,0,0.0,2,1.0
2022-08-01,CP021,chokepoint,1,2,1,2,1.0,0,0.0
2022-08-01,CP022,chokepoint,1,5,1,1,0.2,4,0.8
2022-08-01,CP023,chokepoint,0,0,0,0,0.0,0,0.0
2022-08-01,CP024,chokepoint,0,0,0,0,0.0,0,0.0
2022-08-01,CP027,chokepoint,1,6,1,2,0.3333333333333333,4,0.6666666666666666
2022-08-01,LNGN0004,terminal,1,1,0,1,1.0,0,0.0
2022-08-01,LNGN0006,terminal,0,0,0,0,0.0,0,0.0
2022-08-01,LNGN0008,terminal,1,2,0,0,0.0,0,0.0
2022-08-01,LNGN0013,terminal,0,0,0,0,0.0,0,0.0
2022-08-01,LNGN0017,terminal,0,0,0,0,0.0,0,0.0
2022-08-01,LNGN0025,terminal,0,0,0,0,0.0,0,0.0
2022-08-01,LNGN0026,terminal,1,4,1,1,0.25,1,0.25
2022-08-01,LNGN0027,terminal,1,4,1,1,0.25,3,0.75
2022-08-01,LNGN0031,terminal,0,0,0,0,0.0,0,0.0
2022-08-01,LNGN0035,terminal,1,2,0,0,0.0,2,1.0
2022-08-01,LNGN0037,terminal,1,3,0,0,0.0,0,0.0
2022-08-01,LNGN0039,terminal,0,0,0,0,0.0,0,0.0
2022-08-01,LNGN0040,terminal,1,1,0,1,1.0,0,0.0
2022-08-01,LNGN0044,terminal,0,0,0,0,0.0,0,0.0
2022-08-01,LNGN0045,terminal,0,0,0,0,0.0,0,0.0
2022-08-01,LNGN0050,terminal,1,4,0,0,0.0,1,0.25
2022-08-01,LNGN0052,terminal,1,1,0,1,1.0,0,0.0
2022-08-01,LNGN0055,terminal,0,0,0,0,0.0,0,0.0
2022-08-01,LNGN0056,terminal,1,1,0,1,1.0,0,0.0
2022-08-01,LNGN0059,terminal,0,0,0,0,0.0,0,0.0
2022-08-01,LNGN0069,terminal,0,0,0,0,0.0,0,0.0
2022-08-01,LNGN0070,terminal,1,5,0,0,0.0,1,0.2
2022-08-01,LNGN0074,terminal,0,0,0,0,0.0,0,0.0
2022-08-01,LNGN0075,terminal,0,0,0,0,0.0,0,0.0
2022-08-01,LNGN0076,terminal,0,0,0,0,0.0,0,0.0
2022-08-01,LNGN0079,terminal,0,0,0,0,0.0,0,0.0
2022-08-01,LNGN0081,terminal,0,0,0,0,0.0,0,0.0
2022-08-01,LNGN0083,terminal,1,2,0,0,0.0,0,0.0
2022-08-01,LNGN0085,terminal,1,1,0,1,1.0,0,0.0
2022-08-01,LNGN0087,terminal,0,0,0,0,0.0,0,0.0
2022-08-01,LNGN0097,terminal,1,1,0,1,1.0,0,0.0
2022-08-01,LNGN0098,terminal,0,0,0,0,0.0,0,0.0
2022-08-01,LNGN0100,terminal,1,1,0,1,1.0,0,0.0
2022-08-01,LNGN0101,terminal,0,0,0,0,0.0,0,0.0
2022-08-01,LNGN0102,terminal,0,0,0,0,0.0,0,0.0
2022-08-01,LNGN0103,terminal,0,0,0,0,0.0,0,0.0
2022-08-01,LNGN0108,terminal,0,0,0,0,0.0,0,0.0
2022-08-01,LNGN0109,terminal,0,0,0,0,0.0,0,0.0
2022-08-01,LNGN0112,terminal,1,1,0,1,1.0,0,0.0
2022-08-01,LNGN0115,terminal,0,0,0,0,0.0,0,0.0
2022-08-01,LNGN0121,terminal,1,4,0,0,0.0,0,0.0
2022-08-01,LNGN0122,terminal,0,0,0,0,0.0,0,0.0
2022-08-01,LNGN0124,terminal,0,0,0,0,0.0,0,0.0
2022-08-01,LNGN0130,terminal,1,2,0,0,0.0,0,0.0
2022-08-01,LNGN0132,terminal,1,3,0,0,0.0,1,0.3333333333333333
2022-08-01,LNGN0136,terminal,0,0,0,0,0.0,0,0.0
2022-08-01,LNGN0138,terminal,0,0,0,0,0.0,0,0.0
2022-08-01,LNGN0142,terminal,1,2,0,0,0.0,2,1.0
2022-08-01,LNGN0143,terminal,0,0,0,0,0.0,0,0.0
2022-08-01,LNGN0144,terminal,1,1,0,1,1.0,0,0.0
2022-08-01,LNGN0148,terminal,0,0,0,0,0.0,0,0.0
2022-08-01,LNGN0150,terminal,0,0,0,0,0.0,0,0.0
2022-08-01,LNGN0156,terminal,0,0,0,0,0.0,0,0.0
2022-08-01,LNGN0163,terminal,1,1,0,1,1.0,0,0.0
2022-08-01,LNGN0164,terminal,1,1,0,1,1.0,0,0.0
2022-08-01,LNGN0165,terminal,0,0,0,0,0.0,0,0.0
2022-08-01,LNGN0166,terminal,1,2,0,0,0.0,2,1.0
2022-08-01,LNGN0168,terminal,1,1,0,1,1.0,0,0.0
2022-08-01,LNGN0170,terminal,0,0,0,0,0.0,0,0.0
2022-08-01,LNGN0173,terminal,1,2,0,0,0.0,2,1.0
2022-08-01,LNGN0174,terminal,0,0,0,0,0.0,0,0.0
2022-08-01,LNGN0175,terminal,1,1,0,1,1.0,0,0.0
2022-08-01,LNGN0176,terminal,0,0,0,0,0.0,0,0.0
2022-08-01,LNGN0178,terminal,1,2,0,0,0.0,2,1.0
2022-08-01,LNGN0180,terminal,0,0,0,0,0.0,0,0.0
2022-08-01,LNGN0181,terminal,1,2,0,0,0.0,0,0.0
2022-08-01,LNGN0182,terminal,0,0,0,0,0.0,0,0.0
2022-08-01,LNGN0186,terminal,0,0,0,0,0.0,0,0.0
2022-08-01,LNGN0190,terminal,0,0,0,0,0.0,0,0.0
2022-08-01,LNGN0191,terminal,0,0,0,0,0.0,0,0.0
2022-08-01,LNGN0195,terminal,1,2,0,0,0.0,2,1.0
2022-08-01,LNGN0199,terminal,0,0,0,0,0.0,0,0.0
2022-08-01,LNGN0206,terminal,0,0,0,0,0.0,0,0.0
2022-08-01,LNGN0207,terminal,1,1,0,1,1.0,0,0.0
2022-08-01,LNGN0208,terminal,1,1,0,1,1.0,0,0.0
2022-08-01,LNGN0210,terminal,0,0,0,0,0.0,0,0.0
2022-08-01,LNGN0212,terminal,0,0,0,0,0.0,0,0.0
2022-08-01,LNGN0219,terminal,0,0,0,0,0.0,0,0.0
2022-08-01,LNGN0222,terminal,0,0,0,0,0.0,0,0.0
2022-08-01,LNGN0230,terminal,1,2,0,0,0.0,2,1.0
2022-08-01,LNGN0232,terminal,1,1,0,1,1.0,0,0.0
2022-08-01,LNGN0237,terminal,0,0,0,0,0.0,0,0.0
2022-08-01,LNGN0238,terminal,0,0,0,0,0.0,0,0.0
2022-08-01,LNGN0241,terminal,1,1,0,1,1.0,0,0.0
2022-08-01,LNGN0243,terminal,0,0,0,0,0.0,0,0.0
2022-08-01,LNGN0244,terminal,1,3,0,0,0.0,0,0.0
2022-08-01,LNGN0248,terminal,0,0,0,0,0.0,0,0.0
2022-08-01,LNGN0250,terminal,0,0,0,0,0.0,0,0.0
2022-08-01,LNGN0251,terminal,0,0,0,0,0.0,0,0.0
2022-08-01,LNGN0253,terminal,0,0,0,0,0.0,0,0.0
2022-08-01,LNGN0258,terminal,1,1,0,1,1.0,0,0.0
2022-08-01,LNGN0261,terminal,1,5,0,0,0.0,3,0.6
2022-08-01,LNGN0262,terminal,0,0,0,0,0.0,0,0.0
2022-08-01,LNGN0268,terminal,0,0,0,0,0.0,0,0.0
2022-08-01,LNGN0270,terminal,1,2,0,0,0.0,2,1.0
2022-08-01,LNGN0272,terminal,0,0,0,0,0.0,0,0.0
2022-08-01,LNGN0274,terminal,1,3,0,0,0.0,0,0.0
2022-08-01,LNGN0278,terminal,1,1,0,1,1.0,0,0.0
2022-08-01,LNGN0285,terminal,0,0,0,0,0.0,0,0.0
2022-08-01,LNGN0287,terminal,0,0,0,0,0.0,0,0.0
2022-08-01,LNGN0288,terminal,0,0,0,0,0.0,0,0.0
2022-08-01,LNGN0290,terminal,0,0,0,0,0.0,0,0.0
2022-08-01,LNGN0291,terminal,0,0,0,0,0.0,0,0.0
2022-08-01,LNGN0293,terminal,0,0,0,0,0.0,0,0.0
2022-08-01,LNGN0294,terminal,0,0,0,0,0.0,0,0.0
2022-08-01,LNGN0297,terminal,1,2,0,0,0.0,2,1.0
2022-08-01,LNGN0299,terminal,0,0,0,0,0.0,0,0.0
2022-08-01,LNGN0307,terminal,0,0,0,0,0.0,0,0.0
2022-08-01,LNGN0308,terminal,0,0,0,0,0.0,0,0.0
2022-08-01,LNGN0309,terminal,0,0,0,0,0.0,0,0.0
2022-08-01,LNGN0312,terminal,1,1,0,1,1.0,0,0.0
2022-08-01,LNGN0314,terminal,1,1,0,1,1.0,0,0.0
2022-08-01,LNGN0319,terminal,1,1,0,1,1.0,0,0.0
2022-08-01,LNGN0322,terminal,1,1,0,1,1.0,0,0.0
2022-08-01,LNGN0324,terminal,1,1,0,1,1.0,0,0.0
2022-08-01,LNGN0328,terminal,1,2,0,0,0.0,0,0.0
2022-08-01,LNGN0331,terminal,1,1,0,1,1.0,0,0.0
2022-08-01,LNGN0334,terminal,0,0,0,0,0.0,0,0.0
2022-08-01,LNGN0344,terminal,0,0,0,0,0.0,0,0.0
2022-08-01,LNGN0345,terminal,1,7,0,0,0.0,3,0.42857142857142855
2022-08-01,LNGN0347,terminal,1,1,0,1,1.0,0,0.0
2022-08-01,LNGN0348,terminal,0,0,0,0,0.0,0,0.0
2022-08-01,LNGN0351,terminal,0,0,0,0,0.0,0,0.0
2022-08-01,LNGN0354,terminal,1,1,0,1,1.0,0,0.0
2022-08-01,LNGN0359,terminal,1,1,0,1,1.0,0,0.0
2022-08-01,LNGN0361,terminal,0,0,0,0,0.0,0,0.0
2022-08-01,LNGN0362,terminal,0,0,0,0,0.0,0,0.0
2022-08-01,LNGN0363,terminal,1,1,0,1,1.0,0,0.0
2022-08-01,LNGN0364,terminal,0,0,0,0,0.0,0,0.0
2022-08-01,LNGN0372,terminal,1,1,0,1,1.0,0,0.0
2022-08-01,LNGN0374,terminal,1,4,0,0,0.0,4,1.0
2022-08-01,LNGN0378,terminal,1,3,1,1,0.3333333333333333,0,0.0
2022-08-01,LNGN0381,terminal,1,2,0,0,0.0,2,1.0
2022-08-01,LNGN0382,terminal,0,0,0,0,0.0,0,0.0
2022-08-01,LNGN0385,terminal,1,2,0,0,0.0,0,0.0
2022-08-01,LNGN0391,terminal,0,0,0,0,0.0,0,0.0
2022-08-01,LNGN0398,terminal,1,1,0,1,1.0,0,0.0
2022-08-01,LNGN0405,terminal,0,0,0,0,0.0,0,0.0
2022-08-01,LNGN0421,terminal,1,1,0,1,1.0,0,0.0
2022-08-01,LNGN0423,terminal,1,1,0,1,1.0,0,0.0
2022-08-01,LNGN0425,terminal,1,1,0,1,1.0,0,0.0
2022-08-01,LNGN0426,terminal,1,2,1,2,1.0,0,0.0
2022-08-01,LNGN0427,terminal,1,1,0,1,1.0,0,0.0
2022-08-01,LNGN0428,terminal,1,1,0,1,1.0,0,0.0
2022-08-01,LNGN0429,terminal,0,0,0,0,0.0,0,0.0
2022-08-01,LNGN0435,terminal,1,2,1,2,1.0,0,0.0
2022-08-01,LNGN0437,terminal,1,1,0,1,1.0,0,0.0
2022-08-01,LNGN0441,terminal,1,2,0,0,0.0,2,1.0
2022-08-01,LNGN0442,terminal,0,0,0,0,0.0,0,0.0
2022-08-01,LNGN0447,terminal,0,0,0,0,0.0,0,0.0
2022-08-01,LNGN0449,terminal,1,1,0,1,1.0,0,0.0
2022-08-01,LNGN0452,terminal,1,5,0,0,0.0,1,0.2
2022-08-01,LNGN0453,terminal,1,1,0,1,1.0,0,0.0
2022-08-01,LNGN0460,terminal,1,2,0,0,0.0,2,1.0
2022-08-01,LNGN0463,terminal,1,1,0,1,1.0,0,0.0
2022-08-01,LNGN0464,terminal,1,3,0,0,0.0,0,0.0
2022-08-01,LNGN0472,terminal,0,0,0,0,0.0,0,0.0
2022-08-01,LNGN0473,terminal,1,1,0,1,1.0,0,0.0
2022-08-01,LNGN0474,terminal,1,1,0,1,1.0,0,0.0
2022-09-01,CP001,chokepoint,1,5,1,1,0.2,1,0.2
2022-09-01,CP002,chokepoint,1,7,1,2,0.2857142857142857,5,0.7142857142857143
2022-09-01,CP004,chokepoint,1,6,1,2,0.3333333333333333,1,0.16666666666666666
2022-09-01,CP005,chokepoint,1,7,1,1,0.14285714285714285,4,0.5714285714285714
2022-09-01,CP006,chokepoint,1,9,1,2,0.2222222222222222,0,0.0
2022-09-01,CP007,chokepoint,1,5,1,1,0.2,2,0.4
2022-09-01,CP008,chokepoint,1,18,1,4,0.2222222222222222,1,0.05555555555555555
2022-09-01,CP009,chokepoint,1,16,1,4,0.25,0,0.0
2022-09-01,CP010,chokepoint,1,8,1,3,0.375,0,0.0
2022-09-01,CP011,chokepoint,1,17,1,6,0.35294117647058826,6,0.35294117647058826
2022-09-01,CP012,chokepoint,1,10,1,3,0.3,2,0.2
2022-09-01,CP013,chokepoint,1,2,0,0,0.0,2,1.0
2022-09-01,CP014,chokepoint,1,6,0,0,0.0,6,1.0
2022-09-01,CP015,chokepoint,1,5,1,1,0.2,4,0.8
2022-09-01,CP016,chokepoint,1,10,1,4,0.4,6,0.6
2022-09-01,CP017,chokepoint,1,4,1,2,0.5,0,0.0
2022-09-01,CP018,chokepoint,1,2,0,0,0.0,2,1.0
2022-09-01,CP019,chokepoint,1,2,0,0,0.0,2,1.0
2022-09-01,CP020,chokepoint,1,2,0,0,0.0,2,1.0
2022-09-01,CP021,chokepoint,0,0,0,0,0.0,0,0.0
2022-09-01,CP022,chokepoint,1,4,0,0,0.0,4,1.0
2022-09-01,CP023,chokepoint,0,0,0,0,0.0,0,0.0
2022-09-01,CP024,chokepoint,0,0,0,0,0.0,0,0.0
2022-09-01,CP027,chokepoint,1,7,1,1,0.14285714285714285,6,0.8571428571428571
2022-09-01,LNGN0004,terminal,0,0,0,0,0.0,0,0.0
2022-09-01,LNGN0006,terminal,0,0,0,0,0.0,0,0.0
2022-09-01,LNGN0008,terminal,1,2,0,0,0.0,0,0.0
2022-09-01,LNGN0013,terminal,0,0,0,0,0.0,0,0.0
2022-09-01,LNGN0017,terminal,0,0,0,0,0.0,0,0.0
2022-09-01,LNGN0025,terminal,0,0,0,0,0.0,0,0.0
2022-09-01,LNGN0026,terminal,1,4,1,2,0.5,0,0.0
2022-09-01,LNGN0027,terminal,1,3,0,0,0.0,1,0.3333333333333333
2022-09-01,LNGN0031,terminal,0,0,0,0,0.0,0,0.0
2022-09-01,LNGN0035,terminal,0,0,0,0,0.0,0,0.0
2022-09-01,LNGN0037,terminal,1,3,0,0,0.0,1,0.3333333333333333
2022-09-01,LNGN0039,terminal,0,0,0,0,0.0,0,0.0
2022-09-01,LNGN0040,terminal,1,2,0,0,0.0,0,0.0
2022-09-01,LNGN0044,terminal,0,0,0,0,0.0,0,0.0
2022-09-01,LNGN0045,terminal,0,0,0,0,0.0,0,0.0
2022-09-01,LNGN0050,terminal,1,4,0,0,0.0,1,0.25
2022-09-01,LNGN0052,terminal,1,1,0,1,1.0,0,0.0
2022-09-01,LNGN0055,terminal,0,0,0,0,0.0,0,0.0
2022-09-01,LNGN0056,terminal,1,1,0,1,1.0,0,0.0
2022-09-01,LNGN0059,terminal,1,1,0,1,1.0,0,0.0
2022-09-01,LNGN0069,terminal,0,0,0,0,0.0,0,0.0
2022-09-01,LNGN0070,terminal,1,6,0,0,0.0,2,0.3333333333333333
2022-09-01,LNGN0074,terminal,0,0,0,0,0.0,0,0.0
2022-09-01,LNGN0075,terminal,0,0,0,0,0.0,0,0.0
2022-09-01,LNGN0076,terminal,0,0,0,0,0.0,0,0.0
2022-09-01,LNGN0079,terminal,0,0,0,0,0.0,0,0.0
2022-09-01,LNGN0081,terminal,0,0,0,0,0.0,0,0.0
2022-09-01,LNGN0083,terminal,1,3,0,0,0.0,0,0.0
2022-09-01,LNGN0085,terminal,1,1,0,1,1.0,0,0.0
2022-09-01,LNGN0087,terminal,0,0,0,0,0.0,0,0.0
2022-09-01,LNGN0097,terminal,1,1,0,1,1.0,0,0.0
2022-09-01,LNGN0098,terminal,1,1,0,1,1.0,0,0.0
2022-09-01,LNGN0100,terminal,0,0,0,0,0.0,0,0.0
2022-09-01,LNGN0101,terminal,0,0,0,0,0.0,0,0.0
2022-09-01,LNGN0102,terminal,0,0,0,0,0.0,0,0.0
2022-09-01,LNGN0103,terminal,1,1,0,1,1.0,0,0.0
2022-09-01,LNGN0108,terminal,1,1,0,1,1.0,0,0.0
2022-09-01,LNGN0109,terminal,0,0,0,0,0.0,0,0.0
2022-09-01,LNGN0112,terminal,0,0,0,0,0.0,0,0.0
2022-09-01,LNGN0115,terminal,0,0,0,0,0.0,0,0.0
2022-09-01,LNGN0121,terminal,1,3,1,1,0.3333333333333333,0,0.0
2022-09-01,LNGN0122,terminal,0,0,0,0,0.0,0,0.0
2022-09-01,LNGN0124,terminal,0,0,0,0,0.0,0,0.0
2022-09-01,LNGN0130,terminal,1,2,0,0,0.0,0,0.0
2022-09-01,LNGN0132,terminal,1,3,0,0,0.0,0,0.0
2022-09-01,LNGN0136,terminal,1,1,0,1,1.0,0,0.0
2022-09-01,LNGN0138,terminal,0,0,0,0,0.0,0,0.0
2022-09-01,LNGN0142,terminal,1,2,0,0,0.0,2,1.0
2022-09-01,LNGN0143,terminal,0,0,0,0,0.0,0,0.0
2022-09-01,LNGN0144,terminal,1,2,0,0,0.0,0,0.0
2022-09-01,LNGN0148,terminal,0,0,0,0,0.0,0,0.0
2022-09-01,LNGN0150,terminal,1,1,0,1,1.0,0,0.0
2022-09-01,LNGN0156,terminal,0,0,0,0,0.0,0,0.0
2022-09-01,LNGN0163,terminal,1,1,0,1,1.0,0,0.0
2022-09-01,LNGN0164,terminal,0,0,0,0,0.0,0,0.0
2022-09-01,LNGN0165,terminal,1,1,0,1,1.0,0,0.0
2022-09-01,LNGN0166,terminal,1,5,0,0,0.0,0,0.0
2022-09-01,LNGN0168,terminal,1,2,0,0,0.0,0,0.0
2022-09-01,LNGN0170,terminal,0,0,0,0,0.0,0,0.0
2022-09-01,LNGN0173,terminal,1,1,0,1,1.0,0,0.0
2022-09-01,LNGN0174,terminal,0,0,0,0,0.0,0,0.0
2022-09-01,LNGN0175,terminal,0,0,0,0,0.0,0,0.0
2022-09-01,LNGN0176,terminal,0,0,0,0,0.0,0,0.0
2022-09-01,LNGN0178,terminal,1,1,0,1,1.0,0,0.0
2022-09-01,LNGN0180,terminal,0,0,0,0,0.0,0,0.0
2022-09-01,LNGN0181,terminal,1,3,0,0,0.0,1,0.3333333333333333
2022-09-01,LNGN0182,terminal,0,0,0,0,0.0,0,0.0
2022-09-01,LNGN0186,terminal,1,1,0,1,1.0,0,0.0
2022-09-01,LNGN0190,terminal,0,0,0,0,0.0,0,0.0
2022-09-01,LNGN0191,terminal,0,0,0,0,0.0,0,0.0
2022-09-01,LNGN0195,terminal,1,3,0,0,0.0,3,1.0
2022-09-01,LNGN0199,terminal,0,0,0,0,0.0,0,0.0
2022-09-01,LNGN0206,terminal,0,0,0,0,0.0,0,0.0
2022-09-01,LNGN0207,terminal,1,1,0,1,1.0,0,0.0
2022-09-01,LNGN0208,terminal,0,0,0,0,0.0,0,0.0
2022-09-01,LNGN0210,terminal,0,0,0,0,0.0,0,0.0
2022-09-01,LNGN0212,terminal,0,0,0,0,0.0,0,0.0
2022-09-01,LNGN0219,terminal,0,0,0,0,0.0,0,0.0
2022-09-01,LNGN0222,terminal,0,0,0,0,0.0,0,0.0
2022-09-01,LNGN0230,terminal,0,0,0,0,0.0,0,0.0
2022-09-01,LNGN0232,terminal,1,3,0,0,0.0,0,0.0
2022-09-01,LNGN0237,terminal,1,1,0,1,1.0,0,0.0
2022-09-01,LNGN0238,terminal,0,0,0,0,0.0,0,0.0
2022-09-01,LNGN0241,terminal,0,0,0,0,0.0,0,0.0
2022-09-01,LNGN0243,terminal,0,0,0,0,0.0,0,0.0
2022-09-01,LNGN0244,terminal,1,1,0,1,1.0,0,0.0
2022-09-01,LNGN0248,terminal,1,2,0,0,0.0,2,1.0
2022-09-01,LNGN0250,terminal,0,0,0,0,0.0,0,0.0
2022-09-01,LNGN0251,terminal,1,1,0,1,1.0,0,0.0
2022-09-01,LNGN0253,terminal,0,0,0,0,0.0,0,0.0
2022-09-01,LNGN0258,terminal,0,0,0,0,0.0,0,0.0
2022-09-01,LNGN0261,terminal,1,4,0,0,0.0,4,1.0
2022-09-01,LNGN0262,terminal,0,0,0,0,0.0,0,0.0
2022-09-01,LNGN0268,terminal,0,0,0,0,0.0,0,0.0
2022-09-01,LNGN0270,terminal,1,2,0,0,0.0,2,1.0
2022-09-01,LNGN0272,terminal,0,0,0,0,0.0,0,0.0
2022-09-01,LNGN0274,terminal,1,1,0,1,1.0,0,0.0
2022-09-01,LNGN0278,terminal,0,0,0,0,0.0,0,0.0
2022-09-01,LNGN0285,terminal,0,0,0,0,0.0,0,0.0
2022-09-01,LNGN0287,terminal,0,0,0,0,0.0,0,0.0
2022-09-01,LNGN0288,terminal,0,0,0,0,0.0,0,0.0
2022-09-01,LNGN0290,terminal,0,0,0,0,0.0,0,0.0
2022-09-01,LNGN0291,terminal,0,0,0,0,0.0,0,0.0
2022-09-01,LNGN0293,terminal,1,1,0,1,1.0,0,0.0
2022-09-01,LNGN0294,terminal,0,0,0,0,0.0,0,0.0
2022-09-01,LNGN0297,terminal,1,2,0,0,0.0,2,1.0
2022-09-01,LNGN0299,terminal,0,0,0,0,0.0,0,0.0
2022-09-01,LNGN0307,terminal,0,0,0,0,0.0,0,0.0
2022-09-01,LNGN0308,terminal,0,0,0,0,0.0,0,0.0
2022-09-01,LNGN0309,terminal,1,1,0,1,1.0,0,0.0
2022-09-01,LNGN0312,terminal,1,1,0,1,1.0,0,0.0
2022-09-01,LNGN0314,terminal,1,2,0,0,0.0,0,0.0
2022-09-01,LNGN0319,terminal,1,1,0,1,1.0,0,0.0
2022-09-01,LNGN0322,terminal,1,2,0,0,0.0,2,1.0
2022-09-01,LNGN0324,terminal,1,1,0,1,1.0,0,0.0
2022-09-01,LNGN0328,terminal,1,2,0,0,0.0,0,0.0
2022-09-01,LNGN0331,terminal,1,1,0,1,1.0,0,0.0
2022-09-01,LNGN0334,terminal,0,0,0,0,0.0,0,0.0
2022-09-01,LNGN0344,terminal,0,0,0,0,0.0,0,0.0
2022-09-01,LNGN0345,terminal,1,6,1,1,0.16666666666666666,2,0.3333333333333333
2022-09-01,LNGN0347,terminal,1,1,0,1,1.0,0,0.0
2022-09-01,LNGN0348,terminal,0,0,0,0,0.0,0,0.0
2022-09-01,LNGN0351,terminal,0,0,0,0,0.0,0,0.0
2022-09-01,LNGN0354,terminal,1,1,0,1,1.0,0,0.0
2022-09-01,LNGN0359,terminal,1,1,0,1,1.0,0,0.0
2022-09-01,LNGN0361,terminal,0,0,0,0,0.0,0,0.0
2022-09-01,LNGN0362,terminal,0,0,0,0,0.0,0,0.0
2022-09-01,LNGN0363,terminal,1,2,0,0,0.0,2,1.0
2022-09-01,LNGN0364,terminal,0,0,0,0,0.0,0,0.0
2022-09-01,LNGN0372,terminal,0,0,0,0,0.0,0,0.0
2022-09-01,LNGN0374,terminal,1,2,0,0,0.0,2,1.0
2022-09-01,LNGN0378,terminal,1,1,0,1,1.0,0,0.0
2022-09-01,LNGN0381,terminal,1,3,0,0,0.0,3,1.0
2022-09-01,LNGN0382,terminal,0,0,0,0,0.0,0,0.0
2022-09-01,LNGN0385,terminal,1,2,0,0,0.0,0,0.0
2022-09-01,LNGN0391,terminal,0,0,0,0,0.0,0,0.0
2022-09-01,LNGN0398,terminal,1,1,0,1,1.0,0,0.0
2022-09-01,LNGN0405,terminal,0,0,0,0,0.0,0,0.0
2022-09-01,LNGN0421,terminal,1,1,0,1,1.0,0,0.0
2022-09-01,LNGN0423,terminal,1,3,0,0,0.0,3,1.0
2022-09-01,LNGN0425,terminal,1,1,0,1,1.0,0,0.0
2022-09-01,LNGN0426,terminal,1,1,0,1,1.0,0,0.0
2022-09-01,LNGN0427,terminal,1,1,0,1,1.0,0,0.0
2022-09-01,LNGN0428,terminal,1,1,0,1,1.0,0,0.0
2022-09-01,LNGN0429,terminal,0,0,0,0,0.0,0,0.0
2022-09-01,LNGN0435,terminal,1,3,1,3,1.0,0,0.0
2022-09-01,LNGN0437,terminal,1,1,0,1,1.0,0,0.0
2022-09-01,LNGN0441,terminal,1,2,0,0,0.0,2,1.0
2022-09-01,LNGN0442,terminal,0,0,0,0,0.0,0,0.0
2022-09-01,LNGN0447,terminal,0,0,0,0,0.0,0,0.0
2022-09-01,LNGN0449,terminal,1,1,0,1,1.0,0,0.0
2022-09-01,LNGN0452,terminal,1,5,0,0,0.0,1,0.2
2022-09-01,LNGN0453,terminal,1,1,0,1,1.0,0,0.0
2022-09-01,LNGN0460,terminal,0,0,0,0,0.0,0,0.0
2022-09-01,LNGN0463,terminal,1,2,0,0,0.0,2,1.0
2022-09-01,LNGN0464,terminal,1,3,0,0,0.0,0,0.0
2022-09-01,LNGN0472,terminal,1,1,0,1,1.0,0,0.0
2022-09-01,LNGN0473,terminal,1,1,0,1,1.0,0,0.0
2022-09-01,LNGN0474,terminal,1,1,0,1,1.0,0,0.0
2022-10-01,CP001,chokepoint,1,8,1,3,0.375,2,0.25
2022-10-01,CP002,chokepoint,1,6,0,0,0.0,4,0.6666666666666666
2022-10-01,CP004,chokepoint,1,6,1,2,0.3333333333333333,2,0.3333333333333333
2022-10-01,CP005,chokepoint,1,6,0,0,0.0,4,0.6666666666666666
2022-10-01,CP006,chokepoint,1,8,1,1,0.125,0,0.0
2022-10-01,CP007,chokepoint,1,4,1,1,0.25,3,0.75
2022-10-01,CP008,chokepoint,1,16,1,3,0.1875,2,0.125
2022-10-01,CP009,chokepoint,1,13,1,3,0.23076923076923078,0,0.0
2022-10-01,CP010,chokepoint,1,7,1,4,0.5714285714285714,0,0.0
2022-10-01,CP011,chokepoint,1,17,1,9,0.5294117647058824,2,0.11764705882352941
2022-10-01,CP012,chokepoint,1,9,1,2,0.2222222222222222,0,0.0
2022-10-01,CP013,chokepoint,1,5,0,0,0.0,0,0.0
2022-10-01,CP014,chokepoint,1,5,1,2,0.4,3,0.6
2022-10-01,CP015,chokepoint,1,4,0,0,0.0,4,1.0
2022-10-01,CP016,chokepoint,1,9,1,3,0.3333333333333333,6,0.6666666666666666
2022-10-01,CP017,chokepoint,1,4,1,2,0.5,0,0.0
2022-10-01,CP018,chokepoint,1,2,0,0,0.0,2,1.0
2022-10-01,CP019,chokepoint,1,5,1,1,0.2,4,0.8
2022-10-01,CP020,chokepoint,1,2,0,0,0.0,2,1.0
2022-10-01,CP021,chokepoint,1,2,1,2,1.0,0,0.0
2022-10-01,CP022,chokepoint,1,4,0,0,0.0,4,1.0
2022-10-01,CP023,chokepoint,0,0,0,0,0.0,0,0.0
2022-10-01,CP024,chokepoint,0,0,0,0,0.0,0,0.0
2022-10-01,CP027,chokepoint,1,5,0,0,0.0,3,0.6
2022-10-01,LNGN0004,terminal,0,0,0,0,0.0,0,0.0
2022-10-01,LNGN0006,terminal,0,0,0,0,0.0,0,0.0
2022-10-01,LNGN0008,terminal,1,3,0,0,0.0,0,0.0
2022-10-01,LNGN0013,terminal,0,0,0,0,0.0,0,0.0
2022-10-01,LNGN0017,terminal,0,0,0,0,0.0,0,0.0
2022-10-01,LNGN0025,terminal,0,0,0,0,0.0,0,0.0
2022-10-01,LNGN0026,terminal,1,3,0,0,0.0,0,0.0
2022-10-01,LNGN0027,terminal,1,1,0,1,1.0,0,0.0
2022-10-01,LNGN0031,terminal,0,0,0,0,0.0,0,0.0
2022-10-01,LNGN0035,terminal,1,1,0,1,1.0,0,0.0
2022-10-01,LNGN0037,terminal,1,2,0,0,0.0,0,0.0
2022-10-01,LNGN0039,terminal,0,0,0,0,0.0,0,0.0
2022-10-01,LNGN0040,terminal,1,1,0,1,1.0,0,0.0
2022-10-01,LNGN0044,terminal,0,0,0,0,0.0,0,0.0
2022-10-01,LNGN0045,terminal,0,0,0,0,0.0,0,0.0
2022-10-01,LNGN0050,terminal,1,5,1,1,0.2,1,0.2
2022-10-01,LNGN0052,terminal,1,1,0,1,1.0,0,0.0
2022-10-01,LNGN0055,terminal,0,0,0,0,0.0,0,0.0
2022-10-01,LNGN0056,terminal,1,2,0,0,0.0,2,1.0
2022-10-01,LNGN0059,terminal,1,1,0,1,1.0,0,0.0
2022-10-01,LNGN0069,terminal,0,0,0,0,0.0,0,0.0
2022-10-01,LNGN0070,terminal,1,6,0,0,0.0,2,0.3333333333333333
2022-10-01,LNGN0074,terminal,0,0,0,0,0.0,0,0.0
2022-10-01,LNGN0075,terminal,0,0,0,0,0.0,0,0.0
2022-10-01,LNGN0076,terminal,0,0,0,0,0.0,0,0.0
2022-10-01,LNGN0079,terminal,1,1,0,1,1.0,0,0.0
2022-10-01,LNGN0081,terminal,1,1,0,1,1.0,0,0.0
2022-10-01,LNGN0083,terminal,1,2,0,0,0.0,2,1.0
2022-10-01,LNGN0085,terminal,1,2,0,0,0.0,0,0.0
2022-10-01,LNGN0087,terminal,0,0,0,0,0.0,0,0.0
2022-10-01,LNGN0097,terminal,1,1,0,1,1.0,0,0.0
2022-10-01,LNGN0098,terminal,1,1,0,1,1.0,0,0.0
2022-10-01,LNGN0100,terminal,1,1,0,1,1.0,0,0.0
2022-10-01,LNGN0101,terminal,0,0,0,0,0.0,0,0.0
2022-10-01,LNGN0102,terminal,0,0,0,0,0.0,0,0.0
2022-10-01,LNGN0103,terminal,1,1,0,1,1.0,0,0.0
2022-10-01,LNGN0108,terminal,1,1,0,1,1.0,0,0.0
2022-10-01,LNGN0109,terminal,0,0,0,0,0.0,0,0.0
2022-10-01,LNGN0112,terminal,0,0,0,0,0.0,0,0.0
2022-10-01,LNGN0115,terminal,0,0,0,0,0.0,0,0.0
2022-10-01,LNGN0121,terminal,1,3,1,1,0.3333333333333333,0,0.0
2022-10-01,LNGN0122,terminal,1,1,0,1,1.0,0,0.0
2022-10-01,LNGN0124,terminal,0,0,0,0,0.0,0,0.0
2022-10-01,LNGN0130,terminal,1,1,0,1,1.0,0,0.0
2022-10-01,LNGN0132,terminal,1,3,0,0,0.0,1,0.3333333333333333
2022-10-01,LNGN0136,terminal,0,0,0,0,0.0,0,0.0
2022-10-01,LNGN0138,terminal,0,0,0,0,0.0,0,0.0
2022-10-01,LNGN0142,terminal,1,5,0,0,0.0,3,0.6
2022-10-01,LNGN0143,terminal,0,0,0,0,0.0,0,0.0
2022-10-01,LNGN0144,terminal,1,1,0,1,1.0,0,0.0
2022-10-01,LNGN0148,terminal,0,0,0,0,0.0,0,0.0
2022-10-01,LNGN0150,terminal,0,0,0,0,0.0,0,0.0
2022-10-01,LNGN0156,terminal,0,0,0,0,0.0,0,0.0
2022-10-01,LNGN0163,terminal,0,0,0,0,0.0,0,0.0
2022-10-01,LNGN0164,terminal,0,0,0,0,0.0,0,0.0
2022-10-01,LNGN0165,terminal,0,0,0,0,0.0,0,0.0
2022-10-01,LNGN0166,terminal,1,3,0,0,0.0,3,1.0
2022-10-01,LNGN0168,terminal,1,2,0,0,0.0,0,0.0
2022-10-01,LNGN0170,terminal,1,1,0,1,1.0,0,0.0
2022-10-01,LNGN0173,terminal,0,0,0,0,0.0,0,0.0
2022-10-01,LNGN0174,terminal,0,0,0,0,0.0,0,0.0
2022-10-01,LNGN0175,terminal,0,0,0,0,0.0,0,0.0
2022-10-01,LNGN0176,terminal,0,0,0,0,0.0,0,0.0
2022-10-01,LNGN0178,terminal,1,2,0,0,0.0,2,1.0
2022-10-01,LNGN0180,terminal,0,0,0,0,0.0,0,0.0
2022-10-01,LNGN0181,terminal,1,2,0,0,0.0,0,0.0
2022-10-01,LNGN0182,terminal,0,0,0,0,0.0,0,0.0
2022-10-01,LNGN0186,terminal,1,1,0,1,1.0,0,0.0
2022-10-01,LNGN0190,terminal,0,0,0,0,0.0,0,0.0
2022-10-01,LNGN0191,terminal,1,1,0,1,1.0,0,0.0
2022-10-01,LNGN0195,terminal,1,3,0,0,0.0,3,1.0
2022-10-01,LNGN0199,terminal,0,0,0,0,0.0,0,0.0
2022-10-01,LNGN0206,terminal,0,0,0,0,0.0,0,0.0
2022-10-01,LNGN0207,terminal,1,1,0,1,1.0,0,0.0
2022-10-01,LNGN0208,terminal,1,3,0,0,0.0,3,1.0
2022-10-01,LNGN0210,terminal,1,1,0,1,1.0,0,0.0
2022-10-01,LNGN0212,terminal,0,0,0,0,0.0,0,0.0
2022-10-01,LNGN0219,terminal,0,0,0,0,0.0,0,0.0
2022-10-01,LNGN0222,terminal,0,0,0,0,0.0,0,0.0
2022-10-01,LNGN0230,terminal,1,1,0,1,1.0,0,0.0
2022-10-01,LNGN0232,terminal,1,2,0,0,0.0,0,0.0
2022-10-01,LNGN0237,terminal,0,0,0,0,0.0,0,0.0
2022-10-01,LNGN0238,terminal,0,0,0,0,0.0,0,0.0
2022-10-01,LNGN0241,terminal,0,0,0,0,0.0,0,0.0
2022-10-01,LNGN0243,terminal,0,0,0,0,0.0,0,0.0
2022-10-01,LNGN0244,terminal,1,2,0,0,0.0,0,0.0
2022-10-01,LNGN0248,terminal,1,1,0,1,1.0,0,0.0
2022-10-01,LNGN0250,terminal,0,0,0,0,0.0,0,0.0
2022-10-01,LNGN0251,terminal,0,0,0,0,0.0,0,0.0
2022-10-01,LNGN0253,terminal,0,0,0,0,0.0,0,0.0
2022-10-01,LNGN0258,terminal,0,0,0,0,0.0,0,0.0
2022-10-01,LNGN0261,terminal,1,4,0,0,0.0,2,0.5
2022-10-01,LNGN0262,terminal,0,0,0,0,0.0,0,0.0
2022-10-01,LNGN0268,terminal,0,0,0,0,0.0,0,0.0
2022-10-01,LNGN0270,terminal,1,2,0,0,0.0,2,1.0
2022-10-01,LNGN0272,terminal,1,1,0,1,1.0,0,0.0
2022-10-01,LNGN0274,terminal,1,2,0,0,0.0,2,1.0
2022-10-01,LNGN0278,terminal,1,1,0,1,1.0,0,0.0
2022-10-01,LNGN0285,terminal,0,0,0,0,0.0,0,0.0
2022-10-01,LNGN0287,terminal,0,0,0,0,0.0,0,0.0
2022-10-01,LNGN0288,terminal,0,0,0,0,0.0,0,0.0
2022-10-01,LNGN0290,terminal,0,0,0,0,0.0,0,0.0
2022-10-01,LNGN0291,terminal,0,0,0,0,0.0,0,0.0
2022-10-01,LNGN0293,terminal,1,1,0,1,1.0,0,0.0
2022-10-01,LNGN0294,terminal,0,0,0,0,0.0,0,0.0
2022-10-01,LNGN0297,terminal,1,3,0,0,0.0,3,1.0
2022-10-01,LNGN0299,terminal,0,0,0,0,0.0,0,0.0
2022-10-01,LNGN0307,terminal,0,0,0,0,0.0,0,0.0
2022-10-01,LNGN0308,terminal,0,0,0,0,0.0,0,0.0
2022-10-01,LNGN0309,terminal,0,0,0,0,0.0,0,0.0
2022-10-01,LNGN0312,terminal,1,2,1,2,1.0,0,0.0
2022-10-01,LNGN0314,terminal,1,3,0,0,0.0,1,0.3333333333333333
2022-10-01,LNGN0319,terminal,1,1,0,1,1.0,0,0.0
2022-10-01,LNGN0322,terminal,1,2,0,0,0.0,2,1.0
2022-10-01,LNGN0324,terminal,1,1,0,1,1.0,0,0.0
2022-10-01,LNGN0328,terminal,1,3,1,1,0.3333333333333333,0,0.0
2022-10-01,LNGN0331,terminal,1,1,0,1,1.0,0,0.0
2022-10-01,LNGN0334,terminal,0,0,0,0,0.0,0,0.0
2022-10-01,LNGN0344,terminal,0,0,0,0,0.0,0,0.0
2022-10-01,LNGN0345,terminal,1,7,0,0,0.0,2,0.2857142857142857
2022-10-01,LNGN0347,terminal,1,1,0,1,1.0,0,0.0
2022-10-01,LNGN0348,terminal,0,0,0,0,0.0,0,0.0
2022-10-01,LNGN0351,terminal,1,2,0,0,0.0,0,0.0
2022-10-01,LNGN0354,terminal,0,0,0,0,0.0,0,0.0
2022-10-01,LNGN0359,terminal,1,1,0,1,1.0,0,0.0
2022-10-01,LNGN0361,terminal,0,0,0,0,0.0,0,0.0
2022-10-01,LNGN0362,terminal,0,0,0,0,0.0,0,0.0
2022-10-01,LNGN0363,terminal,1,1,0,1,1.0,0,0.0
2022-10-01,LNGN0364,terminal,0,0,0,0,0.0,0,0.0
2022-10-01,LNGN0372,terminal,0,0,0,0,0.0,0,0.0
2022-10-01,LNGN0374,terminal,1,2,0,0,0.0,2,1.0
2022-10-01,LNGN0378,terminal,1,2,1,2,1.0,0,0.0
2022-10-01,LNGN0381,terminal,1,4,0,0,0.0,2,0.5
2022-10-01,LNGN0382,terminal,1,1,0,1,1.0,0,0.0
2022-10-01,LNGN0385,terminal,1,4,0,0,0.0,0,0.0
2022-10-01,LNGN0391,terminal,0,0,0,0,0.0,0,0.0
2022-10-01,LNGN0398,terminal,1,1,0,1,1.0,0,0.0
2022-10-01,LNGN0405,terminal,0,0,0,0,0.0,0,0.0
2022-10-01,LNGN0421,terminal,1,1,0,1,1.0,0,0.0
2022-10-01,LNGN0423,terminal,1,1,0,1,1.0,0,0.0
2022-10-01,LNGN0425,terminal,1,1,0,1,1.0,0,0.0
2022-10-01,LNGN0426,terminal,1,2,0,0,0.0,0,0.0
2022-10-01,LNGN0427,terminal,1,1,0,1,1.0,0,0.0
2022-10-01,LNGN0428,terminal,0,0,0,0,0.0,0,0.0
2022-10-01,LNGN0429,terminal,1,1,0,1,1.0,0,0.0
2022-10-01,LNGN0435,terminal,1,2,1,2,1.0,0,0.0
2022-10-01,LNGN0437,terminal,1,1,0,1,1.0,0,0.0
2022-10-01,LNGN0441,terminal,1,2,0,0,0.0,2,1.0
2022-10-01,LNGN0442,terminal,0,0,0,0,0.0,0,0.0
2022-10-01,LNGN0447,terminal,1,1,0,1,1.0,0,0.0
2022-10-01,LNGN0449,terminal,1,1,0,1,1.0,0,0.0
2022-10-01,LNGN0452,terminal,1,5,0,0,0.0,1,0.2
2022-10-01,LNGN0453,terminal,0,0,0,0,0.0,0,0.0
2022-10-01,LNGN0460,terminal,1,2,0,0,0.0,2,1.0
2022-10-01,LNGN0463,terminal,1,3,0,0,0.0,1,0.3333333333333333
2022-10-01,LNGN0464,terminal,1,3,0,0,0.0,1,0.3333333333333333
2022-10-01,LNGN0472,terminal,1,1,0,1,1.0,0,0.0
2022-10-01,LNGN0473,terminal,0,0,0,0,0.0,0,0.0
2022-10-01,LNGN0474,terminal,1,1,0,1,1.0,0,0.0
2022-11-01,CP001,chokepoint,1,4,1,1,0.25,3,0.75
2022-11-01,CP002,chokepoint,1,7,1,2,0.2857142857142857,5,0.7142857142857143
2022-11-01,CP004,chokepoint,1,5,1,2,0.4,1,0.2
2022-11-01,CP005,chokepoint,1,7,1,2,0.2857142857142857,3,0.42857142857142855
2022-11-01,CP006,chokepoint,1,6,1,4,0.6666666666666666,0,0.0
2022-11-01,CP007,chokepoint,1,3,1,1,0.3333333333333333,2,0.6666666666666666
2022-11-01,CP008,chokepoint,1,18,1,4,0.2222222222222222,2,0.1111111111111111
2022-11-01,CP009,chokepoint,1,15,1,3,0.2,0,0.0
2022-11-01,CP010,chokepoint,1,6,1,4,0.6666666666666666,0,0.0
2022-11-01,CP011,chokepoint,1,12,1,6,0.5,6,0.5
2022-11-01,CP012,chokepoint,1,8,1,3,0.375,3,0.375
2022-11-01,CP013,chokepoint,1,6,1,1,0.16666666666666666,1,0.16666666666666666
2022-11-01,CP014,chokepoint,1,9,0,0,0.0,9,1.0
2022-11-01,CP015,chokepoint,1,4,0,0,0.0,4,1.0
2022-11-01,CP016,chokepoint,1,12,1,3,0.25,7,0.5833333333333334
2022-11-01,CP017,chokepoint,1,3,1,3,1.0,0,0.0
2022-11-01,CP018,chokepoint,1,2,0,0,0.0,2,1.0
2022-11-01,CP019,chokepoint,1,4,1,1,0.25,3,0.75
2022-11-01,CP020,chokepoint,1,2,0,0,0.0,2,1.0
2022-11-01,CP021,chokepoint,0,0,0,0,0.0,0,0.0
2022-11-01,CP022,chokepoint,1,4,0,0,0.0,4,1.0
2022-11-01,CP023,chokepoint,0,0,0,0,0.0,0,0.0
2022-11-01,CP024,chokepoint,1,2,0,0,0.0,2,1.0
2022-11-01,CP027,chokepoint,1,6,1,1,0.16666666666666666,5,0.8333333333333334
2022-11-01,LNGN0004,terminal,0,0,0,0,0.0,0,0.0
2022-11-01,LNGN0006,terminal,0,0,0,0,0.0,0,0.0
2022-11-01,LNGN0008,terminal,1,1,0,1,1.0,0,0.0
2022-11-01,LNGN0013,terminal,0,0,0,0,0.0,0,0.0
2022-11-01,LNGN0017,terminal,0,0,0,0,0.0,0,0.0
2022-11-01,LNGN0025,terminal,0,0,0,0,0.0,0,0.0
2022-11-01,LNGN0026,terminal,1,4,0,0,0.0,1,0.25
2022-11-01,LNGN0027,terminal,1,5,0,0,0.0,2,0.4
2022-11-01,LNGN0031,terminal,0,0,0,0,0.0,0,0.0
2022-11-01,LNGN0035,terminal,1,2,0,0,0.0,0,0.0
2022-11-01,LNGN0037,terminal,1,1,0,1,1.0,0,0.0
2022-11-01,LNGN0039,terminal,0,0,0,0,0.0,0,0.0
2022-11-01,LNGN0040,terminal,1,1,0,1,1.0,0,0.0
2022-11-01,LNGN0044,terminal,0,0,0,0,0.0,0,0.0
2022-11-01,LNGN0045,terminal,0,0,0,0,0.0,0,0.0
2022-11-01,LNGN0050,terminal,1,4,0,0,0.0,1,0.25
2022-11-01,LNGN0052,terminal,1,1,0,1,1.0,0,0.0
2022-11-01,LNGN0055,terminal,0,0,0,0,0.0,0,0.0
2022-11-01,LNGN0056,terminal,1,1,0,1,1.0,0,0.0
2022-11-01,LNGN0059,terminal,0,0,0,0,0.0,0,0.0
2022-11-01,LNGN0069,terminal,0,0,0,0,0.0,0,0.0
2022-11-01,LNGN0070,terminal,1,5,0,0,0.0,2,0.4
2022-11-01,LNGN0074,terminal,0,0,0,0,0.0,0,0.0
2022-11-01,LNGN0075,terminal,0,0,0,0,0.0,0,0.0
2022-11-01,LNGN0076,terminal,0,0,0,0,0.0,0,0.0
2022-11-01,LNGN0079,terminal,0,0,0,0,0.0,0,0.0
2022-11-01,LNGN0081,terminal,1,1,0,1,1.0,0,0.0
2022-11-01,LNGN0083,terminal,1,3,0,0,0.0,1,0.3333333333333333
2022-11-01,LNGN0085,terminal,1,1,0,1,1.0,0,0.0
2022-11-01,LNGN0087,terminal,0,0,0,0,0.0,0,0.0
2022-11-01,LNGN0097,terminal,1,1,0,1,1.0,0,0.0
2022-11-01,LNGN0098,terminal,0,0,0,0,0.0,0,0.0
2022-11-01,LNGN0100,terminal,0,0,0,0,0.0,0,0.0
2022-11-01,LNGN0101,terminal,0,0,0,0,0.0,0,0.0
2022-11-01,LNGN0102,terminal,0,0,0,0,0.0,0,0.0
2022-11-01,LNGN0103,terminal,1,1,0,1,1.0,0,0.0
2022-11-01,LNGN0108,terminal,1,1,0,1,1.0,0,0.0
2022-11-01,LNGN0109,terminal,0,0,0,0,0.0,0,0.0
2022-11-01,LNGN0112,terminal,0,0,0,0,0.0,0,0.0
2022-11-01,LNGN0115,terminal,0,0,0,0,0.0,0,0.0
2022-11-01,LNGN0121,terminal,1,3,1,1,0.3333333333333333,0,0.0
2022-11-01,LNGN0122,terminal,1,1,0,1,1.0,0,0.0
2022-11-01,LNGN0124,terminal,0,0,0,0,0.0,0,0.0
2022-11-01,LNGN0130,terminal,1,1,0,1,1.0,0,0.0
2022-11-01,LNGN0132,terminal,1,3,0,0,0.0,0,0.0
2022-11-01,LNGN0136,terminal,0,0,0,0,0.0,0,0.0
2022-11-01,LNGN0138,terminal,0,0,0,0,0.0,0,0.0
2022-11-01,LNGN0142,terminal,1,2,0,0,0.0,2,1.0
2022-11-01,LNGN0143,terminal,0,0,0,0,0.0,0,0.0
2022-11-01,LNGN0144,terminal,1,2,0,0,0.0,0,0.0
2022-11-01,LNGN0148,terminal,0,0,0,0,0.0,0,0.0
2022-11-01,LNGN0150,terminal,0,0,0,0,0.0,0,0.0
2022-11-01,LNGN0156,terminal,1,1,0,1,1.0,0,0.0
2022-11-01,LNGN0163,terminal,1,1,0,1,1.0,0,0.0
2022-11-01,LNGN0164,terminal,1,1,0,1,1.0,0,0.0
2022-11-01,LNGN0165,terminal,0,0,0,0,0.0,0,0.0
2022-11-01,LNGN0166,terminal,1,4,0,0,0.0,0,0.0
2022-11-01,LNGN0168,terminal,1,1,0,1,1.0,0,0.0
2022-11-01,LNGN0170,terminal,0,0,0,0,0.0,0,0.0
2022-11-01,LNGN0173,terminal,1,2,0,0,0.0,2,1.0
2022-11-01,LNGN0174,terminal,1,1,0,1,1.0,0,0.0
2022-11-01,LNGN0175,terminal,1,1,0,1,1.0,0,0.0
2022-11-01,LNGN0176,terminal,0,0,0,0,0.0,0,0.0
2022-11-01,LNGN0178,terminal,1,1,0,1,1.0,0,0.0
2022-11-01,LNGN0180,terminal,0,0,0,0,0.0,0,0.0
2022-11-01,LNGN0181,terminal,1,2,0,0,0.0,2,1.0
2022-11-01,LNGN0182,terminal,0,0,0,0,0.0,0,0.0
2022-11-01,LNGN0186,terminal,1,2,0,0,0.0,0,0.0
2022-11-01,LNGN0190,terminal,0,0,0,0,0.0,0,0.0
2022-11-01,LNGN0191,terminal,0,0,0,0,0.0,0,0.0
2022-11-01,LNGN0195,terminal,1,2,1,2,1.0,0,0.0
2022-11-01,LNGN0199,terminal,0,0,0,0,0.0,0,0.0
2022-11-01,LNGN0206,terminal,0,0,0,0,0.0,0,0.0
2022-11-01,LNGN0207,terminal,1,1,0,1,1.0,0,0.0
2022-11-01,LNGN0208,terminal,0,0,0,0,0.0,0,0.0
2022-11-01,LNGN0210,terminal,1,1,0,1,1.0,0,0.0
2022-11-01,LNGN0212,terminal,0,0,0,0,0.0,0,0.0
2022-11-01,LNGN0219,terminal,0,0,0,0,0.0,0,0.0
2022-11-01,LNGN0222,terminal,0,0,0,0,0.0,0,0.0
2022-11-01,LNGN0230,terminal,1,1,0,1,1.0,0,0.0
2022-11-01,LNGN0232,terminal,1,3,0,0,0.0,3,1.0
2022-11-01,LNGN0237,terminal,0,0,0,0,0.0,0,0.0
2022-11-01,LNGN0238,terminal,0,0,0,0,0.0,0,0.0
2022-11-01,LNGN0241,terminal,0,0,0,0,0.0,0,0.0
2022-11-01,LNGN0243,terminal,0,0,0,0,0.0,0,0.0
2022-11-01,LNGN0244,terminal,1,2,0,0,0.0,0,0.0
2022-11-01,LNGN0248,terminal,1,2,0,0,0.0,2,1.0
2022-11-01,LNGN0250,terminal,0,0,0,0,0.0,0,0.0
2022-11-01,LNGN0251,terminal,0,0,0,0,0.0,0,0.0
2022-11-01,LNGN0253,terminal,0,0,0,0,0.0,0,0.0
2022-11-01,LNGN0258,terminal,0,0,0,0,0.0,0,0.0
2022-11-01,LNGN0261,terminal,1,4,0,0,0.0,4,1.0
2022-11-01,LNGN0262,terminal,0,0,0,0,0.0,0,0.0
2022-11-01,LNGN0268,terminal,0,0,0,0,0.0,0,0.0
2022-11-01,LNGN0270,terminal,1,3,0,0,0.0,1,0.3333333333333333
2022-11-01,LNGN0272,terminal,1,2,0,0,0.0,2,1.0
2022-11-01,LNGN0274,terminal,1,1,0,1,1.0,0,0.0
2022-11-01,LNGN0278,terminal,1,1,0,1,1.0,0,0.0
2022-11-01,LNGN0285,terminal,0,0,0,0,0.0,0,0.0
2022-11-01,LNGN0287,terminal,0,0,0,0,0.0,0,0.0
2022-11-01,LNGN0288,terminal,1,1,0,1,1.0,0,0.0
2022-11-01,LNGN0290,terminal,0,0,0,0,0.0,0,0.0
2022-11-01,LNGN0291,terminal,0,0,0,0,0.0,0,0.0
2022-11-01,LNGN0293,terminal,0,0,0,0,0.0,0,0.0
2022-11-01,LNGN0294,terminal,0,0,0,0,0.0,0,0.0
2022-11-01,LNGN0297,terminal,1,2,0,0,0.0,2,1.0
2022-11-01,LNGN0299,terminal,0,0,0,0,0.0,0,0.0
2022-11-01,LNGN0307,terminal,0,0,0,0,0.0,0,0.0
2022-11-01,LNGN0308,terminal,0,0,0,0,0.0,0,0.0
2022-11-01,LNGN0309,terminal,0,0,0,0,0.0,0,0.0
2022-11-01,LNGN0312,terminal,1,1,0,1,1.0,0,0.0
2022-11-01,LNGN0314,terminal,1,2,0,0,0.0,2,1.0
2022-11-01,LNGN0319,terminal,1,2,0,0,0.0,2,1.0
2022-11-01,LNGN0322,terminal,1,2,0,0,0.0,2,1.0
2022-11-01,LNGN0324,terminal,0,0,0,0,0.0,0,0.0
2022-11-01,LNGN0328,terminal,1,2,1,2,1.0,0,0.0
2022-11-01,LNGN0331,terminal,1,1,0,1,1.0,0,0.0
2022-11-01,LNGN0334,terminal,0,0,0,0,0.0,0,0.0
2022-11-01,LNGN0344,terminal,0,0,0,0,0.0,0,0.0
2022-11-01,LNGN0345,terminal,1,6,0,0,0.0,2,0.3333333333333333
2022-11-01,LNGN0347,terminal,1,1,0,1,1.0,0,0.0
2022-11-01,LNGN0348,terminal,0,0,0,0,0.0,0,0.0
2022-11-01,LNGN0351,terminal,1,2,0,0,0.0,0,0.0
2022-11-01,LNGN0354,terminal,0,0,0,0,0.0,0,0.0
2022-11-01,LNGN0359,terminal,1,1,0,1,1.0,0,0.0
2022-11-01,LNGN0361,terminal,0,0,0,0,0.0,0,0.0
2022-11-01,LNGN0362,terminal,0,0,0,0,0.0,0,0.0
2022-11-01,LNGN0363,terminal,1,1,0,1,1.0,0,0.0
2022-11-01,LNGN0364,terminal,0,0,0,0,0.0,0,0.0
2022-11-01,LNGN0372,terminal,1,2,0,0,0.0,2,1.0
2022-11-01,LNGN0374,terminal,1,3,0,0,0.0,3,1.0
2022-11-01,LNGN0378,terminal,1,2,1,2,1.0,0,0.0
2022-11-01,LNGN0381,terminal,1,3,0,0,0.0,3,1.0
2022-11-01,LNGN0382,terminal,0,0,0,0,0.0,0,0.0
2022-11-01,LNGN0385,terminal,1,6,0,0,0.0,1,0.16666666666666666
2022-11-01,LNGN0391,terminal,0,0,0,0,0.0,0,0.0
2022-11-01,LNGN0398,terminal,1,1,0,1,1.0,0,0.0
2022-11-01,LNGN0405,terminal,0,0,0,0,0.0,0,0.0
2022-11-01,LNGN0421,terminal,1,1,0,1,1.0,0,0.0
2022-11-01,LNGN0423,terminal,1,1,0,1,1.0,0,0.0
2022-11-01,LNGN0425,terminal,0,0,0,0,0.0,0,0.0
2022-11-01,LNGN0426,terminal,1,1,0,1,1.0,0,0.0
2022-11-01,LNGN0427,terminal,0,0,0,0,0.0,0,0.0
2022-11-01,LNGN0428,terminal,1,1,0,1,1.0,0,0.0
2022-11-01,LNGN0429,terminal,1,2,0,0,0.0,2,1.0
2022-11-01,LNGN0435,terminal,1,1,0,1,1.0,0,0.0
2022-11-01,LNGN0437,terminal,1,1,0,1,1.0,0,0.0
2022-11-01,LNGN0441,terminal,1,2,0,0,0.0,2,1.0
2022-11-01,LNGN0442,terminal,0,0,0,0,0.0,0,0.0
2022-11-01,LNGN0447,terminal,0,0,0,0,0.0,0,0.0
2022-11-01,LNGN0449,terminal,1,1,0,1,1.0,0,0.0
2022-11-01,LNGN0452,terminal,1,5,0,0,0.0,1,0.2
2022-11-01,LNGN0453,terminal,1,1,0,1,1.0,0,0.0
2022-11-01,LNGN0460,terminal,1,1,0,1,1.0,0,0.0
2022-11-01,LNGN0463,terminal,1,3,0,0,0.0,3,1.0
2022-11-01,LNGN0464,terminal,1,2,0,0,0.0,0,0.0
2022-11-01,LNGN0472,terminal,0,0,0,0,0.0,0,0.0
2022-11-01,LNGN0473,terminal,1,1,0,1,1.0,0,0.0
2022-11-01,LNGN0474,terminal,1,1,0,1,1.0,0,0.0
2022-12-01,CP001,chokepoint,1,4,1,1,0.25,3,0.75
2022-12-01,CP002,chokepoint,1,7,1,1,0.14285714285714285,6,0.8571428571428571
2022-12-01,CP004,chokepoint,1,3,0,0,0.0,1,0.3333333333333333
2022-12-01,CP005,chokepoint,1,9,1,3,0.3333333333333333,2,0.2222222222222222
2022-12-01,CP006,chokepoint,1,7,1,4,0.5714285714285714,1,0.14285714285714285
2022-12-01,CP007,chokepoint,1,3,0,0,0.0,3,1.0
2022-12-01,CP008,chokepoint,1,20,1,2,0.1,4,0.2
2022-12-01,CP009,chokepoint,1,17,1,7,0.4117647058823529,1,0.058823529411764705
2022-12-01,CP010,chokepoint,1,5,1,2,0.4,0,0.0
2022-12-01,CP011,chokepoint,1,15,1,8,0.5333333333333333,1,0.06666666666666667
2022-12-01,CP012,chokepoint,1,8,1,2,0.25,3,0.375
2022-12-01,CP013,chokepoint,1,2,0,0,0.0,2,1.0
2022-12-01,CP014,chokepoint,1,6,1,1,0.16666666666666666,5,0.8333333333333334
2022-12-01,CP015,chokepoint,1,3,0,0,0.0,3,1.0
2022-12-01,CP016,chokepoint,1,10,1,5,0.5,5,0.5
2022-12-01,CP017,chokepoint,1,4,1,2,0.5,0,0.0
2022-12-01,CP018,chokepoint,0,0,0,0,0.0,0,0.0
2022-12-01,CP019,chokepoint,1,2,0,0,0.0,2,1.0
2022-12-01,CP020,chokepoint,1,2,0,0,0.0,2,1.0
2022-12-01,CP021,chokepoint,0,0,0,0,0.0,0,0.0
2022-12-01,CP022,chokepoint,1,4,0,0,0.0,4,1.0
2022-12-01,CP023,chokepoint,0,0,0,0,0.0,0,0.0
2022-12-01,CP024,chokepoint,0,0,0,0,0.0,0,0.0
2022-12-01,CP027,chokepoint,1,5,0,0,0.0,3,0.6
2022-12-01,LNGN0004,terminal,0,0,0,0,0.0,0,0.0
2022-12-01,LNGN0006,terminal,0,0,0,0,0.0,0,0.0
2022-12-01,LNGN0008,terminal,1,1,0,1,1.0,0,0.0
2022-12-01,LNGN0013,terminal,0,0,0,0,0.0,0,0.0
2022-12-01,LNGN0017,terminal,0,0,0,0,0.0,0,0.0
2022-12-01,LNGN0025,terminal,0,0,0,0,0.0,0,0.0
2022-12-01,LNGN0026,terminal,1,5,1,1,0.2,0,0.0
2022-12-01,LNGN0027,terminal,1,2,0,0,0.0,2,1.0
2022-12-01,LNGN0031,terminal,0,0,0,0,0.0,0,0.0
2022-12-01,LNGN0035,terminal,1,2,0,0,0.0,0,0.0
2022-12-01,LNGN0037,terminal,1,1,0,1,1.0,0,0.0
2022-12-01,LNGN0039,terminal,0,0,0,0,0.0,0,0.0
2022-12-01,LNGN0040,terminal,1,1,0,1,1.0,0,0.0
2022-12-01,LNGN0044,terminal,0,0,0,0,0.0,0,0.0
2022-12-01,LNGN0045,terminal,0,0,0,0,0.0,0,0.0
2022-12-01,LNGN0050,terminal,1,5,0,0,0.0,1,0.2
2022-12-01,LNGN0052,terminal,1,1,0,1,1.0,0,0.0
2022-12-01,LNGN0055,terminal,0,0,0,0,0.0,0,0.0
2022-12-01,LNGN0056,terminal,1,1,0,1,1.0,0,0.0
2022-12-01,LNGN0059,terminal,0,0,0,0,0.0,0,0.0
2022-12-01,LNGN0069,terminal,0,0,0,0,0.0,0,0.0
2022-12-01,LNGN0070,terminal,1,7,1,1,0.14285714285714285,2,0.2857142857142857
2022-12-01,LNGN0074,terminal,0,0,0,0,0.0,0,0.0
2022-12-01,LNGN0075,terminal,0,0,0,0,0.0,0,0.0
2022-12-01,LNGN0076,terminal,0,0,0,0,0.0,0,0.0
2022-12-01,LNGN0079,terminal,1,1,0,1,1.0,0,0.0
2022-12-01,LNGN0081,terminal,1,1,0,1,1.0,0,0.0
2022-12-01,LNGN0083,terminal,1,4,0,0,0.0,0,0.0
2022-12-01,LNGN0085,terminal,1,1,0,1,1.0,0,0.0
2022-12-01,LNGN0087,terminal,0,0,0,0,0.0,0,0.0
2022-12-01,LNGN0097,terminal,1,1,0,1,1.0,0,0.0
2022-12-01,LNGN0098,terminal,1,3,0,0,0.0,0,0.0
2022-12-01,LNGN0100,terminal,1,1,0,1,1.0,0,0.0
2022-12-01,LNGN0101,terminal,1,2,0,0,0.0,2,1.0
2022-12-01,LNGN0102,terminal,0,0,0,0,0.0,0,0.0
2022-12-01,LNGN0103,terminal,1,2,0,0,0.0,2,1.0
2022-12-01,LNGN0108,terminal,0,0,0,0,0.0,0,0.0
2022-12-01,LNGN0109,terminal,0,0,0,0,0.0,0,0.0
2022-12-01,LNGN0112,terminal,0,0,0,0,0.0,0,0.0
2022-12-01,LNGN0115,terminal,0,0,0,0,0.0,0,0.0
2022-12-01,LNGN0121,terminal,1,3,0,0,0.0,1,0.3333333333333333
2022-12-01,LNGN0122,terminal,0,0,0,0,0.0,0,0.0
2022-12-01,LNGN0124,terminal,0,0,0,0,0.0,0,0.0
2022-12-01,LNGN0130,terminal,1,2,0,0,0.0,2,1.0
2022-12-01,LNGN0132,terminal,1,1,0,1,1.0,0,0.0
2022-12-01,LNGN0136,terminal,0,0,0,0,0.0,0,0.0
2022-12-01,LNGN0138,terminal,0,0,0,0,0.0,0,0.0
2022-12-01,LNGN0142,terminal,1,2,0,0,0.0,2,1.0
2022-12-01,LNGN0143,terminal,0,0,0,0,0.0,0,0.0
2022-12-01,LNGN0144,terminal,1,1,0,1,1.0,0,0.0
2022-12-01,LNGN0148,terminal,0,0,0,0,0.0,0,0.0
2022-12-01,LNGN0150,terminal,0,0,0,0,0.0,0,0.0
2022-12-01,LNGN0156,terminal,0,0,0,0,0.0,0,0.0
2022-12-01,LNGN0163,terminal,0,0,0,0,0.0,0,0.0
2022-12-01,LNGN0164,terminal,0,0,0,0,0.0,0,0.0
2022-12-01,LNGN0165,terminal,0,0,0,0,0.0,0,0.0
2022-12-01,LNGN0166,terminal,1,3,0,0,0.0,0,0.0
2022-12-01,LNGN0168,terminal,1,1,0,1,1.0,0,0.0
2022-12-01,LNGN0170,terminal,1,1,0,1,1.0,0,0.0
2022-12-01,LNGN0173,terminal,1,3,0,0,0.0,3,1.0
2022-12-01,LNGN0174,terminal,0,0,0,0,0.0,0,0.0
2022-12-01,LNGN0175,terminal,0,0,0,0,0.0,0,0.0
2022-12-01,LNGN0176,terminal,0,0,0,0,0.0,0,0.0
2022-12-01,LNGN0178,terminal,1,3,0,0,0.0,3,1.0
2022-12-01,LNGN0180,terminal,0,0,0,0,0.0,0,0.0
2022-12-01,LNGN0181,terminal,1,2,0,0,0.0,0,0.0
2022-12-01,LNGN0182,terminal,0,0,0,0,0.0,0,0.0
2022-12-01,LNGN0186,terminal,1,3,0,0,0.0,1,0.3333333333333333
2022-12-01,LNGN0190,terminal,0,0,0,0,0.0,0,0.0
2022-12-01,LNGN0191,terminal,1,1,0,1,1.0,0,0.0
2022-12-01,LNGN0195,terminal,1,2,0,0,0.0,2,1.0
2022-12-01,LNGN0199,terminal,0,0,0,0,0.0,0,0.0
2022-12-01,LNGN0206,terminal,0,0,0,0,0.0,0,0.0
2022-12-01,LNGN0207,terminal,1,1,0,1,1.0,0,0.0
2022-12-01,LNGN0208,terminal,1,1,0,1,1.0,0,0.0
2022-12-01,LNGN0210,terminal,1,1,0,1,1.0,0,0.0
2022-12-01,LNGN0212,terminal,1,1,0,1,1.0,0,0.0
2022-12-01,LNGN0219,terminal,0,0,0,0,0.0,0,0.0
2022-12-01,LNGN0222,terminal,0,0,0,0,0.0,0,0.0
2022-12-01,LNGN0230,terminal,1,1,0,1,1.0,0,0.0
2022-12-01,LNGN0232,terminal,1,1,0,1,1.0,0,0.0
2022-12-01,LNGN0237,terminal,0,0,0,0,0.0,0,0.0
2022-12-01,LNGN0238,terminal,0,0,0,0,0.0,0,0.0
2022-12-01,LNGN0241,terminal,0,0,0,0,0.0,0,0.0
2022-12-01,LNGN0243,terminal,0,0,0,0,0.0,0,0.0
2022-12-01,LNGN0244,terminal,1,4,0,0,0.0,0,0.0
2022-12-01,LNGN0248,terminal,0,0,0,0,0.0,0,0.0
2022-12-01,LNGN0250,terminal,0,0,0,0,0.0,0,0.0
2022-12-01,LNGN0251,terminal,0,0,0,0,0.0,0,0.0
2022-12-01,LNGN0253,terminal,0,0,0,0,0.0,0,0.0
2022-12-01,LNGN0258,terminal,0,0,0,0,0.0,0,0.0
2022-12-01,LNGN0261,terminal,1,3,0,0,0.0,3,1.0
2022-12-01,LNGN0262,terminal,0,0,0,0,0.0,0,0.0
2022-12-01,LNGN0268,terminal,0,0,0,0,0.0,0,0.0
2022-12-01,LNGN0270,terminal,1,2,0,0,0.0,2,1.0
2022-12-01,LNGN0272,terminal,0,0,0,0,0.0,0,0.0
2022-12-01,LNGN0274,terminal,1,2,1,2,1.0,0,0.0
2022-12-01,LNGN0278,terminal,0,0,0,0,0.0,0,0.0
2022-12-01,LNGN0285,terminal,0,0,0,0,0.0,0,0.0
2022-12-01,LNGN0287,terminal,0,0,0,0,0.0,0,0.0
2022-12-01,LNGN0288,terminal,0,0,0,0,0.0,0,0.0
2022-12-01,LNGN0290,terminal,0,0,0,0,0.0,0,0.0
2022-12-01,LNGN0291,terminal,1,1,0,1,1.0,0,0.0
2022-12-01,LNGN0293,terminal,0,0,0,0,0.0,0,0.0
2022-12-01,LNGN0294,terminal,0,0,0,0,0.0,0,0.0
2022-12-01,LNGN0297,terminal,1,2,0,0,0.0,2,1.0
2022-12-01,LNGN0299,terminal,0,0,0,0,0.0,0,0.0
2022-12-01,LNGN0307,terminal,0,0,0,0,0.0,0,0.0
2022-12-01,LNGN0308,terminal,0,0,0,0,0.0,0,0.0
2022-12-01,LNGN0309,terminal,0,0,0,0,0.0,0,0.0
2022-12-01,LNGN0312,terminal,1,1,0,1,1.0,0,0.0
2022-12-01,LNGN0314,terminal,1,1,0,1,1.0,0,0.0
2022-12-01,LNGN0319,terminal,1,1,0,1,1.0,0,0.0
2022-12-01,LNGN0322,terminal,1,2,0,0,0.0,2,1.0
2022-12-01,LNGN0324,terminal,0,0,0,0,0.0,0,0.0
2022-12-01,LNGN0328,terminal,1,3,1,3,1.0,0,0.0
2022-12-01,LNGN0331,terminal,1,2,0,0,0.0,2,1.0
2022-12-01,LNGN0334,terminal,0,0,0,0,0.0,0,0.0
2022-12-01,LNGN0344,terminal,0,0,0,0,0.0,0,0.0
2022-12-01,LNGN0345,terminal,1,7,0,0,0.0,2,0.2857142857142857
2022-12-01,LNGN0347,terminal,1,1,0,1,1.0,0,0.0
2022-12-01,LNGN0348,terminal,0,0,0,0,0.0,0,0.0
2022-12-01,LNGN0351,terminal,1,1,0,1,1.0,0,0.0
2022-12-01,LNGN0354,terminal,1,1,0,1,1.0,0,0.0
2022-12-01,LNGN0359,terminal,1,1,0,1,1.0,0,0.0
2022-12-01,LNGN0361,terminal,0,0,0,0,0.0,0,0.0
2022-12-01,LNGN0362,terminal,0,0,0,0,0.0,0,0.0
2022-12-01,LNGN0363,terminal,1,1,0,1,1.0,0,0.0
2022-12-01,LNGN0364,terminal,0,0,0,0,0.0,0,0.0
2022-12-01,LNGN0372,terminal,0,0,0,0,0.0,0,0.0
2022-12-01,LNGN0374,terminal,1,1,0,1,1.0,0,0.0
2022-12-01,LNGN0378,terminal,1,2,0,0,0.0,2,1.0
2022-12-01,LNGN0381,terminal,1,3,0,0,0.0,3,1.0
2022-12-01,LNGN0382,terminal,0,0,0,0,0.0,0,0.0
2022-12-01,LNGN0385,terminal,1,5,0,0,0.0,1,0.2
2022-12-01,LNGN0391,terminal,0,0,0,0,0.0,0,0.0
2022-12-01,LNGN0398,terminal,1,1,0,1,1.0,0,0.0
2022-12-01,LNGN0405,terminal,0,0,0,0,0.0,0,0.0
2022-12-01,LNGN0421,terminal,1,1,0,1,1.0,0,0.0
2022-12-01,LNGN0423,terminal,1,1,0,1,1.0,0,0.0
2022-12-01,LNGN0425,terminal,0,0,0,0,0.0,0,0.0
2022-12-01,LNGN0426,terminal,1,2,0,0,0.0,2,1.0
2022-12-01,LNGN0427,terminal,1,1,0,1,1.0,0,0.0
2022-12-01,LNGN0428,terminal,1,2,0,0,0.0,0,0.0
2022-12-01,LNGN0429,terminal,0,0,0,0,0.0,0,0.0
2022-12-01,LNGN0435,terminal,1,1,0,1,1.0,0,0.0
2022-12-01,LNGN0437,terminal,1,1,0,1,1.0,0,0.0
2022-12-01,LNGN0441,terminal,1,1,0,1,1.0,0,0.0
2022-12-01,LNGN0442,terminal,0,0,0,0,0.0,0,0.0
2022-12-01,LNGN0447,terminal,0,0,0,0,0.0,0,0.0
2022-12-01,LNGN0449,terminal,1,1,0,1,1.0,0,0.0
2022-12-01,LNGN0452,terminal,1,3,0,0,0.0,0,0.0
2022-12-01,LNGN0453,terminal,0,0,0,0,0.0,0,0.0
2022-12-01,LNGN0460,terminal,1,1,0,1,1.0,0,0.0
2022-12-01,LNGN0463,terminal,1,4,0,0,0.0,1,0.25
2022-12-01,LNGN0464,terminal,1,2,0,0,0.0,0,0.0
2022-12-01,LNGN0472,terminal,1,1,0,1,1.0,0,0.0
2022-12-01,LNGN0473,terminal,1,1,0,1,1.0,0,0.0
2022-12-01,LNGN0474,terminal,1,1,0,1,1.0,0,0.0
2023-01-01,CP001,chokepoint,1,6,1,1,0.16666666666666666,1,0.16666666666666666
2023-01-01,CP002,chokepoint,1,8,1,2,0.25,6,0.75
2023-01-01,CP004,chokepoint,1,4,1,1,0.25,1,0.25
2023-01-01,CP005,chokepoint,1,8,1,4,0.5,2,0.25
2023-01-01,CP006,chokepoint,1,10,1,7,0.7,1,0.1
2023-01-01,CP007,chokepoint,1,3,0,0,0.0,3,1.0
2023-01-01,CP008,chokepoint,1,14,1,1,0.07142857142857142,1,0.07142857142857142
2023-01-01,CP009,chokepoint,1,15,1,2,0.13333333333333333,1,0.06666666666666667
2023-01-01,CP010,chokepoint,1,8,1,4,0.5,0,0.0
2023-01-01,CP011,chokepoint,1,16,1,8,0.5,3,0.1875
2023-01-01,CP012,chokepoint,1,7,1,2,0.2857142857142857,0,0.0
2023-01-01,CP013,chokepoint,1,4,1,1,0.25,1,0.25
2023-01-01,CP014,chokepoint,1,2,1,2,1.0,0,0.0
2023-01-01,CP015,chokepoint,1,4,0,0,0.0,4,1.0
2023-01-01,CP016,chokepoint,1,10,1,2,0.2,6,0.6
2023-01-01,CP017,chokepoint,1,3,1,3,1.0,0,0.0
2023-01-01,CP018,chokepoint,1,2,0,0,0.0,2,1.0
2023-01-01,CP019,chokepoint,1,2,0,0,0.0,2,1.0
2023-01-01,CP020,chokepoint,1,2,0,0,0.0,2,1.0
2023-01-01,CP021,chokepoint,0,0,0,0,0.0,0,0.0
2023-01-01,CP022,chokepoint,1,4,0,0,0.0,4,1.0
2023-01-01,CP023,chokepoint,0,0,0,0,0.0,0,0.0
2023-01-01,CP024,chokepoint,0,0,0,0,0.0,0,0.0
2023-01-01,CP027,chokepoint,1,5,0,0,0.0,3,0.6
2023-01-01,LNGN0004,terminal,0,0,0,0,0.0,0,0.0
2023-01-01,LNGN0006,terminal,0,0,0,0,0.0,0,0.0
2023-01-01,LNGN0008,terminal,1,1,0,1,1.0,0,0.0
2023-01-01,LNGN0013,terminal,0,0,0,0,0.0,0,0.0
2023-01-01,LNGN0017,terminal,0,0,0,0,0.0,0,0.0
2023-01-01,LNGN0025,terminal,0,0,0,0,0.0,0,0.0
2023-01-01,LNGN0026,terminal,1,5,1,1,0.2,2,0.4
2023-01-01,LNGN0027,terminal,1,3,1,1,0.3333333333333333,2,0.6666666666666666
2023-01-01,LNGN0031,terminal,0,0,0,0,0.0,0,0.0
2023-01-01,LNGN0035,terminal,0,0,0,0,0.0,0,0.0
2023-01-01,LNGN0037,terminal,1,2,0,0,0.0,2,1.0
2023-01-01,LNGN0039,terminal,0,0,0,0,0.0,0,0.0
2023-01-01,LNGN0040,terminal,0,0,0,0,0.0,0,0.0
2023-01-01,LNGN0044,terminal,1,1,0,1,1.0,0,0.0
2023-01-01,LNGN0045,terminal,0,0,0,0,0.0,0,0.0
2023-01-01,LNGN0050,terminal,1,5,1,1,0.2,1,0.2
2023-01-01,LNGN0052,terminal,1,1,0,1,1.0,0,0.0
2023-01-01,LNGN0055,terminal,0,0,0,0,0.0,0,0.0
2023-01-01,LNGN0056,terminal,1,1,0,1,1.0,0,0.0
2023-01-01,LNGN0059,terminal,0,0,0,0,0.0,0,0.0
2023-01-01,LNGN0069,terminal,0,0,0,0,0.0,0,0.0
2023-01-01,LNGN0070,terminal,1,8,0,0,0.0,4,0.5
2023-01-01,LNGN0074,terminal,0,0,0,0,0.0,0,0.0
2023-01-01,LNGN0075,terminal,0,0,0,0,0.0,0,0.0
2023-01-01,LNGN0076,terminal,0,0,0,0,0.0,0,0.0
2023-01-01,LNGN0079,terminal,1,1,0,1,1.0,0,0.0
2023-01-01,LNGN0081,terminal,0,0,0,0,0.0,0,0.0
2023-01-01,LNGN0083,terminal,1,3,0,0,0.0,0,0.0
2023-01-01,LNGN0085,terminal,1,1,0,1,1.0,0,0.0
2023-01-01,LNGN0087,terminal,0,0,0,0,0.0,0,0.0
2023-01-01,LNGN0097,terminal,1,1,0,1,1.0,0,0.0
2023-01-01,LNGN0098,terminal,0,0,0,0,0.0,0,0.0
2023-01-01,LNGN0100,terminal,0,0,0,0,0.0,0,0.0
2023-01-01,LNGN0101,terminal,0,0,0,0,0.0,0,0.0
2023-01-01,LNGN0102,terminal,0,0,0,0,0.0,0,0.0
2023-01-01,LNGN0103,terminal,1,2,0,0,0.0,0,0.0
2023-01-01,LNGN0108,terminal,1,1,0,1,1.0,0,0.0
2023-01-01,LNGN0109,terminal,0,0,0,0,0.0,0,0.0
2023-01-01,LNGN0112,terminal,1,1,0,1,1.0,0,0.0
2023-01-01,LNGN0115,terminal,0,0,0,0,0.0,0,0.0
2023-01-01,LNGN0121,terminal,1,3,0,0,0.0,0,0.0
2023-01-01,LNGN0122,terminal,1,1,0,1,1.0,0,0.0
2023-01-01,LNGN0124,terminal,0,0,0,0,0.0,0,0.0
2023-01-01,LNGN0130,terminal,1,1,0,1,1.0,0,0.0
2023-01-01,LNGN0132,terminal,1,3,0,0,0.0,0,0.0
2023-01-01,LNGN0136,terminal,0,0,0,0,0.0,0,0.0
2023-01-01,LNGN0138,terminal,0,0,0,0,0.0,0,0.0
2023-01-01,LNGN0142,terminal,1,2,0,0,0.0,2,1.0
2023-01-01,LNGN0143,terminal,0,0,0,0,0.0,0,0.0
2023-01-01,LNGN0144,terminal,1,2,0,0,0.0,0,0.0
2023-01-01,LNGN0148,terminal,0,0,0,0,0.0,0,0.0
2023-01-01,LNGN0150,terminal,0,0,0,0,0.0,0,0.0
2023-01-01,LNGN0156,terminal,1,1,0,1,1.0,0,0.0
2023-01-01,LNGN0163,terminal,0,0,0,0,0.0,0,0.0
2023-01-01,LNGN0164,terminal,1,1,0,1,1.0,0,0.0
2023-01-01,LNGN0165,terminal,0,0,0,0,0.0,0,0.0
2023-01-01,LNGN0166,terminal,1,5,0,0,0.0,0,0.0
2023-01-01,LNGN0168,terminal,1,1,0,1,1.0,0,0.0
2023-01-01,LNGN0170,terminal,1,1,0,1,1.0,0,0.0
2023-01-01,LNGN0173,terminal,1,1,0,1,1.0,0,0.0
2023-01-01,LNGN0174,terminal,0,0,0,0,0.0,0,0.0
2023-01-01,LNGN0175,terminal,0,0,0,0,0.0,0,0.0
2023-01-01,LNGN0176,terminal,0,0,0,0,0.0,0,0.0
2023-01-01,LNGN0178,terminal,1,4,0,0,0.0,4,1.0
2023-01-01,LNGN0180,terminal,0,0,0,0,0.0,0,0.0
2023-01-01,LNGN0181,terminal,1,1,0,1,1.0,0,0.0
2023-01-01,LNGN0182,terminal,0,0,0,0,0.0,0,0.0
2023-01-01,LNGN0186,terminal,1,2,0,0,0.0,2,1.0
2023-01-01,LNGN0190,terminal,0,0,0,0,0.0,0,0.0
2023-01-01,LNGN0191,terminal,0,0,0,0,0.0,0,0.0
2023-01-01,LNGN0195,terminal,1,2,0,0,0.0,2,1.0
2023-01-01,LNGN0199,terminal,0,0,0,0,0.0,0,0.0
2023-01-01,LNGN0206,terminal,0,0,0,0,0.0,0,0.0
2023-01-01,LNGN0207,terminal,1,1,0,1,1.0,0,0.0
2023-01-01,LNGN0208,terminal,1,1,0,1,1.0,0,0.0
2023-01-01,LNGN0210,terminal,1,1,0,1,1.0,0,0.0
2023-01-01,LNGN0212,terminal,0,0,0,0,0.0,0,0.0
2023-01-01,LNGN0219,terminal,0,0,0,0,0.0,0,0.0
2023-01-01,LNGN0222,terminal,1,1,0,1,1.0,0,0.0
2023-01-01,LNGN0230,terminal,1,1,0,1,1.0,0,0.0
2023-01-01,LNGN0232,terminal,1,3,0,0,0.0,1,0.3333333333333333
2023-01-01,LNGN0237,terminal,1,1,0,1,1.0,0,0.0
2023-01-01,LNGN0238,terminal,0,0,0,0,0.0,0,0.0
2023-01-01,LNGN0241,terminal,0,0,0,0,0.0,0,0.0
2023-01-01,LNGN0243,terminal,0,0,0,0,0.0,0,0.0
2023-01-01,LNGN0244,terminal,1,2,0,0,0.0,0,0.0
2023-01-01,LNGN0248,terminal,1,1,0,1,1.0,0,0.0
2023-01-01,LNGN0250,terminal,0,0,0,0,0.0,0,0.0
2023-01-01,LNGN0251,terminal,0,0,0,0,0.0,0,0.0
2023-01-01,LNGN0253,terminal,0,0,0,0,0.0,0,0.0
2023-01-01,LNGN0258,terminal,0,0,0,0,0.0,0,0.0
2023-01-01,LNGN0261,terminal,1,6,0,0,0.0,4,0.6666666666666666
2023-01-01,LNGN0262,terminal,0,0,0,0,0.0,0,0.0
2023-01-01,LNGN0268,terminal,0,0,0,0,0.0,0,0.0
2023-01-01,LNGN0270,terminal,1,2,0,0,0.0,2,1.0
2023-01-01,LNGN0272,terminal,0,0,0,0,0.0,0,0.0
2023-01-01,LNGN0274,terminal,1,1,0,1,1.0,0,0.0
2023-01-01,LNGN0278,terminal,0,0,0,0,0.0,0,0.0
2023-01-01,LNGN0285,terminal,0,0,0,0,0.0,0,0.0
2023-01-01,LNGN0287,terminal,0,0,0,0,0.0,0,0.0
2023-01-01,LNGN0288,terminal,0,0,0,0,0.0,0,0.0
2023-01-01,LNGN0290,terminal,0,0,0,0,0.0,0,0.0
2023-01-01,LNGN0291,terminal,0,0,0,0,0.0,0,0.0
2023-01-01,LNGN0293,terminal,0,0,0,0,0.0,0,0.0
2023-01-01,LNGN0294,terminal,0,0,0,0,0.0,0,0.0
2023-01-01,LNGN0297,terminal,1,2,0,0,0.0,2,1.0
2023-01-01,LNGN0299,terminal,0,0,0,0,0.0,0,0.0
2023-01-01,LNGN0307,terminal,0,0,0,0,0.0,0,0.0
2023-01-01,LNGN0308,terminal,0,0,0,0,0.0,0,0.0
2023-01-01,LNGN0309,terminal,1,1,0,1,1.0,0,0.0
2023-01-01,LNGN0312,terminal,0,0,0,0,0.0,0,0.0
2023-01-01,LNGN0314,terminal,1,3,0,0,0.0,1,0.3333333333333333
2023-01-01,LNGN0319,terminal,1,2,0,0,0.0,0,0.0
2023-01-01,LNGN0322,terminal,1,3,0,0,0.0,3,1.0
2023-01-01,LNGN0324,terminal,0,0,0,0,0.0,0,0.0
2023-01-01,LNGN0328,terminal,1,1,0,1,1.0,0,0.0
2023-01-01,LNGN0331,terminal,1,1,0,1,1.0,0,0.0
2023-01-01,LNGN0334,terminal,1,1,0,1,1.0,0,0.0
2023-01-01,LNGN0344,terminal,0,0,0,0,0.0,0,0.0
2023-01-01,LNGN0345,terminal,1,7,0,0,0.0,3,0.42857142857142855
2023-01-01,LNGN0347,terminal,0,0,0,0,0.0,0,0.0
2023-01-01,LNGN0348,terminal,0,0,0,0,0.0,0,0.0
2023-01-01,LNGN0351,terminal,0,0,0,0,0.0,0,0.0
2023-01-01,LNGN0354,terminal,1,1,0,1,1.0,0,0.0
2023-01-01,LNGN0359,terminal,1,1,0,1,1.0,0,0.0
2023-01-01,LNGN0361,terminal,0,0,0,0,0.0,0,0.0
2023-01-01,LNGN0362,terminal,0,0,0,0,0.0,0,0.0
2023-01-01,LNGN0363,terminal,1,1,0,1,1.0,0,0.0
2023-01-01,LNGN0364,terminal,0,0,0,0,0.0,0,0.0
2023-01-01,LNGN0372,terminal,0,0,0,0,0.0,0,0.0
2023-01-01,LNGN0374,terminal,1,3,0,0,0.0,3,1.0
2023-01-01,LNGN0378,terminal,0,0,0,0,0.0,0,0.0
2023-01-01,LNGN0381,terminal,1,2,0,0,0.0,2,1.0
2023-01-01,LNGN0382,terminal,0,0,0,0,0.0,0,0.0
2023-01-01,LNGN0385,terminal,1,4,0,0,0.0,0,0.0
2023-01-01,LNGN0391,terminal,0,0,0,0,0.0,0,0.0
2023-01-01,LNGN0398,terminal,1,1,0,1,1.0,0,0.0
2023-01-01,LNGN0405,terminal,0,0,0,0,0.0,0,0.0
2023-01-01,LNGN0421,terminal,1,1,0,1,1.0,0,0.0
2023-01-01,LNGN0423,terminal,1,1,0,1,1.0,0,0.0
2023-01-01,LNGN0425,terminal,0,0,0,0,0.0,0,0.0
2023-01-01,LNGN0426,terminal,1,1,0,1,1.0,0,0.0
2023-01-01,LNGN0427,terminal,1,1,0,1,1.0,0,0.0
2023-01-01,LNGN0428,terminal,0,0,0,0,0.0,0,0.0
2023-01-01,LNGN0429,terminal,0,0,0,0,0.0,0,0.0
2023-01-01,LNGN0435,terminal,1,3,1,3,1.0,0,0.0
2023-01-01,LNGN0437,terminal,0,0,0,0,0.0,0,0.0
2023-01-01,LNGN0441,terminal,1,2,0,0,0.0,2,1.0
2023-01-01,LNGN0442,terminal,1,1,0,1,1.0,0,0.0
2023-01-01,LNGN0447,terminal,1,1,0,1,1.0,0,0.0
2023-01-01,LNGN0449,terminal,1,1,0,1,1.0,0,0.0
2023-01-01,LNGN0452,terminal,1,5,1,1,0.2,1,0.2
2023-01-01,LNGN0453,terminal,0,0,0,0,0.0,0,0.0
2023-01-01,LNGN0460,terminal,1,2,0,0,0.0,2,1.0
2023-01-01,LNGN0463,terminal,1,2,0,0,0.0,0,0.0
2023-01-01,LNGN0464,terminal,1,2,0,0,0.0,0,0.0
2023-01-01,LNGN0472,terminal,1,1,0,1,1.0,0,0.0
2023-01-01,LNGN0473,terminal,1,1,0,1,1.0,0,0.0
2023-01-01,LNGN0474,terminal,1,1,0,1,1.0,0,0.0
2023-02-01,CP001,chokepoint,1,5,0,0,0.0,1,0.2
2023-02-01,CP002,chokepoint,1,5,1,3,0.6,2,0.4
2023-02-01,CP004,chokepoint,1,4,0,0,0.0,2,0.5
2023-02-01,CP005,chokepoint,1,13,1,5,0.38461538461538464,6,0.46153846153846156
2023-02-01,CP006,chokepoint,1,8,1,5,0.625,1,0.125
2023-02-01,CP007,chokepoint,1,4,0,0,0.0,4,1.0
2023-02-01,CP008,chokepoint,1,24,1,5,0.20833333333333334,2,0.08333333333333333
2023-02-01,CP009,chokepoint,1,17,1,4,0.23529411764705882,1,0.058823529411764705
2023-02-01,CP010,chokepoint,1,8,1,4,0.5,0,0.0
2023-02-01,CP011,chokepoint,1,12,1,5,0.4166666666666667,4,0.3333333333333333
2023-02-01,CP012,chokepoint,1,6,0,0,0.0,1,0.16666666666666666
2023-02-01,CP013,chokepoint,1,5,1,1,0.2,2,0.4
2023-02-01,CP014,chokepoint,1,7,0,0,0.0,7,1.0
2023-02-01,CP015,chokepoint,1,4,0,0,0.0,4,1.0
2023-02-01,CP016,chokepoint,1,12,1,3,0.25,9,0.75
2023-02-01,CP017,chokepoint,1,3,1,3,1.0,0,0.0
2023-02-01,CP018,chokepoint,1,2,0,0,0.0,2,1.0
2023-02-01,CP019,chokepoint,1,3,0,0,0.0,3,1.0
2023-02-01,CP020,chokepoint,1,2,0,0,0.0,2,1.0
2023-02-01,CP021,chokepoint,0,0,0,0,0.0,0,0.0
2023-02-01,CP022,chokepoint,1,6,1,2,0.3333333333333333,4,0.6666666666666666
2023-02-01,CP023,chokepoint,0,0,0,0,0.0,0,0.0
2023-02-01,CP024,chokepoint,0,0,0,0,0.0,0,0.0
2023-02-01,CP027,chokepoint,1,7,0,0,0.0,7,1.0
2023-02-01,LNGN0004,terminal,0,0,0,0,0.0,0,0.0
2023-02-01,LNGN0006,terminal,0,0,0,0,0.0,0,0.0
2023-02-01,LNGN0008,terminal,1,1,0,1,1.0,0,0.0
2023-02-01,LNGN0013,terminal,0,0,0,0,0.0,0,0.0
2023-02-01,LNGN0017,terminal,0,0,0,0,0.0,0,0.0
2023-02-01,LNGN0025,terminal,0,0,0,0,0.0,0,0.0
2023-02-01,LNGN0026,terminal,1,4,1,1,0.25,0,0.0
2023-02-01,LNGN0027,terminal,1,2,1,2,1.0,0,0.0
2023-02-01,LNGN0031,terminal,0,0,0,0,0.0,0,0.0
2023-02-01,LNGN0035,terminal,1,2,0,0,0.0,0,0.0
2023-02-01,LNGN0037,terminal,1,3,0,0,0.0,3,1.0
2023-02-01,LNGN0039,terminal,0,0,0,0,0.0,0,0.0
2023-02-01,LNGN0040,terminal,1,1,0,1,1.0,0,0.0
2023-02-01,LNGN0044,terminal,1,1,0,1,1.0,0,0.0
2023-02-01,LNGN0045,terminal,0,0,0,0,0.0,0,0.0
2023-02-01,LNGN0050,terminal,1,5,0,0,0.0,1,0.2
2023-02-01,LNGN0052,terminal,1,2,0,0,0.0,2,1.0
2023-02-01,LNGN0055,terminal,0,0,0,0,0.0,0,0.0
2023-02-01,LNGN0056,terminal,1,1,0,1,1.0,0,0.0
2023-02-01,LNGN0059,terminal,0,0,0,0,0.0,0,0.0
2023-02-01,LNGN0069,terminal,1,1,0,1,1.0,0,0.0
2023-02-01,LNGN0070,terminal,1,5,0,0,0.0,2,0.4
2023-02-01,LNGN0074,terminal,0,0,0,0,0.0,0,0.0
2023-02-01,LNGN0075,terminal,0,0,0,0,0.0,0,0.0
2023-02-01,LNGN0076,terminal,0,0,0,0,0.0,0,0.0
2023-02-01,LNGN0079,terminal,1,2,0,0,0.0,2,1.0
2023-02-01,LNGN0081,terminal,0,0,0,0,0.0,0,0.0
2023-02-01,LNGN0083,terminal,1,6,0,0,0.0,0,0.0
2023-02-01,LNGN0085,terminal,1,1,0,1,1.0,0,0.0
2023-02-01,LNGN0087,terminal,0,0,0,0,0.0,0,0.0
2023-02-01,LNGN0097,terminal,1,1,0,1,1.0,0,0.0
2023-02-01,LNGN0098,terminal,1,1,0,1,1.0,0,0.0
2023-02-01,LNGN0100,terminal,1,1,0,1,1.0,0,0.0
2023-02-01,LNGN0101,terminal,1,1,0,1,1.0,0,0.0
2023-02-01,LNGN0102,terminal,0,0,0,0,0.0,0,0.0
2023-02-01,LNGN0103,terminal,1,1,0,1,1.0,0,0.0
2023-02-01,LNGN0108,terminal,0,0,0,0,0.0,0,0.0
2023-02-01,LNGN0109,terminal,1,1,0,1,1.0,0,0.0
2023-02-01,LNGN0112,terminal,0,0,0,0,0.0,0,0.0
2023-02-01,LNGN0115,terminal,0,0,0,0,0.0,0,0.0
2023-02-01,LNGN0121,terminal,1,5,1,1,0.2,0,0.0
2023-02-01,LNGN0122,terminal,0,0,0,0,0.0,0,0.0
2023-02-01,LNGN0124,terminal,1,1,0,1,1.0,0,0.0
2023-02-01,LNGN0130,terminal,1,2,0,0,0.0,2,1.0
2023-02-01,LNGN0132,terminal,1,3,0,0,0.0,0,0.0
2023-02-01,LNGN0136,terminal,1,1,0,1,1.0,0,0.0
2023-02-01,LNGN0138,terminal,0,0,0,0,0.0,0,0.0
2023-02-01,LNGN0142,terminal,1,2,0,0,0.0,2,1.0
2023-02-01,LNGN0143,terminal,0,0,0,0,0.0,0,0.0
2023-02-01,LNGN0144,terminal,1,1,0,1,1.0,0,0.0
2023-02-01,LNGN0148,terminal,0,0,0,0,0.0,0,0.0
2023-02-01,LNGN0150,terminal,0,0,0,0,0.0,0,0.0
2023-02-01,LNGN0156,terminal,0,0,0,0,0.0,0,0.0
2023-02-01,LNGN0163,terminal,1,2,0,0,0.0,2,1.0
2023-02-01,LNGN0164,terminal,1,1,0,1,1.0,0,0.0
2023-02-01,LNGN0165,terminal,0,0,0,0,0.0,0,0.0
2023-02-01,LNGN0166,terminal,1,3,0,0,0.0,0,0.0
2023-02-01,LNGN0168,terminal,1,1,0,1,1.0,0,0.0
2023-02-01,LNGN0170,terminal,0,0,0,0,0.0,0,0.0
2023-02-01,LNGN0173,terminal,1,1,0,1,1.0,0,0.0
2023-02-01,LNGN0174,terminal,0,0,0,0,0.0,0,0.0
2023-02-01,LNGN0175,terminal,1,1,0,1,1.0,0,0.0
2023-02-01,LNGN0176,terminal,0,0,0,0,0.0,0,0.0
2023-02-01,LNGN0178,terminal,1,2,0,0,0.0,2,1.0
2023-02-01,LNGN0180,terminal,0,0,0,0,0.0,0,0.0
2023-02-01,LNGN0181,terminal,1,3,0,0,0.0,1,0.3333333333333333
2023-02-01,LNGN0182,terminal,1,1,0,1,1.0,0,0.0
2023-02-01,LNGN0186,terminal,1,3,0,0,0.0,0,0.0
2023-02-01,LNGN0190,terminal,0,0,0,0,0.0,0,0.0
2023-02-01,LNGN0191,terminal,1,1,0,1,1.0,0,0.0
2023-02-01,LNGN0195,terminal,1,2,0,0,0.0,2,1.0
2023-02-01,LNGN0199,terminal,1,1,0,1,1.0,0,0.0
2023-02-01,LNGN0206,terminal,1,1,0,1,1.0,0,0.0
2023-02-01,LNGN0207,terminal,1,1,0,1,1.0,0,0.0
2023-02-01,LNGN0208,terminal,1,1,0,1,1.0,0,0.0
2023-02-01,LNGN0210,terminal,1,3,0,0,0.0,0,0.0
2023-02-01,LNGN0212,terminal,0,0,0,0,0.0,0,0.0
2023-02-01,LNGN0219,terminal,0,0,0,0,0.0,0,0.0
2023-02-01,LNGN0222,terminal,0,0,0,0,0.0,0,0.0
2023-02-01,LNGN0230,terminal,1,2,0,0,0.0,2,1.0
2023-02-01,LNGN0232,terminal,1,2,0,0,0.0,0,0.0
2023-02-01,LNGN0237,terminal,0,0,0,0,0.0,0,0.0
2023-02-01,LNGN0238,terminal,1,1,0,1,1.0,0,0.0
2023-02-01,LNGN0241,terminal,0,0,0,0,0.0,0,0.0
2023-02-01,LNGN0243,terminal,0,0,0,0,0.0,0,0.0
2023-02-01,LNGN0244,terminal,1,2,0,0,0.0,0,0.0
2023-02-01,LNGN0248,terminal,1,2,0,0,0.0,2,1.0
2023-02-01,LNGN0250,terminal,1,1,0,1,1.0,0,0.0
2023-02-01,LNGN0251,terminal,0,0,0,0,0.0,0,0.0
2023-02-01,LNGN0253,terminal,0,0,0,0,0.0,0,0.0
2023-02-01,LNGN0258,terminal,0,0,0,0,0.0,0,0.0
2023-02-01,LNGN0261,terminal,1,4,0,0,0.0,2,0.5
2023-02-01,LNGN0262,terminal,0,0,0,0,0.0,0,0.0
2023-02-01,LNGN0268,terminal,0,0,0,0,0.0,0,0.0
2023-02-01,LNGN0270,terminal,1,3,0,0,0.0,3,1.0
2023-02-01,LNGN0272,terminal,0,0,0,0,0.0,0,0.0
2023-02-01,LNGN0274,terminal,1,1,0,1,1.0,0,0.0
2023-02-01,LNGN0278,terminal,0,0,0,0,0.0,0,0.0
2023-02-01,LNGN0285,terminal,0,0,0,0,0.0,0,0.0
2023-02-01,LNGN0287,terminal,1,1,0,1,1.0,0,0.0
2023-02-01,LNGN0288,terminal,0,0,0,0,0.0,0,0.0
2023-02-01,LNGN0290,terminal,0,0,0,0,0.0,0,0.0
2023-02-01,LNGN0291,terminal,0,0,0,0,0.0,0,0.0
2023-02-01,LNGN0293,terminal,0,0,0,0,0.0,0,0.0
2023-02-01,LNGN0294,terminal,0,0,0,0,0.0,0,0.0
2023-02-01,LNGN0297,terminal,1,2,0,0,0.0,2,1.0
2023-02-01,LNGN0299,terminal,0,0,0,0,0.0,0,0.0
2023-02-01,LNGN0307,terminal,0,0,0,0,0.0,0,0.0
2023-02-01,LNGN0308,terminal,1,1,0,1,1.0,0,0.0
2023-02-01,LNGN0309,terminal,1,1,0,1,1.0,0,0.0
2023-02-01,LNGN0312,terminal,1,2,0,0,0.0,2,1.0
2023-02-01,LNGN0314,terminal,1,2,0,0,0.0,0,0.0
2023-02-01,LNGN0319,terminal,1,1,0,1,1.0,0,0.0
2023-02-01,LNGN0322,terminal,1,3,1,1,0.3333333333333333,2,0.6666666666666666
2023-02-01,LNGN0324,terminal,1,1,0,1,1.0,0,0.0
2023-02-01,LNGN0328,terminal,1,3,1,3,1.0,0,0.0
2023-02-01,LNGN0331,terminal,1,1,0,1,1.0,0,0.0
2023-02-01,LNGN0334,terminal,0,0,0,0,0.0,0,0.0
2023-02-01,LNGN0344,terminal,0,0,0,0,0.0,0,0.0
2023-02-01,LNGN0345,terminal,1,10,0,0,0.0,4,0.4
2023-02-01,LNGN0347,terminal,1,1,0,1,1.0,0,0.0
2023-02-01,LNGN0348,terminal,0,0,0,0,0.0,0,0.0
2023-02-01,LNGN0351,terminal,0,0,0,0,0.0,0,0.0
2023-02-01,LNGN0354,terminal,0,0,0,0,0.0,0,0.0
2023-02-01,LNGN0359,terminal,1,1,0,1,1.0,0,0.0
2023-02-01,LNGN0361,terminal,0,0,0,0,0.0,0,0.0
2023-02-01,LNGN0362,terminal,0,0,0,0,0.0,0,0.0
2023-02-01,LNGN0363,terminal,0,0,0,0,0.0,0,0.0
2023-02-01,LNGN0364,terminal,0,0,0,0,0.0,0,0.0
2023-02-01,LNGN0372,terminal,1,1,0,1,1.0,0,0.0
2023-02-01,LNGN0374,terminal,1,4,0,0,0.0,4,1.0
2023-02-01,LNGN0378,terminal,1,1,0,1,1.0,0,0.0
2023-02-01,LNGN0381,terminal,1,2,0,0,0.0,2,1.0
2023-02-01,LNGN0382,terminal,0,0,0,0,0.0,0,0.0
2023-02-01,LNGN0385,terminal,1,4,0,0,0.0,0,0.0
2023-02-01,LNGN0391,terminal,0,0,0,0,0.0,0,0.0
2023-02-01,LNGN0398,terminal,1,1,0,1,1.0,0,0.0
2023-02-01,LNGN0405,terminal,0,0,0,0,0.0,0,0.0
2023-02-01,LNGN0421,terminal,1,1,0,1,1.0,0,0.0
2023-02-01,LNGN0423,terminal,1,3,0,0,0.0,3,1.0
2023-02-01,LNGN0425,terminal,0,0,0,0,0.0,0,0.0
2023-02-01,LNGN0426,terminal,1,2,0,0,0.0,0,0.0
2023-02-01,LNGN0427,terminal,1,1,0,1,1.0,0,0.0
2023-02-01,LNGN0428,terminal,1,2,0,0,0.0,0,0.0
2023-02-01,LNGN0429,terminal,0,0,0,0,0.0,0,0.0
2023-02-01,LNGN0435,terminal,1,3,1,3,1.0,0,0.0
2023-02-01,LNGN0437,terminal,1,1,0,1,1.0,0,0.0
2023-02-01,LNGN0441,terminal,1,2,0,0,0.0,2,1.0
2023-02-01,LNGN0442,terminal,1,2,0,0,0.0,0,0.0
2023-02-01,LNGN0447,terminal,0,0,0,0,0.0,0,0.0
2023-02-01,LNGN0449,terminal,1,1,0,1,1.0,0,0.0
2023-02-01,LNGN0452,terminal,1,7,0,0,0.0,3,0.42857142857142855
2023-02-01,LNGN0453,terminal,0,0,0,0,0.0,0,0.0
2023-02-01,LNGN0460,terminal,1,2,0,0,0.0,2,1.0
2023-02-01,LNGN0463,terminal,1,2,0,0,0.0,2,1.0
2023-02-01,LNGN0464,terminal,1,3,0,0,0.0,0,0.0
2023-02-01,LNGN0472,terminal,0,0,0,0,0.0,0,0.0
2023-02-01,LNGN0473,terminal,1,1,0,1,1.0,0,0.0
2023-02-01,LNGN0474,terminal,1,1,0,1,1.0,0,0.0
2023-03-01,CP001,chokepoint,1,8,1,2,0.25,2,0.25
2023-03-01,CP002,chokepoint,1,10,1,4,0.4,6,0.6
2023-03-01,CP004,chokepoint,1,4,1,1,0.25,1,0.25
2023-03-01,CP005,chokepoint,1,13,1,2,0.15384615384615385,6,0.46153846153846156
2023-03-01,CP006,chokepoint,1,12,1,3,0.25,1,0.08333333333333333
2023-03-01,CP007,chokepoint,1,5,1,1,0.2,2,0.4
2023-03-01,CP008,chokepoint,1,18,1,1,0.05555555555555555,4,0.2222222222222222
2023-03-01,CP009,chokepoint,1,17,1,3,0.17647058823529413,1,0.058823529411764705
2023-03-01,CP010,chokepoint,1,11,1,5,0.45454545454545453,0,0.0
2023-03-01,CP011,chokepoint,1,13,1,5,0.38461538461538464,3,0.23076923076923078
2023-03-01,CP012,chokepoint,1,6,1,2,0.3333333333333333,1,0.16666666666666666
2023-03-01,CP013,chokepoint,1,2,0,0,0.0,2,1.0
2023-03-01,CP014,chokepoint,1,4,1,1,0.25,3,0.75
2023-03-01,CP015,chokepoint,1,6,0,0,0.0,4,0.6666666666666666
2023-03-01,CP016,chokepoint,1,10,1,3,0.3,7,0.7
2023-03-01,CP017,chokepoint,1,4,1,2,0.5,0,0.0
2023-03-01,CP018,chokepoint,0,0,0,0,0.0,0,0.0
2023-03-01,CP019,chokepoint,1,3,0,0,0.0,3,1.0
2023-03-01,CP020,chokepoint,1,2,0,0,0.0,2,1.0
2023-03-01,CP021,chokepoint,0,0,0,0,0.0,0,0.0
2023-03-01,CP022,chokepoint,1,4,0,0,0.0,4,1.0
2023-03-01,CP023,chokepoint,0,0,0,0,0.0,0,0.0
2023-03-01,CP024,chokepoint,1,6,1,1,0.16666666666666666,3,0.5
2023-03-01,CP027,chokepoint,1,3,0,0,0.0,3,1.0
2023-03-01,LNGN0004,terminal,1,1,0,1,1.0,0,0.0
2023-03-01,LNGN0006,terminal,1,1,0,1,1.0,0,0.0
2023-03-01,LNGN0008,terminal,1,2,0,0,0.0,0,0.0
2023-03-01,LNGN0013,terminal,0,0,0,0,0.0,0,0.0
2023-03-01,LNGN0017,terminal,0,0,0,0,0.0,0,0.0
2023-03-01,LNGN0025,terminal,1,1,0,1,1.0,0,0.0
2023-03-01,LNGN0026,terminal,1,5,0,0,0.0,1,0.2
2023-03-01,LNGN0027,terminal,1,2,0,0,0.0,2,1.0
2023-03-01,LNGN0031,terminal,0,0,0,0,0.0,0,0.0
2023-03-01,LNGN0035,terminal,1,3,0,0,0.0,0,0.0
2023-03-01,LNGN0037,terminal,1,3,0,0,0.0,0,0.0
2023-03-01,LNGN0039,terminal,0,0,0,0,0.0,0,0.0
2023-03-01,LNGN0040,terminal,1,1,0,1,1.0,0,0.0
2023-03-01,LNGN0044,terminal,1,2,0,0,0.0,0,0.0
2023-03-01,LNGN0045,terminal,0,0,0,0,0.0,0,0.0
2023-03-01,LNGN0050,terminal,1,6,1,1,0.16666666666666666,1,0.16666666666666666
2023-03-01,LNGN0052,terminal,1,1,0,1,1.0,0,0.0
2023-03-01,LNGN0055,terminal,0,0,0,0,0.0,0,0.0
2023-03-01,LNGN0056,terminal,1,3,0,0,0.0,3,1.0
2023-03-01,LNGN0059,terminal,0,0,0,0,0.0,0,0.0
2023-03-01,LNGN0069,terminal,0,0,0,0,0.0,0,0.0
2023-03-01,LNGN0070,terminal,1,6,0,0,0.0,2,0.3333333333333333
2023-03-01,LNGN0074,terminal,0,0,0,0,0.0,0,0.0
2023-03-01,LNGN0075,terminal,0,0,0,0,0.0,0,0.0
2023-03-01,LNGN0076,terminal,0,0,0,0,0.0,0,0.0
2023-03-01,LNGN0079,terminal,1,1,0,1,1.0,0,0.0
2023-03-01,LNGN0081,terminal,0,0,0,0,0.0,0,0.0
2023-03-01,LNGN0083,terminal,1,4,0,0,0.0,4,1.0
2023-03-01,LNGN0085,terminal,1,2,0,0,0.0,0,0.0
2023-03-01,LNGN0087,terminal,0,0,0,0,0.0,0,0.0
2023-03-01,LNGN0097,terminal,1,1,0,1,1.0,0,0.0
2023-03-01,LNGN0098,terminal,1,2,0,0,0.0,0,0.0
2023-03-01,LNGN0100,terminal,1,2,0,0,0.0,2,1.0
2023-03-01,LNGN0101,terminal,1,1,0,1,1.0,0,0.0
2023-03-01,LNGN0102,terminal,0,0,0,0,0.0,0,0.0
2023-03-01,LNGN0103,terminal,1,2,0,0,0.0,2,1.0
2023-03-01,LNGN0108,terminal,1,1,0,1,1.0,0,0.0
2023-03-01,LNGN0109,terminal,0,0,0,0,0.0,0,0.0
2023-03-01,LNGN0112,terminal,0,0,0,0,0.0,0,0.0
2023-03-01,LNGN0115,terminal,0,0,0,0,0.0,0,0.0
2023-03-01,LNGN0121,terminal,1,2,0,0,0.0,0,0.0
2023-03-01,LNGN0122,terminal,0,0,0,0,0.0,0,0.0
2023-03-01,LNGN0124,terminal,1,2,0,0,0.0,0,0.0
2023-03-01,LNGN0130,terminal,1,2,0,0,0.0,0,0.0
2023-03-01,LNGN0132,terminal,1,2,0,0,0.0,0,0.0
2023-03-01,LNGN0136,terminal,0,0,0,0,0.0,0,0.0
2023-03-01,LNGN0138,terminal,0,0,0,0,0.0,0,0.0
2023-03-01,LNGN0142,terminal,1,2,0,0,0.0,2,1.0
2023-03-01,LNGN0143,terminal,1,1,0,1,1.0,0,0.0
2023-03-01,LNGN0144,terminal,1,2,0,0,0.0,0,0.0
2023-03-01,LNGN0148,terminal,0,0,0,0,0.0,0,0.0
2023-03-01,LNGN0150,terminal,0,0,0,0,0.0,0,0.0
2023-03-01,LNGN0156,terminal,1,1,0,1,1.0,0,0.0
2023-03-01,LNGN0163,terminal,0,0,0,0,0.0,0,0.0
2023-03-01,LNGN0164,terminal,0,0,0,0,0.0,0,0.0
2023-03-01,LNGN0165,terminal,0,0,0,0,0.0,0,0.0
2023-03-01,LNGN0166,terminal,1,4,0,0,0.0,0,0.0
2023-03-01,LNGN0168,terminal,1,2,0,0,0.0,2,1.0
2023-03-01,LNGN0170,terminal,0,0,0,0,0.0,0,0.0
2023-03-01,LNGN0173,terminal,1,2,0,0,0.0,2,1.0
2023-03-01,LNGN0174,terminal,0,0,0,0,0.0,0,0.0
2023-03-01,LNGN0175,terminal,1,1,0,1,1.0,0,0.0
2023-03-01,LNGN0176,terminal,0,0,0,0,0.0,0,0.0
2023-03-01,LNGN0178,terminal,1,5,0,0,0.0,0,0.0
2023-03-01,LNGN0180,terminal,0,0,0,0,0.0,0,0.0
2023-03-01,LNGN0181,terminal,1,1,0,1,1.0,0,0.0
2023-03-01,LNGN0182,terminal,1,1,0,1,1.0,0,0.0
2023-03-01,LNGN0186,terminal,1,2,0,0,0.0,2,1.0
2023-03-01,LNGN0190,terminal,0,0,0,0,0.0,0,0.0
2023-03-01,LNGN0191,terminal,1,2,0,0,0.0,0,0.0
2023-03-01,LNGN0195,terminal,1,2,0,0,0.0,2,1.0
2023-03-01,LNGN0199,terminal,0,0,0,0,0.0,0,0.0
2023-03-01,LNGN0206,terminal,1,1,0,1,1.0,0,0.0
2023-03-01,LNGN0207,terminal,1,1,0,1,1.0,0,0.0
2023-03-01,LNGN0208,terminal,0,0,0,0,0.0,0,0.0
2023-03-01,LNGN0210,terminal,1,1,0,1,1.0,0,0.0
2023-03-01,LNGN0212,terminal,0,0,0,0,0.0,0,0.0
2023-03-01,LNGN0219,terminal,0,0,0,0,0.0,0,0.0
2023-03-01,LNGN0222,terminal,1,1,0,1,1.0,0,0.0
2023-03-01,LNGN0230,terminal,1,4,0,0,0.0,1,0.25
2023-03-01,LNGN0232,terminal,1,2,0,0,0.0,2,1.0
2023-03-01,LNGN0237,terminal,1,1,0,1,1.0,0,0.0
2023-03-01,LNGN0238,terminal,0,0,0,0,0.0,0,0.0
2023-03-01,LNGN0241,terminal,0,0,0,0,0.0,0,0.0
2023-03-01,LNGN0243,terminal,0,0,0,0,0.0,0,0.0
2023-03-01,LNGN0244,terminal,1,1,0,1,1.0,0,0.0
2023-03-01,LNGN0248,terminal,1,2,0,0,0.0,2,1.0
2023-03-01,LNGN0250,terminal,1,1,0,1,1.0,0,0.0
2023-03-01,LNGN0251,terminal,1,1,0,1,1.0,0,0.0
2023-03-01,LNGN0253,terminal,0,0,0,0,0.0,0,0.0
2023-03-01,LNGN0258,terminal,1,1,0,1,1.0,0,0.0
2023-03-01,LNGN0261,terminal,1,6,0,0,0.0,3,0.5
2023-03-01,LNGN0262,terminal,0,0,0,0,0.0,0,0.0
2023-03-01,LNGN0268,terminal,0,0,0,0,0.0,0,0.0
2023-03-01,LNGN0270,terminal,1,1,0,1,1.0,0,0.0
2023-03-01,LNGN0272,terminal,0,0,0,0,0.0,0,0.0
2023-03-01,LNGN0274,terminal,1,2,0,0,0.0,2,1.0
2023-03-01,LNGN0278,terminal,1,1,0,1,1.0,0,0.0
2023-03-01,LNGN0285,terminal,1,2,0,0,0.0,2,1.0
2023-03-01,LNGN0287,terminal,1,2,0,0,0.0,2,1.0
2023-03-01,LNGN0288,terminal,1,1,0,1,1.0,0,0.0
2023-03-01,LNGN0290,terminal,0,0,0,0,0.0,0,0.0
2023-03-01,LNGN0291,terminal,0,0,0,0,0.0,0,0.0
2023-03-01,LNGN0293,terminal,0,0,0,0,0.0,0,0.0
2023-03-01,LNGN0294,terminal,0,0,0,0,0.0,0,0.0
2023-03-01,LNGN0297,terminal,1,2,0,0,0.0,2,1.0
2023-03-01,LNGN0299,terminal,0,0,0,0,0.0,0,0.0
2023-03-01,LNGN0307,terminal,0,0,0,0,0.0,0,0.0
2023-03-01,LNGN0308,terminal,1,1,0,1,1.0,0,0.0
2023-03-01,LNGN0309,terminal,1,2,0,0,0.0,2,1.0
2023-03-01,LNGN0312,terminal,1,1,0,1,1.0,0,0.0
2023-03-01,LNGN0314,terminal,1,2,0,0,0.0,0,0.0
2023-03-01,LNGN0319,terminal,0,0,0,0,0.0,0,0.0
2023-03-01,LNGN0322,terminal,1,2,0,0,0.0,2,1.0
2023-03-01,LNGN0324,terminal,1,1,0,1,1.0,0,0.0
2023-03-01,LNGN0328,terminal,1,2,0,0,0.0,0,0.0
2023-03-01,LNGN0331,terminal,1,1,0,1,1.0,0,0.0
2023-03-01,LNGN0334,terminal,1,1,0,1,1.0,0,0.0
2023-03-01,LNGN0344,terminal,0,0,0,0,0.0,0,0.0
2023-03-01,LNGN0345,terminal,1,8,0,0,0.0,3,0.375
2023-03-01,LNGN0347,terminal,1,2,0,0,0.0,2,1.0
2023-03-01,LNGN0348,terminal,0,0,0,0,0.0,0,0.0
2023-03-01,LNGN0351,terminal,0,0,0,0,0.0,0,0.0
2023-03-01,LNGN0354,terminal,0,0,0,0,0.0,0,0.0
2023-03-01,LNGN0359,terminal,0,0,0,0,0.0,0,0.0
2023-03-01,LNGN0361,terminal,0,0,0,0,0.0,0,0.0
2023-03-01,LNGN0362,terminal,0,0,0,0,0.0,0,0.0
2023-03-01,LNGN0363,terminal,1,2,0,0,0.0,2,1.0
2023-03-01,LNGN0364,terminal,0,0,0,0,0.0,0,0.0
2023-03-01,LNGN0372,terminal,0,0,0,0,0.0,0,0.0
2023-03-01,LNGN0374,terminal,1,3,0,0,0.0,3,1.0
2023-03-01,LNGN0378,terminal,1,4,1,2,0.5,2,0.5
2023-03-01,LNGN0381,terminal,1,2,0,0,0.0,2,1.0
2023-03-01,LNGN0382,terminal,0,0,0,0,0.0,0,0.0
2023-03-01,LNGN0385,terminal,1,4,0,0,0.0,0,0.0
2023-03-01,LNGN0391,terminal,1,1,0,1,1.0,0,0.0
2023-03-01,LNGN0398,terminal,1,1,0,1,1.0,0,0.0
2023-03-01,LNGN0405,terminal,0,0,0,0,0.0,0,0.0
2023-03-01,LNGN0421,terminal,1,1,0,1,1.0,0,0.0
2023-03-01,LNGN0423,terminal,1,2,0,0,0.0,2,1.0
2023-03-01,LNGN0425,terminal,1,1,0,1,1.0,0,0.0
2023-03-01,LNGN0426,terminal,1,1,0,1,1.0,0,0.0
2023-03-01,LNGN0427,terminal,1,1,0,1,1.0,0,0.0
2023-03-01,LNGN0428,terminal,0,0,0,0,0.0,0,0.0
2023-03-01,LNGN0429,terminal,0,0,0,0,0.0,0,0.0
2023-03-01,LNGN0435,terminal,1,3,1,1,0.3333333333333333,0,0.0
2023-03-01,LNGN0437,terminal,1,1,0,1,1.0,0,0.0
2023-03-01,LNGN0441,terminal,1,2,0,0,0.0,2,1.0
2023-03-01,LNGN0442,terminal,0,0,0,0,0.0,0,0.0
2023-03-01,LNGN0447,terminal,0,0,0,0,0.0,0,0.0
2023-03-01,LNGN0449,terminal,1,1,0,1,1.0,0,0.0
2023-03-01,LNGN0452,terminal,1,6,0,0,0.0,1,0.16666666666666666
2023-03-01,LNGN0453,terminal,0,0,0,0,0.0,0,0.0
2023-03-01,LNGN0460,terminal,1,2,0,0,0.0,2,1.0
2023-03-01,LNGN0463,terminal,1,1,0,1,1.0,0,0.0
2023-03-01,LNGN0464,terminal,1,4,0,0,0.0,0,0.0
2023-03-01,LNGN0472,terminal,1,1,0,1,1.0,0,0.0
2023-03-01,LNGN0473,terminal,1,2,0,0,0.0,2,1.0
2023-03-01,LNGN0474,terminal,1,1,0,1,1.0,0,0.0
2023-04-01,CP001,chokepoint,1,8,1,1,0.125,1,0.125
2023-04-01,CP002,chokepoint,1,6,1,2,0.3333333333333333,4,0.6666666666666666
2023-04-01,CP004,chokepoint,1,5,1,1,0.2,1,0.2
2023-04-01,CP005,chokepoint,1,11,1,5,0.45454545454545453,4,0.36363636363636365
2023-04-01,CP006,chokepoint,1,10,1,4,0.4,0,0.0
2023-04-01,CP007,chokepoint,1,6,1,2,0.3333333333333333,2,0.3333333333333333
2023-04-01,CP008,chokepoint,1,22,1,4,0.18181818181818182,2,0.09090909090909091
2023-04-01,CP009,chokepoint,1,16,1,4,0.25,1,0.0625
2023-04-01,CP010,chokepoint,1,10,1,4,0.4,0,0.0
2023-04-01,CP011,chokepoint,1,16,1,9,0.5625,5,0.3125
2023-04-01,CP012,chokepoint,1,5,0,0,0.0,3,0.6
2023-04-01,CP013,chokepoint,1,4,1,1,0.25,1,0.25
2023-04-01,CP014,chokepoint,1,2,0,0,0.0,2,1.0
2023-04-01,CP015,chokepoint,1,5,0,0,0.0,5,1.0
2023-04-01,CP016,chokepoint,1,11,1,7,0.6363636363636364,4,0.36363636363636365
2023-04-01,CP017,chokepoint,1,3,1,3,1.0,0,0.0
2023-04-01,CP018,chokepoint,0,0,0,0,0.0,0,0.0
2023-04-01,CP019,chokepoint,1,3,0,0,0.0,3,1.0
2023-04-01,CP020,chokepoint,1,4,1,1,0.25,3,0.75
2023-04-01,CP021,chokepoint,0,0,0,0,0.0,0,0.0
2023-04-01,CP022,chokepoint,1,4,0,0,0.0,4,1.0
2023-04-01,CP023,chokepoint,1,2,0,0,0.0,2,1.0
2023-04-01,CP024,chokepoint,0,0,0,0,0.0,0,0.0
2023-04-01,CP027,chokepoint,1,4,0,0,0.0,2,0.5
2023-04-01,LNGN0004,terminal,0,0,0,0,0.0,0,0.0
2023-04-01,LNGN0006,terminal,0,0,0,0,0.0,0,0.0
2023-04-01,LNGN0008,terminal,1,2,0,0,0.0,0,0.0
2023-04-01,LNGN0013,terminal,0,0,0,0,0.0,0,0.0
2023-04-01,LNGN0017,terminal,0,0,0,0,0.0,0,0.0
2023-04-01,LNGN0025,terminal,1,1,0,1,1.0,0,0.0
2023-04-01,LNGN0026,terminal,1,4,1,1,0.25,0,0.0
2023-04-01,LNGN0027,terminal,1,5,0,0,0.0,3,0.6
2023-04-01,LNGN0031,terminal,0,0,0,0,0.0,0,0.0
2023-04-01,LNGN0035,terminal,1,2,0,0,0.0,0,0.0
2023-04-01,LNGN0037,terminal,1,3,1,1,0.3333333333333333,2,0.6666666666666666
2023-04-01,LNGN0039,terminal,1,1,0,1,1.0,0,0.0
2023-04-01,LNGN0040,terminal,1,2,0,0,0.0,2,1.0
2023-04-01,LNGN0044,terminal,1,1,0,1,1.0,0,0.0
2023-04-01,LNGN0045,terminal,1,1,0,1,1.0,0,0.0
2023-04-01,LNGN0050,terminal,1,4,0,0,0.0,1,0.25
2023-04-01,LNGN0052,terminal,1,1,0,1,1.0,0,0.0
2023-04-01,LNGN0055,terminal,0,0,0,0,0.0,0,0.0
2023-04-01,LNGN0056,terminal,1,1,0,1,1.0,0,0.0
2023-04-01,LNGN0059,terminal,0,0,0,0,0.0,0,0.0
2023-04-01,LNGN0069,terminal,0,0,0,0,0.0,0,0.0
2023-04-01,LNGN0070,terminal,1,5,0,0,0.0,2,0.4
2023-04-01,LNGN0074,terminal,0,0,0,0,0.0,0,0.0
2023-04-01,LNGN0075,terminal,0,0,0,0,0.0,0,0.0
2023-04-01,LNGN0076,terminal,0,0,0,0,0.0,0,0.0
2023-04-01,LNGN0079,terminal,1,1,0,1,1.0,0,0.0
2023-04-01,LNGN0081,terminal,0,0,0,0,0.0,0,0.0
2023-04-01,LNGN0083,terminal,1,5,0,0,0.0,0,0.0
2023-04-01,LNGN0085,terminal,1,2,1,2,1.0,0,0.0
2023-04-01,LNGN0087,terminal,0,0,0,0,0.0,0,0.0
2023-04-01,LNGN0097,terminal,1,1,0,1,1.0,0,0.0
2023-04-01,LNGN0098,terminal,1,1,0,1,1.0,0,0.0
2023-04-01,LNGN0100,terminal,1,1,0,1,1.0,0,0.0
2023-04-01,LNGN0101,terminal,0,0,0,0,0.0,0,0.0
2023-04-01,LNGN0102,terminal,0,0,0,0,0.0,0,0.0
2023-04-01,LNGN0103,terminal,1,1,0,1,1.0,0,0.0
2023-04-01,LNGN0108,terminal,0,0,0,0,0.0,0,0.0
2023-04-01,LNGN0109,terminal,1,1,0,1,1.0,0,0.0
2023-04-01,LNGN0112,terminal,0,0,0,0,0.0,0,0.0
2023-04-01,LNGN0115,terminal,0,0,0,0,0.0,0,0.0
2023-04-01,LNGN0121,terminal,1,4,1,1,0.25,0,0.0
2023-04-01,LNGN0122,terminal,0,0,0,0,0.0,0,0.0
2023-04-01,LNGN0124,terminal,1,5,1,1,0.2,1,0.2
2023-04-01,LNGN0130,terminal,1,1,0,1,1.0,0,0.0
2023-04-01,LNGN0132,terminal,1,3,0,0,0.0,0,0.0
2023-04-01,LNGN0136,terminal,1,1,0,1,1.0,0,0.0
2023-04-01,LNGN0138,terminal,0,0,0,0,0.0,0,0.0
2023-04-01,LNGN0142,terminal,1,2,0,0,0.0,2,1.0
2023-04-01,LNGN0143,terminal,0,0,0,0,0.0,0,0.0
2023-04-01,LNGN0144,terminal,1,1,0,1,1.0,0,0.0
2023-04-01,LNGN0148,terminal,0,0,0,0,0.0,0,0.0
2023-04-01,LNGN0150,terminal,0,0,0,0,0.0,0,0.0
2023-04-01,LNGN0156,terminal,0,0,0,0,0.0,0,0.0
2023-04-01,LNGN0163,terminal,0,0,0,0,0.0,0,0.0
2023-04-01,LNGN0164,terminal,0,0,0,0,0.0,0,0.0
2023-04-01,LNGN0165,terminal,0,0,0,0,0.0,0,0.0
2023-04-01,LNGN0166,terminal,1,4,0,0,0.0,0,0.0
2023-04-01,LNGN0168,terminal,1,3,0,0,0.0,0,0.0
2023-04-01,LNGN0170,terminal,1,1,0,1,1.0,0,0.0
2023-04-01,LNGN0173,terminal,1,1,0,1,1.0,0,0.0
2023-04-01,LNGN0174,terminal,0,0,0,0,0.0,0,0.0
2023-04-01,LNGN0175,terminal,1,1,0,1,1.0,0,0.0
2023-04-01,LNGN0176,terminal,0,0,0,0,0.0,0,0.0
2023-04-01,LNGN0178,terminal,1,3,0,0,0.0,3,1.0
2023-04-01,LNGN0180,terminal,0,0,0,0,0.0,0,0.0
2023-04-01,LNGN0181,terminal,1,3,0,0,0.0,3,1.0
2023-04-01,LNGN0182,terminal,0,0,0,0,0.0,0,0.0
2023-04-01,LNGN0186,terminal,1,1,0,1,1.0,0,0.0
2023-04-01,LNGN0190,terminal,0,0,0,0,0.0,0,0.0
2023-04-01,LNGN0191,terminal,1,1,0,1,1.0,0,0.0
2023-04-01,LNGN0195,terminal,1,2,0,0,0.0,2,1.0
2023-04-01,LNGN0199,terminal,0,0,0,0,0.0,0,0.0
2023-04-01,LNGN0206,terminal,1,1,0,1,1.0,0,0.0
2023-04-01,LNGN0207,terminal,1,1,0,1,1.0,0,0.0
2023-04-01,LNGN0208,terminal,1,1,0,1,1.0,0,0.0
2023-04-01,LNGN0210,terminal,1,1,0,1,1.0,0,0.0
2023-04-01,LNGN0212,terminal,1,1,0,1,1.0,0,0.0
2023-04-01,LNGN0219,terminal,0,0,0,0,0.0,0,0.0
2023-04-01,LNGN0222,terminal,0,0,0,0,0.0,0,0.0
2023-04-01,LNGN0230,terminal,1,2,0,0,0.0,2,1.0
2023-04-01,LNGN0232,terminal,1,2,0,0,0.0,0,0.0
2023-04-01,LNGN0237,terminal,0,0,0,0,0.0,0,0.0
2023-04-01,LNGN0238,terminal,1,1,0,1,1.0,0,0.0
2023-04-01,LNGN0241,terminal,0,0,0,0,0.0,0,0.0
2023-04-01,LNGN0243,terminal,0,0,0,0,0.0,0,0.0
2023-04-01,LNGN0244,terminal,1,1,0,1,1.0,0,0.0
2023-04-01,LNGN0248,terminal,1,1,0,1,1.0,0,0.0
2023-04-01,LNGN0250,terminal,1,1,0,1,1.0,0,0.0
2023-04-01,LNGN0251,terminal,1,1,0,1,1.0,0,0.0
2023-04-01,LNGN0253,terminal,0,0,0,0,0.0,0,0.0
2023-04-01,LNGN0258,terminal,0,0,0,0,0.0,0,0.0
2023-04-01,LNGN0261,terminal,1,5,0,0,0.0,5,1.0
2023-04-01,LNGN0262,terminal,0,0,0,0,0.0,0,0.0
2023-04-01,LNGN0268,terminal,0,0,0,0,0.0,0,0.0
2023-04-01,LNGN0270,terminal,1,1,0,1,1.0,0,0.0
2023-04-01,LNGN0272,terminal,1,2,0,0,0.0,2,1.0
2023-04-01,LNGN0274,terminal,0,0,0,0,0.0,0,0.0
2023-04-01,LNGN0278,terminal,1,1,0,1,1.0,0,0.0
2023-04-01,LNGN0285,terminal,1,1,0,1,1.0,0,0.0
2023-04-01,LNGN0287,terminal,0,0,0,0,0.0,0,0.0
2023-04-01,LNGN0288,terminal,0,0,0,0,0.0,0,0.0
2023-04-01,LNGN0290,terminal,0,0,0,0,0.0,0,0.0
2023-04-01,LNGN0291,terminal,1,1,0,1,1.0,0,0.0
2023-04-01,LNGN0293,terminal,1,1,0,1,1.0,0,0.0
2023-04-01,LNGN0294,terminal,1,2,0,0,0.0,0,0.0
2023-04-01,LNGN0297,terminal,1,2,0,0,0.0,2,1.0
2023-04-01,LNGN0299,terminal,1,1,0,1,1.0,0,0.0
2023-04-01,LNGN0307,terminal,0,0,0,0,0.0,0,0.0
2023-04-01,LNGN0308,terminal,0,0,0,0,0.0,0,0.0
2023-04-01,LNGN0309,terminal,1,1,0,1,1.0,0,0.0
2023-04-01,LNGN0312,terminal,1,1,0,1,1.0,0,0.0
2023-04-01,LNGN0314,terminal,1,1,0,1,1.0,0,0.0
2023-04-01,LNGN0319,terminal,1,1,0,1,1.0,0,0.0
2023-04-01,LNGN0322,terminal,1,1,0,1,1.0,0,0.0
2023-04-01,LNGN0324,terminal,1,1,0,1,1.0,0,0.0
2023-04-01,LNGN0328,terminal,1,2,0,0,0.0,0,0.0
2023-04-01,LNGN0331,terminal,1,3,0,0,0.0,0,0.0
2023-04-01,LNGN0334,terminal,0,0,0,0,0.0,0,0.0
2023-04-01,LNGN0344,terminal,0,0,0,0,0.0,0,0.0
2023-04-01,LNGN0345,terminal,1,6,1,1,0.16666666666666666,1,0.16666666666666666
2023-04-01,LNGN0347,terminal,1,1,0,1,1.0,0,0.0
2023-04-01,LNGN0348,terminal,0,0,0,0,0.0,0,0.0
2023-04-01,LNGN0351,terminal,0,0,0,0,0.0,0,0.0
2023-04-01,LNGN0354,terminal,1,1,0,1,1.0,0,0.0
2023-04-01,LNGN0359,terminal,1,2,1,2,1.0,0,0.0
2023-04-01,LNGN0361,terminal,0,0,0,0,0.0,0,0.0
2023-04-01,LNGN0362,terminal,0,0,0,0,0.0,0,0.0
2023-04-01,LNGN0363,terminal,1,1,0,1,1.0,0,0.0
2023-04-01,LNGN0364,terminal,0,0,0,0,0.0,0,0.0
2023-04-01,LNGN0372,terminal,0,0,0,0,0.0,0,0.0
2023-04-01,LNGN0374,terminal,1,4,0,0,0.0,4,1.0
2023-04-01,LNGN0378,terminal,1,3,1,3,1.0,0,0.0
2023-04-01,LNGN0381,terminal,1,1,0,1,1.0,0,0.0
2023-04-01,LNGN0382,terminal,0,0,0,0,0.0,0,0.0
2023-04-01,LNGN0385,terminal,1,3,0,0,0.0,0,0.0
2023-04-01,LNGN0391,terminal,0,0,0,0,0.0,0,0.0
2023-04-01,LNGN0398,terminal,1,1,0,1,1.0,0,0.0
2023-04-01,LNGN0405,terminal,0,0,0,0,0.0,0,0.0
2023-04-01,LNGN0421,terminal,1,1,0,1,1.0,0,0.0
2023-04-01,LNGN0423,terminal,1,1,0,1,1.0,0,0.0
2023-04-01,LNGN0425,terminal,0,0,0,0,0.0,0,0.0
2023-04-01,LNGN0426,terminal,1,2,0,0,0.0,0,0.0
2023-04-01,LNGN0427,terminal,0,0,0,0,0.0,0,0.0
2023-04-01,LNGN0428,terminal,1,1,0,1,1.0,0,0.0
2023-04-01,LNGN0429,terminal,0,0,0,0,0.0,0,0.0
2023-04-01,LNGN0435,terminal,1,3,1,3,1.0,0,0.0
2023-04-01,LNGN0437,terminal,1,1,0,1,1.0,0,0.0
2023-04-01,LNGN0441,terminal,1,2,0,0,0.0,2,1.0
2023-04-01,LNGN0442,terminal,1,1,0,1,1.0,0,0.0
2023-04-01,LNGN0447,terminal,0,0,0,0,0.0,0,0.0
2023-04-01,LNGN0449,terminal,1,1,0,1,1.0,0,0.0
2023-04-01,LNGN0452,terminal,1,6,1,1,0.16666666666666666,2,0.3333333333333333
2023-04-01,LNGN0453,terminal,0,0,0,0,0.0,0,0.0
2023-04-01,LNGN0460,terminal,0,0,0,0,0.0,0,0.0
2023-04-01,LNGN0463,terminal,1,2,0,0,0.0,0,0.0
2023-04-01,LNGN0464,terminal,1,3,0,0,0.0,0,0.0
2023-04-01,LNGN0472,terminal,1,1,0,1,1.0,0,0.0
2023-04-01,LNGN0473,terminal,1,1,0,1,1.0,0,0.0
2023-04-01,LNGN0474,terminal,1,1,0,1,1.0,0,0.0
2023-05-01,CP001,chokepoint,1,8,0,0,0.0,1,0.125
2023-05-01,CP002,chokepoint,1,9,1,3,0.3333333333333333,6,0.6666666666666666
2023-05-01,CP004,chokepoint,1,6,1,1,0.16666666666666666,1,0.16666666666666666
2023-05-01,CP005,chokepoint,1,13,1,4,0.3076923076923077,6,0.46153846153846156
2023-05-01,CP006,chokepoint,1,11,1,0,0.0,3,0.2727272727272727
2023-05-01,CP007,chokepoint,1,6,0,0,0.0,2,0.3333333333333333
2023-05-01,CP008,chokepoint,1,22,1,5,0.22727272727272727,1,0.045454545454545456
2023-05-01,CP009,chokepoint,1,17,1,4,0.23529411764705882,1,0.058823529411764705
2023-05-01,CP010,chokepoint,1,11,1,3,0.2727272727272727,0,0.0
2023-05-01,CP011,chokepoint,1,15,1,8,0.5333333333333333,4,0.26666666666666666
2023-05-01,CP012,chokepoint,1,8,1,4,0.5,1,0.125
2023-05-01,CP013,chokepoint,1,2,0,0,0.0,2,1.0
2023-05-01,CP014,chokepoint,1,3,1,1,0.3333333333333333,2,0.6666666666666666
2023-05-01,CP015,chokepoint,1,4,0,0,0.0,4,1.0
2023-05-01,CP016,chokepoint,1,10,1,5,0.5,5,0.5
2023-05-01,CP017,chokepoint,1,4,1,2,0.5,0,0.0
2023-05-01,CP018,chokepoint,0,0,0,0,0.0,0,0.0
2023-05-01,CP019,chokepoint,1,4,1,1,0.25,1,0.25
2023-05-01,CP020,chokepoint,1,2,0,0,0.0,2,1.0
2023-05-01,CP021,chokepoint,0,0,0,0,0.0,0,0.0
2023-05-01,CP022,chokepoint,1,6,1,1,0.16666666666666666,5,0.8333333333333334
2023-05-01,CP023,chokepoint,0,0,0,0,0.0,0,0.0
2023-05-01,CP024,chokepoint,1,2,0,0,0.0,2,1.0
2023-05-01,CP027,chokepoint,1,4,0,0,0.0,4,1.0
2023-05-01,LNGN0004,terminal,0,0,0,0,0.0,0,0.0
2023-05-01,LNGN0006,terminal,0,0,0,0,0.0,0,0.0
2023-05-01,LNGN0008,terminal,1,2,0,0,0.0,0,0.0
2023-05-01,LNGN0013,terminal,0,0,0,0,0.0,0,0.0
2023-05-01,LNGN0017,terminal,0,0,0,0,0.0,0,0.0
2023-05-01,LNGN0025,terminal,1,1,0,1,1.0,0,0.0
2023-05-01,LNGN0026,terminal,1,6,0,0,0.0,0,0.0
2023-05-01,LNGN0027,terminal,1,2,0,0,0.0,2,1.0
2023-05-01,LNGN0031,terminal,0,0,0,0,0.0,0,0.0
2023-05-01,LNGN0035,terminal,1,1,0,1,1.0,0,0.0
2023-05-01,LNGN0037,terminal,1,3,0,0,0.0,0,0.0
2023-05-01,LNGN0039,terminal,0,0,0,0,0.0,0,0.0
2023-05-01,LNGN0040,terminal,1,1,0,1,1.0,0,0.0
2023-05-01,LNGN0044,terminal,1,2,0,0,0.0,0,0.0
2023-05-01,LNGN0045,terminal,0,0,0,0,0.0,0,0.0
2023-05-01,LNGN0050,terminal,1,4,0,0,0.0,1,0.25
2023-05-01,LNGN0052,terminal,1,2,0,0,0.0,2,1.0
2023-05-01,LNGN0055,terminal,0,0,0,0,0.0,0,0.0
2023-05-01,LNGN0056,terminal,1,4,0,0,0.0,1,0.25
2023-05-01,LNGN0059,terminal,0,0,0,0,0.0,0,0.0
2023-05-01,LNGN0069,terminal,0,0,0,0,0.0,0,0.0
2023-05-01,LNGN0070,terminal,1,8,0,0,0.0,3,0.375
2023-05-01,LNGN0074,terminal,1,1,0,1,1.0,0,0.0
2023-05-01,LNGN0075,terminal,0,0,0,0,0.0,0,0.0
2023-05-01,LNGN0076,terminal,1,1,0,1,1.0,0,0.0
2023-05-01,LNGN0079,terminal,0,0,0,0,0.0,0,0.0
2023-05-01,LNGN0081,terminal,1,1,0,1,1.0,0,0.0
2023-05-01,LNGN0083,terminal,1,3,0,0,0.0,0,0.0
2023-05-01,LNGN0085,terminal,1,2,0,0,0.0,2,1.0
2023-05-01,LNGN0087,terminal,0,0,0,0,0.0,0,0.0
2023-05-01,LNGN0097,terminal,1,1,0,1,1.0,0,0.0
2023-05-01,LNGN0098,terminal,0,0,0,0,0.0,0,0.0
2023-05-01,LNGN0100,terminal,1,1,0,1,1.0,0,0.0
2023-05-01,LNGN0101,terminal,1,1,0,1,1.0,0,0.0
2023-05-01,LNGN0102,terminal,0,0,0,0,0.0,0,0.0
2023-05-01,LNGN0103,terminal,1,1,0,1,1.0,0,0.0
2023-05-01,LNGN0108,terminal,1,1,0,1,1.0,0,0.0
2023-05-01,LNGN0109,terminal,0,0,0,0,0.0,0,0.0
2023-05-01,LNGN0112,terminal,0,0,0,0,0.0,0,0.0
2023-05-01,LNGN0115,terminal,0,0,0,0,0.0,0,0.0
2023-05-01,LNGN0121,terminal,1,4,0,0,0.0,1,0.25
2023-05-01,LNGN0122,terminal,0,0,0,0,0.0,0,0.0
2023-05-01,LNGN0124,terminal,1,3,0,0,0.0,1,0.3333333333333333
2023-05-01,LNGN0130,terminal,1,2,0,0,0.0,0,0.0
2023-05-01,LNGN0132,terminal,1,3,0,0,0.0,0,0.0
2023-05-01,LNGN0136,terminal,1,1,0,1,1.0,0,0.0
2023-05-01,LNGN0138,terminal,0,0,0,0,0.0,0,0.0
2023-05-01,LNGN0142,terminal,1,3,0,0,0.0,3,1.0
2023-05-01,LNGN0143,terminal,1,1,0,1,1.0,0,0.0
2023-05-01,LNGN0144,terminal,1,1,0,1,1.0,0,0.0
2023-05-01,LNGN0148,terminal,0,0,0,0,0.0,0,0.0
2023-05-01,LNGN0150,terminal,1,1,0,1,1.0,0,0.0
2023-05-01,LNGN0156,terminal,0,0,0,0,0.0,0,0.0
2023-05-01,LNGN0163,terminal,1,1,0,1,1.0,0,0.0
2023-05-01,LNGN0164,terminal,0,0,0,0,0.0,0,0.0
2023-05-01,LNGN0165,terminal,0,0,0,0,0.0,0,0.0
2023-05-01,LNGN0166,terminal,1,3,0,0,0.0,1,0.3333333333333333
2023-05-01,LNGN0168,terminal,1,4,0,0,0.0,1,0.25
2023-05-01,LNGN0170,terminal,1,1,0,1,1.0,0,0.0
2023-05-01,LNGN0173,terminal,1,1,0,1,1.0,0,0.0
2023-05-01,LNGN0174,terminal,0,0,0,0,0.0,0,0.0
2023-05-01,LNGN0175,terminal,0,0,0,0,0.0,0,0.0
2023-05-01,LNGN0176,terminal,0,0,0,0,0.0,0,0.0
2023-05-01,LNGN0178,terminal,1,3,0,0,0.0,3,1.0
2023-05-01,LNGN0180,terminal,0,0,0,0,0.0,0,0.0
2023-05-01,LNGN0181,terminal,1,1,0,1,1.0,0,0.0
2023-05-01,LNGN0182,terminal,1,2,1,2,1.0,0,0.0
2023-05-01,LNGN0186,terminal,1,3,0,0,0.0,0,0.0
2023-05-01,LNGN0190,terminal,0,0,0,0,0.0,0,0.0
2023-05-01,LNGN0191,terminal,1,2,0,0,0.0,2,1.0
2023-05-01,LNGN0195,terminal,1,3,0,0,0.0,3,1.0
2023-05-01,LNGN0199,terminal,1,1,0,1,1.0,0,0.0
2023-05-01,LNGN0206,terminal,0,0,0,0,0.0,0,0.0
2023-05-01,LNGN0207,terminal,1,2,0,0,0.0,0,0.0
2023-05-01,LNGN0208,terminal,1,2,0,0,0.0,2,1.0
2023-05-01,LNGN0210,terminal,1,2,0,0,0.0,0,0.0
2023-05-01,LNGN0212,terminal,0,0,0,0,0.0,0,0.0
2023-05-01,LNGN0219,terminal,0,0,0,0,0.0,0,0.0
2023-05-01,LNGN0222,terminal,0,0,0,0,0.0,0,0.0
2023-05-01,LNGN0230,terminal,1,2,0,0,0.0,2,1.0
2023-05-01,LNGN0232,terminal,0,0,0,0,0.0,0,0.0
2023-05-01,LNGN0237,terminal,1,1,0,1,1.0,0,0.0
2023-05-01,LNGN0238,terminal,0,0,0,0,0.0,0,0.0
2023-05-01,LNGN0241,terminal,0,0,0,0,0.0,0,0.0
2023-05-01,LNGN0243,terminal,0,0,0,0,0.0,0,0.0
2023-05-01,LNGN0244,terminal,1,3,0,0,0.0,0,0.0
2023-05-01,LNGN0248,terminal,1,1,0,1,1.0,0,0.0
2023-05-01,LNGN0250,terminal,0,0,0,0,0.0,0,0.0
2023-05-01,LNGN0251,terminal,0,0,0,0,0.0,0,0.0
2023-05-01,LNGN0253,terminal,0,0,0,0,0.0,0,0.0
2023-05-01,LNGN0258,terminal,1,1,0,1,1.0,0,0.0
2023-05-01,LNGN0261,terminal,1,7,1,2,0.2857142857142857,3,0.42857142857142855
2023-05-01,LNGN0262,terminal,0,0,0,0,0.0,0,0.0
2023-05-01,LNGN0268,terminal,1,1,0,1,1.0,0,0.0
2023-05-01,LNGN0270,terminal,1,1,0,1,1.0,0,0.0
2023-05-01,LNGN0272,terminal,0,0,0,0,0.0,0,0.0
2023-05-01,LNGN0274,terminal,1,4,0,0,0.0,2,0.5
2023-05-01,LNGN0278,terminal,1,1,0,1,1.0,0,0.0
2023-05-01,LNGN0285,terminal,0,0,0,0,0.0,0,0.0
2023-05-01,LNGN0287,terminal,1,1,0,1,1.0,0,0.0
2023-05-01,LNGN0288,terminal,1,1,0,1,1.0,0,0.0
2023-05-01,LNGN0290,terminal,0,0,0,0,0.0,0,0.0
2023-05-01,LNGN0291,terminal,0,0,0,0,0.0,0,0.0
2023-05-01,LNGN0293,terminal,1,1,0,1,1.0,0,0.0
2023-05-01,LNGN0294,terminal,0,0,0,0,0.0,0,0.0
2023-05-01,LNGN0297,terminal,1,2,0,0,0.0,2,1.0
2023-05-01,LNGN0299,terminal,0,0,0,0,0.0,0,0.0
2023-05-01,LNGN0307,terminal,0,0,0,0,0.0,0,0.0
2023-05-01,LNGN0308,terminal,1,1,0,1,1.0,0,0.0
2023-05-01,LNGN0309,terminal,1,2,0,0,0.0,2,1.0
2023-05-01,LNGN0312,terminal,0,0,0,0,0.0,0,0.0
2023-05-01,LNGN0314,terminal,1,2,0,0,0.0,0,0.0
2023-05-01,LNGN0319,terminal,1,1,0,1,1.0,0,0.0
2023-05-01,LNGN0322,terminal,0,0,0,0,0.0,0,0.0
2023-05-01,LNGN0324,terminal,1,2,1,2,1.0,0,0.0
2023-05-01,LNGN0328,terminal,1,3,0,0,0.0,1,0.3333333333333333
2023-05-01,LNGN0331,terminal,1,1,0,1,1.0,0,0.0
2023-05-01,LNGN0334,terminal,1,1,0,1,1.0,0,0.0
2023-05-01,LNGN0344,terminal,0,0,0,0,0.0,0,0.0
2023-05-01,LNGN0345,terminal,1,6,1,1,0.16666666666666666,1,0.16666666666666666
2023-05-01,LNGN0347,terminal,1,2,0,0,0.0,0,0.0
2023-05-01,LNGN0348,terminal,0,0,0,0,0.0,0,0.0
2023-05-01,LNGN0351,terminal,1,1,0,1,1.0,0,0.0
2023-05-01,LNGN0354,terminal,0,0,0,0,0.0,0,0.0
2023-05-01,LNGN0359,terminal,1,1,0,1,1.0,0,0.0
2023-05-01,LNGN0361,terminal,0,0,0,0,0.0,0,0.0
2023-05-01,LNGN0362,terminal,0,0,0,0,0.0,0,0.0
2023-05-01,LNGN0363,terminal,1,1,0,1,1.0,0,0.0
2023-05-01,LNGN0364,terminal,0,0,0,0,0.0,0,0.0
2023-05-01,LNGN0372,terminal,0,0,0,0,0.0,0,0.0
2023-05-01,LNGN0374,terminal,1,3,0,0,0.0,3,1.0
2023-05-01,LNGN0378,terminal,1,3,1,1,0.3333333333333333,2,0.6666666666666666
2023-05-01,LNGN0381,terminal,1,3,0,0,0.0,3,1.0
2023-05-01,LNGN0382,terminal,0,0,0,0,0.0,0,0.0
2023-05-01,LNGN0385,terminal,1,2,0,0,0.0,0,0.0
2023-05-01,LNGN0391,terminal,1,2,0,0,0.0,2,1.0
2023-05-01,LNGN0398,terminal,1,1,0,1,1.0,0,0.0
2023-05-01,LNGN0405,terminal,0,0,0,0,0.0,0,0.0
2023-05-01,LNGN0421,terminal,1,1,0,1,1.0,0,0.0
2023-05-01,LNGN0423,terminal,1,2,0,0,0.0,2,1.0
2023-05-01,LNGN0425,terminal,0,0,0,0,0.0,0,0.0
2023-05-01,LNGN0426,terminal,1,1,0,1,1.0,0,0.0
2023-05-01,LNGN0427,terminal,1,1,0,1,1.0,0,0.0
2023-05-01,LNGN0428,terminal,1,1,0,1,1.0,0,0.0
2023-05-01,LNGN0429,terminal,0,0,0,0,0.0,0,0.0
2023-05-01,LNGN0435,terminal,1,4,1,1,0.25,0,0.0
2023-05-01,LNGN0437,terminal,1,1,0,1,1.0,0,0.0
2023-05-01,LNGN0441,terminal,1,2,0,0,0.0,2,1.0
2023-05-01,LNGN0442,terminal,1,1,0,1,1.0,0,0.0
2023-05-01,LNGN0447,terminal,0,0,0,0,0.0,0,0.0
2023-05-01,LNGN0449,terminal,1,1,0,1,1.0,0,0.0
2023-05-01,LNGN0452,terminal,1,5,1,1,0.2,0,0.0
2023-05-01,LNGN0453,terminal,0,0,0,0,0.0,0,0.0
2023-05-01,LNGN0460,terminal,1,1,0,1,1.0,0,0.0
2023-05-01,LNGN0463,terminal,1,2,0,0,0.0,2,1.0
2023-05-01,LNGN0464,terminal,1,3,0,0,0.0,0,0.0
2023-05-01,LNGN0472,terminal,1,1,0,1,1.0,0,0.0
2023-05-01,LNGN0473,terminal,1,1,0,1,1.0,0,0.0
2023-05-01,LNGN0474,terminal,1,1,0,1,1.0,0,0.0
2023-06-01,CP001,chokepoint,1,10,1,3,0.3,2,0.2
2023-06-01,CP002,chokepoint,1,9,1,4,0.4444444444444444,5,0.5555555555555556
2023-06-01,CP004,chokepoint,1,5,1,1,0.2,1,0.2
2023-06-01,CP005,chokepoint,1,11,1,3,0.2727272727272727,2,0.18181818181818182
2023-06-01,CP006,chokepoint,1,8,1,2,0.25,1,0.125
2023-06-01,CP007,chokepoint,1,5,1,1,0.2,4,0.8
2023-06-01,CP008,chokepoint,1,15,1,2,0.13333333333333333,1,0.06666666666666667
2023-06-01,CP009,chokepoint,1,15,1,2,0.13333333333333333,2,0.13333333333333333
2023-06-01,CP010,chokepoint,1,10,1,5,0.5,0,0.0
2023-06-01,CP011,chokepoint,1,14,1,5,0.35714285714285715,4,0.2857142857142857
2023-06-01,CP012,chokepoint,1,5,1,2,0.4,3,0.6
2023-06-01,CP013,chokepoint,1,6,1,3,0.5,3,0.5
2023-06-01,CP014,chokepoint,1,2,1,2,1.0,0,0.0
2023-06-01,CP015,chokepoint,1,6,1,1,0.16666666666666666,3,0.5
2023-06-01,CP016,chokepoint,1,8,1,3,0.375,5,0.625
2023-06-01,CP017,chokepoint,1,4,1,2,0.5,2,0.5
2023-06-01,CP018,chokepoint,0,0,0,0,0.0,0,0.0
2023-06-01,CP019,chokepoint,1,4,1,1,0.25,3,0.75
2023-06-01,CP020,chokepoint,1,2,0,0,0.0,2,1.0
2023-06-01,CP021,chokepoint,0,0,0,0,0.0,0,0.0
2023-06-01,CP022,chokepoint,1,6,1,1,0.16666666666666666,5,0.8333333333333334
2023-06-01,CP023,chokepoint,0,0,0,0,0.0,0,0.0
2023-06-01,CP024,chokepoint,0,0,0,0,0.0,0,0.0
2023-06-01,CP027,chokepoint,1,5,1,1,0.2,2,0.4
2023-06-01,LNGN0004,terminal,0,0,0,0,0.0,0,0.0
2023-06-01,LNGN0006,terminal,1,1,0,1,1.0,0,0.0
2023-06-01,LNGN0008,terminal,1,2,0,0,0.0,0,0.0
2023-06-01,LNGN0013,terminal,0,0,0,0,0.0,0,0.0
2023-06-01,LNGN0017,terminal,0,0,0,0,0.0,0,0.0
2023-06-01,LNGN0025,terminal,1,1,0,1,1.0,0,0.0
2023-06-01,LNGN0026,terminal,1,7,1,1,0.14285714285714285,1,0.14285714285714285
2023-06-01,LNGN0027,terminal,1,4,1,1,0.25,1,0.25
2023-06-01,LNGN0031,terminal,0,0,0,0,0.0,0,0.0
2023-06-01,LNGN0035,terminal,1,2,0,0,0.0,0,0.0
2023-06-01,LNGN0037,terminal,1,2,0,0,0.0,2,1.0
2023-06-01,LNGN0039,terminal,0,0,0,0,0.0,0,0.0
2023-06-01,LNGN0040,terminal,1,2,0,0,0.0,2,1.0
2023-06-01,LNGN0044,terminal,0,0,0,0,0.0,0,0.0
2023-06-01,LNGN0045,terminal,1,1,0,1,1.0,0,0.0
2023-06-01,LNGN0050,terminal,1,6,1,1,0.16666666666666666,2,0.3333333333333333
2023-06-01,LNGN0052,terminal,1,1,0,1,1.0,0,0.0
2023-06-01,LNGN0055,terminal,1,1,0,1,1.0,0,0.0
2023-06-01,LNGN0056,terminal,1,1,0,1,1.0,0,0.0
2023-06-01,LNGN0059,terminal,0,0,0,0,0.0,0,0.0
2023-06-01,LNGN0069,terminal,0,0,0,0,0.0,0,0.0
2023-06-01,LNGN0070,terminal,1,4,0,0,0.0,2,0.5
2023-06-01,LNGN0074,terminal,0,0,0,0,0.0,0,0.0
2023-06-01,LNGN0075,terminal,0,0,0,0,0.0,0,0.0
2023-06-01,LNGN0076,terminal,1,1,0,1,1.0,0,0.0
2023-06-01,LNGN0079,terminal,0,0,0,0,0.0,0,0.0
2023-06-01,LNGN0081,terminal,1,1,0,1,1.0,0,0.0
2023-06-01,LNGN0083,terminal,0,0,0,0,0.0,0,0.0
2023-06-01,LNGN0085,terminal,1,2,0,0,0.0,2,1.0
2023-06-01,LNGN0087,terminal,0,0,0,0,0.0,0,0.0
2023-06-01,LNGN0097,terminal,1,1,0,1,1.0,0,0.0
2023-06-01,LNGN0098,terminal,0,0,0,0,0.0,0,0.0
2023-06-01,LNGN0100,terminal,1,1,0,1,1.0,0,0.0
2023-06-01,LNGN0101,terminal,1,1,0,1,1.0,0,0.0
2023-06-01,LNGN0102,terminal,0,0,0,0,0.0,0,0.0
2023-06-01,LNGN0103,terminal,0,0,0,0,0.0,0,0.0
2023-06-01,LNGN0108,terminal,0,0,0,0,0.0,0,0.0
2023-06-01,LNGN0109,terminal,0,0,0,0,0.0,0,0.0
2023-06-01,LNGN0112,terminal,0,0,0,0,0.0,0,0.0
2023-06-01,LNGN0115,terminal,0,0,0,0,0.0,0,0.0
2023-06-01,LNGN0121,terminal,1,4,0,0,0.0,1,0.25
2023-06-01,LNGN0122,terminal,0,0,0,0,0.0,0,0.0
2023-06-01,LNGN0124,terminal,1,7,1,1,0.14285714285714285,3,0.42857142857142855
2023-06-01,LNGN0130,terminal,1,1,0,1,1.0,0,0.0
2023-06-01,LNGN0132,terminal,1,3,0,0,0.0,1,0.3333333333333333
2023-06-01,LNGN0136,terminal,1,1,0,1,1.0,0,0.0
2023-06-01,LNGN0138,terminal,0,0,0,0,0.0,0,0.0
2023-06-01,LNGN0142,terminal,1,1,0,1,1.0,0,0.0
2023-06-01,LNGN0143,terminal,0,0,0,0,0.0,0,0.0
2023-06-01,LNGN0144,terminal,0,0,0,0,0.0,0,0.0
2023-06-01,LNGN0148,terminal,0,0,0,0,0.0,0,0.0
2023-06-01,LNGN0150,terminal,0,0,0,0,0.0,0,0.0
2023-06-01,LNGN0156,terminal,0,0,0,0,0.0,0,0.0
2023-06-01,LNGN0163,terminal,1,1,0,1,1.0,0,0.0
2023-06-01,LNGN0164,terminal,1,1,0,1,1.0,0,0.0
2023-06-01,LNGN0165,terminal,0,0,0,0,0.0,0,0.0
2023-06-01,LNGN0166,terminal,1,3,0,0,0.0,1,0.3333333333333333
2023-06-01,LNGN0168,terminal,1,3,0,0,0.0,1,0.3333333333333333
2023-06-01,LNGN0170,terminal,1,1,0,1,1.0,0,0.0
2023-06-01,LNGN0173,terminal,1,1,0,1,1.0,0,0.0
2023-06-01,LNGN0174,terminal,0,0,0,0,0.0,0,0.0
2023-06-01,LNGN0175,terminal,1,2,0,0,0.0,2,1.0
2023-06-01,LNGN0176,terminal,0,0,0,0,0.0,0,0.0
2023-06-01,LNGN0178,terminal,1,3,0,0,0.0,3,1.0
2023-06-01,LNGN0180,terminal,0,0,0,0,0.0,0,0.0
2023-06-01,LNGN0181,terminal,1,2,0,0,0.0,2,1.0
2023-06-01,LNGN0182,terminal,1,1,0,1,1.0,0,0.0
2023-06-01,LNGN0186,terminal,1,1,0,1,1.0,0,0.0
2023-06-01,LNGN0190,terminal,0,0,0,0,0.0,0,0.0
2023-06-01,LNGN0191,terminal,1,2,0,0,0.0,2,1.0
2023-06-01,LNGN0195,terminal,1,2,0,0,0.0,2,1.0
2023-06-01,LNGN0199,terminal,0,0,0,0,0.0,0,0.0
2023-06-01,LNGN0206,terminal,1,1,0,1,1.0,0,0.0
2023-06-01,LNGN0207,terminal,1,1,0,1,1.0,0,0.0
2023-06-01,LNGN0208,terminal,0,0,0,0,0.0,0,0.0
2023-06-01,LNGN0210,terminal,1,1,0,1,1.0,0,0.0
2023-06-01,LNGN0212,terminal,0,0,0,0,0.0,0,0.0
2023-06-01,LNGN0219,terminal,0,0,0,0,0.0,0,0.0
2023-06-01,LNGN0222,terminal,0,0,0,0,0.0,0,0.0
2023-06-01,LNGN0230,terminal,1,3,0,0,0.0,0,0.0
2023-06-01,LNGN0232,terminal,1,2,0,0,0.0,0,0.0
2023-06-01,LNGN0237,terminal,1,1,0,1,1.0,0,0.0
2023-06-01,LNGN0238,terminal,0,0,0,0,0.0,0,0.0
2023-06-01,LNGN0241,terminal,0,0,0,0,0.0,0,0.0
2023-06-01,LNGN0243,terminal,0,0,0,0,0.0,0,0.0
2023-06-01,LNGN0244,terminal,1,3,0,0,0.0,0,0.0
2023-06-01,LNGN0248,terminal,1,1,0,1,1.0,0,0.0
2023-06-01,LNGN0250,terminal,0,0,0,0,0.0,0,0.0
2023-06-01,LNGN0251,terminal,0,0,0,0,0.0,0,0.0
2023-06-01,LNGN0253,terminal,0,0,0,0,0.0,0,0.0
2023-06-01,LNGN0258,terminal,1,1,0,1,1.0,0,0.0
2023-06-01,LNGN0261,terminal,1,5,1,1,0.2,4,0.8
2023-06-01,LNGN0262,terminal,0,0,0,0,0.0,0,0.0
2023-06-01,LNGN0268,terminal,0,0,0,0,0.0,0,0.0
2023-06-01,LNGN0270,terminal,0,0,0,0,0.0,0,0.0
2023-06-01,LNGN0272,terminal,0,0,0,0,0.0,0,0.0
2023-06-01,LNGN0274,terminal,1,1,0,1,1.0,0,0.0
2023-06-01,LNGN0278,terminal,1,2,0,0,0.0,2,1.0
2023-06-01,LNGN0285,terminal,0,0,0,0,0.0,0,0.0
2023-06-01,LNGN0287,terminal,1,1,0,1,1.0,0,0.0
2023-06-01,LNGN0288,terminal,1,1,0,1,1.0,0,0.0
2023-06-01,LNGN0290,terminal,0,0,0,0,0.0,0,0.0
2023-06-01,LNGN0291,terminal,0,0,0,0,0.0,0,0.0
2023-06-01,LNGN0293,terminal,1,1,0,1,1.0,0,0.0
2023-06-01,LNGN0294,terminal,0,0,0,0,0.0,0,0.0
2023-06-01,LNGN0297,terminal,1,2,0,0,0.0,2,1.0
2023-06-01,LNGN0299,terminal,0,0,0,0,0.0,0,0.0
2023-06-01,LNGN0307,terminal,0,0,0,0,0.0,0,0.0
2023-06-01,LNGN0308,terminal,1,1,0,1,1.0,0,0.0
2023-06-01,LNGN0309,terminal,1,1,0,1,1.0,0,0.0
2023-06-01,LNGN0312,terminal,1,2,0,0,0.0,2,1.0
2023-06-01,LNGN0314,terminal,0,0,0,0,0.0,0,0.0
2023-06-01,LNGN0319,terminal,1,1,0,1,1.0,0,0.0
2023-06-01,LNGN0322,terminal,1,1,0,1,1.0,0,0.0
2023-06-01,LNGN0324,terminal,1,1,0,1,1.0,0,0.0
2023-06-01,LNGN0328,terminal,1,3,0,0,0.0,1,0.3333333333333333
2023-06-01,LNGN0331,terminal,1,2,0,0,0.0,2,1.0
2023-06-01,LNGN0334,terminal,0,0,0,0,0.0,0,0.0
2023-06-01,LNGN0344,terminal,0,0,0,0,0.0,0,0.0
2023-06-01,LNGN0345,terminal,1,5,0,0,0.0,1,0.2
2023-06-01,LNGN0347,terminal,1,2,0,0,0.0,2,1.0
2023-06-01,LNGN0348,terminal,0,0,0,0,0.0,0,0.0
2023-06-01,LNGN0351,terminal,1,1,0,1,1.0,0,0.0
2023-06-01,LNGN0354,terminal,0,0,0,0,0.0,0,0.0
2023-06-01,LNGN0359,terminal,1,1,0,1,1.0,0,0.0
2023-06-01,LNGN0361,terminal,0,0,0,0,0.0,0,0.0
2023-06-01,LNGN0362,terminal,0,0,0,0,0.0,0,0.0
2023-06-01,LNGN0363,terminal,0,0,0,0,0.0,0,0.0
2023-06-01,LNGN0364,terminal,0,0,0,0,0.0,0,0.0
2023-06-01,LNGN0372,terminal,1,1,0,1,1.0,0,0.0
2023-06-01,LNGN0374,terminal,1,2,0,0,0.0,2,1.0
2023-06-01,LNGN0378,terminal,1,5,1,1,0.2,4,0.8
2023-06-01,LNGN0381,terminal,1,2,0,0,0.0,2,1.0
2023-06-01,LNGN0382,terminal,0,0,0,0,0.0,0,0.0
2023-06-01,LNGN0385,terminal,1,1,0,1,1.0,0,0.0
2023-06-01,LNGN0391,terminal,1,1,0,1,1.0,0,0.0
2023-06-01,LNGN0398,terminal,1,1,0,1,1.0,0,0.0
2023-06-01,LNGN0405,terminal,0,0,0,0,0.0,0,0.0
2023-06-01,LNGN0421,terminal,1,1,0,1,1.0,0,0.0
2023-06-01,LNGN0423,terminal,1,2,0,0,0.0,0,0.0
2023-06-01,LNGN0425,terminal,0,0,0,0,0.0,0,0.0
2023-06-01,LNGN0426,terminal,1,1,0,1,1.0,0,0.0
2023-06-01,LNGN0427,terminal,1,1,0,1,1.0,0,0.0
2023-06-01,LNGN0428,terminal,1,2,0,0,0.0,0,0.0
2023-06-01,LNGN0429,terminal,0,0,0,0,0.0,0,0.0
2023-06-01,LNGN0435,terminal,1,2,1,2,1.0,0,0.0
2023-06-01,LNGN0437,terminal,1,1,0,1,1.0,0,0.0
2023-06-01,LNGN0441,terminal,1,2,0,0,0.0,2,1.0
2023-06-01,LNGN0442,terminal,1,2,0,0,0.0,2,1.0
2023-06-01,LNGN0447,terminal,0,0,0,0,0.0,0,0.0
2023-06-01,LNGN0449,terminal,1,1,0,1,1.0,0,0.0
2023-06-01,LNGN0452,terminal,1,6,1,1,0.16666666666666666,1,0.16666666666666666
2023-06-01,LNGN0453,terminal,0,0,0,0,0.0,0,0.0
2023-06-01,LNGN0460,terminal,1,2,1,2,1.0,0,0.0
2023-06-01,LNGN0463,terminal,1,3,0,0,0.0,1,0.3333333333333333
2023-06-01,LNGN0464,terminal,1,4,0,0,0.0,0,0.0
2023-06-01,LNGN0472,terminal,1,1,0,1,1.0,0,0.0
2023-06-01,LNGN0473,terminal,1,1,0,1,1.0,0,0.0
2023-06-01,LNGN0474,terminal,1,1,0,1,1.0,0,0.0
2023-07-01,CP001,chokepoint,1,8,1,1,0.125,3,0.375
2023-07-01,CP002,chokepoint,1,7,1,2,0.2857142857142857,5,0.7142857142857143
2023-07-01,CP004,chokepoint,1,5,0,0,0.0,1,0.2
2023-07-01,CP005,chokepoint,1,13,1,2,0.15384615384615385,2,0.15384615384615385
2023-07-01,CP006,chokepoint,1,9,1,2,0.2222222222222222,0,0.0
2023-07-01,CP007,chokepoint,1,5,1,1,0.2,2,0.4
2023-07-01,CP008,chokepoint,1,14,1,4,0.2857142857142857,1,0.07142857142857142
2023-07-01,CP009,chokepoint,1,16,1,3,0.1875,1,0.0625
2023-07-01,CP010,chokepoint,1,9,1,5,0.5555555555555556,0,0.0
2023-07-01,CP011,chokepoint,1,14,1,3,0.21428571428571427,1,0.07142857142857142
2023-07-01,CP012,chokepoint,1,9,1,2,0.2222222222222222,3,0.3333333333333333
2023-07-01,CP013,chokepoint,1,4,1,1,0.25,3,0.75
2023-07-01,CP014,chokepoint,1,6,1,1,0.16666666666666666,5,0.8333333333333334
2023-07-01,CP015,chokepoint,1,6,0,0,0.0,4,0.6666666666666666
2023-07-01,CP016,chokepoint,1,11,1,4,0.36363636363636365,7,0.6363636363636364
2023-07-01,CP017,chokepoint,1,3,1,3,1.0,0,0.0
2023-07-01,CP018,chokepoint,0,0,0,0,0.0,0,0.0
2023-07-01,CP019,chokepoint,0,0,0,0,0.0,0,0.0
2023-07-01,CP020,chokepoint,1,2,0,0,0.0,2,1.0
2023-07-01,CP021,chokepoint,1,2,1,2,1.0,0,0.0
2023-07-01,CP022,chokepoint,1,6,1,1,0.16666666666666666,5,0.8333333333333334
2023-07-01,CP023,chokepoint,1,2,0,0,0.0,2,1.0
2023-07-01,CP024,chokepoint,1,2,1,2,1.0,0,0.0
2023-07-01,CP027,chokepoint,1,7,0,0,0.0,4,0.5714285714285714
2023-07-01,LNGN0004,terminal,0,0,0,0,0.0,0,0.0
2023-07-01,LNGN0006,terminal,0,0,0,0,0.0,0,0.0
2023-07-01,LNGN0008,terminal,1,3,0,0,0.0,0,0.0
2023-07-01,LNGN0013,terminal,1,1,0,1,1.0,0,0.0
2023-07-01,LNGN0017,terminal,0,0,0,0,0.0,0,0.0
2023-07-01,LNGN0025,terminal,0,0,0,0,0.0,0,0.0
2023-07-01,LNGN0026,terminal,1,3,1,1,0.3333333333333333,2,0.6666666666666666
2023-07-01,LNGN0027,terminal,1,4,1,1,0.25,1,0.25
2023-07-01,LNGN0031,terminal,0,0,0,0,0.0,0,0.0
2023-07-01,LNGN0035,terminal,1,2,0,0,0.0,0,0.0
2023-07-01,LNGN0037,terminal,1,2,0,0,0.0,0,0.0
2023-07-01,LNGN0039,terminal,0,0,0,0,0.0,0,0.0
2023-07-01,LNGN0040,terminal,0,0,0,0,0.0,0,0.0
2023-07-01,LNGN0044,terminal,1,1,0,1,1.0,0,0.0
2023-07-01,LNGN0045,terminal,1,1,0,1,1.0,0,0.0
2023-07-01,LNGN0050,terminal,1,3,0,0,0.0,3,1.0
2023-07-01,LNGN0052,terminal,1,1,0,1,1.0,0,0.0
2023-07-01,LNGN0055,terminal,0,0,0,0,0.0,0,0.0
2023-07-01,LNGN0056,terminal,1,1,0,1,1.0,0,0.0
2023-07-01,LNGN0059,terminal,0,0,0,0,0.0,0,0.0
2023-07-01,LNGN0069,terminal,0,0,0,0,0.0,0,0.0
2023-07-01,LNGN0070,terminal,1,6,1,2,0.3333333333333333,2,0.3333333333333333
2023-07-01,LNGN0074,terminal,1,1,0,1,1.0,0,0.0
2023-07-01,LNGN0075,terminal,0,0,0,0,0.0,0,0.0
2023-07-01,LNGN0076,terminal,0,0,0,0,0.0,0,0.0
2023-07-01,LNGN0079,terminal,0,0,0,0,0.0,0,0.0
2023-07-01,LNGN0081,terminal,1,1,0,1,1.0,0,0.0
2023-07-01,LNGN0083,terminal,0,0,0,0,0.0,0,0.0
2023-07-01,LNGN0085,terminal,1,3,0,0,0.0,1,0.3333333333333333
2023-07-01,LNGN0087,terminal,1,1,0,1,1.0,0,0.0
2023-07-01,LNGN0097,terminal,1,1,0,1,1.0,0,0.0
2023-07-01,LNGN0098,terminal,1,1,0,1,1.0,0,0.0
2023-07-01,LNGN0100,terminal,1,1,0,1,1.0,0,0.0
2023-07-01,LNGN0101,terminal,0,0,0,0,0.0,0,0.0
2023-07-01,LNGN0102,terminal,1,1,0,1,1.0,0,0.0
2023-07-01,LNGN0103,terminal,1,2,0,0,0.0,2,1.0
2023-07-01,LNGN0108,terminal,0,0,0,0,0.0,0,0.0
2023-07-01,LNGN0109,terminal,1,1,0,1,1.0,0,0.0
2023-07-01,LNGN0112,terminal,0,0,0,0,0.0,0,0.0
2023-07-01,LNGN0115,terminal,0,0,0,0,0.0,0,0.0
2023-07-01,LNGN0121,terminal,1,2,0,0,0.0,2,1.0
2023-07-01,LNGN0122,terminal,1,1,0,1,1.0,0,0.0
2023-07-01,LNGN0124,terminal,1,4,0,0,0.0,1,0.25
2023-07-01,LNGN0130,terminal,1,2,0,0,0.0,0,0.0
2023-07-01,LNGN0132,terminal,1,1,0,1,1.0,0,0.0
2023-07-01,LNGN0136,terminal,0,0,0,0,0.0,0,0.0
2023-07-01,LNGN0138,terminal,0,0,0,0,0.0,0,0.0
2023-07-01,LNGN0142,terminal,1,2,0,0,0.0,2,1.0
2023-07-01,LNGN0143,terminal,0,0,0,0,0.0,0,0.0
2023-07-01,LNGN0144,terminal,1,1,0,1,1.0,0,0.0
2023-07-01,LNGN0148,terminal,0,0,0,0,0.0,0,0.0
2023-07-01,LNGN0150,terminal,1,2,0,0,0.0,0,0.0
2023-07-01,LNGN0156,terminal,0,0,0,0,0.0,0,0.0
2023-07-01,LNGN0163,terminal,0,0,0,0,0.0,0,0.0
2023-07-01,LNGN0164,terminal,0,0,0,0,0.0,0,0.0
2023-07-01,LNGN0165,terminal,0,0,0,0,0.0,0,0.0
2023-07-01,LNGN0166,terminal,1,4,1,2,0.5,0,0.0
2023-07-01,LNGN0168,terminal,1,3,0,0,0.0,1,0.3333333333333333
2023-07-01,LNGN0170,terminal,1,1,0,1,1.0,0,0.0
2023-07-01,LNGN0173,terminal,1,1,0,1,1.0,0,0.0
2023-07-01,LNGN0174,terminal,0,0,0,0,0.0,0,0.0
2023-07-01,LNGN0175,terminal,0,0,0,0,0.0,0,0.0
2023-07-01,LNGN0176,terminal,0,0,0,0,0.0,0,0.0
2023-07-01,LNGN0178,terminal,1,2,0,0,0.0,2,1.0
2023-07-01,LNGN0180,terminal,0,0,0,0,0.0,0,0.0
2023-07-01,LNGN0181,terminal,1,2,0,0,0.0,0,0.0
2023-07-01,LNGN0182,terminal,1,1,0,1,1.0,0,0.0
2023-07-01,LNGN0186,terminal,1,1,0,1,1.0,0,0.0
2023-07-01,LNGN0190,terminal,0,0,0,0,0.0,0,0.0
2023-07-01,LNGN0191,terminal,1,2,0,0,0.0,2,1.0
2023-07-01,LNGN0195,terminal,1,3,0,0,0.0,0,0.0
2023-07-01,LNGN0199,terminal,0,0,0,0,0.0,0,0.0
2023-07-01,LNGN0206,terminal,1,1,0,1,1.0,0,0.0
2023-07-01,LNGN0207,terminal,1,1,0,1,1.0,0,0.0
2023-07-01,LNGN0208,terminal,1,1,0,1,1.0,0,0.0
2023-07-01,LNGN0210,terminal,1,2,0,0,0.0,0,0.0
2023-07-01,LNGN0212,terminal,0,0,0,0,0.0,0,0.0
2023-07-01,LNGN0219,terminal,0,0,0,0,0.0,0,0.0
2023-07-01,LNGN0222,terminal,0,0,0,0,0.0,0,0.0
2023-07-01,LNGN0230,terminal,1,3,0,0,0.0,0,0.0
2023-07-01,LNGN0232,terminal,0,0,0,0,0.0,0,0.0
2023-07-01,LNGN0237,terminal,0,0,0,0,0.0,0,0.0
2023-07-01,LNGN0238,terminal,1,1,0,1,1.0,0,0.0
2023-07-01,LNGN0241,terminal,1,1,0,1,1.0,0,0.0
2023-07-01,LNGN0243,terminal,0,0,0,0,0.0,0,0.0
2023-07-01,LNGN0244,terminal,1,4,0,0,0.0,1,0.25
2023-07-01,LNGN0248,terminal,1,1,0,1,1.0,0,0.0
2023-07-01,LNGN0250,terminal,0,0,0,0,0.0,0,0.0
2023-07-01,LNGN0251,terminal,0,0,0,0,0.0,0,0.0
2023-07-01,LNGN0253,terminal,0,0,0,0,0.0,0,0.0
2023-07-01,LNGN0258,terminal,0,0,0,0,0.0,0,0.0
2023-07-01,LNGN0261,terminal,1,6,1,1,0.16666666666666666,3,0.5
2023-07-01,LNGN0262,terminal,0,0,0,0,0.0,0,0.0
2023-07-01,LNGN0268,terminal,0,0,0,0,0.0,0,0.0
2023-07-01,LNGN0270,terminal,1,3,0,0,0.0,3,1.0
2023-07-01,LNGN0272,terminal,1,1,0,1,1.0,0,0.0
2023-07-01,LNGN0274,terminal,1,3,0,0,0.0,0,0.0
2023-07-01,LNGN0278,terminal,1,2,0,0,0.0,2,1.0
2023-07-01,LNGN0285,terminal,1,2,1,2,1.0,0,0.0
2023-07-01,LNGN0287,terminal,1,1,0,1,1.0,0,0.0
2023-07-01,LNGN0288,terminal,0,0,0,0,0.0,0,0.0
2023-07-01,LNGN0290,terminal,0,0,0,0,0.0,0,0.0
2023-07-01,LNGN0291,terminal,0,0,0,0,0.0,0,0.0
2023-07-01,LNGN0293,terminal,0,0,0,0,0.0,0,0.0
2023-07-01,LNGN0294,terminal,0,0,0,0,0.0,0,0.0
2023-07-01,LNGN0297,terminal,1,2,0,0,0.0,2,1.0
2023-07-01,LNGN0299,terminal,0,0,0,0,0.0,0,0.0
2023-07-01,LNGN0307,terminal,0,0,0,0,0.0,0,0.0
2023-07-01,LNGN0308,terminal,0,0,0,0,0.0,0,0.0
2023-07-01,LNGN0309,terminal,1,1,0,1,1.0,0,0.0
2023-07-01,LNGN0312,terminal,1,1,0,1,1.0,0,0.0
2023-07-01,LNGN0314,terminal,1,2,0,0,0.0,0,0.0
2023-07-01,LNGN0319,terminal,1,2,0,0,0.0,0,0.0
2023-07-01,LNGN0322,terminal,1,1,0,1,1.0,0,0.0
2023-07-01,LNGN0324,terminal,1,1,0,1,1.0,0,0.0
2023-07-01,LNGN0328,terminal,1,3,0,0,0.0,1,0.3333333333333333
2023-07-01,LNGN0331,terminal,0,0,0,0,0.0,0,0.0
2023-07-01,LNGN0334,terminal,0,0,0,0,0.0,0,0.0
2023-07-01,LNGN0344,terminal,0,0,0,0,0.0,0,0.0
2023-07-01,LNGN0345,terminal,1,5,1,1,0.2,1,0.2
2023-07-01,LNGN0347,terminal,1,2,0,0,0.0,0,0.0
2023-07-01,LNGN0348,terminal,0,0,0,0,0.0,0,0.0
2023-07-01,LNGN0351,terminal,1,1,0,1,1.0,0,0.0
2023-07-01,LNGN0354,terminal,0,0,0,0,0.0,0,0.0
2023-07-01,LNGN0359,terminal,1,1,0,1,1.0,0,0.0
2023-07-01,LNGN0361,terminal,0,0,0,0,0.0,0,0.0
2023-07-01,LNGN0362,terminal,0,0,0,0,0.0,0,0.0
2023-07-01,LNGN0363,terminal,0,0,0,0,0.0,0,0.0
2023-07-01,LNGN0364,terminal,0,0,0,0,0.0,0,0.0
2023-07-01,LNGN0372,terminal,1,1,0,1,1.0,0,0.0
2023-07-01,LNGN0374,terminal,1,4,0,0,0.0,4,1.0
2023-07-01,LNGN0378,terminal,1,2,0,0,0.0,2,1.0
2023-07-01,LNGN0381,terminal,1,3,0,0,0.0,3,1.0
2023-07-01,LNGN0382,terminal,0,0,0,0,0.0,0,0.0
2023-07-01,LNGN0385,terminal,1,1,0,1,1.0,0,0.0
2023-07-01,LNGN0391,terminal,0,0,0,0,0.0,0,0.0
2023-07-01,LNGN0398,terminal,1,1,0,1,1.0,0,0.0
2023-07-01,LNGN0405,terminal,0,0,0,0,0.0,0,0.0
2023-07-01,LNGN0421,terminal,1,1,0,1,1.0,0,0.0
2023-07-01,LNGN0423,terminal,1,1,0,1,1.0,0,0.0
2023-07-01,LNGN0425,terminal,0,0,0,0,0.0,0,0.0
2023-07-01,LNGN0426,terminal,1,1,0,1,1.0,0,0.0
2023-07-01,LNGN0427,terminal,1,1,0,1,1.0,0,0.0
2023-07-01,LNGN0428,terminal,1,1,0,1,1.0,0,0.0
2023-07-01,LNGN0429,terminal,0,0,0,0,0.0,0,0.0
2023-07-01,LNGN0435,terminal,1,3,1,3,1.0,0,0.0
2023-07-01,LNGN0437,terminal,1,1,0,1,1.0,0,0.0
2023-07-01,LNGN0441,terminal,1,2,0,0,0.0,2,1.0
2023-07-01,LNGN0442,terminal,0,0,0,0,0.0,0,0.0
2023-07-01,LNGN0447,terminal,0,0,0,0,0.0,0,0.0
2023-07-01,LNGN0449,terminal,1,1,0,1,1.0,0,0.0
2023-07-01,LNGN0452,terminal,1,5,0,0,0.0,2,0.4
2023-07-01,LNGN0453,terminal,0,0,0,0,0.0,0,0.0
2023-07-01,LNGN0460,terminal,1,1,0,1,1.0,0,0.0
2023-07-01,LNGN0463,terminal,1,3,0,0,0.0,0,0.0
2023-07-01,LNGN0464,terminal,1,3,0,0,0.0,0,0.0
2023-07-01,LNGN0472,terminal,0,0,0,0,0.0,0,0.0
2023-07-01,LNGN0473,terminal,1,2,0,0,0.0,2,1.0
2023-07-01,LNGN0474,terminal,1,1,0,1,1.0,0,0.0
2023-08-01,CP001,chokepoint,1,5,1,1,0.2,1,0.2
2023-08-01,CP002,chokepoint,1,12,1,5,0.4166666666666667,5,0.4166666666666667
2023-08-01,CP004,chokepoint,1,4,0,0,0.0,1,0.25
2023-08-01,CP005,chokepoint,1,10,1,5,0.5,3,0.3
2023-08-01,CP006,chokepoint,1,9,1,2,0.2222222222222222,2,0.2222222222222222
2023-08-01,CP007,chokepoint,1,2,0,0,0.0,2,1.0
2023-08-01,CP008,chokepoint,1,13,1,2,0.15384615384615385,2,0.15384615384615385
2023-08-01,CP009,chokepoint,1,17,1,4,0.23529411764705882,1,0.058823529411764705
2023-08-01,CP010,chokepoint,1,10,1,4,0.4,0,0.0
2023-08-01,CP011,chokepoint,1,12,1,3,0.25,3,0.25
2023-08-01,CP012,chokepoint,1,10,1,4,0.4,2,0.2
2023-08-01,CP013,chokepoint,1,2,0,0,0.0,2,1.0
2023-08-01,CP014,chokepoint,1,7,1,1,0.14285714285714285,6,0.8571428571428571
2023-08-01,CP015,chokepoint,1,7,1,2,0.2857142857142857,5,0.7142857142857143
2023-08-01,CP016,chokepoint,1,7,1,1,0.14285714285714285,6,0.8571428571428571
2023-08-01,CP017,chokepoint,1,4,1,2,0.5,0,0.0
2023-08-01,CP018,chokepoint,0,0,0,0,0.0,0,0.0
2023-08-01,CP019,chokepoint,0,0,0,0,0.0,0,0.0
2023-08-01,CP020,chokepoint,1,2,0,0,0.0,2,1.0
2023-08-01,CP021,chokepoint,1,2,1,2,1.0,0,0.0
2023-08-01,CP022,chokepoint,1,5,0,0,0.0,5,1.0
2023-08-01,CP023,chokepoint,1,2,1,2,1.0,0,0.0
2023-08-01,CP024,chokepoint,0,0,0,0,0.0,0,0.0
2023-08-01,CP027,chokepoint,1,4,1,1,0.25,3,0.75
2023-08-01,LNGN0004,terminal,0,0,0,0,0.0,0,0.0
2023-08-01,LNGN0006,terminal,0,0,0,0,0.0,0,0.0
2023-08-01,LNGN0008,terminal,1,3,1,1,0.3333333333333333,0,0.0
2023-08-01,LNGN0013,terminal,0,0,0,0,0.0,0,0.0
2023-08-01,LNGN0017,terminal,0,0,0,0,0.0,0,0.0
2023-08-01,LNGN0025,terminal,0,0,0,0,0.0,0,0.0
2023-08-01,LNGN0026,terminal,1,5,1,2,0.4,0,0.0
2023-08-01,LNGN0027,terminal,1,2,0,0,0.0,2,1.0
2023-08-01,LNGN0031,terminal,0,0,0,0,0.0,0,0.0
2023-08-01,LNGN0035,terminal,1,1,0,1,1.0,0,0.0
2023-08-01,LNGN0037,terminal,1,2,0,0,0.0,2,1.0
2023-08-01,LNGN0039,terminal,0,0,0,0,0.0,0,0.0
2023-08-01,LNGN0040,terminal,1,2,0,0,0.0,0,0.0
2023-08-01,LNGN0044,terminal,0,0,0,0,0.0,0,0.0
2023-08-01,LNGN0045,terminal,1,1,0,1,1.0,0,0.0
2023-08-01,LNGN0050,terminal,1,4,0,0,0.0,1,0.25
2023-08-01,LNGN0052,terminal,1,2,0,0,0.0,0,0.0
2023-08-01,LNGN0055,terminal,0,0,0,0,0.0,0,0.0
2023-08-01,LNGN0056,terminal,0,0,0,0,0.0,0,0.0
2023-08-01,LNGN0059,terminal,1,1,0,1,1.0,0,0.0
2023-08-01,LNGN0069,terminal,0,0,0,0,0.0,0,0.0
2023-08-01,LNGN0070,terminal,1,6,1,1,0.16666666666666666,2,0.3333333333333333
2023-08-01,LNGN0074,terminal,0,0,0,0,0.0,0,0.0
2023-08-01,LNGN0075,terminal,0,0,0,0,0.0,0,0.0
2023-08-01,LNGN0076,terminal,0,0,0,0,0.0,0,0.0
2023-08-01,LNGN0079,terminal,0,0,0,0,0.0,0,0.0
2023-08-01,LNGN0081,terminal,0,0,0,0,0.0,0,0.0
2023-08-01,LNGN0083,terminal,0,0,0,0,0.0,0,0.0
2023-08-01,LNGN0085,terminal,1,2,0,0,0.0,2,1.0
2023-08-01,LNGN0087,terminal,0,0,0,0,0.0,0,0.0
2023-08-01,LNGN0097,terminal,1,1,0,1,1.0,0,0.0
2023-08-01,LNGN0098,terminal,1,1,0,1,1.0,0,0.0
2023-08-01,LNGN0100,terminal,1,1,0,1,1.0,0,0.0
2023-08-01,LNGN0101,terminal,0,0,0,0,0.0,0,0.0
2023-08-01,LNGN0102,terminal,1,1,0,1,1.0,0,0.0
2023-08-01,LNGN0103,terminal,0,0,0,0,0.0,0,0.0
2023-08-01,LNGN0108,terminal,0,0,0,0,0.0,0,0.0
2023-08-01,LNGN0109,terminal,0,0,0,0,0.0,0,0.0
2023-08-01,LNGN0112,terminal,0,0,0,0,0.0,0,0.0
2023-08-01,LNGN0115,terminal,0,0,0,0,0.0,0,0.0
2023-08-01,LNGN0121,terminal,1,3,1,1,0.3333333333333333,0,0.0
2023-08-01,LNGN0122,terminal,0,0,0,0,0.0,0,0.0
2023-08-01,LNGN0124,terminal,1,6,1,1,0.16666666666666666,2,0.3333333333333333
2023-08-01,LNGN0130,terminal,1,1,0,1,1.0,0,0.0
2023-08-01,LNGN0132,terminal,1,3,0,0,0.0,0,0.0
2023-08-01,LNGN0136,terminal,1,1,0,1,1.0,0,0.0
2023-08-01,LNGN0138,terminal,0,0,0,0,0.0,0,0.0
2023-08-01,LNGN0142,terminal,1,2,0,0,0.0,2,1.0
2023-08-01,LNGN0143,terminal,1,1,0,1,1.0,0,0.0
2023-08-01,LNGN0144,terminal,1,1,0,1,1.0,0,0.0
2023-08-01,LNGN0148,terminal,0,0,0,0,0.0,0,0.0
2023-08-01,LNGN0150,terminal,0,0,0,0,0.0,0,0.0
2023-08-01,LNGN0156,terminal,1,1,0,1,1.0,0,0.0
2023-08-01,LNGN0163,terminal,1,1,0,1,1.0,0,0.0
2023-08-01,LNGN0164,terminal,0,0,0,0,0.0,0,0.0
2023-08-01,LNGN0165,terminal,0,0,0,0,0.0,0,0.0
2023-08-01,LNGN0166,terminal,1,3,0,0,0.0,0,0.0
2023-08-01,LNGN0168,terminal,1,2,0,0,0.0,0,0.0
2023-08-01,LNGN0170,terminal,0,0,0,0,0.0,0,0.0
2023-08-01,LNGN0173,terminal,1,1,0,1,1.0,0,0.0
2023-08-01,LNGN0174,terminal,0,0,0,0,0.0,0,0.0
2023-08-01,LNGN0175,terminal,1,1,0,1,1.0,0,0.0
2023-08-01,LNGN0176,terminal,0,0,0,0,0.0,0,0.0
2023-08-01,LNGN0178,terminal,1,1,0,1,1.0,0,0.0
2023-08-01,LNGN0180,terminal,0,0,0,0,0.0,0,0.0
2023-08-01,LNGN0181,terminal,1,2,0,0,0.0,0,0.0
2023-08-01,LNGN0182,terminal,1,1,0,1,1.0,0,0.0
2023-08-01,LNGN0186,terminal,1,1,0,1,1.0,0,0.0
2023-08-01,LNGN0190,terminal,0,0,0,0,0.0,0,0.0
2023-08-01,LNGN0191,terminal,1,2,0,0,0.0,2,1.0
2023-08-01,LNGN0195,terminal,1,1,0,1,1.0,0,0.0
2023-08-01,LNGN0199,terminal,0,0,0,0,0.0,0,0.0
2023-08-01,LNGN0206,terminal,1,1,0,1,1.0,0,0.0
2023-08-01,LNGN0207,terminal,1,1,0,1,1.0,0,0.0
2023-08-01,LNGN0208,terminal,1,1,0,1,1.0,0,0.0
2023-08-01,LNGN0210,terminal,1,1,0,1,1.0,0,0.0
2023-08-01,LNGN0212,terminal,0,0,0,0,0.0,0,0.0
2023-08-01,LNGN0219,terminal,0,0,0,0,0.0,0,0.0
2023-08-01,LNGN0222,terminal,0,0,0,0,0.0,0,0.0
2023-08-01,LNGN0230,terminal,1,3,0,0,0.0,3,1.0
2023-08-01,LNGN0232,terminal,0,0,0,0,0.0,0,0.0
2023-08-01,LNGN0237,terminal,1,1,0,1,1.0,0,0.0
2023-08-01,LNGN0238,terminal,0,0,0,0,0.0,0,0.0
2023-08-01,LNGN0241,terminal,0,0,0,0,0.0,0,0.0
2023-08-01,LNGN0243,terminal,0,0,0,0,0.0,0,0.0
2023-08-01,LNGN0244,terminal,1,3,0,0,0.0,0,0.0
2023-08-01,LNGN0248,terminal,1,2,0,0,0.0,2,1.0
2023-08-01,LNGN0250,terminal,0,0,0,0,0.0,0,0.0
2023-08-01,LNGN0251,terminal,0,0,0,0,0.0,0,0.0
2023-08-01,LNGN0253,terminal,0,0,0,0,0.0,0,0.0
2023-08-01,LNGN0258,terminal,0,0,0,0,0.0,0,0.0
2023-08-01,LNGN0261,terminal,1,5,0,0,0.0,5,1.0
2023-08-01,LNGN0262,terminal,0,0,0,0,0.0,0,0.0
2023-08-01,LNGN0268,terminal,0,0,0,0,0.0,0,0.0
2023-08-01,LNGN0270,terminal,1,2,0,0,0.0,2,1.0
2023-08-01,LNGN0272,terminal,0,0,0,0,0.0,0,0.0
2023-08-01,LNGN0274,terminal,1,1,0,1,1.0,0,0.0
2023-08-01,LNGN0278,terminal,1,1,0,1,1.0,0,0.0
2023-08-01,LNGN0285,terminal,1,1,0,1,1.0,0,0.0
2023-08-01,LNGN0287,terminal,0,0,0,0,0.0,0,0.0
2023-08-01,LNGN0288,terminal,1,1,0,1,1.0,0,0.0
2023-08-01,LNGN0290,terminal,0,0,0,0,0.0,0,0.0
2023-08-01,LNGN0291,terminal,0,0,0,0,0.0,0,0.0
2023-08-01,LNGN0293,terminal,1,1,0,1,1.0,0,0.0
2023-08-01,LNGN0294,terminal,0,0,0,0,0.0,0,0.0
2023-08-01,LNGN0297,terminal,1,2,0,0,0.0,2,1.0
2023-08-01,LNGN0299,terminal,0,0,0,0,0.0,0,0.0
2023-08-01,LNGN0307,terminal,0,0,0,0,0.0,0,0.0
2023-08-01,LNGN0308,terminal,0,0,0,0,0.0,0,0.0
2023-08-01,LNGN0309,terminal,0,0,0,0,0.0,0,0.0
2023-08-01,LNGN0312,terminal,1,2,1,2,1.0,0,0.0
2023-08-01,LNGN0314,terminal,0,0,0,0,0.0,0,0.0
2023-08-01,LNGN0319,terminal,0,0,0,0,0.0,0,0.0
2023-08-01,LNGN0322,terminal,0,0,0,0,0.0,0,0.0
2023-08-01,LNGN0324,terminal,1,1,0,1,1.0,0,0.0
2023-08-01,LNGN0328,terminal,1,3,0,0,0.0,1,0.3333333333333333
2023-08-01,LNGN0331,terminal,0,0,0,0,0.0,0,0.0
2023-08-01,LNGN0334,terminal,0,0,0,0,0.0,0,0.0
2023-08-01,LNGN0344,terminal,0,0,0,0,0.0,0,0.0
2023-08-01,LNGN0345,terminal,1,6,1,1,0.16666666666666666,3,0.5
2023-08-01,LNGN0347,terminal,1,2,0,0,0.0,0,0.0
2023-08-01,LNGN0348,terminal,1,1,0,1,1.0,0,0.0
2023-08-01,LNGN0351,terminal,1,1,0,1,1.0,0,0.0
2023-08-01,LNGN0354,terminal,1,1,0,1,1.0,0,0.0
2023-08-01,LNGN0359,terminal,1,1,0,1,1.0,0,0.0
2023-08-01,LNGN0361,terminal,0,0,0,0,0.0,0,0.0
2023-08-01,LNGN0362,terminal,0,0,0,0,0.0,0,0.0
2023-08-01,LNGN0363,terminal,0,0,0,0,0.0,0,0.0
2023-08-01,LNGN0364,terminal,0,0,0,0,0.0,0,0.0
2023-08-01,LNGN0372,terminal,0,0,0,0,0.0,0,0.0
2023-08-01,LNGN0374,terminal,1,3,0,0,0.0,3,1.0
2023-08-01,LNGN0378,terminal,1,2,1,2,1.0,0,0.0
2023-08-01,LNGN0381,terminal,1,3,0,0,0.0,3,1.0
2023-08-01,LNGN0382,terminal,0,0,0,0,0.0,0,0.0
2023-08-01,LNGN0385,terminal,0,0,0,0,0.0,0,0.0
2023-08-01,LNGN0391,terminal,0,0,0,0,0.0,0,0.0
2023-08-01,LNGN0398,terminal,1,1,0,1,1.0,0,0.0
2023-08-01,LNGN0405,terminal,1,1,0,1,1.0,0,0.0
2023-08-01,LNGN0421,terminal,1,1,0,1,1.0,0,0.0
2023-08-01,LNGN0423,terminal,1,2,0,0,0.0,2,1.0
2023-08-01,LNGN0425,terminal,0,0,0,0,0.0,0,0.0
2023-08-01,LNGN0426,terminal,1,1,0,1,1.0,0,0.0
2023-08-01,LNGN0427,terminal,1,1,0,1,1.0,0,0.0
2023-08-01,LNGN0428,terminal,0,0,0,0,0.0,0,0.0
2023-08-01,LNGN0429,terminal,0,0,0,0,0.0,0,0.0
2023-08-01,LNGN0435,terminal,1,2,1,2,1.0,0,0.0
2023-08-01,LNGN0437,terminal,1,1,0,1,1.0,0,0.0
2023-08-01,LNGN0441,terminal,1,2,0,0,0.0,2,1.0
2023-08-01,LNGN0442,terminal,1,2,0,0,0.0,2,1.0
2023-08-01,LNGN0447,terminal,0,0,0,0,0.0,0,0.0
2023-08-01,LNGN0449,terminal,1,1,0,1,1.0,0,0.0
2023-08-01,LNGN0452,terminal,1,5,0,0,0.0,1,0.2
2023-08-01,LNGN0453,terminal,1,1,0,1,1.0,0,0.0
2023-08-01,LNGN0460,terminal,1,3,0,0,0.0,3,1.0
2023-08-01,LNGN0463,terminal,1,1,0,1,1.0,0,0.0
2023-08-01,LNGN0464,terminal,1,3,0,0,0.0,0,0.0
2023-08-01,LNGN0472,terminal,1,2,0,0,0.0,0,0.0
2023-08-01,LNGN0473,terminal,0,0,0,0,0.0,0,0.0
2023-08-01,LNGN0474,terminal,1,1,0,1,1.0,0,0.0
2023-09-01,CP001,chokepoint,1,5,0,0,0.0,1,0.2
2023-09-01,CP002,chokepoint,1,10,1,4,0.4,6,0.6
2023-09-01,CP004,chokepoint,1,3,0,0,0.0,1,0.3333333333333333
2023-09-01,CP005,chokepoint,1,13,1,4,0.3076923076923077,2,0.15384615384615385
2023-09-01,CP006,chokepoint,1,11,1,6,0.5454545454545454,0,0.0
2023-09-01,CP007,chokepoint,1,5,0,0,0.0,3,0.6
2023-09-01,CP008,chokepoint,1,24,1,5,0.20833333333333334,0,0.0
2023-09-01,CP009,chokepoint,1,19,1,3,0.15789473684210525,1,0.05263157894736842
2023-09-01,CP010,chokepoint,1,9,1,4,0.4444444444444444,0,0.0
2023-09-01,CP011,chokepoint,1,14,1,4,0.2857142857142857,4,0.2857142857142857
2023-09-01,CP012,chokepoint,1,7,1,1,0.14285714285714285,2,0.2857142857142857
2023-09-01,CP013,chokepoint,1,6,1,2,0.3333333333333333,2,0.3333333333333333
2023-09-01,CP014,chokepoint,1,7,1,1,0.14285714285714285,4,0.5714285714285714
2023-09-01,CP015,chokepoint,1,6,1,1,0.16666666666666666,5,0.8333333333333334
2023-09-01,CP016,chokepoint,1,9,1,3,0.3333333333333333,4,0.4444444444444444
2023-09-01,CP017,chokepoint,1,4,1,2,0.5,0,0.0
2023-09-01,CP018,chokepoint,1,2,0,0,0.0,2,1.0
2023-09-01,CP019,chokepoint,1,2,0,0,0.0,2,1.0
2023-09-01,CP020,chokepoint,1,4,1,1,0.25,3,0.75
2023-09-01,CP021,chokepoint,0,0,0,0,0.0,0,0.0
2023-09-01,CP022,chokepoint,1,6,1,1,0.16666666666666666,5,0.8333333333333334
2023-09-01,CP023,chokepoint,0,0,0,0,0.0,0,0.0
2023-09-01,CP024,chokepoint,1,4,1,1,0.25,1,0.25
2023-09-01,CP027,chokepoint,1,5,0,0,0.0,5,1.0
2023-09-01,LNGN0004,terminal,0,0,0,0,0.0,0,0.0
2023-09-01,LNGN0006,terminal,0,0,0,0,0.0,0,0.0
2023-09-01,LNGN0008,terminal,1,2,0,0,0.0,0,0.0
2023-09-01,LNGN0013,terminal,0,0,0,0,0.0,0,0.0
2023-09-01,LNGN0017,terminal,0,0,0,0,0.0,0,0.0
2023-09-01,LNGN0025,terminal,1,1,0,1,1.0,0,0.0
2023-09-01,LNGN0026,terminal,1,6,1,1,0.16666666666666666,0,0.0
2023-09-01,LNGN0027,terminal,1,2,0,0,0.0,2,1.0
2023-09-01,LNGN0031,terminal,0,0,0,0,0.0,0,0.0
2023-09-01,LNGN0035,terminal,1,2,1,2,1.0,0,0.0
2023-09-01,LNGN0037,terminal,1,2,1,2,1.0,0,0.0
2023-09-01,LNGN0039,terminal,1,1,0,1,1.0,0,0.0
2023-09-01,LNGN0040,terminal,1,2,0,0,0.0,0,0.0
2023-09-01,LNGN0044,terminal,1,1,0,1,1.0,0,0.0
2023-09-01,LNGN0045,terminal,0,0,0,0,0.0,0,0.0
2023-09-01,LNGN0050,terminal,1,4,0,0,0.0,1,0.25
2023-09-01,LNGN0052,terminal,1,1,0,1,1.0,0,0.0
2023-09-01,LNGN0055,terminal,1,1,0,1,1.0,0,0.0
2023-09-01,LNGN0056,terminal,1,3,0,0,0.0,0,0.0
2023-09-01,LNGN0059,terminal,0,0,0,0,0.0,0,0.0
2023-09-01,LNGN0069,terminal,0,0,0,0,0.0,0,0.0
2023-09-01,LNGN0070,terminal,1,4,0,0,0.0,1,0.25
2023-09-01,LNGN0074,terminal,0,0,0,0,0.0,0,0.0
2023-09-01,LNGN0075,terminal,0,0,0,0,0.0,0,0.0
2023-09-01,LNGN0076,terminal,0,0,0,0,0.0,0,0.0
2023-09-01,LNGN0079,terminal,0,0,0,0,0.0,0,0.0
2023-09-01,LNGN0081,terminal,1,1,0,1,1.0,0,0.0
2023-09-01,LNGN0083,terminal,1,1,0,1,1.0,0,0.0
2023-09-01,LNGN0085,terminal,1,2,1,2,1.0,0,0.0
2023-09-01,LNGN0087,terminal,0,0,0,0,0.0,0,0.0
2023-09-01,LNGN0097,terminal,1,1,0,1,1.0,0,0.0
2023-09-01,LNGN0098,terminal,0,0,0,0,0.0,0,0.0
2023-09-01,LNGN0100,terminal,1,1,0,1,1.0,0,0.0
2023-09-01,LNGN0101,terminal,1,1,0,1,1.0,0,0.0
2023-09-01,LNGN0102,terminal,0,0,0,0,0.0,0,0.0
2023-09-01,LNGN0103,terminal,0,0,0,0,0.0,0,0.0
2023-09-01,LNGN0108,terminal,0,0,0,0,0.0,0,0.0
2023-09-01,LNGN0109,terminal,1,1,0,1,1.0,0,0.0
2023-09-01,LNGN0112,terminal,0,0,0,0,0.0,0,0.0
2023-09-01,LNGN0115,terminal,0,0,0,0,0.0,0,0.0
2023-09-01,LNGN0121,terminal,1,4,0,0,0.0,0,0.0
2023-09-01,LNGN0122,terminal,0,0,0,0,0.0,0,0.0
2023-09-01,LNGN0124,terminal,1,4,0,0,0.0,1,0.25
2023-09-01,LNGN0130,terminal,1,1,0,1,1.0,0,0.0
2023-09-01,LNGN0132,terminal,1,3,0,0,0.0,0,0.0
2023-09-01,LNGN0136,terminal,1,1,0,1,1.0,0,0.0
2023-09-01,LNGN0138,terminal,0,0,0,0,0.0,0,0.0
2023-09-01,LNGN0142,terminal,1,2,0,0,0.0,2,1.0
2023-09-01,LNGN0143,terminal,1,1,0,1,1.0,0,0.0
2023-09-01,LNGN0144,terminal,1,2,0,0,0.0,0,0.0
2023-09-01,LNGN0148,terminal,0,0,0,0,0.0,0,0.0
2023-09-01,LNGN0150,terminal,0,0,0,0,0.0,0,0.0
2023-09-01,LNGN0156,terminal,0,0,0,0,0.0,0,0.0
2023-09-01,LNGN0163,terminal,0,0,0,0,0.0,0,0.0
2023-09-01,LNGN0164,terminal,1,1,0,1,1.0,0,0.0
2023-09-01,LNGN0165,terminal,0,0,0,0,0.0,0,0.0
2023-09-01,LNGN0166,terminal,1,6,1,1,0.16666666666666666,0,0.0
2023-09-01,LNGN0168,terminal,1,1,0,1,1.0,0,0.0
2023-09-01,LNGN0170,terminal,0,0,0,0,0.0,0,0.0
2023-09-01,LNGN0173,terminal,1,1,0,1,1.0,0,0.0
2023-09-01,LNGN0174,terminal,0,0,0,0,0.0,0,0.0
2023-09-01,LNGN0175,terminal,0,0,0,0,0.0,0,0.0
2023-09-01,LNGN0176,terminal,0,0,0,0,0.0,0,0.0
2023-09-01,LNGN0178,terminal,1,1,0,1,1.0,0,0.0
2023-09-01,LNGN0180,terminal,0,0,0,0,0.0,0,0.0
2023-09-01,LNGN0181,terminal,1,2,0,0,0.0,2,1.0
2023-09-01,LNGN0182,terminal,1,1,0,1,1.0,0,0.0
2023-09-01,LNGN0186,terminal,1,1,0,1,1.0,0,0.0
2023-09-01,LNGN0190,terminal,0,0,0,0,0.0,0,0.0
2023-09-01,LNGN0191,terminal,1,1,0,1,1.0,0,0.0
2023-09-01,LNGN0195,terminal,1,1,0,1,1.0,0,0.0
2023-09-01,LNGN0199,terminal,1,1,0,1,1.0,0,0.0
2023-09-01,LNGN0206,terminal,1,1,0,1,1.0,0,0.0
2023-09-01,LNGN0207,terminal,1,1,0,1,1.0,0,0.0
2023-09-01,LNGN0208,terminal,1,1,0,1,1.0,0,0.0
2023-09-01,LNGN0210,terminal,1,2,0,0,0.0,0,0.0
2023-09-01,LNGN0212,terminal,0,0,0,0,0.0,0,0.0
2023-09-01,LNGN0219,terminal,0,0,0,0,0.0,0,0.0
2023-09-01,LNGN0222,terminal,0,0,0,0,0.0,0,0.0
2023-09-01,LNGN0230,terminal,1,3,0,0,0.0,1,0.3333333333333333
2023-09-01,LNGN0232,terminal,1,1,0,1,1.0,0,0.0
2023-09-01,LNGN0237,terminal,1,1,0,1,1.0,0,0.0
2023-09-01,LNGN0238,terminal,0,0,0,0,0.0,0,0.0
2023-09-01,LNGN0241,terminal,0,0,0,0,0.0,0,0.0
2023-09-01,LNGN0243,terminal,0,0,0,0,0.0,0,0.0
2023-09-01,LNGN0244,terminal,1,2,0,0,0.0,0,0.0
2023-09-01,LNGN0248,terminal,1,1,0,1,1.0,0,0.0
2023-09-01,LNGN0250,terminal,0,0,0,0,0.0,0,0.0
2023-09-01,LNGN0251,terminal,1,1,0,1,1.0,0,0.0
2023-09-01,LNGN0253,terminal,0,0,0,0,0.0,0,0.0
2023-09-01,LNGN0258,terminal,0,0,0,0,0.0,0,0.0
2023-09-01,LNGN0261,terminal,1,6,1,1,0.16666666666666666,1,0.16666666666666666
2023-09-01,LNGN0262,terminal,1,1,0,1,1.0,0,0.0
2023-09-01,LNGN0268,terminal,0,0,0,0,0.0,0,0.0
2023-09-01,LNGN0270,terminal,1,1,0,1,1.0,0,0.0
2023-09-01,LNGN0272,terminal,0,0,0,0,0.0,0,0.0
2023-09-01,LNGN0274,terminal,1,1,0,1,1.0,0,0.0
2023-09-01,LNGN0278,terminal,0,0,0,0,0.0,0,0.0
2023-09-01,LNGN0285,terminal,1,1,0,1,1.0,0,0.0
2023-09-01,LNGN0287,terminal,0,0,0,0,0.0,0,0.0
2023-09-01,LNGN0288,terminal,1,1,0,1,1.0,0,0.0
2023-09-01,LNGN0290,terminal,0,0,0,0,0.0,0,0.0
2023-09-01,LNGN0291,terminal,0,0,0,0,0.0,0,0.0
2023-09-01,LNGN0293,terminal,0,0,0,0,0.0,0,0.0
2023-09-01,LNGN0294,terminal,1,1,0,1,1.0,0,0.0
2023-09-01,LNGN0297,terminal,1,2,0,0,0.0,2,1.0
2023-09-01,LNGN0299,terminal,0,0,0,0,0.0,0,0.0
2023-09-01,LNGN0307,terminal,0,0,0,0,0.0,0,0.0
2023-09-01,LNGN0308,terminal,0,0,0,0,0.0,0,0.0
2023-09-01,LNGN0309,terminal,0,0,0,0,0.0,0,0.0
2023-09-01,LNGN0312,terminal,1,3,0,0,0.0,1,0.3333333333333333
2023-09-01,LNGN0314,terminal,1,2,0,0,0.0,0,0.0
2023-09-01,LNGN0319,terminal,0,0,0,0,0.0,0,0.0
2023-09-01,LNGN0322,terminal,1,4,1,1,0.25,3,0.75
2023-09-01,LNGN0324,terminal,1,1,0,1,1.0,0,0.0
2023-09-01,LNGN0328,terminal,1,2,0,0,0.0,0,0.0
2023-09-01,LNGN0331,terminal,1,1,0,1,1.0,0,0.0
2023-09-01,LNGN0334,terminal,0,0,0,0,0.0,0,0.0
2023-09-01,LNGN0344,terminal,0,0,0,0,0.0,0,0.0
2023-09-01,LNGN0345,terminal,1,8,0,0,0.0,1,0.125
2023-09-01,LNGN0347,terminal,1,2,0,0,0.0,0,0.0
2023-09-01,LNGN0348,terminal,0,0,0,0,0.0,0,0.0
2023-09-01,LNGN0351,terminal,1,1,0,1,1.0,0,0.0
2023-09-01,LNGN0354,terminal,0,0,0,0,0.0,0,0.0
2023-09-01,LNGN0359,terminal,1,1,0,1,1.0,0,0.0
2023-09-01,LNGN0361,terminal,0,0,0,0,0.0,0,0.0
2023-09-01,LNGN0362,terminal,0,0,0,0,0.0,0,0.0
2023-09-01,LNGN0363,terminal,1,1,0,1,1.0,0,0.0
2023-09-01,LNGN0364,terminal,0,0,0,0,0.0,0,0.0
2023-09-01,LNGN0372,terminal,0,0,0,0,0.0,0,0.0
2023-09-01,LNGN0374,terminal,1,5,0,0,0.0,0,0.0
2023-09-01,LNGN0378,terminal,1,5,1,1,0.2,0,0.0
2023-09-01,LNGN0381,terminal,1,4,0,0,0.0,4,1.0
2023-09-01,LNGN0382,terminal,0,0,0,0,0.0,0,0.0
2023-09-01,LNGN0385,terminal,1,3,0,0,0.0,0,0.0
2023-09-01,LNGN0391,terminal,0,0,0,0,0.0,0,0.0
2023-09-01,LNGN0398,terminal,1,1,0,1,1.0,0,0.0
2023-09-01,LNGN0405,terminal,1,1,0,1,1.0,0,0.0
2023-09-01,LNGN0421,terminal,1,1,0,1,1.0,0,0.0
2023-09-01,LNGN0423,terminal,1,3,1,1,0.3333333333333333,0,0.0
2023-09-01,LNGN0425,terminal,0,0,0,0,0.0,0,0.0
2023-09-01,LNGN0426,terminal,1,1,0,1,1.0,0,0.0
2023-09-01,LNGN0427,terminal,1,1,0,1,1.0,0,0.0
2023-09-01,LNGN0428,terminal,1,2,0,0,0.0,0,0.0
2023-09-01,LNGN0429,terminal,0,0,0,0,0.0,0,0.0
2023-09-01,LNGN0435,terminal,1,3,1,3,1.0,0,0.0
2023-09-01,LNGN0437,terminal,1,1,0,1,1.0,0,0.0
2023-09-01,LNGN0441,terminal,1,2,0,0,0.0,2,1.0
2023-09-01,LNGN0442,terminal,1,1,0,1,1.0,0,0.0
2023-09-01,LNGN0447,terminal,0,0,0,0,0.0,0,0.0
2023-09-01,LNGN0449,terminal,1,1,0,1,1.0,0,0.0
2023-09-01,LNGN0452,terminal,1,5,1,1,0.2,0,0.0
2023-09-01,LNGN0453,terminal,0,0,0,0,0.0,0,0.0
2023-09-01,LNGN0460,terminal,1,3,0,0,0.0,1,0.3333333333333333
2023-09-01,LNGN0463,terminal,1,2,0,0,0.0,2,1.0
2023-09-01,LNGN0464,terminal,1,3,0,0,0.0,0,0.0
2023-09-01,LNGN0472,terminal,0,0,0,0,0.0,0,0.0
2023-09-01,LNGN0473,terminal,1,1,0,1,1.0,0,0.0
2023-09-01,LNGN0474,terminal,1,1,0,1,1.0,0,0.0
2023-10-01,CP001,chokepoint,1,4,1,1,0.25,1,0.25
2023-10-01,CP002,chokepoint,1,9,1,3,0.3333333333333333,6,0.6666666666666666
2023-10-01,CP004,chokepoint,1,4,0,0,0.0,1,0.25
2023-10-01,CP005,chokepoint,1,12,1,5,0.4166666666666667,1,0.08333333333333333
2023-10-01,CP006,chokepoint,1,8,1,5,0.625,0,0.0
2023-10-01,CP007,chokepoint,1,4,1,1,0.25,3,0.75
2023-10-01,CP008,chokepoint,1,19,1,2,0.10526315789473684,1,0.05263157894736842
2023-10-01,CP009,chokepoint,1,17,1,3,0.17647058823529413,0,0.0
2023-10-01,CP010,chokepoint,1,7,1,3,0.42857142857142855,0,0.0
2023-10-01,CP011,chokepoint,1,17,1,4,0.23529411764705882,1,0.058823529411764705
2023-10-01,CP012,chokepoint,1,9,1,2,0.2222222222222222,1,0.1111111111111111
2023-10-01,CP013,chokepoint,1,2,0,0,0.0,2,1.0
2023-10-01,CP014,chokepoint,1,6,0,0,0.0,6,1.0
2023-10-01,CP015,chokepoint,1,7,1,2,0.2857142857142857,3,0.42857142857142855
2023-10-01,CP016,chokepoint,1,10,1,1,0.1,9,0.9
2023-10-01,CP017,chokepoint,1,4,1,2,0.5,0,0.0
2023-10-01,CP018,chokepoint,0,0,0,0,0.0,0,0.0
2023-10-01,CP019,chokepoint,1,4,0,0,0.0,2,0.5
2023-10-01,CP020,chokepoint,1,4,1,2,0.5,2,0.5
2023-10-01,CP021,chokepoint,0,0,0,0,0.0,0,0.0
2023-10-01,CP022,chokepoint,1,5,0,0,0.0,5,1.0
2023-10-01,CP023,chokepoint,0,0,0,0,0.0,0,0.0
2023-10-01,CP024,chokepoint,0,0,0,0,0.0,0,0.0
2023-10-01,CP027,chokepoint,1,5,0,0,0.0,2,0.4
2023-10-01,LNGN0004,terminal,0,0,0,0,0.0,0,0.0
2023-10-01,LNGN0006,terminal,0,0,0,0,0.0,0,0.0
2023-10-01,LNGN0008,terminal,1,1,0,1,1.0,0,0.0
2023-10-01,LNGN0013,terminal,0,0,0,0,0.0,0,0.0
2023-10-01,LNGN0017,terminal,0,0,0,0,0.0,0,0.0
2023-10-01,LNGN0025,terminal,0,0,0,0,0.0,0,0.0
2023-10-01,LNGN0026,terminal,1,8,1,1,0.125,0,0.0
2023-10-01,LNGN0027,terminal,1,2,0,0,0.0,2,1.0
2023-10-01,LNGN0031,terminal,0,0,0,0,0.0,0,0.0
2023-10-01,LNGN0035,terminal,1,2,0,0,0.0,0,0.0
2023-10-01,LNGN0037,terminal,1,3,0,0,0.0,0,0.0
2023-10-01,LNGN0039,terminal,1,1,0,1,1.0,0,0.0
2023-10-01,LNGN0040,terminal,1,2,0,0,0.0,0,0.0
2023-10-01,LNGN0044,terminal,1,1,0,1,1.0,0,0.0
2023-10-01,LNGN0045,terminal,0,0,0,0,0.0,0,0.0
2023-10-01,LNGN0050,terminal,1,5,0,0,0.0,1,0.2
2023-10-01,LNGN0052,terminal,1,1,0,1,1.0,0,0.0
2023-10-01,LNGN0055,terminal,0,0,0,0,0.0,0,0.0
2023-10-01,LNGN0056,terminal,1,2,0,0,0.0,2,1.0
2023-10-01,LNGN0059,terminal,1,1,0,1,1.0,0,0.0
2023-10-01,LNGN0069,terminal,0,0,0,0,0.0,0,0.0
2023-10-01,LNGN0070,terminal,1,6,1,1,0.16666666666666666,2,0.3333333333333333
2023-10-01,LNGN0074,terminal,0,0,0,0,0.0,0,0.0
2023-10-01,LNGN0075,terminal,0,0,0,0,0.0,0,0.0
2023-10-01,LNGN0076,terminal,0,0,0,0,0.0,0,0.0
2023-10-01,LNGN0079,terminal,0,0,0,0,0.0,0,0.0
2023-10-01,LNGN0081,terminal,1,2,0,0,0.0,0,0.0
2023-10-01,LNGN0083,terminal,0,0,0,0,0.0,0,0.0
2023-10-01,LNGN0085,terminal,1,1,0,1,1.0,0,0.0
2023-10-01,LNGN0087,terminal,0,0,0,0,0.0,0,0.0
2023-10-01,LNGN0097,terminal,1,1,0,1,1.0,0,0.0
2023-10-01,LNGN0098,terminal,1,1,0,1,1.0,0,0.0
2023-10-01,LNGN0100,terminal,1,1,0,1,1.0,0,0.0
2023-10-01,LNGN0101,terminal,0,0,0,0,0.0,0,0.0
2023-10-01,LNGN0102,terminal,1,1,0,1,1.0,0,0.0
2023-10-01,LNGN0103,terminal,1,1,0,1,1.0,0,0.0
2023-10-01,LNGN0108,terminal,1,1,0,1,1.0,0,0.0
2023-10-01,LNGN0109,terminal,0,0,0,0,0.0,0,0.0
2023-10-01,LNGN0112,terminal,0,0,0,0,0.0,0,0.0
2023-10-01,LNGN0115,terminal,0,0,0,0,0.0,0,0.0
2023-10-01,LNGN0121,terminal,1,4,0,0,0.0,1,0.25
2023-10-01,LNGN0122,terminal,0,0,0,0,0.0,0,0.0
2023-10-01,LNGN0124,terminal,1,5,0,0,0.0,1,0.2
2023-10-01,LNGN0130,terminal,1,1,0,1,1.0,0,0.0
2023-10-01,LNGN0132,terminal,1,3,0,0,0.0,0,0.0
2023-10-01,LNGN0136,terminal,1,1,0,1,1.0,0,0.0
2023-10-01,LNGN0138,terminal,0,0,0,0,0.0,0,0.0
2023-10-01,LNGN0142,terminal,1,1,0,1,1.0,0,0.0
2023-10-01,LNGN0143,terminal,0,0,0,0,0.0,0,0.0
2023-10-01,LNGN0144,terminal,1,2,0,0,0.0,0,0.0
2023-10-01,LNGN0148,terminal,0,0,0,0,0.0,0,0.0
2023-10-01,LNGN0150,terminal,0,0,0,0,0.0,0,0.0
2023-10-01,LNGN0156,terminal,1,1,0,1,1.0,0,0.0
2023-10-01,LNGN0163,terminal,1,1,0,1,1.0,0,0.0
2023-10-01,LNGN0164,terminal,0,0,0,0,0.0,0,0.0
2023-10-01,LNGN0165,terminal,0,0,0,0,0.0,0,0.0
2023-10-01,LNGN0166,terminal,1,3,0,0,0.0,0,0.0
2023-10-01,LNGN0168,terminal,1,3,0,0,0.0,1,0.3333333333333333
2023-10-01,LNGN0170,terminal,1,2,0,0,0.0,2,1.0
2023-10-01,LNGN0173,terminal,1,2,0,0,0.0,2,1.0
2023-10-01,LNGN0174,terminal,0,0,0,0,0.0,0,0.0
2023-10-01,LNGN0175,terminal,1,1,0,1,1.0,0,0.0
2023-10-01,LNGN0176,terminal,0,0,0,0,0.0,0,0.0
2023-10-01,LNGN0178,terminal,1,2,0,0,0.0,2,1.0
2023-10-01,LNGN0180,terminal,0,0,0,0,0.0,0,0.0
2023-10-01,LNGN0181,terminal,1,2,0,0,0.0,0,0.0
2023-10-01,LNGN0182,terminal,1,1,0,1,1.0,0,0.0
2023-10-01,LNGN0186,terminal,0,0,0,0,0.0,0,0.0
2023-10-01,LNGN0190,terminal,0,0,0,0,0.0,0,0.0
2023-10-01,LNGN0191,terminal,1,1,0,1,1.0,0,0.0
2023-10-01,LNGN0195,terminal,1,3,0,0,0.0,0,0.0
2023-10-01,LNGN0199,terminal,0,0,0,0,0.0,0,0.0
2023-10-01,LNGN0206,terminal,0,0,0,0,0.0,0,0.0
2023-10-01,LNGN0207,terminal,1,1,0,1,1.0,0,0.0
2023-10-01,LNGN0208,terminal,1,2,1,2,1.0,0,0.0
2023-10-01,LNGN0210,terminal,1,1,0,1,1.0,0,0.0
2023-10-01,LNGN0212,terminal,0,0,0,0,0.0,0,0.0
2023-10-01,LNGN0219,terminal,1,1,0,1,1.0,0,0.0
2023-10-01,LNGN0222,terminal,1,1,0,1,1.0,0,0.0
2023-10-01,LNGN0230,terminal,1,3,0,0,0.0,0,0.0
2023-10-01,LNGN0232,terminal,1,2,0,0,0.0,0,0.0
2023-10-01,LNGN0237,terminal,1,1,0,1,1.0,0,0.0
2023-10-01,LNGN0238,terminal,1,1,0,1,1.0,0,0.0
2023-10-01,LNGN0241,terminal,0,0,0,0,0.0,0,0.0
2023-10-01,LNGN0243,terminal,0,0,0,0,0.0,0,0.0
2023-10-01,LNGN0244,terminal,1,3,0,0,0.0,0,0.0
2023-10-01,LNGN0248,terminal,1,1,0,1,1.0,0,0.0
2023-10-01,LNGN0250,terminal,0,0,0,0,0.0,0,0.0
2023-10-01,LNGN0251,terminal,0,0,0,0,0.0,0,0.0
2023-10-01,LNGN0253,terminal,0,0,0,0,0.0,0,0.0
2023-10-01,LNGN0258,terminal,0,0,0,0,0.0,0,0.0
2023-10-01,LNGN0261,terminal,1,6,0,0,0.0,3,0.5
2023-10-01,LNGN0262,terminal,0,0,0,0,0.0,0,0.0
2023-10-01,LNGN0268,terminal,1,1,0,1,1.0,0,0.0
2023-10-01,LNGN0270,terminal,1,3,0,0,0.0,3,1.0
2023-10-01,LNGN0272,terminal,0,0,0,0,0.0,0,0.0
2023-10-01,LNGN0274,terminal,1,1,0,1,1.0,0,0.0
2023-10-01,LNGN0278,terminal,1,1,0,1,1.0,0,0.0
2023-10-01,LNGN0285,terminal,1,1,0,1,1.0,0,0.0
2023-10-01,LNGN0287,terminal,0,0,0,0,0.0,0,0.0
2023-10-01,LNGN0288,terminal,0,0,0,0,0.0,0,0.0
2023-10-01,LNGN0290,terminal,1,1,0,1,1.0,0,0.0
2023-10-01,LNGN0291,terminal,0,0,0,0,0.0,0,0.0
2023-10-01,LNGN0293,terminal,0,0,0,0,0.0,0,0.0
2023-10-01,LNGN0294,terminal,1,2,0,0,0.0,0,0.0
2023-10-01,LNGN0297,terminal,1,2,0,0,0.0,2,1.0
2023-10-01,LNGN0299,terminal,0,0,0,0,0.0,0,0.0
2023-10-01,LNGN0307,terminal,0,0,0,0,0.0,0,0.0
2023-10-01,LNGN0308,terminal,1,1,0,1,1.0,0,0.0
2023-10-01,LNGN0309,terminal,1,1,0,1,1.0,0,0.0
2023-10-01,LNGN0312,terminal,0,0,0,0,0.0,0,0.0
2023-10-01,LNGN0314,terminal,1,3,0,0,0.0,1,0.3333333333333333
2023-10-01,LNGN0319,terminal,1,1,0,1,1.0,0,0.0
2023-10-01,LNGN0322,terminal,1,3,0,0,0.0,3,1.0
2023-10-01,LNGN0324,terminal,1,1,0,1,1.0,0,0.0
2023-10-01,LNGN0328,terminal,1,3,1,3,1.0,0,0.0
2023-10-01,LNGN0331,terminal,0,0,0,0,0.0,0,0.0
2023-10-01,LNGN0334,terminal,1,1,0,1,1.0,0,0.0
2023-10-01,LNGN0344,terminal,0,0,0,0,0.0,0,0.0
2023-10-01,LNGN0345,terminal,1,7,0,0,0.0,2,0.2857142857142857
2023-10-01,LNGN0347,terminal,1,3,0,0,0.0,1,0.3333333333333333
2023-10-01,LNGN0348,terminal,0,0,0,0,0.0,0,0.0
2023-10-01,LNGN0351,terminal,1,1,0,1,1.0,0,0.0
2023-10-01,LNGN0354,terminal,0,0,0,0,0.0,0,0.0
2023-10-01,LNGN0359,terminal,1,2,0,0,0.0,2,1.0
2023-10-01,LNGN0361,terminal,0,0,0,0,0.0,0,0.0
2023-10-01,LNGN0362,terminal,0,0,0,0,0.0,0,0.0
2023-10-01,LNGN0363,terminal,0,0,0,0,0.0,0,0.0
2023-10-01,LNGN0364,terminal,0,0,0,0,0.0,0,0.0
2023-10-01,LNGN0372,terminal,0,0,0,0,0.0,0,0.0
2023-10-01,LNGN0374,terminal,1,3,0,0,0.0,3,1.0
2023-10-01,LNGN0378,terminal,1,4,1,1,0.25,3,0.75
2023-10-01,LNGN0381,terminal,1,2,0,0,0.0,2,1.0
2023-10-01,LNGN0382,terminal,0,0,0,0,0.0,0,0.0
2023-10-01,LNGN0385,terminal,1,5,0,0,0.0,1,0.2
2023-10-01,LNGN0391,terminal,0,0,0,0,0.0,0,0.0
2023-10-01,LNGN0398,terminal,1,1,0,1,1.0,0,0.0
2023-10-01,LNGN0405,terminal,1,1,0,1,1.0,0,0.0
2023-10-01,LNGN0421,terminal,1,1,0,1,1.0,0,0.0
2023-10-01,LNGN0423,terminal,1,3,1,1,0.3333333333333333,2,0.6666666666666666
2023-10-01,LNGN0425,terminal,0,0,0,0,0.0,0,0.0
2023-10-01,LNGN0426,terminal,0,0,0,0,0.0,0,0.0
2023-10-01,LNGN0427,terminal,1,1,0,1,1.0,0,0.0
2023-10-01,LNGN0428,terminal,1,2,0,0,0.0,0,0.0
2023-10-01,LNGN0429,terminal,0,0,0,0,0.0,0,0.0
2023-10-01,LNGN0435,terminal,1,3,1,3,1.0,0,0.0
2023-10-01,LNGN0437,terminal,1,1,0,1,1.0,0,0.0
2023-10-01,LNGN0441,terminal,1,2,0,0,0.0,2,1.0
2023-10-01,LNGN0442,terminal,0,0,0,0,0.0,0,0.0
2023-10-01,LNGN0447,terminal,0,0,0,0,0.0,0,0.0
2023-10-01,LNGN0449,terminal,1,1,0,1,1.0,0,0.0
2023-10-01,LNGN0452,terminal,1,6,1,1,0.16666666666666666,1,0.16666666666666666
2023-10-01,LNGN0453,terminal,0,0,0,0,0.0,0,0.0
2023-10-01,LNGN0460,terminal,1,2,0,0,0.0,2,1.0
2023-10-01,LNGN0463,terminal,1,4,0,0,0.0,1,0.25
2023-10-01,LNGN0464,terminal,1,3,0,0,0.0,0,0.0
2023-10-01,LNGN0472,terminal,1,1,0,1,1.0,0,0.0
2023-10-01,LNGN0473,terminal,1,1,0,1,1.0,0,0.0
2023-10-01,LNGN0474,terminal,1,1,0,1,1.0,0,0.0
2023-11-01,CP001,chokepoint,1,8,1,1,0.125,1,0.125
2023-11-01,CP002,chokepoint,1,10,1,3,0.3,5,0.5
2023-11-01,CP004,chokepoint,1,4,0,0,0.0,1,0.25
2023-11-01,CP005,chokepoint,1,13,1,4,0.3076923076923077,4,0.3076923076923077
2023-11-01,CP006,chokepoint,1,8,1,4,0.5,2,0.25
2023-11-01,CP007,chokepoint,1,6,1,1,0.16666666666666666,5,0.8333333333333334
2023-11-01,CP008,chokepoint,1,22,1,3,0.13636363636363635,1,0.045454545454545456
2023-11-01,CP009,chokepoint,1,19,1,4,0.21052631578947367,0,0.0
2023-11-01,CP010,chokepoint,1,11,1,7,0.6363636363636364,0,0.0
2023-11-01,CP011,chokepoint,1,14,1,4,0.2857142857142857,1,0.07142857142857142
2023-11-01,CP012,chokepoint,1,8,0,0,0.0,1,0.125
2023-11-01,CP013,chokepoint,1,7,1,1,0.14285714285714285,3,0.42857142857142855
2023-11-01,CP014,chokepoint,1,6,0,0,0.0,6,1.0
2023-11-01,CP015,chokepoint,1,5,0,0,0.0,5,1.0
2023-11-01,CP016,chokepoint,1,12,1,4,0.3333333333333333,8,0.6666666666666666
2023-11-01,CP017,chokepoint,1,5,1,2,0.4,1,0.2
2023-11-01,CP018,chokepoint,0,0,0,0,0.0,0,0.0
2023-11-01,CP019,chokepoint,1,2,0,0,0.0,2,1.0
2023-11-01,CP020,chokepoint,1,4,1,2,0.5,2,0.5
2023-11-01,CP021,chokepoint,0,0,0,0,0.0,0,0.0
2023-11-01,CP022,chokepoint,1,6,1,1,0.16666666666666666,5,0.8333333333333334
2023-11-01,CP023,chokepoint,1,2,1,2,1.0,0,0.0
2023-11-01,CP024,chokepoint,1,2,0,0,0.0,2,1.0
2023-11-01,CP027,chokepoint,1,5,1,1,0.2,2,0.4
2023-11-01,LNGN0004,terminal,0,0,0,0,0.0,0,0.0
2023-11-01,LNGN0006,terminal,0,0,0,0,0.0,0,0.0
2023-11-01,LNGN0008,terminal,1,1,0,1,1.0,0,0.0
2023-11-01,LNGN0013,terminal,0,0,0,0,0.0,0,0.0
2023-11-01,LNGN0017,terminal,0,0,0,0,0.0,0,0.0
2023-11-01,LNGN0025,terminal,0,0,0,0,0.0,0,0.0
2023-11-01,LNGN0026,terminal,1,6,0,0,0.0,0,0.0
2023-11-01,LNGN0027,terminal,1,3,1,1,0.3333333333333333,0,0.0
2023-11-01,LNGN0031,terminal,0,0,0,0,0.0,0,0.0
2023-11-01,LNGN0035,terminal,1,3,0,0,0.0,1,0.3333333333333333
2023-11-01,LNGN0037,terminal,1,1,0,1,1.0,0,0.0
2023-11-01,LNGN0039,terminal,1,1,0,1,1.0,0,0.0
2023-11-01,LNGN0040,terminal,1,2,0,0,0.0,0,0.0
2023-11-01,LNGN0044,terminal,1,1,0,1,1.0,0,0.0
2023-11-01,LNGN0045,terminal,1,1,0,1,1.0,0,0.0
2023-11-01,LNGN0050,terminal,1,6,1,1,0.16666666666666666,1,0.16666666666666666
2023-11-01,LNGN0052,terminal,1,1,0,1,1.0,0,0.0
2023-11-01,LNGN0055,terminal,0,0,0,0,0.0,0,0.0
2023-11-01,LNGN0056,terminal,1,1,0,1,1.0,0,0.0
2023-11-01,LNGN0059,terminal,0,0,0,0,0.0,0,0.0
2023-11-01,LNGN0069,terminal,0,0,0,0,0.0,0,0.0
2023-11-01,LNGN0070,terminal,1,8,1,1,0.125,4,0.5
2023-11-01,LNGN0074,terminal,1,1,0,1,1.0,0,0.0
2023-11-01,LNGN0075,terminal,0,0,0,0,0.0,0,0.0
2023-11-01,LNGN0076,terminal,0,0,0,0,0.0,0,0.0
2023-11-01,LNGN0079,terminal,0,0,0,0,0.0,0,0.0
2023-11-01,LNGN0081,terminal,0,0,0,0,0.0,0,0.0
2023-11-01,LNGN0083,terminal,1,1,0,1,1.0,0,0.0
2023-11-01,LNGN0085,terminal,1,1,0,1,1.0,0,0.0
2023-11-01,LNGN0087,terminal,1,1,0,1,1.0,0,0.0
2023-11-01,LNGN0097,terminal,1,1,0,1,1.0,0,0.0
2023-11-01,LNGN0098,terminal,1,2,0,0,0.0,0,0.0
2023-11-01,LNGN0100,terminal,1,1,0,1,1.0,0,0.0
2023-11-01,LNGN0101,terminal,1,3,0,0,0.0,1,0.3333333333333333
2023-11-01,LNGN0102,terminal,1,1,0,1,1.0,0,0.0
2023-11-01,LNGN0103,terminal,1,3,0,0,0.0,1,0.3333333333333333
2023-11-01,LNGN0108,terminal,0,0,0,0,0.0,0,0.0
2023-11-01,LNGN0109,terminal,0,0,0,0,0.0,0,0.0
2023-11-01,LNGN0112,terminal,1,1,0,1,1.0,0,0.0
2023-11-01,LNGN0115,terminal,0,0,0,0,0.0,0,0.0
2023-11-01,LNGN0121,terminal,1,5,0,0,0.0,1,0.2
2023-11-01,LNGN0122,terminal,1,1,0,1,1.0,0,0.0
2023-11-01,LNGN0124,terminal,1,4,0,0,0.0,2,0.5
2023-11-01,LNGN0130,terminal,1,2,0,0,0.0,2,1.0
2023-11-01,LNGN0132,terminal,1,3,0,0,0.0,0,0.0
2023-11-01,LNGN0136,terminal,1,1,0,1,1.0,0,0.0
2023-11-01,LNGN0138,terminal,0,0,0,0,0.0,0,0.0
2023-11-01,LNGN0142,terminal,1,2,0,0,0.0,2,1.0
2023-11-01,LNGN0143,terminal,0,0,0,0,0.0,0,0.0
2023-11-01,LNGN0144,terminal,1,1,0,1,1.0,0,0.0
2023-11-01,LNGN0148,terminal,0,0,0,0,0.0,0,0.0
2023-11-01,LNGN0150,terminal,0,0,0,0,0.0,0,0.0
2023-11-01,LNGN0156,terminal,0,0,0,0,0.0,0,0.0
2023-11-01,LNGN0163,terminal,1,2,0,0,0.0,2,1.0
2023-11-01,LNGN0164,terminal,1,1,0,1,1.0,0,0.0
2023-11-01,LNGN0165,terminal,1,1,0,1,1.0,0,0.0
2023-11-01,LNGN0166,terminal,1,4,1,1,0.25,0,0.0
2023-11-01,LNGN0168,terminal,1,2,0,0,0.0,2,1.0
2023-11-01,LNGN0170,terminal,0,0,0,0,0.0,0,0.0
2023-11-01,LNGN0173,terminal,1,3,0,0,0.0,3,1.0
2023-11-01,LNGN0174,terminal,0,0,0,0,0.0,0,0.0
2023-11-01,LNGN0175,terminal,1,1,0,1,1.0,0,0.0
2023-11-01,LNGN0176,terminal,0,0,0,0,0.0,0,0.0
2023-11-01,LNGN0178,terminal,1,2,0,0,0.0,2,1.0
2023-11-01,LNGN0180,terminal,0,0,0,0,0.0,0,0.0
2023-11-01,LNGN0181,terminal,1,2,0,0,0.0,0,0.0
2023-11-01,LNGN0182,terminal,1,1,0,1,1.0,0,0.0
2023-11-01,LNGN0186,terminal,1,3,0,0,0.0,1,0.3333333333333333
2023-11-01,LNGN0190,terminal,0,0,0,0,0.0,0,0.0
2023-11-01,LNGN0191,terminal,0,0,0,0,0.0,0,0.0
2023-11-01,LNGN0195,terminal,1,3,0,0,0.0,0,0.0
2023-11-01,LNGN0199,terminal,1,1,0,1,1.0,0,0.0
2023-11-01,LNGN0206,terminal,1,1,0,1,1.0,0,0.0
2023-11-01,LNGN0207,terminal,1,1,0,1,1.0,0,0.0
2023-11-01,LNGN0208,terminal,1,1,0,1,1.0,0,0.0
2023-11-01,LNGN0210,terminal,1,1,0,1,1.0,0,0.0
2023-11-01,LNGN0212,terminal,0,0,0,0,0.0,0,0.0
2023-11-01,LNGN0219,terminal,0,0,0,0,0.0,0,0.0
2023-11-01,LNGN0222,terminal,0,0,0,0,0.0,0,0.0
2023-11-01,LNGN0230,terminal,1,1,0,1,1.0,0,0.0
2023-11-01,LNGN0232,terminal,1,2,0,0,0.0,0,0.0
2023-11-01,LNGN0237,terminal,0,0,0,0,0.0,0,0.0
2023-11-01,LNGN0238,terminal,1,1,0,1,1.0,0,0.0
2023-11-01,LNGN0241,terminal,0,0,0,0,0.0,0,0.0
2023-11-01,LNGN0243,terminal,0,0,0,0,0.0,0,0.0
2023-11-01,LNGN0244,terminal,1,4,0,0,0.0,0,0.0
2023-11-01,LNGN0248,terminal,1,1,0,1,1.0,0,0.0
2023-11-01,LNGN0250,terminal,0,0,0,0,0.0,0,0.0
2023-11-01,LNGN0251,terminal,0,0,0,0,0.0,0,0.0
2023-11-01,LNGN0253,terminal,0,0,0,0,0.0,0,0.0
2023-11-01,LNGN0258,terminal,1,1,0,1,1.0,0,0.0
2023-11-01,LNGN0261,terminal,1,6,0,0,0.0,3,0.5
2023-11-01,LNGN0262,terminal,0,0,0,0,0.0,0,0.0
2023-11-01,LNGN0268,terminal,1,1,0,1,1.0,0,0.0
2023-11-01,LNGN0270,terminal,1,2,0,0,0.0,2,1.0
2023-11-01,LNGN0272,terminal,1,1,0,1,1.0,0,0.0
2023-11-01,LNGN0274,terminal,1,2,0,0,0.0,0,0.0
2023-11-01,LNGN0278,terminal,1,1,0,1,1.0,0,0.0
2023-11-01,LNGN0285,terminal,1,2,0,0,0.0,2,1.0
2023-11-01,LNGN0287,terminal,0,0,0,0,0.0,0,0.0
2023-11-01,LNGN0288,terminal,1,1,0,1,1.0,0,0.0
2023-11-01,LNGN0290,terminal,1,1,0,1,1.0,0,0.0
2023-11-01,LNGN0291,terminal,0,0,0,0,0.0,0,0.0
2023-11-01,LNGN0293,terminal,0,0,0,0,0.0,0,0.0
2023-11-01,LNGN0294,terminal,1,2,0,0,0.0,0,0.0
2023-11-01,LNGN0297,terminal,1,2,0,0,0.0,2,1.0
2023-11-01,LNGN0299,terminal,0,0,0,0,0.0,0,0.0
2023-11-01,LNGN0307,terminal,0,0,0,0,0.0,0,0.0
2023-11-01,LNGN0308,terminal,1,1,0,1,1.0,0,0.0
2023-11-01,LNGN0309,terminal,1,2,0,0,0.0,2,1.0
2023-11-01,LNGN0312,terminal,1,2,0,0,0.0,2,1.0
2023-11-01,LNGN0314,terminal,1,2,1,2,1.0,0,0.0
2023-11-01,LNGN0319,terminal,1,1,0,1,1.0,0,0.0
2023-11-01,LNGN0322,terminal,1,1,0,1,1.0,0,0.0
2023-11-01,LNGN0324,terminal,0,0,0,0,0.0,0,0.0
2023-11-01,LNGN0328,terminal,1,2,1,2,1.0,0,0.0
2023-11-01,LNGN0331,terminal,0,0,0,0,0.0,0,0.0
2023-11-01,LNGN0334,terminal,1,1,0,1,1.0,0,0.0
2023-11-01,LNGN0344,terminal,0,0,0,0,0.0,0,0.0
2023-11-01,LNGN0345,terminal,1,4,0,0,0.0,2,0.5
2023-11-01,LNGN0347,terminal,1,1,0,1,1.0,0,0.0
2023-11-01,LNGN0348,terminal,0,0,0,0,0.0,0,0.0
2023-11-01,LNGN0351,terminal,1,2,0,0,0.0,0,0.0
2023-11-01,LNGN0354,terminal,0,0,0,0,0.0,0,0.0
2023-11-01,LNGN0359,terminal,1,1,0,1,1.0,0,0.0
2023-11-01,LNGN0361,terminal,0,0,0,0,0.0,0,0.0
2023-11-01,LNGN0362,terminal,0,0,0,0,0.0,0,0.0
2023-11-01,LNGN0363,terminal,1,1,0,1,1.0,0,0.0
2023-11-01,LNGN0364,terminal,0,0,0,0,0.0,0,0.0
2023-11-01,LNGN0372,terminal,0,0,0,0,0.0,0,0.0
2023-11-01,LNGN0374,terminal,1,2,0,0,0.0,2,1.0
2023-11-01,LNGN0378,terminal,1,3,1,1,0.3333333333333333,2,0.6666666666666666
2023-11-01,LNGN0381,terminal,1,2,0,0,0.0,2,1.0
2023-11-01,LNGN0382,terminal,0,0,0,0,0.0,0,0.0
2023-11-01,LNGN0385,terminal,1,5,0,0,0.0,5,1.0
2023-11-01,LNGN0391,terminal,0,0,0,0,0.0,0,0.0
2023-11-01,LNGN0398,terminal,1,1,0,1,1.0,0,0.0
2023-11-01,LNGN0405,terminal,0,0,0,0,0.0,0,0.0
2023-11-01,LNGN0421,terminal,1,1,0,1,1.0,0,0.0
2023-11-01,LNGN0423,terminal,1,2,0,0,0.0,2,1.0
2023-11-01,LNGN0425,terminal,1,1,0,1,1.0,0,0.0
2023-11-01,LNGN0426,terminal,1,2,0,0,0.0,0,0.0
2023-11-01,LNGN0427,terminal,1,1,0,1,1.0,0,0.0
2023-11-01,LNGN0428,terminal,0,0,0,0,0.0,0,0.0
2023-11-01,LNGN0429,terminal,0,0,0,0,0.0,0,0.0
2023-11-01,LNGN0435,terminal,1,2,1,2,1.0,0,0.0
2023-11-01,LNGN0437,terminal,1,2,0,0,0.0,0,0.0
2023-11-01,LNGN0441,terminal,1,2,0,0,0.0,2,1.0
2023-11-01,LNGN0442,terminal,1,2,0,0,0.0,0,0.0
2023-11-01,LNGN0447,terminal,0,0,0,0,0.0,0,0.0
2023-11-01,LNGN0449,terminal,1,1,0,1,1.0,0,0.0
2023-11-01,LNGN0452,terminal,1,5,1,1,0.2,0,0.0
2023-11-01,LNGN0453,terminal,0,0,0,0,0.0,0,0.0
2023-11-01,LNGN0460,terminal,1,1,0,1,1.0,0,0.0
2023-11-01,LNGN0463,terminal,1,1,0,1,1.0,0,0.0
2023-11-01,LNGN0464,terminal,1,3,0,0,0.0,0,0.0
2023-11-01,LNGN0472,terminal,0,0,0,0,0.0,0,0.0
2023-11-01,LNGN0473,terminal,1,1,0,1,1.0,0,0.0
2023-11-01,LNGN0474,terminal,1,1,0,1,1.0,0,0.0
2023-12-01,CP001,chokepoint,1,7,1,1,0.14285714285714285,1,0.14285714285714285
2023-12-01,CP002,chokepoint,1,7,1,2,0.2857142857142857,5,0.7142857142857143
2023-12-01,CP004,chokepoint,1,6,1,2,0.3333333333333333,1,0.16666666666666666
2023-12-01,CP005,chokepoint,1,11,1,2,0.18181818181818182,2,0.18181818181818182
2023-12-01,CP006,chokepoint,1,9,1,3,0.3333333333333333,3,0.3333333333333333
2023-12-01,CP007,chokepoint,1,5,1,2,0.4,3,0.6
2023-12-01,CP008,chokepoint,1,21,1,2,0.09523809523809523,1,0.047619047619047616
2023-12-01,CP009,chokepoint,1,18,1,5,0.2777777777777778,1,0.05555555555555555
2023-12-01,CP010,chokepoint,1,11,1,6,0.5454545454545454,0,0.0
2023-12-01,CP011,chokepoint,1,17,1,7,0.4117647058823529,2,0.11764705882352941
2023-12-01,CP012,chokepoint,1,7,1,2,0.2857142857142857,1,0.14285714285714285
2023-12-01,CP013,chokepoint,1,6,1,2,0.3333333333333333,2,0.3333333333333333
2023-12-01,CP014,chokepoint,1,6,0,0,0.0,6,1.0
2023-12-01,CP015,chokepoint,1,9,1,3,0.3333333333333333,4,0.4444444444444444
2023-12-01,CP016,chokepoint,1,10,1,5,0.5,5,0.5
2023-12-01,CP017,chokepoint,1,4,1,4,1.0,0,0.0
2023-12-01,CP018,chokepoint,0,0,0,0,0.0,0,0.0
2023-12-01,CP019,chokepoint,1,5,1,1,0.2,2,0.4
2023-12-01,CP020,chokepoint,1,4,1,2,0.5,2,0.5
2023-12-01,CP021,chokepoint,0,0,0,0,0.0,0,0.0
2023-12-01,CP022,chokepoint,1,6,1,1,0.16666666666666666,5,0.8333333333333334
2023-12-01,CP023,chokepoint,1,2,0,0,0.0,2,1.0
2023-12-01,CP024,chokepoint,0,0,0,0,0.0,0,0.0
2023-12-01,CP027,chokepoint,1,5,0,0,0.0,3,0.6
2023-12-01,LNGN0004,terminal,0,0,0,0,0.0,0,0.0
2023-12-01,LNGN0006,terminal,0,0,0,0,0.0,0,0.0
2023-12-01,LNGN0008,terminal,1,1,0,1,1.0,0,0.0
2023-12-01,LNGN0013,terminal,0,0,0,0,0.0,0,0.0
2023-12-01,LNGN0017,terminal,0,0,0,0,0.0,0,0.0
2023-12-01,LNGN0025,terminal,0,0,0,0,0.0,0,0.0
2023-12-01,LNGN0026,terminal,1,7,0,0,0.0,0,0.0
2023-12-01,LNGN0027,terminal,1,5,1,3,0.6,2,0.4
2023-12-01,LNGN0031,terminal,0,0,0,0,0.0,0,0.0
2023-12-01,LNGN0035,terminal,0,0,0,0,0.0,0,0.0
2023-12-01,LNGN0037,terminal,1,1,0,1,1.0,0,0.0
2023-12-01,LNGN0039,terminal,1,1,0,1,1.0,0,0.0
2023-12-01,LNGN0040,terminal,1,1,0,1,1.0,0,0.0
2023-12-01,LNGN0044,terminal,1,1,0,1,1.0,0,0.0
2023-12-01,LNGN0045,terminal,1,1,0,1,1.0,0,0.0
2023-12-01,LNGN0050,terminal,1,6,1,1,0.16666666666666666,1,0.16666666666666666
2023-12-01,LNGN0052,terminal,1,1,0,1,1.0,0,0.0
2023-12-01,LNGN0055,terminal,1,1,0,1,1.0,0,0.0
2023-12-01,LNGN0056,terminal,1,3,0,0,0.0,1,0.3333333333333333
2023-12-01,LNGN0059,terminal,1,1,0,1,1.0,0,0.0
2023-12-01,LNGN0069,terminal,0,0,0,0,0.0,0,0.0
2023-12-01,LNGN0070,terminal,1,7,0,0,0.0,3,0.42857142857142855
2023-12-01,LNGN0074,terminal,0,0,0,0,0.0,0,0.0
2023-12-01,LNGN0075,terminal,0,0,0,0,0.0,0,0.0
2023-12-01,LNGN0076,terminal,1,2,0,0,0.0,2,1.0
2023-12-01,LNGN0079,terminal,1,1,0,1,1.0,0,0.0
2023-12-01,LNGN0081,terminal,1,1,0,1,1.0,0,0.0
2023-12-01,LNGN0083,terminal,0,0,0,0,0.0,0,0.0
2023-12-01,LNGN0085,terminal,1,2,0,0,0.0,2,1.0
2023-12-01,LNGN0087,terminal,0,0,0,0,0.0,0,0.0
2023-12-01,LNGN0097,terminal,1,1,0,1,1.0,0,0.0
2023-12-01,LNGN0098,terminal,1,2,0,0,0.0,0,0.0
2023-12-01,LNGN0100,terminal,1,1,0,1,1.0,0,0.0
2023-12-01,LNGN0101,terminal,1,3,1,1,0.3333333333333333,0,0.0
2023-12-01,LNGN0102,terminal,0,0,0,0,0.0,0,0.0
2023-12-01,LNGN0103,terminal,1,2,0,0,0.0,2,1.0
2023-12-01,LNGN0108,terminal,1,1,0,1,1.0,0,0.0
2023-12-01,LNGN0109,terminal,0,0,0,0,0.0,0,0.0
2023-12-01,LNGN0112,terminal,1,1,0,1,1.0,0,0.0
2023-12-01,LNGN0115,terminal,0,0,0,0,0.0,0,0.0
2023-12-01,LNGN0121,terminal,1,4,0,0,0.0,1,0.25
2023-12-01,LNGN0122,terminal,1,1,0,1,1.0,0,0.0
2023-12-01,LNGN0124,terminal,1,5,0,0,0.0,1,0.2
2023-12-01,LNGN0130,terminal,1,2,0,0,0.0,2,1.0
2023-12-01,LNGN0132,terminal,1,3,0,0,0.0,0,0.0
2023-12-01,LNGN0136,terminal,1,1,0,1,1.0,0,0.0
2023-12-01,LNGN0138,terminal,0,0,0,0,0.0,0,0.0
2023-12-01,LNGN0142,terminal,1,2,0,0,0.0,2,1.0
2023-12-01,LNGN0143,terminal,0,0,0,0,0.0,0,0.0
2023-12-01,LNGN0144,terminal,1,1,0,1,1.0,0,0.0
2023-12-01,LNGN0148,terminal,0,0,0,0,0.0,0,0.0
2023-12-01,LNGN0150,terminal,1,1,0,1,1.0,0,0.0
2023-12-01,LNGN0156,terminal,0,0,0,0,0.0,0,0.0
2023-12-01,LNGN0163,terminal,0,0,0,0,0.0,0,0.0
2023-12-01,LNGN0164,terminal,0,0,0,0,0.0,0,0.0
2023-12-01,LNGN0165,terminal,0,0,0,0,0.0,0,0.0
2023-12-01,LNGN0166,terminal,1,4,0,0,0.0,2,0.5
2023-12-01,LNGN0168,terminal,1,2,0,0,0.0,0,0.0
2023-12-01,LNGN0170,terminal,1,1,0,1,1.0,0,0.0
2023-12-01,LNGN0173,terminal,1,2,0,0,0.0,2,1.0
2023-12-01,LNGN0174,terminal,0,0,0,0,0.0,0,0.0
2023-12-01,LNGN0175,terminal,1,2,0,0,0.0,0,0.0
2023-12-01,LNGN0176,terminal,1,1,0,1,1.0,0,0.0
2023-12-01,LNGN0178,terminal,1,2,0,0,0.0,2,1.0
2023-12-01,LNGN0180,terminal,0,0,0,0,0.0,0,0.0
2023-12-01,LNGN0181,terminal,1,1,0,1,1.0,0,0.0
2023-12-01,LNGN0182,terminal,0,0,0,0,0.0,0,0.0
2023-12-01,LNGN0186,terminal,1,3,0,0,0.0,0,0.0
2023-12-01,LNGN0190,terminal,0,0,0,0,0.0,0,0.0
2023-12-01,LNGN0191,terminal,1,2,0,0,0.0,2,1.0
2023-12-01,LNGN0195,terminal,1,4,0,0,0.0,4,1.0
2023-12-01,LNGN0199,terminal,1,1,0,1,1.0,0,0.0
2023-12-01,LNGN0206,terminal,1,1,0,1,1.0,0,0.0
2023-12-01,LNGN0207,terminal,1,1,0,1,1.0,0,0.0
2023-12-01,LNGN0208,terminal,1,1,0,1,1.0,0,0.0
2023-12-01,LNGN0210,terminal,1,2,0,0,0.0,0,0.0
2023-12-01,LNGN0212,terminal,0,0,0,0,0.0,0,0.0
2023-12-01,LNGN0219,terminal,0,0,0,0,0.0,0,0.0
2023-12-01,LNGN0222,terminal,0,0,0,0,0.0,0,0.0
2023-12-01,LNGN0230,terminal,1,3,0,0,0.0,0,0.0
2023-12-01,LNGN0232,terminal,1,2,0,0,0.0,0,0.0
2023-12-01,LNGN0237,terminal,0,0,0,0,0.0,0,0.0
2023-12-01,LNGN0238,terminal,1,1,0,1,1.0,0,0.0
2023-12-01,LNGN0241,terminal,0,0,0,0,0.0,0,0.0
2023-12-01,LNGN0243,terminal,0,0,0,0,0.0,0,0.0
2023-12-01,LNGN0244,terminal,1,1,0,1,1.0,0,0.0
2023-12-01,LNGN0248,terminal,1,1,0,1,1.0,0,0.0
2023-12-01,LNGN0250,terminal,1,1,0,1,1.0,0,0.0
2023-12-01,LNGN0251,terminal,1,1,0,1,1.0,0,0.0
2023-12-01,LNGN0253,terminal,0,0,0,0,0.0,0,0.0
2023-12-01,LNGN0258,terminal,0,0,0,0,0.0,0,0.0
2023-12-01,LNGN0261,terminal,1,5,1,1,0.2,2,0.4
2023-12-01,LNGN0262,terminal,0,0,0,0,0.0,0,0.0
2023-12-01,LNGN0268,terminal,1,1,0,1,1.0,0,0.0
2023-12-01,LNGN0270,terminal,1,3,0,0,0.0,3,1.0
2023-12-01,LNGN0272,terminal,0,0,0,0,0.0,0,0.0
2023-12-01,LNGN0274,terminal,1,1,0,1,1.0,0,0.0
2023-12-01,LNGN0278,terminal,0,0,0,0,0.0,0,0.0
2023-12-01,LNGN0285,terminal,1,1,0,1,1.0,0,0.0
2023-12-01,LNGN0287,terminal,1,1,0,1,1.0,0,0.0
2023-12-01,LNGN0288,terminal,0,0,0,0,0.0,0,0.0
2023-12-01,LNGN0290,terminal,0,0,0,0,0.0,0,0.0
2023-12-01,LNGN0291,terminal,1,1,0,1,1.0,0,0.0
2023-12-01,LNGN0293,terminal,0,0,0,0,0.0,0,0.0
2023-12-01,LNGN0294,terminal,1,1,0,1,1.0,0,0.0
2023-12-01,LNGN0297,terminal,1,2,0,0,0.0,2,1.0
2023-12-01,LNGN0299,terminal,0,0,0,0,0.0,0,0.0
2023-12-01,LNGN0307,terminal,1,1,0,1,1.0,0,0.0
2023-12-01,LNGN0308,terminal,1,1,0,1,1.0,0,0.0
2023-12-01,LNGN0309,terminal,1,1,0,1,1.0,0,0.0
2023-12-01,LNGN0312,terminal,1,1,0,1,1.0,0,0.0
2023-12-01,LNGN0314,terminal,1,2,0,0,0.0,0,0.0
2023-12-01,LNGN0319,terminal,0,0,0,0,0.0,0,0.0
2023-12-01,LNGN0322,terminal,1,2,1,2,1.0,0,0.0
2023-12-01,LNGN0324,terminal,1,1,0,1,1.0,0,0.0
2023-12-01,LNGN0328,terminal,1,3,1,1,0.3333333333333333,2,0.6666666666666666
2023-12-01,LNGN0331,terminal,1,2,0,0,0.0,0,0.0
2023-12-01,LNGN0334,terminal,0,0,0,0,0.0,0,0.0
2023-12-01,LNGN0344,terminal,0,0,0,0,0.0,0,0.0
2023-12-01,LNGN0345,terminal,1,4,0,0,0.0,1,0.25
2023-12-01,LNGN0347,terminal,1,1,0,1,1.0,0,0.0
2023-12-01,LNGN0348,terminal,0,0,0,0,0.0,0,0.0
2023-12-01,LNGN0351,terminal,1,1,0,1,1.0,0,0.0
2023-12-01,LNGN0354,terminal,1,1,0,1,1.0,0,0.0
2023-12-01,LNGN0359,terminal,1,1,0,1,1.0,0,0.0
2023-12-01,LNGN0361,terminal,0,0,0,0,0.0,0,0.0
2023-12-01,LNGN0362,terminal,0,0,0,0,0.0,0,0.0
2023-12-01,LNGN0363,terminal,1,1,0,1,1.0,0,0.0
2023-12-01,LNGN0364,terminal,0,0,0,0,0.0,0,0.0
2023-12-01,LNGN0372,terminal,0,0,0,0,0.0,0,0.0
2023-12-01,LNGN0374,terminal,1,1,0,1,1.0,0,0.0
2023-12-01,LNGN0378,terminal,1,2,0,0,0.0,2,1.0
2023-12-01,LNGN0381,terminal,1,2,0,0,0.0,2,1.0
2023-12-01,LNGN0382,terminal,0,0,0,0,0.0,0,0.0
2023-12-01,LNGN0385,terminal,1,6,0,0,0.0,2,0.3333333333333333
2023-12-01,LNGN0391,terminal,0,0,0,0,0.0,0,0.0
2023-12-01,LNGN0398,terminal,1,1,0,1,1.0,0,0.0
2023-12-01,LNGN0405,terminal,1,1,0,1,1.0,0,0.0
2023-12-01,LNGN0421,terminal,1,1,0,1,1.0,0,0.0
2023-12-01,LNGN0423,terminal,1,3,1,1,0.3333333333333333,2,0.6666666666666666
2023-12-01,LNGN0425,terminal,0,0,0,0,0.0,0,0.0
2023-12-01,LNGN0426,terminal,1,2,0,0,0.0,0,0.0
2023-12-01,LNGN0427,terminal,1,1,0,1,1.0,0,0.0
2023-12-01,LNGN0428,terminal,0,0,0,0,0.0,0,0.0
2023-12-01,LNGN0429,terminal,0,0,0,0,0.0,0,0.0
2023-12-01,LNGN0435,terminal,1,3,1,3,1.0,0,0.0
2023-12-01,LNGN0437,terminal,1,1,0,1,1.0,0,0.0
2023-12-01,LNGN0441,terminal,1,2,0,0,0.0,2,1.0
2023-12-01,LNGN0442,terminal,1,2,0,0,0.0,0,0.0
2023-12-01,LNGN0447,terminal,1,1,0,1,1.0,0,0.0
2023-12-01,LNGN0449,terminal,1,1,0,1,1.0,0,0.0
2023-12-01,LNGN0452,terminal,1,5,1,1,0.2,0,0.0
2023-12-01,LNGN0453,terminal,1,1,0,1,1.0,0,0.0
2023-12-01,LNGN0460,terminal,1,1,0,1,1.0,0,0.0
2023-12-01,LNGN0463,terminal,1,4,0,0,0.0,0,0.0
2023-12-01,LNGN0464,terminal,1,3,0,0,0.0,0,0.0
2023-12-01,LNGN0472,terminal,1,1,0,1,1.0,0,0.0
2023-12-01,LNGN0473,terminal,1,1,0,1,1.0,0,0.0
2023-12-01,LNGN0474,terminal,1,1,0,1,1.0,0,0.0
2024-01-01,CP001,chokepoint,1,6,1,2,0.3333333333333333,1,0.16666666666666666
2024-01-01,CP002,chokepoint,1,10,1,3,0.3,7,0.7
2024-01-01,CP004,chokepoint,1,3,0,0,0.0,3,1.0
2024-01-01,CP005,chokepoint,1,9,1,3,0.3333333333333333,4,0.4444444444444444
2024-01-01,CP006,chokepoint,1,9,1,1,0.1111111111111111,3,0.3333333333333333
2024-01-01,CP007,chokepoint,1,9,1,4,0.4444444444444444,2,0.2222222222222222
2024-01-01,CP008,chokepoint,1,21,1,3,0.14285714285714285,3,0.14285714285714285
2024-01-01,CP009,chokepoint,1,14,1,2,0.14285714285714285,0,0.0
2024-01-01,CP010,chokepoint,1,12,1,6,0.5,0,0.0
2024-01-01,CP011,chokepoint,1,12,1,5,0.4166666666666667,3,0.25
2024-01-01,CP012,chokepoint,1,8,1,2,0.25,4,0.5
2024-01-01,CP013,chokepoint,1,3,0,0,0.0,1,0.3333333333333333
2024-01-01,CP014,chokepoint,1,7,1,1,0.14285714285714285,6,0.8571428571428571
2024-01-01,CP015,chokepoint,1,7,1,3,0.42857142857142855,4,0.5714285714285714
2024-01-01,CP016,chokepoint,1,9,1,4,0.4444444444444444,5,0.5555555555555556
2024-01-01,CP017,chokepoint,1,3,1,3,1.0,0,0.0
2024-01-01,CP018,chokepoint,1,2,1,2,1.0,0,0.0
2024-01-01,CP019,chokepoint,1,4,0,0,0.0,4,1.0
2024-01-01,CP020,chokepoint,1,4,1,2,0.5,2,0.5
2024-01-01,CP021,chokepoint,0,0,0,0,0.0,0,0.0
2024-01-01,CP022,chokepoint,1,8,1,2,0.25,6,0.75
2024-01-01,CP023,chokepoint,0,0,0,0,0.0,0,0.0
2024-01-01,CP024,chokepoint,1,4,1,1,0.25,3,0.75
2024-01-01,CP027,chokepoint,1,8,1,1,0.125,5,0.625
2024-01-01,LNGN0004,terminal,0,0,0,0,0.0,0,0.0
2024-01-01,LNGN0006,terminal,0,0,0,0,0.0,0,0.0
2024-01-01,LNGN0008,terminal,1,2,0,0,0.0,0,0.0
2024-01-01,LNGN0013,terminal,0,0,0,0,0.0,0,0.0
2024-01-01,LNGN0017,terminal,0,0,0,0,0.0,0,0.0
2024-01-01,LNGN0025,terminal,0,0,0,0,0.0,0,0.0
2024-01-01,LNGN0026,terminal,1,6,1,1,0.16666666666666666,0,0.0
2024-01-01,LNGN0027,terminal,1,3,1,1,0.3333333333333333,2,0.6666666666666666
2024-01-01,LNGN0031,terminal,0,0,0,0,0.0,0,0.0
2024-01-01,LNGN0035,terminal,1,2,0,0,0.0,0,0.0
2024-01-01,LNGN0037,terminal,1,2,0,0,0.0,0,0.0
2024-01-01,LNGN0039,terminal,1,1,0,1,1.0,0,0.0
2024-01-01,LNGN0040,terminal,1,1,0,1,1.0,0,0.0
2024-01-01,LNGN0044,terminal,1,1,0,1,1.0,0,0.0
2024-01-01,LNGN0045,terminal,1,1,0,1,1.0,0,0.0
2024-01-01,LNGN0050,terminal,1,5,1,1,0.2,1,0.2
2024-01-01,LNGN0052,terminal,1,1,0,1,1.0,0,0.0
2024-01-01,LNGN0055,terminal,1,1,0,1,1.0,0,0.0
2024-01-01,LNGN0056,terminal,1,1,0,1,1.0,0,0.0
2024-01-01,LNGN0059,terminal,0,0,0,0,0.0,0,0.0
2024-01-01,LNGN0069,terminal,0,0,0,0,0.0,0,0.0
2024-01-01,LNGN0070,terminal,1,7,1,2,0.2857142857142857,2,0.2857142857142857
2024-01-01,LNGN0074,terminal,1,1,0,1,1.0,0,0.0
2024-01-01,LNGN0075,terminal,0,0,0,0,0.0,0,0.0
2024-01-01,LNGN0076,terminal,1,1,0,1,1.0,0,0.0
2024-01-01,LNGN0079,terminal,0,0,0,0,0.0,0,0.0
2024-01-01,LNGN0081,terminal,0,0,0,0,0.0,0,0.0
2024-01-01,LNGN0083,terminal,1,2,0,0,0.0,0,0.0
2024-01-01,LNGN0085,terminal,1,2,0,0,0.0,2,1.0
2024-01-01,LNGN0087,terminal,1,1,0,1,1.0,0,0.0
2024-01-01,LNGN0097,terminal,1,1,0,1,1.0,0,0.0
2024-01-01,LNGN0098,terminal,1,1,0,1,1.0,0,0.0
2024-01-01,LNGN0100,terminal,0,0,0,0,0.0,0,0.0
2024-01-01,LNGN0101,terminal,0,0,0,0,0.0,0,0.0
2024-01-01,LNGN0102,terminal,1,1,0,1,1.0,0,0.0
2024-01-01,LNGN0103,terminal,1,1,0,1,1.0,0,0.0
2024-01-01,LNGN0108,terminal,1,1,0,1,1.0,0,0.0
2024-01-01,LNGN0109,terminal,0,0,0,0,0.0,0,0.0
2024-01-01,LNGN0112,terminal,1,1,0,1,1.0,0,0.0
2024-01-01,LNGN0115,terminal,0,0,0,0,0.0,0,0.0
2024-01-01,LNGN0121,terminal,1,4,0,0,0.0,1,0.25
2024-01-01,LNGN0122,terminal,0,0,0,0,0.0,0,0.0
2024-01-01,LNGN0124,terminal,1,5,0,0,0.0,2,0.4
2024-01-01,LNGN0130,terminal,1,2,0,0,0.0,0,0.0
2024-01-01,LNGN0132,terminal,1,2,0,0,0.0,0,0.0
2024-01-01,LNGN0136,terminal,1,1,0,1,1.0,0,0.0
2024-01-01,LNGN0138,terminal,0,0,0,0,0.0,0,0.0
2024-01-01,LNGN0142,terminal,1,1,0,1,1.0,0,0.0
2024-01-01,LNGN0143,terminal,0,0,0,0,0.0,0,0.0
2024-01-01,LNGN0144,terminal,1,1,0,1,1.0,0,0.0
2024-01-01,LNGN0148,terminal,0,0,0,0,0.0,0,0.0
2024-01-01,LNGN0150,terminal,0,0,0,0,0.0,0,0.0
2024-01-01,LNGN0156,terminal,1,1,0,1,1.0,0,0.0
2024-01-01,LNGN0163,terminal,0,0,0,0,0.0,0,0.0
2024-01-01,LNGN0164,terminal,0,0,0,0,0.0,0,0.0
2024-01-01,LNGN0165,terminal,0,0,0,0,0.0,0,0.0
2024-01-01,LNGN0166,terminal,1,4,1,1,0.25,0,0.0
2024-01-01,LNGN0168,terminal,1,1,0,1,1.0,0,0.0
2024-01-01,LNGN0170,terminal,1,2,0,0,0.0,2,1.0
2024-01-01,LNGN0173,terminal,1,1,0,1,1.0,0,0.0
2024-01-01,LNGN0174,terminal,0,0,0,0,0.0,0,0.0
2024-01-01,LNGN0175,terminal,1,3,0,0,0.0,3,1.0
2024-01-01,LNGN0176,terminal,0,0,0,0,0.0,0,0.0
2024-01-01,LNGN0178,terminal,1,3,0,0,0.0,0,0.0
2024-01-01,LNGN0180,terminal,0,0,0,0,0.0,0,0.0
2024-01-01,LNGN0181,terminal,1,2,0,0,0.0,2,1.0
2024-01-01,LNGN0182,terminal,1,1,0,1,1.0,0,0.0
2024-01-01,LNGN0186,terminal,1,2,0,0,0.0,0,0.0
2024-01-01,LNGN0190,terminal,0,0,0,0,0.0,0,0.0
2024-01-01,LNGN0191,terminal,1,2,0,0,0.0,2,1.0
2024-01-01,LNGN0195,terminal,1,4,0,0,0.0,4,1.0
2024-01-01,LNGN0199,terminal,1,1,0,1,1.0,0,0.0
2024-01-01,LNGN0206,terminal,1,1,0,1,1.0,0,0.0
2024-01-01,LNGN0207,terminal,1,1,0,1,1.0,0,0.0
2024-01-01,LNGN0208,terminal,1,2,0,0,0.0,0,0.0
2024-01-01,LNGN0210,terminal,1,1,0,1,1.0,0,0.0
2024-01-01,LNGN0212,terminal,0,0,0,0,0.0,0,0.0
2024-01-01,LNGN0219,terminal,0,0,0,0,0.0,0,0.0
2024-01-01,LNGN0222,terminal,1,2,0,0,0.0,0,0.0
2024-01-01,LNGN0230,terminal,1,5,0,0,0.0,3,0.6
2024-01-01,LNGN0232,terminal,1,2,0,0,0.0,0,0.0
2024-01-01,LNGN0237,terminal,1,1,0,1,1.0,0,0.0
2024-01-01,LNGN0238,terminal,1,1,0,1,1.0,0,0.0
2024-01-01,LNGN0241,terminal,0,0,0,0,0.0,0,0.0
2024-01-01,LNGN0243,terminal,0,0,0,0,0.0,0,0.0
2024-01-01,LNGN0244,terminal,1,2,0,0,0.0,0,0.0
2024-01-01,LNGN0248,terminal,1,2,0,0,0.0,2,1.0
2024-01-01,LNGN0250,terminal,0,0,0,0,0.0,0,0.0
2024-01-01,LNGN0251,terminal,0,0,0,0,0.0,0,0.0
2024-01-01,LNGN0253,terminal,0,0,0,0,0.0,0,0.0
2024-01-01,LNGN0258,terminal,1,2,0,0,0.0,2,1.0
2024-01-01,LNGN0261,terminal,1,4,0,0,0.0,4,1.0
2024-01-01,LNGN0262,terminal,0,0,0,0,0.0,0,0.0
2024-01-01,LNGN0268,terminal,1,1,0,1,1.0,0,0.0
2024-01-01,LNGN0270,terminal,1,2,0,0,0.0,2,1.0
2024-01-01,LNGN0272,terminal,1,1,0,1,1.0,0,0.0
2024-01-01,LNGN0274,terminal,1,1,0,1,1.0,0,0.0
2024-01-01,LNGN0278,terminal,1,1,0,1,1.0,0,0.0
2024-01-01,LNGN0285,terminal,1,2,0,0,0.0,2,1.0
2024-01-01,LNGN0287,terminal,0,0,0,0,0.0,0,0.0
2024-01-01,LNGN0288,terminal,0,0,0,0,0.0,0,0.0
2024-01-01,LNGN0290,terminal,0,0,0,0,0.0,0,0.0
2024-01-01,LNGN0291,terminal,1,1,0,1,1.0,0,0.0
2024-01-01,LNGN0293,terminal,0,0,0,0,0.0,0,0.0
2024-01-01,LNGN0294,terminal,1,2,0,0,0.0,0,0.0
2024-01-01,LNGN0297,terminal,1,3,0,0,0.0,3,1.0
2024-01-01,LNGN0299,terminal,0,0,0,0,0.0,0,0.0
2024-01-01,LNGN0307,terminal,0,0,0,0,0.0,0,0.0
2024-01-01,LNGN0308,terminal,1,1,0,1,1.0,0,0.0
2024-01-01,LNGN0309,terminal,1,1,0,1,1.0,0,0.0
2024-01-01,LNGN0312,terminal,1,1,0,1,1.0,0,0.0
2024-01-01,LNGN0314,terminal,1,2,0,0,0.0,2,1.0
2024-01-01,LNGN0319,terminal,1,1,0,1,1.0,0,0.0
2024-01-01,LNGN0322,terminal,1,2,1,2,1.0,0,0.0
2024-01-01,LNGN0324,terminal,0,0,0,0,0.0,0,0.0
2024-01-01,LNGN0328,terminal,1,3,0,0,0.0,1,0.3333333333333333
2024-01-01,LNGN0331,terminal,1,1,0,1,1.0,0,0.0
2024-01-01,LNGN0334,terminal,1,2,0,0,0.0,0,0.0
2024-01-01,LNGN0344,terminal,0,0,0,0,0.0,0,0.0
2024-01-01,LNGN0345,terminal,1,8,0,0,0.0,4,0.5
2024-01-01,LNGN0347,terminal,1,3,0,0,0.0,1,0.3333333333333333
2024-01-01,LNGN0348,terminal,1,1,0,1,1.0,0,0.0
2024-01-01,LNGN0351,terminal,1,1,0,1,1.0,0,0.0
2024-01-01,LNGN0354,terminal,0,0,0,0,0.0,0,0.0
2024-01-01,LNGN0359,terminal,1,1,0,1,1.0,0,0.0
2024-01-01,LNGN0361,terminal,0,0,0,0,0.0,0,0.0
2024-01-01,LNGN0362,terminal,0,0,0,0,0.0,0,0.0
2024-01-01,LNGN0363,terminal,1,1,0,1,1.0,0,0.0
2024-01-01,LNGN0364,terminal,0,0,0,0,0.0,0,0.0
2024-01-01,LNGN0372,terminal,0,0,0,0,0.0,0,0.0
2024-01-01,LNGN0374,terminal,1,2,0,0,0.0,2,1.0
2024-01-01,LNGN0378,terminal,1,3,1,1,0.3333333333333333,2,0.6666666666666666
2024-01-01,LNGN0381,terminal,1,3,0,0,0.0,3,1.0
2024-01-01,LNGN0382,terminal,0,0,0,0,0.0,0,0.0
2024-01-01,LNGN0385,terminal,1,4,0,0,0.0,4,1.0
2024-01-01,LNGN0391,terminal,0,0,0,0,0.0,0,0.0
2024-01-01,LNGN0398,terminal,1,1,0,1,1.0,0,0.0
2024-01-01,LNGN0405,terminal,1,1,0,1,1.0,0,0.0
2024-01-01,LNGN0421,terminal,1,1,0,1,1.0,0,0.0
2024-01-01,LNGN0423,terminal,1,3,0,0,0.0,3,1.0
2024-01-01,LNGN0425,terminal,0,0,0,0,0.0,0,0.0
2024-01-01,LNGN0426,terminal,1,2,0,0,0.0,0,0.0
2024-01-01,LNGN0427,terminal,1,1,0,1,1.0,0,0.0
2024-01-01,LNGN0428,terminal,0,0,0,0,0.0,0,0.0
2024-01-01,LNGN0429,terminal,0,0,0,0,0.0,0,0.0
2024-01-01,LNGN0435,terminal,1,2,1,2,1.0,0,0.0
2024-01-01,LNGN0437,terminal,1,1,0,1,1.0,0,0.0
2024-01-01,LNGN0441,terminal,1,1,0,1,1.0,0,0.0
2024-01-01,LNGN0442,terminal,0,0,0,0,0.0,0,0.0
2024-01-01,LNGN0447,terminal,0,0,0,0,0.0,0,0.0
2024-01-01,LNGN0449,terminal,1,1,0,1,1.0,0,0.0
2024-01-01,LNGN0452,terminal,1,3,0,0,0.0,1,0.3333333333333333
2024-01-01,LNGN0453,terminal,0,0,0,0,0.0,0,0.0
2024-01-01,LNGN0460,terminal,1,1,0,1,1.0,0,0.0
2024-01-01,LNGN0463,terminal,1,2,0,0,0.0,0,0.0
2024-01-01,LNGN0464,terminal,1,3,0,0,0.0,0,0.0
2024-01-01,LNGN0472,terminal,0,0,0,0,0.0,0,0.0
2024-01-01,LNGN0473,terminal,1,1,0,1,1.0,0,0.0
2024-01-01,LNGN0474,terminal,1,1,0,1,1.0,0,0.0
2024-02-01,CP001,chokepoint,1,5,1,1,0.2,1,0.2
2024-02-01,CP002,chokepoint,1,8,1,2,0.25,4,0.5
2024-02-01,CP004,chokepoint,1,5,1,1,0.2,1,0.2
2024-02-01,CP005,chokepoint,1,11,1,4,0.36363636363636365,3,0.2727272727272727
2024-02-01,CP006,chokepoint,1,8,1,3,0.375,0,0.0
2024-02-01,CP007,chokepoint,1,9,1,4,0.4444444444444444,2,0.2222222222222222
2024-02-01,CP008,chokepoint,1,25,1,5,0.2,1,0.04
2024-02-01,CP009,chokepoint,1,17,1,4,0.23529411764705882,0,0.0
2024-02-01,CP010,chokepoint,1,11,1,6,0.5454545454545454,0,0.0
2024-02-01,CP011,chokepoint,1,12,1,6,0.5,4,0.3333333333333333
2024-02-01,CP012,chokepoint,0,0,0,0,0.0,0,0.0
2024-02-01,CP013,chokepoint,1,4,1,2,0.5,0,0.0
2024-02-01,CP014,chokepoint,1,5,1,2,0.4,3,0.6
2024-02-01,CP015,chokepoint,1,7,1,2,0.2857142857142857,3,0.42857142857142855
2024-02-01,CP016,chokepoint,1,9,1,3,0.3333333333333333,6,0.6666666666666666
2024-02-01,CP017,chokepoint,1,3,1,3,1.0,0,0.0
2024-02-01,CP018,chokepoint,0,0,0,0,0.0,0,0.0
2024-02-01,CP019,chokepoint,1,5,1,1,0.2,4,0.8
2024-02-01,CP020,chokepoint,1,2,0,0,0.0,2,1.0
2024-02-01,CP021,chokepoint,0,0,0,0,0.0,0,0.0
2024-02-01,CP022,chokepoint,1,6,0,0,0.0,6,1.0
2024-02-01,CP023,chokepoint,0,0,0,0,0.0,0,0.0
2024-02-01,CP024,chokepoint,0,0,0,0,0.0,0,0.0
2024-02-01,CP027,chokepoint,1,6,0,0,0.0,4,0.6666666666666666
2024-02-01,LNGN0004,terminal,0,0,0,0,0.0,0,0.0
2024-02-01,LNGN0006,terminal,0,0,0,0,0.0,0,0.0
2024-02-01,LNGN0008,terminal,1,1,0,1,1.0,0,0.0
2024-02-01,LNGN0013,terminal,1,1,0,1,1.0,0,0.0
2024-02-01,LNGN0017,terminal,0,0,0,0,0.0,0,0.0
2024-02-01,LNGN0025,terminal,1,1,0,1,1.0,0,0.0
2024-02-01,LNGN0026,terminal,1,6,0,0,0.0,0,0.0
2024-02-01,LNGN0027,terminal,1,6,1,1,0.16666666666666666,1,0.16666666666666666
2024-02-01,LNGN0031,terminal,0,0,0,0,0.0,0,0.0
2024-02-01,LNGN0035,terminal,1,3,0,0,0.0,3,1.0
2024-02-01,LNGN0037,terminal,1,1,0,1,1.0,0,0.0
2024-02-01,LNGN0039,terminal,0,0,0,0,0.0,0,0.0
2024-02-01,LNGN0040,terminal,0,0,0,0,0.0,0,0.0
2024-02-01,LNGN0044,terminal,1,1,0,1,1.0,0,0.0
2024-02-01,LNGN0045,terminal,0,0,0,0,0.0,0,0.0
2024-02-01,LNGN0050,terminal,1,6,0,0,0.0,1,0.16666666666666666
2024-02-01,LNGN0052,terminal,1,1,0,1,1.0,0,0.0
2024-02-01,LNGN0055,terminal,1,3,0,0,0.0,1,0.3333333333333333
2024-02-01,LNGN0056,terminal,1,2,0,0,0.0,0,0.0
2024-02-01,LNGN0059,terminal,0,0,0,0,0.0,0,0.0
2024-02-01,LNGN0069,terminal,0,0,0,0,0.0,0,0.0
2024-02-01,LNGN0070,terminal,1,6,1,1,0.16666666666666666,0,0.0
2024-02-01,LNGN0074,terminal,1,1,0,1,1.0,0,0.0
2024-02-01,LNGN0075,terminal,0,0,0,0,0.0,0,0.0
2024-02-01,LNGN0076,terminal,1,1,0,1,1.0,0,0.0
2024-02-01,LNGN0079,terminal,1,1,0,1,1.0,0,0.0
2024-02-01,LNGN0081,terminal,0,0,0,0,0.0,0,0.0
2024-02-01,LNGN0083,terminal,1,1,0,1,1.0,0,0.0
2024-02-01,LNGN0085,terminal,1,1,0,1,1.0,0,0.0
2024-02-01,LNGN0087,terminal,0,0,0,0,0.0,0,0.0
2024-02-01,LNGN0097,terminal,1,1,0,1,1.0,0,0.0
2024-02-01,LNGN0098,terminal,1,1,0,1,1.0,0,0.0
2024-02-01,LNGN0100,terminal,1,1,0,1,1.0,0,0.0
2024-02-01,LNGN0101,terminal,1,2,0,0,0.0,2,1.0
2024-02-01,LNGN0102,terminal,1,1,0,1,1.0,0,0.0
2024-02-01,LNGN0103,terminal,1,1,0,1,1.0,0,0.0
2024-02-01,LNGN0108,terminal,0,0,0,0,0.0,0,0.0
2024-02-01,LNGN0109,terminal,0,0,0,0,0.0,0,0.0
2024-02-01,LNGN0112,terminal,1,1,0,1,1.0,0,0.0
2024-02-01,LNGN0115,terminal,0,0,0,0,0.0,0,0.0
2024-02-01,LNGN0121,terminal,1,4,0,0,0.0,2,0.5
2024-02-01,LNGN0122,terminal,0,0,0,0,0.0,0,0.0
2024-02-01,LNGN0124,terminal,1,3,0,0,0.0,1,0.3333333333333333
2024-02-01,LNGN0130,terminal,1,2,0,0,0.0,0,0.0
2024-02-01,LNGN0132,terminal,1,3,0,0,0.0,0,0.0
2024-02-01,LNGN0136,terminal,1,1,0,1,1.0,0,0.0
2024-02-01,LNGN0138,terminal,0,0,0,0,0.0,0,0.0
2024-02-01,LNGN0142,terminal,1,2,0,0,0.0,2,1.0
2024-02-01,LNGN0143,terminal,0,0,0,0,0.0,0,0.0
2024-02-01,LNGN0144,terminal,1,1,0,1,1.0,0,0.0
2024-02-01,LNGN0148,terminal,0,0,0,0,0.0,0,0.0
2024-02-01,LNGN0150,terminal,1,1,0,1,1.0,0,0.0
2024-02-01,LNGN0156,terminal,1,1,0,1,1.0,0,0.0
2024-02-01,LNGN0163,terminal,1,1,0,1,1.0,0,0.0
2024-02-01,LNGN0164,terminal,0,0,0,0,0.0,0,0.0
2024-02-01,LNGN0165,terminal,0,0,0,0,0.0,0,0.0
2024-02-01,LNGN0166,terminal,1,4,0,0,0.0,0,0.0
2024-02-01,LNGN0168,terminal,1,4,1,1,0.25,0,0.0
2024-02-01,LNGN0170,terminal,0,0,0,0,0.0,0,0.0
2024-02-01,LNGN0173,terminal,0,0,0,0,0.0,0,0.0
2024-02-01,LNGN0174,terminal,1,1,0,1,1.0,0,0.0
2024-02-01,LNGN0175,terminal,0,0,0,0,0.0,0,0.0
2024-02-01,LNGN0176,terminal,0,0,0,0,0.0,0,0.0
2024-02-01,LNGN0178,terminal,1,2,0,0,0.0,2,1.0
2024-02-01,LNGN0180,terminal,0,0,0,0,0.0,0,0.0
2024-02-01,LNGN0181,terminal,0,0,0,0,0.0,0,0.0
2024-02-01,LNGN0182,terminal,1,1,0,1,1.0,0,0.0
2024-02-01,LNGN0186,terminal,1,2,0,0,0.0,0,0.0
2024-02-01,LNGN0190,terminal,0,0,0,0,0.0,0,0.0
2024-02-01,LNGN0191,terminal,1,1,0,1,1.0,0,0.0
2024-02-01,LNGN0195,terminal,1,3,0,0,0.0,3,1.0
2024-02-01,LNGN0199,terminal,0,0,0,0,0.0,0,0.0
2024-02-01,LNGN0206,terminal,0,0,0,0,0.0,0,0.0
2024-02-01,LNGN0207,terminal,1,1,0,1,1.0,0,0.0
2024-02-01,LNGN0208,terminal,1,1,0,1,1.0,0,0.0
2024-02-01,LNGN0210,terminal,1,1,0,1,1.0,0,0.0
2024-02-01,LNGN0212,terminal,0,0,0,0,0.0,0,0.0
2024-02-01,LNGN0219,terminal,0,0,0,0,0.0,0,0.0
2024-02-01,LNGN0222,terminal,0,0,0,0,0.0,0,0.0
2024-02-01,LNGN0230,terminal,1,3,0,0,0.0,1,0.3333333333333333
2024-02-01,LNGN0232,terminal,1,2,0,0,0.0,0,0.0
2024-02-01,LNGN0237,terminal,0,0,0,0,0.0,0,0.0
2024-02-01,LNGN0238,terminal,1,1,0,1,1.0,0,0.0
2024-02-01,LNGN0241,terminal,0,0,0,0,0.0,0,0.0
2024-02-01,LNGN0243,terminal,0,0,0,0,0.0,0,0.0
2024-02-01,LNGN0244,terminal,1,3,0,0,0.0,0,0.0
2024-02-01,LNGN0248,terminal,1,1,0,1,1.0,0,0.0
2024-02-01,LNGN0250,terminal,0,0,0,0,0.0,0,0.0
2024-02-01,LNGN0251,terminal,1,1,0,1,1.0,0,0.0
2024-02-01,LNGN0253,terminal,0,0,0,0,0.0,0,0.0
2024-02-01,LNGN0258,terminal,0,0,0,0,0.0,0,0.0
2024-02-01,LNGN0261,terminal,1,6,0,0,0.0,3,0.5
2024-02-01,LNGN0262,terminal,0,0,0,0,0.0,0,0.0
2024-02-01,LNGN0268,terminal,0,0,0,0,0.0,0,0.0
2024-02-01,LNGN0270,terminal,1,2,0,0,0.0,2,1.0
2024-02-01,LNGN0272,terminal,1,2,0,0,0.0,2,1.0
2024-02-01,LNGN0274,terminal,1,2,1,2,1.0,0,0.0
2024-02-01,LNGN0278,terminal,1,1,0,1,1.0,0,0.0
2024-02-01,LNGN0285,terminal,1,1,0,1,1.0,0,0.0
2024-02-01,LNGN0287,terminal,0,0,0,0,0.0,0,0.0
2024-02-01,LNGN0288,terminal,0,0,0,0,0.0,0,0.0
2024-02-01,LNGN0290,terminal,0,0,0,0,0.0,0,0.0
2024-02-01,LNGN0291,terminal,0,0,0,0,0.0,0,0.0
2024-02-01,LNGN0293,terminal,0,0,0,0,0.0,0,0.0
2024-02-01,LNGN0294,terminal,1,1,0,1,1.0,0,0.0
2024-02-01,LNGN0297,terminal,1,2,0,0,0.0,2,1.0
2024-02-01,LNGN0299,terminal,0,0,0,0,0.0,0,0.0
2024-02-01,LNGN0307,terminal,0,0,0,0,0.0,0,0.0
2024-02-01,LNGN0308,terminal,1,1,0,1,1.0,0,0.0
2024-02-01,LNGN0309,terminal,1,1,0,1,1.0,0,0.0
2024-02-01,LNGN0312,terminal,1,1,0,1,1.0,0,0.0
2024-02-01,LNGN0314,terminal,1,1,0,1,1.0,0,0.0
2024-02-01,LNGN0319,terminal,1,1,0,1,1.0,0,0.0
2024-02-01,LNGN0322,terminal,1,2,0,0,0.0,2,1.0
2024-02-01,LNGN0324,terminal,1,1,0,1,1.0,0,0.0
2024-02-01,LNGN0328,terminal,1,2,1,2,1.0,0,0.0
2024-02-01,LNGN0331,terminal,1,1,0,1,1.0,0,0.0
2024-02-01,LNGN0334,terminal,1,1,0,1,1.0,0,0.0
2024-02-01,LNGN0344,terminal,0,0,0,0,0.0,0,0.0
2024-02-01,LNGN0345,terminal,1,7,1,1,0.14285714285714285,1,0.14285714285714285
2024-02-01,LNGN0347,terminal,1,2,0,0,0.0,0,0.0
2024-02-01,LNGN0348,terminal,0,0,0,0,0.0,0,0.0
2024-02-01,LNGN0351,terminal,1,1,0,1,1.0,0,0.0
2024-02-01,LNGN0354,terminal,0,0,0,0,0.0,0,0.0
2024-02-01,LNGN0359,terminal,1,2,0,0,0.0,2,1.0
2024-02-01,LNGN0361,terminal,0,0,0,0,0.0,0,0.0
2024-02-01,LNGN0362,terminal,0,0,0,0,0.0,0,0.0
2024-02-01,LNGN0363,terminal,1,2,0,0,0.0,2,1.0
2024-02-01,LNGN0364,terminal,0,0,0,0,0.0,0,0.0
2024-02-01,LNGN0372,terminal,0,0,0,0,0.0,0,0.0
2024-02-01,LNGN0374,terminal,1,4,0,0,0.0,0,0.0
2024-02-01,LNGN0378,terminal,1,3,1,1,0.3333333333333333,2,0.6666666666666666
2024-02-01,LNGN0381,terminal,1,1,0,1,1.0,0,0.0
2024-02-01,LNGN0382,terminal,0,0,0,0,0.0,0,0.0
2024-02-01,LNGN0385,terminal,1,6,1,1,0.16666666666666666,0,0.0
2024-02-01,LNGN0391,terminal,1,1,0,1,1.0,0,0.0
2024-02-01,LNGN0398,terminal,1,1,0,1,1.0,0,0.0
2024-02-01,LNGN0405,terminal,1,1,0,1,1.0,0,0.0
2024-02-01,LNGN0421,terminal,1,1,0,1,1.0,0,0.0
2024-02-01,LNGN0423,terminal,1,3,1,1,0.3333333333333333,2,0.6666666666666666
2024-02-01,LNGN0425,terminal,1,1,0,1,1.0,0,0.0
2024-02-01,LNGN0426,terminal,1,1,0,1,1.0,0,0.0
2024-02-01,LNGN0427,terminal,0,0,0,0,0.0,0,0.0
2024-02-01,LNGN0428,terminal,0,0,0,0,0.0,0,0.0
2024-02-01,LNGN0429,terminal,0,0,0,0,0.0,0,0.0
2024-02-01,LNGN0435,terminal,1,2,1,2,1.0,0,0.0
2024-02-01,LNGN0437,terminal,1,1,0,1,1.0,0,0.0
2024-02-01,LNGN0441,terminal,1,1,0,1,1.0,0,0.0
2024-02-01,LNGN0442,terminal,1,1,0,1,1.0,0,0.0
2024-02-01,LNGN0447,terminal,0,0,0,0,0.0,0,0.0
2024-02-01,LNGN0449,terminal,1,1,0,1,1.0,0,0.0
2024-02-01,LNGN0452,terminal,1,6,1,1,0.16666666666666666,1,0.16666666666666666
2024-02-01,LNGN0453,terminal,0,0,0,0,0.0,0,0.0
2024-02-01,LNGN0460,terminal,1,3,0,0,0.0,1,0.3333333333333333
2024-02-01,LNGN0463,terminal,1,3,0,0,0.0,1,0.3333333333333333
2024-02-01,LNGN0464,terminal,1,3,0,0,0.0,0,0.0
2024-02-01,LNGN0472,terminal,1,1,0,1,1.0,0,0.0
2024-02-01,LNGN0473,terminal,1,1,0,1,1.0,0,0.0
2024-02-01,LNGN0474,terminal,1,1,0,1,1.0,0,0.0
2024-03-01,CP001,chokepoint,1,5,1,1,0.2,1,0.2
2024-03-01,CP002,chokepoint,1,7,1,2,0.2857142857142857,5,0.7142857142857143
2024-03-01,CP004,chokepoint,1,7,1,3,0.42857142857142855,1,0.14285714285714285
2024-03-01,CP005,chokepoint,1,6,1,1,0.16666666666666666,1,0.16666666666666666
2024-03-01,CP006,chokepoint,1,8,1,3,0.375,0,0.0
2024-03-01,CP007,chokepoint,1,4,1,1,0.25,3,0.75
2024-03-01,CP008,chokepoint,1,23,1,4,0.17391304347826086,3,0.13043478260869565
2024-03-01,CP009,chokepoint,1,15,1,1,0.06666666666666667,0,0.0
2024-03-01,CP010,chokepoint,1,12,1,8,0.6666666666666666,0,0.0
2024-03-01,CP011,chokepoint,1,18,1,6,0.3333333333333333,6,0.3333333333333333
2024-03-01,CP012,chokepoint,1,5,0,0,0.0,5,1.0
2024-03-01,CP013,chokepoint,1,3,1,1,0.3333333333333333,2,0.6666666666666666
2024-03-01,CP014,chokepoint,1,7,1,1,0.14285714285714285,6,0.8571428571428571
2024-03-01,CP015,chokepoint,1,6,1,1,0.16666666666666666,5,0.8333333333333334
2024-03-01,CP016,chokepoint,1,12,1,4,0.3333333333333333,8,0.6666666666666666
2024-03-01,CP017,chokepoint,1,5,1,2,0.4,3,0.6
2024-03-01,CP018,chokepoint,1,2,1,2,1.0,0,0.0
2024-03-01,CP019,chokepoint,1,5,0,0,0.0,2,0.4
2024-03-01,CP020,chokepoint,1,2,0,0,0.0,2,1.0
2024-03-01,CP021,chokepoint,0,0,0,0,0.0,0,0.0
2024-03-01,CP022,chokepoint,1,6,1,1,0.16666666666666666,5,0.8333333333333334
2024-03-01,CP023,chokepoint,0,0,0,0,0.0,0,0.0
2024-03-01,CP024,chokepoint,0,0,0,0,0.0,0,0.0
2024-03-01,CP027,chokepoint,1,7,1,2,0.2857142857142857,2,0.2857142857142857
2024-03-01,LNGN0004,terminal,0,0,0,0,0.0,0,0.0
2024-03-01,LNGN0006,terminal,0,0,0,0,0.0,0,0.0
2024-03-01,LNGN0008,terminal,1,2,0,0,0.0,0,0.0
2024-03-01,LNGN0013,terminal,1,1,0,1,1.0,0,0.0
2024-03-01,LNGN0017,terminal,0,0,0,0,0.0,0,0.0
2024-03-01,LNGN0025,terminal,0,0,0,0,0.0,0,0.0
2024-03-01,LNGN0026,terminal,1,6,0,0,0.0,0,0.0
2024-03-01,LNGN0027,terminal,1,3,1,1,0.3333333333333333,2,0.6666666666666666
2024-03-01,LNGN0031,terminal,0,0,0,0,0.0,0,0.0
2024-03-01,LNGN0035,terminal,1,3,0,0,0.0,0,0.0
2024-03-01,LNGN0037,terminal,1,2,0,0,0.0,0,0.0
2024-03-01,LNGN0039,terminal,0,0,0,0,0.0,0,0.0
2024-03-01,LNGN0040,terminal,1,2,0,0,0.0,2,1.0
2024-03-01,LNGN0044,terminal,1,1,0,1,1.0,0,0.0
2024-03-01,LNGN0045,terminal,0,0,0,0,0.0,0,0.0
2024-03-01,LNGN0050,terminal,1,4,0,0,0.0,1,0.25
2024-03-01,LNGN0052,terminal,1,1,0,1,1.0,0,0.0
2024-03-01,LNGN0055,terminal,1,1,0,1,1.0,0,0.0
2024-03-01,LNGN0056,terminal,1,2,0,0,0.0,0,0.0
2024-03-01,LNGN0059,terminal,0,0,0,0,0.0,0,0.0
2024-03-01,LNGN0069,terminal,0,0,0,0,0.0,0,0.0
2024-03-01,LNGN0070,terminal,1,7,1,2,0.2857142857142857,1,0.14285714285714285
2024-03-01,LNGN0074,terminal,1,1,0,1,1.0,0,0.0
2024-03-01,LNGN0075,terminal,0,0,0,0,0.0,0,0.0
2024-03-01,LNGN0076,terminal,1,1,0,1,1.0,0,0.0
2024-03-01,LNGN0079,terminal,1,1,0,1,1.0,0,0.0
2024-03-01,LNGN0081,terminal,0,0,0,0,0.0,0,0.0
2024-03-01,LNGN0083,terminal,1,1,0,1,1.0,0,0.0
2024-03-01,LNGN0085,terminal,1,1,0,1,1.0,0,0.0
2024-03-01,LNGN0087,terminal,0,0,0,0,0.0,0,0.0
2024-03-01,LNGN0097,terminal,1,1,0,1,1.0,0,0.0
2024-03-01,LNGN0098,terminal,1,2,1,2,1.0,0,0.0
2024-03-01,LNGN0100,terminal,1,2,0,0,0.0,0,0.0
2024-03-01,LNGN0101,terminal,0,0,0,0,0.0,0,0.0
2024-03-01,LNGN0102,terminal,1,1,0,1,1.0,0,0.0
2024-03-01,LNGN0103,terminal,1,3,0,0,0.0,0,0.0
2024-03-01,LNGN0108,terminal,0,0,0,0,0.0,0,0.0
2024-03-01,LNGN0109,terminal,0,0,0,0,0.0,0,0.0
2024-03-01,LNGN0112,terminal,1,1,0,1,1.0,0,0.0
2024-03-01,LNGN0115,terminal,0,0,0,0,0.0,0,0.0
2024-03-01,LNGN0121,terminal,1,4,0,0,0.0,1,0.25
2024-03-01,LNGN0122,terminal,0,0,0,0,0.0,0,0.0
2024-03-01,LNGN0124,terminal,1,4,1,1,0.25,1,0.25
2024-03-01,LNGN0130,terminal,1,1,0,1,1.0,0,0.0
2024-03-01,LNGN0132,terminal,1,3,0,0,0.0,0,0.0
2024-03-01,LNGN0136,terminal,1,1,0,1,1.0,0,0.0
2024-03-01,LNGN0138,terminal,0,0,0,0,0.0,0,0.0
2024-03-01,LNGN0142,terminal,1,2,0,0,0.0,2,1.0
2024-03-01,LNGN0143,terminal,0,0,0,0,0.0,0,0.0
2024-03-01,LNGN0144,terminal,0,0,0,0,0.0,0,0.0
2024-03-01,LNGN0148,terminal,0,0,0,0,0.0,0,0.0
2024-03-01,LNGN0150,terminal,1,1,0,1,1.0,0,0.0
2024-03-01,LNGN0156,terminal,1,2,0,0,0.0,2,1.0
2024-03-01,LNGN0163,terminal,0,0,0,0,0.0,0,0.0
2024-03-01,LNGN0164,terminal,0,0,0,0,0.0,0,0.0
2024-03-01,LNGN0165,terminal,0,0,0,0,0.0,0,0.0
2024-03-01,LNGN0166,terminal,1,3,0,0,0.0,0,0.0
2024-03-01,LNGN0168,terminal,1,3,0,0,0.0,1,0.3333333333333333
2024-03-01,LNGN0170,terminal,1,1,0,1,1.0,0,0.0
2024-03-01,LNGN0173,terminal,0,0,0,0,0.0,0,0.0
2024-03-01,LNGN0174,terminal,0,0,0,0,0.0,0,0.0
2024-03-01,LNGN0175,terminal,1,1,0,1,1.0,0,0.0
2024-03-01,LNGN0176,terminal,0,0,0,0,0.0,0,0.0
2024-03-01,LNGN0178,terminal,1,1,0,1,1.0,0,0.0
2024-03-01,LNGN0180,terminal,1,1,0,1,1.0,0,0.0
2024-03-01,LNGN0181,terminal,1,2,0,0,0.0,2,1.0
2024-03-01,LNGN0182,terminal,1,1,0,1,1.0,0,0.0
2024-03-01,LNGN0186,terminal,1,2,0,0,0.0,0,0.0
2024-03-01,LNGN0190,terminal,0,0,0,0,0.0,0,0.0
2024-03-01,LNGN0191,terminal,1,1,0,1,1.0,0,0.0
2024-03-01,LNGN0195,terminal,1,4,0,0,0.0,0,0.0
2024-03-01,LNGN0199,terminal,0,0,0,0,0.0,0,0.0
2024-03-01,LNGN0206,terminal,0,0,0,0,0.0,0,0.0
2024-03-01,LNGN0207,terminal,1,1,0,1,1.0,0,0.0
2024-03-01,LNGN0208,terminal,1,1,0,1,1.0,0,0.0
2024-03-01,LNGN0210,terminal,1,1,0,1,1.0,0,0.0
2024-03-01,LNGN0212,terminal,0,0,0,0,0.0,0,0.0
2024-03-01,LNGN0219,terminal,1,1,0,1,1.0,0,0.0
2024-03-01,LNGN0222,terminal,1,1,0,1,1.0,0,0.0
2024-03-01,LNGN0230,terminal,1,3,0,0,0.0,1,0.3333333333333333
2024-03-01,LNGN0232,terminal,1,2,0,0,0.0,0,0.0
2024-03-01,LNGN0237,terminal,0,0,0,0,0.0,0,0.0
2024-03-01,LNGN0238,terminal,0,0,0,0,0.0,0,0.0
2024-03-01,LNGN0241,terminal,1,1,0,1,1.0,0,0.0
2024-03-01,LNGN0243,terminal,0,0,0,0,0.0,0,0.0
2024-03-01,LNGN0244,terminal,1,3,0,0,0.0,0,0.0
2024-03-01,LNGN0248,terminal,1,1,0,1,1.0,0,0.0
2024-03-01,LNGN0250,terminal,1,1,0,1,1.0,0,0.0
2024-03-01,LNGN0251,terminal,1,1,0,1,1.0,0,0.0
2024-03-01,LNGN0253,terminal,0,0,0,0,0.0,0,0.0
2024-03-01,LNGN0258,terminal,0,0,0,0,0.0,0,0.0
2024-03-01,LNGN0261,terminal,1,4,1,2,0.5,2,0.5
2024-03-01,LNGN0262,terminal,0,0,0,0,0.0,0,0.0
2024-03-01,LNGN0268,terminal,0,0,0,0,0.0,0,0.0
2024-03-01,LNGN0270,terminal,1,2,0,0,0.0,2,1.0
2024-03-01,LNGN0272,terminal,0,0,0,0,0.0,0,0.0
2024-03-01,LNGN0274,terminal,1,1,0,1,1.0,0,0.0
2024-03-01,LNGN0278,terminal,1,1,0,1,1.0,0,0.0
2024-03-01,LNGN0285,terminal,1,1,0,1,1.0,0,0.0
2024-03-01,LNGN0287,terminal,0,0,0,0,0.0,0,0.0
2024-03-01,LNGN0288,terminal,1,1,0,1,1.0,0,0.0
2024-03-01,LNGN0290,terminal,0,0,0,0,0.0,0,0.0
2024-03-01,LNGN0291,terminal,0,0,0,0,0.0,0,0.0
2024-03-01,LNGN0293,terminal,0,0,0,0,0.0,0,0.0
2024-03-01,LNGN0294,terminal,1,1,0,1,1.0,0,0.0
2024-03-01,LNGN0297,terminal,1,2,0,0,0.0,2,1.0
2024-03-01,LNGN0299,terminal,0,0,0,0,0.0,0,0.0
2024-03-01,LNGN0307,terminal,0,0,0,0,0.0,0,0.0
2024-03-01,LNGN0308,terminal,1,1,0,1,1.0,0,0.0
2024-03-01,LNGN0309,terminal,1,1,0,1,1.0,0,0.0
2024-03-01,LNGN0312,terminal,0,0,0,0,0.0,0,0.0
2024-03-01,LNGN0314,terminal,1,1,0,1,1.0,0,0.0
2024-03-01,LNGN0319,terminal,1,1,0,1,1.0,0,0.0
2024-03-01,LNGN0322,terminal,1,1,0,1,1.0,0,0.0
2024-03-01,LNGN0324,terminal,0,0,0,0,0.0,0,0.0
2024-03-01,LNGN0328,terminal,1,3,1,1,0.3333333333333333,0,0.0
2024-03-01,LNGN0331,terminal,0,0,0,0,0.0,0,0.0
2024-03-01,LNGN0334,terminal,1,1,0,1,1.0,0,0.0
2024-03-01,LNGN0344,terminal,0,0,0,0,0.0,0,0.0
2024-03-01,LNGN0345,terminal,1,6,1,2,0.3333333333333333,1,0.16666666666666666
2024-03-01,LNGN0347,terminal,1,2,0,0,0.0,2,1.0
2024-03-01,LNGN0348,terminal,0,0,0,0,0.0,0,0.0
2024-03-01,LNGN0351,terminal,0,0,0,0,0.0,0,0.0
2024-03-01,LNGN0354,terminal,0,0,0,0,0.0,0,0.0
2024-03-01,LNGN0359,terminal,1,3,1,1,0.3333333333333333,2,0.6666666666666666
2024-03-01,LNGN0361,terminal,0,0,0,0,0.0,0,0.0
2024-03-01,LNGN0362,terminal,0,0,0,0,0.0,0,0.0
2024-03-01,LNGN0363,terminal,0,0,0,0,0.0,0,0.0
2024-03-01,LNGN0364,terminal,1,1,0,1,1.0,0,0.0
2024-03-01,LNGN0372,terminal,0,0,0,0,0.0,0,0.0
2024-03-01,LNGN0374,terminal,1,1,0,1,1.0,0,0.0
2024-03-01,LNGN0378,terminal,1,3,1,1,0.3333333333333333,2,0.6666666666666666
2024-03-01,LNGN0381,terminal,1,3,0,0,0.0,3,1.0
2024-03-01,LNGN0382,terminal,0,0,0,0,0.0,0,0.0
2024-03-01,LNGN0385,terminal,1,2,0,0,0.0,0,0.0
2024-03-01,LNGN0391,terminal,0,0,0,0,0.0,0,0.0
2024-03-01,LNGN0398,terminal,1,1,0,1,1.0,0,0.0
2024-03-01,LNGN0405,terminal,1,1,0,1,1.0,0,0.0
2024-03-01,LNGN0421,terminal,1,1,0,1,1.0,0,0.0
2024-03-01,LNGN0423,terminal,1,3,1,1,0.3333333333333333,2,0.6666666666666666
2024-03-01,LNGN0425,terminal,0,0,0,0,0.0,0,0.0
2024-03-01,LNGN0426,terminal,1,1,0,1,1.0,0,0.0
2024-03-01,LNGN0427,terminal,1,1,0,1,1.0,0,0.0
2024-03-01,LNGN0428,terminal,0,0,0,0,0.0,0,0.0
2024-03-01,LNGN0429,terminal,0,0,0,0,0.0,0,0.0
2024-03-01,LNGN0435,terminal,1,3,1,3,1.0,0,0.0
2024-03-01,LNGN0437,terminal,1,1,0,1,1.0,0,0.0
2024-03-01,LNGN0441,terminal,1,2,0,0,0.0,2,1.0
2024-03-01,LNGN0442,terminal,1,1,0,1,1.0,0,0.0
2024-03-01,LNGN0447,terminal,0,0,0,0,0.0,0,0.0
2024-03-01,LNGN0449,terminal,1,1,0,1,1.0,0,0.0
2024-03-01,LNGN0452,terminal,1,4,0,0,0.0,0,0.0
2024-03-01,LNGN0453,terminal,0,0,0,0,0.0,0,0.0
2024-03-01,LNGN0460,terminal,1,1,0,1,1.0,0,0.0
2024-03-01,LNGN0463,terminal,1,2,0,0,0.0,0,0.0
2024-03-01,LNGN0464,terminal,1,3,0,0,0.0,0,0.0
2024-03-01,LNGN0472,terminal,1,1,0,1,1.0,0,0.0
2024-03-01,LNGN0473,terminal,1,1,0,1,1.0,0,0.0
2024-03-01,LNGN0474,terminal,1,1,0,1,1.0,0,0.0
2024-04-01,CP001,chokepoint,1,4,1,1,0.25,3,0.75
2024-04-01,CP002,chokepoint,1,8,1,2,0.25,6,0.75
2024-04-01,CP004,chokepoint,1,3,0,0,0.0,1,0.3333333333333333
2024-04-01,CP005,chokepoint,1,12,1,3,0.25,3,0.25
2024-04-01,CP006,chokepoint,1,11,1,3,0.2727272727272727,1,0.09090909090909091
2024-04-01,CP007,chokepoint,1,7,1,2,0.2857142857142857,3,0.42857142857142855
2024-04-01,CP008,chokepoint,1,20,1,1,0.05,3,0.15
2024-04-01,CP009,chokepoint,1,17,1,2,0.11764705882352941,2,0.11764705882352941
2024-04-01,CP010,chokepoint,1,10,1,6,0.6,0,0.0
2024-04-01,CP011,chokepoint,1,19,1,10,0.5263157894736842,4,0.21052631578947367
2024-04-01,CP012,chokepoint,1,8,1,4,0.5,4,0.5
2024-04-01,CP013,chokepoint,1,2,0,0,0.0,2,1.0
2024-04-01,CP014,chokepoint,1,4,0,0,0.0,4,1.0
2024-04-01,CP015,chokepoint,1,8,1,2,0.25,3,0.375
2024-04-01,CP016,chokepoint,1,8,1,3,0.375,5,0.625
2024-04-01,CP017,chokepoint,1,3,1,3,1.0,0,0.0
2024-04-01,CP018,chokepoint,0,0,0,0,0.0,0,0.0
2024-04-01,CP019,chokepoint,1,4,1,1,0.25,3,0.75
2024-04-01,CP020,chokepoint,1,2,0,0,0.0,2,1.0
2024-04-01,CP021,chokepoint,0,0,0,0,0.0,0,0.0
2024-04-01,CP022,chokepoint,1,6,0,0,0.0,6,1.0
2024-04-01,CP023,chokepoint,0,0,0,0,0.0,0,0.0
2024-04-01,CP024,chokepoint,1,5,1,1,0.2,2,0.4
2024-04-01,CP027,chokepoint,1,6,0,0,0.0,4,0.6666666666666666
2024-04-01,LNGN0004,terminal,0,0,0,0,0.0,0,0.0
2024-04-01,LNGN0006,terminal,0,0,0,0,0.0,0,0.0
2024-04-01,LNGN0008,terminal,1,3,0,0,0.0,0,0.0
2024-04-01,LNGN0013,terminal,1,3,1,1,0.3333333333333333,2,0.6666666666666666
2024-04-01,LNGN0017,terminal,0,0,0,0,0.0,0,0.0
2024-04-01,LNGN0025,terminal,1,1,0,1,1.0,0,0.0
2024-04-01,LNGN0026,terminal,1,8,1,2,0.25,1,0.125
2024-04-01,LNGN0027,terminal,1,4,1,1,0.25,3,0.75
2024-04-01,LNGN0031,terminal,0,0,0,0,0.0,0,0.0
2024-04-01,LNGN0035,terminal,1,2,0,0,0.0,2,1.0
2024-04-01,LNGN0037,terminal,1,1,0,1,1.0,0,0.0
2024-04-01,LNGN0039,terminal,0,0,0,0,0.0,0,0.0
2024-04-01,LNGN0040,terminal,1,1,0,1,1.0,0,0.0
2024-04-01,LNGN0044,terminal,1,1,0,1,1.0,0,0.0
2024-04-01,LNGN0045,terminal,0,0,0,0,0.0,0,0.0
2024-04-01,LNGN0050,terminal,1,7,1,1,0.14285714285714285,1,0.14285714285714285
2024-04-01,LNGN0052,terminal,1,1,0,1,1.0,0,0.0
2024-04-01,LNGN0055,terminal,1,2,0,0,0.0,2,1.0
2024-04-01,LNGN0056,terminal,1,2,0,0,0.0,0,0.0
2024-04-01,LNGN0059,terminal,1,1,0,1,1.0,0,0.0
2024-04-01,LNGN0069,terminal,0,0,0,0,0.0,0,0.0
2024-04-01,LNGN0070,terminal,1,5,1,1,0.2,2,0.4
2024-04-01,LNGN0074,terminal,0,0,0,0,0.0,0,0.0
2024-04-01,LNGN0075,terminal,0,0,0,0,0.0,0,0.0
2024-04-01,LNGN0076,terminal,1,2,0,0,0.0,0,0.0
2024-04-01,LNGN0079,terminal,0,0,0,0,0.0,0,0.0
2024-04-01,LNGN0081,terminal,0,0,0,0,0.0,0,0.0
2024-04-01,LNGN0083,terminal,0,0,0,0,0.0,0,0.0
2024-04-01,LNGN0085,terminal,1,2,0,0,0.0,0,0.0
2024-04-01,LNGN0087,terminal,0,0,0,0,0.0,0,0.0
2024-04-01,LNGN0097,terminal,1,1,0,1,1.0,0,0.0
2024-04-01,LNGN0098,terminal,1,1,0,1,1.0,0,0.0
2024-04-01,LNGN0100,terminal,1,2,0,0,0.0,0,0.0
2024-04-01,LNGN0101,terminal,1,2,0,0,0.0,0,0.0
2024-04-01,LNGN0102,terminal,1,1,0,1,1.0,0,0.0
2024-04-01,LNGN0103,terminal,1,2,0,0,0.0,0,0.0
2024-04-01,LNGN0108,terminal,1,1,0,1,1.0,0,0.0
2024-04-01,LNGN0109,terminal,0,0,0,0,0.0,0,0.0
2024-04-01,LNGN0112,terminal,0,0,0,0,0.0,0,0.0
2024-04-01,LNGN0115,terminal,0,0,0,0,0.0,0,0.0
2024-04-01,LNGN0121,terminal,1,3,1,1,0.3333333333333333,0,0.0
2024-04-01,LNGN0122,terminal,1,1,0,1,1.0,0,0.0
2024-04-01,LNGN0124,terminal,1,3,0,0,0.0,3,1.0
2024-04-01,LNGN0130,terminal,1,1,0,1,1.0,0,0.0
2024-04-01,LNGN0132,terminal,1,3,0,0,0.0,0,0.0
2024-04-01,LNGN0136,terminal,0,0,0,0,0.0,0,0.0
2024-04-01,LNGN0138,terminal,0,0,0,0,0.0,0,0.0
2024-04-01,LNGN0142,terminal,1,2,0,0,0.0,2,1.0
2024-04-01,LNGN0143,terminal,0,0,0,0,0.0,0,0.0
2024-04-01,LNGN0144,terminal,0,0,0,0,0.0,0,0.0
2024-04-01,LNGN0148,terminal,0,0,0,0,0.0,0,0.0
2024-04-01,LNGN0150,terminal,1,3,0,0,0.0,0,0.0
2024-04-01,LNGN0156,terminal,1,1,0,1,1.0,0,0.0
2024-04-01,LNGN0163,terminal,0,0,0,0,0.0,0,0.0
2024-04-01,LNGN0164,terminal,0,0,0,0,0.0,0,0.0
2024-04-01,LNGN0165,terminal,0,0,0,0,0.0,0,0.0
2024-04-01,LNGN0166,terminal,1,5,0,0,0.0,0,0.0
2024-04-01,LNGN0168,terminal,1,2,0,0,0.0,0,0.0
2024-04-01,LNGN0170,terminal,1,1,0,1,1.0,0,0.0
2024-04-01,LNGN0173,terminal,0,0,0,0,0.0,0,0.0
2024-04-01,LNGN0174,terminal,0,0,0,0,0.0,0,0.0
2024-04-01,LNGN0175,terminal,0,0,0,0,0.0,0,0.0
2024-04-01,LNGN0176,terminal,1,1,0,1,1.0,0,0.0
2024-04-01,LNGN0178,terminal,1,2,0,0,0.0,2,1.0
2024-04-01,LNGN0180,terminal,1,1,0,1,1.0,0,0.0
2024-04-01,LNGN0181,terminal,1,2,0,0,0.0,2,1.0
2024-04-01,LNGN0182,terminal,1,1,0,1,1.0,0,0.0
2024-04-01,LNGN0186,terminal,1,1,0,1,1.0,0,0.0
2024-04-01,LNGN0190,terminal,0,0,0,0,0.0,0,0.0
2024-04-01,LNGN0191,terminal,0,0,0,0,0.0,0,0.0
2024-04-01,LNGN0195,terminal,1,3,0,0,0.0,3,1.0
2024-04-01,LNGN0199,terminal,0,0,0,0,0.0,0,0.0
2024-04-01,LNGN0206,terminal,1,1,0,1,1.0,0,0.0
2024-04-01,LNGN0207,terminal,1,1,0,1,1.0,0,0.0
2024-04-01,LNGN0208,terminal,1,2,0,0,0.0,2,1.0
2024-04-01,LNGN0210,terminal,1,1,0,1,1.0,0,0.0
2024-04-01,LNGN0212,terminal,0,0,0,0,0.0,0,0.0
2024-04-01,LNGN0219,terminal,1,1,0,1,1.0,0,0.0
2024-04-01,LNGN0222,terminal,0,0,0,0,0.0,0,0.0
2024-04-01,LNGN0230,terminal,1,3,0,0,0.0,0,0.0
2024-04-01,LNGN0232,terminal,1,2,0,0,0.0,0,0.0
2024-04-01,LNGN0237,terminal,0,0,0,0,0.0,0,0.0
2024-04-01,LNGN0238,terminal,1,1,0,1,1.0,0,0.0
2024-04-01,LNGN0241,terminal,0,0,0,0,0.0,0,0.0
2024-04-01,LNGN0243,terminal,0,0,0,0,0.0,0,0.0
2024-04-01,LNGN0244,terminal,1,2,0,0,0.0,0,0.0
2024-04-01,LNGN0248,terminal,1,1,0,1,1.0,0,0.0
2024-04-01,LNGN0250,terminal,1,1,0,1,1.0,0,0.0
2024-04-01,LNGN0251,terminal,1,1,0,1,1.0,0,0.0
2024-04-01,LNGN0253,terminal,0,0,0,0,0.0,0,0.0
2024-04-01,LNGN0258,terminal,0,0,0,0,0.0,0,0.0
2024-04-01,LNGN0261,terminal,1,4,0,0,0.0,4,1.0
2024-04-01,LNGN0262,terminal,0,0,0,0,0.0,0,0.0
2024-04-01,LNGN0268,terminal,0,0,0,0,0.0,0,0.0
2024-04-01,LNGN0270,terminal,1,2,0,0,0.0,2,1.0
2024-04-01,LNGN0272,terminal,0,0,0,0,0.0,0,0.0
2024-04-01,LNGN0274,terminal,1,2,0,0,0.0,2,1.0
2024-04-01,LNGN0278,terminal,1,1,0,1,1.0,0,0.0
2024-04-01,LNGN0285,terminal,0,0,0,0,0.0,0,0.0
2024-04-01,LNGN0287,terminal,1,1,0,1,1.0,0,0.0
2024-04-01,LNGN0288,terminal,1,1,0,1,1.0,0,0.0
2024-04-01,LNGN0290,terminal,0,0,0,0,0.0,0,0.0
2024-04-01,LNGN0291,terminal,0,0,0,0,0.0,0,0.0
2024-04-01,LNGN0293,terminal,1,1,0,1,1.0,0,0.0
2024-04-01,LNGN0294,terminal,1,1,0,1,1.0,0,0.0
2024-04-01,LNGN0297,terminal,1,1,0,1,1.0,0,0.0
2024-04-01,LNGN0299,terminal,0,0,0,0,0.0,0,0.0
2024-04-01,LNGN0307,terminal,0,0,0,0,0.0,0,0.0
2024-04-01,LNGN0308,terminal,1,1,0,1,1.0,0,0.0
2024-04-01,LNGN0309,terminal,1,1,0,1,1.0,0,0.0
2024-04-01,LNGN0312,terminal,1,2,0,0,0.0,2,1.0
2024-04-01,LNGN0314,terminal,1,1,0,1,1.0,0,0.0
2024-04-01,LNGN0319,terminal,1,1,0,1,1.0,0,0.0
2024-04-01,LNGN0322,terminal,1,2,0,0,0.0,2,1.0
2024-04-01,LNGN0324,terminal,1,1,0,1,1.0,0,0.0
2024-04-01,LNGN0328,terminal,1,2,0,0,0.0,0,0.0
2024-04-01,LNGN0331,terminal,1,2,0,0,0.0,0,0.0
2024-04-01,LNGN0334,terminal,1,1,0,1,1.0,0,0.0
2024-04-01,LNGN0344,terminal,0,0,0,0,0.0,0,0.0
2024-04-01,LNGN0345,terminal,1,4,0,0,0.0,1,0.25
2024-04-01,LNGN0347,terminal,1,2,0,0,0.0,0,0.0
2024-04-01,LNGN0348,terminal,0,0,0,0,0.0,0,0.0
2024-04-01,LNGN0351,terminal,1,1,0,1,1.0,0,0.0
2024-04-01,LNGN0354,terminal,1,1,0,1,1.0,0,0.0
2024-04-01,LNGN0359,terminal,0,0,0,0,0.0,0,0.0
2024-04-01,LNGN0361,terminal,0,0,0,0,0.0,0,0.0
2024-04-01,LNGN0362,terminal,1,1,0,1,1.0,0,0.0
2024-04-01,LNGN0363,terminal,1,2,0,0,0.0,2,1.0
2024-04-01,LNGN0364,terminal,0,0,0,0,0.0,0,0.0
2024-04-01,LNGN0372,terminal,0,0,0,0,0.0,0,0.0
2024-04-01,LNGN0374,terminal,1,3,0,0,0.0,3,1.0
2024-04-01,LNGN0378,terminal,1,2,1,2,1.0,0,0.0
2024-04-01,LNGN0381,terminal,0,0,0,0,0.0,0,0.0
2024-04-01,LNGN0382,terminal,0,0,0,0,0.0,0,0.0
2024-04-01,LNGN0385,terminal,1,4,0,0,0.0,2,0.5
2024-04-01,LNGN0391,terminal,0,0,0,0,0.0,0,0.0
2024-04-01,LNGN0398,terminal,1,1,0,1,1.0,0,0.0
2024-04-01,LNGN0405,terminal,1,1,0,1,1.0,0,0.0
2024-04-01,LNGN0421,terminal,1,1,0,1,1.0,0,0.0
2024-04-01,LNGN0423,terminal,1,1,0,1,1.0,0,0.0
2024-04-01,LNGN0425,terminal,0,0,0,0,0.0,0,0.0
2024-04-01,LNGN0426,terminal,1,1,0,1,1.0,0,0.0
2024-04-01,LNGN0427,terminal,1,1,0,1,1.0,0,0.0
2024-04-01,LNGN0428,terminal,0,0,0,0,0.0,0,0.0
2024-04-01,LNGN0429,terminal,0,0,0,0,0.0,0,0.0
2024-04-01,LNGN0435,terminal,1,3,1,3,1.0,0,0.0
2024-04-01,LNGN0437,terminal,1,1,0,1,1.0,0,0.0
2024-04-01,LNGN0441,terminal,1,2,0,0,0.0,2,1.0
2024-04-01,LNGN0442,terminal,1,1,0,1,1.0,0,0.0
2024-04-01,LNGN0447,terminal,0,0,0,0,0.0,0,0.0
2024-04-01,LNGN0449,terminal,1,1,0,1,1.0,0,0.0
2024-04-01,LNGN0452,terminal,1,7,1,1,0.14285714285714285,2,0.2857142857142857
2024-04-01,LNGN0453,terminal,0,0,0,0,0.0,0,0.0
2024-04-01,LNGN0460,terminal,1,2,0,0,0.0,2,1.0
2024-04-01,LNGN0463,terminal,1,2,0,0,0.0,0,0.0
2024-04-01,LNGN0464,terminal,1,4,0,0,0.0,0,0.0
2024-04-01,LNGN0472,terminal,1,1,0,1,1.0,0,0.0
2024-04-01,LNGN0473,terminal,1,1,0,1,1.0,0,0.0
2024-04-01,LNGN0474,terminal,1,1,0,1,1.0,0,0.0
2024-05-01,CP001,chokepoint,1,6,0,0,0.0,1,0.16666666666666666
2024-05-01,CP002,chokepoint,1,4,1,1,0.25,3,0.75
2024-05-01,CP004,chokepoint,1,6,1,1,0.16666666666666666,2,0.3333333333333333
2024-05-01,CP005,chokepoint,1,13,1,3,0.23076923076923078,6,0.46153846153846156
2024-05-01,CP006,chokepoint,1,9,1,2,0.2222222222222222,2,0.2222222222222222
2024-05-01,CP007,chokepoint,1,5,1,2,0.4,3,0.6
2024-05-01,CP008,chokepoint,1,17,1,2,0.11764705882352941,2,0.11764705882352941
2024-05-01,CP009,chokepoint,1,12,1,3,0.25,1,0.08333333333333333
2024-05-01,CP010,chokepoint,1,9,1,4,0.4444444444444444,2,0.2222222222222222
2024-05-01,CP011,chokepoint,1,8,1,3,0.375,2,0.25
2024-05-01,CP012,chokepoint,1,10,1,4,0.4,3,0.3
2024-05-01,CP013,chokepoint,1,2,0,0,0.0,2,1.0
2024-05-01,CP014,chokepoint,1,6,1,2,0.3333333333333333,2,0.3333333333333333
2024-05-01,CP015,chokepoint,1,6,1,3,0.5,3,0.5
2024-05-01,CP016,chokepoint,1,5,1,3,0.6,2,0.4
2024-05-01,CP017,chokepoint,0,0,0,0,0.0,0,0.0
2024-05-01,CP018,chokepoint,1,2,1,2,1.0,0,0.0
2024-05-01,CP019,chokepoint,1,5,1,1,0.2,4,0.8
2024-05-01,CP020,chokepoint,1,2,0,0,0.0,2,1.0
2024-05-01,CP021,chokepoint,0,0,0,0,0.0,0,0.0
2024-05-01,CP022,chokepoint,1,4,1,1,0.25,3,0.75
2024-05-01,CP023,chokepoint,0,0,0,0,0.0,0,0.0
2024-05-01,CP024,chokepoint,0,0,0,0,0.0,0,0.0
2024-05-01,CP027,chokepoint,1,6,1,1,0.16666666666666666,5,0.8333333333333334
2024-05-01,LNGN0004,terminal,0,0,0,0,0.0,0,0.0
2024-05-01,LNGN0006,terminal,0,0,0,0,0.0,0,0.0
2024-05-01,LNGN0008,terminal,1,2,0,0,0.0,0,0.0
2024-05-01,LNGN0013,terminal,1,1,0,1,1.0,0,0.0
2024-05-01,LNGN0017,terminal,0,0,0,0,0.0,0,0.0
2024-05-01,LNGN0025,terminal,1,1,0,1,1.0,0,0.0
2024-05-01,LNGN0026,terminal,1,7,0,0,0.0,0,0.0
2024-05-01,LNGN0027,terminal,1,3,1,1,0.3333333333333333,2,0.6666666666666666
2024-05-01,LNGN0031,terminal,0,0,0,0,0.0,0,0.0
2024-05-01,LNGN0035,terminal,1,3,0,0,0.0,1,0.3333333333333333
2024-05-01,LNGN0037,terminal,1,1,0,1,1.0,0,0.0
2024-05-01,LNGN0039,terminal,0,0,0,0,0.0,0,0.0
2024-05-01,LNGN0040,terminal,0,0,0,0,0.0,0,0.0
2024-05-01,LNGN0044,terminal,1,1,0,1,1.0,0,0.0
2024-05-01,LNGN0045,terminal,0,0,0,0,0.0,0,0.0
2024-05-01,LNGN0050,terminal,1,1,0,1,1.0,0,0.0
2024-05-01,LNGN0052,terminal,0,0,0,0,0.0,0,0.0
2024-05-01,LNGN0055,terminal,0,0,0,0,0.0,0,0.0
2024-05-01,LNGN0056,terminal,1,2,0,0,0.0,0,0.0
2024-05-01,LNGN0059,terminal,0,0,0,0,0.0,0,0.0
2024-05-01,LNGN0069,terminal,0,0,0,0,0.0,0,0.0
2024-05-01,LNGN0070,terminal,1,4,1,1,0.25,0,0.0
2024-05-01,LNGN0074,terminal,0,0,0,0,0.0,0,0.0
2024-05-01,LNGN0075,terminal,0,0,0,0,0.0,0,0.0
2024-05-01,LNGN0076,terminal,1,1,0,1,1.0,0,0.0
2024-05-01,LNGN0079,terminal,0,0,0,0,0.0,0,0.0
2024-05-01,LNGN0081,terminal,1,1,0,1,1.0,0,0.0
2024-05-01,LNGN0083,terminal,0,0,0,0,0.0,0,0.0
2024-05-01,LNGN0085,terminal,1,2,0,0,0.0,2,1.0
2024-05-01,LNGN0087,terminal,0,0,0,0,0.0,0,0.0
2024-05-01,LNGN0097,terminal,1,1,0,1,1.0,0,0.0
2024-05-01,LNGN0098,terminal,0,0,0,0,0.0,0,0.0
2024-05-01,LNGN0100,terminal,1,1,0,1,1.0,0,0.0
2024-05-01,LNGN0101,terminal,0,0,0,0,0.0,0,0.0
2024-05-01,LNGN0102,terminal,0,0,0,0,0.0,0,0.0
2024-05-01,LNGN0103,terminal,0,0,0,0,0.0,0,0.0
2024-05-01,LNGN0108,terminal,1,1,0,1,1.0,0,0.0
2024-05-01,LNGN0109,terminal,1,1,0,1,1.0,0,0.0
2024-05-01,LNGN0112,terminal,0,0,0,0,0.0,0,0.0
2024-05-01,LNGN0115,terminal,0,0,0,0,0.0,0,0.0
2024-05-01,LNGN0121,terminal,1,4,0,0,0.0,1,0.25
2024-05-01,LNGN0122,terminal,0,0,0,0,0.0,0,0.0
2024-05-01,LNGN0124,terminal,1,4,1,1,0.25,3,0.75
2024-05-01,LNGN0130,terminal,1,1,0,1,1.0,0,0.0
2024-05-01,LNGN0132,terminal,1,3,0,0,0.0,1,0.3333333333333333
2024-05-01,LNGN0136,terminal,1,1,0,1,1.0,0,0.0
2024-05-01,LNGN0138,terminal,0,0,0,0,0.0,0,0.0
2024-05-01,LNGN0142,terminal,1,1,0,1,1.0,0,0.0
2024-05-01,LNGN0143,terminal,0,0,0,0,0.0,0,0.0
2024-05-01,LNGN0144,terminal,1,2,0,0,0.0,2,1.0
2024-05-01,LNGN0148,terminal,0,0,0,0,0.0,0,0.0
2024-05-01,LNGN0150,terminal,0,0,0,0,0.0,0,0.0
2024-05-01,LNGN0156,terminal,0,0,0,0,0.0,0,0.0
2024-05-01,LNGN0163,terminal,0,0,0,0,0.0,0,0.0
2024-05-01,LNGN0164,terminal,0,0,0,0,0.0,0,0.0
2024-05-01,LNGN0165,terminal,0,0,0,0,0.0,0,0.0
2024-05-01,LNGN0166,terminal,1,3,0,0,0.0,3,1.0
2024-05-01,LNGN0168,terminal,1,1,0,1,1.0,0,0.0
2024-05-01,LNGN0170,terminal,0,0,0,0,0.0,0,0.0
2024-05-01,LNGN0173,terminal,0,0,0,0,0.0,0,0.0
2024-05-01,LNGN0174,terminal,0,0,0,0,0.0,0,0.0
2024-05-01,LNGN0175,terminal,1,2,0,0,0.0,2,1.0
2024-05-01,LNGN0176,terminal,0,0,0,0,0.0,0,0.0
2024-05-01,LNGN0178,terminal,1,1,0,1,1.0,0,0.0
2024-05-01,LNGN0180,terminal,0,0,0,0,0.0,0,0.0
2024-05-01,LNGN0181,terminal,1,2,0,0,0.0,0,0.0
2024-05-01,LNGN0182,terminal,1,1,0,1,1.0,0,0.0
2024-05-01,LNGN0186,terminal,0,0,0,0,0.0,0,0.0
2024-05-01,LNGN0190,terminal,0,0,0,0,0.0,0,0.0
2024-05-01,LNGN0191,terminal,1,2,0,0,0.0,2,1.0
2024-05-01,LNGN0195,terminal,1,1,0,1,1.0,0,0.0
2024-05-01,LNGN0199,terminal,0,0,0,0,0.0,0,0.0
2024-05-01,LNGN0206,terminal,0,0,0,0,0.0,0,0.0
2024-05-01,LNGN0207,terminal,0,0,0,0,0.0,0,0.0
2024-05-01,LNGN0208,terminal,1,2,0,0,0.0,0,0.0
2024-05-01,LNGN0210,terminal,1,2,0,0,0.0,0,0.0
2024-05-01,LNGN0212,terminal,0,0,0,0,0.0,0,0.0
2024-05-01,LNGN0219,terminal,0,0,0,0,0.0,0,0.0
2024-05-01,LNGN0222,terminal,1,1,0,1,1.0,0,0.0
2024-05-01,LNGN0230,terminal,1,2,0,0,0.0,2,1.0
2024-05-01,LNGN0232,terminal,1,2,0,0,0.0,0,0.0
2024-05-01,LNGN0237,terminal,0,0,0,0,0.0,0,0.0
2024-05-01,LNGN0238,terminal,1,1,0,1,1.0,0,0.0
2024-05-01,LNGN0241,terminal,0,0,0,0,0.0,0,0.0
2024-05-01,LNGN0243,terminal,0,0,0,0,0.0,0,0.0
2024-05-01,LNGN0244,terminal,1,2,0,0,0.0,0,0.0
2024-05-01,LNGN0248,terminal,1,3,0,0,0.0,3,1.0
2024-05-01,LNGN0250,terminal,1,1,0,1,1.0,0,0.0
2024-05-01,LNGN0251,terminal,0,0,0,0,0.0,0,0.0
2024-05-01,LNGN0253,terminal,0,0,0,0,0.0,0,0.0
2024-05-01,LNGN0258,terminal,1,1,0,1,1.0,0,0.0
2024-05-01,LNGN0261,terminal,1,6,1,3,0.5,1,0.16666666666666666
2024-05-01,LNGN0262,terminal,0,0,0,0,0.0,0,0.0
2024-05-01,LNGN0268,terminal,1,1,0,1,1.0,0,0.0
2024-05-01,LNGN0270,terminal,1,1,0,1,1.0,0,0.0
2024-05-01,LNGN0272,terminal,0,0,0,0,0.0,0,0.0
2024-05-01,LNGN0274,terminal,1,1,0,1,1.0,0,0.0
2024-05-01,LNGN0278,terminal,1,1,0,1,1.0,0,0.0
2024-05-01,LNGN0285,terminal,1,1,0,1,1.0,0,0.0
2024-05-01,LNGN0287,terminal,1,1,0,1,1.0,0,0.0
2024-05-01,LNGN0288,terminal,0,0,0,0,0.0,0,0.0
2024-05-01,LNGN0290,terminal,0,0,0,0,0.0,0,0.0
2024-05-01,LNGN0291,terminal,0,0,0,0,0.0,0,0.0
2024-05-01,LNGN0293,terminal,0,0,0,0,0.0,0,0.0
2024-05-01,LNGN0294,terminal,1,2,0,0,0.0,0,0.0
2024-05-01,LNGN0297,terminal,1,2,0,0,0.0,2,1.0
2024-05-01,LNGN0299,terminal,0,0,0,0,0.0,0,0.0
2024-05-01,LNGN0307,terminal,0,0,0,0,0.0,0,0.0
2024-05-01,LNGN0308,terminal,0,0,0,0,0.0,0,0.0
2024-05-01,LNGN0309,terminal,1,1,0,1,1.0,0,0.0
2024-05-01,LNGN0312,terminal,1,1,0,1,1.0,0,0.0
2024-05-01,LNGN0314,terminal,1,1,0,1,1.0,0,0.0
2024-05-01,LNGN0319,terminal,1,2,0,0,0.0,0,0.0
2024-05-01,LNGN0322,terminal,1,1,0,1,1.0,0,0.0
2024-05-01,LNGN0324,terminal,1,1,0,1,1.0,0,0.0
2024-05-01,LNGN0328,terminal,1,3,0,0,0.0,1,0.3333333333333333
2024-05-01,LNGN0331,terminal,0,0,0,0,0.0,0,0.0
2024-05-01,LNGN0334,terminal,1,1,0,1,1.0,0,0.0
2024-05-01,LNGN0344,terminal,0,0,0,0,0.0,0,0.0
2024-05-01,LNGN0345,terminal,1,5,0,0,0.0,2,0.4
2024-05-01,LNGN0347,terminal,0,0,0,0,0.0,0,0.0
2024-05-01,LNGN0348,terminal,0,0,0,0,0.0,0,0.0
2024-05-01,LNGN0351,terminal,1,1,0,1,1.0,0,0.0
2024-05-01,LNGN0354,terminal,1,1,0,1,1.0,0,0.0
2024-05-01,LNGN0359,terminal,0,0,0,0,0.0,0,0.0
2024-05-01,LNGN0361,terminal,0,0,0,0,0.0,0,0.0
2024-05-01,LNGN0362,terminal,0,0,0,0,0.0,0,0.0
2024-05-01,LNGN0363,terminal,0,0,0,0,0.0,0,0.0
2024-05-01,LNGN0364,terminal,0,0,0,0,0.0,0,0.0
2024-05-01,LNGN0372,terminal,0,0,0,0,0.0,0,0.0
2024-05-01,LNGN0374,terminal,1,1,0,1,1.0,0,0.0
2024-05-01,LNGN0378,terminal,1,3,1,1,0.3333333333333333,2,0.6666666666666666
2024-05-01,LNGN0381,terminal,1,1,0,1,1.0,0,0.0
2024-05-01,LNGN0382,terminal,0,0,0,0,0.0,0,0.0
2024-05-01,LNGN0385,terminal,1,1,0,1,1.0,0,0.0
2024-05-01,LNGN0391,terminal,0,0,0,0,0.0,0,0.0
2024-05-01,LNGN0398,terminal,1,1,0,1,1.0,0,0.0
2024-05-01,LNGN0405,terminal,1,1,0,1,1.0,0,0.0
2024-05-01,LNGN0421,terminal,0,0,0,0,0.0,0,0.0
2024-05-01,LNGN0423,terminal,1,2,0,0,0.0,0,0.0
2024-05-01,LNGN0425,terminal,0,0,0,0,0.0,0,0.0
2024-05-01,LNGN0426,terminal,1,1,0,1,1.0,0,0.0
2024-05-01,LNGN0427,terminal,1,1,0,1,1.0,0,0.0
2024-05-01,LNGN0428,terminal,0,0,0,0,0.0,0,0.0
2024-05-01,LNGN0429,terminal,0,0,0,0,0.0,0,0.0
2024-05-01,LNGN0435,terminal,1,3,1,3,1.0,0,0.0
2024-05-01,LNGN0437,terminal,1,1,0,1,1.0,0,0.0
2024-05-01,LNGN0441,terminal,1,1,0,1,1.0,0,0.0
2024-05-01,LNGN0442,terminal,1,1,0,1,1.0,0,0.0
2024-05-01,LNGN0447,terminal,0,0,0,0,0.0,0,0.0
2024-05-01,LNGN0449,terminal,0,0,0,0,0.0,0,0.0
2024-05-01,LNGN0452,terminal,1,5,0,0,0.0,2,0.4
2024-05-01,LNGN0453,terminal,0,0,0,0,0.0,0,0.0
2024-05-01,LNGN0460,terminal,1,1,0,1,1.0,0,0.0
2024-05-01,LNGN0463,terminal,1,2,0,0,0.0,2,1.0
2024-05-01,LNGN0464,terminal,1,2,0,0,0.0,2,1.0
2024-05-01,LNGN0472,terminal,0,0,0,0,0.0,0,0.0
2024-05-01,LNGN0473,terminal,1,2,0,0,0.0,2,1.0
2024-05-01,LNGN0474,terminal,1,1,0,1,1.0,0,0.0
2024-06-01,CP001,chokepoint,1,6,0,0,0.0,1,0.16666666666666666
2024-06-01,CP002,chokepoint,1,2,0,0,0.0,2,1.0
2024-06-01,CP004,chokepoint,1,3,0,0,0.0,1,0.3333333333333333
2024-06-01,CP005,chokepoint,1,14,1,5,0.35714285714285715,2,0.14285714285714285
2024-06-01,CP006,chokepoint,1,7,1,1,0.14285714285714285,2,0.2857142857142857
2024-06-01,CP007,chokepoint,1,5,1,2,0.4,3,0.6
2024-06-01,CP008,chokepoint,1,13,1,5,0.38461538461538464,1,0.07692307692307693
2024-06-01,CP009,chokepoint,1,15,1,5,0.3333333333333333,0,0.0
2024-06-01,CP010,chokepoint,1,10,1,5,0.5,0,0.0
2024-06-01,CP011,chokepoint,1,4,1,2,0.5,2,0.5
2024-06-01,CP012,chokepoint,1,3,1,3,1.0,0,0.0
2024-06-01,CP013,chokepoint,0,0,0,0,0.0,0,0.0
2024-06-01,CP014,chokepoint,0,0,0,0,0.0,0,0.0
2024-06-01,CP015,chokepoint,1,6,1,2,0.3333333333333333,2,0.3333333333333333
2024-06-01,CP016,chokepoint,1,4,0,0,0.0,4,1.0
2024-06-01,CP017,chokepoint,0,0,0,0,0.0,0,0.0
2024-06-01,CP018,chokepoint,1,2,1,2,1.0,0,0.0
2024-06-01,CP019,chokepoint,1,3,0,0,0.0,3,1.0
2024-06-01,CP020,chokepoint,1,2,0,0,0.0,2,1.0
2024-06-01,CP021,chokepoint,0,0,0,0,0.0,0,0.0
2024-06-01,CP022,chokepoint,1,2,0,0,0.0,2,1.0
2024-06-01,CP023,chokepoint,0,0,0,0,0.0,0,0.0
2024-06-01,CP024,chokepoint,1,2,1,2,1.0,0,0.0
2024-06-01,CP027,chokepoint,1,5,1,2,0.4,3,0.6
2024-06-01,LNGN0004,terminal,0,0,0,0,0.0,0,0.0
2024-06-01,LNGN0006,terminal,0,0,0,0,0.0,0,0.0
2024-06-01,LNGN0008,terminal,1,2,0,0,0.0,0,0.0
2024-06-01,LNGN0013,terminal,0,0,0,0,0.0,0,0.0
2024-06-01,LNGN0017,terminal,0,0,0,0,0.0,0,0.0
2024-06-01,LNGN0025,terminal,1,1,0,1,1.0,0,0.0
2024-06-01,LNGN0026,terminal,1,3,0,0,0.0,0,0.0
2024-06-01,LNGN0027,terminal,1,2,1,2,1.0,0,0.0
2024-06-01,LNGN0031,terminal,0,0,0,0,0.0,0,0.0
2024-06-01,LNGN0035,terminal,1,2,0,0,0.0,0,0.0
2024-06-01,LNGN0037,terminal,1,1,0,1,1.0,0,0.0
2024-06-01,LNGN0039,terminal,0,0,0,0,0.0,0,0.0
2024-06-01,LNGN0040,terminal,0,0,0,0,0.0,0,0.0
2024-06-01,LNGN0044,terminal,0,0,0,0,0.0,0,0.0
2024-06-01,LNGN0045,terminal,0,0,0,0,0.0,0,0.0
2024-06-01,LNGN0050,terminal,1,1,0,1,1.0,0,0.0
2024-06-01,LNGN0052,terminal,0,0,0,0,0.0,0,0.0
2024-06-01,LNGN0055,terminal,0,0,0,0,0.0,0,0.0
2024-06-01,LNGN0056,terminal,1,2,0,0,0.0,0,0.0
2024-06-01,LNGN0059,terminal,0,0,0,0,0.0,0,0.0
2024-06-01,LNGN0069,terminal,0,0,0,0,0.0,0,0.0
2024-06-01,LNGN0070,terminal,1,1,0,1,1.0,0,0.0
2024-06-01,LNGN0074,terminal,0,0,0,0,0.0,0,0.0
2024-06-01,LNGN0075,terminal,0,0,0,0,0.0,0,0.0
2024-06-01,LNGN0076,terminal,1,1,0,1,1.0,0,0.0
2024-06-01,LNGN0079,terminal,0,0,0,0,0.0,0,0.0
2024-06-01,LNGN0081,terminal,0,0,0,0,0.0,0,0.0
2024-06-01,LNGN0083,terminal,0,0,0,0,0.0,0,0.0
2024-06-01,LNGN0085,terminal,1,2,0,0,0.0,2,1.0
2024-06-01,LNGN0087,terminal,0,0,0,0,0.0,0,0.0
2024-06-01,LNGN0097,terminal,1,1,0,1,1.0,0,0.0
2024-06-01,LNGN0098,terminal,0,0,0,0,0.0,0,0.0
2024-06-01,LNGN0100,terminal,1,1,0,1,1.0,0,0.0
2024-06-01,LNGN0101,terminal,1,1,0,1,1.0,0,0.0
2024-06-01,LNGN0102,terminal,0,0,0,0,0.0,0,0.0
2024-06-01,LNGN0103,terminal,1,1,0,1,1.0,0,0.0
2024-06-01,LNGN0108,terminal,0,0,0,0,0.0,0,0.0
2024-06-01,LNGN0109,terminal,1,1,0,1,1.0,0,0.0
2024-06-01,LNGN0112,terminal,0,0,0,0,0.0,0,0.0
2024-06-01,LNGN0115,terminal,0,0,0,0,0.0,0,0.0
2024-06-01,LNGN0121,terminal,0,0,0,0,0.0,0,0.0
2024-06-01,LNGN0122,terminal,0,0,0,0,0.0,0,0.0
2024-06-01,LNGN0124,terminal,1,2,0,0,0.0,2,1.0
2024-06-01,LNGN0130,terminal,1,1,0,1,1.0,0,0.0
2024-06-01,LNGN0132,terminal,1,3,0,0,0.0,0,0.0
2024-06-01,LNGN0136,terminal,1,1,0,1,1.0,0,0.0
2024-06-01,LNGN0138,terminal,0,0,0,0,0.0,0,0.0
2024-06-01,LNGN0142,terminal,1,1,0,1,1.0,0,0.0
2024-06-01,LNGN0143,terminal,0,0,0,0,0.0,0,0.0
2024-06-01,LNGN0144,terminal,1,1,0,1,1.0,0,0.0
2024-06-01,LNGN0148,terminal,0,0,0,0,0.0,0,0.0
2024-06-01,LNGN0150,terminal,0,0,0,0,0.0,0,0.0
2024-06-01,LNGN0156,terminal,1,1,0,1,1.0,0,0.0
2024-06-01,LNGN0163,terminal,0,0,0,0,0.0,0,0.0
2024-06-01,LNGN0164,terminal,0,0,0,0,0.0,0,0.0
2024-06-01,LNGN0165,terminal,0,0,0,0,0.0,0,0.0
2024-06-01,LNGN0166,terminal,1,2,0,0,0.0,0,0.0
2024-06-01,LNGN0168,terminal,1,1,0,1,1.0,0,0.0
2024-06-01,LNGN0170,terminal,0,0,0,0,0.0,0,0.0
2024-06-01,LNGN0173,terminal,1,1,0,1,1.0,0,0.0
2024-06-01,LNGN0174,terminal,0,0,0,0,0.0,0,0.0
2024-06-01,LNGN0175,terminal,1,1,0,1,1.0,0,0.0
2024-06-01,LNGN0176,terminal,0,0,0,0,0.0,0,0.0
2024-06-01,LNGN0178,terminal,0,0,0,0,0.0,0,0.0
2024-06-01,LNGN0180,terminal,0,0,0,0,0.0,0,0.0
2024-06-01,LNGN0181,terminal,1,2,1,2,1.0,0,0.0
2024-06-01,LNGN0182,terminal,0,0,0,0,0.0,0,0.0
2024-06-01,LNGN0186,terminal,0,0,0,0,0.0,0,0.0
2024-06-01,LNGN0190,terminal,0,0,0,0,0.0,0,0.0
2024-06-01,LNGN0191,terminal,1,2,0,0,0.0,2,1.0
2024-06-01,LNGN0195,terminal,1,2,0,0,0.0,0,0.0
2024-06-01,LNGN0199,terminal,0,0,0,0,0.0,0,0.0
2024-06-01,LNGN0206,terminal,0,0,0,0,0.0,0,0.0
2024-06-01,LNGN0207,terminal,1,1,0,1,1.0,0,0.0
2024-06-01,LNGN0208,terminal,1,1,0,1,1.0,0,0.0
2024-06-01,LNGN0210,terminal,1,2,0,0,0.0,0,0.0
2024-06-01,LNGN0212,terminal,0,0,0,0,0.0,0,0.0
2024-06-01,LNGN0219,terminal,0,0,0,0,0.0,0,0.0
2024-06-01,LNGN0222,terminal,0,0,0,0,0.0,0,0.0
2024-06-01,LNGN0230,terminal,1,4,0,0,0.0,1,0.25
2024-06-01,LNGN0232,terminal,0,0,0,0,0.0,0,0.0
2024-06-01,LNGN0237,terminal,0,0,0,0,0.0,0,0.0
2024-06-01,LNGN0238,terminal,1,1,0,1,1.0,0,0.0
2024-06-01,LNGN0241,terminal,0,0,0,0,0.0,0,0.0
2024-06-01,LNGN0243,terminal,0,0,0,0,0.0,0,0.0
2024-06-01,LNGN0244,terminal,1,2,0,0,0.0,0,0.0
2024-06-01,LNGN0248,terminal,1,1,0,1,1.0,0,0.0
2024-06-01,LNGN0250,terminal,1,1,0,1,1.0,0,0.0
2024-06-01,LNGN0251,terminal,0,0,0,0,0.0,0,0.0
2024-06-01,LNGN0253,terminal,0,0,0,0,0.0,0,0.0
2024-06-01,LNGN0258,terminal,0,0,0,0,0.0,0,0.0
2024-06-01,LNGN0261,terminal,1,5,1,1,0.2,1,0.2
2024-06-01,LNGN0262,terminal,0,0,0,0,0.0,0,0.0
2024-06-01,LNGN0268,terminal,0,0,0,0,0.0,0,0.0
2024-06-01,LNGN0270,terminal,1,2,0,0,0.0,2,1.0
2024-06-01,LNGN0272,terminal,0,0,0,0,0.0,0,0.0
2024-06-01,LNGN0274,terminal,1,1,0,1,1.0,0,0.0
2024-06-01,LNGN0278,terminal,0,0,0,0,0.0,0,0.0
2024-06-01,LNGN0285,terminal,1,1,0,1,1.0,0,0.0
2024-06-01,LNGN0287,terminal,0,0,0,0,0.0,0,0.0
2024-06-01,LNGN0288,terminal,1,1,0,1,1.0,0,0.0
2024-06-01,LNGN0290,terminal,0,0,0,0,0.0,0,0.0
2024-06-01,LNGN0291,terminal,1,1,0,1,1.0,0,0.0
2024-06-01,LNGN0293,terminal,0,0,0,0,0.0,0,0.0
2024-06-01,LNGN0294,terminal,0,0,0,0,0.0,0,0.0
2024-06-01,LNGN0297,terminal,1,2,0,0,0.0,2,1.0
2024-06-01,LNGN0299,terminal,1,1,0,1,1.0,0,0.0
2024-06-01,LNGN0307,terminal,0,0,0,0,0.0,0,0.0
2024-06-01,LNGN0308,terminal,1,1,0,1,1.0,0,0.0
2024-06-01,LNGN0309,terminal,1,3,0,0,0.0,1,0.3333333333333333
2024-06-01,LNGN0312,terminal,1,1,0,1,1.0,0,0.0
2024-06-01,LNGN0314,terminal,1,1,0,1,1.0,0,0.0
2024-06-01,LNGN0319,terminal,0,0,0,0,0.0,0,0.0
2024-06-01,LNGN0322,terminal,1,2,1,2,1.0,0,0.0
2024-06-01,LNGN0324,terminal,0,0,0,0,0.0,0,0.0
2024-06-01,LNGN0328,terminal,1,3,0,0,0.0,1,0.3333333333333333
2024-06-01,LNGN0331,terminal,0,0,0,0,0.0,0,0.0
2024-06-01,LNGN0334,terminal,0,0,0,0,0.0,0,0.0
2024-06-01,LNGN0344,terminal,0,0,0,0,0.0,0,0.0
2024-06-01,LNGN0345,terminal,1,4,0,0,0.0,1,0.25
2024-06-01,LNGN0347,terminal,1,1,0,1,1.0,0,0.0
2024-06-01,LNGN0348,terminal,0,0,0,0,0.0,0,0.0
2024-06-01,LNGN0351,terminal,1,1,0,1,1.0,0,0.0
2024-06-01,LNGN0354,terminal,0,0,0,0,0.0,0,0.0
2024-06-01,LNGN0359,terminal,0,0,0,0,0.0,0,0.0
2024-06-01,LNGN0361,terminal,0,0,0,0,0.0,0,0.0
2024-06-01,LNGN0362,terminal,0,0,0,0,0.0,0,0.0
2024-06-01,LNGN0363,terminal,0,0,0,0,0.0,0,0.0
2024-06-01,LNGN0364,terminal,0,0,0,0,0.0,0,0.0
2024-06-01,LNGN0372,terminal,0,0,0,0,0.0,0,0.0
2024-06-01,LNGN0374,terminal,1,1,0,1,1.0,0,0.0
2024-06-01,LNGN0378,terminal,0,0,0,0,0.0,0,0.0
2024-06-01,LNGN0381,terminal,0,0,0,0,0.0,0,0.0
2024-06-01,LNGN0382,terminal,0,0,0,0,0.0,0,0.0
2024-06-01,LNGN0385,terminal,0,0,0,0,0.0,0,0.0
2024-06-01,LNGN0391,terminal,1,1,0,1,1.0,0,0.0
2024-06-01,LNGN0398,terminal,0,0,0,0,0.0,0,0.0
2024-06-01,LNGN0405,terminal,1,1,0,1,1.0,0,0.0
2024-06-01,LNGN0421,terminal,0,0,0,0,0.0,0,0.0
2024-06-01,LNGN0423,terminal,1,2,0,0,0.0,0,0.0
2024-06-01,LNGN0425,terminal,0,0,0,0,0.0,0,0.0
2024-06-01,LNGN0426,terminal,0,0,0,0,0.0,0,0.0
2024-06-01,LNGN0427,terminal,0,0,0,0,0.0,0,0.0
2024-06-01,LNGN0428,terminal,0,0,0,0,0.0,0,0.0
2024-06-01,LNGN0429,terminal,0,0,0,0,0.0,0,0.0
2024-06-01,LNGN0435,terminal,1,2,1,2,1.0,0,0.0
2024-06-01,LNGN0437,terminal,0,0,0,0,0.0,0,0.0
2024-06-01,LNGN0441,terminal,0,0,0,0,0.0,0,0.0
2024-06-01,LNGN0442,terminal,1,3,0,0,0.0,1,0.3333333333333333
2024-06-01,LNGN0447,terminal,0,0,0,0,0.0,0,0.0
2024-06-01,LNGN0449,terminal,0,0,0,0,0.0,0,0.0
2024-06-01,LNGN0452,terminal,1,5,1,1,0.2,0,0.0
2024-06-01,LNGN0453,terminal,0,0,0,0,0.0,0,0.0
2024-06-01,LNGN0460,terminal,0,0,0,0,0.0,0,0.0
2024-06-01,LNGN0463,terminal,1,1,0,1,1.0,0,0.0
2024-06-01,LNGN0464,terminal,1,3,0,0,0.0,0,0.0
2024-06-01,LNGN0472,terminal,0,0,0,0,0.0,0,0.0
2024-06-01,LNGN0473,terminal,1,2,0,0,0.0,2,1.0
2024-06-01,LNGN0474,terminal,1,1,0,1,1.0,0,0.0
2024-07-01,CP001,chokepoint,1,6,1,1,0.16666666666666666,2,0.3333333333333333
2024-07-01,CP002,chokepoint,1,5,1,1,0.2,4,0.8
2024-07-01,CP004,chokepoint,1,4,0,0,0.0,2,0.5
2024-07-01,CP005,chokepoint,1,11,1,4,0.36363636363636365,3,0.2727272727272727
2024-07-01,CP006,chokepoint,1,8,1,2,0.25,2,0.25
2024-07-01,CP007,chokepoint,1,2,0,0,0.0,2,1.0
2024-07-01,CP008,chokepoint,1,15,1,5,0.3333333333333333,2,0.13333333333333333
2024-07-01,CP009,chokepoint,1,12,1,4,0.3333333333333333,1,0.08333333333333333
2024-07-01,CP010,chokepoint,1,7,1,3,0.42857142857142855,0,0.0
2024-07-01,CP011,chokepoint,1,8,1,4,0.5,4,0.5
2024-07-01,CP012,chokepoint,1,6,1,4,0.6666666666666666,2,0.3333333333333333
2024-07-01,CP013,chokepoint,1,2,0,0,0.0,2,1.0
2024-07-01,CP014,chokepoint,1,6,1,2,0.3333333333333333,4,0.6666666666666666
2024-07-01,CP015,chokepoint,1,9,1,5,0.5555555555555556,2,0.2222222222222222
2024-07-01,CP016,chokepoint,1,5,1,1,0.2,4,0.8
2024-07-01,CP017,chokepoint,1,2,1,2,1.0,0,0.0
2024-07-01,CP018,chokepoint,0,0,0,0,0.0,0,0.0
2024-07-01,CP019,chokepoint,0,0,0,0,0.0,0,0.0
2024-07-01,CP020,chokepoint,1,4,1,2,0.5,2,0.5
2024-07-01,CP021,chokepoint,0,0,0,0,0.0,0,0.0
2024-07-01,CP022,chokepoint,1,3,1,1,0.3333333333333333,2,0.6666666666666666
2024-07-01,CP023,chokepoint,1,2,0,0,0.0,2,1.0
2024-07-01,CP024,chokepoint,0,0,0,0,0.0,0,0.0
2024-07-01,CP027,chokepoint,1,4,0,0,0.0,4,1.0
2024-07-01,LNGN0004,terminal,0,0,0,0,0.0,0,0.0
2024-07-01,LNGN0006,terminal,0,0,0,0,0.0,0,0.0
2024-07-01,LNGN0008,terminal,1,2,0,0,0.0,0,0.0
2024-07-01,LNGN0013,terminal,1,1,0,1,1.0,0,0.0
2024-07-01,LNGN0017,terminal,0,0,0,0,0.0,0,0.0
2024-07-01,LNGN0025,terminal,1,1,0,1,1.0,0,0.0
2024-07-01,LNGN0026,terminal,1,3,1,1,0.3333333333333333,2,0.6666666666666666
2024-07-01,LNGN0027,terminal,1,1,0,1,1.0,0,0.0
2024-07-01,LNGN0031,terminal,0,0,0,0,0.0,0,0.0
2024-07-01,LNGN0035,terminal,1,2,1,2,1.0,0,0.0
2024-07-01,LNGN0037,terminal,1,1,0,1,1.0,0,0.0
2024-07-01,LNGN0039,terminal,1,1,0,1,1.0,0,0.0
2024-07-01,LNGN0040,terminal,1,1,0,1,1.0,0,0.0
2024-07-01,LNGN0044,terminal,1,1,0,1,1.0,0,0.0
2024-07-01,LNGN0045,terminal,0,0,0,0,0.0,0,0.0
2024-07-01,LNGN0050,terminal,1,3,1,1,0.3333333333333333,0,0.0
2024-07-01,LNGN0052,terminal,0,0,0,0,0.0,0,0.0
2024-07-01,LNGN0055,terminal,1,1,0,1,1.0,0,0.0
2024-07-01,LNGN0056,terminal,1,2,0,0,0.0,2,1.0
2024-07-01,LNGN0059,terminal,0,0,0,0,0.0,0,0.0
2024-07-01,LNGN0069,terminal,0,0,0,0,0.0,0,0.0
2024-07-01,LNGN0070,terminal,0,0,0,0,0.0,0,0.0
2024-07-01,LNGN0074,terminal,1,1,0,1,1.0,0,0.0
2024-07-01,LNGN0075,terminal,0,0,0,0,0.0,0,0.0
2024-07-01,LNGN0076,terminal,1,3,1,1,0.3333333333333333,0,0.0
2024-07-01,LNGN0079,terminal,0,0,0,0,0.0,0,0.0
2024-07-01,LNGN0081,terminal,0,0,0,0,0.0,0,0.0
2024-07-01,LNGN0083,terminal,0,0,0,0,0.0,0,0.0
2024-07-01,LNGN0085,terminal,1,2,0,0,0.0,2,1.0
2024-07-01,LNGN0087,terminal,0,0,0,0,0.0,0,0.0
2024-07-01,LNGN0097,terminal,1,1,0,1,1.0,0,0.0
2024-07-01,LNGN0098,terminal,1,1,0,1,1.0,0,0.0
2024-07-01,LNGN0100,terminal,0,0,0,0,0.0,0,0.0
2024-07-01,LNGN0101,terminal,1,2,1,2,1.0,0,0.0
2024-07-01,LNGN0102,terminal,0,0,0,0,0.0,0,0.0
2024-07-01,LNGN0103,terminal,1,2,0,0,0.0,2,1.0
2024-07-01,LNGN0108,terminal,0,0,0,0,0.0,0,0.0
2024-07-01,LNGN0109,terminal,0,0,0,0,0.0,0,0.0
2024-07-01,LNGN0112,terminal,0,0,0,0,0.0,0,0.0
2024-07-01,LNGN0115,terminal,0,0,0,0,0.0,0,0.0
2024-07-01,LNGN0121,terminal,1,1,0,1,1.0,0,0.0
2024-07-01,LNGN0122,terminal,0,0,0,0,0.0,0,0.0
2024-07-01,LNGN0124,terminal,1,1,0,1,1.0,0,0.0
2024-07-01,LNGN0130,terminal,0,0,0,0,0.0,0,0.0
2024-07-01,LNGN0132,terminal,1,3,0,0,0.0,0,0.0
2024-07-01,LNGN0136,terminal,1,1,0,1,1.0,0,0.0
2024-07-01,LNGN0138,terminal,0,0,0,0,0.0,0,0.0
2024-07-01,LNGN0142,terminal,1,1,0,1,1.0,0,0.0
2024-07-01,LNGN0143,terminal,0,0,0,0,0.0,0,0.0
2024-07-01,LNGN0144,terminal,1,1,0,1,1.0,0,0.0
2024-07-01,LNGN0148,terminal,0,0,0,0,0.0,0,0.0
2024-07-01,LNGN0150,terminal,0,0,0,0,0.0,0,0.0
2024-07-01,LNGN0156,terminal,1,1,0,1,1.0,0,0.0
2024-07-01,LNGN0163,terminal,0,0,0,0,0.0,0,0.0
2024-07-01,LNGN0164,terminal,0,0,0,0,0.0,0,0.0
2024-07-01,LNGN0165,terminal,1,1,0,1,1.0,0,0.0
2024-07-01,LNGN0166,terminal,1,3,0,0,0.0,0,0.0
2024-07-01,LNGN0168,terminal,0,0,0,0,0.0,0,0.0
2024-07-01,LNGN0170,terminal,0,0,0,0,0.0,0,0.0
2024-07-01,LNGN0173,terminal,0,0,0,0,0.0,0,0.0
2024-07-01,LNGN0174,terminal,0,0,0,0,0.0,0,0.0
2024-07-01,LNGN0175,terminal,0,0,0,0,0.0,0,0.0
2024-07-01,LNGN0176,terminal,0,0,0,0,0.0,0,0.0
2024-07-01,LNGN0178,terminal,1,1,0,1,1.0,0,0.0
2024-07-01,LNGN0180,terminal,1,1,0,1,1.0,0,0.0
2024-07-01,LNGN0181,terminal,1,1,0,1,1.0,0,0.0
2024-07-01,LNGN0182,terminal,0,0,0,0,0.0,0,0.0
2024-07-01,LNGN0186,terminal,1,2,0,0,0.0,0,0.0
2024-07-01,LNGN0190,terminal,0,0,0,0,0.0,0,0.0
2024-07-01,LNGN0191,terminal,1,2,0,0,0.0,2,1.0
2024-07-01,LNGN0195,terminal,0,0,0,0,0.0,0,0.0
2024-07-01,LNGN0199,terminal,0,0,0,0,0.0,0,0.0
2024-07-01,LNGN0206,terminal,1,1,0,1,1.0,0,0.0
2024-07-01,LNGN0207,terminal,0,0,0,0,0.0,0,0.0
2024-07-01,LNGN0208,terminal,1,1,0,1,1.0,0,0.0
2024-07-01,LNGN0210,terminal,1,2,0,0,0.0,0,0.0
2024-07-01,LNGN0212,terminal,0,0,0,0,0.0,0,0.0
2024-07-01,LNGN0219,terminal,0,0,0,0,0.0,0,0.0
2024-07-01,LNGN0222,terminal,0,0,0,0,0.0,0,0.0
2024-07-01,LNGN0230,terminal,1,2,0,0,0.0,0,0.0
2024-07-01,LNGN0232,terminal,0,0,0,0,0.0,0,0.0
2024-07-01,LNGN0237,terminal,0,0,0,0,0.0,0,0.0
2024-07-01,LNGN0238,terminal,1,1,0,1,1.0,0,0.0
2024-07-01,LNGN0241,terminal,0,0,0,0,0.0,0,0.0
2024-07-01,LNGN0243,terminal,0,0,0,0,0.0,0,0.0
2024-07-01,LNGN0244,terminal,0,0,0,0,0.0,0,0.0
2024-07-01,LNGN0248,terminal,1,2,0,0,0.0,2,1.0
2024-07-01,LNGN0250,terminal,0,0,0,0,0.0,0,0.0
2024-07-01,LNGN0251,terminal,0,0,0,0,0.0,0,0.0
2024-07-01,LNGN0253,terminal,0,0,0,0,0.0,0,0.0
2024-07-01,LNGN0258,terminal,0,0,0,0,0.0,0,0.0
2024-07-01,LNGN0261,terminal,1,5,1,1,0.2,2,0.4
2024-07-01,LNGN0262,terminal,0,0,0,0,0.0,0,0.0
2024-07-01,LNGN0268,terminal,1,1,0,1,1.0,0,0.0
2024-07-01,LNGN0270,terminal,1,4,1,1,0.25,3,0.75
2024-07-01,LNGN0272,terminal,0,0,0,0,0.0,0,0.0
2024-07-01,LNGN0274,terminal,1,1,0,1,1.0,0,0.0
2024-07-01,LNGN0278,terminal,0,0,0,0,0.0,0,0.0
2024-07-01,LNGN0285,terminal,1,1,0,1,1.0,0,0.0
2024-07-01,LNGN0287,terminal,0,0,0,0,0.0,0,0.0
2024-07-01,LNGN0288,terminal,0,0,0,0,0.0,0,0.0
2024-07-01,LNGN0290,terminal,0,0,0,0,0.0,0,0.0
2024-07-01,LNGN0291,terminal,0,0,0,0,0.0,0,0.0
2024-07-01,LNGN0293,terminal,1,1,0,1,1.0,0,0.0
2024-07-01,LNGN0294,terminal,0,0,0,0,0.0,0,0.0
2024-07-01,LNGN0297,terminal,1,3,0,0,0.0,3,1.0
2024-07-01,LNGN0299,terminal,1,1,0,1,1.0,0,0.0
2024-07-01,LNGN0307,terminal,0,0,0,0,0.0,0,0.0
2024-07-01,LNGN0308,terminal,1,2,1,2,1.0,0,0.0
2024-07-01,LNGN0309,terminal,1,1,0,1,1.0,0,0.0
2024-07-01,LNGN0312,terminal,0,0,0,0,0.0,0,0.0
2024-07-01,LNGN0314,terminal,0,0,0,0,0.0,0,0.0
2024-07-01,LNGN0319,terminal,1,1,0,1,1.0,0,0.0
2024-07-01,LNGN0322,terminal,1,1,0,1,1.0,0,0.0
2024-07-01,LNGN0324,terminal,0,0,0,0,0.0,0,0.0
2024-07-01,LNGN0328,terminal,1,3,0,0,0.0,1,0.3333333333333333
2024-07-01,LNGN0331,terminal,0,0,0,0,0.0,0,0.0
2024-07-01,LNGN0334,terminal,0,0,0,0,0.0,0,0.0
2024-07-01,LNGN0344,terminal,0,0,0,0,0.0,0,0.0
2024-07-01,LNGN0345,terminal,1,4,0,0,0.0,4,1.0
2024-07-01,LNGN0347,terminal,1,2,0,0,0.0,2,1.0
2024-07-01,LNGN0348,terminal,0,0,0,0,0.0,0,0.0
2024-07-01,LNGN0351,terminal,1,1,0,1,1.0,0,0.0
2024-07-01,LNGN0354,terminal,1,1,0,1,1.0,0,0.0
2024-07-01,LNGN0359,terminal,1,1,0,1,1.0,0,0.0
2024-07-01,LNGN0361,terminal,0,0,0,0,0.0,0,0.0
2024-07-01,LNGN0362,terminal,0,0,0,0,0.0,0,0.0
2024-07-01,LNGN0363,terminal,0,0,0,0,0.0,0,0.0
2024-07-01,LNGN0364,terminal,0,0,0,0,0.0,0,0.0
2024-07-01,LNGN0372,terminal,0,0,0,0,0.0,0,0.0
2024-07-01,LNGN0374,terminal,1,2,0,0,0.0,2,1.0
2024-07-01,LNGN0378,terminal,1,1,0,1,1.0,0,0.0
2024-07-01,LNGN0381,terminal,1,2,0,0,0.0,2,1.0
2024-07-01,LNGN0382,terminal,0,0,0,0,0.0,0,0.0
2024-07-01,LNGN0385,terminal,1,1,0,1,1.0,0,0.0
2024-07-01,LNGN0391,terminal,0,0,0,0,0.0,0,0.0
2024-07-01,LNGN0398,terminal,0,0,0,0,0.0,0,0.0
2024-07-01,LNGN0405,terminal,1,1,0,1,1.0,0,0.0
2024-07-01,LNGN0421,terminal,1,1,0,1,1.0,0,0.0
2024-07-01,LNGN0423,terminal,1,2,0,0,0.0,2,1.0
2024-07-01,LNGN0425,terminal,0,0,0,0,0.0,0,0.0
2024-07-01,LNGN0426,terminal,0,0,0,0,0.0,0,0.0
2024-07-01,LNGN0427,terminal,0,0,0,0,0.0,0,0.0
2024-07-01,LNGN0428,terminal,1,1,0,1,1.0,0,0.0
2024-07-01,LNGN0429,terminal,1,1,0,1,1.0,0,0.0
2024-07-01,LNGN0435,terminal,1,3,1,3,1.0,0,0.0
2024-07-01,LNGN0437,terminal,0,0,0,0,0.0,0,0.0
2024-07-01,LNGN0441,terminal,1,1,0,1,1.0,0,0.0
2024-07-01,LNGN0442,terminal,1,1,0,1,1.0,0,0.0
2024-07-01,LNGN0447,terminal,0,0,0,0,0.0,0,0.0
2024-07-01,LNGN0449,terminal,0,0,0,0,0.0,0,0.0
2024-07-01,LNGN0452,terminal,1,5,0,0,0.0,1,0.2
2024-07-01,LNGN0453,terminal,0,0,0,0,0.0,0,0.0
2024-07-01,LNGN0460,terminal,0,0,0,0,0.0,0,0.0
2024-07-01,LNGN0463,terminal,1,2,0,0,0.0,2,1.0
2024-07-01,LNGN0464,terminal,1,4,0,0,0.0,0,0.0
2024-07-01,LNGN0472,terminal,0,0,0,0,0.0,0,0.0
2024-07-01,LNGN0473,terminal,1,1,0,1,1.0,0,0.0
2024-07-01,LNGN0474,terminal,1,1,0,1,1.0,0,0.0
2024-08-01,CP001,chokepoint,1,5,0,0,0.0,2,0.4
2024-08-01,CP002,chokepoint,1,3,0,0,0.0,3,1.0
2024-08-01,CP004,chokepoint,1,5,1,2,0.4,1,0.2
2024-08-01,CP005,chokepoint,1,11,1,1,0.09090909090909091,6,0.5454545454545454
2024-08-01,CP006,chokepoint,1,8,1,3,0.375,1,0.125
2024-08-01,CP007,chokepoint,1,5,1,2,0.4,3,0.6
2024-08-01,CP008,chokepoint,1,18,1,9,0.5,2,0.1111111111111111
2024-08-01,CP009,chokepoint,1,11,1,5,0.45454545454545453,1,0.09090909090909091
2024-08-01,CP010,chokepoint,1,5,1,3,0.6,2,0.4
2024-08-01,CP011,chokepoint,1,8,1,3,0.375,2,0.25
2024-08-01,CP012,chokepoint,1,9,1,4,0.4444444444444444,2,0.2222222222222222
2024-08-01,CP013,chokepoint,1,2,0,0,0.0,2,1.0
2024-08-01,CP014,chokepoint,1,4,1,1,0.25,3,0.75
2024-08-01,CP015,chokepoint,1,7,1,2,0.2857142857142857,1,0.14285714285714285
2024-08-01,CP016,chokepoint,1,4,1,1,0.25,3,0.75
2024-08-01,CP017,chokepoint,1,4,1,2,0.5,0,0.0
2024-08-01,CP018,chokepoint,1,2,1,2,1.0,0,0.0
2024-08-01,CP019,chokepoint,1,3,1,1,0.3333333333333333,2,0.6666666666666666
2024-08-01,CP020,chokepoint,1,5,1,2,0.4,1,0.2
2024-08-01,CP021,chokepoint,0,0,0,0,0.0,0,0.0
2024-08-01,CP022,chokepoint,1,3,0,0,0.0,3,1.0
2024-08-01,CP023,chokepoint,1,2,1,2,1.0,0,0.0
2024-08-01,CP024,chokepoint,0,0,0,0,0.0,0,0.0
2024-08-01,CP027,chokepoint,1,4,0,0,0.0,4,1.0
2024-08-01,LNGN0004,terminal,0,0,0,0,0.0,0,0.0
2024-08-01,LNGN0006,terminal,0,0,0,0,0.0,0,0.0
2024-08-01,LNGN0008,terminal,1,2,0,0,0.0,0,0.0
2024-08-01,LNGN0013,terminal,0,0,0,0,0.0,0,0.0
2024-08-01,LNGN0017,terminal,0,0,0,0,0.0,0,0.0
2024-08-01,LNGN0025,terminal,0,0,0,0,0.0,0,0.0
2024-08-01,LNGN0026,terminal,1,3,1,1,0.3333333333333333,2,0.6666666666666666
2024-08-01,LNGN0027,terminal,0,0,0,0,0.0,0,0.0
2024-08-01,LNGN0031,terminal,0,0,0,0,0.0,0,0.0
2024-08-01,LNGN0035,terminal,1,1,0,1,1.0,0,0.0
2024-08-01,LNGN0037,terminal,1,1,0,1,1.0,0,0.0
2024-08-01,LNGN0039,terminal,1,1,0,1,1.0,0,0.0
2024-08-01,LNGN0040,terminal,1,1,0,1,1.0,0,0.0
2024-08-01,LNGN0044,terminal,1,1,0,1,1.0,0,0.0
2024-08-01,LNGN0045,terminal,0,0,0,0,0.0,0,0.0
2024-08-01,LNGN0050,terminal,1,3,0,0,0.0,3,1.0
2024-08-01,LNGN0052,terminal,0,0,0,0,0.0,0,0.0
2024-08-01,LNGN0055,terminal,0,0,0,0,0.0,0,0.0
2024-08-01,LNGN0056,terminal,1,1,0,1,1.0,0,0.0
2024-08-01,LNGN0059,terminal,0,0,0,0,0.0,0,0.0
2024-08-01,LNGN0069,terminal,0,0,0,0,0.0,0,0.0
2024-08-01,LNGN0070,terminal,0,0,0,0,0.0,0,0.0
2024-08-01,LNGN0074,terminal,0,0,0,0,0.0,0,0.0
2024-08-01,LNGN0075,terminal,1,1,0,1,1.0,0,0.0
2024-08-01,LNGN0076,terminal,1,3,1,1,0.3333333333333333,2,0.6666666666666666
2024-08-01,LNGN0079,terminal,1,1,0,1,1.0,0,0.0
2024-08-01,LNGN0081,terminal,0,0,0,0,0.0,0,0.0
2024-08-01,LNGN0083,terminal,0,0,0,0,0.0,0,0.0
2024-08-01,LNGN0085,terminal,1,1,0,1,1.0,0,0.0
2024-08-01,LNGN0087,terminal,0,0,0,0,0.0,0,0.0
2024-08-01,LNGN0097,terminal,1,1,0,1,1.0,0,0.0
2024-08-01,LNGN0098,terminal,0,0,0,0,0.0,0,0.0
2024-08-01,LNGN0100,terminal,1,1,0,1,1.0,0,0.0
2024-08-01,LNGN0101,terminal,1,1,0,1,1.0,0,0.0
2024-08-01,LNGN0102,terminal,0,0,0,0,0.0,0,0.0
2024-08-01,LNGN0103,terminal,1,1,0,1,1.0,0,0.0
2024-08-01,LNGN0108,terminal,0,0,0,0,0.0,0,0.0
2024-08-01,LNGN0109,terminal,0,0,0,0,0.0,0,0.0
2024-08-01,LNGN0112,terminal,0,0,0,0,0.0,0,0.0
2024-08-01,LNGN0115,terminal,0,0,0,0,0.0,0,0.0
2024-08-01,LNGN0121,terminal,1,2,0,0,0.0,0,0.0
2024-08-01,LNGN0122,terminal,0,0,0,0,0.0,0,0.0
2024-08-01,LNGN0124,terminal,1,1,0,1,1.0,0,0.0
2024-08-01,LNGN0130,terminal,1,1,0,1,1.0,0,0.0
2024-08-01,LNGN0132,terminal,1,2,0,0,0.0,0,0.0
2024-08-01,LNGN0136,terminal,1,1,0,1,1.0,0,0.0
2024-08-01,LNGN0138,terminal,1,1,0,1,1.0,0,0.0
2024-08-01,LNGN0142,terminal,1,1,0,1,1.0,0,0.0
2024-08-01,LNGN0143,terminal,1,2,1,2,1.0,0,0.0
2024-08-01,LNGN0144,terminal,1,1,0,1,1.0,0,0.0
2024-08-01,LNGN0148,terminal,0,0,0,0,0.0,0,0.0
2024-08-01,LNGN0150,terminal,1,1,0,1,1.0,0,0.0
2024-08-01,LNGN0156,terminal,1,1,0,1,1.0,0,0.0
2024-08-01,LNGN0163,terminal,0,0,0,0,0.0,0,0.0
2024-08-01,LNGN0164,terminal,0,0,0,0,0.0,0,0.0
2024-08-01,LNGN0165,terminal,0,0,0,0,0.0,0,0.0
2024-08-01,LNGN0166,terminal,1,2,1,2,1.0,0,0.0
2024-08-01,LNGN0168,terminal,1,1,0,1,1.0,0,0.0
2024-08-01,LNGN0170,terminal,0,0,0,0,0.0,0,0.0
2024-08-01,LNGN0173,terminal,0,0,0,0,0.0,0,0.0
2024-08-01,LNGN0174,terminal,0,0,0,0,0.0,0,0.0
2024-08-01,LNGN0175,terminal,1,2,0,0,0.0,2,1.0
2024-08-01,LNGN0176,terminal,0,0,0,0,0.0,0,0.0
2024-08-01,LNGN0178,terminal,0,0,0,0,0.0,0,0.0
2024-08-01,LNGN0180,terminal,0,0,0,0,0.0,0,0.0
2024-08-01,LNGN0181,terminal,1,2,0,0,0.0,0,0.0
2024-08-01,LNGN0182,terminal,0,0,0,0,0.0,0,0.0
2024-08-01,LNGN0186,terminal,1,2,0,0,0.0,2,1.0
2024-08-01,LNGN0190,terminal,1,1,0,1,1.0,0,0.0
2024-08-01,LNGN0191,terminal,1,1,0,1,1.0,0,0.0
2024-08-01,LNGN0195,terminal,1,2,0,0,0.0,2,1.0
2024-08-01,LNGN0199,terminal,0,0,0,0,0.0,0,0.0
2024-08-01,LNGN0206,terminal,1,1,0,1,1.0,0,0.0
2024-08-01,LNGN0207,terminal,1,1,0,1,1.0,0,0.0
2024-08-01,LNGN0208,terminal,1,1,0,1,1.0,0,0.0
2024-08-01,LNGN0210,terminal,1,2,0,0,0.0,0,0.0
2024-08-01,LNGN0212,terminal,0,0,0,0,0.0,0,0.0
2024-08-01,LNGN0219,terminal,0,0,0,0,0.0,0,0.0
2024-08-01,LNGN0222,terminal,0,0,0,0,0.0,0,0.0
2024-08-01,LNGN0230,terminal,1,4,0,0,0.0,2,0.5
2024-08-01,LNGN0232,terminal,1,1,0,1,1.0,0,0.0
2024-08-01,LNGN0237,terminal,0,0,0,0,0.0,0,0.0
2024-08-01,LNGN0238,terminal,1,1,0,1,1.0,0,0.0
2024-08-01,LNGN0241,terminal,0,0,0,0,0.0,0,0.0
2024-08-01,LNGN0243,terminal,1,1,0,1,1.0,0,0.0
2024-08-01,LNGN0244,terminal,1,1,0,1,1.0,0,0.0
2024-08-01,LNGN0248,terminal,0,0,0,0,0.0,0,0.0
2024-08-01,LNGN0250,terminal,0,0,0,0,0.0,0,0.0
2024-08-01,LNGN0251,terminal,0,0,0,0,0.0,0,0.0
2024-08-01,LNGN0253,terminal,1,1,0,1,1.0,0,0.0
2024-08-01,LNGN0258,terminal,0,0,0,0,0.0,0,0.0
2024-08-01,LNGN0261,terminal,1,4,0,0,0.0,2,0.5
2024-08-01,LNGN0262,terminal,0,0,0,0,0.0,0,0.0
2024-08-01,LNGN0268,terminal,1,2,0,0,0.0,0,0.0
2024-08-01,LNGN0270,terminal,1,1,0,1,1.0,0,0.0
2024-08-01,LNGN0272,terminal,0,0,0,0,0.0,0,0.0
2024-08-01,LNGN0274,terminal,0,0,0,0,0.0,0,0.0
2024-08-01,LNGN0278,terminal,0,0,0,0,0.0,0,0.0
2024-08-01,LNGN0285,terminal,1,2,0,0,0.0,2,1.0
2024-08-01,LNGN0287,terminal,0,0,0,0,0.0,0,0.0
2024-08-01,LNGN0288,terminal,0,0,0,0,0.0,0,0.0
2024-08-01,LNGN0290,terminal,0,0,0,0,0.0,0,0.0
2024-08-01,LNGN0291,terminal,0,0,0,0,0.0,0,0.0
2024-08-01,LNGN0293,terminal,0,0,0,0,0.0,0,0.0
2024-08-01,LNGN0294,terminal,0,0,0,0,0.0,0,0.0
2024-08-01,LNGN0297,terminal,1,2,0,0,0.0,2,1.0
2024-08-01,LNGN0299,terminal,1,1,0,1,1.0,0,0.0
2024-08-01,LNGN0307,terminal,0,0,0,0,0.0,0,0.0
2024-08-01,LNGN0308,terminal,1,1,0,1,1.0,0,0.0
2024-08-01,LNGN0309,terminal,1,3,0,0,0.0,3,1.0
2024-08-01,LNGN0312,terminal,1,1,0,1,1.0,0,0.0
2024-08-01,LNGN0314,terminal,1,1,0,1,1.0,0,0.0
2024-08-01,LNGN0319,terminal,0,0,0,0,0.0,0,0.0
2024-08-01,LNGN0322,terminal,0,0,0,0,0.0,0,0.0
2024-08-01,LNGN0324,terminal,0,0,0,0,0.0,0,0.0
2024-08-01,LNGN0328,terminal,1,3,1,1,0.3333333333333333,0,0.0
2024-08-01,LNGN0331,terminal,1,1,0,1,1.0,0,0.0
2024-08-01,LNGN0334,terminal,0,0,0,0,0.0,0,0.0
2024-08-01,LNGN0344,terminal,0,0,0,0,0.0,0,0.0
2024-08-01,LNGN0345,terminal,1,4,0,0,0.0,2,0.5
2024-08-01,LNGN0347,terminal,1,2,1,2,1.0,0,0.0
2024-08-01,LNGN0348,terminal,0,0,0,0,0.0,0,0.0
2024-08-01,LNGN0351,terminal,1,1,0,1,1.0,0,0.0
2024-08-01,LNGN0354,terminal,0,0,0,0,0.0,0,0.0
2024-08-01,LNGN0359,terminal,0,0,0,0,0.0,0,0.0
2024-08-01,LNGN0361,terminal,0,0,0,0,0.0,0,0.0
2024-08-01,LNGN0362,terminal,0,0,0,0,0.0,0,0.0
2024-08-01,LNGN0363,terminal,0,0,0,0,0.0,0,0.0
2024-08-01,LNGN0364,terminal,0,0,0,0,0.0,0,0.0
2024-08-01,LNGN0372,terminal,0,0,0,0,0.0,0,0.0
2024-08-01,LNGN0374,terminal,1,2,0,0,0.0,2,1.0
2024-08-01,LNGN0378,terminal,1,2,1,2,1.0,0,0.0
2024-08-01,LNGN0381,terminal,1,1,0,1,1.0,0,0.0
2024-08-01,LNGN0382,terminal,0,0,0,0,0.0,0,0.0
2024-08-01,LNGN0385,terminal,1,1,0,1,1.0,0,0.0
2024-08-01,LNGN0391,terminal,0,0,0,0,0.0,0,0.0
2024-08-01,LNGN0398,terminal,0,0,0,0,0.0,0,0.0
2024-08-01,LNGN0405,terminal,1,1,0,1,1.0,0,0.0
2024-08-01,LNGN0421,terminal,1,1,0,1,1.0,0,0.0
2024-08-01,LNGN0423,terminal,1,3,0,0,0.0,3,1.0
2024-08-01,LNGN0425,terminal,0,0,0,0,0.0,0,0.0
2024-08-01,LNGN0426,terminal,0,0,0,0,0.0,0,0.0
2024-08-01,LNGN0427,terminal,0,0,0,0,0.0,0,0.0
2024-08-01,LNGN0428,terminal,1,1,0,1,1.0,0,0.0
2024-08-01,LNGN0429,terminal,0,0,0,0,0.0,0,0.0
2024-08-01,LNGN0435,terminal,1,4,1,4,1.0,0,0.0
2024-08-01,LNGN0437,terminal,0,0,0,0,0.0,0,0.0
2024-08-01,LNGN0441,terminal,0,0,0,0,0.0,0,0.0
2024-08-01,LNGN0442,terminal,1,1,0,1,1.0,0,0.0
2024-08-01,LNGN0447,terminal,0,0,0,0,0.0,0,0.0
2024-08-01,LNGN0449,terminal,1,1,0,1,1.0,0,0.0
2024-08-01,LNGN0452,terminal,1,5,0,0,0.0,2,0.4
2024-08-01,LNGN0453,terminal,0,0,0,0,0.0,0,0.0
2024-08-01,LNGN0460,terminal,0,0,0,0,0.0,0,0.0
2024-08-01,LNGN0463,terminal,1,3,0,0,0.0,3,1.0
2024-08-01,LNGN0464,terminal,1,2,0,0,0.0,2,1.0
2024-08-01,LNGN0472,terminal,1,1,0,1,1.0,0,0.0
2024-08-01,LNGN0473,terminal,0,0,0,0,0.0,0,0.0
2024-08-01,LNGN0474,terminal,1,1,0,1,1.0,0,0.0
2024-09-01,CP001,chokepoint,1,3,1,1,0.3333333333333333,2,0.6666666666666666
2024-09-01,CP002,chokepoint,1,3,0,0,0.0,3,1.0
2024-09-01,CP004,chokepoint,1,3,0,0,0.0,1,0.3333333333333333
2024-09-01,CP005,chokepoint,1,11,1,3,0.2727272727272727,2,0.18181818181818182
2024-09-01,CP006,chokepoint,1,8,1,3,0.375,1,0.125
2024-09-01,CP007,chokepoint,1,2,0,0,0.0,2,1.0
2024-09-01,CP008,chokepoint,1,10,1,5,0.5,2,0.2
2024-09-01,CP009,chokepoint,1,9,0,0,0.0,2,0.2222222222222222
2024-09-01,CP010,chokepoint,1,6,1,4,0.6666666666666666,0,0.0
2024-09-01,CP011,chokepoint,1,8,1,2,0.25,2,0.25
2024-09-01,CP012,chokepoint,1,6,1,3,0.5,1,0.16666666666666666
2024-09-01,CP013,chokepoint,1,2,0,0,0.0,2,1.0
2024-09-01,CP014,chokepoint,1,6,1,2,0.3333333333333333,2,0.3333333333333333
2024-09-01,CP015,chokepoint,1,6,1,1,0.16666666666666666,5,0.8333333333333334
2024-09-01,CP016,chokepoint,1,8,1,3,0.375,5,0.625
2024-09-01,CP017,chokepoint,0,0,0,0,0.0,0,0.0
2024-09-01,CP018,chokepoint,0,0,0,0,0.0,0,0.0
2024-09-01,CP019,chokepoint,1,2,0,0,0.0,2,1.0
2024-09-01,CP020,chokepoint,1,4,1,2,0.5,2,0.5
2024-09-01,CP021,chokepoint,0,0,0,0,0.0,0,0.0
2024-09-01,CP022,chokepoint,1,4,1,1,0.25,3,0.75
2024-09-01,CP023,chokepoint,1,2,1,2,1.0,0,0.0
2024-09-01,CP024,chokepoint,0,0,0,0,0.0,0,0.0
2024-09-01,CP027,chokepoint,1,5,1,1,0.2,4,0.8
2024-09-01,LNGN0004,terminal,0,0,0,0,0.0,0,0.0
2024-09-01,LNGN0006,terminal,0,0,0,0,0.0,0,0.0
2024-09-01,LNGN0008,terminal,1,2,0,0,0.0,0,0.0
2024-09-01,LNGN0013,terminal,0,0,0,0,0.0,0,0.0
2024-09-01,LNGN0017,terminal,0,0,0,0,0.0,0,0.0
2024-09-01,LNGN0025,terminal,1,1,0,1,1.0,0,0.0
2024-09-01,LNGN0026,terminal,1,2,1,2,1.0,0,0.0
2024-09-01,LNGN0027,terminal,1,1,0,1,1.0,0,0.0
2024-09-01,LNGN0031,terminal,0,0,0,0,0.0,0,0.0
2024-09-01,LNGN0035,terminal,1,2,1,2,1.0,0,0.0
2024-09-01,LNGN0037,terminal,1,2,0,0,0.0,0,0.0
2024-09-01,LNGN0039,terminal,1,1,0,1,1.0,0,0.0
2024-09-01,LNGN0040,terminal,0,0,0,0,0.0,0,0.0
2024-09-01,LNGN0044,terminal,1,1,0,1,1.0,0,0.0
2024-09-01,LNGN0045,terminal,0,0,0,0,0.0,0,0.0
2024-09-01,LNGN0050,terminal,1,2,0,0,0.0,2,1.0
2024-09-01,LNGN0052,terminal,0,0,0,0,0.0,0,0.0
2024-09-01,LNGN0055,terminal,1,1,0,1,1.0,0,0.0
2024-09-01,LNGN0056,terminal,0,0,0,0,0.0,0,0.0
2024-09-01,LNGN0059,terminal,0,0,0,0,0.0,0,0.0
2024-09-01,LNGN0069,terminal,0,0,0,0,0.0,0,0.0
2024-09-01,LNGN0070,terminal,1,1,0,1,1.0,0,0.0
2024-09-01,LNGN0074,terminal,0,0,0,0,0.0,0,0.0
2024-09-01,LNGN0075,terminal,0,0,0,0,0.0,0,0.0
2024-09-01,LNGN0076,terminal,1,2,1,2,1.0,0,0.0
2024-09-01,LNGN0079,terminal,0,0,0,0,0.0,0,0.0
2024-09-01,LNGN0081,terminal,0,0,0,0,0.0,0,0.0
2024-09-01,LNGN0083,terminal,0,0,0,0,0.0,0,0.0
2024-09-01,LNGN0085,terminal,1,2,0,0,0.0,2,1.0
2024-09-01,LNGN0087,terminal,0,0,0,0,0.0,0,0.0
2024-09-01,LNGN0097,terminal,0,0,0,0,0.0,0,0.0
2024-09-01,LNGN0098,terminal,0,0,0,0,0.0,0,0.0
2024-09-01,LNGN0100,terminal,0,0,0,0,0.0,0,0.0
2024-09-01,LNGN0101,terminal,0,0,0,0,0.0,0,0.0
2024-09-01,LNGN0102,terminal,0,0,0,0,0.0,0,0.0
2024-09-01,LNGN0103,terminal,1,1,0,1,1.0,0,0.0
2024-09-01,LNGN0108,terminal,1,1,0,1,1.0,0,0.0
2024-09-01,LNGN0109,terminal,0,0,0,0,0.0,0,0.0
2024-09-01,LNGN0112,terminal,0,0,0,0,0.0,0,0.0
2024-09-01,LNGN0115,terminal,0,0,0,0,0.0,0,0.0
2024-09-01,LNGN0121,terminal,0,0,0,0,0.0,0,0.0
2024-09-01,LNGN0122,terminal,0,0,0,0,0.0,0,0.0
2024-09-01,LNGN0124,terminal,1,1,0,1,1.0,0,0.0
2024-09-01,LNGN0130,terminal,1,1,0,1,1.0,0,0.0
2024-09-01,LNGN0132,terminal,1,2,0,0,0.0,0,0.0
2024-09-01,LNGN0136,terminal,0,0,0,0,0.0,0,0.0
2024-09-01,LNGN0138,terminal,0,0,0,0,0.0,0,0.0
2024-09-01,LNGN0142,terminal,1,2,0,0,0.0,2,1.0
2024-09-01,LNGN0143,terminal,1,1,0,1,1.0,0,0.0
2024-09-01,LNGN0144,terminal,1,1,0,1,1.0,0,0.0
2024-09-01,LNGN0148,terminal,0,0,0,0,0.0,0,0.0
2024-09-01,LNGN0150,terminal,0,0,0,0,0.0,0,0.0
2024-09-01,LNGN0156,terminal,1,1,0,1,1.0,0,0.0
2024-09-01,LNGN0163,terminal,0,0,0,0,0.0,0,0.0
2024-09-01,LNGN0164,terminal,0,0,0,0,0.0,0,0.0
2024-09-01,LNGN0165,terminal,0,0,0,0,0.0,0,0.0
2024-09-01,LNGN0166,terminal,1,1,0,1,1.0,0,0.0
2024-09-01,LNGN0168,terminal,0,0,0,0,0.0,0,0.0
2024-09-01,LNGN0170,terminal,1,1,0,1,1.0,0,0.0
2024-09-01,LNGN0173,terminal,1,1,0,1,1.0,0,0.0
2024-09-01,LNGN0174,terminal,0,0,0,0,0.0,0,0.0
2024-09-01,LNGN0175,terminal,1,2,0,0,0.0,2,1.0
2024-09-01,LNGN0176,terminal,0,0,0,0,0.0,0,0.0
2024-09-01,LNGN0178,terminal,1,1,0,1,1.0,0,0.0
2024-09-01,LNGN0180,terminal,0,0,0,0,0.0,0,0.0
2024-09-01,LNGN0181,terminal,1,2,0,0,0.0,0,0.0
2024-09-01,LNGN0182,terminal,0,0,0,0,0.0,0,0.0
2024-09-01,LNGN0186,terminal,1,1,0,1,1.0,0,0.0
2024-09-01,LNGN0190,terminal,0,0,0,0,0.0,0,0.0
2024-09-01,LNGN0191,terminal,1,2,0,0,0.0,2,1.0
2024-09-01,LNGN0195,terminal,1,2,0,0,0.0,2,1.0
2024-09-01,LNGN0199,terminal,0,0,0,0,0.0,0,0.0
2024-09-01,LNGN0206,terminal,0,0,0,0,0.0,0,0.0
2024-09-01,LNGN0207,terminal,0,0,0,0,0.0,0,0.0
2024-09-01,LNGN0208,terminal,1,1,0,1,1.0,0,0.0
2024-09-01,LNGN0210,terminal,1,1,0,1,1.0,0,0.0
2024-09-01,LNGN0212,terminal,0,0,0,0,0.0,0,0.0
2024-09-01,LNGN0219,terminal,0,0,0,0,0.0,0,0.0
2024-09-01,LNGN0222,terminal,1,1,0,1,1.0,0,0.0
2024-09-01,LNGN0230,terminal,1,3,0,0,0.0,1,0.3333333333333333
2024-09-01,LNGN0232,terminal,1,1,0,1,1.0,0,0.0
2024-09-01,LNGN0237,terminal,0,0,0,0,0.0,0,0.0
2024-09-01,LNGN0238,terminal,1,1,0,1,1.0,0,0.0
2024-09-01,LNGN0241,terminal,0,0,0,0,0.0,0,0.0
2024-09-01,LNGN0243,terminal,0,0,0,0,0.0,0,0.0
2024-09-01,LNGN0244,terminal,1,2,0,0,0.0,2,1.0
2024-09-01,LNGN0248,terminal,0,0,0,0,0.0,0,0.0
2024-09-01,LNGN0250,terminal,0,0,0,0,0.0,0,0.0
2024-09-01,LNGN0251,terminal,0,0,0,0,0.0,0,0.0
2024-09-01,LNGN0253,terminal,0,0,0,0,0.0,0,0.0
2024-09-01,LNGN0258,terminal,1,1,0,1,1.0,0,0.0
2024-09-01,LNGN0261,terminal,1,4,1,1,0.25,3,0.75
2024-09-01,LNGN0262,terminal,0,0,0,0,0.0,0,0.0
2024-09-01,LNGN0268,terminal,1,1,0,1,1.0,0,0.0
2024-09-01,LNGN0270,terminal,1,2,0,0,0.0,2,1.0
2024-09-01,LNGN0272,terminal,0,0,0,0,0.0,0,0.0
2024-09-01,LNGN0274,terminal,0,0,0,0,0.0,0,0.0
2024-09-01,LNGN0278,terminal,0,0,0,0,0.0,0,0.0
2024-09-01,LNGN0285,terminal,1,2,0,0,0.0,2,1.0
2024-09-01,LNGN0287,terminal,0,0,0,0,0.0,0,0.0
2024-09-01,LNGN0288,terminal,0,0,0,0,0.0,0,0.0
2024-09-01,LNGN0290,terminal,0,0,0,0,0.0,0,0.0
2024-09-01,LNGN0291,terminal,0,0,0,0,0.0,0,0.0
2024-09-01,LNGN0293,terminal,0,0,0,0,0.0,0,0.0
2024-09-01,LNGN0294,terminal,0,0,0,0,0.0,0,0.0
2024-09-01,LNGN0297,terminal,1,2,0,0,0.0,2,1.0
2024-09-01,LNGN0299,terminal,0,0,0,0,0.0,0,0.0
2024-09-01,LNGN0307,terminal,0,0,0,0,0.0,0,0.0
2024-09-01,LNGN0308,terminal,1,1,0,1,1.0,0,0.0
2024-09-01,LNGN0309,terminal,1,2,0,0,0.0,2,1.0
2024-09-01,LNGN0312,terminal,0,0,0,0,0.0,0,0.0
2024-09-01,LNGN0314,terminal,1,1,0,1,1.0,0,0.0
2024-09-01,LNGN0319,terminal,1,1,0,1,1.0,0,0.0
2024-09-01,LNGN0322,terminal,1,1,0,1,1.0,0,0.0
2024-09-01,LNGN0324,terminal,0,0,0,0,0.0,0,0.0
2024-09-01,LNGN0328,terminal,1,3,0,0,0.0,1,0.3333333333333333
2024-09-01,LNGN0331,terminal,0,0,0,0,0.0,0,0.0
2024-09-01,LNGN0334,terminal,0,0,0,0,0.0,0,0.0
2024-09-01,LNGN0344,terminal,0,0,0,0,0.0,0,0.0
2024-09-01,LNGN0345,terminal,1,6,1,2,0.3333333333333333,1,0.16666666666666666
2024-09-01,LNGN0347,terminal,1,1,0,1,1.0,0,0.0
2024-09-01,LNGN0348,terminal,0,0,0,0,0.0,0,0.0
2024-09-01,LNGN0351,terminal,1,1,0,1,1.0,0,0.0
2024-09-01,LNGN0354,terminal,0,0,0,0,0.0,0,0.0
2024-09-01,LNGN0359,terminal,0,0,0,0,0.0,0,0.0
2024-09-01,LNGN0361,terminal,0,0,0,0,0.0,0,0.0
2024-09-01,LNGN0362,terminal,0,0,0,0,0.0,0,0.0
2024-09-01,LNGN0363,terminal,0,0,0,0,0.0,0,0.0
2024-09-01,LNGN0364,terminal,0,0,0,0,0.0,0,0.0
2024-09-01,LNGN0372,terminal,0,0,0,0,0.0,0,0.0
2024-09-01,LNGN0374,terminal,1,1,0,1,1.0,0,0.0
2024-09-01,LNGN0378,terminal,0,0,0,0,0.0,0,0.0
2024-09-01,LNGN0381,terminal,1,1,0,1,1.0,0,0.0
2024-09-01,LNGN0382,terminal,0,0,0,0,0.0,0,0.0
2024-09-01,LNGN0385,terminal,1,1,0,1,1.0,0,0.0
2024-09-01,LNGN0391,terminal,0,0,0,0,0.0,0,0.0
2024-09-01,LNGN0398,terminal,0,0,0,0,0.0,0,0.0
2024-09-01,LNGN0405,terminal,1,1,0,1,1.0,0,0.0
2024-09-01,LNGN0421,terminal,0,0,0,0,0.0,0,0.0
2024-09-01,LNGN0423,terminal,1,3,0,0,0.0,1,0.3333333333333333
2024-09-01,LNGN0425,terminal,0,0,0,0,0.0,0,0.0
2024-09-01,LNGN0426,terminal,1,1,0,1,1.0,0,0.0
2024-09-01,LNGN0427,terminal,0,0,0,0,0.0,0,0.0
2024-09-01,LNGN0428,terminal,0,0,0,0,0.0,0,0.0
2024-09-01,LNGN0429,terminal,0,0,0,0,0.0,0,0.0
2024-09-01,LNGN0435,terminal,1,2,1,2,1.0,0,0.0
2024-09-01,LNGN0437,terminal,0,0,0,0,0.0,0,0.0
2024-09-01,LNGN0441,terminal,1,1,0,1,1.0,0,0.0
2024-09-01,LNGN0442,terminal,0,0,0,0,0.0,0,0.0
2024-09-01,LNGN0447,terminal,0,0,0,0,0.0,0,0.0
2024-09-01,LNGN0449,terminal,0,0,0,0,0.0,0,0.0
2024-09-01,LNGN0452,terminal,1,5,1,1,0.2,0,0.0
2024-09-01,LNGN0453,terminal,0,0,0,0,0.0,0,0.0
2024-09-01,LNGN0460,terminal,1,1,0,1,1.0,0,0.0
2024-09-01,LNGN0463,terminal,1,1,0,1,1.0,0,0.0
2024-09-01,LNGN0464,terminal,1,3,0,0,0.0,0,0.0
2024-09-01,LNGN0472,terminal,0,0,0,0,0.0,0,0.0
2024-09-01,LNGN0473,terminal,1,1,0,1,1.0,0,0.0
2024-09-01,LNGN0474,terminal,1,1,0,1,1.0,0,0.0
2024-10-01,CP001,chokepoint,1,6,1,2,0.3333333333333333,2,0.3333333333333333
2024-10-01,CP002,chokepoint,1,4,1,2,0.5,2,0.5
2024-10-01,CP004,chokepoint,1,3,0,0,0.0,1,0.3333333333333333
2024-10-01,CP005,chokepoint,1,13,1,5,0.38461538461538464,3,0.23076923076923078
2024-10-01,CP006,chokepoint,1,9,1,2,0.2222222222222222,0,0.0
2024-10-01,CP007,chokepoint,1,5,1,1,0.2,2,0.4
2024-10-01,CP008,chokepoint,1,12,1,4,0.3333333333333333,2,0.16666666666666666
2024-10-01,CP009,chokepoint,1,9,1,5,0.5555555555555556,2,0.2222222222222222
2024-10-01,CP010,chokepoint,1,5,1,3,0.6,2,0.4
2024-10-01,CP011,chokepoint,1,4,1,4,1.0,0,0.0
2024-10-01,CP012,chokepoint,0,0,0,0,0.0,0,0.0
2024-10-01,CP013,chokepoint,1,4,1,4,1.0,0,0.0
2024-10-01,CP014,chokepoint,0,0,0,0,0.0,0,0.0
2024-10-01,CP015,chokepoint,1,8,1,2,0.25,3,0.375
2024-10-01,CP016,chokepoint,1,5,1,1,0.2,4,0.8
2024-10-01,CP017,chokepoint,0,0,0,0,0.0,0,0.0
2024-10-01,CP018,chokepoint,0,0,0,0,0.0,0,0.0
2024-10-01,CP019,chokepoint,1,2,0,0,0.0,2,1.0
2024-10-01,CP020,chokepoint,1,5,1,3,0.6,2,0.4
2024-10-01,CP021,chokepoint,0,0,0,0,0.0,0,0.0
2024-10-01,CP022,chokepoint,1,2,0,0,0.0,2,1.0
2024-10-01,CP023,chokepoint,1,2,1,2,1.0,0,0.0
2024-10-01,CP024,chokepoint,0,0,0,0,0.0,0,0.0
2024-10-01,CP027,chokepoint,1,3,0,0,0.0,3,1.0
2024-10-01,LNGN0004,terminal,0,0,0,0,0.0,0,0.0
2024-10-01,LNGN0006,terminal,0,0,0,0,0.0,0,0.0
2024-10-01,LNGN0008,terminal,1,2,0,0,0.0,0,0.0
2024-10-01,LNGN0013,terminal,0,0,0,0,0.0,0,0.0
2024-10-01,LNGN0017,terminal,1,1,0,1,1.0,0,0.0
2024-10-01,LNGN0025,terminal,1,1,0,1,1.0,0,0.0
2024-10-01,LNGN0026,terminal,1,5,1,2,0.4,1,0.2
2024-10-01,LNGN0027,terminal,0,0,0,0,0.0,0,0.0
2024-10-01,LNGN0031,terminal,0,0,0,0,0.0,0,0.0
2024-10-01,LNGN0035,terminal,1,2,1,2,1.0,0,0.0
2024-10-01,LNGN0037,terminal,1,1,0,1,1.0,0,0.0
2024-10-01,LNGN0039,terminal,1,1,0,1,1.0,0,0.0
2024-10-01,LNGN0040,terminal,0,0,0,0,0.0,0,0.0
2024-10-01,LNGN0044,terminal,1,1,0,1,1.0,0,0.0
2024-10-01,LNGN0045,terminal,0,0,0,0,0.0,0,0.0
2024-10-01,LNGN0050,terminal,1,1,0,1,1.0,0,0.0
2024-10-01,LNGN0052,terminal,0,0,0,0,0.0,0,0.0
2024-10-01,LNGN0055,terminal,0,0,0,0,0.0,0,0.0
2024-10-01,LNGN0056,terminal,0,0,0,0,0.0,0,0.0
2024-10-01,LNGN0059,terminal,0,0,0,0,0.0,0,0.0
2024-10-01,LNGN0069,terminal,0,0,0,0,0.0,0,0.0
2024-10-01,LNGN0070,terminal,1,2,0,0,0.0,2,1.0
2024-10-01,LNGN0074,terminal,0,0,0,0,0.0,0,0.0
2024-10-01,LNGN0075,terminal,0,0,0,0,0.0,0,0.0
2024-10-01,LNGN0076,terminal,1,1,0,1,1.0,0,0.0
2024-10-01,LNGN0079,terminal,0,0,0,0,0.0,0,0.0
2024-10-01,LNGN0081,terminal,0,0,0,0,0.0,0,0.0
2024-10-01,LNGN0083,terminal,1,1,0,1,1.0,0,0.0
2024-10-01,LNGN0085,terminal,1,1,0,1,1.0,0,0.0
2024-10-01,LNGN0087,terminal,0,0,0,0,0.0,0,0.0
2024-10-01,LNGN0097,terminal,1,1,0,1,1.0,0,0.0
2024-10-01,LNGN0098,terminal,0,0,0,0,0.0,0,0.0
2024-10-01,LNGN0100,terminal,0,0,0,0,0.0,0,0.0
2024-10-01,LNGN0101,terminal,0,0,0,0,0.0,0,0.0
2024-10-01,LNGN0102,terminal,0,0,0,0,0.0,0,0.0
2024-10-01,LNGN0103,terminal,1,1,0,1,1.0,0,0.0
2024-10-01,LNGN0108,terminal,0,0,0,0,0.0,0,0.0
2024-10-01,LNGN0109,terminal,0,0,0,0,0.0,0,0.0
2024-10-01,LNGN0112,terminal,0,0,0,0,0.0,0,0.0
2024-10-01,LNGN0115,terminal,0,0,0,0,0.0,0,0.0
2024-10-01,LNGN0121,terminal,1,2,0,0,0.0,0,0.0
2024-10-01,LNGN0122,terminal,0,0,0,0,0.0,0,0.0
2024-10-01,LNGN0124,terminal,1,1,0,1,1.0,0,0.0
2024-10-01,LNGN0130,terminal,0,0,0,0,0.0,0,0.0
2024-10-01,LNGN0132,terminal,1,2,0,0,0.0,0,0.0
2024-10-01,LNGN0136,terminal,1,1,0,1,1.0,0,0.0
2024-10-01,LNGN0138,terminal,0,0,0,0,0.0,0,0.0
2024-10-01,LNGN0142,terminal,1,1,0,1,1.0,0,0.0
2024-10-01,LNGN0143,terminal,0,0,0,0,0.0,0,0.0
2024-10-01,LNGN0144,terminal,0,0,0,0,0.0,0,0.0
2024-10-01,LNGN0148,terminal,0,0,0,0,0.0,0,0.0
2024-10-01,LNGN0150,terminal,1,1,0,1,1.0,0,0.0
2024-10-01,LNGN0156,terminal,0,0,0,0,0.0,0,0.0
2024-10-01,LNGN0163,terminal,0,0,0,0,0.0,0,0.0
2024-10-01,LNGN0164,terminal,1,1,0,1,1.0,0,0.0
2024-10-01,LNGN0165,terminal,0,0,0,0,0.0,0,0.0
2024-10-01,LNGN0166,terminal,1,1,0,1,1.0,0,0.0
2024-10-01,LNGN0168,terminal,0,0,0,0,0.0,0,0.0
2024-10-01,LNGN0170,terminal,0,0,0,0,0.0,0,0.0
2024-10-01,LNGN0173,terminal,0,0,0,0,0.0,0,0.0
2024-10-01,LNGN0174,terminal,0,0,0,0,0.0,0,0.0
2024-10-01,LNGN0175,terminal,1,1,0,1,1.0,0,0.0
2024-10-01,LNGN0176,terminal,0,0,0,0,0.0,0,0.0
2024-10-01,LNGN0178,terminal,1,2,0,0,0.0,0,0.0
2024-10-01,LNGN0180,terminal,0,0,0,0,0.0,0,0.0
2024-10-01,LNGN0181,terminal,1,1,0,1,1.0,0,0.0
2024-10-01,LNGN0182,terminal,0,0,0,0,0.0,0,0.0
2024-10-01,LNGN0186,terminal,1,2,0,0,0.0,0,0.0
2024-10-01,LNGN0190,terminal,1,1,0,1,1.0,0,0.0
2024-10-01,LNGN0191,terminal,1,2,0,0,0.0,0,0.0
2024-10-01,LNGN0195,terminal,1,2,0,0,0.0,2,1.0
2024-10-01,LNGN0199,terminal,0,0,0,0,0.0,0,0.0
2024-10-01,LNGN0206,terminal,1,1,0,1,1.0,0,0.0
2024-10-01,LNGN0207,terminal,0,0,0,0,0.0,0,0.0
2024-10-01,LNGN0208,terminal,1,2,0,0,0.0,0,0.0
2024-10-01,LNGN0210,terminal,1,1,0,1,1.0,0,0.0
2024-10-01,LNGN0212,terminal,0,0,0,0,0.0,0,0.0
2024-10-01,LNGN0219,terminal,0,0,0,0,0.0,0,0.0
2024-10-01,LNGN0222,terminal,1,1,0,1,1.0,0,0.0
2024-10-01,LNGN0230,terminal,1,4,0,0,0.0,2,0.5
2024-10-01,LNGN0232,terminal,0,0,0,0,0.0,0,0.0
2024-10-01,LNGN0237,terminal,1,1,0,1,1.0,0,0.0
2024-10-01,LNGN0238,terminal,1,1,0,1,1.0,0,0.0
2024-10-01,LNGN0241,terminal,0,0,0,0,0.0,0,0.0
2024-10-01,LNGN0243,terminal,0,0,0,0,0.0,0,0.0
2024-10-01,LNGN0244,terminal,1,1,0,1,1.0,0,0.0
2024-10-01,LNGN0248,terminal,0,0,0,0,0.0,0,0.0
2024-10-01,LNGN0250,terminal,0,0,0,0,0.0,0,0.0
2024-10-01,LNGN0251,terminal,0,0,0,0,0.0,0,0.0
2024-10-01,LNGN0253,terminal,0,0,0,0,0.0,0,0.0
2024-10-01,LNGN0258,terminal,0,0,0,0,0.0,0,0.0
2024-10-01,LNGN0261,terminal,1,3,0,0,0.0,1,0.3333333333333333
2024-10-01,LNGN0262,terminal,0,0,0,0,0.0,0,0.0
2024-10-01,LNGN0268,terminal,1,1,0,1,1.0,0,0.0
2024-10-01,LNGN0270,terminal,1,3,1,1,0.3333333333333333,2,0.6666666666666666
2024-10-01,LNGN0272,terminal,0,0,0,0,0.0,0,0.0
2024-10-01,LNGN0274,terminal,0,0,0,0,0.0,0,0.0
2024-10-01,LNGN0278,terminal,0,0,0,0,0.0,0,0.0
2024-10-01,LNGN0285,terminal,1,3,0,0,0.0,1,0.3333333333333333
2024-10-01,LNGN0287,terminal,0,0,0,0,0.0,0,0.0
2024-10-01,LNGN0288,terminal,0,0,0,0,0.0,0,0.0
2024-10-01,LNGN0290,terminal,0,0,0,0,0.0,0,0.0
2024-10-01,LNGN0291,terminal,0,0,0,0,0.0,0,0.0
2024-10-01,LNGN0293,terminal,0,0,0,0,0.0,0,0.0
2024-10-01,LNGN0294,terminal,1,1,0,1,1.0,0,0.0
2024-10-01,LNGN0297,terminal,1,2,0,0,0.0,2,1.0
2024-10-01,LNGN0299,terminal,0,0,0,0,0.0,0,0.0
2024-10-01,LNGN0307,terminal,0,0,0,0,0.0,0,0.0
2024-10-01,LNGN0308,terminal,1,1,0,1,1.0,0,0.0
2024-10-01,LNGN0309,terminal,1,2,0,0,0.0,2,1.0
2024-10-01,LNGN0312,terminal,1,1,0,1,1.0,0,0.0
2024-10-01,LNGN0314,terminal,0,0,0,0,0.0,0,0.0
2024-10-01,LNGN0319,terminal,1,1,0,1,1.0,0,0.0
2024-10-01,LNGN0322,terminal,1,1,0,1,1.0,0,0.0
2024-10-01,LNGN0324,terminal,0,0,0,0,0.0,0,0.0
2024-10-01,LNGN0328,terminal,1,3,0,0,0.0,0,0.0
2024-10-01,LNGN0331,terminal,0,0,0,0,0.0,0,0.0
2024-10-01,LNGN0334,terminal,0,0,0,0,0.0,0,0.0
2024-10-01,LNGN0344,terminal,1,1,0,1,1.0,0,0.0
2024-10-01,LNGN0345,terminal,1,4,1,2,0.5,2,0.5
2024-10-01,LNGN0347,terminal,1,2,0,0,0.0,2,1.0
2024-10-01,LNGN0348,terminal,0,0,0,0,0.0,0,0.0
2024-10-01,LNGN0351,terminal,1,1,0,1,1.0,0,0.0
2024-10-01,LNGN0354,terminal,0,0,0,0,0.0,0,0.0
2024-10-01,LNGN0359,terminal,0,0,0,0,0.0,0,0.0
2024-10-01,LNGN0361,terminal,0,0,0,0,0.0,0,0.0
2024-10-01,LNGN0362,terminal,0,0,0,0,0.0,0,0.0
2024-10-01,LNGN0363,terminal,0,0,0,0,0.0,0,0.0
2024-10-01,LNGN0364,terminal,0,0,0,0,0.0,0,0.0
2024-10-01,LNGN0372,terminal,0,0,0,0,0.0,0,0.0
2024-10-01,LNGN0374,terminal,1,1,0,1,1.0,0,0.0
2024-10-01,LNGN0378,terminal,0,0,0,0,0.0,0,0.0
2024-10-01,LNGN0381,terminal,1,1,0,1,1.0,0,0.0
2024-10-01,LNGN0382,terminal,0,0,0,0,0.0,0,0.0
2024-10-01,LNGN0385,terminal,1,2,0,0,0.0,2,1.0
2024-10-01,LNGN0391,terminal,0,0,0,0,0.0,0,0.0
2024-10-01,LNGN0398,terminal,0,0,0,0,0.0,0,0.0
2024-10-01,LNGN0405,terminal,1,1,0,1,1.0,0,0.0
2024-10-01,LNGN0421,terminal,0,0,0,0,0.0,0,0.0
2024-10-01,LNGN0423,terminal,1,2,0,0,0.0,2,1.0
2024-10-01,LNGN0425,terminal,0,0,0,0,0.0,0,0.0
2024-10-01,LNGN0426,terminal,0,0,0,0,0.0,0,0.0
2024-10-01,LNGN0427,terminal,0,0,0,0,0.0,0,0.0
2024-10-01,LNGN0428,terminal,1,1,0,1,1.0,0,0.0
2024-10-01,LNGN0429,terminal,0,0,0,0,0.0,0,0.0
2024-10-01,LNGN0435,terminal,1,2,1,2,1.0,0,0.0
2024-10-01,LNGN0437,terminal,1,1,0,1,1.0,0,0.0
2024-10-01,LNGN0441,terminal,1,2,0,0,0.0,2,1.0
2024-10-01,LNGN0442,terminal,0,0,0,0,0.0,0,0.0
2024-10-01,LNGN0447,terminal,0,0,0,0,0.0,0,0.0
2024-10-01,LNGN0449,terminal,0,0,0,0,0.0,0,0.0
2024-10-01,LNGN0452,terminal,1,5,0,0,0.0,3,0.6
2024-10-01,LNGN0453,terminal,0,0,0,0,0.0,0,0.0
2024-10-01,LNGN0460,terminal,0,0,0,0,0.0,0,0.0
2024-10-01,LNGN0463,terminal,1,2,0,0,0.0,2,1.0
2024-10-01,LNGN0464,terminal,1,2,0,0,0.0,2,1.0
2024-10-01,LNGN0472,terminal,0,0,0,0,0.0,0,0.0
2024-10-01,LNGN0473,terminal,0,0,0,0,0.0,0,0.0
2024-10-01,LNGN0474,terminal,0,0,0,0,0.0,0,0.0
2024-11-01,CP001,chokepoint,1,4,1,2,0.5,2,0.5
2024-11-01,CP002,chokepoint,1,2,1,2,1.0,0,0.0
2024-11-01,CP004,chokepoint,1,5,1,0,0.0,2,0.4
2024-11-01,CP005,chokepoint,1,10,1,5,0.5,1,0.1
2024-11-01,CP006,chokepoint,1,7,1,3,0.42857142857142855,0,0.0
2024-11-01,CP007,chokepoint,1,2,0,0,0.0,2,1.0
2024-11-01,CP008,chokepoint,1,14,1,8,0.5714285714285714,3,0.21428571428571427
2024-11-01,CP009,chokepoint,1,9,1,4,0.4444444444444444,2,0.2222222222222222
2024-11-01,CP010,chokepoint,1,7,1,2,0.2857142857142857,3,0.42857142857142855
2024-11-01,CP011,chokepoint,1,2,1,2,1.0,0,0.0
2024-11-01,CP012,chokepoint,1,2,1,2,1.0,0,0.0
2024-11-01,CP013,chokepoint,1,2,1,2,1.0,0,0.0
2024-11-01,CP014,chokepoint,1,2,1,2,1.0,0,0.0
2024-11-01,CP015,chokepoint,1,9,1,5,0.5555555555555556,1,0.1111111111111111
2024-11-01,CP016,chokepoint,1,2,1,2,1.0,0,0.0
2024-11-01,CP017,chokepoint,0,0,0,0,0.0,0,0.0
2024-11-01,CP018,chokepoint,0,0,0,0,0.0,0,0.0
2024-11-01,CP019,chokepoint,1,4,1,2,0.5,2,0.5
2024-11-01,CP020,chokepoint,1,2,0,0,0.0,2,1.0
2024-11-01,CP021,chokepoint,0,0,0,0,0.0,0,0.0
2024-11-01,CP022,chokepoint,1,2,1,2,1.0,0,0.0
2024-11-01,CP023,chokepoint,0,0,0,0,0.0,0,0.0
2024-11-01,CP024,chokepoint,1,2,1,2,1.0,0,0.0
2024-11-01,CP027,chokepoint,1,2,0,0,0.0,2,1.0
2024-11-01,LNGN0004,terminal,0,0,0,0,0.0,0,0.0
2024-11-01,LNGN0006,terminal,0,0,0,0,0.0,0,0.0
2024-11-01,LNGN0008,terminal,1,2,0,0,0.0,0,0.0
2024-11-01,LNGN0013,terminal,0,0,0,0,0.0,0,0.0
2024-11-01,LNGN0017,terminal,0,0,0,0,0.0,0,0.0
2024-11-01,LNGN0025,terminal,1,1,0,1,1.0,0,0.0
2024-11-01,LNGN0026,terminal,1,2,1,2,1.0,0,0.0
2024-11-01,LNGN0027,terminal,1,1,0,1,1.0,0,0.0
2024-11-01,LNGN0031,terminal,1,1,0,1,1.0,0,0.0
2024-11-01,LNGN0035,terminal,0,0,0,0,0.0,0,0.0
2024-11-01,LNGN0037,terminal,1,2,0,0,0.0,2,1.0
2024-11-01,LNGN0039,terminal,0,0,0,0,0.0,0,0.0
2024-11-01,LNGN0040,terminal,0,0,0,0,0.0,0,0.0
2024-11-01,LNGN0044,terminal,1,2,0,0,0.0,0,0.0
2024-11-01,LNGN0045,terminal,0,0,0,0,0.0,0,0.0
2024-11-01,LNGN0050,terminal,1,2,1,2,1.0,0,0.0
2024-11-01,LNGN0052,terminal,0,0,0,0,0.0,0,0.0
2024-11-01,LNGN0055,terminal,0,0,0,0,0.0,0,0.0
2024-11-01,LNGN0056,terminal,1,1,0,1,1.0,0,0.0
2024-11-01,LNGN0059,terminal,0,0,0,0,0.0,0,0.0
2024-11-01,LNGN0069,terminal,0,0,0,0,0.0,0,0.0
2024-11-01,LNGN0070,terminal,0,0,0,0,0.0,0,0.0
2024-11-01,LNGN0074,terminal,0,0,0,0,0.0,0,0.0
2024-11-01,LNGN0075,terminal,0,0,0,0,0.0,0,0.0
2024-11-01,LNGN0076,terminal,0,0,0,0,0.0,0,0.0
2024-11-01,LNGN0079,terminal,0,0,0,0,0.0,0,0.0
2024-11-01,LNGN0081,terminal,0,0,0,0,0.0,0,0.0
2024-11-01,LNGN0083,terminal,0,0,0,0,0.0,0,0.0
2024-11-01,LNGN0085,terminal,1,1,0,1,1.0,0,0.0
2024-11-01,LNGN0087,terminal,0,0,0,0,0.0,0,0.0
2024-11-01,LNGN0097,terminal,1,1,0,1,1.0,0,0.0
2024-11-01,LNGN0098,terminal,1,1,0,1,1.0,0,0.0
2024-11-01,LNGN0100,terminal,0,0,0,0,0.0,0,0.0
2024-11-01,LNGN0101,terminal,0,0,0,0,0.0,0,0.0
2024-11-01,LNGN0102,terminal,0,0,0,0,0.0,0,0.0
2024-11-01,LNGN0103,terminal,0,0,0,0,0.0,0,0.0
2024-11-01,LNGN0108,terminal,0,0,0,0,0.0,0,0.0
2024-11-01,LNGN0109,terminal,0,0,0,0,0.0,0,0.0
2024-11-01,LNGN0112,terminal,0,0,0,0,0.0,0,0.0
2024-11-01,LNGN0115,terminal,0,0,0,0,0.0,0,0.0
2024-11-01,LNGN0121,terminal,1,1,0,1,1.0,0,0.0
2024-11-01,LNGN0122,terminal,0,0,0,0,0.0,0,0.0
2024-11-01,LNGN0124,terminal,1,1,0,1,1.0,0,0.0
2024-11-01,LNGN0130,terminal,0,0,0,0,0.0,0,0.0
2024-11-01,LNGN0132,terminal,1,2,0,0,0.0,2,1.0
2024-11-01,LNGN0136,terminal,1,1,0,1,1.0,0,0.0
2024-11-01,LNGN0138,terminal,0,0,0,0,0.0,0,0.0
2024-11-01,LNGN0142,terminal,1,1,0,1,1.0,0,0.0
2024-11-01,LNGN0143,terminal,0,0,0,0,0.0,0,0.0
2024-11-01,LNGN0144,terminal,1,1,0,1,1.0,0,0.0
2024-11-01,LNGN0148,terminal,0,0,0,0,0.0,0,0.0
2024-11-01,LNGN0150,terminal,0,0,0,0,0.0,0,0.0
2024-11-01,LNGN0156,terminal,0,0,0,0,0.0,0,0.0
2024-11-01,LNGN0163,terminal,0,0,0,0,0.0,0,0.0
2024-11-01,LNGN0164,terminal,0,0,0,0,0.0,0,0.0
2024-11-01,LNGN0165,terminal,0,0,0,0,0.0,0,0.0
2024-11-01,LNGN0166,terminal,1,1,0,1,1.0,0,0.0
2024-11-01,LNGN0168,terminal,0,0,0,0,0.0,0,0.0
2024-11-01,LNGN0170,terminal,0,0,0,0,0.0,0,0.0
2024-11-01,LNGN0173,terminal,0,0,0,0,0.0,0,0.0
2024-11-01,LNGN0174,terminal,0,0,0,0,0.0,0,0.0
2024-11-01,LNGN0175,terminal,0,0,0,0,0.0,0,0.0
2024-11-01,LNGN0176,terminal,0,0,0,0,0.0,0,0.0
2024-11-01,LNGN0178,terminal,1,1,0,1,1.0,0,0.0
2024-11-01,LNGN0180,terminal,0,0,0,0,0.0,0,0.0
2024-11-01,LNGN0181,terminal,0,0,0,0,0.0,0,0.0
2024-11-01,LNGN0182,terminal,0,0,0,0,0.0,0,0.0
2024-11-01,LNGN0186,terminal,1,1,0,1,1.0,0,0.0
2024-11-01,LNGN0190,terminal,1,1,0,1,1.0,0,0.0
2024-11-01,LNGN0191,terminal,0,0,0,0,0.0,0,0.0
2024-11-01,LNGN0195,terminal,1,2,0,0,0.0,2,1.0
2024-11-01,LNGN0199,terminal,0,0,0,0,0.0,0,0.0
2024-11-01,LNGN0206,terminal,1,1,0,1,1.0,0,0.0
2024-11-01,LNGN0207,terminal,0,0,0,0,0.0,0,0.0
2024-11-01,LNGN0208,terminal,1,1,0,1,1.0,0,0.0
2024-11-01,LNGN0210,terminal,1,1,0,1,1.0,0,0.0
2024-11-01,LNGN0212,terminal,0,0,0,0,0.0,0,0.0
2024-11-01,LNGN0219,terminal,0,0,0,0,0.0,0,0.0
2024-11-01,LNGN0222,terminal,0,0,0,0,0.0,0,0.0
2024-11-01,LNGN0230,terminal,1,2,0,0,0.0,0,0.0
2024-11-01,LNGN0232,terminal,1,1,0,1,1.0,0,0.0
2024-11-01,LNGN0237,terminal,0,0,0,0,0.0,0,0.0
2024-11-01,LNGN0238,terminal,0,0,0,0,0.0,0,0.0
2024-11-01,LNGN0241,terminal,0,0,0,0,0.0,0,0.0
2024-11-01,LNGN0243,terminal,0,0,0,0,0.0,0,0.0
2024-11-01,LNGN0244,terminal,1,2,0,0,0.0,0,0.0
2024-11-01,LNGN0248,terminal,0,0,0,0,0.0,0,0.0
2024-11-01,LNGN0250,terminal,0,0,0,0,0.0,0,0.0
2024-11-01,LNGN0251,terminal,0,0,0,0,0.0,0,0.0
2024-11-01,LNGN0253,terminal,0,0,0,0,0.0,0,0.0
2024-11-01,LNGN0258,terminal,0,0,0,0,0.0,0,0.0
2024-11-01,LNGN0261,terminal,1,3,0,0,0.0,3,1.0
2024-11-01,LNGN0262,terminal,0,0,0,0,0.0,0,0.0
2024-11-01,LNGN0268,terminal,0,0,0,0,0.0,0,0.0
2024-11-01,LNGN0270,terminal,0,0,0,0,0.0,0,0.0
2024-11-01,LNGN0272,terminal,0,0,0,0,0.0,0,0.0
2024-11-01,LNGN0274,terminal,0,0,0,0,0.0,0,0.0
2024-11-01,LNGN0278,terminal,0,0,0,0,0.0,0,0.0
2024-11-01,LNGN0285,terminal,1,2,1,2,1.0,0,0.0
2024-11-01,LNGN0287,terminal,0,0,0,0,0.0,0,0.0
2024-11-01,LNGN0288,terminal,0,0,0,0,0.0,0,0.0
2024-11-01,LNGN0290,terminal,0,0,0,0,0.0,0,0.0
2024-11-01,LNGN0291,terminal,1,1,0,1,1.0,0,0.0
2024-11-01,LNGN0293,terminal,0,0,0,0,0.0,0,0.0
2024-11-01,LNGN0294,terminal,0,0,0,0,0.0,0,0.0
2024-11-01,LNGN0297,terminal,1,1,0,1,1.0,0,0.0
2024-11-01,LNGN0299,terminal,0,0,0,0,0.0,0,0.0
2024-11-01,LNGN0307,terminal,0,0,0,0,0.0,0,0.0
2024-11-01,LNGN0308,terminal,1,1,0,1,1.0,0,0.0
2024-11-01,LNGN0309,terminal,1,2,1,2,1.0,0,0.0
2024-11-01,LNGN0312,terminal,0,0,0,0,0.0,0,0.0
2024-11-01,LNGN0314,terminal,1,1,0,1,1.0,0,0.0
2024-11-01,LNGN0319,terminal,0,0,0,0,0.0,0,0.0
2024-11-01,LNGN0322,terminal,0,0,0,0,0.0,0,0.0
2024-11-01,LNGN0324,terminal,0,0,0,0,0.0,0,0.0
2024-11-01,LNGN0328,terminal,1,2,0,0,0.0,0,0.0
2024-11-01,LNGN0331,terminal,0,0,0,0,0.0,0,0.0
2024-11-01,LNGN0334,terminal,1,1,0,1,1.0,0,0.0
2024-11-01,LNGN0344,terminal,0,0,0,0,0.0,0,0.0
2024-11-01,LNGN0345,terminal,1,5,1,2,0.4,3,0.6
2024-11-01,LNGN0347,terminal,0,0,0,0,0.0,0,0.0
2024-11-01,LNGN0348,terminal,0,0,0,0,0.0,0,0.0
2024-11-01,LNGN0351,terminal,1,1,0,1,1.0,0,0.0
2024-11-01,LNGN0354,terminal,0,0,0,0,0.0,0,0.0
2024-11-01,LNGN0359,terminal,0,0,0,0,0.0,0,0.0
2024-11-01,LNGN0361,terminal,0,0,0,0,0.0,0,0.0
2024-11-01,LNGN0362,terminal,0,0,0,0,0.0,0,0.0
2024-11-01,LNGN0363,terminal,0,0,0,0,0.0,0,0.0
2024-11-01,LNGN0364,terminal,0,0,0,0,0.0,0,0.0
2024-11-01,LNGN0372,terminal,0,0,0,0,0.0,0,0.0
2024-11-01,LNGN0374,terminal,1,2,0,0,0.0,2,1.0
2024-11-01,LNGN0378,terminal,0,0,0,0,0.0,0,0.0
2024-11-01,LNGN0381,terminal,1,2,1,2,1.0,0,0.0
2024-11-01,LNGN0382,terminal,0,0,0,0,0.0,0,0.0
2024-11-01,LNGN0385,terminal,0,0,0,0,0.0,0,0.0
2024-11-01,LNGN0391,terminal,0,0,0,0,0.0,0,0.0
2024-11-01,LNGN0398,terminal,0,0,0,0,0.0,0,0.0
2024-11-01,LNGN0405,terminal,1,1,0,1,1.0,0,0.0
2024-11-01,LNGN0421,terminal,0,0,0,0,0.0,0,0.0
2024-11-01,LNGN0423,terminal,1,1,0,1,1.0,0,0.0
2024-11-01,LNGN0425,terminal,0,0,0,0,0.0,0,0.0
2024-11-01,LNGN0426,terminal,1,1,0,1,1.0,0,0.0
2024-11-01,LNGN0427,terminal,0,0,0,0,0.0,0,0.0
2024-11-01,LNGN0428,terminal,0,0,0,0,0.0,0,0.0
2024-11-01,LNGN0429,terminal,0,0,0,0,0.0,0,0.0
2024-11-01,LNGN0435,terminal,1,2,0,0,0.0,0,0.0
2024-11-01,LNGN0437,terminal,0,0,0,0,0.0,0,0.0
2024-11-01,LNGN0441,terminal,1,1,0,1,1.0,0,0.0
2024-11-01,LNGN0442,terminal,1,1,0,1,1.0,0,0.0
2024-11-01,LNGN0447,terminal,0,0,0,0,0.0,0,0.0
2024-11-01,LNGN0449,terminal,0,0,0,0,0.0,0,0.0
2024-11-01,LNGN0452,terminal,1,4,0,0,0.0,2,0.5
2024-11-01,LNGN0453,terminal,0,0,0,0,0.0,0,0.0
2024-11-01,LNGN0460,terminal,0,0,0,0,0.0,0,0.0
2024-11-01,LNGN0463,terminal,1,1,0,1,1.0,0,0.0
2024-11-01,LNGN0464,terminal,1,2,0,0,0.0,2,1.0
2024-11-01,LNGN0472,terminal,0,0,0,0,0.0,0,0.0
2024-11-01,LNGN0473,terminal,1,1,0,1,1.0,0,0.0
2024-11-01,LNGN0474,terminal,0,0,0,0,0.0,0,0.0
2024-12-01,CP001,chokepoint,1,3,1,1,0.3333333333333333,2,0.6666666666666666
2024-12-01,CP002,chokepoint,1,4,1,4,1.0,0,0.0
2024-12-01,CP004,chokepoint,1,2,0,0,0.0,2,1.0
2024-12-01,CP005,chokepoint,1,12,1,6,0.5,2,0.16666666666666666
2024-12-01,CP006,chokepoint,1,7,1,5,0.7142857142857143,2,0.2857142857142857
2024-12-01,CP007,chokepoint,1,2,0,0,0.0,2,1.0
2024-12-01,CP008,chokepoint,1,13,1,6,0.46153846153846156,1,0.07692307692307693
2024-12-01,CP009,chokepoint,1,10,1,3,0.3,0,0.0
2024-12-01,CP010,chokepoint,1,9,1,3,0.3333333333333333,0,0.0
2024-12-01,CP011,chokepoint,1,5,1,3,0.6,2,0.4
2024-12-01,CP012,chokepoint,0,0,0,0,0.0,0,0.0
2024-12-01,CP013,chokepoint,0,0,0,0,0.0,0,0.0
2024-12-01,CP014,chokepoint,1,2,1,2,1.0,0,0.0
2024-12-01,CP015,chokepoint,1,6,1,2,0.3333333333333333,2,0.3333333333333333
2024-12-01,CP016,chokepoint,1,6,1,4,0.6666666666666666,2,0.3333333333333333
2024-12-01,CP017,chokepoint,0,0,0,0,0.0,0,0.0
2024-12-01,CP018,chokepoint,0,0,0,0,0.0,0,0.0
2024-12-01,CP019,chokepoint,1,2,0,0,0.0,2,1.0
2024-12-01,CP020,chokepoint,1,4,1,2,0.5,2,0.5
2024-12-01,CP021,chokepoint,0,0,0,0,0.0,0,0.0
2024-12-01,CP022,chokepoint,1,2,1,2,1.0,0,0.0
2024-12-01,CP023,chokepoint,0,0,0,0,0.0,0,0.0
2024-12-01,CP024,chokepoint,0,0,0,0,0.0,0,0.0
2024-12-01,CP027,chokepoint,1,4,1,1,0.25,3,0.75
2024-12-01,LNGN0004,terminal,1,1,0,1,1.0,0,0.0
2024-12-01,LNGN0006,terminal,0,0,0,0,0.0,0,0.0
2024-12-01,LNGN0008,terminal,0,0,0,0,0.0,0,0.0
2024-12-01,LNGN0013,terminal,0,0,0,0,0.0,0,0.0
2024-12-01,LNGN0017,terminal,0,0,0,0,0.0,0,0.0
2024-12-01,LNGN0025,terminal,1,1,0,1,1.0,0,0.0
2024-12-01,LNGN0026,terminal,1,2,0,0,0.0,0,0.0
2024-12-01,LNGN0027,terminal,1,1,0,1,1.0,0,0.0
2024-12-01,LNGN0031,terminal,0,0,0,0,0.0,0,0.0
2024-12-01,LNGN0035,terminal,1,1,0,1,1.0,0,0.0
2024-12-01,LNGN0037,terminal,1,1,0,1,1.0,0,0.0
2024-12-01,LNGN0039,terminal,1,1,0,1,1.0,0,0.0
2024-12-01,LNGN0040,terminal,0,0,0,0,0.0,0,0.0
2024-12-01,LNGN0044,terminal,0,0,0,0,0.0,0,0.0
2024-12-01,LNGN0045,terminal,0,0,0,0,0.0,0,0.0
2024-12-01,LNGN0050,terminal,0,0,0,0,0.0,0,0.0
2024-12-01,LNGN0052,terminal,0,0,0,0,0.0,0,0.0
2024-12-01,LNGN0055,terminal,0,0,0,0,0.0,0,0.0
2024-12-01,LNGN0056,terminal,0,0,0,0,0.0,0,0.0
2024-12-01,LNGN0059,terminal,0,0,0,0,0.0,0,0.0
2024-12-01,LNGN0069,terminal,0,0,0,0,0.0,0,0.0
2024-12-01,LNGN0070,terminal,0,0,0,0,0.0,0,0.0
2024-12-01,LNGN0074,terminal,0,0,0,0,0.0,0,0.0
2024-12-01,LNGN0075,terminal,0,0,0,0,0.0,0,0.0
2024-12-01,LNGN0076,terminal,0,0,0,0,0.0,0,0.0
2024-12-01,LNGN0079,terminal,0,0,0,0,0.0,0,0.0
2024-12-01,LNGN0081,terminal,0,0,0,0,0.0,0,0.0
2024-12-01,LNGN0083,terminal,0,0,0,0,0.0,0,0.0
2024-12-01,LNGN0085,terminal,1,1,0,1,1.0,0,0.0
2024-12-01,LNGN0087,terminal,0,0,0,0,0.0,0,0.0
2024-12-01,LNGN0097,terminal,1,1,0,1,1.0,0,0.0
2024-12-01,LNGN0098,terminal,0,0,0,0,0.0,0,0.0
2024-12-01,LNGN0100,terminal,0,0,0,0,0.0,0,0.0
2024-12-01,LNGN0101,terminal,0,0,0,0,0.0,0,0.0
2024-12-01,LNGN0102,terminal,0,0,0,0,0.0,0,0.0
2024-12-01,LNGN0103,terminal,0,0,0,0,0.0,0,0.0
2024-12-01,LNGN0108,terminal,0,0,0,0,0.0,0,0.0
2024-12-01,LNGN0109,terminal,0,0,0,0,0.0,0,0.0
2024-12-01,LNGN0112,terminal,0,0,0,0,0.0,0,0.0
2024-12-01,LNGN0115,terminal,0,0,0,0,0.0,0,0.0
2024-12-01,LNGN0121,terminal,1,1,0,1,1.0,0,0.0
2024-12-01,LNGN0122,terminal,0,0,0,0,0.0,0,0.0
2024-12-01,LNGN0124,terminal,1,1,0,1,1.0,0,0.0
2024-12-01,LNGN0130,terminal,0,0,0,0,0.0,0,0.0
2024-12-01,LNGN0132,terminal,1,3,0,0,0.0,0,0.0
2024-12-01,LNGN0136,terminal,1,1,0,1,1.0,0,0.0
2024-12-01,LNGN0138,terminal,0,0,0,0,0.0,0,0.0
2024-12-01,LNGN0142,terminal,1,2,0,0,0.0,2,1.0
2024-12-01,LNGN0143,terminal,0,0,0,0,0.0,0,0.0
2024-12-01,LNGN0144,terminal,1,1,0,1,1.0,0,0.0
2024-12-01,LNGN0148,terminal,0,0,0,0,0.0,0,0.0
2024-12-01,LNGN0150,terminal,0,0,0,0,0.0,0,0.0
2024-12-01,LNGN0156,terminal,0,0,0,0,0.0,0,0.0
2024-12-01,LNGN0163,terminal,0,0,0,0,0.0,0,0.0
2024-12-01,LNGN0164,terminal,0,0,0,0,0.0,0,0.0
2024-12-01,LNGN0165,terminal,0,0,0,0,0.0,0,0.0
2024-12-01,LNGN0166,terminal,1,2,0,0,0.0,0,0.0
2024-12-01,LNGN0168,terminal,1,1,0,1,1.0,0,0.0
2024-12-01,LNGN0170,terminal,0,0,0,0,0.0,0,0.0
2024-12-01,LNGN0173,terminal,0,0,0,0,0.0,0,0.0
2024-12-01,LNGN0174,terminal,0,0,0,0,0.0,0,0.0
2024-12-01,LNGN0175,terminal,1,1,0,1,1.0,0,0.0
2024-12-01,LNGN0176,terminal,0,0,0,0,0.0,0,0.0
2024-12-01,LNGN0178,terminal,0,0,0,0,0.0,0,0.0
2024-12-01,LNGN0180,terminal,1,1,0,1,1.0,0,0.0
2024-12-01,LNGN0181,terminal,1,1,0,1,1.0,0,0.0
2024-12-01,LNGN0182,terminal,0,0,0,0,0.0,0,0.0
2024-12-01,LNGN0186,terminal,1,2,0,0,0.0,0,0.0
2024-12-01,LNGN0190,terminal,1,1,0,1,1.0,0,0.0
2024-12-01,LNGN0191,terminal,0,0,0,0,0.0,0,0.0
2024-12-01,LNGN0195,terminal,1,1,0,1,1.0,0,0.0
2024-12-01,LNGN0199,terminal,0,0,0,0,0.0,0,0.0
2024-12-01,LNGN0206,terminal,1,1,0,1,1.0,0,0.0
2024-12-01,LNGN0207,terminal,1,2,0,0,0.0,0,0.0
2024-12-01,LNGN0208,terminal,1,1,0,1,1.0,0,0.0
2024-12-01,LNGN0210,terminal,1,1,0,1,1.0,0,0.0
2024-12-01,LNGN0212,terminal,0,0,0,0,0.0,0,0.0
2024-12-01,LNGN0219,terminal,0,0,0,0,0.0,0,0.0
2024-12-01,LNGN0222,terminal,0,0,0,0,0.0,0,0.0
2024-12-01,LNGN0230,terminal,1,3,0,0,0.0,1,0.3333333333333333
2024-12-01,LNGN0232,terminal,1,1,0,1,1.0,0,0.0
2024-12-01,LNGN0237,terminal,1,1,0,1,1.0,0,0.0
2024-12-01,LNGN0238,terminal,1,1,0,1,1.0,0,0.0
2024-12-01,LNGN0241,terminal,0,0,0,0,0.0,0,0.0
2024-12-01,LNGN0243,terminal,0,0,0,0,0.0,0,0.0
2024-12-01,LNGN0244,terminal,1,1,0,1,1.0,0,0.0
2024-12-01,LNGN0248,terminal,0,0,0,0,0.0,0,0.0
2024-12-01,LNGN0250,terminal,1,1,0,1,1.0,0,0.0
2024-12-01,LNGN0251,terminal,0,0,0,0,0.0,0,0.0
2024-12-01,LNGN0253,terminal,0,0,0,0,0.0,0,0.0
2024-12-01,LNGN0258,terminal,0,0,0,0,0.0,0,0.0
2024-12-01,LNGN0261,terminal,1,4,0,0,0.0,1,0.25
2024-12-01,LNGN0262,terminal,0,0,0,0,0.0,0,0.0
2024-12-01,LNGN0268,terminal,0,0,0,0,0.0,0,0.0
2024-12-01,LNGN0270,terminal,1,1,0,1,1.0,0,0.0
2024-12-01,LNGN0272,terminal,0,0,0,0,0.0,0,0.0
2024-12-01,LNGN0274,terminal,0,0,0,0,0.0,0,0.0
2024-12-01,LNGN0278,terminal,0,0,0,0,0.0,0,0.0
2024-12-01,LNGN0285,terminal,1,2,0,0,0.0,0,0.0
2024-12-01,LNGN0287,terminal,0,0,0,0,0.0,0,0.0
2024-12-01,LNGN0288,terminal,0,0,0,0,0.0,0,0.0
2024-12-01,LNGN0290,terminal,0,0,0,0,0.0,0,0.0
2024-12-01,LNGN0291,terminal,0,0,0,0,0.0,0,0.0
2024-12-01,LNGN0293,terminal,0,0,0,0,0.0,0,0.0
2024-12-01,LNGN0294,terminal,0,0,0,0,0.0,0,0.0
2024-12-01,LNGN0297,terminal,1,1,0,1,1.0,0,0.0
2024-12-01,LNGN0299,terminal,1,1,0,1,1.0,0,0.0
2024-12-01,LNGN0307,terminal,0,0,0,0,0.0,0,0.0
2024-12-01,LNGN0308,terminal,1,1,0,1,1.0,0,0.0
2024-12-01,LNGN0309,terminal,1,1,0,1,1.0,0,0.0
2024-12-01,LNGN0312,terminal,0,0,0,0,0.0,0,0.0
2024-12-01,LNGN0314,terminal,0,0,0,0,0.0,0,0.0
2024-12-01,LNGN0319,terminal,1,1,0,1,1.0,0,0.0
2024-12-01,LNGN0322,terminal,0,0,0,0,0.0,0,0.0
2024-12-01,LNGN0324,terminal,1,1,0,1,1.0,0,0.0
2024-12-01,LNGN0328,terminal,1,1,0,1,1.0,0,0.0
2024-12-01,LNGN0331,terminal,1,1,0,1,1.0,0,0.0
2024-12-01,LNGN0334,terminal,0,0,0,0,0.0,0,0.0
2024-12-01,LNGN0344,terminal,0,0,0,0,0.0,0,0.0
2024-12-01,LNGN0345,terminal,1,4,1,2,0.5,0,0.0
2024-12-01,LNGN0347,terminal,0,0,0,0,0.0,0,0.0
2024-12-01,LNGN0348,terminal,0,0,0,0,0.0,0,0.0
2024-12-01,LNGN0351,terminal,0,0,0,0,0.0,0,0.0
2024-12-01,LNGN0354,terminal,0,0,0,0,0.0,0,0.0
2024-12-01,LNGN0359,terminal,0,0,0,0,0.0,0,0.0
2024-12-01,LNGN0361,terminal,0,0,0,0,0.0,0,0.0
2024-12-01,LNGN0362,terminal,0,0,0,0,0.0,0,0.0
2024-12-01,LNGN0363,terminal,1,1,0,1,1.0,0,0.0
2024-12-01,LNGN0364,terminal,0,0,0,0,0.0,0,0.0
2024-12-01,LNGN0372,terminal,0,0,0,0,0.0,0,0.0
2024-12-01,LNGN0374,terminal,1,4,0,0,0.0,1,0.25
2024-12-01,LNGN0378,terminal,0,0,0,0,0.0,0,0.0
2024-12-01,LNGN0381,terminal,1,1,0,1,1.0,0,0.0
2024-12-01,LNGN0382,terminal,0,0,0,0,0.0,0,0.0
2024-12-01,LNGN0385,terminal,1,1,0,1,1.0,0,0.0
2024-12-01,LNGN0391,terminal,0,0,0,0,0.0,0,0.0
2024-12-01,LNGN0398,terminal,0,0,0,0,0.0,0,0.0
2024-12-01,LNGN0405,terminal,1,1,0,1,1.0,0,0.0
2024-12-01,LNGN0421,terminal,0,0,0,0,0.0,0,0.0
2024-12-01,LNGN0423,terminal,1,2,0,0,0.0,0,0.0
2024-12-01,LNGN0425,terminal,0,0,0,0,0.0,0,0.0
2024-12-01,LNGN0426,terminal,0,0,0,0,0.0,0,0.0
2024-12-01,LNGN0427,terminal,0,0,0,0,0.0,0,0.0
2024-12-01,LNGN0428,terminal,0,0,0,0,0.0,0,0.0
2024-12-01,LNGN0429,terminal,1,1,0,1,1.0,0,0.0
2024-12-01,LNGN0435,terminal,1,3,1,1,0.3333333333333333,0,0.0
2024-12-01,LNGN0437,terminal,0,0,0,0,0.0,0,0.0
2024-12-01,LNGN0441,terminal,0,0,0,0,0.0,0,0.0
2024-12-01,LNGN0442,terminal,1,1,0,1,1.0,0,0.0
2024-12-01,LNGN0447,terminal,0,0,0,0,0.0,0,0.0
2024-12-01,LNGN0449,terminal,0,0,0,0,0.0,0,0.0
2024-12-01,LNGN0452,terminal,1,6,1,2,0.3333333333333333,1,0.16666666666666666
2024-12-01,LNGN0453,terminal,0,0,0,0,0.0,0,0.0
2024-12-01,LNGN0460,terminal,0,0,0,0,0.0,0,0.0
2024-12-01,LNGN0463,terminal,1,1,0,1,1.0,0,0.0
2024-12-01,LNGN0464,terminal,1,3,0,0,0.0,0,0.0
2024-12-01,LNGN0472,terminal,0,0,0,0,0.0,0,0.0
2024-12-01,LNGN0473,terminal,1,1,0,1,1.0,0,0.0
2024-12-01,LNGN0474,terminal,0,0,0,0,0.0,0,0.0
