node_id,node_type,metric,months,active_months,mean,std,coefficient_of_variation,min,max,lag1_autocorrelation,mean_absolute_monthly_change
CP001,chokepoint,node_throughput,60,60,2891436.5833333335,1224178.6090456983,0.42338075685354615,325900.0,5350661.0,0.4924911595909997,972143.3559322034
CP001,chokepoint,total_voyages,60,60,14.883333333333333,6.197571056926232,0.41641014940153853,2.0,27.0,0.4866889600094671,4.932203389830509
CP001,chokepoint,total_route_exposure,60,60,10.183333333333334,4.280391502237777,0.4203330444096017,1.0,19.0,0.4161312924827497,3.8135593220338984
CP001,chokepoint,total_degree,60,60,5.316666666666666,1.8820442065690768,0.3539895059377574,2.0,10.0,0.34851954850318984,1.694915254237288
CP001,chokepoint,total_strength,60,60,5782873.166666667,2448357.2180913966,0.42338075685354615,651800.0,10701322.0,0.4924911595909997,1944286.7118644067
CP001,chokepoint,betweenness,60,60,0.03014617944494055,0.013843156218516142,0.45920101563116805,0.0022213994816734544,0.0733162830349531,0.3444934622533254,0.010619498415949138
CP001,chokepoint,pagerank,60,60,0.022252958184247666,0.004515442487464753,0.20291425751481107,0.010276980766704856,0.03219328324045272,0.4388100837988299,0.0037700841921912416
CP001,chokepoint,eigenvector,60,60,0.10686630469613032,0.08556491094317231,0.8006724962229433,0.0,0.38868585144331413,0.26743702495320004,0.07001010816437722
CP001,chokepoint,share_monthly_network_flow,60,60,0.03354608585903503,0.01300547494827268,0.3876897889942618,0.005865353864051572,0.0665981810245702,0.5824276339586487,0.009246806602404385
CP002,chokepoint,node_throughput,60,60,1823750.6333333333,912490.0069815664,0.5003370473482859,174000.0,4236400.0,0.6887578138921152,557765.6949152543
CP002,chokepoint,total_voyages,60,60,10.733333333333333,5.383171098288288,0.5015376799647473,1.0,25.0,0.6895897800181343,3.288135593220339
CP002,chokepoint,total_route_exposure,60,60,9.75,4.778571519053771,0.49010989939013033,1.0,22.0,0.6835872550897446,2.8983050847457625
CP002,chokepoint,total_degree,60,60,6.866666666666666,2.353984481226057,0.34281327396495975,2.0,12.0,0.5434874600528334,1.847457627118644
CP002,chokepoint,total_strength,60,60,3647501.2666666666,1824980.0139631329,0.5003370473482859,348000.0,8472800.0,0.6887578138921152,1115531.3898305085
CP002,chokepoint,betweenness,60,60,0.009516028520729856,0.005742679030281287,0.6034743399277703,0.00030111412225233364,0.031404958677685946,0.3579927616880332,0.004184708864714954
CP002,chokepoint,pagerank,60,60,0.02024091372475419,0.005190345552140409,0.2564284213015903,0.01135497524425255,0.03426825751091764,0.5493429827888444,0.003761942151540106
CP002,chokepoint,eigenvector,60,60,0.025210074282090236,0.10837659771841943,4.298940039038776,0.0,0.644052037886591,-0.028613819048758888,0.0452464746776428
CP002,chokepoint,share_monthly_network_flow,60,60,0.021711437793253553,0.013458393476890247,0.6198757357779504,0.002947147882392946,0.07978243373259453,0.7545627352005129,0.006158299179109673
CP003,chokepoint,node_throughput,60,0,0.0,0.0,,0.0,0.0,,0.0
CP003,chokepoint,total_voyages,60,0,0.0,0.0,,0.0,0.0,,0.0
CP003,chokepoint,total_route_exposure,60,0,0.0,0.0,,0.0,0.0,,0.0
CP003,chokepoint,total_degree,60,0,0.0,0.0,,0.0,0.0,,0.0
CP003,chokepoint,total_strength,60,0,0.0,0.0,,0.0,0.0,,0.0
CP003,chokepoint,betweenness,60,0,0.0,0.0,,0.0,0.0,,0.0
CP003,chokepoint,pagerank,60,0,0.0,0.0,,0.0,0.0,,0.0
CP003,chokepoint,eigenvector,60,0,0.0,0.0,,0.0,0.0,,0.0
CP003,chokepoint,share_monthly_network_flow,60,0,0.0,0.0,,0.0,0.0,,0.0
CP004,chokepoint,node_throughput,60,60,2877634.1166666667,1212199.954519742,0.42124881252238716,325900.0,5350661.0,0.4958577118784815,953777.3220338983
CP004,chokepoint,total_voyages,60,60,14.8,6.128012922055676,0.41405492716592407,2.0,27.0,0.4908615368643699,4.830508474576271
CP004,chokepoint,total_route_exposure,60,60,10.1,4.221414334444186,0.4179618152915036,1.0,18.0,0.4274386268140762,3.711864406779661
CP004,chokepoint,total_degree,60,60,4.133333333333334,1.227739643722708,0.29703378477162284,2.0,7.0,0.1459589867310011,1.2203389830508475
CP004,chokepoint,total_strength,60,60,5755268.233333333,2424399.909039484,0.42124881252238716,651800.0,10701322.0,0.4958577118784815,1907554.6440677966
CP004,chokepoint,betweenness,60,60,0.028024454498987918,0.014106998456059658,0.5033817324283376,0.001295816364309515,0.07203751065643649,0.3618349830520721,0.010718391919721869
CP004,chokepoint,pagerank,60,60,0.01744576792296438,0.00391175462409705,0.2242236994880513,0.009183511261464088,0.02641349373594608,0.296123282519306,0.0034062533885629892
CP004,chokepoint,eigenvector,60,60,0.22688190070438238,0.12480940930561928,0.5501073859048841,0.0,0.4706941745321902,0.38890395052853427,0.0927516944559487
CP004,chokepoint,share_monthly_network_flow,60,60,0.03339094717312234,0.012882367327516846,0.3858041900017248,0.005865353864051572,0.06523492454031968,0.5836184773320094,0.009051943294021956
CP005,chokepoint,node_throughput,60,60,4060342.8333333335,1411935.2410151877,0.3477379371574053,599352.0,6586657.0,0.7690339856494592,742665.8474576271
CP005,chokepoint,total_voyages,60,60,20.283333333333335,7.535434185339417,0.3715086697784429,3.0,35.0,0.7860555428791866,3.76271186440678
CP005,chokepoint,total_route_exposure,60,60,14.3,5.257117854451546,0.3676306191924158,3.0,25.0,0.7078666793244464,3.23728813559322
CP005,chokepoint,total_degree,60,60,8.45,2.9768883766073024,0.35229448243873407,3.0,14.0,0.7779357156739808,1.4576271186440677
CP005,chokepoint,total_strength,60,60,8120685.666666667,2823870.4820303754,0.3477379371574053,1198704.0,13173314.0,0.7690339856494592,1485331.6949152541
CP005,chokepoint,betweenness,60,60,0.02575189805552602,0.012374225861286049,0.48051704129166906,0.0040650406504065045,0.059049207673060884,0.5617933698351741,0.008335861700216881
CP005,chokepoint,pagerank,60,60,0.019990989539754266,0.005295072580874869,0.2648729604077396,0.011142763870409333,0.03614826134457897,0.6356821218713784,0.00340536742012446
CP005,chokepoint,eigenvector,60,60,0.3000437349113108,0.14261035927575347,0.47529857378260976,0.0,0.49554624541557113,0.609402593775022,0.08176046513296278
CP005,chokepoint,share_monthly_network_flow,60,60,0.046865164006240564,0.012195748679443586,0.26023057718990594,0.01128735747863705,0.0765343834195201,0.5943418833974836,0.008503681042078043
CP006,chokepoint,node_throughput,60,60,6807125.583333333,2089634.2075004687,0.30697747263790165,572054.0,10702065.0,0.7045754788581383,1314912.847457627
CP006,chokepoint,total_voyages,60,60,34.016666666666666,11.23175230705368,0.33018380128526253,3.0,55.0,0.7328993724196753,6.627118644067797
CP006,chokepoint,total_route_exposure,60,60,20.25,5.82695373505818,0.28775080173126816,3.0,31.0,0.6901611491530656,3.830508474576271
CP006,chokepoint,total_degree,60,60,7.716666666666667,1.70832127596682,0.2213807269071473,3.0,12.0,0.539447334798977,1.2372881355932204
CP006,chokepoint,total_strength,60,60,13614251.166666666,4179268.4150009374,0.30697747263790165,1144108.0,21404130.0,0.7045754788581383,2629825.694915254
CP006,chokepoint,betweenness,60,60,0.018188345969794985,0.010228299986578251,0.5623545980247011,0.003246753246753247,0.04747197437657287,0.34457258576001165,0.008199910840475123
CP006,chokepoint,pagerank,60,60,0.019181757961888066,0.0032915975510478287,0.17160041105658053,0.013366252505990613,0.030207471570654516,0.42404854937006536,0.002637928606636785
CP006,chokepoint,eigenvector,60,60,0.5729343522785507,0.23251757046054236,0.40583632232178735,0.0,0.6973569264614767,0.505115564739127,0.09886435486456224
CP006,chokepoint,share_monthly_network_flow,60,60,0.07870374999110712,0.016710806439130695,0.21232541576505415,0.01077326511813465,0.11490996981044929,0.571971819563588,0.01191128240061748
CP007,chokepoint,node_throughput,60,59,671345.6333333333,368892.305038718,0.549481945994214,0.0,1627886.0,0.3455448810092763,327184.16949152545
CP007,chokepoint,total_voyages,60,59,4.266666666666667,2.356862800395264,0.55238971884264,0.0,11.0,0.3469357148834558,2.0677966101694913
CP007,chokepoint,total_route_exposure,60,59,3.7666666666666666,2.10219148498609,0.5581039340671036,0.0,10.0,0.36869367178464163,1.9322033898305084
CP007,chokepoint,total_degree,60,59,3.8833333333333333,1.6477171333127631,0.4243048411964197,0.0,9.0,0.36250192189527325,1.3898305084745763
CP007,chokepoint,total_strength,60,59,1342691.2666666666,737784.610077436,0.549481945994214,0.0,3255772.0,0.3455448810092763,654368.3389830509
CP007,chokepoint,betweenness,60,59,0.0032546636225640998,0.003120978263797768,0.9589249844931712,0.0,0.011951754385964913,-0.019587878500744692,0.003405688660150889
CP007,chokepoint,pagerank,60,59,0.011360959199357932,0.0036631304636155514,0.32243144256891393,0.0,0.01892364955293174,0.11228324147261955,0.0036129451771288773
CP007,chokepoint,eigenvector,60,59,0.007283676482488729,0.009485909659958843,1.3023518662264422,0.0,0.04102183470213911,0.3154940305522121,0.007450522431627942
CP007,chokepoint,share_monthly_network_flow,60,59,0.007710578763320763,0.004113230138262877,0.5334528398606755,0.0,0.022201561202780887,0.18849737048609175,0.003942543440637079
CP008,chokepoint,node_throughput,60,60,3856655.1166666667,1362799.550119036,0.3533630850810723,961572.0,7419796.0,0.5472483465630827,1004139.5084745763
CP008,chokepoint,total_voyages,60,60,21.383333333333333,7.401538242931798,0.34613584924076995,6.0,39.0,0.5762087091001893,5.322033898305085
CP008,chokepoint,total_route_exposure,60,60,16.666666666666668,5.745054370283551,0.34470326221701303,6.0,26.0,0.6623387623686703,3.6271186440677967
CP008,chokepoint,total_degree,60,60,15.433333333333334,4.183772795248314,0.2710867901888756,7.0,24.0,0.6670578321135462,2.559322033898305
CP008,chokepoint,total_strength,60,60,7713310.233333333,2725599.100238072,0.3533630850810723,1923144.0,14839592.0,0.5472483465630827,2008279.0169491526
CP008,chokepoint,betweenness,60,60,0.036187659632205965,0.015461908566702329,0.4272701999479867,0.0055534987041836355,0.08887468030690537,0.35872704674777844,0.01191721214940774
CP008,chokepoint,pagerank,60,60,0.02722546357870452,0.00619680409768481,0.22761059989927543,0.011611688803160417,0.040951920936285455,0.5005336112016352,0.00496576252209554
CP008,chokepoint,eigenvector,60,60,0.03766916582652884,0.04384384264299114,1.1639185971066481,0.0,0.23070991133554247,0.11668263005738148,0.0355419518752555
CP008,chokepoint,share_monthly_network_flow,60,60,0.04422535666574888,0.01035349369037771,0.23410763577620072,0.018108902457066943,0.06963210489413414,0.3699165623833202,0.009195874188846655
CP009,chokepoint,node_throughput,60,60,3652243.4166666665,1875439.598644915,0.5135034510806493,520400.0,7249775.0,0.859951060377064,755400.5084745763
CP009,chokepoint,total_voyages,60,60,20.916666666666668,10.867915251827462,0.519581605665058,3.0,43.0,0.8635632251914297,4.305084745762712
CP009,chokepoint,total_route_exposure,60,60,12.816666666666666,6.179494978725236,0.48214525191614327,2.0,24.0,0.8099075411300471,3.1016949152542375
CP009,chokepoint,total_degree,60,60,12.55,3.6379590105870987,0.289877211998972,4.0,19.0,0.7413076209078144,2.0847457627118646
CP009,chokepoint,total_strength,60,60,7304486.833333333,3750879.19728983,0.5135034510806493,1040800.0,14499550.0,0.859951060377064,1510801.0169491526
CP009,chokepoint,betweenness,60,60,0.017587215987381413,0.009329002733017644,0.5304422678217562,0.0005126452494873548,0.04774083546462063,0.36696900787152076,0.006625674855817244
CP009,chokepoint,pagerank,60,60,0.021750445287581473,0.006350511624784936,0.29197156843546523,0.008985165188668234,0.036493678263968626,0.5222675233887228,0.0048878046834702794
CP009,chokepoint,eigenvector,60,60,0.0059337465390006255,0.007767889067248026,1.3091036188000558,0.0,0.041854066182923096,0.1209598068773082,0.006819551180001906
CP009,chokepoint,share_monthly_network_flow,60,60,0.039870546798459326,0.013387903788346981,0.3357843035366727,0.00936584888264019,0.06286403280206442,0.655858197329702,0.008176595588379795
CP010,chokepoint,node_throughput,60,59,791524.2833333333,478657.82153930055,0.604729168287215,0.0,2189064.0,0.6295512823823848,333059.0
CP010,chokepoint,total_voyages,60,59,6.183333333333334,3.4321099240953,0.555058208748566,0.0,14.0,0.7051228610234089,2.0508474576271185
CP010,chokepoint,total_route_exposure,60,59,4.7,2.32379000772445,0.49442340589881917,0.0,9.0,0.6947608582180747,1.3898305084745763
CP010,chokepoint,total_degree,60,59,7.016666666666667,2.727708833476548,0.38874710215817787,0.0,12.0,0.6159629569488175,1.7966101694915255
CP010,chokepoint,total_strength,60,59,1583048.5666666667,957315.6430786011,0.604729168287215,0.0,4378128.0,0.6295512823823848,666118.0
CP010,chokepoint,betweenness,60,59,0.006641680336574713,0.004924339888835443,0.7414298248769758,0.0,0.02152600170502984,0.442098895006096,0.0035813446108222164
CP010,chokepoint,pagerank,60,59,0.014203469944139626,0.004781018517279073,0.33660919029520164,0.0,0.027188390950509955,0.3344871030448516,0.004105110438985924
CP010,chokepoint,eigenvector,60,59,0.0003599625969389972,0.0005593280616857349,1.5538505012522845,0.0,0.002840502157380149,0.026887869457866358,0.0004546740906599113
CP010,chokepoint,share_monthly_network_flow,60,59,0.008877475437954401,0.004397379618162806,0.49534123173829653,0.0,0.01943558077752782,0.3226554036391978,0.004139328506150568
CP011,chokepoint,node_throughput,60,60,3362035.1333333333,1506299.6145252434,0.4480320861584225,261700.0,6523323.0,0.6445269218197709,1004199.1694915254
CP011,chokepoint,total_voyages,60,60,17.65,8.2745781806565,0.46881462779923516,1.0,34.0,0.6272196121347502,5.423728813559322
CP011,chokepoint,total_route_exposure,60,60,13.266666666666667,5.922856235694107,0.44644644992669147,1.0,24.0,0.5699255196241444,4.11864406779661
CP011,chokepoint,total_degree,60,60,12.1,4.007196915381632,0.33117329879187046,2.0,20.0,0.5905874858666746,2.6610169491525424
CP011,chokepoint,total_strength,60,60,6724070.266666667,3012599.229050487,0.4480320861584225,523400.0,13046646.0,0.6445269218197709,2008398.3389830508
CP011,chokepoint,betweenness,60,60,0.02535202916093079,0.009732469913745474,0.38389313344368803,0.0031616982836495033,0.043345543345543344,0.5155186477306994,0.0076434387063148545
CP011,chokepoint,pagerank,60,60,0.030628530638888807,0.009567377272706939,0.3123681441172145,0.010448667762232071,0.058878688504277334,0.2797287087178837,0.009402859681174342
CP011,chokepoint,eigenvector,60,60,0.09584635159977041,0.06755252622918949,0.7048001838533341,0.0,0.29451184539830333,0.5239607015150617,0.04644356693389307
CP011,chokepoint,share_monthly_network_flow,60,60,0.0374559879315495,0.012424231304119258,0.33170213870274723,0.006549781064119929,0.06269972834666898,0.41750806266929064,0.010610659428575177
CP012,chokepoint,node_throughput,60,3,11346.666666666666,53461.455992482646,4.7116441826512325,0.0,347400.0,-0.04662199316583487,23077.966101694914
CP012,chokepoint,total_voyages,60,3,0.06666666666666667,0.3117292755628477,4.675939133442715,0.0,2.0,-0.04733727810650885,0.13559322033898305
CP012,chokepoint,total_route_exposure,60,3,0.06666666666666667,0.3117292755628477,4.675939133442715,0.0,2.0,-0.04733727810650885,0.13559322033898305
CP012,chokepoint,total_degree,60,3,0.11666666666666667,0.5237306419436755,4.489119788088646,0.0,3.0,-0.051362683438155136,0.23728813559322035
CP012,chokepoint,total_strength,60,3,22693.333333333332,106922.91198496529,4.7116441826512325,0.0,694800.0,-0.04662199316583487,46155.93220338983
CP012,chokepoint,betweenness,60,3,0.00010486374871887622,0.0005596056079636008,5.336502030495004,0.0,0.0031142611683848795,-0.03633691518697149,0.00021328220078415503
CP012,chokepoint,pagerank,60,3,0.0004453766346481949,0.001981140830864031,4.44823701276773,0.0,0.010391031952802093,-0.05231197542445353,0.0009058507823353116
CP012,chokepoint,eigenvector,60,3,8.21586160101132e-05,0.000494594921303137,6.020000644147359,0.0,0.003637640656189151,-0.028550387525633287,0.00016710226985107768
CP012,chokepoint,share_monthly_network_flow,60,3,0.00015228764080463744,0.0007537807622855668,4.949717247590408,0.0,0.0052032080398640625,-0.042241890430554326,0.00030973757451790664
CP013,chokepoint,node_throughput,60,58,821637.7166666667,515936.77099050104,0.6279370585415973,0.0,2366900.0,0.5605440758104996,367950.27118644066
CP013,chokepoint,total_voyages,60,58,4.866666666666666,3.061331640386154,0.6290407480245522,0.0,14.0,0.5526529318729334,2.135593220338983
CP013,chokepoint,total_route_exposure,60,58,4.183333333333334,2.4180932862987192,0.5780302676411281,0.0,11.0,0.6108145039987568,1.5254237288135593
CP013,chokepoint,total_degree,60,58,4.75,2.1283000298240737,0.4480631641734892,0.0,10.0,0.5938471853966972,1.3898305084745763
CP013,chokepoint,total_strength,60,58,1643275.4333333333,1031873.5419810021,0.6279370585415973,0.0,4733800.0,0.5605440758104996,735900.5423728813
CP013,chokepoint,betweenness,60,58,0.0024316934438049676,0.0022436782147039146,0.9226813603581305,0.0,0.011847463902258423,0.6225484207794814,0.0013121326103451357
CP013,chokepoint,pagerank,60,58,0.014357739105606192,0.005013446751563713,0.3491807947399001,0.0,0.028732000322728466,0.42099485384141816,0.0038645861235178888
CP013,chokepoint,eigenvector,60,58,0.010091719588340375,0.04906180071224023,4.861589769985736,0.0,0.3033656837319758,-0.026687030974732726,0.01933474366304797
CP013,chokepoint,share_monthly_network_flow,60,58,0.010042705666946117,0.00804639052360887,0.8012174000172301,0.0,0.044574884902671606,0.6745097039909621,0.004321154977220649
CP014,chokepoint,node_throughput,60,55,603991.25,436912.0934290211,0.7233748724489322,0.0,1955400.0,0.15890404252077053,458604.9491525424
CP014,chokepoint,total_voyages,60,55,3.3833333333333333,2.470789804877583,0.7302827009490394,0.0,11.0,0.15592071513126296,2.593220338983051
CP014,chokepoint,total_route_exposure,60,55,3.033333333333333,2.1937250006623605,0.7232060441744046,0.0,9.0,0.1206044264401357,2.3220338983050848
CP014,chokepoint,total_degree,60,55,3.8666666666666667,2.1029975915479544,0.5438786874692986,0.0,8.0,-0.01857466120634247,2.406779661016949
CP014,chokepoint,total_strength,60,55,1207982.5,873824.1868580421,0.7233748724489322,0.0,3910800.0,0.15890404252077053,917209.8983050848
CP014,chokepoint,betweenness,60,55,0.00428677127472456,0.0032218807438555183,0.7515868091335327,0.0,0.012125371768474034,0.0005087614919776271,0.0036154722309975577
CP014,chokepoint,pagerank,60,55,0.010497200210671865,0.005189292644920822,0.4943501639270616,0.0,0.02219430924930111,-0.005818926119224111,0.005562989561878476
CP014,chokepoint,eigenvector,60,55,0.019740730192465174,0.022495361545372794,1.1395404995687055,0.0,0.1046336879614647,0.33280293452986937,0.01742113846121761
CP014,chokepoint,share_monthly_network_flow,60,55,0.007301493770881449,0.00548943561929761,0.7518236393201655,0.0,0.02415870594693167,0.15212491092963398,0.00556383144666058
CP015,chokepoint,node_throughput,60,60,1291323.0166666666,540436.7154770389,0.4185139647491806,159764.0,2625974.0,0.23794094761387458,536096.7966101695
CP015,chokepoint,total_voyages,60,60,7.85,3.2771680622870982,0.41747363850791064,1.0,16.0,0.25026225902134824,3.2033898305084745
CP015,chokepoint,total_route_exposure,60,60,6.866666666666666,2.7522974481218148,0.40082001671676915,1.0,14.0,0.2857576506803465,2.610169491525424
CP015,chokepoint,total_degree,60,60,4.616666666666666,1.1802278818547478,0.25564502856059523,2.0,8.0,0.5911448368924135,0.7966101694915254
CP015,chokepoint,total_strength,60,60,2582646.033333333,1080873.4309540777,0.4185139647491806,319528.0,5251948.0,0.23794094761387458,1072193.593220339
CP015,chokepoint,betweenness,60,60,0.0049782135810303085,0.00211337912884343,0.4245256043044336,0.0007527853056308341,0.013261050875729775,0.10813331627983024,0.001970193151246646
CP015,chokepoint,pagerank,60,60,0.01449260003848082,0.0030618245001691234,0.2112681293928869,0.009574896428052381,0.024399405681363038,0.16141854162678146,0.003131926517845375
CP015,chokepoint,eigenvector,60,60,0.0057517530215823705,0.01001868467020773,1.7418488993902383,0.0,0.054770034452784576,0.6050677532735456,0.00491863894349073
CP015,chokepoint,share_monthly_network_flow,60,60,0.014942652626349225,0.005165914252453182,0.34571601051233924,0.002943208821609111,0.026525899815350144,0.04448895977065369,0.005630114293505092
CP016,chokepoint,node_throughput,60,60,1235644.9666666666,449967.0955262217,0.3641556496119382,170000.0,2475112.0,0.5204392815898542,330420.33898305084
CP016,chokepoint,total_voyages,60,60,8.216666666666667,2.9578488900714954,0.35998160933933004,1.0,16.0,0.5656557661923445,2.016949152542373
CP016,chokepoint,total_route_exposure,60,60,6.833333333333333,2.4644363103321654,0.36064921614617057,1.0,13.0,0.441838957369467,2.0677966101694913
CP016,chokepoint,total_degree,60,60,8.516666666666667,2.432071493894131,0.2855661245276866,2.0,12.0,0.34622799163800927,2.305084745762712
CP016,chokepoint,total_strength,60,60,2471289.933333333,899934.1910524433,0.3641556496119382,340000.0,4950224.0,0.5204392815898542,660840.6779661017
CP016,chokepoint,betweenness,60,60,0.0019556242491625382,0.0009404739576055732,0.48090728983766423,0.00021312872975277067,0.005511566526936811,0.042399075818040505,0.0009609278762441036
CP016,chokepoint,pagerank,60,60,0.016269213464217825,0.0032298144064904664,0.19852308248300105,0.009375411922395029,0.023632333845182717,0.07083774854349481,0.0033156297563988308
CP016,chokepoint,eigenvector,60,60,0.0006296475683139087,0.001451220628682062,2.3048141559065956,0.0,0.009206662321389716,-0.1003673971784405,0.0009815232768640623
CP016,chokepoint,share_monthly_network_flow,60,60,0.014448374819668257,0.004914828873897301,0.3401648237424497,0.0042547297703492085,0.029157047601515503,0.4308132247099243,0.003833194568009896
CP017,chokepoint,node_throughput,60,54,845565.15,618953.6823097571,0.7319999911417318,0.0,2359815.0,0.5320119297340393,434094.33898305084
CP017,chokepoint,total_voyages,60,54,4.4,3.114754390839547,0.7078987251908061,0.0,12.0,0.4722883451404691,2.3389830508474576
CP017,chokepoint,total_route_exposure,60,54,3.3,2.196298889850678,0.6655451181365691,0.0,9.0,0.26381006089377423,1.9830508474576272
CP017,chokepoint,total_degree,60,54,3.183333333333333,1.3715223098177016,0.4308447046547754,0.0,5.0,0.4982431554442361,1.0
CP017,chokepoint,total_strength,60,54,1691130.3,1237907.3646195142,0.7319999911417318,0.0,4719630.0,0.5320119297340393,868188.6779661017
CP017,chokepoint,betweenness,60,54,0.00472085351194364,0.00222047614744779,0.47035480805113766,0.0,0.008525149190110827,0.3905266791532782,0.0015427863928429212
CP017,chokepoint,pagerank,60,54,0.013307967844585534,0.006294729234498592,0.4730045419413648,0.0,0.027407697044276074,0.5363739492919462,0.00443945286666027
CP017,chokepoint,eigenvector,60,54,0.011169833374507098,0.017051040139361397,1.5265259174122483,0.0,0.08906145384528054,0.3409113198459116,0.010263068656585191
CP017,chokepoint,share_monthly_network_flow,60,54,0.009445102771211725,0.0065259852765807745,0.6909385143454132,0.0,0.026500657335515026,0.46193625394727617,0.004964825362776125
CP018,chokepoint,node_throughput,60,24,77249.83333333333,102776.0643751566,1.330437360708307,0.0,334000.0,-0.15472718697333887,108762.37288135593
CP018,chokepoint,total_voyages,60,24,0.4666666666666667,0.6234585511256954,1.3359826095550615,0.0,2.0,-0.16816162284215666,0.6610169491525424
CP018,chokepoint,total_route_exposure,60,24,0.43333333333333335,0.5634839166238779,1.3003474999012565,0.0,2.0,-0.16330385189395974,0.5932203389830508
CP018,chokepoint,total_degree,60,24,0.8333333333333334,1.044220034392172,1.2530640412706062,0.0,3.0,-0.1371203386378145,1.11864406779661
CP018,chokepoint,total_strength,60,24,154499.66666666666,205552.1287503132,1.330437360708307,0.0,668000.0,-0.15472718697333887,217524.74576271186
CP018,chokepoint,betweenness,60,24,5.115057949421023e-05,6.990185227237539e-05,1.3665896449968398,0.0,0.0003245699448231094,-0.16276289421488277,7.288263576345372e-05
CP018,chokepoint,pagerank,60,24,0.0039059280738496533,0.004984705027417832,1.276189661758145,0.0,0.013850533653454645,-0.08792458611767268,0.005352482968984613
CP018,chokepoint,eigenvector,60,24,5.0743514344855334e-05,9.400172188301431e-05,1.8524874182772235,0.0,0.0003611868661725155,0.13590169848811123,7.230365923517607e-05
CP018,chokepoint,share_monthly_network_flow,60,24,0.0009077369494999938,0.0012484161682071602,1.3753061048080304,0.0,0.005489600822149035,-0.1958023080545932,0.001341392200443603
CP019,chokepoint,node_throughput,60,54,419245.4,290149.8883900982,0.6920764983708781,0.0,1233598.0,0.11064624312478037,298106.33898305084
CP019,chokepoint,total_voyages,60,54,2.6333333333333333,1.8316119293908864,0.6955488339459062,0.0,8.0,0.1291890953290502,1.8305084745762712
CP019,chokepoint,total_route_exposure,60,54,2.3833333333333333,1.5632611140607524,0.6559137541513647,0.0,6.0,0.14227836034318403,1.6271186440677967
CP019,chokepoint,total_degree,60,54,2.9,1.4225782275710963,0.49054421640382634,0.0,5.0,0.1482275586049171,1.4915254237288136
CP019,chokepoint,total_strength,60,54,838490.8,580299.7767801963,0.6920764983708781,0.0,2467196.0,0.11064624312478037,596212.6779661017
CP019,chokepoint,betweenness,60,54,0.0022953862195703076,0.002485546743960405,1.082844674577551,0.0,0.00937766410912191,0.16341826921167715,0.002227980516446239
CP019,chokepoint,pagerank,60,54,0.012051848916485258,0.0054193196049423355,0.44966707121008276,0.0,0.022591095877768547,0.335678086903165,0.004371681997935097
CP019,chokepoint,eigenvector,60,54,0.002997188485384848,0.004196688388203222,1.4002083648283985,0.0,0.025011892905489514,-0.09406821479054682,0.0038790074788700953
CP019,chokepoint,share_monthly_network_flow,60,54,0.005066385768650367,0.004010928038739644,0.7916744247069275,0.0,0.022201561202780887,0.23977164123066036,0.003668209101088775
CP020,chokepoint,node_throughput,60,60,1071157.0333333334,494657.88475960464,0.4617977284061505,159764.0,2164048.0,0.20990404728067252,500097.25423728814
CP020,chokepoint,total_voyages,60,60,6.566666666666666,2.9992466097319674,0.4567380623957311,1.0,13.0,0.21869368353687038,3.0
CP020,chokepoint,total_route_exposure,60,60,5.8,2.5028796974007794,0.4315309823104792,1.0,11.0,0.2915692721511462,2.389830508474576
CP020,chokepoint,total_degree,60,60,4.35,1.4000605313790628,0.3218529957193248,2.0,8.0,0.3590641577654683,1.2372881355932204
CP020,chokepoint,total_strength,60,60,2142314.066666667,989315.7695192093,0.4617977284061505,319528.0,4328096.0,0.20990404728067252,1000194.5084745763
CP020,chokepoint,betweenness,60,60,0.005263798619738061,0.0030092873552043965,0.5716950006256405,0.0004516711833785005,0.021684737281067557,0.2801526364224876,0.0020698413786498105
CP020,chokepoint,pagerank,60,60,0.017376207189503147,0.003023074455651183,0.1739778090052588,0.010909225027972393,0.028590963004058636,0.1833922280031832,0.0029740529983621864
CP020,chokepoint,eigenvector,60,60,0.00898829679213799,0.011447846114629524,1.2736390863998712,0.0,0.062189968594862574,0.19856952535586359,0.008336771100622274
CP020,chokepoint,share_monthly_network_flow,60,60,0.01219003078110673,0.004493942579527951,0.3686571970345711,0.002943208821609111,0.02466633473247316,-0.13541793859377754,0.0053561505411228415
CP021,chokepoint,node_throughput,60,8,25285.966666666667,68285.21222993311,2.700518162113627,0.0,339158.0,0.06342283684123923,40242.64406779661
CP021,chokepoint,total_voyages,60,8,0.15,0.40442468029770184,2.6961645353180126,0.0,2.0,0.06514084507042255,0.23728813559322035
CP021,chokepoint,total_route_exposure,60,8,0.13333333333333333,0.34280333180088157,2.5710249885066117,0.0,1.0,0.13235294117647042,0.2033898305084746
CP021,chokepoint,total_degree,60,8,0.26666666666666666,0.6856066636017631,2.5710249885066117,0.0,2.0,0.13235294117647042,0.4067796610169492
CP021,chokepoint,total_strength,60,8,50571.933333333334,136570.42445986622,2.700518162113627,0.0,678316.0,0.06342283684123923,80485.28813559322
CP021,chokepoint,betweenness,60,8,1.6047403248684977e-05,4.20413767871115e-05,2.6198242878053577,0.0,0.00014692918013517486,0.1171648192588582,2.506814088299113e-05
CP021,chokepoint,pagerank,60,8,0.001302484294629361,0.0034148892633175435,2.6218275931605723,0.0,0.01302440686991376,0.09768825634725412,0.002079712118329132
CP021,chokepoint,eigenvector,60,8,3.5184046500052564e-07,2.6786019340070428e-06,7.613115034972004,0.0,2.0752471223208132e-05,-0.01784854695931515,7.15607725424798e-07
CP021,chokepoint,share_monthly_network_flow,60,8,0.0002907195838816914,0.0007964233399230666,2.7394898179517613,0.0,0.003398000998607008,0.05631101156899607,0.00047652298671602215
CP022,chokepoint,node_throughput,60,60,1751983.5833333333,907121.6170896073,0.5177683316893374,172000.0,3912700.0,0.696112552787778,556839.5593220339
CP022,chokepoint,total_voyages,60,60,10.3,5.343457904099306,0.5187823207863403,1.0,23.0,0.6965648082670605,3.305084745762712
CP022,chokepoint,total_route_exposure,60,60,9.383333333333333,4.694358917862748,0.5002869184223178,1.0,20.0,0.7142575815253385,2.7796610169491527
CP022,chokepoint,total_degree,60,60,4.833333333333333,1.329797571783354,0.2751305320931077,2.0,8.0,0.6404191371690228,0.847457627118644
CP022,chokepoint,total_strength,60,60,3503967.1666666665,1814243.2341792146,0.5177683316893374,344000.0,7825400.0,0.696112552787778,1113679.1186440678
CP022,chokepoint,betweenness,60,60,0.006380425291294745,0.0037846836655549437,0.5931710650571599,0.00030111412225233364,0.015345268542199489,0.6493145384315534,0.0022112020421596033
CP022,chokepoint,pagerank,60,60,0.013625456261939535,0.00479087292770965,0.351611926647342,0.007879593736354988,0.025240741594259503,0.7911715504841772,0.002328060869502053
CP022,chokepoint,eigenvector,60,60,0.021927573797369773,0.107689338505765,4.91113788971411,0.0,0.628316671892714,-0.029903246784896503,0.04235906296582858
CP022,chokepoint,share_monthly_network_flow,60,60,0.020987812106712706,0.013428971736188441,0.6398461958735252,0.002705215866946663,0.07368632057065495,0.7786819836972958,0.006277109885050677
CP023,chokepoint,node_throughput,60,12,34184.55,68981.31206113308,2.0179090279419527,0.0,174000.0,0.3639273503847606,35494.0
CP023,chokepoint,total_voyages,60,12,0.2,0.4033755872716886,2.016877936358443,0.0,1.0,0.3723404255319148,0.2033898305084746
CP023,chokepoint,total_route_exposure,60,12,0.2,0.4033755872716886,2.016877936358443,0.0,1.0,0.3723404255319148,0.2033898305084746
CP023,chokepoint,total_degree,60,12,0.4,0.8067511745433772,2.016877936358443,0.0,2.0,0.3723404255319148,0.4067796610169492
CP023,chokepoint,total_strength,60,12,68369.1,137962.62412226616,2.0179090279419527,0.0,348000.0,0.3639273503847606,70988.0
CP023,chokepoint,betweenness,60,12,0.00018583364525795047,0.0005182488880218977,2.7887785729141292,0.0,0.0029115341545352747,0.21423959198300652,0.0002914144409640185
CP023,chokepoint,pagerank,60,12,0.0018948425802747034,0.003985808381940579,2.103503701802363,0.0,0.01302440686991376,0.41448762380084825,0.0019863226866798167
CP023,chokepoint,eigenvector,60,12,2.89394612269075e-05,9.8319390568669e-05,3.397416067900153,0.0,0.0004942160772389365,0.19413638801704705,4.734931737305553e-05
CP023,chokepoint,share_monthly_network_flow,60,12,0.0004138088219551924,0.000878004207685596,2.1217629037900676,0.0,0.0033621397863333115,0.37000138287646556,0.00044136133462307993
CP024,chokepoint,node_throughput,60,18,76036.26666666666,140776.4828205248,1.8514386488446497,0.0,684000.0,-0.2523762117789246,143328.0
CP024,chokepoint,total_voyages,60,18,0.45,0.8320894671583893,1.8490877047964205,0.0,4.0,-0.2547956630525438,0.847457627118644
CP024,chokepoint,total_route_exposure,60,18,0.4166666666666667,0.7431419023347088,1.783540565603301,0.0,3.0,-0.26516736401673624,0.7796610169491526
CP024,chokepoint,total_degree,60,18,0.8,1.399757848307451,1.7496973103843139,0.0,6.0,-0.2701268062518429,1.4915254237288136
CP024,chokepoint,total_strength,60,18,152072.53333333333,281552.9656410496,1.8514386488446497,0.0,1368000.0,-0.2523762117789246,286656.0
CP024,chokepoint,betweenness,60,18,0.0008741944319041792,0.003767237620110421,4.309381852163695,0.0,0.025688705234159778,-0.055710623250946695,0.0017705887345300581
CP024,chokepoint,pagerank,60,18,0.002461416277637365,0.003929845528386806,1.596578995633741,0.0,0.013323384907735006,-0.3087568816323347,0.004557650490394626
CP024,chokepoint,eigenvector,60,18,8.810774220249517e-05,0.00035656228461814616,4.046889361875493,0.0,0.002616140530203827,-0.06301566900143785,0.00017806322628219698
CP024,chokepoint,share_monthly_network_flow,60,18,0.0008340226909928517,0.0014185792852123556,1.7008881179523136,0.0,0.005422475619193997,-0.2897905449339082,0.0015694024509867338
CP025,chokepoint,node_throughput,60,0,0.0,0.0,,0.0,0.0,,0.0
CP025,chokepoint,total_voyages,60,0,0.0,0.0,,0.0,0.0,,0.0
CP025,chokepoint,total_route_exposure,60,0,0.0,0.0,,0.0,0.0,,0.0
CP025,chokepoint,total_degree,60,0,0.0,0.0,,0.0,0.0,,0.0
CP025,chokepoint,total_strength,60,0,0.0,0.0,,0.0,0.0,,0.0
CP025,chokepoint,betweenness,60,0,0.0,0.0,,0.0,0.0,,0.0
CP025,chokepoint,pagerank,60,0,0.0,0.0,,0.0,0.0,,0.0
CP025,chokepoint,eigenvector,60,0,0.0,0.0,,0.0,0.0,,0.0
CP025,chokepoint,share_monthly_network_flow,60,0,0.0,0.0,,0.0,0.0,,0.0
CP026,chokepoint,node_throughput,60,0,0.0,0.0,,0.0,0.0,,0.0
CP026,chokepoint,total_voyages,60,0,0.0,0.0,,0.0,0.0,,0.0
CP026,chokepoint,total_route_exposure,60,0,0.0,0.0,,0.0,0.0,,0.0
CP026,chokepoint,total_degree,60,0,0.0,0.0,,0.0,0.0,,0.0
CP026,chokepoint,total_strength,60,0,0.0,0.0,,0.0,0.0,,0.0
CP026,chokepoint,betweenness,60,0,0.0,0.0,,0.0,0.0,,0.0
CP026,chokepoint,pagerank,60,0,0.0,0.0,,0.0,0.0,,0.0
CP026,chokepoint,eigenvector,60,0,0.0,0.0,,0.0,0.0,,0.0
CP026,chokepoint,share_monthly_network_flow,60,0,0.0,0.0,,0.0,0.0,,0.0
CP027,chokepoint,node_throughput,60,0,0.0,0.0,,0.0,0.0,,0.0
CP027,chokepoint,total_voyages,60,0,0.0,0.0,,0.0,0.0,,0.0
CP027,chokepoint,total_route_exposure,60,0,0.0,0.0,,0.0,0.0,,0.0
CP027,chokepoint,total_degree,60,0,0.0,0.0,,0.0,0.0,,0.0
CP027,chokepoint,total_strength,60,0,0.0,0.0,,0.0,0.0,,0.0
CP027,chokepoint,betweenness,60,0,0.0,0.0,,0.0,0.0,,0.0
CP027,chokepoint,pagerank,60,0,0.0,0.0,,0.0,0.0,,0.0
CP027,chokepoint,eigenvector,60,0,0.0,0.0,,0.0,0.0,,0.0
CP027,chokepoint,share_monthly_network_flow,60,0,0.0,0.0,,0.0,0.0,,0.0
CP028,chokepoint,node_throughput,60,0,0.0,0.0,,0.0,0.0,,0.0
CP028,chokepoint,total_voyages,60,0,0.0,0.0,,0.0,0.0,,0.0
CP028,chokepoint,total_route_exposure,60,0,0.0,0.0,,0.0,0.0,,0.0
CP028,chokepoint,total_degree,60,0,0.0,0.0,,0.0,0.0,,0.0
CP028,chokepoint,total_strength,60,0,0.0,0.0,,0.0,0.0,,0.0
CP028,chokepoint,betweenness,60,0,0.0,0.0,,0.0,0.0,,0.0
CP028,chokepoint,pagerank,60,0,0.0,0.0,,0.0,0.0,,0.0
CP028,chokepoint,eigenvector,60,0,0.0,0.0,,0.0,0.0,,0.0
CP028,chokepoint,share_monthly_network_flow,60,0,0.0,0.0,,0.0,0.0,,0.0
LNGN0004,terminal,node_throughput,60,3,8102.633333333333,35819.81104813779,4.420761692470899,0.0,174000.0,-0.04281816991467077,13530.77966101695
LNGN0004,terminal,total_voyages,60,3,0.05,0.21978417765108274,4.395683553021654,0.0,1.0,-0.04335549847620598,0.0847457627118644
LNGN0004,terminal,total_route_exposure,60,3,0.05,0.21978417765108274,4.395683553021654,0.0,1.0,-0.04335549847620598,0.0847457627118644
LNGN0004,terminal,total_degree,60,3,0.05,0.21978417765108274,4.395683553021654,0.0,1.0,-0.04335549847620598,0.0847457627118644
LNGN0004,terminal,total_strength,60,3,8102.633333333333,35819.81104813779,4.420761692470899,0.0,174000.0,-0.04281816991467077,13530.77966101695
LNGN0004,terminal,betweenness,60,3,0.0,0.0,,0.0,0.0,,0.0
LNGN0004,terminal,pagerank,60,3,0.0004562115458707102,0.002097108466643998,4.596789549991608,0.0,0.01291298176777242,-0.04131930185090572,0.0007090237921476745
LNGN0004,terminal,eigenvector,60,3,1.7542347950237127e-06,9.828962693924745e-06,5.6029915275918825,0.0,6.579170458125255e-05,-0.032955476940299336,3.567658948703114e-06
LNGN0004,terminal,share_monthly_network_flow,60,3,0.00010889979259145728,0.0005396694339896742,4.955651623821447,0.0,0.0036954325579204366,-0.037455780984986045,0.00015885665344160063
LNGN0006,terminal,node_throughput,60,3,8319.133333333333,36615.372324891025,4.401344570134432,0.0,174000.0,-0.05343358721775269,16920.271186440677
LNGN0006,terminal,total_voyages,60,3,0.05,0.21978417765108274,4.395683553021654,0.0,1.0,-0.05357142857142865,0.1016949152542373
LNGN0006,terminal,total_route_exposure,60,3,0.05,0.21978417765108274,4.395683553021654,0.0,1.0,-0.05357142857142865,0.1016949152542373
LNGN0006,terminal,total_degree,60,3,0.05,0.21978417765108274,4.395683553021654,0.0,1.0,-0.05357142857142865,0.1016949152542373
LNGN0006,terminal,total_strength,60,3,8319.133333333333,36615.372324891025,4.401344570134432,0.0,174000.0,-0.05343358721775269,16920.271186440677
LNGN0006,terminal,betweenness,60,3,0.0,0.0,,0.0,0.0,,0.0
LNGN0006,terminal,pagerank,60,3,0.0003438824825919482,0.0015285187676548776,4.444886974567476,0.0,0.008293877953544517,-0.052390927369803164,0.0006994219984920979
LNGN0006,terminal,eigenvector,60,3,0.00011154756152497846,0.0005184876345333698,4.648130604067635,0.0,0.0031583298003669933,-0.0479058387428473,0.00022687639632199008
LNGN0006,terminal,share_monthly_network_flow,60,3,7.40329701034289e-05,0.0003261081641063026,4.404904512823248,0.0,0.0016049832581874856,-0.05334717776114808,0.00015057553241375372
LNGN0008,terminal,node_throughput,60,40,690494.85,766776.3095740023,1.110473611170311,0.0,3698852.0,0.5608196805182375,409373.5593220339
LNGN0008,terminal,total_voyages,60,40,3.6166666666666667,3.8227315935281396,1.0569764774732182,0.0,15.0,0.6348135132976601,2.0
LNGN0008,terminal,total_route_exposure,60,40,1.6,1.5315882971165606,0.9572426856978503,0.0,5.0,0.7422616075886175,0.6440677966101694
LNGN0008,terminal,total_degree,60,40,1.25,1.0516331125396492,0.8413064900317193,0.0,3.0,0.7643769968051118,0.4067796610169492
LNGN0008,terminal,total_strength,60,40,690494.85,766776.3095740023,1.110473611170311,0.0,3698852.0,0.5608196805182375,409373.5593220339
LNGN0008,terminal,betweenness,60,40,0.0,0.0,,0.0,0.0,,0.0
LNGN0008,terminal,pagerank,60,40,0.0050901496773375085,0.0038384173468066613,0.754087323580318,0.0,0.012896773899841531,0.7780166818097228,0.001265369746931958
LNGN0008,terminal,eigenvector,60,40,0.044606699339551775,0.0525335626784724,1.177705668796078,0.0,0.2257874586728974,0.630148026218977,0.025790343346756027
LNGN0008,terminal,share_monthly_network_flow,60,40,0.00733185733101197,0.008069016166846132,1.1005418958053317,0.0,0.03372219191805379,0.6678298493108311,0.004132602853191438
LNGN0013,terminal,node_throughput,60,6,22540.0,78285.16581345841,3.4731661851578712,0.0,495000.0,0.46766777057947506,28420.338983050846
LNGN0013,terminal,total_voyages,60,6,0.13333333333333333,0.4681976500881039,3.511482375660779,0.0,3.0,0.4580052493438319,0.1694915254237288
LNGN0013,terminal,total_route_exposure,60,6,0.13333333333333333,0.4681976500881039,3.511482375660779,0.0,3.0,0.4580052493438319,0.1694915254237288
LNGN0013,terminal,total_degree,60,6,0.13333333333333333,0.4681976500881039,3.511482375660779,0.0,3.0,0.4580052493438319,0.1694915254237288
LNGN0013,terminal,total_strength,60,6,22540.0,78285.16581345841,3.4731661851578712,0.0,495000.0,0.46766777057947506,28420.338983050846
LNGN0013,terminal,betweenness,60,6,0.0,0.0,,0.0,0.0,,0.0
LNGN0013,terminal,pagerank,60,6,0.000565678263964173,0.0017178683108415198,3.036829272532063,0.0,0.006310511950260991,0.39407857152259984,0.000626130149815318
LNGN0013,terminal,eigenvector,60,6,8.463923709548751e-06,4.3014986437399495e-05,5.082156682115559,0.0,0.00030427607462455493,0.01702796534290145,1.6520833537405345e-05
LNGN0013,terminal,share_monthly_network_flow,60,6,0.0002228238707752057,0.0007500028954883342,3.3659001294568185,0.0,0.004394852085126918,0.44191356202105964,0.00028421129221541965
LNGN0017,terminal,node_throughput,60,2,5483.333333333333,29829.1699269536,5.439970199444426,0.0,174000.0,-0.03496700713741603,11152.542372881357
LNGN0017,terminal,total_voyages,60,2,0.03333333333333333,0.1810203347193925,5.430610041581775,0.0,1.0,-0.03508771929824562,0.06779661016949153
LNGN0017,terminal,total_route_exposure,60,2,0.03333333333333333,0.1810203347193925,5.430610041581775,0.0,1.0,-0.03508771929824562,0.06779661016949153
LNGN0017,terminal,total_degree,60,2,0.03333333333333333,0.1810203347193925,5.430610041581775,0.0,1.0,-0.03508771929824562,0.06779661016949153
LNGN0017,terminal,total_strength,60,2,5483.333333333333,29829.1699269536,5.439970199444426,0.0,174000.0,-0.03496700713741603,11152.542372881357
LNGN0017,terminal,betweenness,60,2,0.0,0.0,,0.0,0.0,,0.0
LNGN0017,terminal,pagerank,60,2,0.0002681990921181129,0.0014583488981586004,5.437560905375304,0.0,0.008446346822567351,-0.03499801869566259,0.0005454896788842974
LNGN0017,terminal,eigenvector,60,2,0.00016071266825624426,0.0008735116414370984,5.435238247954105,0.0,0.005017128932293938,-0.03502795417926235,0.00032687322357202226
LNGN0017,terminal,share_monthly_network_flow,60,2,8.110571580925317e-05,0.00044398395896131634,5.4741389621107714,0.0,0.002736671865399531,-0.034531601299185116,0.00016496077791712508
LNGN0025,terminal,node_throughput,60,15,67618.36666666667,140222.62150884364,2.0737357085255974,0.0,667958.0,0.30363395073887317,75713.7627118644
LNGN0025,terminal,total_voyages,60,15,0.4,0.8274936632457462,2.0687341581143657,0.0,4.0,0.3090130438067058,0.4406779661016949
LNGN0025,terminal,total_route_exposure,60,15,0.35,0.684575830567082,1.9559309444773774,0.0,3.0,0.36099631759697687,0.3559322033898305
LNGN0025,terminal,total_degree,60,15,0.25,0.4366668823046865,1.746667529218746,0.0,1.0,0.49780905256318203,0.1864406779661017
LNGN0025,terminal,total_strength,60,15,67618.36666666667,140222.62150884364,2.0737357085255974,0.0,667958.0,0.30363395073887317,75713.7627118644
LNGN0025,terminal,betweenness,60,15,0.0,0.0,,0.0,0.0,,0.0
LNGN0025,terminal,pagerank,60,15,0.0019071359031643685,0.0034345336478795885,1.80088563283871,0.0,0.01106477965766392,0.5799029658807053,0.0014473014102554778
LNGN0025,terminal,eigenvector,60,15,0.0036075213481343315,0.00769192268203984,2.132190481982262,0.0,0.03222106997281507,0.4711521644975268,0.003569074085682645
LNGN0025,terminal,share_monthly_network_flow,60,15,0.0008818801267743224,0.0019018820588170946,2.156621972845291,0.0,0.007752837980553239,0.5043436936957519,0.0008627285727168591
LNGN0026,terminal,node_throughput,60,60,787605.5666666667,416524.9083526074,0.5288496247118205,170000.0,1751730.0,0.5068366334430133,333847.83050847455
LNGN0026,terminal,total_voyages,60,60,5.35,2.7729015580881082,0.5182993566519829,1.0,11.0,0.4353105848528411,2.23728813559322
LNGN0026,terminal,total_route_exposure,60,60,4.033333333333333,2.008175381181116,0.4978947226068883,1.0,10.0,0.6579167678688647,1.2372881355932204
LNGN0026,terminal,total_degree,60,60,3.75,1.7234671401134538,0.4595912373635877,1.0,8.0,0.6107719574635685,1.11864406779661
LNGN0026,terminal,total_strength,60,60,787605.5666666667,416524.9083526074,0.5288496247118205,170000.0,1751730.0,0.5068366334430133,333847.83050847455
LNGN0026,terminal,betweenness,60,60,0.0,0.0,,0.0,0.0,,0.0
LNGN0026,terminal,pagerank,60,60,0.006493497492305674,0.0008030548975427624,0.12367062565194252,0.005016179603073961,0.008097491084857909,0.8356710554864943,0.00035882410510828074
LNGN0026,terminal,eigenvector,60,60,0.0013669770189481067,0.002367065967497815,1.7316062630806188,0.0,0.011233710627304386,0.39422978317463675,0.001515885182698813
LNGN0026,terminal,share_monthly_network_flow,60,60,0.00882380137667122,0.003433691992741896,0.38913976484330803,0.0024786876602763182,0.01608971894246461,0.1337297481717331,0.003802253475802342
LNGN0027,terminal,node_throughput,60,56,459320.35,315859.1161712269,0.6876662794740684,0.0,1489058.0,0.4146147204550587,257086.94915254237
LNGN0027,terminal,total_voyages,60,56,2.8666666666666667,1.9086481742603438,0.6658075026489572,0.0,9.0,0.41450566318963683,1.5423728813559323
LNGN0027,terminal,total_route_exposure,60,56,2.7,1.6904517498716334,0.6260932406931975,0.0,8.0,0.40204144311471746,1.4067796610169492
LNGN0027,terminal,total_degree,60,56,2.283333333333333,1.3415355060989975,0.5875337982915317,0.0,6.0,0.31223090506717605,1.2372881355932204
LNGN0027,terminal,total_strength,60,56,459320.35,315859.1161712269,0.6876662794740684,0.0,1489058.0,0.4146147204550587,257086.94915254237
LNGN0027,terminal,betweenness,60,56,0.0,0.0,,0.0,0.0,,0.0
LNGN0027,terminal,pagerank,60,56,0.006059702871467299,0.0018168482874524484,0.299824649160152,0.0,0.008097491084857909,-0.02357135623619347,0.0012354543855782063
LNGN0027,terminal,eigenvector,60,56,0.0005314779611973726,0.0008569282447614231,1.612349537186528,0.0,0.004327155685418096,0.2678641763774232,0.0006579721351710473
LNGN0027,terminal,share_monthly_network_flow,60,56,0.0051707999032488995,0.003021232777384156,0.5842873121982278,0.0,0.013403053258625638,0.18765043963839204,0.003079042110481805
LNGN0031,terminal,node_throughput,60,2,5800.0,31497.538241174298,5.430610041581775,0.0,174000.0,-0.03508771929824561,11796.610169491525
LNGN0031,terminal,total_voyages,60,2,0.03333333333333333,0.1810203347193925,5.430610041581775,0.0,1.0,-0.0350877192982456,0.06779661016949153
LNGN0031,terminal,total_route_exposure,60,2,0.03333333333333333,0.1810203347193925,5.430610041581775,0.0,1.0,-0.0350877192982456,0.06779661016949153
LNGN0031,terminal,total_degree,60,2,0.03333333333333333,0.1810203347193925,5.430610041581775,0.0,1.0,-0.0350877192982456,0.06779661016949153
LNGN0031,terminal,total_strength,60,2,5800.0,31497.538241174298,5.430610041581775,0.0,174000.0,-0.03508771929824561,11796.610169491525
LNGN0031,terminal,betweenness,60,2,0.0,0.0,,0.0,0.0,,0.0
LNGN0031,terminal,pagerank,60,2,0.0004591982131947836,0.0025839466669577626,5.6270834526564215,0.0,0.017452114510947542,-0.03267896093999832,0.0009339624675148141
LNGN0031,terminal,eigenvector,60,2,5.63911516357734e-08,3.073275865262986e-07,5.449925699537164,0.0,1.832145785940841e-06,-0.03483929969415849,1.146938677337764e-07
LNGN0031,terminal,share_monthly_network_flow,60,2,0.00010543186688609591,0.0006131719232809669,5.8158120631915935,0.0,0.004354841059063308,-0.030591383678451146,0.000214437695361551
LNGN0035,terminal,node_throughput,60,51,336838.2,225125.31157443125,0.6683485174022163,0.0,866000.0,0.2465346656713458,205277.3220338983
LNGN0035,terminal,total_voyages,60,51,2.1333333333333333,1.40780712597813,0.6599095903022484,0.0,5.0,0.25622984462034565,1.3220338983050848
LNGN0035,terminal,total_route_exposure,60,51,1.8666666666666667,1.1998116613030856,0.642756247126653,0.0,5.0,0.3227950060410792,1.0847457627118644
LNGN0035,terminal,total_degree,60,51,1.5,0.8925302064868872,0.5950201376579248,0.0,3.0,0.25126903553299473,0.8813559322033898
LNGN0035,terminal,total_strength,60,51,336838.2,225125.31157443125,0.6683485174022163,0.0,866000.0,0.2465346656713458,205277.3220338983
LNGN0035,terminal,betweenness,60,51,0.0,0.0,,0.0,0.0,,0.0
LNGN0035,terminal,pagerank,60,51,0.007946766358898443,0.003757030561861371,0.4727747604727817,0.0,0.014079648358314018,0.12845393063426655,0.003351670054219954
LNGN0035,terminal,eigenvector,60,51,0.0021577921826812082,0.002965746379195925,1.3744355934735,0.0,0.013324163758262451,0.27318037000571327,0.002373823769757749
LNGN0035,terminal,share_monthly_network_flow,60,51,0.0038731820784402645,0.0026611280204322757,0.6870650453654674,0.0,0.012101966894533184,0.21798639465441383,0.00240445433942266
LNGN0037,terminal,node_throughput,60,58,442571.81666666665,276887.87621030636,0.6256337746396784,0.0,1203723.0,0.3047436268108313,248440.13559322033
LNGN0037,terminal,total_voyages,60,58,2.6333333333333333,1.636103957024764,0.6213053001359863,0.0,7.0,0.2991830820496682,1.4745762711864407
LNGN0037,terminal,total_route_exposure,60,58,1.8333333333333333,0.941809773636648,0.5137144219836262,0.0,4.0,0.3362759086886928,0.7966101694915254
LNGN0037,terminal,total_degree,60,58,1.7,0.9075950713612994,0.5338794537419408,0.0,4.0,0.34807326086621865,0.7288135593220338
LNGN0037,terminal,total_strength,60,58,442571.81666666665,276887.87621030636,0.6256337746396784,0.0,1203723.0,0.3047436268108313,248440.13559322033
LNGN0037,terminal,betweenness,60,58,0.0,0.0,,0.0,0.0,,0.0
LNGN0037,terminal,pagerank,60,58,0.008909809602261167,0.0027573124723086376,0.3094692923189824,0.0,0.015485949228974569,-0.047267763425890855,0.0025154885662478873
LNGN0037,terminal,eigenvector,60,58,0.00025659900752885285,0.00032053850216643727,1.2491805999303986,0.0,0.001600034113692215,0.28426991633034143,0.0002719305479613318
LNGN0037,terminal,share_monthly_network_flow,60,58,0.005129895214054093,0.0028762684610043375,0.560687565922279,0.0,0.012989439710654348,0.022540798117054655,0.0031583899833069655
LNGN0039,terminal,node_throughput,60,11,32263.7,77914.61160333347,2.414931071245191,0.0,414819.0,0.4300650937594554,30466.93220338983
LNGN0039,terminal,total_voyages,60,11,0.23333333333333334,0.5634839166238779,2.414931071245191,0.0,3.0,0.4300650937594556,0.22033898305084745
LNGN0039,terminal,total_route_exposure,60,11,0.21666666666666667,0.4903014177279,2.2629296202826152,0.0,2.0,0.531326785958715,0.1864406779661017
LNGN0039,terminal,total_degree,60,11,0.18333333333333332,0.3902049294994231,2.128390524542308,0.0,1.0,0.5957000372022986,0.11864406779661017
LNGN0039,terminal,total_strength,60,11,32263.7,77914.61160333347,2.414931071245191,0.0,414819.0,0.4300650937594554,30466.93220338983
LNGN0039,terminal,betweenness,60,11,0.0,0.0,,0.0,0.0,,0.0
LNGN0039,terminal,pagerank,60,11,0.0011024521725187893,0.002379070897272273,2.157981050404004,0.0,0.008097491084857909,0.5593562187797998,0.0007631755762840084
LNGN0039,terminal,eigenvector,60,11,3.0287264883727023e-05,7.718163714365155e-05,2.548319811642031,0.0,0.0003213180288837171,0.44530042633645023,3.590588730797314e-05
LNGN0039,terminal,share_monthly_network_flow,60,11,0.00040665506774916876,0.0011213032125756655,2.7573816275844445,0.0,0.0065242729111101615,0.3671892759690942,0.0004322300387436665
LNGN0040,terminal,node_throughput,60,44,233785.23333333334,212042.7831287721,0.9069981884888314,0.0,778700.0,0.11094871474136699,210774.66101694916
LNGN0040,terminal,total_voyages,60,44,1.4166666666666667,1.3056807649218876,0.921657010533097,0.0,5.0,0.12046874198012467,1.271186440677966
LNGN0040,terminal,total_route_exposure,60,44,1.25,1.0989208882554138,0.8791367106043311,0.0,4.0,0.1552437620380301,1.0338983050847457
LNGN0040,terminal,total_degree,60,44,1.0166666666666666,0.7476894729916952,0.7354322685164215,0.0,2.0,0.30708984759317387,0.6271186440677966
LNGN0040,terminal,total_strength,60,44,233785.23333333334,212042.7831287721,0.9069981884888314,0.0,778700.0,0.11094871474136699,210774.66101694916
LNGN0040,terminal,betweenness,60,44,0.0,0.0,,0.0,0.0,,0.0
LNGN0040,terminal,pagerank,60,44,0.007168665059231453,0.004688332799668464,0.6540036061011193,0.0,0.015006173753573257,0.23480883083156295,0.004218931241526948
LNGN0040,terminal,eigenvector,60,44,0.0022911821856121542,0.004614546581009795,2.014046115576308,0.0,0.023577713961669442,-0.012443337413475072,0.003508181843043101
LNGN0040,terminal,share_monthly_network_flow,60,44,0.0025652360669524065,0.002232125190838042,0.8701441631802284,0.0,0.007244579539777968,0.059448291959213403,0.0024115535347166662
LNGN0044,terminal,node_throughput,60,28,15456.333333333334,20434.042793924917,1.3220498259995848,0.0,72000.0,0.3780315339473173,15718.305084745763
LNGN0044,terminal,total_voyages,60,28,0.7666666666666667,1.014582934546726,1.323369045060947,0.0,4.0,0.36809470124013544,0.7796610169491526
LNGN0044,terminal,total_route_exposure,60,28,0.5166666666666667,0.5963637459756623,1.154252411565798,0.0,2.0,0.27577741407528633,0.4406779661016949
LNGN0044,terminal,total_degree,60,28,0.5166666666666667,0.5963637459756623,1.154252411565798,0.0,2.0,0.27577741407528633,0.4406779661016949
LNGN0044,terminal,total_strength,60,28,15456.333333333334,20434.042793924917,1.3220498259995848,0.0,72000.0,0.3780315339473173,15718.305084745763
LNGN0044,terminal,betweenness,60,28,0.0,0.0,,0.0,0.0,,0.0
LNGN0044,terminal,pagerank,60,28,0.003472450782045914,0.0038415322965344913,1.1062884797091697,0.0,0.0099578438530118,0.2575951946494315,0.002917784342818987
LNGN0044,terminal,eigenvector,60,28,4.664609745395648e-08,1.8488404467776729e-07,3.9635479658349335,0.0,9.845694541527387e-07,-0.0498938785284354,9.065558776739574e-08
LNGN0044,terminal,share_monthly_network_flow,60,28,0.0001783724854588424,0.0002531704852042251,1.41933597299479,0.0,0.0011324159443032542,0.38254206536457275,0.00018794218871522527
LNGN0045,terminal,node_throughput,60,7,19610.133333333335,54519.21065604483,2.780155021351792,0.0,174000.0,0.4923529303828638,18128.542372881355
LNGN0045,terminal,total_voyages,60,7,0.11666666666666667,0.3237317715130933,2.774843755826514,0.0,1.0,0.5137362637362631,0.1016949152542373
LNGN0045,terminal,total_route_exposure,60,7,0.11666666666666667,0.3237317715130933,2.774843755826514,0.0,1.0,0.5137362637362631,0.1016949152542373
LNGN0045,terminal,total_degree,60,7,0.11666666666666667,0.3237317715130933,2.774843755826514,0.0,1.0,0.5137362637362631,0.1016949152542373
LNGN0045,terminal,total_strength,60,7,19610.133333333335,54519.21065604483,2.780155021351792,0.0,174000.0,0.4923529303828638,18128.542372881355
LNGN0045,terminal,betweenness,60,7,0.0,0.0,,0.0,0.0,,0.0
LNGN0045,terminal,pagerank,60,7,0.0006862730873678358,0.0019084145861667295,2.780838446523312,0.0,0.006416818686465414,0.5158619873407365,0.0006121861141279256
LNGN0045,terminal,eigenvector,60,7,1.5616135260058794e-06,6.119585121126525e-06,3.9187577587000773,0.0,3.6508226259288584e-05,0.06823870916867188,2.6071116506667345e-06
LNGN0045,terminal,share_monthly_network_flow,60,7,0.00016616399017995684,0.00046249677849574363,2.783375495465992,0.0,0.0015825530646115368,0.4691123401807815,0.0001649507657514185
LNGN0050,terminal,node_throughput,60,58,1119806.1166666667,634439.3456502802,0.5665617790504838,0.0,2390016.0,0.7245447094944617,358241.76271186443
LNGN0050,terminal,total_voyages,60,58,6.583333333333333,3.7157095116735435,0.5644115713934497,0.0,14.0,0.7203256273141612,2.1016949152542375
LNGN0050,terminal,total_route_exposure,60,58,5.95,3.222931605788931,0.5416691774435178,0.0,12.0,0.6631559075468098,1.9322033898305084
LNGN0050,terminal,total_degree,60,58,3.433333333333333,1.6505434817994753,0.4807408199415948,0.0,7.0,0.5354687727647598,1.11864406779661
LNGN0050,terminal,total_strength,60,58,1119806.1166666667,634439.3456502802,0.5665617790504838,0.0,2390016.0,0.7245447094944617,358241.76271186443
LNGN0050,terminal,betweenness,60,58,0.0,0.0,,0.0,0.0,,0.0
LNGN0050,terminal,pagerank,60,58,0.006244866483459637,0.0014021247126049412,0.224524369947485,0.0,0.007890287825063779,0.0877995680731471,0.0007202448416689292
LNGN0050,terminal,eigenvector,60,58,0.003302154073889638,0.009346121105334193,2.8303104265287384,0.0,0.05598974271216734,-0.08071154154196968,0.005264573244121383
LNGN0050,terminal,share_monthly_network_flow,60,58,0.012128852359666953,0.005384985958558542,0.4439814913128688,0.0,0.025359628418474795,0.5794730617440662,0.003940217873485502
LNGN0052,terminal,node_throughput,60,32,107953.33333333333,114316.40667969841,1.0589428149172335,0.0,344000.0,0.5478508155084585,72606.77966101695
LNGN0052,terminal,total_voyages,60,32,0.65,0.684575830567082,1.0531935854878185,0.0,2.0,0.5591531755915314,0.4067796610169492
LNGN0052,terminal,total_route_exposure,60,32,0.5833333333333334,0.5906522297402891,1.0125466795547813,0.0,2.0,0.45644891122278025,0.3728813559322034
LNGN0052,terminal,total_degree,60,32,0.5833333333333334,0.5906522297402891,1.0125466795547813,0.0,2.0,0.45644891122278025,0.3728813559322034
LNGN0052,terminal,total_strength,60,32,107953.33333333333,114316.40667969841,1.0589428149172335,0.0,344000.0,0.5478508155084585,72606.77966101695
LNGN0052,terminal,betweenness,60,32,0.0,0.0,,0.0,0.0,,0.0
LNGN0052,terminal,pagerank,60,32,0.0032186348803232337,0.0030783979514764914,0.9564296870999364,0.0,0.007486761891010083,0.3574079547617626,0.0019052521344110848
LNGN0052,terminal,eigenvector,60,32,0.00010368193536731847,0.0001781262186201304,1.7180063044644658,0.0,0.0007677450265083266,0.19973226581990083,0.00014760050915798084
LNGN0052,terminal,share_monthly_network_flow,60,32,0.0010870104330578463,0.0011311925572586267,1.0406455383105133,0.0,0.003402489088914804,0.3960230026116867,0.0008112600413035002
LNGN0055,terminal,node_throughput,60,10,45509.566666666666,137031.15182042646,3.011040575800395,0.0,851300.0,0.2642514719546829,68968.61016949153
LNGN0055,terminal,total_voyages,60,10,0.26666666666666666,0.7997174642327564,2.9989404908728363,0.0,5.0,0.2565256525652565,0.4067796610169492
LNGN0055,terminal,total_route_exposure,60,10,0.23333333333333334,0.6474635430261866,2.774843755826514,0.0,4.0,0.31112637362637346,0.3389830508474576
LNGN0055,terminal,total_degree,60,10,0.21666666666666667,0.5551505114790766,2.56223312990343,0.0,3.0,0.3383177570093458,0.3050847457627119
LNGN0055,terminal,total_strength,60,10,45509.566666666666,137031.15182042646,3.011040575800395,0.0,851300.0,0.2642514719546829,68968.61016949153
LNGN0055,terminal,betweenness,60,10,0.0,0.0,,0.0,0.0,,0.0
LNGN0055,terminal,pagerank,60,10,0.0014566366700381978,0.0036706161904873076,2.5199257069307834,0.0,0.01739869282033428,0.06098186945367098,0.0021817762981103115
LNGN0055,terminal,eigenvector,60,10,7.410453902200986e-06,3.1449323320797324e-05,4.243913225269039,0.0,0.00017946225637118616,0.5975836896942833,7.368528515104881e-06
LNGN0055,terminal,share_monthly_network_flow,60,10,0.0004556768920689079,0.0012970970677799272,2.846528078021957,0.0,0.007662575426254723,0.18407573632793542,0.0007355642629812243
LNGN0056,terminal,node_throughput,60,51,320494.81666666665,249590.21046857082,0.7787652014608375,0.0,1133558.0,0.18555082694529698,235680.91525423728
LNGN0056,terminal,total_voyages,60,51,2.0,1.551379921559174,0.775689960779587,0.0,7.0,0.1718624935556819,1.4406779661016949
LNGN0056,terminal,total_route_exposure,60,51,1.6333333333333333,1.149305857812558,0.7036566476403416,0.0,5.0,0.16868321243096052,1.0677966101694916
LNGN0056,terminal,total_degree,60,51,1.2666666666666666,0.8994662573007389,0.7101049399742676,0.0,4.0,0.029649798223314955,0.8305084745762712
LNGN0056,terminal,total_strength,60,51,320494.81666666665,249590.21046857082,0.7787652014608375,0.0,1133558.0,0.18555082694529698,235680.91525423728
LNGN0056,terminal,betweenness,60,51,0.0,0.0,,0.0,0.0,,0.0
LNGN0056,terminal,pagerank,60,51,0.007463486004684649,0.0034953836058869486,0.4683312333798149,0.0,0.013093716969720587,0.12865687136524948,0.0031331204504006466
LNGN0056,terminal,eigenvector,60,51,0.0015541174405571821,0.0024149190937193758,1.55388455897746,0.0,0.011267423761194547,-0.09860956197456658,0.002254543470268093
LNGN0056,terminal,share_monthly_network_flow,60,51,0.0035444418492902633,0.002540985391249036,0.7168929550241715,0.0,0.009509987142992496,0.1594175810691241,0.002613712265827719
LNGN0059,terminal,node_throughput,60,12,40700.71666666667,87562.94363641673,2.151385793855802,0.0,335870.0,0.019013010362541473,66181.1186440678
LNGN0059,terminal,total_voyages,60,12,0.25,0.5407151573203143,2.162860629281257,0.0,2.0,0.010848126232741655,0.4067796610169492
LNGN0059,terminal,total_route_exposure,60,12,0.23333333333333334,0.49971743428090815,2.141646146918178,0.0,2.0,0.04618937644341804,0.3728813559322034
LNGN0059,terminal,total_degree,60,12,0.23333333333333334,0.49971743428090815,2.141646146918178,0.0,2.0,0.04618937644341804,0.3728813559322034
LNGN0059,terminal,total_strength,60,12,40700.71666666667,87562.94363641673,2.151385793855802,0.0,335870.0,0.019013010362541473,66181.1186440678
LNGN0059,terminal,betweenness,60,12,0.0,0.0,,0.0,0.0,,0.0
LNGN0059,terminal,pagerank,60,12,0.0015116369415853887,0.0031763940532072935,2.1012942763068,0.0,0.013258157198961736,0.09181567225638806,0.002366016622071133
LNGN0059,terminal,eigenvector,60,12,0.001058617872911454,0.002684969328229192,2.5362969934041257,0.0,0.014012784401467878,0.2268908422697505,0.001592528147393272
LNGN0059,terminal,share_monthly_network_flow,60,12,0.00042137151644426363,0.0009653070583377976,2.2908692701479323,0.0,0.004656291594455814,0.05590434777973095,0.0006894965366884173
LNGN0069,terminal,node_throughput,60,1,2900.0,22463.30340800302,7.745966692414834,0.0,174000.0,-0.017241379310344793,5898.3050847457625
LNGN0069,terminal,total_voyages,60,1,0.016666666666666666,0.12909944487358058,7.745966692414835,0.0,1.0,-0.017241379310344834,0.03389830508474576
LNGN0069,terminal,total_route_exposure,60,1,0.016666666666666666,0.12909944487358058,7.745966692414835,0.0,1.0,-0.017241379310344834,0.03389830508474576
LNGN0069,terminal,total_degree,60,1,0.016666666666666666,0.12909944487358058,7.745966692414835,0.0,1.0,-0.017241379310344834,0.03389830508474576
LNGN0069,terminal,total_strength,60,1,2900.0,22463.30340800302,7.745966692414834,0.0,174000.0,-0.017241379310344793,5898.3050847457625
LNGN0069,terminal,betweenness,60,1,0.0,0.0,,0.0,0.0,,0.0
LNGN0069,terminal,pagerank,60,1,9.397597437076523e-05,0.0007279347673631777,7.745966692414836,0.0,0.0056385584622459135,-0.01724137931034479,0.0001911375749913869
LNGN0069,terminal,eigenvector,60,1,0.00011107334186694367,0.0008603704065165516,7.745966692414832,0.0,0.00666440051201662,-0.01724137931034483,0.00022591188176327527
LNGN0069,terminal,share_monthly_network_flow,60,1,2.71767863163419e-05,0.00021051048161325954,7.745966692414833,0.0,0.0016306071789805138,-0.017241379310344793,5.5274819626458094e-05
LNGN0070,terminal,node_throughput,60,54,1442909.5166666666,864791.7308950309,0.5993388503617518,0.0,2977400.0,0.7927132988625136,404850.23728813557
LNGN0070,terminal,total_voyages,60,54,8.4,4.988801017601357,0.5939048830477806,0.0,17.0,0.7847246341290266,2.3728813559322033
LNGN0070,terminal,total_route_exposure,60,54,7.05,4.077324646282957,0.5783439214585755,0.0,13.0,0.7380605170562825,2.3389830508474576
LNGN0070,terminal,total_degree,60,54,4.183333333333334,2.3397208776498823,0.559295827326665,0.0,8.0,0.7499987084741487,1.3220338983050848
LNGN0070,terminal,total_strength,60,54,1442909.5166666666,864791.7308950309,0.5993388503617518,0.0,2977400.0,0.7927132988625136,404850.23728813557
LNGN0070,terminal,betweenness,60,54,0.0,0.0,,0.0,0.0,,0.0
LNGN0070,terminal,pagerank,60,54,0.0057665327445160335,0.0020673989318672043,0.3585168113080254,0.0,0.007850763028200996,0.4631949258337776,0.0008784736978716558
LNGN0070,terminal,eigenvector,60,54,0.005158448649482615,0.02225815806328185,4.3148937937987055,0.0,0.170874511070045,-0.044397147046909696,0.008995738746582688
LNGN0070,terminal,share_monthly_network_flow,60,54,0.01542782395765589,0.008338089196853833,0.5404578908690585,0.0,0.03305567657383544,0.6193968653488877,0.005126000463098547
LNGN0074,terminal,node_throughput,60,12,35880.316666666666,74599.69809987799,2.0791259673909788,0.0,308000.0,0.09587178921243322,55916.779661016946
LNGN0074,terminal,total_voyages,60,12,0.21666666666666667,0.4544196025054849,2.097321242333007,0.0,2.0,0.09357541899441338,0.3389830508474576
LNGN0074,terminal,total_route_exposure,60,12,0.21666666666666667,0.4544196025054849,2.097321242333007,0.0,2.0,0.09357541899441338,0.3389830508474576
LNGN0074,terminal,total_degree,60,12,0.2,0.40337558727168854,2.0168779363584424,0.0,1.0,0.05851063829787225,0.3050847457627119
LNGN0074,terminal,total_strength,60,12,35880.316666666666,74599.69809987799,2.0791259673909788,0.0,308000.0,0.09587178921243322,55916.779661016946
LNGN0074,terminal,betweenness,60,12,0.0,0.0,,0.0,0.0,,0.0
LNGN0074,terminal,pagerank,60,12,0.0015398313671994806,0.003179789462013792,2.0650244758924043,0.0,0.01169184150055793,0.03719667385113548,0.002396291254306062
LNGN0074,terminal,eigenvector,60,12,0.00045979369720422155,0.0033413155260629203,7.266988535031712,0.0,0.02589519102211334,-0.019376411868455738,0.0009270678002840488
LNGN0074,terminal,share_monthly_network_flow,60,12,0.00038063981116253737,0.0008033266776781782,2.1104641556664414,0.0,0.0027598180308989278,0.063553859491766,0.0006085141488631402
LNGN0075,terminal,node_throughput,60,1,2900.0,22463.30340800302,7.745966692414834,0.0,174000.0,-0.017241379310344834,5898.3050847457625
LNGN0075,terminal,total_voyages,60,1,0.016666666666666666,0.12909944487358058,7.745966692414835,0.0,1.0,-0.01724137931034484,0.03389830508474576
LNGN0075,terminal,total_route_exposure,60,1,0.016666666666666666,0.12909944487358058,7.745966692414835,0.0,1.0,-0.01724137931034484,0.03389830508474576
LNGN0075,terminal,total_degree,60,1,0.016666666666666666,0.12909944487358058,7.745966692414835,0.0,1.0,-0.01724137931034484,0.03389830508474576
LNGN0075,terminal,total_strength,60,1,2900.0,22463.30340800302,7.745966692414834,0.0,174000.0,-0.017241379310344834,5898.3050847457625
LNGN0075,terminal,betweenness,60,1,0.0,0.0,,0.0,0.0,,0.0
LNGN0075,terminal,pagerank,60,1,0.00010205762096224044,0.0007905349326806124,7.745966692414834,0.0,0.006123457257734426,-0.017241379310344827,0.00020757482229608225
LNGN0075,terminal,eigenvector,60,1,2.3746764921821067e-292,0.0,,0.0,1.424805895309264e-290,,4.829850492573776e-292
LNGN0075,terminal,share_monthly_network_flow,60,1,4.34349548520604e-05,0.00033644571357060185,7.745966692414832,0.0,0.002606097291123624,-0.017241379310344817,8.834228105503809e-05
LNGN0076,terminal,node_throughput,60,13,62784.88333333333,140427.43391989026,2.2366440210510907,0.0,680486.0,0.7366029126842989,39527.38983050847
LNGN0076,terminal,total_voyages,60,13,0.36666666666666664,0.822700527647874,2.2437287117669293,0.0,4.0,0.7235945485519588,0.23728813559322035
LNGN0076,terminal,total_route_exposure,60,13,0.3333333333333333,0.7287478619712606,2.186243585913782,0.0,3.0,0.7437567861020631,0.2033898305084746
LNGN0076,terminal,total_degree,60,13,0.3333333333333333,0.7287478619712606,2.186243585913782,0.0,3.0,0.7437567861020631,0.2033898305084746
LNGN0076,terminal,total_strength,60,13,62784.88333333333,140427.43391989026,2.2366440210510907,0.0,680486.0,0.7366029126842989,39527.38983050847
LNGN0076,terminal,betweenness,60,13,0.0,0.0,,0.0,0.0,,0.0
LNGN0076,terminal,pagerank,60,13,0.0018658970112258942,0.0038832607580488172,2.081176364336162,0.0,0.014797355331742451,0.8389726984480237,0.0008887922146108078
LNGN0076,terminal,eigenvector,60,13,2.667956055701399e-05,9.55253112555915e-05,3.5804679410462827,0.0,0.0006156224220894862,0.24251106135547365,3.9818311713503544e-05
LNGN0076,terminal,share_monthly_network_flow,60,13,0.0007640503256852407,0.001917255110846422,2.509330925455632,0.0,0.01019202713360661,0.7767786043293394,0.0004656181884242471
LNGN0079,terminal,node_throughput,60,21,66971.18333333333,100139.515159549,1.4952627410079957,0.0,354000.0,0.23920770711988024,76288.77966101695
LNGN0079,terminal,total_voyages,60,21,0.4166666666666667,0.618682763281733,1.484838631876159,0.0,2.0,0.26120157869637584,0.4576271186440678
LNGN0079,terminal,total_route_exposure,60,21,0.4,0.5880159112340472,1.4700397780851178,0.0,2.0,0.23064267222914767,0.423728813559322
LNGN0079,terminal,total_degree,60,21,0.38333333333333336,0.5551505114790765,1.4482187255975907,0.0,2.0,0.24693067513855468,0.3898305084745763
LNGN0079,terminal,total_strength,60,21,66971.18333333333,100139.515159549,1.4952627410079957,0.0,354000.0,0.23920770711988024,76288.77966101695
LNGN0079,terminal,betweenness,60,21,0.0,0.0,,0.0,0.0,,0.0
LNGN0079,terminal,pagerank,60,21,0.0028881036370140517,0.0044529658676659735,1.5418303590621143,0.0,0.02187162551898613,0.396180683609539,0.002946647929706627
LNGN0079,terminal,eigenvector,60,21,0.0017957545104226975,0.0038096064567381487,2.1214516987856076,0.0,0.01707102300025221,0.07017285790312708,0.0028241411686497023
LNGN0079,terminal,share_monthly_network_flow,60,21,0.0008022605239544594,0.0013088321746883922,1.6314303591020123,0.0,0.005865353864051572,0.33733048542591526,0.000905481133482011
LNGN0081,terminal,node_throughput,60,24,79975.36666666667,108885.08952443687,1.36148284231399,0.0,421700.0,0.2574456498866934,88131.28813559322
LNGN0081,terminal,total_voyages,60,24,0.45,0.5944660045019183,1.3210355655598185,0.0,2.0,0.19917756188954572,0.4915254237288136
LNGN0081,terminal,total_route_exposure,60,24,0.45,0.5944660045019183,1.3210355655598185,0.0,2.0,0.19917756188954572,0.4915254237288136
LNGN0081,terminal,total_degree,60,24,0.4166666666666667,0.5301636033600228,1.2723926480640546,0.0,2.0,0.1734187445870165,0.423728813559322
LNGN0081,terminal,total_strength,60,24,79975.36666666667,108885.08952443687,1.36148284231399,0.0,421700.0,0.2574456498866934,88131.28813559322
LNGN0081,terminal,betweenness,60,24,0.0,0.0,,0.0,0.0,,0.0
LNGN0081,terminal,pagerank,60,24,0.0035086395868943066,0.004460254730522591,1.2712205457587658,0.0,0.012021633240133594,0.273678329294514,0.003504516189975989
LNGN0081,terminal,eigenvector,60,24,0.000799878516072841,0.001907474209765954,2.3847048913515883,0.0,0.01102411351708827,-0.06621123726982185,0.0012926249985400573
LNGN0081,terminal,share_monthly_network_flow,60,24,0.0009752776198657887,0.0013826612482968675,1.4177104243273215,0.0,0.005794079327527364,0.3744927633274315,0.001024053123684707
LNGN0083,terminal,node_throughput,60,27,212145.13333333333,310663.25473425986,1.4643902023721176,0.0,1159622.0,0.7456548515440016,128407.52542372882
LNGN0083,terminal,total_voyages,60,27,1.25,1.8284475215283187,1.4627580172226549,0.0,7.0,0.754677754677754,0.7457627118644068
LNGN0083,terminal,total_route_exposure,60,27,1.1,1.5260450711961406,1.3873137010874004,0.0,6.0,0.7649987552900172,0.6779661016949152
LNGN0083,terminal,total_degree,60,27,1.0666666666666667,1.4828587446203956,1.390180073081621,0.0,6.0,0.7433430002636435,0.6779661016949152
LNGN0083,terminal,total_strength,60,27,212145.13333333333,310663.25473425986,1.4643902023721176,0.0,1159622.0,0.7456548515440016,128407.52542372882
LNGN0083,terminal,betweenness,60,27,0.0,0.0,,0.0,0.0,,0.0
LNGN0083,terminal,pagerank,60,27,0.0027481571092727634,0.0030891678210099934,1.1240870511320478,0.0,0.0071257802327546055,0.5326344546125817,0.001516469778227062
LNGN0083,terminal,eigenvector,60,27,0.0006162649887029582,0.0013173637086439586,2.1376578789857756,0.0,0.006966667082816907,0.557307018422448,0.0005837004903238174
LNGN0083,terminal,share_monthly_network_flow,60,27,0.002042661748514916,0.0028725872398524693,1.4062960947601515,0.0,0.010867172173010009,0.7179331688180157,0.0013269548511243008
LNGN0085,terminal,node_throughput,60,59,432092.43333333335,210996.63237832845,0.48831364796327553,0.0,972130.0,0.48216136923492664,155760.4745762712
LNGN0085,terminal,total_voyages,60,59,3.15,1.5274327636454663,0.4848992900461798,0.0,7.0,0.49128831879544704,1.1016949152542372
LNGN0085,terminal,total_route_exposure,60,59,2.7,1.2662503032609604,0.4689815938003557,0.0,6.0,0.381054789035179,1.0338983050847457
LNGN0085,terminal,total_degree,60,59,1.3833333333333333,0.5551505114790765,0.4013136227559589,0.0,3.0,0.33458646616541354,0.4067796610169492
LNGN0085,terminal,total_strength,60,59,432092.43333333335,210996.63237832845,0.48831364796327553,0.0,972130.0,0.48216136923492664,155760.4745762712
LNGN0085,terminal,betweenness,60,59,0.0,0.0,,0.0,0.0,,0.0
LNGN0085,terminal,pagerank,60,59,0.006369484056545277,0.0011526997713000816,0.1809722359090558,0.0,0.008097491084857909,0.21706634316879075,0.0005926380064238017
LNGN0085,terminal,eigenvector,60,59,0.02763898164466192,0.017862217570562614,0.6462690196117428,0.0,0.06537988736554205,0.40338485259957807,0.014640479196447323
LNGN0085,terminal,share_monthly_network_flow,60,59,0.004961619428655385,0.0021709060854919445,0.43753982277521575,0.0,0.010360662049853997,0.4539837191522848,0.0017597496698332782
LNGN0087,terminal,node_throughput,60,4,10261.25,38938.89109858277,3.794751233873336,0.0,174000.0,-0.07190382626985088,20870.338983050846
LNGN0087,terminal,total_voyages,60,4,0.06666666666666667,0.2515488742932317,3.7732331143984754,0.0,1.0,-0.0727272727272727,0.13559322033898305
LNGN0087,terminal,total_route_exposure,60,4,0.06666666666666667,0.2515488742932317,3.7732331143984754,0.0,1.0,-0.0727272727272727,0.13559322033898305
LNGN0087,terminal,total_degree,60,4,0.06666666666666667,0.2515488742932317,3.7732331143984754,0.0,1.0,-0.0727272727272727,0.13559322033898305
LNGN0087,terminal,total_strength,60,4,10261.25,38938.89109858277,3.794751233873336,0.0,174000.0,-0.07190382626985088,20870.338983050846
LNGN0087,terminal,betweenness,60,4,0.0,0.0,,0.0,0.0,,0.0
LNGN0087,terminal,pagerank,60,4,0.0004072275378202144,0.0015415930788976828,3.7855816115713568,0.0,0.0069250205342544545,-0.07225300611468058,0.0008282593989563682
LNGN0087,terminal,eigenvector,60,4,3.5087989274586496e-05,0.00019107295074772727,5.445537196573343,0.0,0.0014141155515713724,-0.0348955082658465,7.136540191441321e-05
LNGN0087,terminal,share_monthly_network_flow,60,4,9.157000340820728e-05,0.00034664808999760574,3.7856074816585212,0.0,0.001476271512204773,-0.07225201740358897,0.00018624407472855715
LNGN0097,terminal,node_throughput,60,56,802452.4666666667,514798.9701041766,0.6415320426923438,0.0,2029400.0,0.5689845462349947,364460.8813559322
LNGN0097,terminal,total_voyages,60,56,4.733333333333333,3.0245698204653926,0.6389936240419843,0.0,12.0,0.5566096947589185,2.1186440677966103
LNGN0097,terminal,total_route_exposure,60,56,2.9,1.7437539866912692,0.6012944781694032,0.0,6.0,0.6528742283950609,1.152542372881356
LNGN0097,terminal,total_degree,60,56,0.9333333333333333,0.2515488742932317,0.2695166510284625,0.0,1.0,0.19545454545454594,0.1016949152542373
LNGN0097,terminal,total_strength,60,56,802452.4666666667,514798.9701041766,0.6415320426923438,0.0,2029400.0,0.5689845462349947,364460.8813559322
LNGN0097,terminal,betweenness,60,56,0.0,0.0,,0.0,0.0,,0.0
LNGN0097,terminal,pagerank,60,56,0.010029317020374084,0.0035230718149203586,0.35127734099574326,0.0,0.02144169759326774,0.20878973191580852,0.0029852526587849093
LNGN0097,terminal,eigenvector,60,56,0.0005580643764290114,0.0009552200330383326,1.711666383636013,0.0,0.005926673917047088,-0.019038673382207355,0.0007837442279007892
LNGN0097,terminal,share_monthly_network_flow,60,56,0.008800204044738934,0.005418182602820267,0.6156882925981068,0.0,0.029487980313315298,0.2949862743719983,0.0045060425786153345
LNGN0098,terminal,node_throughput,60,24,86956.81666666667,127440.83283779006,1.4655646069279606,0.0,517400.0,0.25356636835514346,104169.59322033898
LNGN0098,terminal,total_voyages,60,24,0.5333333333333333,0.7694741031901113,1.4427639434814588,0.0,3.0,0.27837573385518566,0.6101694915254238
LNGN0098,terminal,total_route_exposure,60,24,0.5333333333333333,0.7694741031901113,1.4427639434814588,0.0,3.0,0.27837573385518566,0.6101694915254238
LNGN0098,terminal,total_degree,60,24,0.5,0.7010887416930995,1.402177483386199,0.0,3.0,0.19988207547169817,0.576271186440678
LNGN0098,terminal,total_strength,60,24,86956.81666666667,127440.83283779006,1.4655646069279606,0.0,517400.0,0.25356636835514346,104169.59322033898
LNGN0098,terminal,betweenness,60,24,0.0,0.0,,0.0,0.0,,0.0
LNGN0098,terminal,pagerank,60,24,0.003046330541475716,0.003883159677737245,1.2747007013415388,0.0,0.011199946183565675,0.0669906602411309,0.0035114266526554572
LNGN0098,terminal,eigenvector,60,24,0.0002468105862571582,0.0007426391380787614,3.0089436168065617,0.0,0.004413056342490672,-0.041431536715188365,0.00045006263336725815
LNGN0098,terminal,share_monthly_network_flow,60,24,0.0009204444052263526,0.0012963888927355583,1.4084380168694217,0.0,0.004731802528414604,0.032407272381734256,0.0011995441160184267
LNGN0100,terminal,node_throughput,60,20,170625.51666666666,291950.31739191,1.7110589500060709,0.0,1205000.0,0.7853805305933855,112864.40677966102
LNGN0100,terminal,total_voyages,60,20,1.0,1.7173096815580122,1.7173096815580122,0.0,7.0,0.7918871252204586,0.6440677966101694
LNGN0100,terminal,total_route_exposure,60,20,0.7166666666666667,1.1511477936989036,1.606252735393819,0.0,4.0,0.7038411174159754,0.4745762711864407
LNGN0100,terminal,total_degree,60,20,0.38333333333333336,0.5848849420870962,1.5257868054445987,0.0,2.0,0.6006768189509308,0.2711864406779661
LNGN0100,terminal,total_strength,60,20,170625.51666666666,291950.31739191,1.7110589500060709,0.0,1205000.0,0.7853805305933855,112864.40677966102
LNGN0100,terminal,betweenness,60,20,0.0,0.0,,0.0,0.0,,0.0
LNGN0100,terminal,pagerank,60,20,0.0027039851255382078,0.0039350951629580425,1.4552946781372518,0.0,0.011099318023299986,0.5065415125563568,0.0019751995106341977
LNGN0100,terminal,eigenvector,60,20,8.875685507181822e-05,0.00022891966270595013,2.5791772649078,0.0,0.0012769964556161504,0.6690033125970122,7.720051074552788e-05
LNGN0100,terminal,share_monthly_network_flow,60,20,0.0015559096122413343,0.0025938009432901078,1.6670640266523322,0.0,0.010181488281626624,0.6896145247213294,0.0011137013955127902
LNGN0101,terminal,node_throughput,60,18,80607.43333333333,146395.19067658193,1.8161500077939288,0.0,668000.0,0.21118536155034975,107947.35593220338
LNGN0101,terminal,total_voyages,60,18,0.48333333333333334,0.8731720211568128,1.8065628023934057,0.0,4.0,0.21780303030303017,0.6440677966101694
LNGN0101,terminal,total_route_exposure,60,18,0.48333333333333334,0.8731720211568128,1.8065628023934057,0.0,4.0,0.21780303030303017,0.6440677966101694
LNGN0101,terminal,total_degree,60,18,0.45,0.7903013799725018,1.7562252888277818,0.0,3.0,0.20860314523589277,0.576271186440678
LNGN0101,terminal,total_strength,60,18,80607.43333333333,146395.19067658193,1.8161500077939288,0.0,668000.0,0.21118536155034975,107947.35593220338
LNGN0101,terminal,betweenness,60,18,0.0,0.0,,0.0,0.0,,0.0
LNGN0101,terminal,pagerank,60,18,0.0017898024148325566,0.0027826504091219345,1.5547249160362,0.0,0.007201714267945132,0.2405695603902007,0.002013902823054649
LNGN0101,terminal,eigenvector,60,18,0.00029609590316896026,0.0007256603420611245,2.45076116992758,0.0,0.0032494982745691244,0.2325603756320652,0.0004193067230134941
LNGN0101,terminal,share_monthly_network_flow,60,18,0.0007815342958163193,0.0013421026475187452,1.7172664778797806,0.0,0.004843179479755956,0.2487161934111072,0.0009981234754178102
LNGN0102,terminal,node_throughput,60,8,26900.0,72333.90090641443,2.688992598751466,0.0,354000.0,0.48436750819269414,24203.389830508473
LNGN0102,terminal,total_voyages,60,8,0.15,0.40442468029770184,2.6961645353180126,0.0,2.0,0.48063380281690105,0.13559322033898305
LNGN0102,terminal,total_route_exposure,60,8,0.13333333333333333,0.34280333180088157,2.5710249885066117,0.0,1.0,0.5661764705882352,0.1016949152542373
LNGN0102,terminal,total_degree,60,8,0.13333333333333333,0.34280333180088157,2.5710249885066117,0.0,1.0,0.5661764705882352,0.1016949152542373
LNGN0102,terminal,total_strength,60,8,26900.0,72333.90090641443,2.688992598751466,0.0,354000.0,0.48436750819269414,24203.389830508473
LNGN0102,terminal,betweenness,60,8,0.0,0.0,,0.0,0.0,,0.0
LNGN0102,terminal,pagerank,60,8,0.0007762230949084506,0.002000012545176497,2.5765949999366904,0.0,0.006497500590969495,0.5623408679487394,0.0006206718130825029
LNGN0102,terminal,eigenvector,60,8,3.226317011188639e-06,1.2012475216487998e-05,3.72327802098479,0.0,7.761839848090902e-05,0.13147309518273614,5.071122535719516e-06
LNGN0102,terminal,share_monthly_network_flow,60,8,0.00023313330396703165,0.0006296706165877998,2.7009037570918832,0.0,0.0031029808338340617,0.49663436788771503,0.00021379388590357757
LNGN0103,terminal,node_throughput,60,37,155384.0,151476.09616970448,0.9748500242605704,0.0,525400.0,0.1768872823752563,146020.5593220339
LNGN0103,terminal,total_voyages,60,37,0.9333333333333333,0.8994662573007388,0.9637138471079344,0.0,3.0,0.16488171159524195,0.864406779661017
LNGN0103,terminal,total_route_exposure,60,37,0.9166666666666666,0.8885651482017907,0.9693437980383172,0.0,3.0,0.1876685779974599,0.8305084745762712
LNGN0103,terminal,total_degree,60,37,0.9,0.8772066606129533,0.9746740673477259,0.0,3.0,0.18877938428724497,0.8305084745762712
LNGN0103,terminal,total_strength,60,37,155384.0,151476.09616970448,0.9748500242605704,0.0,525400.0,0.1768872823752563,146020.5593220339
LNGN0103,terminal,betweenness,60,37,0.0,0.0,,0.0,0.0,,0.0
LNGN0103,terminal,pagerank,60,37,0.003832269015138708,0.0030993288268969833,0.8087451101824081,0.0,0.0076444051292018185,0.1061710548002189,0.002651772421542464
LNGN0103,terminal,eigenvector,60,37,0.00022133684330978822,0.0008001850425428509,3.615236535306023,0.0,0.005888632922854599,-0.06781286366393668,0.00041919924653531103
LNGN0103,terminal,share_monthly_network_flow,60,37,0.0017198007506864727,0.0015726031396544114,0.9144100786249185,0.0,0.005060677757481341,0.050469403596863784,0.0016594575073223064
LNGN0108,terminal,node_throughput,60,22,62403.03333333333,87118.352789436,1.396059584541072,0.0,323700.0,-0.21724618077489813,96724.81355932204
LNGN0108,terminal,total_voyages,60,22,0.4,0.5584482131582669,1.3961205328956672,0.0,2.0,-0.20631970260223037,0.6101694915254238
LNGN0108,terminal,total_route_exposure,60,22,0.38333333333333336,0.5237306419436756,1.3662538485487188,0.0,2.0,-0.18498942917547556,0.576271186440678
LNGN0108,terminal,total_degree,60,22,0.36666666666666664,0.48596110141697085,1.3253484584099207,0.0,1.0,-0.1597051597051597,0.5423728813559322
LNGN0108,terminal,total_strength,60,22,62403.03333333333,87118.352789436,1.396059584541072,0.0,323700.0,-0.21724618077489813,96724.81355932204
LNGN0108,terminal,betweenness,60,22,0.0,0.0,,0.0,0.0,,0.0
LNGN0108,terminal,pagerank,60,22,0.0026241619447683632,0.003522979306966764,1.3425159655219907,0.0,0.009446300137499032,-0.17924003650174192,0.003988301204512547
LNGN0108,terminal,eigenvector,60,22,0.0021558145103980192,0.004755196544191029,2.2057540299759353,0.0,0.027769601199937318,-0.10197421626648719,0.003770484100950733
LNGN0108,terminal,share_monthly_network_flow,60,22,0.0006958804969709431,0.0010471589464266745,1.504797089420943,0.0,0.004158610411024726,-0.2514757416634741,0.0011371900230254044
LNGN0109,terminal,node_throughput,60,6,16800.0,50893.30814124114,3.029363579835782,0.0,180000.0,0.06961605030789043,28745.762711864405
LNGN0109,terminal,total_voyages,60,6,0.1,0.30253169045376643,3.025316904537664,0.0,1.0,0.07232704402515719,0.1694915254237288
LNGN0109,terminal,total_route_exposure,60,6,0.1,0.30253169045376643,3.025316904537664,0.0,1.0,0.07232704402515719,0.1694915254237288
LNGN0109,terminal,total_degree,60,6,0.1,0.30253169045376643,3.025316904537664,0.0,1.0,0.07232704402515719,0.1694915254237288
LNGN0109,terminal,total_strength,60,6,16800.0,50893.30814124114,3.029363579835782,0.0,180000.0,0.06961605030789043,28745.762711864405
LNGN0109,terminal,betweenness,60,6,0.0,0.0,,0.0,0.0,,0.0
LNGN0109,terminal,pagerank,60,6,0.0010892462048207288,0.0034846959897845554,3.1991812084009754,0.0,0.01852718685554183,0.1480625530715692,0.0018892004408731773
LNGN0109,terminal,eigenvector,60,6,1.2276033518941083e-07,4.947420309360855e-07,4.030145650651184,0.0,2.6591188255856374e-06,-0.06374088963056168,2.4968203767337793e-07
LNGN0109,terminal,share_monthly_network_flow,60,6,0.00018038165190535874,0.0005655369193669547,3.135224194884723,0.0,0.0027100210412808697,0.19321325605474354,0.00029651886722212116
LNGN0112,terminal,node_throughput,60,16,36846.88333333333,61664.60041088093,1.6735363979915334,0.0,154880.0,0.10021206646932189,49302.30508474576
LNGN0112,terminal,total_voyages,60,16,0.26666666666666666,0.4459484908564836,1.6723068407118133,0.0,1.0,0.08161998349317612,0.3559322033898305
LNGN0112,terminal,total_route_exposure,60,16,0.26666666666666666,0.4459484908564836,1.6723068407118133,0.0,1.0,0.08161998349317612,0.3559322033898305
LNGN0112,terminal,total_degree,60,16,0.26666666666666666,0.4459484908564836,1.6723068407118133,0.0,1.0,0.08161998349317612,0.3559322033898305
LNGN0112,terminal,total_strength,60,16,36846.88333333333,61664.60041088093,1.6735363979915334,0.0,154880.0,0.10021206646932189,49302.30508474576
LNGN0112,terminal,betweenness,60,16,0.0,0.0,,0.0,0.0,,0.0
LNGN0112,terminal,pagerank,60,16,0.0020967621032863554,0.0035929654284123477,1.713578008101597,0.0,0.01057231768987097,-0.024940786483822166,0.0030399315954101314
LNGN0112,terminal,eigenvector,60,16,2.0967789979851327e-06,6.466215860819375e-06,3.083880498151205,0.0,3.3021409401869354e-05,-0.06188580635812281,3.989250762306547e-06
LNGN0112,terminal,share_monthly_network_flow,60,16,0.0004581861850546931,0.0008171854848660716,1.7835227501862048,0.0,0.0025538999158404847,-0.012239566649012103,0.00066592670320844
LNGN0115,terminal,node_throughput,60,1,2866.6666666666665,22205.104518255863,7.745966692414837,0.0,172000.0,-0.01724137931034475,5830.5084745762715
LNGN0115,terminal,total_voyages,60,1,0.016666666666666666,0.12909944487358058,7.745966692414835,0.0,1.0,-0.017241379310344838,0.03389830508474576
LNGN0115,terminal,total_route_exposure,60,1,0.016666666666666666,0.12909944487358058,7.745966692414835,0.0,1.0,-0.017241379310344838,0.03389830508474576
LNGN0115,terminal,total_degree,60,1,0.016666666666666666,0.12909944487358058,7.745966692414835,0.0,1.0,-0.017241379310344838,0.03389830508474576
LNGN0115,terminal,total_strength,60,1,2866.6666666666665,22205.104518255863,7.745966692414837,0.0,172000.0,-0.01724137931034475,5830.5084745762715
LNGN0115,terminal,betweenness,60,1,0.0,0.0,,0.0,0.0,,0.0
LNGN0115,terminal,pagerank,60,1,0.00014517578061032127,0.0011245267611528715,7.745966692414831,0.0,0.008710546836619277,-0.017241379310344834,0.00029527277412268735
LNGN0115,terminal,eigenvector,60,1,0.0,0.0,,0.0,0.0,,0.0
LNGN0115,terminal,share_monthly_network_flow,60,1,3.2458041112834355e-05,0.00025141890536104617,7.745966692414832,0.0,0.0019474824667700614,-0.017241379310344813,6.601635480576479e-05
LNGN0121,terminal,node_throughput,60,55,705154.65,425104.4771027561,0.60285283108146,0.0,1715720.0,0.5580124769769385,303101.4576271186
LNGN0121,terminal,total_voyages,60,55,5.05,2.948283039559793,0.5838184236752066,0.0,11.0,0.5668408478059372,2.1186440677966103
LNGN0121,terminal,total_route_exposure,60,55,3.2333333333333334,1.9429722702441878,0.6009192588384086,0.0,7.0,0.5589472044852828,1.4915254237288136
LNGN0121,terminal,total_degree,60,55,2.6166666666666667,1.391154461037047,0.5316513863835848,0.0,5.0,0.5337386018237082,0.9830508474576272
LNGN0121,terminal,total_strength,60,55,705154.65,425104.4771027561,0.60285283108146,0.0,1715720.0,0.5580124769769385,303101.4576271186
LNGN0121,terminal,betweenness,60,55,0.0,0.0,,0.0,0.0,,0.0
LNGN0121,terminal,pagerank,60,55,0.011494399931609424,0.004376681425600468,0.38076641248271353,0.0,0.021314741132413637,0.32373412476375424,0.0035588891230831014
LNGN0121,terminal,eigenvector,60,55,0.0038257153048884963,0.00437943292008778,1.1447357085070455,0.0,0.014036997197126455,0.2766648675555964,0.0036299639548577184
LNGN0121,terminal,share_monthly_network_flow,60,55,0.007608368288847017,0.0038800669403426732,0.509973596576601,0.0,0.016987484284394682,0.2521064717912308,0.003440809444051856
LNGN0122,terminal,node_throughput,60,12,4479.716666666666,9279.97026787257,2.071552948186285,0.0,36000.0,-0.032217414911522295,7890.949152542373
LNGN0122,terminal,total_voyages,60,12,0.21666666666666667,0.4544196025054849,2.097321242333007,0.0,2.0,0.011173184357541872,0.3728813559322034
LNGN0122,terminal,total_route_exposure,60,12,0.2,0.40337558727168854,2.0168779363584424,0.0,1.0,-0.04609929078014185,0.3389830508474576
LNGN0122,terminal,total_degree,60,12,0.2,0.40337558727168854,2.0168779363584424,0.0,1.0,-0.04609929078014185,0.3389830508474576
LNGN0122,terminal,total_strength,60,12,4479.716666666666,9279.97026787257,2.071552948186285,0.0,36000.0,-0.032217414911522295,7890.949152542373
LNGN0122,terminal,betweenness,60,12,0.0,0.0,,0.0,0.0,,0.0
LNGN0122,terminal,pagerank,60,12,0.0013516441051333974,0.002769782492455439,2.0491951112989772,0.0,0.009404112870362918,-0.09394437779835924,0.0023594877993593877
LNGN0122,terminal,eigenvector,60,12,4.7177536485186297e-07,2.506063277714945e-06,5.311984186588138,0.0,1.9036848837728163e-05,-0.03571484896617261,9.462858351836952e-07
LNGN0122,terminal,share_monthly_network_flow,60,12,4.680210924869072e-05,0.00010038839977786297,2.1449546054523454,0.0,0.0003979950296452495,-0.09708047215390277,8.489073482897543e-05
LNGN0124,terminal,node_throughput,60,52,909138.3,738328.2714505538,0.812118762844502,0.0,2588390.0,0.7540543876806047,386516.2033898305
LNGN0124,terminal,total_voyages,60,52,5.266666666666667,4.285832659113151,0.8137656947683198,0.0,15.0,0.75633868526764,2.2203389830508473
LNGN0124,terminal,total_route_exposure,60,52,4.516666666666667,3.471392367876529,0.7685739559874234,0.0,13.0,0.7840459641405625,1.7457627118644068
LNGN0124,terminal,total_degree,60,52,2.45,1.73131673217775,0.7066598906847958,0.0,7.0,0.7252619324796279,0.8813559322033898
LNGN0124,terminal,total_strength,60,52,909138.3,738328.2714505538,0.812118762844502,0.0,2588390.0,0.7540543876806047,386516.2033898305
LNGN0124,terminal,betweenness,60,52,0.0,0.0,,0.0,0.0,,0.0
LNGN0124,terminal,pagerank,60,52,0.0056417609040004014,0.0023632814081206775,0.418890741442968,0.0,0.008097491084857909,0.7126109091632259,0.0007602207816268694
LNGN0124,terminal,eigenvector,60,52,0.005172062818166998,0.023479392127011528,4.539657183694596,0.0,0.16780905159185627,-0.025377053689043194,0.009611620058971121
LNGN0124,terminal,share_monthly_network_flow,60,52,0.010249241595527557,0.00740987471047916,0.7229680988018269,0.0,0.02629784497785738,0.7117238347625154,0.004223627308837675
LNGN0130,terminal,node_throughput,60,54,584961.45,344158.0340723181,0.5883431020494054,0.0,1220487.0,0.4903939260397983,266994.6271186441
LNGN0130,terminal,total_voyages,60,54,3.65,2.169316068116822,0.5943331693470746,0.0,8.0,0.5760312405844539,1.5254237288135593
LNGN0130,terminal,total_route_exposure,60,54,1.25,0.6277481952265331,0.5021985561812266,0.0,2.0,0.14453343375102712,0.576271186440678
LNGN0130,terminal,total_degree,60,54,1.2333333333333334,0.6207340287621397,0.5032978611584916,0.0,2.0,0.12444301635097833,0.576271186440678
LNGN0130,terminal,total_strength,60,54,584961.45,344158.0340723181,0.5883431020494054,0.0,1220487.0,0.4903939260397983,266994.6271186441
LNGN0130,terminal,betweenness,60,54,0.0,0.0,,0.0,0.0,,0.0
LNGN0130,terminal,pagerank,60,54,0.007710048928789923,0.0029780623560726437,0.38625725771367375,0.0,0.014223743616267066,0.24890381476651746,0.00220754496795413
LNGN0130,terminal,eigenvector,60,54,0.03624203876508481,0.027687246547039013,0.7639538914050444,0.0,0.09008835493386606,0.38425664817998123,0.02253160532141242
LNGN0130,terminal,share_monthly_network_flow,60,54,0.006433839863865168,0.003587886633221892,0.5576586780427648,0.0,0.014716784829073962,0.3499101726408643,0.0031312085521434437
LNGN0132,terminal,node_throughput,60,60,1018508.5166666667,482624.9786281056,0.47385463226917435,142759.0,1907000.0,0.5752571230999304,358145.33898305084
LNGN0132,terminal,total_voyages,60,60,6.066666666666666,2.86336690916431,0.47198355645565554,1.0,11.0,0.5800808311016018,2.1186440677966103
LNGN0132,terminal,total_route_exposure,60,60,4.3,1.9071675688290266,0.4435273415881457,1.0,8.0,0.6414899581041097,1.2203389830508475
LNGN0132,terminal,total_degree,60,60,2.316666666666667,0.6762726024084973,0.29191623125546645,1.0,3.0,0.3073090823587643,0.4915254237288136
LNGN0132,terminal,total_strength,60,60,1018508.5166666667,482624.9786281056,0.47385463226917435,142759.0,1907000.0,0.5752571230999304,358145.33898305084
LNGN0132,terminal,betweenness,60,60,0.0,0.0,,0.0,0.0,,0.0
LNGN0132,terminal,pagerank,60,60,0.011171744469071397,0.002464806605844786,0.22062862363783214,0.007882906772014532,0.020494949072010278,0.304125548382206,0.002235907552139891
LNGN0132,terminal,eigenvector,60,60,0.0006121045971287075,0.0009984718027166706,1.631211082877591,0.0,0.006114502944288851,0.19308560618984658,0.0007311446608681044
LNGN0132,terminal,share_monthly_network_flow,60,60,0.01171887131495685,0.005597840650864772,0.4776774571899448,0.0019565371378144378,0.03984270964746402,0.2072906343204796,0.004735453224618502
LNGN0136,terminal,node_throughput,60,30,223171.0,311398.7484352128,1.3953369767362822,0.0,1258682.0,0.2667143948230569,244267.59322033898
LNGN0136,terminal,total_voyages,60,30,1.2666666666666666,1.7356351513296433,1.370238277365508,0.0,7.0,0.29629157848660664,1.3389830508474576
LNGN0136,terminal,total_route_exposure,60,30,1.0833333333333333,1.4177048372809191,1.3086506190285407,0.0,5.0,0.26435681332229716,1.1694915254237288
LNGN0136,terminal,total_degree,60,30,0.7,0.8295393861778589,1.1850562659683699,0.0,3.0,0.3678550690402302,0.6779661016949152
LNGN0136,terminal,total_strength,60,30,223171.0,311398.7484352128,1.3953369767362822,0.0,1258682.0,0.2667143948230569,244267.59322033898
LNGN0136,terminal,betweenness,60,30,0.0,0.0,,0.0,0.0,,0.0
LNGN0136,terminal,pagerank,60,30,0.0046579289526091265,0.005117109365309191,1.0985803814038115,0.0,0.01818407890752704,0.36599948141881516,0.003794583531339806
LNGN0136,terminal,eigenvector,60,30,0.0011467031711253877,0.002657078383960968,2.317145753903585,0.0,0.014959521517044638,-0.05812905647479767,0.002012623520964106
LNGN0136,terminal,share_monthly_network_flow,60,30,0.0025950193604661683,0.0036950550997807965,1.4239027099655313,0.0,0.015014430795647501,0.2671988959349359,0.0027928429425544926
LNGN0138,terminal,node_throughput,60,1,2900.0,22463.30340800302,7.745966692414834,0.0,174000.0,-0.017241379310344834,5898.3050847457625
LNGN0138,terminal,total_voyages,60,1,0.016666666666666666,0.12909944487358058,7.745966692414835,0.0,1.0,-0.01724137931034484,0.03389830508474576
LNGN0138,terminal,total_route_exposure,60,1,0.016666666666666666,0.12909944487358058,7.745966692414835,0.0,1.0,-0.01724137931034484,0.03389830508474576
LNGN0138,terminal,total_degree,60,1,0.016666666666666666,0.12909944487358058,7.745966692414835,0.0,1.0,-0.01724137931034484,0.03389830508474576
LNGN0138,terminal,total_strength,60,1,2900.0,22463.30340800302,7.745966692414834,0.0,174000.0,-0.017241379310344834,5898.3050847457625
LNGN0138,terminal,betweenness,60,1,0.0,0.0,,0.0,0.0,,0.0
LNGN0138,terminal,pagerank,60,1,0.00010205762096224044,0.0007905349326806124,7.745966692414834,0.0,0.006123457257734426,-0.017241379310344827,0.00020757482229608225
LNGN0138,terminal,eigenvector,60,1,6.259746778831451e-10,4.848779005177947e-09,,0.0,3.7558480672988706e-08,-0.017241379310344834,1.2731688363724985e-09
LNGN0138,terminal,share_monthly_network_flow,60,1,4.34349548520604e-05,0.00033644571357060185,7.745966692414832,0.0,0.002606097291123624,-0.017241379310344817,8.834228105503809e-05
LNGN0142,terminal,node_throughput,60,58,899776.8666666667,411287.1647246436,0.45709906529193967,0.0,2024348.0,0.5577139409499194,282678.9661016949
LNGN0142,terminal,total_voyages,60,58,5.45,2.4730753516452455,0.45377529387986154,0.0,12.0,0.555190788487654,1.694915254237288
LNGN0142,terminal,total_route_exposure,60,58,4.733333333333333,2.1539610076783817,0.45506218472078486,0.0,9.0,0.537848465321484,1.5423728813559323
LNGN0142,terminal,total_degree,60,58,1.9333333333333333,0.8206377566768518,0.42446780517768196,0.0,5.0,0.27232387168974,0.6271186440677966
LNGN0142,terminal,total_strength,60,58,899776.8666666667,411287.1647246436,0.45709906529193967,0.0,2024348.0,0.5577139409499194,282678.9661016949
LNGN0142,terminal,betweenness,60,58,0.0,0.0,,0.0,0.0,,0.0
LNGN0142,terminal,pagerank,60,58,0.006241311375302142,0.0014037052632216837,0.22490550123430275,0.0,0.008097491084857909,0.009186376538171493,0.0008262497709246703
LNGN0142,terminal,eigenvector,60,58,0.0007702495884023107,0.0017571123113698979,2.281224602812948,0.0,0.012165268610751696,0.104231808941461,0.0009368066009662652
LNGN0142,terminal,share_monthly_network_flow,60,58,0.01026295281440822,0.004096300932638194,0.3991347331235288,0.0,0.019457271957731153,0.29261620427086255,0.003926114892071243
LNGN0143,terminal,node_throughput,60,6,20300.0,64801.993064139206,3.1922164071004535,0.0,348000.0,0.2655601659751036,29491.525423728814
LNGN0143,terminal,total_voyages,60,6,0.11666666666666667,0.3724252474950528,3.1922164071004526,0.0,2.0,0.26556016597510373,0.1694915254237288
LNGN0143,terminal,total_route_exposure,60,6,0.11666666666666667,0.3724252474950528,3.1922164071004526,0.0,2.0,0.26556016597510373,0.1694915254237288
LNGN0143,terminal,total_degree,60,6,0.11666666666666667,0.3724252474950528,3.1922164071004526,0.0,2.0,0.26556016597510373,0.1694915254237288
LNGN0143,terminal,total_strength,60,6,20300.0,64801.993064139206,3.1922164071004535,0.0,348000.0,0.2655601659751036,29491.525423728814
LNGN0143,terminal,betweenness,60,6,0.0,0.0,,0.0,0.0,,0.0
LNGN0143,terminal,pagerank,60,6,0.000941767550167437,0.0032914849401175657,3.495007806897118,0.0,0.020808374165953887,0.28011416402601613,0.00139150113308958
LNGN0143,terminal,eigenvector,60,6,7.828060691946926e-05,0.000593394662754524,7.580353373664764,0.0,0.004597656666858314,-0.017904721826575848,0.0001577370704846302
LNGN0143,terminal,share_monthly_network_flow,60,6,0.00023226983530385032,0.0008244719801709989,3.5496300201549746,0.0,0.005212194582247248,0.3229788969606794,0.00033049607768348204
LNGN0144,terminal,node_throughput,60,47,483463.6666666667,431077.87528212514,0.8916448225660359,0.0,1609908.0,0.46353877532549564,314458.6779661017
LNGN0144,terminal,total_voyages,60,47,2.8666666666666667,2.4596173511593817,0.8580060527300168,0.0,9.0,0.45374619711204234,1.847457627118644
LNGN0144,terminal,total_route_exposure,60,47,2.0,1.6260589769778246,0.8130294884889123,0.0,8.0,0.3390934046485075,1.3728813559322033
LNGN0144,terminal,total_degree,60,47,1.1333333333333333,0.7694741031901113,0.6789477381089218,0.0,3.0,0.12645699338408617,0.7457627118644068
LNGN0144,terminal,total_strength,60,47,483463.6666666667,431077.87528212514,0.8916448225660359,0.0,1609908.0,0.46353877532549564,314458.6779661017
LNGN0144,terminal,betweenness,60,47,0.0,0.0,,0.0,0.0,,0.0
LNGN0144,terminal,pagerank,60,47,0.007279220787363178,0.004155930666787172,0.5709307064846724,0.0,0.01303744642735978,0.13942802728875622,0.003719159112652838
LNGN0144,terminal,eigenvector,60,47,0.0003129418072012186,0.0008153689548845463,2.605497048083038,0.0,0.0053069146581246575,0.2628478549952115,0.0004497832616183437
LNGN0144,terminal,share_monthly_network_flow,60,47,0.005434400391786787,0.004431436867717845,0.815441731973824,0.0,0.014768700420215155,0.4625273316132307,0.0033921250498009188
LNGN0148,terminal,node_throughput,60,4,11578.616666666667,43689.059301079906,3.773253796963072,0.0,174000.0,0.46362944544349827,11796.610169491525
LNGN0148,terminal,total_voyages,60,4,0.06666666666666667,0.2515488742932317,3.7732331143984754,0.0,1.0,0.4636363636363638,0.06779661016949153
LNGN0148,terminal,total_route_exposure,60,4,0.06666666666666667,0.2515488742932317,3.7732331143984754,0.0,1.0,0.4636363636363638,0.06779661016949153
LNGN0148,terminal,total_degree,60,4,0.06666666666666667,0.2515488742932317,3.7732331143984754,0.0,1.0,0.4636363636363638,0.06779661016949153
LNGN0148,terminal,total_strength,60,4,11578.616666666667,43689.059301079906,3.773253796963072,0.0,174000.0,0.46362944544349827,11796.610169491525
LNGN0148,terminal,betweenness,60,4,0.0,0.0,,0.0,0.0,,0.0
LNGN0148,terminal,pagerank,60,4,0.0006071227904135238,0.0023428350948374857,3.8589147563406945,0.0,0.011701120786226898,0.4595661687919496,0.0007390135276937752
LNGN0148,terminal,eigenvector,60,4,4.310364547257504e-06,2.5688578377312188e-05,5.959722918020172,0.0,0.0001879220825666487,-0.026753274406087466,8.742404924711046e-06
LNGN0148,terminal,share_monthly_network_flow,60,4,0.00013314271438123792,0.0005033599642860658,3.7806046438617433,0.0,0.0022012012284018515,0.49017734074957914,0.00014143295533912873
LNGN0150,terminal,node_throughput,60,20,66203.2,107816.18037885011,1.6285644859893498,0.0,512000.0,0.15608961663323992,83066.74576271187
LNGN0150,terminal,total_voyages,60,20,0.4,0.643085781240651,1.6077144531016274,0.0,3.0,0.1509844863203903,0.4915254237288136
LNGN0150,terminal,total_route_exposure,60,20,0.4,0.643085781240651,1.6077144531016274,0.0,3.0,0.1509844863203903,0.4915254237288136
LNGN0150,terminal,total_degree,60,20,0.4,0.643085781240651,1.6077144531016274,0.0,3.0,0.1509844863203903,0.4915254237288136
LNGN0150,terminal,total_strength,60,20,66203.2,107816.18037885011,1.6285644859893498,0.0,512000.0,0.15608961663323992,83066.74576271187
LNGN0150,terminal,betweenness,60,20,0.0,0.0,,0.0,0.0,,0.0
LNGN0150,terminal,pagerank,60,20,0.002717534008422293,0.00408636064928048,1.5037017518882425,0.0,0.015450963822934878,0.12761790764283926,0.0031935924647946467
LNGN0150,terminal,eigenvector,60,20,0.0012933654910548581,0.0029847087080153486,2.3077070856290165,0.0,0.010949572739198206,0.20809527781255646,0.0018777929588530342
LNGN0150,terminal,share_monthly_network_flow,60,20,0.0007524947152119957,0.0011865566771911281,1.576830578613229,0.0,0.004545786399161579,0.12290430060818838,0.0009655322804494864
LNGN0156,terminal,node_throughput,60,21,68443.38333333333,107098.91602580027,1.564781149175612,0.0,483000.0,-0.05113021123130854,98400.10169491525
LNGN0156,terminal,total_voyages,60,21,0.43333333333333335,0.6731324866865128,1.5533826615842603,0.0,3.0,-0.054916985951468676,0.6101694915254238
LNGN0156,terminal,total_route_exposure,60,21,0.4166666666666667,0.618682763281733,1.484838631876159,0.0,2.0,-0.026475037821482666,0.576271186440678
LNGN0156,terminal,total_degree,60,21,0.4,0.5880159112340472,1.4700397780851178,0.0,2.0,0.01172529313232832,0.5423728813559322
LNGN0156,terminal,total_strength,60,21,68443.38333333333,107098.91602580027,1.564781149175612,0.0,483000.0,-0.05113021123130854,98400.10169491525
LNGN0156,terminal,betweenness,60,21,0.0,0.0,,0.0,0.0,,0.0
LNGN0156,terminal,pagerank,60,21,0.0032046104794548834,0.004532028374642371,1.4142212926337578,0.0,0.01251209634473932,0.06100114098997028,0.004143779295641859
LNGN0156,terminal,eigenvector,60,21,0.00016656127935970835,0.0005878070474853597,3.5290738024167214,0.0,0.003259868361328982,-0.03436286119063744,0.0003218539459435658
LNGN0156,terminal,share_monthly_network_flow,60,21,0.0007628145109783074,0.0011886821582357493,1.5582846696391077,0.0,0.004777332063796077,-0.0506418549019105,0.0010961668324406667
LNGN0163,terminal,node_throughput,60,17,56414.833333333336,97971.34869797683,1.7366239144783464,0.0,391000.0,-0.07212337501098136,94788.57627118644
LNGN0163,terminal,total_voyages,60,17,0.35,0.6057632809459259,1.7307522312740742,0.0,2.0,-0.02204724409448817,0.576271186440678
LNGN0163,terminal,total_route_exposure,60,17,0.35,0.6057632809459259,1.7307522312740742,0.0,2.0,-0.02204724409448817,0.576271186440678
LNGN0163,terminal,total_degree,60,17,0.31666666666666665,0.5365194379932872,1.6942719094524858,0.0,2.0,-0.06626506024096383,0.5084745762711864
LNGN0163,terminal,total_strength,60,17,56414.833333333336,97971.34869797683,1.7366239144783464,0.0,391000.0,-0.07212337501098136,94788.57627118644
LNGN0163,terminal,betweenness,60,17,0.0,0.0,,0.0,0.0,,0.0
LNGN0163,terminal,pagerank,60,17,0.0022970816514156418,0.0038011826590408576,1.6547877854922008,0.0,0.012778064489835261,-0.1427877738189715,0.0037785646287929477
LNGN0163,terminal,eigenvector,60,17,0.0010415348640900395,0.0030599435282061076,2.9379175231733567,0.0,0.017265423601813157,-0.03246235355965489,0.0019111282027240487
LNGN0163,terminal,share_monthly_network_flow,60,17,0.0006044537724492823,0.0010634047455161397,1.7592821717484879,0.0,0.0038673640516444434,-0.1324172853564109,0.001048016038389492
LNGN0164,terminal,node_throughput,60,12,31690.383333333335,64006.57848025365,2.0197476883445815,0.0,174000.0,-0.1443596082346495,59286.13559322034
LNGN0164,terminal,total_voyages,60,12,0.2,0.4033755872716886,2.016877936358443,0.0,1.0,-0.1507092198581559,0.3728813559322034
LNGN0164,terminal,total_route_exposure,60,12,0.2,0.4033755872716886,2.016877936358443,0.0,1.0,-0.1507092198581559,0.3728813559322034
LNGN0164,terminal,total_degree,60,12,0.2,0.4033755872716886,2.016877936358443,0.0,1.0,-0.1507092198581559,0.3728813559322034
LNGN0164,terminal,total_strength,60,12,31690.383333333335,64006.57848025365,2.0197476883445815,0.0,174000.0,-0.1443596082346495,59286.13559322034
LNGN0164,terminal,betweenness,60,12,0.0,0.0,,0.0,0.0,,0.0
LNGN0164,terminal,pagerank,60,12,0.0016049019428975323,0.003287495258542872,2.0484087972424914,0.0,0.01051456774793282,-0.1578356489654234,0.0030298779389502585
LNGN0164,terminal,eigenvector,60,12,8.237585479557428e-06,5.383970128385941e-05,6.535859496386312,0.0,0.0004162175805303052,-0.024094182242836177,1.6735322818052822e-05
LNGN0164,terminal,share_monthly_network_flow,60,12,0.00036017751969324963,0.0007521744798821133,2.088343771489996,0.0,0.002684859325763948,-0.16626618009756294,0.0006829306415673712
LNGN0165,terminal,node_throughput,60,3,5474.033333333334,27921.347471834848,5.100690071032605,0.0,170200.0,-0.03977667014744758,11133.627118644068
LNGN0165,terminal,total_voyages,60,3,0.05,0.21978417765108277,4.395683553021655,0.0,1.0,-0.05357142857142859,0.1016949152542373
LNGN0165,terminal,total_route_exposure,60,3,0.05,0.21978417765108277,4.395683553021655,0.0,1.0,-0.05357142857142859,0.1016949152542373
LNGN0165,terminal,total_degree,60,3,0.05,0.21978417765108277,4.395683553021655,0.0,1.0,-0.05357142857142859,0.1016949152542373
LNGN0165,terminal,total_strength,60,3,5474.033333333334,27921.347471834848,5.100690071032605,0.0,170200.0,-0.03977667014744758,11133.627118644068
LNGN0165,terminal,betweenness,60,3,0.0,0.0,,0.0,0.0,,0.0
LNGN0165,terminal,pagerank,60,3,0.0004360225946441917,0.0019215653580143272,4.407031611704402,0.0,0.009420038201678957,-0.05329564733518942,0.0008868256162254746
LNGN0165,terminal,eigenvector,60,3,7.721520767955568e-10,4.2180660600358735e-09,,0.0,2.5645694328296638e-08,-0.03467594708291049,1.5704788002621496e-09
LNGN0165,terminal,share_monthly_network_flow,60,3,5.9869282771911124e-05,0.00030660848896991457,5.121298849328559,0.0,0.001909529630338677,-0.03945697109926627,0.00012176803275642941
LNGN0166,terminal,node_throughput,60,40,458351.1,394574.13159999234,0.8608556445048181,0.0,1067996.0,0.8156299379984325,156712.81355932204
LNGN0166,terminal,total_voyages,60,40,3.066666666666667,2.6416909496468977,0.8614209618413796,0.0,7.0,0.8184071667702285,1.0338983050847457
LNGN0166,terminal,total_route_exposure,60,40,2.5833333333333335,2.1729591373123833,0.8411454725080193,0.0,7.0,0.7879305901045607,0.8983050847457628
LNGN0166,terminal,total_degree,60,40,2.2,1.8484991621697784,0.8402268918953537,0.0,6.0,0.7651151992400415,0.8135593220338984
LNGN0166,terminal,total_strength,60,40,458351.1,394574.13159999234,0.8608556445048181,0.0,1067996.0,0.8156299379984325,156712.81355932204
LNGN0166,terminal,betweenness,60,40,0.0,0.0,,0.0,0.0,,0.0
LNGN0166,terminal,pagerank,60,40,0.004202327035451574,0.0030798745446949643,0.7328973967786415,0.0,0.008097491084857909,0.913589568636718,0.0004689754718915619
LNGN0166,terminal,eigenvector,60,40,0.00029331314303050255,0.0007627517449268304,2.6004690313093453,0.0,0.004356612400914895,0.20389333329463935,0.0004218098977051107
LNGN0166,terminal,share_monthly_network_flow,60,40,0.005226696130501446,0.004651275322853931,0.8899073538464327,0.0,0.016998322730959716,0.7402565374213281,0.0019788803689862414
LNGN0168,terminal,node_throughput,60,56,548243.0833333334,319954.8806396965,0.5836003961862352,0.0,1375637.0,0.35908015722031894,267455.16949152545
LNGN0168,terminal,total_voyages,60,56,3.216666666666667,1.8963986088414584,0.589553971660557,0.0,8.0,0.3543675351427063,1.576271186440678
LNGN0168,terminal,total_route_exposure,60,56,2.4166666666666665,1.393589033926511,0.5766575312799356,0.0,6.0,0.339659099994765,1.2033898305084745
LNGN0168,terminal,total_degree,60,56,1.7666666666666666,1.014582934546726,0.5742922271019204,0.0,4.0,0.2966002929004771,0.9152542372881356
LNGN0168,terminal,total_strength,60,56,548243.0833333334,319954.8806396965,0.5836003961862352,0.0,1375637.0,0.35908015722031894,267455.16949152545
LNGN0168,terminal,betweenness,60,56,0.0,0.0,,0.0,0.0,,0.0
LNGN0168,terminal,pagerank,60,56,0.008934968457768042,0.003448740581887857,0.38598240141402285,0.0,0.017015453289380904,0.3179193313872958,0.0027480439012479503
LNGN0168,terminal,eigenvector,60,56,0.02688612458943619,0.02104800711844256,0.7828576055439584,0.0,0.08099518476284776,0.3854197873621189,0.018046194913882964
LNGN0168,terminal,share_monthly_network_flow,60,56,0.006439102042310233,0.004048117864439385,0.6286773897726574,0.0,0.018760698427136083,0.3162349516319712,0.003336596595600465
LNGN0170,terminal,node_throughput,60,25,112779.05,174255.61839897052,1.545106279924955,0.0,848415.0,-0.16979348825764717,174501.01694915254
LNGN0170,terminal,total_voyages,60,25,0.6666666666666666,1.0195822784841202,1.5293734177261804,0.0,5.0,-0.16620267260579094,1.0169491525423728
LNGN0170,terminal,total_route_exposure,60,25,0.6333333333333333,0.9382035966145967,1.4813740999177845,0.0,5.0,-0.14506578947368443,0.9491525423728814
LNGN0170,terminal,total_degree,60,25,0.5333333333333333,0.7002824288999323,1.313029554187373,0.0,2.0,-0.15207100591715972,0.7457627118644068
LNGN0170,terminal,total_strength,60,25,112779.05,174255.61839897052,1.545106279924955,0.0,848415.0,-0.16979348825764717,174501.01694915254
LNGN0170,terminal,betweenness,60,25,0.0,0.0,,0.0,0.0,,0.0
LNGN0170,terminal,pagerank,60,25,0.004005722436187021,0.00501642429396426,1.2523145010364993,0.0,0.01747908203815734,-0.09789508340169473,0.005465788269491457
LNGN0170,terminal,eigenvector,60,25,0.0005562507076356156,0.0031640815560214494,5.688229268903963,0.0,0.02438807967616284,-0.03195176898773671,0.0011302829786749187
LNGN0170,terminal,share_monthly_network_flow,60,25,0.0012533614543148988,0.0019681827184825696,1.5703233187096854,0.0,0.01005167564654981,-0.14070647684320314,0.0019480070733484897
LNGN0173,terminal,node_throughput,60,45,236037.5,194311.88493275095,0.8232246356309949,0.0,639514.0,0.459077707743366,153540.6779661017
LNGN0173,terminal,total_voyages,60,45,1.5333333333333334,1.2414680575242794,0.8096530809940952,0.0,4.0,0.4311666317283329,0.9322033898305084
LNGN0173,terminal,total_route_exposure,60,45,1.3,1.062456379962036,0.8172741384323353,0.0,4.0,0.44885989072620797,0.7966101694915254
LNGN0173,terminal,total_degree,60,45,1.1333333333333333,0.891896981712967,0.7869679250408533,0.0,3.0,0.42892452607809967,0.6949152542372882
LNGN0173,terminal,total_strength,60,45,236037.5,194311.88493275095,0.8232246356309949,0.0,639514.0,0.459077707743366,153540.6779661017
LNGN0173,terminal,betweenness,60,45,0.0,0.0,,0.0,0.0,,0.0
LNGN0173,terminal,pagerank,60,45,0.0076737329416173335,0.004988630061471989,0.650091695844262,0.0,0.01738244176607366,0.3815980215919132,0.0038838983459805842
LNGN0173,terminal,eigenvector,60,45,0.000985366185200181,0.00566261218762666,5.746708454863689,0.0,0.04386637495184989,-0.027581422932206556,0.0018615156318641237
LNGN0173,terminal,share_monthly_network_flow,60,45,0.0027699215301526968,0.0024073231099228094,0.8690943348817906,0.0,0.009017524629618615,0.40068356989052056,0.0019038547196973832
LNGN0174,terminal,node_throughput,60,5,12766.283333333333,43178.61023351751,3.3822381272689004,0.0,174000.0,-0.08046774727658071,23803.881355932204
LNGN0174,terminal,total_voyages,60,5,0.08333333333333333,0.27871780678530217,3.3446136814236263,0.0,1.0,-0.08206099398622176,0.15254237288135594
LNGN0174,terminal,total_route_exposure,60,5,0.08333333333333333,0.27871780678530217,3.3446136814236263,0.0,1.0,-0.08206099398622176,0.15254237288135594
LNGN0174,terminal,total_degree,60,5,0.08333333333333333,0.27871780678530217,3.3446136814236263,0.0,1.0,-0.08206099398622176,0.15254237288135594
LNGN0174,terminal,total_strength,60,5,12766.283333333333,43178.61023351751,3.3822381272689004,0.0,174000.0,-0.08046774727658071,23803.881355932204
LNGN0174,terminal,betweenness,60,5,0.0,0.0,,0.0,0.0,,0.0
LNGN0174,terminal,pagerank,60,5,0.0006667249897645631,0.0022377099889547072,3.35627136121731,0.0,0.00849772186948566,-0.08146970882762783,0.0012120216424112188
LNGN0174,terminal,eigenvector,60,5,2.4775650500101613e-06,1.5008317262817828e-05,6.057688480371595,0.0,0.00011205214065982601,-0.02819607441011584,5.03911535595287e-06
LNGN0174,terminal,share_monthly_network_flow,60,5,0.00014454582553217291,0.0004929185962952839,3.4101199012874326,0.0,0.0020873459924500314,-0.07865152185678856,0.00026134575691440183
LNGN0175,terminal,node_throughput,60,21,92557.28333333334,141467.4013082815,1.5284307859253448,0.0,580914.0,0.24952089685973664,109783.69491525424
LNGN0175,terminal,total_voyages,60,21,0.48333333333333334,0.7476894729916951,1.5469437372241968,0.0,3.0,0.22112897838303314,0.5932203389830508
LNGN0175,terminal,total_route_exposure,60,21,0.48333333333333334,0.7476894729916951,1.5469437372241968,0.0,3.0,0.22112897838303314,0.5932203389830508
LNGN0175,terminal,total_degree,60,21,0.4666666666666667,0.7240813388775701,1.5516028690233645,0.0,3.0,0.23425428665447212,0.559322033898305
LNGN0175,terminal,total_strength,60,21,92557.28333333334,141467.4013082815,1.5284307859253448,0.0,580914.0,0.24952089685973664,109783.69491525424
LNGN0175,terminal,betweenness,60,21,0.0,0.0,,0.0,0.0,,0.0
LNGN0175,terminal,pagerank,60,21,0.0028375625398785543,0.004053434056157666,1.4284915307386141,0.0,0.013307039463129236,0.08927692039821615,0.003437448981231862
LNGN0175,terminal,eigenvector,60,21,0.0028348706737290714,0.005125413881786201,1.8079886074817242,0.0,0.018663653494397102,0.17517996363561025,0.003568560164417744
LNGN0175,terminal,share_monthly_network_flow,60,21,0.0010224451217101225,0.0015937014520265172,1.5587158842920803,0.0,0.005628101309476527,0.23502982850708337,0.0011971181574403351
LNGN0176,terminal,node_throughput,60,2,3000.0,18277.52162111071,6.0925072070369035,0.0,135000.0,-0.027874564459930282,6101.6949152542375
LNGN0176,terminal,total_voyages,60,2,0.03333333333333333,0.18102033471939252,5.430610041581776,0.0,1.0,-0.03508771929824562,0.06779661016949153
LNGN0176,terminal,total_route_exposure,60,2,0.03333333333333333,0.18102033471939252,5.430610041581776,0.0,1.0,-0.03508771929824562,0.06779661016949153
LNGN0176,terminal,total_degree,60,2,0.03333333333333333,0.18102033471939252,5.430610041581776,0.0,1.0,-0.03508771929824562,0.06779661016949153
LNGN0176,terminal,total_strength,60,2,3000.0,18277.52162111071,6.0925072070369035,0.0,135000.0,-0.027874564459930282,6101.6949152542375
LNGN0176,terminal,betweenness,60,2,0.0,0.0,,0.0,0.0,,0.0
LNGN0176,terminal,pagerank,60,2,0.00018270998422062013,0.000992239198485217,5.4306785845216865,0.0,0.005508376201450166,-0.0350868330713706,0.00037161352722837995
LNGN0176,terminal,eigenvector,60,2,8.257504379712408e-05,0.0006364384374059618,7.707394487971531,0.0,0.004930183163636427,-0.017414432766399382,0.00016794924162126933
LNGN0176,terminal,share_monthly_network_flow,60,2,2.541430189864258e-05,0.00015967796905232525,6.2829964674675525,0.0,0.0011985960232164322,-0.02620924519658296,5.169010555656119e-05
LNGN0178,terminal,node_throughput,60,54,359365.73333333334,251521.24837738366,0.6999032602367866,0.0,1133700.0,0.3628727192507568,216449.05084745763
LNGN0178,terminal,total_voyages,60,54,2.2333333333333334,1.522338373783498,0.6816440479627602,0.0,7.0,0.3143058860532463,1.3389830508474576
LNGN0178,terminal,total_route_exposure,60,54,1.7333333333333334,1.0393392077183294,0.5996187736836516,0.0,5.0,0.4431669693694101,0.8305084745762712
LNGN0178,terminal,total_degree,60,54,1.7333333333333334,1.0393392077183294,0.5996187736836516,0.0,5.0,0.4431669693694101,0.8305084745762712
LNGN0178,terminal,total_strength,60,54,359365.73333333334,251521.24837738366,0.6999032602367866,0.0,1133700.0,0.3628727192507568,216449.05084745763
LNGN0178,terminal,betweenness,60,54,0.0,0.0,,0.0,0.0,,0.0
LNGN0178,terminal,pagerank,60,54,0.007124422805794162,0.002771603917285244,0.3890285561142089,0.0,0.012106915178069565,0.09455257432838764,0.002197459810289172
LNGN0178,terminal,eigenvector,60,54,0.00027703281605653514,0.000943770837071456,3.406711343824542,0.0,0.007028389277894831,-0.026918770541709703,0.00042434502882944395
LNGN0178,terminal,share_monthly_network_flow,60,54,0.003977260072229468,0.002482013802783887,0.6240511703305801,0.0,0.010568167311609788,0.16323092177817566,0.002480372023232691
LNGN0180,terminal,node_throughput,60,4,13166.666666666666,52730.25911171593,4.004829805953109,0.0,315000.0,0.2646567960987831,18813.5593220339
LNGN0180,terminal,total_voyages,60,4,0.08333333333333333,0.334038801494609,4.008465617935308,0.0,2.0,0.2706149982482245,0.11864406779661017
LNGN0180,terminal,total_route_exposure,60,4,0.08333333333333333,0.334038801494609,4.008465617935308,0.0,2.0,0.2706149982482245,0.11864406779661017
LNGN0180,terminal,total_degree,60,4,0.06666666666666667,0.2515488742932317,3.7732331143984754,0.0,1.0,0.24447354870684074,0.0847457627118644
LNGN0180,terminal,total_strength,60,4,13166.666666666666,52730.25911171593,4.004829805953109,0.0,315000.0,0.2646567960987831,18813.5593220339
LNGN0180,terminal,betweenness,60,4,0.0,0.0,,0.0,0.0,,0.0
LNGN0180,terminal,pagerank,60,4,0.00041324053753439053,0.00158973892388539,3.8470062336347857,0.0,0.008097491084857909,0.17314010282615483,0.0005309240511281527
LNGN0180,terminal,eigenvector,60,4,2.699663488163133e-06,2.003955275574008e-05,7.4229817322065985,0.0,0.0001552681384513544,0.004060313818436082,5.3190248946972344e-06
LNGN0180,terminal,share_monthly_network_flow,60,4,0.00016182882178981308,0.0006396038251826998,3.9523480311401618,0.0,0.003398098903834884,0.14669473563238075,0.0002248987813911072
LNGN0181,terminal,node_throughput,60,57,679275.3166666667,358248.7724866425,0.5273984843798498,0.0,1746133.0,0.12568761162620107,367598.8474576271
LNGN0181,terminal,total_voyages,60,57,3.35,1.7449685539393793,0.5208861355042923,0.0,8.0,0.18800606210199572,1.7457627118644068
LNGN0181,terminal,total_route_exposure,60,57,2.3833333333333333,1.3288413031809132,0.5575557915444391,0.0,6.0,0.2680463220832698,1.271186440677966
LNGN0181,terminal,total_degree,60,57,1.6333333333333333,0.7122812876724768,0.4360905842892715,0.0,3.0,-0.06171493057570483,0.7627118644067796
LNGN0181,terminal,total_strength,60,57,679275.3166666667,358248.7724866425,0.5273984843798498,0.0,1746133.0,0.12568761162620107,367598.8474576271
LNGN0181,terminal,betweenness,60,57,0.0,0.0,,0.0,0.0,,0.0
LNGN0181,terminal,pagerank,60,57,0.013107780177152062,0.004768834861090804,0.3638171220938901,0.0,0.02350933660635217,0.14286694605765307,0.0045455247842522565
LNGN0181,terminal,eigenvector,60,57,0.007097926046038535,0.008168326168484381,1.150804631592809,0.0,0.03655367844058697,0.13823283806568473,0.006654732649056107
LNGN0181,terminal,share_monthly_network_flow,60,57,0.008068263688654811,0.004425814727481289,0.5485461182564779,0.0,0.020977251821652207,0.0871966391829493,0.004322129465062001
LNGN0182,terminal,node_throughput,60,14,43968.36666666667,89719.45966535319,2.0405456574162755,0.0,330200.0,0.5378237759922226,34679.661016949154
LNGN0182,terminal,total_voyages,60,14,0.31666666666666665,0.650727537210172,2.0549290648742273,0.0,3.0,0.5980926430517708,0.23728813559322035
LNGN0182,terminal,total_route_exposure,60,14,0.3,0.5908913118102865,1.9696377060342884,0.0,2.0,0.6099173553719012,0.2033898305084746
LNGN0182,terminal,total_degree,60,14,0.25,0.4738947891530785,1.895579156612314,0.0,2.0,0.6208226221079688,0.13559322033898305
LNGN0182,terminal,total_strength,60,14,43968.36666666667,89719.45966535319,2.0405456574162755,0.0,330200.0,0.5378237759922226,34679.661016949154
LNGN0182,terminal,betweenness,60,14,0.0,0.0,,0.0,0.0,,0.0
LNGN0182,terminal,pagerank,60,14,0.0019513343008122073,0.0036822881553115233,1.8870616653327101,0.0,0.011655052307942686,0.6246095653219188,0.001281634836955255
LNGN0182,terminal,eigenvector,60,14,1.2898641582670343e-06,4.174656273893068e-06,3.236508470397244,0.0,2.5383407121506613e-05,0.5744189450900639,1.426638713726664e-06
LNGN0182,terminal,share_monthly_network_flow,60,14,0.000388380483027333,0.0007832735075743878,2.0167684572328612,0.0,0.002768575150037866,0.5363729269058181,0.00032439652001097776
LNGN0186,terminal,node_throughput,60,53,422093.51666666666,345274.6064945738,0.818004998563487,0.0,1388723.0,0.5588283364097358,243642.45762711865
LNGN0186,terminal,total_voyages,60,53,2.55,2.0371548787463363,0.7988842661750339,0.0,8.0,0.5607536880591113,1.3898305084745763
LNGN0186,terminal,total_route_exposure,60,53,2.0833333333333335,1.499058084679489,0.7195478806461546,0.0,6.0,0.48007995823399996,1.1864406779661016
LNGN0186,terminal,total_degree,60,53,1.5333333333333334,0.9291269214473296,0.6059523400743453,0.0,4.0,0.1323529411764706,0.9491525423728814
LNGN0186,terminal,total_strength,60,53,422093.51666666666,345274.6064945738,0.818004998563487,0.0,1388723.0,0.5588283364097358,243642.45762711865
LNGN0186,terminal,betweenness,60,53,0.0,0.0,,0.0,0.0,,0.0
LNGN0186,terminal,pagerank,60,53,0.00876802244329015,0.004023405275434743,0.45887260228373494,0.0,0.016371424704796914,0.377753029703818,0.0030363750861963942
LNGN0186,terminal,eigenvector,60,53,0.001464283837698775,0.002663709350113201,1.8191209118987528,0.0,0.013533448006279633,0.41098351563748314,0.0017430340208942868
LNGN0186,terminal,share_monthly_network_flow,60,53,0.005052415165568462,0.004018595906370151,0.7953811740880575,0.0,0.016453024945225617,0.49220451587891434,0.002938994110443534
LNGN0190,terminal,node_throughput,60,4,9803.65,37202.8644759299,3.79479729242985,0.0,173400.0,0.5975586842907429,8221.57627118644
LNGN0190,terminal,total_voyages,60,4,0.06666666666666667,0.2515488742932317,3.7732331143984754,0.0,1.0,0.5513658758069174,0.05084745762711865
LNGN0190,terminal,total_route_exposure,60,4,0.06666666666666667,0.2515488742932317,3.7732331143984754,0.0,1.0,0.5513658758069174,0.05084745762711865
LNGN0190,terminal,total_degree,60,4,0.06666666666666667,0.2515488742932317,3.7732331143984754,0.0,1.0,0.5513658758069174,0.05084745762711865
LNGN0190,terminal,total_strength,60,4,9803.65,37202.8644759299,3.79479729242985,0.0,173400.0,0.5975586842907429,8221.57627118644
LNGN0190,terminal,betweenness,60,4,0.0,0.0,,0.0,0.0,,0.0
LNGN0190,terminal,pagerank,60,4,0.0008190565609706835,0.0032216531211568785,3.9333707520013275,0.0,0.01646647833701311,0.7456924476057726,0.0005859913086888819
LNGN0190,terminal,eigenvector,60,4,1.0768794246823266e-05,5.8507659397644276e-05,5.433074312372874,0.0,0.0004405156663872727,0.3052719103892746,1.563270902964857e-05
LNGN0190,terminal,share_monthly_network_flow,60,4,0.0001920372323087008,0.000762065936677471,3.9683238896738846,0.0,0.004339824365756193,0.679565644068652,0.0001675419944158286
LNGN0191,terminal,node_throughput,60,34,227778.2,274279.66510707187,1.204152395211973,0.0,1053500.0,0.6336352857178418,164713.08474576272
LNGN0191,terminal,total_voyages,60,34,1.3166666666666667,1.578367174599468,1.198759879442634,0.0,6.0,0.621265172735761,0.9491525423728814
LNGN0191,terminal,total_route_exposure,60,34,0.8,0.7983032854706414,0.9978791068383017,0.0,2.0,0.4857798165137611,0.5423728813559322
LNGN0191,terminal,total_degree,60,34,0.7833333333333333,0.7831199372753781,0.9997275795004826,0.0,2.0,0.4938036224976166,0.5084745762711864
LNGN0191,terminal,total_strength,60,34,227778.2,274279.66510707187,1.204152395211973,0.0,1053500.0,0.6336352857178418,164713.08474576272
LNGN0191,terminal,betweenness,60,34,0.0,0.0,,0.0,0.0,,0.0
LNGN0191,terminal,pagerank,60,34,0.0042219470711584136,0.0038646581487471747,0.9153734245386439,0.0,0.010980604638472547,0.4401416307251023,0.0025356141709777604
LNGN0191,terminal,eigenvector,60,34,0.012567720184688784,0.0192979728422406,1.5355189770815603,0.0,0.09043343049694136,0.5962167402573716,0.01082967524823942
LNGN0191,terminal,share_monthly_network_flow,60,34,0.0027135871075321372,0.003775422641059201,1.3913032791833784,0.0,0.016932550218553034,0.6878120973493896,0.001986390250427842
LNGN0195,terminal,node_throughput,60,52,532445.4833333333,368483.4383521832,0.6920585297208673,0.0,1541981.0,0.6202497863100642,257734.30508474575
LNGN0195,terminal,total_voyages,60,52,3.05,2.150482799556053,0.7050763277232962,0.0,9.0,0.6425596365013252,1.3898305084745763
LNGN0195,terminal,total_route_exposure,60,52,2.4,1.6793864900763156,0.6997443708651315,0.0,6.0,0.5134020618556699,1.2203389830508475
LNGN0195,terminal,total_degree,60,52,1.8833333333333333,1.2363377667313769,0.6564625310078107,0.0,5.0,0.4630261660978389,0.8813559322033898
LNGN0195,terminal,total_strength,60,52,532445.4833333333,368483.4383521832,0.6920585297208673,0.0,1541981.0,0.6202497863100642,257734.30508474575
LNGN0195,terminal,betweenness,60,52,0.0,0.0,,0.0,0.0,,0.0
LNGN0195,terminal,pagerank,60,52,0.0104542096775524,0.0058027997005285804,0.5550682337076642,0.0,0.025446948933990063,0.1769887463875218,0.005141946454086959
LNGN0195,terminal,eigenvector,60,52,0.013010419995406653,0.01163721446597026,0.8944534050460166,0.0,0.04367379830566684,0.4863902420369892,0.008512909207477848
LNGN0195,terminal,share_monthly_network_flow,60,52,0.005819897348928854,0.0034560012509822426,0.5938251216094587,0.0,0.01258581602238128,0.31064218482881006,0.00318787561246596
LNGN0199,terminal,node_throughput,60,15,42856.066666666666,79475.45599591229,1.8544738744708011,0.0,302615.0,-0.022778462921151828,64618.47457627119
LNGN0199,terminal,total_voyages,60,15,0.3,0.5614750549117348,1.8715835163724492,0.0,2.0,-0.026556776556776573,0.4406779661016949
LNGN0199,terminal,total_route_exposure,60,15,0.26666666666666666,0.482460735792998,1.8092277592237425,0.0,2.0,0.04838709677419345,0.3728813559322034
LNGN0199,terminal,total_degree,60,15,0.26666666666666666,0.482460735792998,1.8092277592237425,0.0,2.0,0.04838709677419345,0.3728813559322034
LNGN0199,terminal,total_strength,60,15,42856.066666666666,79475.45599591229,1.8544738744708011,0.0,302615.0,-0.022778462921151828,64618.47457627119
LNGN0199,terminal,betweenness,60,15,0.0,0.0,,0.0,0.0,,0.0
LNGN0199,terminal,pagerank,60,15,0.002159790924562539,0.003925375711214888,1.8174794914512222,0.0,0.015050405545338277,0.0642833182915257,0.003102502008603576
LNGN0199,terminal,eigenvector,60,15,8.925928464604072e-06,5.4132274288570226e-05,6.064609917414499,0.0,0.00041635726167615786,-0.026380872677435416,1.7652140493698187e-05
LNGN0199,terminal,share_monthly_network_flow,60,15,0.0005358657661054753,0.0010193009604937033,1.90215726580502,0.0,0.004025675459161001,-0.02017651925434036,0.0008388661127175088
LNGN0206,terminal,node_throughput,60,16,80522.18333333333,157794.18898190558,1.9596362449425084,0.0,550152.0,0.4440732004901208,82713.74576271187
LNGN0206,terminal,total_voyages,60,16,0.4666666666666667,0.9107022186606588,1.9515047542728403,0.0,3.0,0.45492227829962373,0.4745762711864407
LNGN0206,terminal,total_route_exposure,60,16,0.43333333333333335,0.83090040331317,1.9174624691842386,0.0,3.0,0.4425302665770299,0.4406779661016949
LNGN0206,terminal,total_degree,60,16,0.26666666666666666,0.4459484908564836,1.6723068407118133,0.0,1.0,0.5193998949565757,0.1864406779661017
LNGN0206,terminal,total_strength,60,16,80522.18333333333,157794.18898190558,1.9596362449425084,0.0,550152.0,0.4440732004901208,82713.74576271187
LNGN0206,terminal,betweenness,60,16,0.0,0.0,,0.0,0.0,,0.0
LNGN0206,terminal,pagerank,60,16,0.0015812045700466465,0.002687777602704878,1.6998291388859235,0.0,0.008097491084857909,0.5618570996976656,0.001107823508492075
LNGN0206,terminal,eigenvector,60,16,0.006985147768600186,0.015962671111654697,2.285230268629463,0.0,0.08937871936989192,0.44822518358225044,0.007882328475059347
LNGN0206,terminal,share_monthly_network_flow,60,16,0.0009882249169983765,0.0023099922849095914,2.3375167385233886,0.0,0.01290339405800458,0.4842392622912247,0.001032427279681969
LNGN0207,terminal,node_throughput,60,50,216981.3,180232.78814038698,0.8306374242406465,0.0,702400.0,0.564786615483324,124061.71186440678
LNGN0207,terminal,total_voyages,60,50,1.5333333333333334,1.1419084036208365,0.7447228719266324,0.0,4.0,0.4197613142287537,0.864406779661017
LNGN0207,terminal,total_route_exposure,60,50,1.2333333333333334,0.8899946041860176,0.7216172466373115,0.0,4.0,0.47225057620314054,0.6271186440677966
LNGN0207,terminal,total_degree,60,50,0.8833333333333333,0.45441960250548497,0.514437285855266,0.0,2.0,0.004411802870432041,0.3220338983050847
LNGN0207,terminal,total_strength,60,50,216981.3,180232.78814038698,0.8306374242406465,0.0,702400.0,0.564786615483324,124061.71186440678
LNGN0207,terminal,betweenness,60,50,0.0,0.0,,0.0,0.0,,0.0
LNGN0207,terminal,pagerank,60,50,0.008838966402231507,0.004718669694313074,0.5338485835992981,0.0,0.01731285286642292,0.21583492752970912,0.004206433286038474
LNGN0207,terminal,eigenvector,60,50,1.0573424828121983e-05,2.516250102294425e-05,2.3797871959159265,0.0,0.00014371498926649237,-0.025532597596937125,1.6027348577635012e-05
LNGN0207,terminal,share_monthly_network_flow,60,50,0.0024225332095411433,0.001815110701342819,0.7492614318738783,0.0,0.006765550165311942,0.47237176474311365,0.0014259092200971017
LNGN0208,terminal,node_throughput,60,32,304346.1666666667,414768.50610345736,1.3628182363726962,0.0,1718400.0,0.5384765977562405,260412.89830508476
LNGN0208,terminal,total_voyages,60,32,1.3166666666666667,1.7122852869644132,1.3004698382008202,0.0,7.0,0.5082884044585907,1.1355932203389831
LNGN0208,terminal,total_route_exposure,60,32,0.7333333333333333,0.8206377566768517,1.1190514863775252,0.0,3.0,0.3026710027412492,0.6610169491525424
LNGN0208,terminal,total_degree,60,32,0.6666666666666666,0.7287478619712606,1.093121792956891,0.0,3.0,0.21124768861169843,0.5932203389830508
LNGN0208,terminal,total_strength,60,32,304346.1666666667,414768.50610345736,1.3628182363726962,0.0,1718400.0,0.5384765977562405,260412.89830508476
LNGN0208,terminal,betweenness,60,32,0.0,0.0,,0.0,0.0,,0.0
LNGN0208,terminal,pagerank,60,32,0.0045451173353575625,0.0046276127671307935,1.0181503414953623,0.0,0.016375898267898373,0.3627990374242345,0.003567970467375057
LNGN0208,terminal,eigenvector,60,32,0.024536226877659707,0.04369424049286062,1.780805203290826,0.0,0.1942397380661004,0.5880794968658248,0.02101543693593869
LNGN0208,terminal,share_monthly_network_flow,60,32,0.003834279499137266,0.006278518331639099,1.6374701773962488,0.0,0.028049925973477285,0.5952393758538228,0.0031903067077573895
LNGN0210,terminal,node_throughput,60,45,280608.38333333336,251160.21010158892,0.8950559748717019,0.0,946659.0,0.3960438486687026,205361.01694915254
LNGN0210,terminal,total_voyages,60,45,1.5333333333333334,1.320845474823449,0.8614209618413797,0.0,5.0,0.24709363257889885,1.1694915254237288
LNGN0210,terminal,total_route_exposure,60,45,0.9333333333333333,0.6856066636017631,0.7345785681447462,0.0,3.0,0.32240229122338093,0.559322033898305
LNGN0210,terminal,total_degree,60,45,0.9166666666666666,0.6712413662397546,0.7322633086251868,0.0,3.0,0.2929742963442531,0.559322033898305
LNGN0210,terminal,total_strength,60,45,280608.38333333336,251160.21010158892,0.8950559748717019,0.0,946659.0,0.3960438486687026,205361.01694915254
LNGN0210,terminal,betweenness,60,45,0.0,0.0,,0.0,0.0,,0.0
LNGN0210,terminal,pagerank,60,45,0.00669271305819019,0.0042210360178434065,0.6306913177277076,0.0,0.013196642732774372,0.16644871919069937,0.003886150778870535
LNGN0210,terminal,eigenvector,60,45,0.0030676145000198105,0.003927255797407123,1.280231201600384,0.0,0.020066668908682944,0.049946104966796086,0.003428296416275716
LNGN0210,terminal,share_monthly_network_flow,60,45,0.003221507784929073,0.0029869743658996863,0.9271976246257775,0.0,0.013363150150634507,0.2624014172614085,0.0025933898990881696
LNGN0212,terminal,node_throughput,60,4,10373.833333333334,39170.997993874975,3.775942482901689,0.0,165000.0,-0.07262281525554931,21099.322033898305
LNGN0212,terminal,total_voyages,60,4,0.06666666666666667,0.2515488742932317,3.7732331143984754,0.0,1.0,-0.07272727272727274,0.13559322033898305
LNGN0212,terminal,total_route_exposure,60,4,0.06666666666666667,0.2515488742932317,3.7732331143984754,0.0,1.0,-0.07272727272727274,0.13559322033898305
LNGN0212,terminal,total_degree,60,4,0.06666666666666667,0.2515488742932317,3.7732331143984754,0.0,1.0,-0.07272727272727274,0.13559322033898305
LNGN0212,terminal,total_strength,60,4,10373.833333333334,39170.997993874975,3.775942482901689,0.0,165000.0,-0.07262281525554931,21099.322033898305
LNGN0212,terminal,betweenness,60,4,0.0,0.0,,0.0,0.0,,0.0
LNGN0212,terminal,pagerank,60,4,0.0005942555415239089,0.0023041008165438433,3.877289575853525,0.0,0.01227430883574085,-0.06887160845747912,0.001208655338692696
LNGN0212,terminal,eigenvector,60,4,6.138165294626654e-08,3.5518509688824374e-07,5.786502641093301,0.0,2.5075651924671474e-06,-0.030902227562185382,1.2484403989071162e-07
LNGN0212,terminal,share_monthly_network_flow,60,4,0.00012634295769969282,0.0005116372539077789,4.049590600244614,0.0,0.003107379276243532,-0.06312958653645578,0.000256968727524799
LNGN0219,terminal,node_throughput,60,3,8505.7,37405.890820084314,4.397743962294028,0.0,174000.0,0.3122871003339215,11421.762711864407
LNGN0219,terminal,total_voyages,60,3,0.05,0.21978417765108277,4.395683553021655,0.0,1.0,0.2976190476190478,0.06779661016949153
LNGN0219,terminal,total_route_exposure,60,3,0.05,0.21978417765108277,4.395683553021655,0.0,1.0,0.2976190476190478,0.06779661016949153
LNGN0219,terminal,total_degree,60,3,0.05,0.21978417765108277,4.395683553021655,0.0,1.0,0.2976190476190478,0.06779661016949153
LNGN0219,terminal,total_strength,60,3,8505.7,37405.890820084314,4.397743962294028,0.0,174000.0,0.3122871003339215,11421.762711864407
LNGN0219,terminal,betweenness,60,3,0.0,0.0,,0.0,0.0,,0.0
LNGN0219,terminal,pagerank,60,3,0.0002835414919781195,0.0012476899867694265,4.400378858363731,0.0,0.006028134822107515,0.27522710989919924,0.00039210921934895574
LNGN0219,terminal,eigenvector,60,3,2.135004489018061e-06,1.0280671233390725e-05,4.8152925608690635,0.0,6.647480657074635e-05,0.09235796881700603,3.6296583705630373e-06
LNGN0219,terminal,share_monthly_network_flow,60,3,7.108591828085632e-05,0.00031378300117300986,4.414137268836727,0.0,0.001544857096590068,0.3390963715701133,9.463027945529286e-05
LNGN0222,terminal,node_throughput,60,28,14193.8,18721.9238995808,1.3190212557300232,0.0,68907.0,0.04392249889834922,17717.254237288136
LNGN0222,terminal,total_voyages,60,28,0.7333333333333333,0.9363953001762078,1.2769026820584652,0.0,3.0,0.07262799374641524,0.8813559322033898
LNGN0222,terminal,total_route_exposure,60,28,0.5666666666666667,0.6731324866865128,1.187880858858552,0.0,2.0,0.18822084763175415,0.5932203389830508
LNGN0222,terminal,total_degree,60,28,0.5666666666666667,0.6731324866865128,1.187880858858552,0.0,2.0,0.18822084763175415,0.5932203389830508
LNGN0222,terminal,total_strength,60,28,14193.8,18721.9238995808,1.3190212557300232,0.0,68907.0,0.04392249889834922,17717.254237288136
LNGN0222,terminal,betweenness,60,28,0.0,0.0,,0.0,0.0,,0.0
LNGN0222,terminal,pagerank,60,28,0.004470433398350846,0.0052143802672536335,1.1664149317552146,0.0,0.014702595536002082,0.21691486112045563,0.004630217024888965
LNGN0222,terminal,eigenvector,60,28,5.663008449038797e-07,2.0050191066316764e-06,3.5405546798574803,0.0,1.4918510996521703e-05,0.08035012132783817,8.791836100927335e-07
LNGN0222,terminal,share_monthly_network_flow,60,28,0.00019294645183893207,0.00026911374729329617,1.3947587256901053,0.0,0.0012041188858452057,0.20915476707183947,0.0002231300364132689
LNGN0230,terminal,node_throughput,60,55,690575.8833333333,449205.3777895141,0.6504793877556938,0.0,1620620.0,0.5019620681246539,340621.66101694916
LNGN0230,terminal,total_voyages,60,55,3.65,2.4134158927102556,0.6612098336192481,0.0,9.0,0.4715728786385504,1.8305084745762712
LNGN0230,terminal,total_route_exposure,60,55,2.5166666666666666,1.6102601818052091,0.6398384828365069,0.0,6.0,0.40034480162217506,1.3559322033898304
LNGN0230,terminal,total_degree,60,55,2.066666666666667,1.2194284110670515,0.5900460053550248,0.0,5.0,0.331509396707381,1.0508474576271187
LNGN0230,terminal,total_strength,60,55,690575.8833333333,449205.3777895141,0.6504793877556938,0.0,1620620.0,0.5019620681246539,340621.66101694916
LNGN0230,terminal,betweenness,60,55,0.0,0.0,,0.0,0.0,,0.0
LNGN0230,terminal,pagerank,60,55,0.011437773871320916,0.006278242932168494,0.5489042713032267,0.0,0.03403336859577364,0.4430460691986977,0.0048260406728983865
LNGN0230,terminal,eigenvector,60,55,0.01754229963777306,0.0217876187550568,1.24200470890045,0.0,0.1269190501500439,0.44274403933233886,0.014256813111299536
LNGN0230,terminal,share_monthly_network_flow,60,55,0.008554951108282114,0.007028828301862911,0.8216094064007272,0.0,0.03415902287778209,0.6711013439795109,0.00422379503205338
LNGN0232,terminal,node_throughput,60,54,365435.98333333334,229692.96698179079,0.6285450187106391,0.0,973258.0,0.3917129447387705,183042.4745762712
LNGN0232,terminal,total_voyages,60,54,2.1666666666666665,1.3920679248314836,0.6424928883837617,0.0,6.0,0.4148343531245057,1.0338983050847457
LNGN0232,terminal,total_route_exposure,60,54,1.6833333333333333,0.999858747085954,0.5939754933183885,0.0,4.0,0.4293986433108797,0.7288135593220338
LNGN0232,terminal,total_degree,60,54,1.45,0.7903013799725018,0.5450354344637944,0.0,3.0,0.3580364734854879,0.559322033898305
LNGN0232,terminal,total_strength,60,54,365435.98333333334,229692.96698179079,0.6285450187106391,0.0,973258.0,0.3917129447387705,183042.4745762712
LNGN0232,terminal,betweenness,60,54,0.0,0.0,,0.0,0.0,,0.0
LNGN0232,terminal,pagerank,60,54,0.008563984501378468,0.003658213001712836,0.42716249674716317,0.0,0.017179234108573943,0.4850545368865403,0.002498384895722402
LNGN0232,terminal,eigenvector,60,54,0.0014796717668700045,0.003104388951360483,2.09802540054359,0.0,0.014755278850203318,0.29505064086915167,0.0019099282544948627
LNGN0232,terminal,share_monthly_network_flow,60,54,0.004275054952885635,0.002831717900893893,0.662381637686903,0.0,0.01686608689830405,0.3663674976689876,0.0022143545022538587
LNGN0237,terminal,node_throughput,60,25,82281.06666666667,110932.50628271667,1.3482142463237796,0.0,503172.0,-0.1232298573092908,115134.37288135593
LNGN0237,terminal,total_voyages,60,25,0.48333333333333334,0.650727537210172,1.3463328356072524,0.0,3.0,-0.13305898491083676,0.6779661016949152
LNGN0237,terminal,total_route_exposure,60,25,0.48333333333333334,0.650727537210172,1.3463328356072524,0.0,3.0,-0.13305898491083676,0.6779661016949152
LNGN0237,terminal,total_degree,60,25,0.4166666666666667,0.4971671160112441,1.1932010784269858,0.0,1.0,-0.12380952380952384,0.5423728813559322
LNGN0237,terminal,total_strength,60,25,82281.06666666667,110932.50628271667,1.3482142463237796,0.0,503172.0,-0.1232298573092908,115134.37288135593
LNGN0237,terminal,betweenness,60,25,0.0,0.0,,0.0,0.0,,0.0
LNGN0237,terminal,pagerank,60,25,0.003778808314817484,0.004827851825457767,1.2776122584802112,0.0,0.01780199205676805,-0.0935954846308472,0.005009889592213843
LNGN0237,terminal,eigenvector,60,25,5.3463985950897964e-05,0.0001975531323314878,3.695069284825176,0.0,0.0014417072734096504,0.24011620570100747,8.647484732463222e-05
LNGN0237,terminal,share_monthly_network_flow,60,25,0.0010038897523171136,0.0013251687110032255,1.32003410528353,0.0,0.004092897579144934,-0.040241765546470895,0.0013309735446025018
LNGN0238,terminal,node_throughput,60,16,94745.71666666666,181788.88116397703,1.9187028982380774,0.0,789335.0,0.371494736469237,96215.50847457627
LNGN0238,terminal,total_voyages,60,16,0.48333333333333334,0.9295828600965653,1.923274882958411,0.0,4.0,0.44650246821438855,0.4406779661016949
LNGN0238,terminal,total_route_exposure,60,16,0.4166666666666667,0.7874366623260193,1.8898479895824463,0.0,3.0,0.5063706490292794,0.3559322033898305
LNGN0238,terminal,total_degree,60,16,0.26666666666666666,0.4459484908564836,1.6723068407118133,0.0,1.0,0.5193998949565758,0.1864406779661017
LNGN0238,terminal,total_strength,60,16,94745.71666666666,181788.88116397703,1.9187028982380774,0.0,789335.0,0.371494736469237,96215.50847457627
LNGN0238,terminal,betweenness,60,16,0.0,0.0,,0.0,0.0,,0.0
LNGN0238,terminal,pagerank,60,16,0.0020693600038555137,0.0036792105397800002,1.7779460958581903,0.0,0.014827906963064328,0.4912544303245553,0.001601459242892669
LNGN0238,terminal,eigenvector,60,16,0.004720086006954501,0.010295028117629624,2.1811102811391763,0.0,0.055519928868609666,0.32926369761330787,0.0043819967595340095
LNGN0238,terminal,share_monthly_network_flow,60,16,0.0012201446652626948,0.0028673935423714466,2.3500439120094847,0.0,0.016763989989115678,0.31615433598914144,0.0011501076915692685
LNGN0241,terminal,node_throughput,60,13,30147.7,58176.340716794926,1.9297107479772893,0.0,155000.0,0.09180291228919793,44181.05084745763
LNGN0241,terminal,total_voyages,60,13,0.21666666666666667,0.41545020165658497,1.9174624691842383,0.0,1.0,0.11204013377926411,0.3050847457627119
LNGN0241,terminal,total_route_exposure,60,13,0.21666666666666667,0.41545020165658497,1.9174624691842383,0.0,1.0,0.11204013377926411,0.3050847457627119
LNGN0241,terminal,total_degree,60,13,0.21666666666666667,0.41545020165658497,1.9174624691842383,0.0,1.0,0.11204013377926411,0.3050847457627119
LNGN0241,terminal,total_strength,60,13,30147.7,58176.340716794926,1.9297107479772893,0.0,155000.0,0.09180291228919793,44181.05084745763
LNGN0241,terminal,betweenness,60,13,0.0,0.0,,0.0,0.0,,0.0
LNGN0241,terminal,pagerank,60,13,0.0018447659993503136,0.003571112910020168,1.9358080706592795,0.0,0.009980533946228894,0.18284843790799643,0.0025003378997959743
LNGN0241,terminal,eigenvector,60,13,3.725462094481511e-06,1.7999042062128017e-05,4.831358259902796,0.0,0.00011805889691542865,-0.04286697844123369,7.44328347558492e-06
LNGN0241,terminal,share_monthly_network_flow,60,13,0.00042207412339336143,0.0008390873767208921,1.9880095230071373,0.0,0.0027435523945781148,0.28572106645003714,0.0005606901997607999
LNGN0243,terminal,node_throughput,60,1,2900.0,22463.30340800302,7.745966692414834,0.0,174000.0,-0.017241379310344834,5898.3050847457625
LNGN0243,terminal,total_voyages,60,1,0.016666666666666666,0.12909944487358058,7.745966692414835,0.0,1.0,-0.01724137931034484,0.03389830508474576
LNGN0243,terminal,total_route_exposure,60,1,0.016666666666666666,0.12909944487358058,7.745966692414835,0.0,1.0,-0.01724137931034484,0.03389830508474576
LNGN0243,terminal,total_degree,60,1,0.016666666666666666,0.12909944487358058,7.745966692414835,0.0,1.0,-0.01724137931034484,0.03389830508474576
LNGN0243,terminal,total_strength,60,1,2900.0,22463.30340800302,7.745966692414834,0.0,174000.0,-0.017241379310344834,5898.3050847457625
LNGN0243,terminal,betweenness,60,1,0.0,0.0,,0.0,0.0,,0.0
LNGN0243,terminal,pagerank,60,1,0.0002625456385852445,0.002033669771720087,7.745966692414834,0.0,0.01575273831511467,-0.01724137931034484,0.000533991129325921
LNGN0243,terminal,eigenvector,60,1,2.3746764921821067e-292,0.0,,0.0,1.424805895309264e-290,,4.829850492573776e-292
LNGN0243,terminal,share_monthly_network_flow,60,1,4.34349548520604e-05,0.00033644571357060185,7.745966692414832,0.0,0.002606097291123624,-0.017241379310344817,8.834228105503809e-05
LNGN0244,terminal,node_throughput,60,59,779335.95,382375.40673489374,0.49064258710879916,0.0,1723123.0,0.4500161156508313,302537.69491525425
LNGN0244,terminal,total_voyages,60,59,4.633333333333334,2.2471576522630303,0.4849980544452583,0.0,10.0,0.4155692809695839,1.8305084745762712
LNGN0244,terminal,total_route_exposure,60,59,2.216666666666667,1.00997846371848,0.45562938212863763,0.0,5.0,0.3182074408117249,0.8813559322033898
LNGN0244,terminal,total_degree,60,59,2.0833333333333335,0.9259290646525583,0.444445951033228,0.0,4.0,0.2899492112086386,0.7966101694915254
LNGN0244,terminal,total_strength,60,59,779335.95,382375.40673489374,0.49064258710879916,0.0,1723123.0,0.4500161156508313,302537.69491525425
LNGN0244,terminal,betweenness,60,59,0.0,0.0,,0.0,0.0,,0.0
LNGN0244,terminal,pagerank,60,59,0.010151710396985408,0.0027123959247343813,0.2671861015203742,0.0,0.017050758003960352,0.5621063209669874,0.0018280977192741735
LNGN0244,terminal,eigenvector,60,59,0.0007024968528169269,0.001327077676274483,1.8890870058037457,0.0,0.009144470628831437,0.06398934646220325,0.0009043103233555767
LNGN0244,terminal,share_monthly_network_flow,60,59,0.009180542181206973,0.004159137842828037,0.45303836753149496,0.0,0.019782898235570372,0.39605805348356427,0.003688237851618935
LNGN0248,terminal,node_throughput,60,43,198001.83333333334,171429.55143703768,0.8657977986922899,0.0,688000.0,0.16291092987409936,155102.0338983051
LNGN0248,terminal,total_voyages,60,43,1.1833333333333333,1.0166689821220276,0.859156886300305,0.0,4.0,0.1605008537279453,0.9152542372881356
LNGN0248,terminal,total_route_exposure,60,43,0.9666666666666667,0.7583806715217979,0.7845317291604805,0.0,3.0,0.2420349434737928,0.6101694915254238
LNGN0248,terminal,total_degree,60,43,0.9666666666666667,0.7583806715217979,0.7845317291604805,0.0,3.0,0.2420349434737928,0.6101694915254238
LNGN0248,terminal,total_strength,60,43,198001.83333333334,171429.55143703768,0.8657977986922899,0.0,688000.0,0.16291092987409936,155102.0338983051
LNGN0248,terminal,betweenness,60,43,0.0,0.0,,0.0,0.0,,0.0
LNGN0248,terminal,pagerank,60,43,0.00494431638691438,0.0032381080535187974,0.654915219844905,0.0,0.009181424428198163,0.5182121925970193,0.001578397378787796
LNGN0248,terminal,eigenvector,60,43,6.508885285698e-05,0.00012195163702646569,1.8736178573377307,0.0,0.0005953033967263097,0.0697774001985024,9.411797033523138e-05
LNGN0248,terminal,share_monthly_network_flow,60,43,0.0021227147701041605,0.0017599137308191455,0.8290862981712741,0.0,0.005892593965945471,0.142706034102438,0.0016598302687268651
LNGN0250,terminal,node_throughput,60,9,24993.133333333335,60159.80183925021,2.4070532108519225,0.0,180000.0,0.5182834368960174,20962.57627118644
LNGN0250,terminal,total_voyages,60,9,0.15,0.3600847357902755,2.4005649052685034,0.0,1.0,0.5204374312304108,0.11864406779661017
LNGN0250,terminal,total_route_exposure,60,9,0.15,0.3600847357902755,2.4005649052685034,0.0,1.0,0.5204374312304108,0.11864406779661017
LNGN0250,terminal,total_degree,60,9,0.15,0.3600847357902755,2.4005649052685034,0.0,1.0,0.5204374312304108,0.11864406779661017
LNGN0250,terminal,total_strength,60,9,24993.133333333335,60159.80183925021,2.4070532108519225,0.0,180000.0,0.5182834368960174,20962.57627118644
LNGN0250,terminal,betweenness,60,9,0.0,0.0,,0.0,0.0,,0.0
LNGN0250,terminal,pagerank,60,9,0.0012183941097048683,0.003016627172429806,2.4759042648035487,0.0,0.012189927577295171,0.4507850142742402,0.001106367634597597
LNGN0250,terminal,eigenvector,60,9,5.452224593414632e-07,1.7729292997003437e-06,3.2517539755089024,0.0,1.1394281747366107e-05,0.5029892425871,6.276992980047388e-07
LNGN0250,terminal,share_monthly_network_flow,60,9,0.0002763546706512971,0.0007153843824631905,2.5886458903597065,0.0,0.0031264208964732853,0.44086112038181996,0.0002544964609456315
LNGN0251,terminal,node_throughput,60,26,82361.86666666667,103466.14226762604,1.2562384323605993,0.0,353300.0,-0.030447352972933054,104290.94915254238
LNGN0251,terminal,total_voyages,60,26,0.48333333333333334,0.5963637459756622,1.2338560261565426,0.0,2.0,-0.012254901960784248,0.576271186440678
LNGN0251,terminal,total_route_exposure,60,26,0.48333333333333334,0.5963637459756622,1.2338560261565426,0.0,2.0,-0.012254901960784248,0.576271186440678
LNGN0251,terminal,total_degree,60,26,0.45,0.5344092255369317,1.187576056748737,0.0,2.0,-0.02138492871690423,0.5084745762711864
LNGN0251,terminal,total_strength,60,26,82361.86666666667,103466.14226762604,1.2562384323605993,0.0,353300.0,-0.030447352972933054,104290.94915254238
LNGN0251,terminal,betweenness,60,26,0.0,0.0,,0.0,0.0,,0.0
LNGN0251,terminal,pagerank,60,26,0.0033961682648824152,0.004069072135538943,1.1981361988493304,0.0,0.01312041349720294,0.04492442927761613,0.0038811796604911616
LNGN0251,terminal,eigenvector,60,26,0.0038905719588362237,0.007936801674108273,2.0400089647698962,0.0,0.035733355575138494,0.07181052381489335,0.006076343400803375
LNGN0251,terminal,share_monthly_network_flow,60,26,0.001020520189682496,0.001456890581985492,1.4275960404455688,0.0,0.006826689577652638,0.05580658379349263,0.0013139771847672532
LNGN0253,terminal,node_throughput,60,2,8680.0,49784.923182336905,5.735590228379828,0.0,347400.0,-0.03145356338651323,17654.237288135595
LNGN0253,terminal,total_voyages,60,2,0.05,0.28671133537149956,5.734226707429991,0.0,2.0,-0.03146853146853146,0.1016949152542373
LNGN0253,terminal,total_route_exposure,60,2,0.05,0.28671133537149956,5.734226707429991,0.0,2.0,-0.03146853146853146,0.1016949152542373
LNGN0253,terminal,total_degree,60,2,0.03333333333333333,0.1810203347193925,5.430610041581775,0.0,1.0,-0.0350877192982456,0.06779661016949153
LNGN0253,terminal,total_strength,60,2,8680.0,49784.923182336905,5.735590228379828,0.0,347400.0,-0.03145356338651323,17654.237288135595
LNGN0253,terminal,betweenness,60,2,0.0,0.0,,0.0,0.0,,0.0
LNGN0253,terminal,pagerank,60,2,0.0004515691396762307,0.002465965976318111,5.460882420101111,0.0,0.014955397062598772,-0.034699555954766044,0.0009184457078160624
LNGN0253,terminal,eigenvector,60,2,2.544181834441011e-06,1.3819085410180179e-05,5.431642197546154,0.0,7.778861483312677e-05,-0.035074377577523005,5.1746071208969714e-06
LNGN0253,terminal,share_monthly_network_flow,60,2,0.000123280315320041,0.0007245503623502785,5.877259159090522,0.0,0.0052032080398640625,-0.02995474039631115,0.0002507396243797444
LNGN0258,terminal,node_throughput,60,11,32907.0,73136.88611762912,2.2225327777563777,0.0,332000.0,-0.12869554196256536,61505.76271186441
LNGN0258,terminal,total_voyages,60,11,0.2,0.44340745313032964,2.217037265651648,0.0,2.0,-0.1246334310850439,0.3728813559322034
LNGN0258,terminal,total_route_exposure,60,11,0.2,0.44340745313032964,2.217037265651648,0.0,2.0,-0.1246334310850439,0.3728813559322034
LNGN0258,terminal,total_degree,60,11,0.2,0.44340745313032964,2.217037265651648,0.0,2.0,-0.1246334310850439,0.3728813559322034
LNGN0258,terminal,total_strength,60,11,32907.0,73136.88611762912,2.2225327777563777,0.0,332000.0,-0.12869554196256536,61505.76271186441
LNGN0258,terminal,betweenness,60,11,0.0,0.0,,0.0,0.0,,0.0
LNGN0258,terminal,pagerank,60,11,0.0013965958139808788,0.0030281047126286638,2.168204058980605,0.0,0.01010028917989739,-0.14834044186523646,0.0026286965214964565
LNGN0258,terminal,eigenvector,60,11,3.0441901019977883e-06,9.079157693527843e-06,2.9824542454065304,0.0,4.8248772952986335e-05,-0.08271406775622427,5.935985590345608e-06
LNGN0258,terminal,share_monthly_network_flow,60,11,0.00034516856544704734,0.000770920724950766,2.233461566676279,0.0,0.0028544873719404157,-0.15622350966551307,0.000657244880931117
LNGN0261,terminal,node_throughput,60,59,1602711.0,635527.2992642956,0.39653268696870214,0.0,3513041.0,0.5267482238085498,474831.83050847455
LNGN0261,terminal,total_voyages,60,59,10.333333333333334,4.156541369719793,0.4022459390051413,0.0,22.0,0.5373507386854244,3.0677966101694913
LNGN0261,terminal,total_route_exposure,60,59,7.816666666666666,2.937147622812325,0.37575449332353844,0.0,18.0,0.5880226107047787,1.9322033898305084
LNGN0261,terminal,total_degree,60,59,4.616666666666666,1.290009416161491,0.27942442227324715,0.0,7.0,0.3967071057192379,1.0847457627118644
LNGN0261,terminal,total_strength,60,59,1602711.0,635527.2992642956,0.39653268696870214,0.0,3513041.0,0.5267482238085498,474831.83050847455
LNGN0261,terminal,betweenness,60,59,0.0,0.0,,0.0,0.0,,0.0
LNGN0261,terminal,pagerank,60,59,0.006362651441835658,0.0011449597102808076,0.1799500916791508,0.0,0.008097491084857909,0.2547698489605818,0.000576338413867695
LNGN0261,terminal,eigenvector,60,59,0.002210277377219716,0.0023808435815402497,1.077169592413368,0.0,0.012086442915465023,-0.10098256772473747,0.002509540793621875
LNGN0261,terminal,share_monthly_network_flow,60,59,0.01880701243072199,0.0073686000105158715,0.3918006667810234,0.0,0.0434106375814225,0.4883243940022178,0.006317255059223955
LNGN0262,terminal,node_throughput,60,1,2300.0,17815.72339255412,7.745966692414834,0.0,138000.0,-0.017241379310344827,4677.966101694915
LNGN0262,terminal,total_voyages,60,1,0.016666666666666666,0.12909944487358058,7.745966692414835,0.0,1.0,-0.017241379310344834,0.03389830508474576
LNGN0262,terminal,total_route_exposure,60,1,0.016666666666666666,0.12909944487358058,7.745966692414835,0.0,1.0,-0.017241379310344834,0.03389830508474576
LNGN0262,terminal,total_degree,60,1,0.016666666666666666,0.12909944487358058,7.745966692414835,0.0,1.0,-0.017241379310344834,0.03389830508474576
LNGN0262,terminal,total_strength,60,1,2300.0,17815.72339255412,7.745966692414834,0.0,138000.0,-0.017241379310344827,4677.966101694915
LNGN0262,terminal,betweenness,60,1,0.0,0.0,,0.0,0.0,,0.0
LNGN0262,terminal,pagerank,60,1,0.00011327613639382559,0.0008774331795520129,7.745966692414835,0.0,0.006796568183629535,-0.01724137931034482,0.00023039214181795034
LNGN0262,terminal,eigenvector,60,1,5.460426810331933e-07,4.2296284199200124e-06,7.745966692414834,0.0,3.27625608619916e-05,-0.01724137931034486,1.1105952834573423e-06
LNGN0262,terminal,share_monthly_network_flow,60,1,2.1179516950285108e-05,0.0001640558328583438,7.745966692414831,0.0,0.0012707710170171064,-0.01724137931034481,4.3076983627698524e-05
LNGN0268,terminal,node_throughput,60,10,29430.95,70959.68809583703,2.411056662997186,0.0,312273.0,0.4358643904704482,31736.237288135595
LNGN0268,terminal,total_voyages,60,10,0.2,0.4801129810537007,2.4005649052685034,0.0,2.0,0.48374999999999996,0.2033898305084746
LNGN0268,terminal,total_route_exposure,60,10,0.18333333333333332,0.4314605336417173,2.3534210925911854,0.0,2.0,0.5433436532507742,0.1694915254237288
LNGN0268,terminal,total_degree,60,10,0.18333333333333332,0.4314605336417173,2.3534210925911854,0.0,2.0,0.5433436532507742,0.1694915254237288
LNGN0268,terminal,total_strength,60,10,29430.95,70959.68809583703,2.411056662997186,0.0,312273.0,0.4358643904704482,31736.237288135595
LNGN0268,terminal,betweenness,60,10,0.0,0.0,,0.0,0.0,,0.0
LNGN0268,terminal,pagerank,60,10,0.0014054389670986917,0.0032626954405969777,2.321477856368463,0.0,0.011872711209658953,0.47306339147841364,0.0012814349736612366
LNGN0268,terminal,eigenvector,60,10,3.156352663570348e-05,8.206000040752002e-05,2.599836239930706,0.0,0.00032131802888373125,0.29689951688085175,4.484009852699572e-05
LNGN0268,terminal,share_monthly_network_flow,60,10,0.00034811390468525357,0.000944543142588397,2.7133163308785484,0.0,0.004677090916040502,0.4531798401072578,0.00039880098351029766
LNGN0270,terminal,node_throughput,60,54,445153.9166666667,272212.3079893546,0.611501545415332,0.0,1118615.0,0.10192297142308201,279717.72881355934
LNGN0270,terminal,total_voyages,60,54,2.85,1.744968553939379,0.6122696680489049,0.0,7.0,0.09746007311910716,1.7966101694915255
LNGN0270,terminal,total_route_exposure,60,54,2.3666666666666667,1.3399553074594317,0.5661782989265204,0.0,6.0,0.09644835451287076,1.3559322033898304
LNGN0270,terminal,total_degree,60,54,1.7666666666666666,0.9088392050109699,0.514437285855266,0.0,4.0,-0.05950704225352108,0.9830508474576272
LNGN0270,terminal,total_strength,60,54,445153.9166666667,272212.3079893546,0.611501545415332,0.0,1118615.0,0.10192297142308201,279717.72881355934
LNGN0270,terminal,betweenness,60,54,0.0,0.0,,0.0,0.0,,0.0
LNGN0270,terminal,pagerank,60,54,0.011589257649550913,0.005803700850631214,0.5007827961143058,0.0,0.031853805205940375,0.03768206133683145,0.005278266874606726
LNGN0270,terminal,eigenvector,60,54,0.0010046044045329573,0.003881365758048302,3.8635762898658172,0.0,0.029040019046441098,-0.040784590543703994,0.0016492246158734914
LNGN0270,terminal,share_monthly_network_flow,60,54,0.005223332826738185,0.003427371117952784,0.6561655616521521,0.0,0.01661387137474437,-0.008410927633371397,0.003546981384921179
LNGN0272,terminal,node_throughput,60,12,45375.53333333333,99141.01459707708,2.18490026042839,0.0,352717.0,0.19177458763114225,63518.542372881355
LNGN0272,terminal,total_voyages,60,12,0.26666666666666666,0.5783280010825675,2.1687300040596282,0.0,2.0,0.1862068965517239,0.3728813559322034
LNGN0272,terminal,total_route_exposure,60,12,0.25,0.5407151573203143,2.162860629281257,0.0,2.0,0.12721893491124275,0.3728813559322034
LNGN0272,terminal,total_degree,60,12,0.25,0.5407151573203143,2.162860629281257,0.0,2.0,0.12721893491124275,0.3728813559322034
LNGN0272,terminal,total_strength,60,12,45375.53333333333,99141.01459707708,2.18490026042839,0.0,352717.0,0.19177458763114225,63518.542372881355
LNGN0272,terminal,betweenness,60,12,0.0,0.0,,0.0,0.0,,0.0
LNGN0272,terminal,pagerank,60,12,0.0016769071764945673,0.0034817636630059367,2.076300770734531,0.0,0.011745751487314073,0.11868495563173155,0.0024150906270030193
LNGN0272,terminal,eigenvector,60,12,1.652693924377933e-05,9.002833209697661e-05,5.447368733497516,0.0,0.0006861626476493708,-0.02959030654705939,3.247604914786132e-05
LNGN0272,terminal,share_monthly_network_flow,60,12,0.0004372260077739961,0.0009297987903827396,2.1265861907815795,0.0,0.0033513374629258294,0.16281511764752593,0.0006272541581263387
LNGN0274,terminal,node_throughput,60,31,159765.7,221569.54015122144,1.3868404804737275,0.0,1008028.0,0.3359311734680447,142080.88135593222
LNGN0274,terminal,total_voyages,60,31,0.95,1.3203106978976769,1.3898007346291337,0.0,6.0,0.3506077064998525,0.8305084745762712
LNGN0274,terminal,total_route_exposure,60,31,0.9333333333333333,1.3001520988815072,1.393020105944472,0.0,6.0,0.31017717599210115,0.864406779661017
LNGN0274,terminal,total_degree,60,31,0.7666666666666667,0.9454021952240557,1.2331332981183334,0.0,4.0,0.38001802450516653,0.6271186440677966
LNGN0274,terminal,total_strength,60,31,159765.7,221569.54015122144,1.3868404804737275,0.0,1008028.0,0.3359311734680447,142080.88135593222
LNGN0274,terminal,betweenness,60,31,0.0,0.0,,0.0,0.0,,0.0
LNGN0274,terminal,pagerank,60,31,0.00309364884115635,0.0030504802703798053,0.9860460663142333,0.0,0.007201714267945132,0.5618819559906636,0.0013572563062408329
LNGN0274,terminal,eigenvector,60,31,0.0041306181045306705,0.007132762308739378,1.7268026547687387,0.0,0.027509785827454517,0.41585961984710146,0.004153137605816528
LNGN0274,terminal,share_monthly_network_flow,60,31,0.0015513915553200613,0.002031487017666297,1.3094611806412657,0.0,0.008324987861175203,0.34157790405911126,0.0013861586972184201
LNGN0278,terminal,node_throughput,60,31,80533.33333333333,99140.83744712628,1.2310534451216013,0.0,377500.0,0.38221129648344404,72940.67796610169
LNGN0278,terminal,total_voyages,60,31,1.0666666666666667,1.3131236747963744,1.231053445121601,0.0,5.0,0.3822112964834443,0.9661016949152542
LNGN0278,terminal,total_route_exposure,60,31,0.5833333333333334,0.6186827632817331,1.0605990227686852,0.0,2.0,0.3955989026186389,0.423728813559322
LNGN0278,terminal,total_degree,60,31,0.5833333333333334,0.6186827632817331,1.0605990227686852,0.0,2.0,0.3955989026186389,0.423728813559322
LNGN0278,terminal,total_strength,60,31,80533.33333333333,99140.83744712628,1.2310534451216013,0.0,377500.0,0.38221129648344404,72940.67796610169
LNGN0278,terminal,betweenness,60,31,0.0,0.0,,0.0,0.0,,0.0
LNGN0278,terminal,pagerank,60,31,0.004564241519457163,0.004818791386598796,1.0557704639547443,0.0,0.016368965698975172,0.32059122795532324,0.0035483627158224133
LNGN0278,terminal,eigenvector,60,31,2.6791032951520425e-06,9.396870266824353e-06,3.5074684443218036,0.0,6.053104997353403e-05,0.3941321306208449,3.5974825888298155e-06
LNGN0278,terminal,share_monthly_network_flow,60,31,0.0009416721117379833,0.0013031727389618414,1.383892251578588,0.0,0.005825179226876967,0.44264165891956525,0.0008640550624914742
LNGN0285,terminal,node_throughput,60,19,76906.0,154031.36095162624,2.0028523255874213,0.0,808640.0,0.6222445371352489,64467.457627118645
LNGN0285,terminal,total_voyages,60,19,0.65,1.2598762382048567,1.9382711356997795,0.0,7.0,0.6328512768039875,0.4745762711864407
LNGN0285,terminal,total_route_exposure,60,19,0.5166666666666667,0.8731720211568128,1.6900103635293149,0.0,3.0,0.680792205576974,0.3050847457627119
LNGN0285,terminal,total_degree,60,19,0.48333333333333334,0.7917298517752696,1.638061762293661,0.0,3.0,0.7211102801278294,0.2711864406779661
LNGN0285,terminal,total_strength,60,19,76906.0,154031.36095162624,2.0028523255874213,0.0,808640.0,0.6222445371352489,64467.457627118645
LNGN0285,terminal,betweenness,60,19,0.0,0.0,,0.0,0.0,,0.0
LNGN0285,terminal,pagerank,60,19,0.0027142295133819453,0.004360700550484297,1.6066071527793682,0.0,0.017256050454315212,0.8157634611071816,0.0011391174904266349
LNGN0285,terminal,eigenvector,60,19,0.0020101530493109314,0.006063290651212184,3.0163328375869907,0.0,0.033164328816028765,0.5093763969758228,0.0024125781825984636
LNGN0285,terminal,share_monthly_network_flow,60,19,0.0010267352938841008,0.002394531689780941,2.3321801676092364,0.0,0.012718289294463659,0.7573074955117001,0.0007111787982085972
LNGN0287,terminal,node_throughput,60,18,47062.566666666666,84102.52729759635,1.7870365612074497,0.0,475000.0,0.15332756248051624,58593.83050847457
LNGN0287,terminal,total_voyages,60,18,0.3333333333333333,0.5724365605193373,1.717309681558012,0.0,3.0,0.16754850088183398,0.4067796610169492
LNGN0287,terminal,total_route_exposure,60,18,0.31666666666666665,0.503939284299098,1.591387213576099,0.0,2.0,0.19362186788154892,0.3728813559322034
LNGN0287,terminal,total_degree,60,18,0.31666666666666665,0.503939284299098,1.591387213576099,0.0,2.0,0.19362186788154892,0.3728813559322034
LNGN0287,terminal,total_strength,60,18,47062.566666666666,84102.52729759635,1.7870365612074497,0.0,475000.0,0.15332756248051624,58593.83050847457
LNGN0287,terminal,betweenness,60,18,0.0,0.0,,0.0,0.0,,0.0
LNGN0287,terminal,pagerank,60,18,0.0026687071326363114,0.004327227245159969,1.6214695094269376,0.0,0.013182851022775693,0.192077929617148,0.0032600003074690917
LNGN0287,terminal,eigenvector,60,18,4.018852445391555e-06,1.099690794303312e-05,2.736330356105347,0.0,4.557276162249711e-05,0.3113813290673754,5.293672998585253e-06
LNGN0287,terminal,share_monthly_network_flow,60,18,0.0005630586797091783,0.0009504458670351274,1.6880050006973266,0.0,0.00376560806888472,0.12059240352923366,0.0007299794414193723
LNGN0288,terminal,node_throughput,60,11,37078.55,83646.3215602263,2.2559221318046765,0.0,346000.0,0.08380853193559676,58040.4406779661
LNGN0288,terminal,total_voyages,60,11,0.21666666666666667,0.4903014177278999,2.262929620282615,0.0,2.0,0.08033573141486809,0.3389830508474576
LNGN0288,terminal,total_route_exposure,60,11,0.2,0.44340745313032953,2.2170372656516477,0.0,2.0,0.13489736070381222,0.3050847457627119
LNGN0288,terminal,total_degree,60,11,0.18333333333333332,0.39020492949942315,2.1283905245423083,0.0,1.0,0.10606060606060609,0.2711864406779661
LNGN0288,terminal,total_strength,60,11,37078.55,83646.3215602263,2.2559221318046765,0.0,346000.0,0.08380853193559676,58040.4406779661
LNGN0288,terminal,betweenness,60,11,0.0,0.0,,0.0,0.0,,0.0
LNGN0288,terminal,pagerank,60,11,0.0010481049299799394,0.002245778365748533,2.14270375180042,0.0,0.007201714267945132,0.07857212109390271,0.0015889715646869938
LNGN0288,terminal,eigenvector,60,11,4.2516698266238075e-05,0.0002489572717077644,5.855517522757828,0.0,0.0019071667784826606,-0.0289967263454462,8.485457803826955e-05
LNGN0288,terminal,share_monthly_network_flow,60,11,0.0003544779470915653,0.0008010812354034373,2.259890190563843,0.0,0.003071957215058411,0.04209718124437807,0.0005706035410897739
LNGN0290,terminal,node_throughput,60,2,5563.333333333333,30240.560744210645,5.43569096660467,0.0,174000.0,0.4806192569167448,5898.3050847457625
LNGN0290,terminal,total_voyages,60,2,0.03333333333333333,0.1810203347193925,5.430610041581775,0.0,1.0,0.4824561403508772,0.03389830508474576
LNGN0290,terminal,total_route_exposure,60,2,0.03333333333333333,0.1810203347193925,5.430610041581775,0.0,1.0,0.4824561403508772,0.03389830508474576
LNGN0290,terminal,total_degree,60,2,0.03333333333333333,0.1810203347193925,5.430610041581775,0.0,1.0,0.4824561403508772,0.03389830508474576
LNGN0290,terminal,total_strength,60,2,5563.333333333333,30240.560744210645,5.43569096660467,0.0,174000.0,0.4806192569167448,5898.3050847457625
LNGN0290,terminal,betweenness,60,2,0.0,0.0,,0.0,0.0,,0.0
LNGN0290,terminal,pagerank,60,2,0.0002091053894860172,0.001136049641531726,5.432904643558665,0.0,0.006452476054313221,0.48162594478368487,0.00021872800184112614
LNGN0290,terminal,eigenvector,60,2,3.348113767383038e-06,1.8804524370488672e-05,5.6164532261956905,0.0,0.00012649942557489737,0.41847975060818426,4.288116121182962e-06
LNGN0290,terminal,share_monthly_network_flow,60,2,4.4791015175786685e-05,0.0002442611804521736,5.45335218444027,0.0,0.0014647654953374746,0.4742742006600523,4.9653067638558464e-05
LNGN0291,terminal,node_throughput,60,13,36526.333333333336,70153.8892930239,1.9206386979172256,0.0,174000.0,0.1342029854264019,49355.93220338983
LNGN0291,terminal,total_voyages,60,13,0.21666666666666667,0.415450201656585,1.9174624691842386,0.0,1.0,0.13775261216405588,0.288135593220339
LNGN0291,terminal,total_route_exposure,60,13,0.21666666666666667,0.415450201656585,1.9174624691842386,0.0,1.0,0.13775261216405588,0.288135593220339
LNGN0291,terminal,total_degree,60,13,0.21666666666666667,0.415450201656585,1.9174624691842386,0.0,1.0,0.13775261216405588,0.288135593220339
LNGN0291,terminal,total_strength,60,13,36526.333333333336,70153.8892930239,1.9206386979172256,0.0,174000.0,0.1342029854264019,49355.93220338983
LNGN0291,terminal,betweenness,60,13,0.0,0.0,,0.0,0.0,,0.0
LNGN0291,terminal,pagerank,60,13,0.002194585949107072,0.004620755113073421,2.1055247870121025,0.0,0.021268746091223523,0.07408316251299076,0.003124428945145606
LNGN0291,terminal,eigenvector,60,13,0.00044602082723284157,0.003250216506528053,7.287140662674265,0.0,0.025180802802120334,0.021861750005506463,0.000869756163531615
LNGN0291,terminal,share_monthly_network_flow,60,13,0.0005401574386323925,0.0011154304240636476,2.0650098365538954,0.0,0.004354841059063308,0.14163320328740758,0.0007378710575387179
LNGN0293,terminal,node_throughput,60,9,9750.0,24981.77301655844,2.5622331299034298,0.0,90000.0,0.17289719626168218,15254.237288135593
LNGN0293,terminal,total_voyages,60,9,0.21666666666666667,0.5551505114790766,2.56223312990343,0.0,2.0,0.1728971962616821,0.3389830508474576
LNGN0293,terminal,total_route_exposure,60,9,0.15,0.3600847357902755,2.4005649052685034,0.0,1.0,0.21333333333333354,0.2033898305084746
LNGN0293,terminal,total_degree,60,9,0.15,0.3600847357902755,2.4005649052685034,0.0,1.0,0.21333333333333354,0.2033898305084746
LNGN0293,terminal,total_strength,60,9,9750.0,24981.77301655844,2.5622331299034298,0.0,90000.0,0.17289719626168218,15254.237288135593
LNGN0293,terminal,betweenness,60,9,0.0,0.0,,0.0,0.0,,0.0
LNGN0293,terminal,pagerank,60,9,0.0009358749747706434,0.002251112536095679,2.405356053726475,0.0,0.006742620121339164,0.19241833105851916,0.0013026547844469222
LNGN0293,terminal,eigenvector,60,9,0.0001150104001686171,0.00031084664757586564,2.7027698983755593,0.0,0.0014118473166233412,0.21110348406489352,0.00017604222206604592
LNGN0293,terminal,share_monthly_network_flow,60,9,9.20211971408193e-05,0.00023087109565784577,2.5088903734271746,0.0,0.0008272378237692799,0.14581588800744968,0.0001453725888138802
LNGN0294,terminal,node_throughput,60,11,49986.683333333334,115445.78086622863,2.309530722340289,0.0,463348.0,0.5646182045204186,46262.64406779661
LNGN0294,terminal,total_voyages,60,11,0.3,0.6962368581968814,2.320789527322938,0.0,3.0,0.5790725326991677,0.2711864406779661
LNGN0294,terminal,total_route_exposure,60,11,0.3,0.6962368581968814,2.320789527322938,0.0,3.0,0.5790725326991677,0.2711864406779661
LNGN0294,terminal,total_degree,60,11,0.26666666666666666,0.6069279874259417,2.2759799528472815,0.0,2.0,0.538341158059468,0.23728813559322035
LNGN0294,terminal,total_strength,60,11,49986.683333333334,115445.78086622863,2.309530722340289,0.0,463348.0,0.5646182045204186,46262.64406779661
LNGN0294,terminal,betweenness,60,11,0.0,0.0,,0.0,0.0,,0.0
LNGN0294,terminal,pagerank,60,11,0.001258318318860705,0.002704934949604589,2.1496428280990667,0.0,0.008257089010985142,0.5855046117323277,0.0009033250183787163
LNGN0294,terminal,eigenvector,60,11,9.350342941036263e-05,0.00028602964873291746,3.059028428546792,0.0,0.0017756792304339,0.5741276180418479,9.154939815725654e-05
LNGN0294,terminal,share_monthly_network_flow,60,11,0.00045946065425349326,0.0010602055510763547,2.3075001988993358,0.0,0.004103470291704132,0.4571087148976884,0.0004662092522736199
LNGN0297,terminal,node_throughput,60,60,1136068.05,392740.6060479737,0.345701655854131,486615.0,2648195.0,0.2947404586964831,368343.9661016949
LNGN0297,terminal,total_voyages,60,60,7.65,2.4413458361169202,0.31913017465580656,3.0,17.0,0.3005558668165281,2.2542372881355934
LNGN0297,terminal,total_route_exposure,60,60,6.15,1.9900174601056706,0.32358007481393014,2.0,13.0,0.30401455386717563,1.728813559322034
LNGN0297,terminal,total_degree,60,60,2.1,0.5108981788502895,0.24328484707156645,1.0,3.0,0.4258217560774781,0.288135593220339
LNGN0297,terminal,total_strength,60,60,1136068.05,392740.6060479737,0.345701655854131,486615.0,2648195.0,0.2947404586964831,368343.9661016949
LNGN0297,terminal,betweenness,60,60,0.0,0.0,,0.0,0.0,,0.0
LNGN0297,terminal,pagerank,60,60,0.006493497492305674,0.0008030548975427624,0.12367062565194252,0.005016179603073961,0.008097491084857909,0.8356710554864943,0.00035882410510828074
LNGN0297,terminal,eigenvector,60,60,0.0009222576248842128,0.001952496550510672,2.1170836627735152,0.0,0.008434934466927821,0.2504953916611285,0.0010776324429611728
LNGN0297,terminal,share_monthly_network_flow,60,60,0.013569467957146458,0.004587820816758097,0.33809879880676447,0.006801106018405006,0.02643967267993316,0.45041910572752103,0.0038888456624984555
LNGN0299,terminal,node_throughput,60,6,3000.0,10033.84104427088,3.3446136814236263,0.0,54000.0,0.2205389213379711,4271.186440677966
LNGN0299,terminal,total_voyages,60,6,0.16666666666666666,0.5574356135706043,3.3446136814236263,0.0,3.0,0.22053892133797115,0.23728813559322035
LNGN0299,terminal,total_route_exposure,60,6,0.1,0.30253169045376643,3.025316904537664,0.0,1.0,0.3003220571188205,0.11864406779661017
LNGN0299,terminal,total_degree,60,6,0.1,0.30253169045376643,3.025316904537664,0.0,1.0,0.3003220571188205,0.11864406779661017
LNGN0299,terminal,total_strength,60,6,3000.0,10033.84104427088,3.3446136814236263,0.0,54000.0,0.2205389213379711,4271.186440677966
LNGN0299,terminal,betweenness,60,6,0.0,0.0,,0.0,0.0,,0.0
LNGN0299,terminal,pagerank,60,6,0.0008237907581576425,0.0025442194347115752,3.0884292030679803,0.0,0.01067858284256567,0.2773376126986358,0.0010092636443662518
LNGN0299,terminal,eigenvector,60,6,4.3160356540978486e-10,2.0808601490014534e-09,,0.0,1.4693641018256897e-08,0.06149496341089003,7.858499600290999e-10
LNGN0299,terminal,share_monthly_network_flow,60,6,4.7068124189065374e-05,0.00017006600974511934,3.6131886000383293,0.0,0.0009146321014322935,0.1907461028334265,6.55464771738752e-05
LNGN0307,terminal,node_throughput,60,5,14266.666666666666,47744.32850040727,3.346565081804248,0.0,174000.0,0.3584379259857622,17220.338983050846
LNGN0307,terminal,total_voyages,60,5,0.08333333333333333,0.27871780678530217,3.3446136814236263,0.0,1.0,0.3444444444444451,0.1016949152542373
LNGN0307,terminal,total_route_exposure,60,5,0.08333333333333333,0.27871780678530217,3.3446136814236263,0.0,1.0,0.3444444444444451,0.1016949152542373
LNGN0307,terminal,total_degree,60,5,0.08333333333333333,0.27871780678530217,3.3446136814236263,0.0,1.0,0.3444444444444451,0.1016949152542373
LNGN0307,terminal,total_strength,60,5,14266.666666666666,47744.32850040727,3.346565081804248,0.0,174000.0,0.3584379259857622,17220.338983050846
LNGN0307,terminal,betweenness,60,5,0.0,0.0,,0.0,0.0,,0.0
LNGN0307,terminal,pagerank,60,5,0.0006250270870021333,0.0021050586145343287,3.3679478190793097,0.0,0.008253210450232487,0.3783093423216211,0.0007501552631134279
LNGN0307,terminal,eigenvector,60,5,1.4350728732023223e-05,9.385688491328613e-05,6.540217341287156,0.0,0.0007192307270541606,0.010175127276120431,2.7745366952049675e-05
LNGN0307,terminal,share_monthly_network_flow,60,5,0.0001555286602882955,0.000534094981909426,3.434061483712401,0.0,0.002412227163591008,0.3976390532340345,0.00019097462173576693
LNGN0308,terminal,node_throughput,60,18,65217.88333333333,111891.94516231495,1.7156635487605003,0.0,480200.0,0.6723509910803155,41056.71186440678
LNGN0308,terminal,total_voyages,60,18,0.4,0.6937981927069211,1.7344954817673026,0.0,3.0,0.6675439602669937,0.2542372881355932
LNGN0308,terminal,total_route_exposure,60,18,0.4,0.6937981927069211,1.7344954817673026,0.0,3.0,0.6675439602669937,0.2542372881355932
LNGN0308,terminal,total_degree,60,18,0.31666666666666665,0.5039392842990978,1.5913872135760985,0.0,2.0,0.6944042192263741,0.15254237288135594
LNGN0308,terminal,total_strength,60,18,65217.88333333333,111891.94516231495,1.7156635487605003,0.0,480200.0,0.6723509910803155,41056.71186440678
LNGN0308,terminal,betweenness,60,18,0.0,0.0,,0.0,0.0,,0.0
LNGN0308,terminal,pagerank,60,18,0.0018009968034481737,0.0028235335888583167,1.5677615770624371,0.0,0.008097491084857909,0.7422098881507346,0.0007577670384672883
LNGN0308,terminal,eigenvector,60,18,2.3053354672828656e-06,7.94247818488091e-06,3.445259181407616,0.0,4.695903134873434e-05,0.0630837455854719,3.97301408891356e-06
LNGN0308,terminal,share_monthly_network_flow,60,18,0.0008634201822259346,0.0019011992784904825,2.2019398175163203,0.0,0.010198544335134447,0.801372847340271,0.000520771724865333
LNGN0309,terminal,node_throughput,60,31,167952.26666666666,213250.2509947351,1.2697074902714527,0.0,866000.0,0.4484341741736185,143374.33898305084
LNGN0309,terminal,total_voyages,60,31,0.9833333333333333,1.2418093233182887,1.2628569389677513,0.0,5.0,0.4530877852571143,0.8305084745762712
LNGN0309,terminal,total_route_exposure,60,31,0.9333333333333333,1.1179076500875613,1.1977581965223871,0.0,4.0,0.4202203626814544,0.7627118644067796
LNGN0309,terminal,total_degree,60,31,0.6833333333333333,0.7917298517752696,1.1586290513784432,0.0,3.0,0.5505844738786059,0.4576271186440678
LNGN0309,terminal,total_strength,60,31,167952.26666666666,213250.2509947351,1.2697074902714527,0.0,866000.0,0.4484341741736185,143374.33898305084
LNGN0309,terminal,betweenness,60,31,0.0,0.0,,0.0,0.0,,0.0
LNGN0309,terminal,pagerank,60,31,0.0031656385866217066,0.0031393736993852992,0.9917031314479785,0.0,0.008097491084857909,0.5380111040093916,0.0015387001141652214
LNGN0309,terminal,eigenvector,60,31,0.001318364116720446,0.004615416060345069,3.5008659609352444,0.0,0.025029023630824935,0.2075878601659764,0.0019365521714983273
LNGN0309,terminal,share_monthly_network_flow,60,31,0.0019635215362039746,0.0028682272718756944,1.4607567164354938,0.0,0.012861987914097902,0.4899252913388755,0.001751044536802276
LNGN0312,terminal,node_throughput,60,37,161210.71666666667,170236.93059471023,1.055990160670937,0.0,819562.0,-0.09302143326135423,196414.16949152542
LNGN0312,terminal,total_voyages,60,37,0.9833333333333333,1.0332057511908193,1.0507177130754095,0.0,5.0,-0.11201865360825765,1.2033898305084745
LNGN0312,terminal,total_route_exposure,60,37,0.9666666666666667,1.0245572283305084,1.0598867879281122,0.0,5.0,-0.11445459836032944,1.1694915254237288
LNGN0312,terminal,total_degree,60,37,0.8333333333333334,0.8470620545708474,1.0164744654850169,0.0,4.0,-0.06017966927254263,0.9322033898305084
LNGN0312,terminal,total_strength,60,37,161210.71666666667,170236.93059471023,1.055990160670937,0.0,819562.0,-0.09302143326135423,196414.16949152542
LNGN0312,terminal,betweenness,60,37,0.0,0.0,,0.0,0.0,,0.0
LNGN0312,terminal,pagerank,60,37,0.0038791197328246446,0.0031431221526391846,0.8102668566897956,0.0,0.007850763028200996,-0.2352514587357491,0.003752334835534969
LNGN0312,terminal,eigenvector,60,37,0.00017589705486435202,0.00036635460849433575,2.0827785250688846,0.0,0.0017023863040500074,-0.14750677014483735,0.00031657369074008336
LNGN0312,terminal,share_monthly_network_flow,60,37,0.0018315356568062305,0.0019588388531972052,1.0695062615450042,0.0,0.00970983704465109,-0.15882382227262828,0.0022896559117008605
LNGN0314,terminal,node_throughput,60,52,562329.8666666667,428246.68610302074,0.761557782163602,0.0,2091000.0,0.6305512224842881,289843.28813559323
LNGN0314,terminal,total_voyages,60,52,2.95,2.1972633209733683,0.7448350240587689,0.0,11.0,0.5786995533443816,1.5593220338983051
LNGN0314,terminal,total_route_exposure,60,52,2.3833333333333333,1.574065950276293,0.6604472518641789,0.0,7.0,0.4766600336920889,1.2542372881355932
LNGN0314,terminal,total_degree,60,52,1.55,0.8718769933456347,0.5625012860294417,0.0,3.0,0.3346120878938313,0.7457627118644068
LNGN0314,terminal,total_strength,60,52,562329.8666666667,428246.68610302074,0.761557782163602,0.0,2091000.0,0.6305512224842881,289843.28813559323
LNGN0314,terminal,betweenness,60,52,0.0,0.0,,0.0,0.0,,0.0
LNGN0314,terminal,pagerank,60,52,0.011094737199227541,0.0054350234610272925,0.48987401534898006,0.0,0.02092152043361912,0.2772147612223545,0.004629812772460452
LNGN0314,terminal,eigenvector,60,52,0.005940130944179545,0.007710930887797322,1.2981078969905369,0.0,0.028474956710789437,0.27559344318659884,0.005809946786966094
LNGN0314,terminal,share_monthly_network_flow,60,52,0.006272792392780773,0.004247145057651585,0.6770740671314956,0.0,0.015249056171156749,0.4693005728523549,0.0033955430963859465
LNGN0319,terminal,node_throughput,60,46,420694.68333333335,359078.81161833677,0.8535377931881877,0.0,1363317.0,0.3800969888266037,336445.25423728814
LNGN0319,terminal,total_voyages,60,46,1.95,1.7116252559918461,0.8777565415342801,0.0,7.0,0.4054679511213483,1.5423728813559323
LNGN0319,terminal,total_route_exposure,60,46,1.3833333333333333,1.1511477936989034,0.8321550315895687,0.0,5.0,0.3592528236316245,1.0169491525423728
LNGN0319,terminal,total_degree,60,46,0.9,0.6022556470526281,0.6691729411695868,0.0,2.0,0.11172741679873219,0.576271186440678
LNGN0319,terminal,total_strength,60,46,420694.68333333335,359078.81161833677,0.8535377931881877,0.0,1363317.0,0.3800969888266037,336445.25423728814
LNGN0319,terminal,betweenness,60,46,0.0,0.0,,0.0,0.0,,0.0
LNGN0319,terminal,pagerank,60,46,0.008569099275891614,0.005526832782251301,0.6449724299262753,0.0,0.0178417362714743,0.12740907279161315,0.005404752287334118
LNGN0319,terminal,eigenvector,60,46,0.006375540732130773,0.010084911255109375,1.5818126930449223,0.0,0.05350157196646224,0.35882722051302696,0.006872054650005126
LNGN0319,terminal,share_monthly_network_flow,60,46,0.005108820874815511,0.0046513629978469076,0.9104572487119892,0.0,0.01709277734157272,0.3411600779167187,0.0042724164693983
LNGN0322,terminal,node_throughput,60,53,316059.38333333336,190819.72362105723,0.6037464276762459,0.0,681000.0,0.16713745846567715,187564.06779661018
LNGN0322,terminal,total_voyages,60,53,1.8833333333333333,1.1363287103004605,0.603360377150687,0.0,4.0,0.16972629059795452,1.11864406779661
LNGN0322,terminal,total_route_exposure,60,53,1.75,1.0989208882554138,0.6279547932888079,0.0,4.0,0.2571002198091168,0.9491525423728814
LNGN0322,terminal,total_degree,60,53,1.7166666666666666,1.0750114964567234,0.6262202891980914,0.0,4.0,0.2525554704541965,0.9152542372881356
LNGN0322,terminal,total_strength,60,53,316059.38333333336,190819.72362105723,0.6037464276762459,0.0,681000.0,0.16713745846567715,187564.06779661018
LNGN0322,terminal,betweenness,60,53,0.0,0.0,,0.0,0.0,,0.0
LNGN0322,terminal,pagerank,60,53,0.0056917805073329435,0.0022052468668784945,0.3874441159558751,0.0,0.007809040927936108,0.17450193340756787,0.0014375758602449829
LNGN0322,terminal,eigenvector,60,53,6.329382314155845e-05,0.00014645505671441632,2.313891774034022,0.0,0.0009183507112990939,-0.010464366566691091,9.607983298227963e-05
LNGN0322,terminal,share_monthly_network_flow,60,53,0.0038947762691129684,0.002785358448328695,0.7151523620028263,0.0,0.012250607389069197,0.4083412192181417,0.00222741792999869
LNGN0324,terminal,node_throughput,60,32,127980.31666666667,147120.93784303198,1.149559101546985,0.0,527673.0,0.3064642730591759,120092.33898305085
LNGN0324,terminal,total_voyages,60,32,0.75,0.8561838864739438,1.1415785152985918,0.0,3.0,0.31307299836724556,0.6949152542372882
LNGN0324,terminal,total_route_exposure,60,32,0.6666666666666666,0.7516460280028289,1.1274690420042435,0.0,3.0,0.10769372379266055,0.6949152542372882
LNGN0324,terminal,total_degree,60,32,0.5833333333333334,0.5906522297402891,1.0125466795547813,0.0,2.0,0.13928394669793834,0.5254237288135594
LNGN0324,terminal,total_strength,60,32,127980.31666666667,147120.93784303198,1.149559101546985,0.0,527673.0,0.3064642730591759,120092.33898305085
LNGN0324,terminal,betweenness,60,32,0.0,0.0,,0.0,0.0,,0.0
LNGN0324,terminal,pagerank,60,32,0.005630945485620644,0.0060906628970375685,1.081641247032292,0.0,0.025402949459591706,0.0935392567003212,0.005781833055898563
LNGN0324,terminal,eigenvector,60,32,6.615475024960896e-05,0.0002049534245157326,3.098090821028292,0.0,0.0014466958798920399,0.2298669357363651,0.00010636383614972811
LNGN0324,terminal,share_monthly_network_flow,60,32,0.0014118034516925346,0.0016304178210842352,1.1548475952014536,0.0,0.00668563428776624,0.15356395857541602,0.0014537551392790956
LNGN0328,terminal,node_throughput,60,60,6836770.383333334,2144489.9091288964,0.31367002091466023,572054.0,10912603.0,0.726014241158839,1299804.6949152541
LNGN0328,terminal,total_voyages,60,60,33.0,11.05916293151352,0.3351261494398036,3.0,52.0,0.7594463572444929,6.406779661016949
LNGN0328,terminal,total_route_exposure,60,60,17.65,4.987526814846569,0.28257942293748267,3.0,29.0,0.682029731494993,3.135593220338983
LNGN0328,terminal,total_degree,60,60,2.05,0.8320894671583893,0.40589730105287286,1.0,3.0,0.5972696245733794,0.4745762711864407
LNGN0328,terminal,total_strength,60,60,6836770.383333334,2144489.9091288964,0.31367002091466023,572054.0,10912603.0,0.726014241158839,1299804.6949152541
LNGN0328,terminal,betweenness,60,60,0.0,0.0,,0.0,0.0,,0.0
LNGN0328,terminal,pagerank,60,60,0.006493497492305674,0.0008030548975427624,0.12367062565194252,0.005016179603073961,0.008097491084857909,0.8356710554864943,0.00035882410510828074
LNGN0328,terminal,eigenvector,60,60,0.4563491264185494,0.18823736922368675,0.41248543785102204,0.0,0.57927534645502,0.4993093449255493,0.0912646430005961
LNGN0328,terminal,share_monthly_network_flow,60,60,0.07875655037092999,0.016801405123264047,0.21333343124009724,0.01077326511813465,0.1171262869982394,0.6055774070368712,0.011979344675261823
LNGN0331,terminal,node_throughput,60,36,155797.26666666666,173577.79885579433,1.1141260855825519,0.0,670400.0,0.0526788915460651,178127.93220338982
LNGN0331,terminal,total_voyages,60,36,1.0166666666666666,1.0968625003311805,1.078881147866735,0.0,4.0,0.08575582401849974,1.0847457627118644
LNGN0331,terminal,total_route_exposure,60,36,0.95,1.0484047607545863,1.1035839586890384,0.0,4.0,0.10754129421281204,0.9830508474576272
LNGN0331,terminal,total_degree,60,36,0.7666666666666667,0.7448504949901058,0.9715441239001379,0.0,3.0,0.08996130890159075,0.7288135593220338
LNGN0331,terminal,total_strength,60,36,155797.26666666666,173577.79885579433,1.1141260855825519,0.0,670400.0,0.0526788915460651,178127.93220338982
LNGN0331,terminal,betweenness,60,36,0.0,0.0,,0.0,0.0,,0.0
LNGN0331,terminal,pagerank,60,36,0.004921426446109514,0.004238202983173416,0.8611736921363113,0.0,0.012971388330605103,0.11885261847888119,0.003814341361293688
LNGN0331,terminal,eigenvector,60,36,0.0010151290804380952,0.0021847196591835588,2.1521594655141865,0.0,0.010466272785310718,0.13285025618675803,0.0015783453540810911
LNGN0331,terminal,share_monthly_network_flow,60,36,0.0018062666332297427,0.0020448672172094355,1.1320959926902137,0.0,0.0071910611191968385,0.0002450161795692547,0.0020941643892534016
LNGN0334,terminal,node_throughput,60,21,8359.433333333332,13178.49537509546,1.576481903689101,0.0,68907.0,0.1685456818066757,9616.610169491525
LNGN0334,terminal,total_voyages,60,21,0.4,0.6161663873899261,1.5404159684748153,0.0,3.0,0.19306767294514016,0.4406779661016949
LNGN0334,terminal,total_route_exposure,60,21,0.38333333333333336,0.5848849420870962,1.5257868054445987,0.0,3.0,0.17191794442879949,0.423728813559322
LNGN0334,terminal,total_degree,60,21,0.36666666666666664,0.5196696038591647,1.4172807377977221,0.0,2.0,0.20238853815824756,0.3898305084745763
LNGN0334,terminal,total_strength,60,21,8359.433333333332,13178.49537509546,1.576481903689101,0.0,68907.0,0.1685456818066757,9616.610169491525
LNGN0334,terminal,betweenness,60,21,0.0,0.0,,0.0,0.0,,0.0
LNGN0334,terminal,pagerank,60,21,0.002214534629299297,0.003088993566220038,1.3948725503549382,0.0,0.007890287825063779,0.20481806693782084,0.0023461518361182804
LNGN0334,terminal,eigenvector,60,21,5.466705953009449e-08,1.8981590059610223e-07,3.4722171308959395,0.0,9.624057664519753e-07,-0.016637705424805818,9.48800491768272e-08
LNGN0334,terminal,share_monthly_network_flow,60,21,9.866046795446022e-05,0.00015102023906815858,1.5307066974167063,0.0,0.0005605027574788343,0.20095360840540236,0.00011046136313595806
LNGN0344,terminal,node_throughput,60,1,2900.0,22463.30340800302,7.745966692414834,0.0,174000.0,-0.01724137931034484,5898.3050847457625
LNGN0344,terminal,total_voyages,60,1,0.016666666666666666,0.12909944487358055,7.745966692414833,0.0,1.0,-0.017241379310344834,0.03389830508474576
LNGN0344,terminal,total_route_exposure,60,1,0.016666666666666666,0.12909944487358055,7.745966692414833,0.0,1.0,-0.017241379310344834,0.03389830508474576
LNGN0344,terminal,total_degree,60,1,0.016666666666666666,0.12909944487358055,7.745966692414833,0.0,1.0,-0.017241379310344834,0.03389830508474576
LNGN0344,terminal,total_strength,60,1,2900.0,22463.30340800302,7.745966692414834,0.0,174000.0,-0.01724137931034484,5898.3050847457625
LNGN0344,terminal,betweenness,60,1,0.0,0.0,,0.0,0.0,,0.0
LNGN0344,terminal,pagerank,60,1,0.00012956918344002373,0.0010036385792898115,7.745966692414834,0.0,0.0077741510064014245,-0.017241379310344838,0.0002635305425898788
LNGN0344,terminal,eigenvector,60,1,2.0491487713184014e-06,1.587263813043512e-05,7.745966692414835,0.0,0.0001229489262791041,-0.01724137931034483,4.167760212850986e-06
LNGN0344,terminal,share_monthly_network_flow,60,1,4.5611197756658855e-05,0.00035330281862422564,7.745966692414833,0.0,0.002736671865399531,-0.01724137931034485,9.276853781015359e-05
LNGN0345,terminal,node_throughput,60,60,2321336.5833333335,930487.0367720645,0.40084106865533803,346000.0,4604095.0,0.7146184564780664,551645.8305084746
LNGN0345,terminal,total_voyages,60,60,13.733333333333333,5.4364328617106095,0.3958567617750444,2.0,27.0,0.7039150043761898,3.2542372881355934
LNGN0345,terminal,total_route_exposure,60,60,10.6,3.3809034997432668,0.31895316035313837,2.0,18.0,0.5549350270271951,2.5254237288135593
LNGN0345,terminal,total_degree,60,60,5.266666666666667,1.6556699362654104,0.314367709417483,1.0,10.0,0.6439762862587337,1.152542372881356
LNGN0345,terminal,total_strength,60,60,2321336.5833333335,930487.0367720645,0.40084106865533803,346000.0,4604095.0,0.7146184564780664,551645.8305084746
LNGN0345,terminal,betweenness,60,60,0.0,0.0,,0.0,0.0,,0.0
LNGN0345,terminal,pagerank,60,60,0.006493497492305674,0.0008030548975427624,0.12367062565194252,0.005016179603073961,0.008097491084857909,0.8356710554864943,0.00035882410510828074
LNGN0345,terminal,eigenvector,60,60,0.009675879947938669,0.03621866496674291,3.743190816919847,0.0,0.2069658044964468,-0.06036210433306264,0.017163949227774495
LNGN0345,terminal,share_monthly_network_flow,60,60,0.02663743452218076,0.00831668764101407,0.3122180416469475,0.00668563428776624,0.04769016311346201,0.5866081092743644,0.005856313184576437
LNGN0347,terminal,node_throughput,60,48,298138.4166666667,258549.72598501266,0.8672137219876762,0.0,1146343.0,0.23218660675210379,215962.16949152542
LNGN0347,terminal,total_voyages,60,48,1.9666666666666666,1.707080634822301,0.8680071024520175,0.0,9.0,0.2142857142857143,1.3898305084745763
LNGN0347,terminal,total_route_exposure,60,48,1.65,1.3381621598676652,0.8110073696167668,0.0,6.0,0.15436573311367374,1.152542372881356
LNGN0347,terminal,total_degree,60,48,1.1833333333333333,0.7917298517752697,0.6690674803734673,0.0,3.0,0.24070543374642492,0.711864406779661
LNGN0347,terminal,total_strength,60,48,298138.4166666667,258549.72598501266,0.8672137219876762,0.0,1146343.0,0.23218660675210379,215962.16949152542
LNGN0347,terminal,betweenness,60,48,0.0,0.0,,0.0,0.0,,0.0
LNGN0347,terminal,pagerank,60,48,0.007016886296646781,0.003898071258238809,0.5555272087138726,0.0,0.016011943440208353,0.12509364190476094,0.0031722065479776063
LNGN0347,terminal,eigenvector,60,48,0.001313985138766406,0.0022919785919022963,1.744295672973934,0.0,0.01150060217510526,0.018693177480191805,0.0018988751286293062
LNGN0347,terminal,share_monthly_network_flow,60,48,0.0032560428083252837,0.0026609849312787277,0.8172450695288559,0.0,0.010963728875131919,0.2017842847214733,0.00237822440520941
LNGN0348,terminal,node_throughput,60,6,24060.5,83996.905855342,3.491070669991979,0.0,504520.0,0.04188589425336059,40973.898305084746
LNGN0348,terminal,total_voyages,60,6,0.15,0.5150283849343992,3.433522566229328,0.0,3.0,0.05106825697475638,0.2542372881355932
LNGN0348,terminal,total_route_exposure,60,6,0.1,0.30253169045376643,3.025316904537664,0.0,1.0,0.09896976882324748,0.15254237288135594
LNGN0348,terminal,total_degree,60,6,0.1,0.30253169045376643,3.025316904537664,0.0,1.0,0.09896976882324748,0.15254237288135594
LNGN0348,terminal,total_strength,60,6,24060.5,83996.905855342,3.491070669991979,0.0,504520.0,0.04188589425336059,40973.898305084746
LNGN0348,terminal,betweenness,60,6,0.0,0.0,,0.0,0.0,,0.0
LNGN0348,terminal,pagerank,60,6,0.0010026347565726664,0.0030989792423493237,3.0908356428243606,0.0,0.012340653267248598,0.15806201864047628,0.0015143025843737767
LNGN0348,terminal,eigenvector,60,6,9.871310779200117e-08,6.411649031055328e-07,6.495235713341477,0.0,4.871813401493195e-06,-0.02452370690839021,2.0077242262779902e-07
LNGN0348,terminal,share_monthly_network_flow,60,6,0.0003211204187496725,0.0010619341680817315,3.3069655682952876,0.0,0.005757259403262403,0.16438509505136312,0.0005176556570371656
LNGN0351,terminal,node_throughput,60,33,115338.66666666667,121148.93766144701,1.050375742694965,0.0,450000.0,0.06925687833212596,113139.66101694915
LNGN0351,terminal,total_voyages,60,33,0.8166666666666667,0.8535403174111507,1.0451514090748784,0.0,3.0,0.11843637241519725,0.7796610169491526
LNGN0351,terminal,total_route_exposure,60,33,0.75,0.7945790912196153,1.0594387882928205,0.0,3.0,0.06092448354184524,0.711864406779661
LNGN0351,terminal,total_degree,60,33,0.7166666666666667,0.7385663314751766,1.0305576718258278,0.0,2.0,0.16469569773592832,0.6440677966101694
LNGN0351,terminal,total_strength,60,33,115338.66666666667,121148.93766144701,1.050375742694965,0.0,450000.0,0.06925687833212596,113139.66101694915
LNGN0351,terminal,betweenness,60,33,0.0,0.0,,0.0,0.0,,0.0
LNGN0351,terminal,pagerank,60,33,0.003477396819676529,0.0032303554651304384,0.9289579627069795,0.0,0.007890287825063779,0.1296034522097412,0.0027564554409510054
LNGN0351,terminal,eigenvector,60,33,0.0003230763516186852,0.0013829149315133314,4.280458549765764,0.0,0.010075946137465574,-0.053140559709416335,0.0006403878605268088
LNGN0351,terminal,share_monthly_network_flow,60,33,0.0014153244878439561,0.0016049217511757655,1.1339602790457146,0.0,0.005675333146312188,-0.06079703132131967,0.0015227641235647821
LNGN0354,terminal,node_throughput,60,17,59871.46666666667,103388.21378708316,1.7268361632544467,0.0,351000.0,0.11176174063279945,87372.47457627118
LNGN0354,terminal,total_voyages,60,17,0.35,0.6057632809459259,1.7307522312740742,0.0,2.0,0.11732283464566923,0.5084745762711864
LNGN0354,terminal,total_route_exposure,60,17,0.31666666666666665,0.5365194379932872,1.6942719094524858,0.0,2.0,0.1706827309236947,0.4406779661016949
LNGN0354,terminal,total_degree,60,17,0.3,0.4974511303823161,1.6581704346077204,0.0,2.0,0.10397196261682246,0.4067796610169492
LNGN0354,terminal,total_strength,60,17,59871.46666666667,103388.21378708316,1.7268361632544467,0.0,351000.0,0.11176174063279945,87372.47457627118
LNGN0354,terminal,betweenness,60,17,0.0,0.0,,0.0,0.0,,0.0
LNGN0354,terminal,pagerank,60,17,0.002496461828300651,0.00409004209776336,1.6383355240594504,0.0,0.012565067434154996,0.13342413113509616,0.003423081256949536
LNGN0354,terminal,eigenvector,60,17,0.0004250591701668136,0.001821889948897952,4.286203137748927,0.0,0.012091135364958688,0.034773701149430195,0.0007746181049681325
LNGN0354,terminal,share_monthly_network_flow,60,17,0.000681289015446615,0.0011720763241173876,1.7203804810342347,0.0,0.004026172362953427,0.14593660390648455,0.000977608514217398
LNGN0359,terminal,node_throughput,60,46,197509.73333333334,159432.1711853566,0.8072117180994114,0.0,647000.0,0.05312619420181166,153680.0338983051
LNGN0359,terminal,total_voyages,60,46,1.25,1.002116404483827,0.8016931235870617,0.0,4.0,0.07226383313926327,0.9491525423728814
LNGN0359,terminal,total_route_exposure,60,46,1.0666666666666667,0.8410378307593313,0.788472966336873,0.0,3.0,0.0646686142945918,0.7288135593220338
LNGN0359,terminal,total_degree,60,46,1.0166666666666666,0.7917298517752698,0.7787506738773146,0.0,3.0,0.08136595854747136,0.6610169491525424
LNGN0359,terminal,total_strength,60,46,197509.73333333334,159432.1711853566,0.8072117180994114,0.0,647000.0,0.05312619420181166,153680.0338983051
LNGN0359,terminal,betweenness,60,46,0.0,0.0,,0.0,0.0,,0.0
LNGN0359,terminal,pagerank,60,46,0.007106824940811609,0.004330537711436325,0.6093491464194941,0.0,0.015404107407344153,0.22622705499788284,0.0033901400947538777
LNGN0359,terminal,eigenvector,60,46,0.0006017602932682112,0.0032442253686571047,5.391225384841266,0.0,0.02481266921841224,-0.023595357536650974,0.0011167959421716609
LNGN0359,terminal,share_monthly_network_flow,60,46,0.002346333002542367,0.0021067829103150705,0.8979044781931073,0.0,0.009899545700455653,0.14923021707548342,0.0018269743636399678
LNGN0361,terminal,node_throughput,60,1,2663.3333333333335,20630.091290798166,7.7459666924148305,0.0,159800.0,-0.017241379310344754,5416.949152542373
LNGN0361,terminal,total_voyages,60,1,0.016666666666666666,0.12909944487358058,7.745966692414835,0.0,1.0,-0.01724137931034484,0.03389830508474576
LNGN0361,terminal,total_route_exposure,60,1,0.016666666666666666,0.12909944487358058,7.745966692414835,0.0,1.0,-0.01724137931034484,0.03389830508474576
LNGN0361,terminal,total_degree,60,1,0.016666666666666666,0.12909944487358058,7.745966692414835,0.0,1.0,-0.01724137931034484,0.03389830508474576
LNGN0361,terminal,total_strength,60,1,2663.3333333333335,20630.091290798166,7.7459666924148305,0.0,159800.0,-0.017241379310344754,5416.949152542373
LNGN0361,terminal,betweenness,60,1,0.0,0.0,,0.0,0.0,,0.0
LNGN0361,terminal,pagerank,60,1,0.0001758608761842368,0.0013622124894219875,7.745966692414835,0.0,0.010551652571054209,-0.017241379310344793,0.0003576831380018376
LNGN0361,terminal,eigenvector,60,1,4.793176670826607e-07,3.7127786843082717e-06,7.745966692414833,0.0,2.8759060024959643e-05,-0.017241379310344793,9.748833906765981e-07
LNGN0361,terminal,share_monthly_network_flow,60,1,4.109773247041674e-05,0.0003183416668496237,7.745966692414834,0.0,0.0024658639482250046,-0.01724137931034478,8.358860841440694e-05
LNGN0362,terminal,node_throughput,60,9,24946.666666666668,60007.74940539402,2.4054415849302786,0.0,180000.0,0.21072857506687695,34644.06779661017
LNGN0362,terminal,total_voyages,60,9,0.15,0.3600847357902755,2.4005649052685034,0.0,1.0,0.21333333333333393,0.2033898305084746
LNGN0362,terminal,total_route_exposure,60,9,0.15,0.3600847357902755,2.4005649052685034,0.0,1.0,0.21333333333333393,0.2033898305084746
LNGN0362,terminal,total_degree,60,9,0.15,0.3600847357902755,2.4005649052685034,0.0,1.0,0.21333333333333393,0.2033898305084746
LNGN0362,terminal,total_strength,60,9,24946.666666666668,60007.74940539402,2.4054415849302786,0.0,180000.0,0.21072857506687695,34644.06779661017
LNGN0362,terminal,betweenness,60,9,0.0,0.0,,0.0,0.0,,0.0
LNGN0362,terminal,pagerank,60,9,0.0016049830337904099,0.0039645901063225875,2.470175710804624,0.0,0.013724674667189412,0.14401502398624857,0.002424514033500898
LNGN0362,terminal,eigenvector,60,9,1.1211130107553053e-05,6.994575615855287e-05,6.238956776661587,0.0,0.0005302321352878587,0.19759022742444968,1.86673160014304e-05
LNGN0362,terminal,share_monthly_network_flow,60,9,0.00033161312652557596,0.00082302316945389,2.4818775362633714,0.0,0.0030910778493078704,0.36672076096074047,0.0004246571479971004
LNGN0363,terminal,node_throughput,60,38,177833.38333333333,177399.67882674877,0.9975611749692035,0.0,567590.0,0.14779212100337752,171354.81355932204
LNGN0363,terminal,total_voyages,60,38,1.0,1.0084389681792214,1.0084389681792214,0.0,3.0,0.16666666666666669,0.9491525423728814
LNGN0363,terminal,total_route_exposure,60,38,0.9,0.8576673133208372,0.9529636814675969,0.0,3.0,0.19335937499999997,0.7796610169491526
LNGN0363,terminal,total_degree,60,38,0.8,0.7083042533080239,0.8853803166350299,0.0,2.0,0.18807339449541277,0.6440677966101694
LNGN0363,terminal,total_strength,60,38,177833.38333333333,177399.67882674877,0.9975611749692035,0.0,567590.0,0.14779212100337752,171354.81355932204
LNGN0363,terminal,betweenness,60,38,0.0,0.0,,0.0,0.0,,0.0
LNGN0363,terminal,pagerank,60,38,0.006027083280673763,0.004957255759291764,0.8224966419806292,0.0,0.014786269279761975,0.25165964125093954,0.004328394474021079
LNGN0363,terminal,eigenvector,60,38,0.0013645063042539611,0.0024882591220726697,1.8235600043146127,0.0,0.012159053065580653,0.06918020666124847,0.0018817829068217557
LNGN0363,terminal,share_monthly_network_flow,60,38,0.0021006606302946965,0.002212502146216065,1.0532411158225394,0.0,0.009800485911255357,0.28986463426416115,0.0019267175864168921
LNGN0364,terminal,node_throughput,60,1,2900.0,22463.30340800302,7.745966692414834,0.0,174000.0,-0.01724137931034482,5898.3050847457625
LNGN0364,terminal,total_voyages,60,1,0.016666666666666666,0.12909944487358058,7.745966692414835,0.0,1.0,-0.017241379310344834,0.03389830508474576
LNGN0364,terminal,total_route_exposure,60,1,0.016666666666666666,0.12909944487358058,7.745966692414835,0.0,1.0,-0.017241379310344834,0.03389830508474576
LNGN0364,terminal,total_degree,60,1,0.016666666666666666,0.12909944487358058,7.745966692414835,0.0,1.0,-0.017241379310344834,0.03389830508474576
LNGN0364,terminal,total_strength,60,1,2900.0,22463.30340800302,7.745966692414834,0.0,174000.0,-0.01724137931034482,5898.3050847457625
LNGN0364,terminal,betweenness,60,1,0.0,0.0,,0.0,0.0,,0.0
LNGN0364,terminal,pagerank,60,1,0.00010200722534421806,0.0007901445699019674,7.745966692414834,0.0,0.006120433520653084,-0.01724137931034481,0.00020747232273400285
LNGN0364,terminal,eigenvector,60,1,6.164701957601721e-05,0.00047751576032247455,7.745966692414833,0.0,0.003698821174561033,-0.017241379310344834,0.00012538376862918755
LNGN0364,terminal,share_monthly_network_flow,60,1,2.464434471435233e-05,0.0001908942733137627,7.745966692414834,0.0,0.0014786606828611397,-0.017241379310344827,5.012409094444541e-05
LNGN0372,terminal,node_throughput,60,16,53148.35,93712.39404794574,1.763223017232816,0.0,368682.0,-0.09515004324757077,86132.2372881356
LNGN0372,terminal,total_voyages,60,16,0.3,0.5304299503265155,1.7680998344217185,0.0,2.0,-0.09034907597535927,0.4745762711864407
LNGN0372,terminal,total_route_exposure,60,16,0.2833333333333333,0.4903014177279,1.7304755919808235,0.0,2.0,-0.06370192307692307,0.4406779661016949
LNGN0372,terminal,total_degree,60,16,0.2833333333333333,0.4903014177279,1.7304755919808235,0.0,2.0,-0.06370192307692307,0.4406779661016949
LNGN0372,terminal,total_strength,60,16,53148.35,93712.39404794574,1.763223017232816,0.0,368682.0,-0.09515004324757077,86132.2372881356
LNGN0372,terminal,betweenness,60,16,0.0,0.0,,0.0,0.0,,0.0
LNGN0372,terminal,pagerank,60,16,0.002420718971691895,0.0041840355340621235,1.72842679509295,0.0,0.015406495898777562,-0.024902013013056383,0.003853864476087652
LNGN0372,terminal,eigenvector,60,16,0.00016829297381587227,0.0005129129367213442,3.0477382691122763,0.0,0.0027534664491462428,-0.003938385733226984,0.0003004845792235235
LNGN0372,terminal,share_monthly_network_flow,60,16,0.0006885684593563682,0.0012816609671957046,1.8613413812095359,0.0,0.00533019465559334,-0.0778864789669414,0.0011456087489394784
LNGN0374,terminal,node_throughput,60,58,556999.3833333333,268489.20595833776,0.48202783340903954,0.0,1175300.0,0.15075470511859596,277685.0169491525
LNGN0374,terminal,total_voyages,60,58,3.466666666666667,1.6719689668138882,0.4822987404270831,0.0,7.0,0.1796582260316406,1.6779661016949152
LNGN0374,terminal,total_route_exposure,60,58,2.35,1.0865120683067775,0.46234556098160745,0.0,5.0,0.2087867420810338,1.0508474576271187
LNGN0374,terminal,total_degree,60,58,2.35,1.0865120683067775,0.46234556098160745,0.0,5.0,0.2087867420810338,1.0508474576271187
LNGN0374,terminal,total_strength,60,58,556999.3833333333,268489.20595833776,0.48202783340903954,0.0,1175300.0,0.15075470511859596,277685.0169491525
LNGN0374,terminal,betweenness,60,58,0.0,0.0,,0.0,0.0,,0.0
LNGN0374,terminal,pagerank,60,58,0.008413495895713939,0.002554835326341282,0.3036591873352888,0.0,0.014989892560525648,0.15940193017122578,0.0020278980956817236
LNGN0374,terminal,eigenvector,60,58,0.00047594007042183,0.0014934911306885134,3.137981488645868,0.0,0.008263244950354447,-0.07495067086840636,0.0008267146404001938
LNGN0374,terminal,share_monthly_network_flow,60,58,0.006818587114505243,0.003823764275914768,0.5607854254410622,0.0,0.017583038015530628,0.2528792079172737,0.0034752819156787292
LNGN0378,terminal,node_throughput,60,46,231861.66666666666,178900.88828086798,0.7715845868479106,0.0,604000.0,0.5473352767714442,123515.25423728813
LNGN0378,terminal,total_voyages,60,46,3.033333333333333,2.3503816254622856,0.774851085317237,0.0,8.0,0.5577684976978264,1.5932203389830508
LNGN0378,terminal,total_route_exposure,60,46,1.7666666666666666,1.3195616460980923,0.7469216864706183,0.0,5.0,0.5178753830439223,0.9152542372881356
LNGN0378,terminal,total_degree,60,46,1.7666666666666666,1.3195616460980923,0.7469216864706183,0.0,5.0,0.5178753830439223,0.9152542372881356
LNGN0378,terminal,total_strength,60,46,231861.66666666666,178900.88828086798,0.7715845868479106,0.0,604000.0,0.5473352767714442,123515.25423728813
LNGN0378,terminal,betweenness,60,46,0.0,0.0,,0.0,0.0,,0.0
LNGN0378,terminal,pagerank,60,46,0.004807322794778553,0.0027491198452470143,0.5718608802872475,0.0,0.0077093748584512916,0.4861596983701111,0.0013131472007739998
LNGN0378,terminal,eigenvector,60,46,7.2542537796907e-05,0.00010540473790283009,1.4530059342275208,0.0,0.00044769446214730784,0.38378242979366606,7.156773341853648e-05
LNGN0378,terminal,share_monthly_network_flow,60,46,0.002460596443876084,0.0018165917237922997,0.738272920906401,0.0,0.006792218287753561,0.3932685928155233,0.0014607833996773882
LNGN0381,terminal,node_throughput,60,58,637370.3666666667,334523.22939670255,0.5248490467892308,0.0,1443472.0,0.19261000268188858,331900.9152542373
LNGN0381,terminal,total_voyages,60,58,3.816666666666667,2.021005511332455,0.5295210946722589,0.0,9.0,0.20055075285294993,1.9661016949152543
LNGN0381,terminal,total_route_exposure,60,58,2.9833333333333334,1.5996998306002905,0.5362122337207678,0.0,7.0,0.1568989553308185,1.5932203389830508
LNGN0381,terminal,total_degree,60,58,2.15,0.9173469483945611,0.4266729992532842,0.0,4.0,0.11611107344486225,0.9491525423728814
LNGN0381,terminal,total_strength,60,58,637370.3666666667,334523.22939670255,0.5248490467892308,0.0,1443472.0,0.19261000268188858,331900.9152542373
LNGN0381,terminal,betweenness,60,58,0.0,0.0,,0.0,0.0,,0.0
LNGN0381,terminal,pagerank,60,58,0.014220662194501294,0.0049927338677237115,0.35109011095518833,0.0,0.028800714431795674,0.060337823434252924,0.004902402693850653
LNGN0381,terminal,eigenvector,60,58,0.001961835560839171,0.007543860517798645,3.8453072563185544,0.0,0.05772730118786474,0.01966537036138507,0.0030401033364951587
LNGN0381,terminal,share_monthly_network_flow,60,58,0.007618587503454091,0.004104235067165263,0.5387133855592652,0.0,0.017996053889265933,0.29478078661376295,0.0038924304434214854
LNGN0382,terminal,node_throughput,60,7,21505.8,60455.656348283046,2.8111326408821364,0.0,217000.0,-0.011973950239173959,38488.13559322034
LNGN0382,terminal,total_voyages,60,7,0.11666666666666667,0.32373177151309335,2.7748437558265144,0.0,1.0,0.027472527472527406,0.2033898305084746
LNGN0382,terminal,total_route_exposure,60,7,0.11666666666666667,0.32373177151309335,2.7748437558265144,0.0,1.0,0.027472527472527406,0.2033898305084746
LNGN0382,terminal,total_degree,60,7,0.11666666666666667,0.32373177151309335,2.7748437558265144,0.0,1.0,0.027472527472527406,0.2033898305084746
LNGN0382,terminal,total_strength,60,7,21505.8,60455.656348283046,2.8111326408821364,0.0,217000.0,-0.011973950239173959,38488.13559322034
LNGN0382,terminal,betweenness,60,7,0.0,0.0,,0.0,0.0,,0.0
LNGN0382,terminal,pagerank,60,7,0.0010141643828683313,0.0028287163695552607,2.7892089461423257,0.0,0.009815706701947641,0.064039952734688,0.0017417971891264998
LNGN0382,terminal,eigenvector,60,7,0.00015805667210378835,0.0006990880610709305,4.423021513523152,0.0,0.003501761448855398,-0.05291066078002904,0.00032147119749923055
LNGN0382,terminal,share_monthly_network_flow,60,7,0.00030413736240219534,0.0008820583809831246,2.9001973779751493,0.0,0.0038900068710260127,0.05946619701755467,0.000521374331674265
LNGN0385,terminal,node_throughput,60,57,1031618.8833333333,646703.193079895,0.6268818878055903,0.0,2710688.0,0.5684240485109369,476583.0
LNGN0385,terminal,total_voyages,60,57,5.1,3.286851050855282,0.6444805982069182,0.0,12.0,0.5964047191677349,2.389830508474576
LNGN0385,terminal,total_route_exposure,60,57,2.5833333333333335,1.778322068279836,0.6883827361083236,0.0,7.0,0.5798773107548124,1.2372881355932204
LNGN0385,terminal,total_degree,60,57,2.533333333333333,1.760842120052622,0.6950692579155088,0.0,7.0,0.5880091004946809,1.1694915254237288
LNGN0385,terminal,total_strength,60,57,1031618.8833333333,646703.193079895,0.6268818878055903,0.0,2710688.0,0.5684240485109369,476583.0
LNGN0385,terminal,betweenness,60,57,0.0,0.0,,0.0,0.0,,0.0
LNGN0385,terminal,pagerank,60,57,0.011396382080089446,0.004607153215926083,0.4042645449712689,0.0,0.023508895403549578,0.5643538088352128,0.003328025688162408
LNGN0385,terminal,eigenvector,60,57,0.004173221936860356,0.00806353815587194,1.9322092804722457,0.0,0.03668593804865367,0.091372998501659,0.005249672414545778
LNGN0385,terminal,share_monthly_network_flow,60,57,0.011935874409414144,0.0076929697038523705,0.6445250209557097,0.0,0.03214688460078553,0.5722460509536689,0.005194379312274135
LNGN0391,terminal,node_throughput,60,5,19491.666666666668,70323.79661292824,3.607890377747494,0.0,348000.0,0.3258955471757552,28135.593220338982
LNGN0391,terminal,total_voyages,60,5,0.11666666666666667,0.41545020165658497,3.561001728485014,0.0,2.0,0.3116666666666664,0.1694915254237288
LNGN0391,terminal,total_route_exposure,60,5,0.11666666666666667,0.41545020165658497,3.561001728485014,0.0,2.0,0.3116666666666664,0.1694915254237288
LNGN0391,terminal,total_degree,60,5,0.1,0.3541521266540119,3.541521266540119,0.0,2.0,0.188073394495413,0.1694915254237288
LNGN0391,terminal,total_strength,60,5,19491.666666666668,70323.79661292824,3.607890377747494,0.0,348000.0,0.3258955471757552,28135.593220338982
LNGN0391,terminal,betweenness,60,5,0.0,0.0,,0.0,0.0,,0.0
LNGN0391,terminal,pagerank,60,5,0.0005688201902044473,0.0019202748907587886,3.375890876989786,0.0,0.008364995746778849,0.10750323777776244,0.0009366060802378002
LNGN0391,terminal,eigenvector,60,5,0.0007277586912571588,0.002751151242172191,3.780306955070155,0.0,0.012113767551080382,0.21730622430453533,0.0011123157882681738
LNGN0391,terminal,share_monthly_network_flow,60,5,0.0001889925823606262,0.0006724761802744605,3.5582146763372706,0.0,0.002980272931168396,0.2318171613780277,0.0002893468021718275
LNGN0398,terminal,node_throughput,60,49,309275.1666666667,230881.0175801664,0.7465229752151662,0.0,843981.0,0.4315886657010019,180754.6779661017
LNGN0398,terminal,total_voyages,60,49,2.1166666666666667,1.5632611140607522,0.7385485578239774,0.0,6.0,0.40831795290771555,1.2203389830508475
LNGN0398,terminal,total_route_exposure,60,49,1.25,0.8561838864739438,0.684947109179155,0.0,3.0,0.49348767043240294,0.5932203389830508
LNGN0398,terminal,total_degree,60,49,0.8166666666666667,0.39020492949942315,0.4778019544890896,0.0,1.0,0.4797056405193429,0.15254237288135594
LNGN0398,terminal,total_strength,60,49,309275.1666666667,230881.0175801664,0.7465229752151662,0.0,843981.0,0.4315886657010019,180754.6779661017
LNGN0398,terminal,betweenness,60,49,0.0,0.0,,0.0,0.0,,0.0
LNGN0398,terminal,pagerank,60,49,0.007564180516837793,0.003994188939099631,0.5280398755963854,0.0,0.016226898999015867,0.36116314440657743,0.0028197894405474705
LNGN0398,terminal,eigenvector,60,49,0.0038281986707959957,0.0037629192535599152,0.9829477457024175,0.0,0.014282990464453213,0.4707854913199261,0.0027244026661449334
LNGN0398,terminal,share_monthly_network_flow,60,49,0.0033243156455816767,0.0022647597397163184,0.6812709685755605,0.0,0.008347779487649434,0.2621591059016042,0.0020533780584716384
LNGN0405,terminal,node_throughput,60,16,83043.45,167600.29805861457,2.018224171305679,0.0,617511.0,0.717034315800703,55417.05084745763
LNGN0405,terminal,total_voyages,60,16,0.5333333333333333,1.0809077582850928,2.026702046784549,0.0,4.0,0.7161896232722955,0.3559322033898305
LNGN0405,terminal,total_route_exposure,60,16,0.43333333333333335,0.8102451327476413,1.8697964601868644,0.0,3.0,0.7792963640621302,0.22033898305084745
LNGN0405,terminal,total_degree,60,16,0.43333333333333335,0.8102451327476413,1.8697964601868644,0.0,3.0,0.7792963640621302,0.22033898305084745
LNGN0405,terminal,total_strength,60,16,83043.45,167600.29805861457,2.018224171305679,0.0,617511.0,0.717034315800703,55417.05084745763
LNGN0405,terminal,betweenness,60,16,0.0,0.0,,0.0,0.0,,0.0
LNGN0405,terminal,pagerank,60,16,0.0022544465998538096,0.003964622093115218,1.7585788429729519,0.0,0.013153365255050316,0.8849366562366449,0.0007746838902051138
LNGN0405,terminal,eigenvector,60,16,2.19693645877427e-05,8.932390605991092e-05,4.065839305600451,0.0,0.0005988331818062612,0.491191742514823,2.3790968265197185e-05
LNGN0405,terminal,share_monthly_network_flow,60,16,0.0010830526209616165,0.002423010929745444,2.237205176230598,0.0,0.011578245957118231,0.7022227906710217,0.0007408642682945191
LNGN0421,terminal,node_throughput,60,51,381357.2,307731.0034946491,0.8069363932152037,0.0,1177688.0,0.24327227772376214,277840.27118644066
LNGN0421,terminal,total_voyages,60,51,2.2,1.79264032143481,0.8148365097430953,0.0,7.0,0.2520141924153473,1.5593220338983051
LNGN0421,terminal,total_route_exposure,60,51,1.9,1.5480988887960376,0.8147888888400199,0.0,7.0,0.28372613152331033,1.2881355932203389
LNGN0421,terminal,total_degree,60,51,0.85,0.36008473579027556,0.42362910092973594,0.0,1.0,0.5204374312304102,0.11864406779661017
LNGN0421,terminal,total_strength,60,51,381357.2,307731.0034946491,0.8069363932152037,0.0,1177688.0,0.24327227772376214,277840.27118644066
LNGN0421,terminal,betweenness,60,51,0.0,0.0,,0.0,0.0,,0.0
LNGN0421,terminal,pagerank,60,51,0.011044693327355026,0.006192858764919051,0.5607089831621528,0.0,0.024800844458328003,0.472035520393116,0.004062414723175552
LNGN0421,terminal,eigenvector,60,51,0.0010699383030569726,0.003133594678714437,2.928762032129602,0.0,0.022061336939895773,0.2165479535588702,0.0015023568918796104
LNGN0421,terminal,share_monthly_network_flow,60,51,0.004491535120455902,0.003838316560148822,0.8545667477179213,0.0,0.014711035751178408,0.40143579897109666,0.003119921019800033
LNGN0423,terminal,node_throughput,60,33,160450.63333333333,190880.71329710717,1.1896538476140253,0.0,816000.0,0.672841301053456,88396.67796610169
LNGN0423,terminal,total_voyages,60,33,1.3666666666666667,1.5178783884949043,1.1106427232889544,0.0,5.0,0.7628386395057827,0.576271186440678
LNGN0423,terminal,total_route_exposure,60,33,1.2166666666666666,1.3288413031809134,1.0921983313815729,0.0,4.0,0.7675941229968194,0.5084745762711864
LNGN0423,terminal,total_degree,60,33,1.0833333333333333,1.168682681072817,1.0787840132979851,0.0,3.0,0.7490430291302785,0.4745762711864407
LNGN0423,terminal,total_strength,60,33,160450.63333333333,190880.71329710717,1.1896538476140253,0.0,816000.0,0.672841301053456,88396.67796610169
LNGN0423,terminal,betweenness,60,33,0.0,0.0,,0.0,0.0,,0.0
LNGN0423,terminal,pagerank,60,33,0.0033555365515042287,0.0031190301061863146,0.9295175475850822,0.0,0.008097491084857909,0.7650003221695872,0.0007846023200740627
LNGN0423,terminal,eigenvector,60,33,0.0016680738060167477,0.0031847542011344708,1.9092405801512211,0.0,0.013061787822130237,0.24147596680566913,0.0019623385018250348
LNGN0423,terminal,share_monthly_network_flow,60,33,0.0017228552462431976,0.002008250520469129,1.1656524974157028,0.0,0.007646985391081031,0.6536605589221898,0.0010086320046177812
LNGN0425,terminal,node_throughput,60,12,28589.466666666667,57989.10115526435,2.028337983054284,0.0,160000.0,0.1908846669171601,39162.67796610169
LNGN0425,terminal,total_voyages,60,12,0.2,0.4033755872716886,2.016877936358443,0.0,1.0,0.16312056737588637,0.2711864406779661
LNGN0425,terminal,total_route_exposure,60,12,0.2,0.4033755872716886,2.016877936358443,0.0,1.0,0.16312056737588637,0.2711864406779661
LNGN0425,terminal,total_degree,60,12,0.2,0.4033755872716886,2.016877936358443,0.0,1.0,0.16312056737588637,0.2711864406779661
LNGN0425,terminal,total_strength,60,12,28589.466666666667,57989.10115526435,2.028337983054284,0.0,160000.0,0.1908846669171601,39162.67796610169
LNGN0425,terminal,betweenness,60,12,0.0,0.0,,0.0,0.0,,0.0
LNGN0425,terminal,pagerank,60,12,0.0016722411818521007,0.0035073497879977216,2.0973946976435154,0.0,0.013778070821915522,0.28467625194250346,0.002375100586803101
LNGN0425,terminal,eigenvector,60,12,7.734171806291901e-07,2.359375655167849e-06,3.0505860410916275,0.0,1.4423225576919928e-05,-0.08134506529281225,1.5345597599277098e-06
LNGN0425,terminal,share_monthly_network_flow,60,12,0.00029908117542378057,0.0006163008080602623,2.060647271387108,0.0,0.0018975872658636651,0.23219656872227862,0.0004105731107204131
LNGN0426,terminal,node_throughput,60,48,343624.45,282296.05474799965,0.8215249373203788,0.0,1124950.0,0.10552425728830872,282292.9152542373
LNGN0426,terminal,total_voyages,60,48,1.7833333333333334,1.391154461037047,0.7800866136656338,0.0,5.0,0.14375190956309192,1.3559322033898304
LNGN0426,terminal,total_route_exposure,60,48,1.5166666666666666,1.1273437607057841,0.7433035784873302,0.0,4.0,0.1327578161455902,1.0508474576271187
LNGN0426,terminal,total_degree,60,48,1.3666666666666667,1.0078785685981957,0.7374721233645334,0.0,4.0,0.06950934579439254,1.0169491525423728
LNGN0426,terminal,total_strength,60,48,343624.45,282296.05474799965,0.8215249373203788,0.0,1124950.0,0.10552425728830872,282292.9152542373
LNGN0426,terminal,betweenness,60,48,0.0,0.0,,0.0,0.0,,0.0
LNGN0426,terminal,pagerank,60,48,0.009197288940685444,0.00532497165537677,0.5789718785305354,0.0,0.021915625975129187,0.013501158998418037,0.005201958306781031
LNGN0426,terminal,eigenvector,60,48,0.00253013838999064,0.004508804548887848,1.782038708524765,0.0,0.022448677957684775,-0.053488082155104914,0.003822348584259287
LNGN0426,terminal,share_monthly_network_flow,60,48,0.003875894184432398,0.0030414646416513235,0.784713022834169,0.0,0.013419182862362104,-0.05673510918931238,0.0033301518657748463
LNGN0427,terminal,node_throughput,60,48,21548.45,13774.968109625026,0.6392556360028228,0.0,40969.0,0.19019995910206924,13013.796610169491
LNGN0427,terminal,total_voyages,60,48,1.1833333333333333,0.7476894729916952,0.6318502588662213,0.0,2.0,0.2097176232019652,0.6949152542372882
LNGN0427,terminal,total_route_exposure,60,48,0.8,0.40337558727168865,0.5042194840896108,0.0,1.0,0.4068145348485268,0.1864406779661017
LNGN0427,terminal,total_degree,60,48,0.8,0.40337558727168865,0.5042194840896108,0.0,1.0,0.4068145348485268,0.1864406779661017
LNGN0427,terminal,total_strength,60,48,21548.45,13774.968109625026,0.6392556360028228,0.0,40969.0,0.19019995910206924,13013.796610169491
LNGN0427,terminal,betweenness,60,48,0.0,0.0,,0.0,0.0,,0.0
LNGN0427,terminal,pagerank,60,48,0.007186576291161126,0.004194716202573799,0.5836877022697082,0.0,0.014524308086655873,0.5017490906531227,0.002676322945992688
LNGN0427,terminal,eigenvector,60,48,1.0618699016684126e-08,5.250850472525447e-08,4.944909413361559,0.0,4.0593485560275216e-07,-0.01566355554872131,1.8909298956998324e-08
LNGN0427,terminal,share_monthly_network_flow,60,48,0.0002482838712983918,0.00016618508130956467,0.6693349851543139,0.0,0.0007098897805536256,0.3776728736904129,0.00013908204173839316
LNGN0428,terminal,node_throughput,60,27,131599.11666666667,171937.76599167066,1.3065267484065228,0.0,528000.0,0.05034535816600216,161416.91525423728
LNGN0428,terminal,total_voyages,60,27,0.8,1.0382514636131823,1.297814329516478,0.0,3.0,0.027867419530015567,0.9661016949152542
LNGN0428,terminal,total_route_exposure,60,27,0.7666666666666667,0.9977375536626356,1.3013968091251769,0.0,3.0,0.032791995951643275,0.9322033898305084
LNGN0428,terminal,total_degree,60,27,0.6,0.7635776630164262,1.2726294383607104,0.0,3.0,0.04816307371173644,0.6949152542372882
LNGN0428,terminal,total_strength,60,27,131599.11666666667,171937.76599167066,1.3065267484065228,0.0,528000.0,0.05034535816600216,161416.91525423728
LNGN0428,terminal,betweenness,60,27,0.0,0.0,,0.0,0.0,,0.0
LNGN0428,terminal,pagerank,60,27,0.0038265674957032323,0.004460951414319856,1.1657840660929042,0.0,0.015026148157123088,0.09745389318043307,0.004077923339506931
LNGN0428,terminal,eigenvector,60,27,0.0007839918121292147,0.0016870944999368824,2.151928724044916,0.0,0.00846072925971637,0.050708371820986,0.0011674160138563847
LNGN0428,terminal,share_monthly_network_flow,60,27,0.0014814007527340879,0.0019061829983595697,1.2867436410042992,0.0,0.007525930958926499,-0.01273030081391797,0.0018316042897963318
LNGN0429,terminal,node_throughput,60,14,49206.9,96484.31760244857,1.960788377289538,0.0,342000.0,0.16272643541183987,70481.94915254238
LNGN0429,terminal,total_voyages,60,14,0.3,0.5908913118102865,1.9696377060342884,0.0,2.0,0.17990937368871068,0.423728813559322
LNGN0429,terminal,total_route_exposure,60,14,0.3,0.5908913118102865,1.9696377060342884,0.0,2.0,0.17990937368871068,0.423728813559322
LNGN0429,terminal,total_degree,60,14,0.2833333333333333,0.5551505114790765,1.9593547463967405,0.0,2.0,0.11798233498387747,0.423728813559322
LNGN0429,terminal,total_strength,60,14,49206.9,96484.31760244857,1.960788377289538,0.0,342000.0,0.16272643541183987,70481.94915254238
LNGN0429,terminal,betweenness,60,14,0.0,0.0,,0.0,0.0,,0.0
LNGN0429,terminal,pagerank,60,14,0.002287169250440563,0.0043499740486880965,1.901902995526102,0.0,0.016505303444636278,0.050232030565165266,0.003324807546818735
LNGN0429,terminal,eigenvector,60,14,0.0005179550113904083,0.003208895223910806,6.195316491478258,0.0,0.02481266921841224,-0.02543235611796017,0.0010256298542434888
LNGN0429,terminal,share_monthly_network_flow,60,14,0.0006711246651570447,0.001351797494871008,2.0142271101818086,0.0,0.006040849282647381,0.14693557029204776,0.0009575440634473357
LNGN0435,terminal,node_throughput,60,59,85875.2,48541.58819508995,0.5652573524730068,0.0,184969.0,0.557793379599874,34484.30508474576
LNGN0435,terminal,total_voyages,60,59,3.95,1.9951211678933864,0.5050939665552877,0.0,8.0,0.44708497361829036,1.5423728813559323
LNGN0435,terminal,total_route_exposure,60,59,2.5166666666666666,1.0332057511908193,0.41054533159900103,0.0,5.0,0.2874043315418002,0.9491525423728814
LNGN0435,terminal,total_degree,60,59,2.2333333333333334,0.8102451327476413,0.3627963280959588,0.0,4.0,0.31055571092766987,0.711864406779661
LNGN0435,terminal,total_strength,60,59,85875.2,48541.58819508995,0.5652573524730068,0.0,184969.0,0.557793379599874,34484.30508474576
LNGN0435,terminal,betweenness,60,59,0.0,0.0,,0.0,0.0,,0.0
LNGN0435,terminal,pagerank,60,59,0.006368718127455506,0.001151959826445227,0.18087781613055462,0.0,0.008097491084857909,0.2164775427516231,0.0005959042011167965
LNGN0435,terminal,eigenvector,60,59,2.2991715625756194e-06,5.129130626859122e-06,2.2308603282798414,0.0,3.396021238014305e-05,0.048984517817161725,3.171426740770261e-06
LNGN0435,terminal,share_monthly_network_flow,60,59,0.0010165494696984063,0.000611395771885093,0.6014422220558377,0.0,0.0028310398607581354,0.5995729522730986,0.0003995279078153425
LNGN0437,terminal,node_throughput,60,44,283227.2833333333,235977.66582792604,0.8331742021837681,0.0,944662.0,0.2818472534602729,208167.93220338982
LNGN0437,terminal,total_voyages,60,44,1.4833333333333334,1.2418093233182887,0.8371748247089587,0.0,5.0,0.27027173612602545,1.0677966101694916
LNGN0437,terminal,total_route_exposure,60,44,1.2166666666666666,0.975838043430184,0.802058665833028,0.0,3.0,0.1970191866171799,0.8983050847457628
LNGN0437,terminal,total_degree,60,44,0.8666666666666667,0.6234585511256954,0.7193752512988792,0.0,2.0,0.22409080993050096,0.423728813559322
LNGN0437,terminal,total_strength,60,44,283227.2833333333,235977.66582792604,0.8331742021837681,0.0,944662.0,0.2818472534602729,208167.93220338982
LNGN0437,terminal,betweenness,60,44,0.0,0.0,,0.0,0.0,,0.0
LNGN0437,terminal,pagerank,60,44,0.006655764475827059,0.004244207046681439,0.6376738633249256,0.0,0.013333902537702507,0.3406915925080083,0.003243333180316753
LNGN0437,terminal,eigenvector,60,44,0.003290188240459817,0.0042917388207781805,1.3044052519555516,0.0,0.020081240278179095,0.24688407245677874,0.0032857701369911206
LNGN0437,terminal,share_monthly_network_flow,60,44,0.0029807927386554306,0.002342258063956417,0.7857836050060151,0.0,0.008169963862341681,0.09876292041038029,0.002389627791021382
LNGN0441,terminal,node_throughput,60,55,455854.5,275381.5328523658,0.60409962576297,0.0,1335045.0,0.3817622924274543,227046.10169491524
LNGN0441,terminal,total_voyages,60,55,2.8,1.6753446394748004,0.5983373712410002,0.0,8.0,0.40309458613518134,1.3389830508474576
LNGN0441,terminal,total_route_exposure,60,55,2.5833333333333335,1.5103222988248843,0.5846408898676971,0.0,7.0,0.3573860779637757,1.305084745762712
LNGN0441,terminal,total_degree,60,55,1.5333333333333334,0.675645746779511,0.4406385305083767,0.0,3.0,0.277717643292464,0.559322033898305
LNGN0441,terminal,total_strength,60,55,455854.5,275381.5328523658,0.60409962576297,0.0,1335045.0,0.3817622924274543,227046.10169491524
LNGN0441,terminal,betweenness,60,55,0.0,0.0,,0.0,0.0,,0.0
LNGN0441,terminal,pagerank,60,55,0.0059064986867465846,0.001951283073737231,0.3303620600332404,0.0,0.007890287825063779,-0.01067424697223518,0.0013132179914753608
LNGN0441,terminal,eigenvector,60,55,0.00017854673928652124,0.00043873630335044563,2.4572630399392934,0.0,0.002826819744528891,0.07130930892262734,0.0002543569270340578
LNGN0441,terminal,share_monthly_network_flow,60,55,0.005331618550647379,0.0032242846081946626,0.6047478036108118,0.0,0.01661783896582909,0.41991362489862744,0.002590635574721182
LNGN0442,terminal,node_throughput,60,18,81017.45,145945.68234657584,1.8014104658511942,0.0,661000.0,0.30807445967665414,83556.50847457627
LNGN0442,terminal,total_voyages,60,18,0.48333333333333334,0.8731720211568126,1.8065628023934053,0.0,4.0,0.2959454551237275,0.4915254237288136
LNGN0442,terminal,total_route_exposure,60,18,0.4166666666666667,0.719973320284095,1.7279359686818279,0.0,3.0,0.39016362556435114,0.3898305084745763
LNGN0442,terminal,total_degree,60,18,0.4166666666666667,0.719973320284095,1.7279359686818279,0.0,3.0,0.39016362556435114,0.3898305084745763
LNGN0442,terminal,total_strength,60,18,81017.45,145945.68234657584,1.8014104658511942,0.0,661000.0,0.30807445967665414,83556.50847457627
LNGN0442,terminal,betweenness,60,18,0.0,0.0,,0.0,0.0,,0.0
LNGN0442,terminal,pagerank,60,18,0.0022557864056657714,0.0036404629446747296,1.6138331783235857,0.0,0.012530159427700676,0.6123361281987149,0.0015356743849162463
LNGN0442,terminal,eigenvector,60,18,9.771693164788277e-06,2.7924228824352674e-05,2.857665335315275,0.0,0.00018308135142887082,0.029269270254882362,1.546743705681967e-05
LNGN0442,terminal,share_monthly_network_flow,60,18,0.0009005218799631871,0.001688255670433987,1.87475252739334,0.0,0.008541647569487141,0.33407782635258076,0.0009396497754717508
LNGN0447,terminal,node_throughput,60,7,18227.883333333335,50828.33293034193,2.7884934306877063,0.0,174000.0,-0.12223758497329407,34192.30508474576
LNGN0447,terminal,total_voyages,60,7,0.11666666666666667,0.32373177151309335,2.7748437558265144,0.0,1.0,-0.12344827865802098,0.22033898305084745
LNGN0447,terminal,total_route_exposure,60,7,0.11666666666666667,0.32373177151309335,2.7748437558265144,0.0,1.0,-0.12344827865802098,0.22033898305084745
LNGN0447,terminal,total_degree,60,7,0.11666666666666667,0.32373177151309335,2.7748437558265144,0.0,1.0,-0.12344827865802098,0.22033898305084745
LNGN0447,terminal,total_strength,60,7,18227.883333333335,50828.33293034193,2.7884934306877063,0.0,174000.0,-0.12223758497329407,34192.30508474576
LNGN0447,terminal,betweenness,60,7,0.0,0.0,,0.0,0.0,,0.0
LNGN0447,terminal,pagerank,60,7,0.0008931698381602495,0.0025241225742456243,2.8260275553469314,0.0,0.010402991392595621,-0.11877101489612654,0.0016720301904348915
LNGN0447,terminal,eigenvector,60,7,0.0002121875163961176,0.0007171243467510249,3.3796726543152382,0.0,0.004025696704827673,-0.09067865305296002,0.00043156782995820524
LNGN0447,terminal,share_monthly_network_flow,60,7,0.00021218098201086088,0.000637710367290714,3.005502007046379,0.0,0.0031315482428504863,-0.10460813251406231,0.0003880354026571496
LNGN0449,terminal,node_throughput,60,47,464207.95,414566.62396701,0.893062309611479,0.0,1682470.0,0.5800444188968945,287718.0
LNGN0449,terminal,total_voyages,60,47,2.2,1.8484991621697786,0.8402268918953538,0.0,7.0,0.5331520720188436,1.3220338983050848
LNGN0449,terminal,total_route_exposure,60,47,1.4,1.1379434319144726,0.8128167370817662,0.0,4.0,0.17035461126969062,1.0677966101694916
LNGN0449,terminal,total_degree,60,47,0.7833333333333333,0.41545020165658514,0.530361959561598,0.0,1.0,0.34093771510603843,0.22033898305084745
LNGN0449,terminal,total_strength,60,47,464207.95,414566.62396701,0.893062309611479,0.0,1682470.0,0.5800444188968945,287718.0
LNGN0449,terminal,betweenness,60,47,0.0,0.0,,0.0,0.0,,0.0
LNGN0449,terminal,pagerank,60,47,0.01063956450270749,0.006072854909260516,0.57078040249816,0.0,0.01886850310846917,0.32835800397918813,0.0046012916867710155
LNGN0449,terminal,eigenvector,60,47,0.0012670189223986889,0.002977328099726088,2.349868693428417,0.0,0.01768025165359845,0.27316785904072644,0.0015408170820523839
LNGN0449,terminal,share_monthly_network_flow,60,47,0.004953567650755824,0.003979213325556441,0.8033025096466151,0.0,0.014359286420684837,0.4538092979792779,0.0031974976508960234
LNGN0452,terminal,node_throughput,60,60,2925987.8666666667,815851.343108856,0.27882936645198303,1173000.0,4795463.0,0.49445308657043435,674934.7288135593
LNGN0452,terminal,total_voyages,60,60,17.116666666666667,4.75177635533002,0.27761108210301966,7.0,28.0,0.48671024368190574,3.9491525423728815
LNGN0452,terminal,total_route_exposure,60,60,8.116666666666667,2.017648124624871,0.2485808777771915,5.0,14.0,0.2423414517287271,1.88135593220339
LNGN0452,terminal,total_degree,60,60,5.083333333333333,1.1830965785278453,0.23274031053006794,2.0,8.0,0.09325479934898391,1.1694915254237288
LNGN0452,terminal,total_strength,60,60,2925987.8666666667,815851.343108856,0.27882936645198303,1173000.0,4795463.0,0.49445308657043435,674934.7288135593
LNGN0452,terminal,betweenness,60,60,0.0,0.0,,0.0,0.0,,0.0
LNGN0452,terminal,pagerank,60,60,0.006493497492305674,0.0008030548975427624,0.12367062565194252,0.005016179603073961,0.008097491084857909,0.8356710554864943,0.00035882410510828074
LNGN0452,terminal,eigenvector,60,60,0.0038851482038392737,0.007347611584946343,1.8912049681104801,0.0,0.040683092686320824,0.05838940280910014,0.0049460638699652375
LNGN0452,terminal,share_monthly_network_flow,60,60,0.03525820052902622,0.010950372605906393,0.31057661598162184,0.015348332823636858,0.06552458544733136,0.623192605958028,0.007301146762051637
LNGN0453,terminal,node_throughput,60,22,58218.1,82919.69319048032,1.4242940458462285,0.0,333400.0,0.07677600868871189,68269.42372881356
LNGN0453,terminal,total_voyages,60,22,0.4,0.5584482131582669,1.3961205328956672,0.0,2.0,0.12267657992565037,0.4406779661016949
LNGN0453,terminal,total_route_exposure,60,22,0.38333333333333336,0.5237306419436755,1.3662538485487186,0.0,2.0,0.12684989429175472,0.4067796610169492
LNGN0453,terminal,total_degree,60,22,0.36666666666666664,0.48596110141697085,1.3253484584099207,0.0,1.0,0.2027027027027024,0.3728813559322034
LNGN0453,terminal,total_strength,60,22,58218.1,82919.69319048032,1.4242940458462285,0.0,333400.0,0.07677600868871189,68269.42372881356
LNGN0453,terminal,betweenness,60,22,0.0,0.0,,0.0,0.0,,0.0
LNGN0453,terminal,pagerank,60,22,0.003139095110206399,0.004214458533114649,1.3425711503330473,0.0,0.011173741052805386,0.24470838033940973,0.0032396508160791606
LNGN0453,terminal,eigenvector,60,22,1.0526576513458228e-05,5.305779135326932e-05,5.040365334867888,0.0,0.00039387169647317943,-0.04033890680473251,2.1225999779318586e-05
LNGN0453,terminal,share_monthly_network_flow,60,22,0.000748386218178129,0.0010701542143526147,1.4299491203322765,0.0,0.0038070493033005685,0.18548459921519536,0.000854210443251397
LNGN0460,terminal,node_throughput,60,50,308249.85,226647.02328434648,0.7352705063257825,0.0,856005.0,0.25605041083042124,213588.33898305084
LNGN0460,terminal,total_voyages,60,50,1.9166666666666667,1.4177048372809191,0.7396720890161317,0.0,6.0,0.2735395618691079,1.271186440677966
LNGN0460,terminal,total_route_exposure,60,50,1.7666666666666666,1.2671423430357474,0.7172503828504231,0.0,5.0,0.234097593888643,1.1355932203389831
LNGN0460,terminal,total_degree,60,50,1.45,0.9641893055563066,0.6649581417629701,0.0,4.0,0.3095722244325674,0.8135593220338984
LNGN0460,terminal,total_strength,60,50,308249.85,226647.02328434648,0.7352705063257825,0.0,856005.0,0.25605041083042124,213588.33898305084
LNGN0460,terminal,betweenness,60,50,0.0,0.0,,0.0,0.0,,0.0
LNGN0460,terminal,pagerank,60,50,0.00881505819588483,0.004651141812406988,0.5276359734730169,0.0,0.01738748678507602,0.2568521879665917,0.004025369792026056
LNGN0460,terminal,eigenvector,60,50,0.002264353395819469,0.011650729813819318,5.145278928337474,0.0,0.08581757098169422,-0.032306230086456895,0.004335458222758424
LNGN0460,terminal,share_monthly_network_flow,60,50,0.0037391657028515717,0.0032303831440701845,0.8639315293266147,0.0,0.0153517853514452,0.43163750643736826,0.0025418055793806214
LNGN0463,terminal,node_throughput,60,57,558356.8666666667,321805.9723831636,0.5763446132655488,0.0,1363882.0,0.047045591679061104,339165.0508474576
LNGN0463,terminal,total_voyages,60,57,3.3833333333333333,1.9665996349775379,0.5812609758554299,0.0,8.0,0.024310318549001664,2.1016949152542375
LNGN0463,terminal,total_route_exposure,60,57,2.9833333333333334,1.620751726265343,0.5432687350610088,0.0,7.0,0.006511001347103707,1.7627118644067796
LNGN0463,terminal,total_degree,60,57,2.4,1.167352502206073,0.48639687591919706,0.0,4.0,0.03069606571552102,1.2542372881355932
LNGN0463,terminal,total_strength,60,57,558356.8666666667,321805.9723831636,0.5763446132655488,0.0,1363882.0,0.047045591679061104,339165.0508474576
LNGN0463,terminal,betweenness,60,57,0.0,0.0,,0.0,0.0,,0.0
LNGN0463,terminal,pagerank,60,57,0.014330102283650083,0.00669314529787868,0.4670689130750461,0.0,0.03514951186898636,-0.07725587253767718,0.007394846335464144
LNGN0463,terminal,eigenvector,60,57,0.0058082176762836715,0.006289482997025458,1.0828593808918192,0.0,0.030510210436125503,-0.10583027341975038,0.0066063987977402865
LNGN0463,terminal,share_monthly_network_flow,60,57,0.0064629883077130515,0.003635263841998601,0.5624741480129569,0.0,0.0183820772877992,0.022700750081723002,0.003980729161151404
LNGN0464,terminal,node_throughput,60,59,1336470.2666666666,722711.4382514787,0.540761329508674,0.0,3017715.0,0.4892631339856099,584552.9830508474
LNGN0464,terminal,total_voyages,60,59,8.4,4.5666439852626555,0.5436480934836494,0.0,19.0,0.5322670375521553,3.4237288135593222
LNGN0464,terminal,total_route_exposure,60,59,3.05,1.48922684980143,0.4882710982955509,0.0,7.0,0.6047928762873171,0.9322033898305084
LNGN0464,terminal,total_degree,60,59,2.4,0.785461108230301,0.32727546176262545,0.0,4.0,0.5159495103448157,0.4915254237288136
LNGN0464,terminal,total_strength,60,59,1336470.2666666666,722711.4382514787,0.540761329508674,0.0,3017715.0,0.4892631339856099,584552.9830508474
LNGN0464,terminal,betweenness,60,59,0.0,0.0,,0.0,0.0,,0.0
LNGN0464,terminal,pagerank,60,59,0.010940264948404199,0.0025403536643767485,0.2322022068347894,0.0,0.016702607313996823,0.06920263120510267,0.0024871498641006098
LNGN0464,terminal,eigenvector,60,59,0.0007135330902108523,0.001145715698722338,1.605693855604894,0.0,0.005617782995766621,0.07886842216817444,0.0009746190032554569
LNGN0464,terminal,share_monthly_network_flow,60,59,0.01484797781642832,0.006764468964078525,0.45558183395142743,0.0,0.037304740530554735,0.3073472732779067,0.006229842549415828
LNGN0472,terminal,node_throughput,60,37,135159.5,132951.05597269334,0.9836604602169536,0.0,525100.0,0.03589185825548018,142873.86440677967
LNGN0472,terminal,total_voyages,60,37,0.8,0.7767817135518026,0.9709771419397532,0.0,3.0,-0.006731021275393552,0.8305084745762712
LNGN0472,terminal,total_route_exposure,60,37,0.7333333333333333,0.6604227374117243,0.9005764601068968,0.0,2.0,-0.0026667828224037253,0.6949152542372882
LNGN0472,terminal,total_degree,60,37,0.6666666666666666,0.5724365605193373,0.858654840779006,0.0,2.0,-0.023132588122850784,0.5932203389830508
LNGN0472,terminal,total_strength,60,37,135159.5,132951.05597269334,0.9836604602169536,0.0,525100.0,0.03589185825548018,142873.86440677967
LNGN0472,terminal,betweenness,60,37,0.0,0.0,,0.0,0.0,,0.0
LNGN0472,terminal,pagerank,60,37,0.00507920731731823,0.004285444736288641,0.8437231379937672,0.0,0.015466509291756107,0.07176052225595139,0.004373243672272728
LNGN0472,terminal,eigenvector,60,37,0.0017682381173445172,0.003792409696894118,2.1447392518545163,0.0,0.02601322603524828,0.18864243466335684,0.0025483273931629145
LNGN0472,terminal,share_monthly_network_flow,60,37,0.0016250415328981093,0.0017508130681517717,1.077395889709576,0.0,0.00785478587064383,0.1516174352021351,0.001706275771456335
LNGN0473,terminal,node_throughput,60,44,236662.43333333332,214832.72620661955,0.9077601509489799,0.0,1000200.0,0.059899112623861356,213365.01694915254
LNGN0473,terminal,total_voyages,60,44,1.2333333333333334,1.0793385712613208,0.8751393821037736,0.0,5.0,0.05065175489689902,1.0677966101694916
LNGN0473,terminal,total_route_exposure,60,44,0.95,0.7461766955734742,0.785449153235236,0.0,3.0,0.08949087919851237,0.6949152542372882
LNGN0473,terminal,total_degree,60,44,0.8833333333333333,0.6402241838994505,0.7247820949805099,0.0,2.0,0.13829370885009445,0.559322033898305
LNGN0473,terminal,total_strength,60,44,236662.43333333332,214832.72620661955,0.9077601509489799,0.0,1000200.0,0.059899112623861356,213365.01694915254
LNGN0473,terminal,betweenness,60,44,0.0,0.0,,0.0,0.0,,0.0
LNGN0473,terminal,pagerank,60,44,0.006809310943683049,0.0050341876627202145,0.7393094109456693,0.0,0.020166137424590044,-0.03532589431964606,0.004988357643164389
LNGN0473,terminal,eigenvector,60,44,0.00848889241006546,0.013852860865057142,1.631880838615826,0.0,0.07467879039534675,0.069933434714531,0.010820016891411167
LNGN0473,terminal,share_monthly_network_flow,60,44,0.003067588259755257,0.003528251330983785,1.1501710895403159,0.0,0.016941019034307038,0.06970335608744072,0.0031538466153288127
LNGN0474,terminal,node_throughput,60,52,425826.18333333335,317971.6043483774,0.7467168924637773,0.0,1359017.0,0.404446683337733,274992.2033898305
LNGN0474,terminal,total_voyages,60,52,2.2333333333333334,1.6810677263468512,0.7527168923941124,0.0,7.0,0.40330952409213094,1.4576271186440677
LNGN0474,terminal,total_route_exposure,60,52,1.7,1.0782911779323707,0.6342889281955122,0.0,4.0,0.43950550456386006,0.8983050847457628
LNGN0474,terminal,total_degree,60,52,0.8666666666666667,0.34280333180088157,0.3955423059240941,0.0,1.0,0.3139818882645226,0.15254237288135594
LNGN0474,terminal,total_strength,60,52,425826.18333333335,317971.6043483774,0.7467168924637773,0.0,1359017.0,0.404446683337733,274992.2033898305
LNGN0474,terminal,betweenness,60,52,0.0,0.0,,0.0,0.0,,0.0
LNGN0474,terminal,pagerank,60,52,0.01154906427072353,0.005230950072306291,0.45293280474389297,0.0,0.019498989428266732,0.19094232711286865,0.00435911662425004
LNGN0474,terminal,eigenvector,60,52,2.369831482541144e-05,4.918307232307595e-05,2.0753826879849484,0.0,0.00027602486407921284,0.07917322035013709,3.45190987718703e-05
LNGN0474,terminal,share_monthly_network_flow,60,52,0.004683889361097741,0.0032625275970384216,0.6965424128365403,0.0,0.013850856561146232,0.13367200321372286,0.0033272056216134874
