node_id,node_type,metric,mean_rank,median_rank,best_rank,worst_rank,rank_std,mean_percentile_rank,top_5pct_months,top_10pct_months,top_20pct_months,months_observed,top_5pct_share,top_10pct_share,top_20pct_share
CP001,chokepoint,betweenness,3.1333333333333333,3.0,1.0,14.0,2.0540713326338063,0.9885026737967915,59,60,60,60,0.9833333333333333,1.0,1.0
CP001,chokepoint,eigenvector,6.333333333333333,5.5,1.0,38.0,5.091257600515051,0.913458110516934,56,59,60,60,0.9333333333333333,0.9833333333333333,1.0
CP001,chokepoint,node_throughput,9.066666666666666,7.0,3.0,45.0,7.142298606088314,0.954367201426025,47,55,59,60,0.7833333333333333,0.9166666666666666,0.9833333333333333
CP001,chokepoint,pagerank,6.183333333333334,4.0,1.0,40.0,6.01267493608341,0.9722816399286988,52,59,59,60,0.8666666666666667,0.9833333333333333,0.9833333333333333
CP001,chokepoint,share_monthly_network_flow,9.066666666666666,7.0,3.0,45.0,7.142298606088314,0.954367201426025,47,55,59,60,0.7833333333333333,0.9166666666666666,0.9833333333333333
CP001,chokepoint,total_degree,11.883333333333333,10.0,3.0,27.0,5.593857607935075,0.9292780748663102,31,53,60,60,0.5166666666666667,0.8833333333333333,1.0
CP001,chokepoint,total_route_exposure,10.216666666666667,8.0,3.0,47.0,7.708880344005353,0.941934046345811,42,56,59,60,0.7,0.9333333333333333,0.9833333333333333
CP001,chokepoint,total_strength,7.016666666666667,6.0,2.0,29.0,4.38600110005886,0.9653743315508021,53,59,60,60,0.8833333333333333,0.9833333333333333,1.0
CP001,chokepoint,total_voyages,9.466666666666667,7.5,3.0,38.0,6.603714072249236,0.9485739750445633,47,54,60,60,0.7833333333333333,0.9,1.0
CP002,chokepoint,betweenness,8.283333333333333,8.0,2.0,14.0,3.0758306948329963,0.9606951871657754,47,60,60,60,0.7833333333333333,1.0,1.0
CP002,chokepoint,eigenvector,30.45,26.5,1.0,89.0,21.288514449289956,0.7844919786096257,10,17,43,60,0.16666666666666666,0.2833333333333333,0.7166666666666667
CP002,chokepoint,node_throughput,15.916666666666666,13.0,1.0,55.0,10.802215194456396,0.9189393939393938,17,47,57,60,0.2833333333333333,0.7833333333333333,0.95
CP002,chokepoint,pagerank,8.133333333333333,7.0,1.0,24.0,5.658252310478877,0.9618538324420677,46,56,60,60,0.7666666666666667,0.9333333333333333,1.0
CP002,chokepoint,share_monthly_network_flow,15.916666666666666,13.0,1.0,55.0,10.802215194456396,0.9189393939393938,17,47,57,60,0.2833333333333333,0.7833333333333333,0.95
CP002,chokepoint,total_degree,8.116666666666667,7.0,1.0,26.0,4.730326489848769,0.9533868092691622,49,58,60,60,0.8166666666666667,0.9666666666666667,1.0
CP002,chokepoint,total_route_exposure,11.35,10.0,1.0,54.0,8.522800924180991,0.9344028520499108,33,54,59,60,0.55,0.9,0.9833333333333333
CP002,chokepoint,total_strength,11.366666666666667,10.0,1.0,45.0,6.98658925216955,0.9435828877005348,34,55,59,60,0.5666666666666667,0.9166666666666666,0.9833333333333333
CP002,chokepoint,total_voyages,14.983333333333333,13.0,1.0,56.0,10.091936144330429,0.9157754010695187,18,46,57,60,0.3,0.7666666666666667,0.95
CP003,chokepoint,betweenness,19.6,20.0,17.0,23.0,1.1229501098234695,0.45294117647058824,0,28,60,60,0.0,0.4666666666666667,1.0
CP003,chokepoint,eigenvector,84.03333333333333,93.0,1.0,125.0,33.27490359173935,0.28065953654188946,7,7,7,60,0.11666666666666667,0.11666666666666667,0.11666666666666667
CP003,chokepoint,node_throughput,95.6,93.0,71.0,125.0,13.474646625975595,0.2497326203208556,0,0,0,60,0.0,0.0,0.0
CP003,chokepoint,pagerank,95.6,93.0,71.0,125.0,13.474646625975595,0.2497326203208556,0,0,0,60,0.0,0.0,0.0
CP003,chokepoint,share_monthly_network_flow,95.6,93.0,71.0,125.0,13.474646625975595,0.2497326203208556,0,0,0,60,0.0,0.0,0.0
CP003,chokepoint,total_degree,95.6,93.0,71.0,125.0,13.474646625975595,0.2497326203208556,0,0,0,60,0.0,0.0,0.0
CP003,chokepoint,total_route_exposure,95.6,93.0,71.0,125.0,13.474646625975595,0.2497326203208556,0,0,0,60,0.0,0.0,0.0
CP003,chokepoint,total_strength,95.6,93.0,71.0,125.0,13.474646625975595,0.2497326203208556,0,0,0,60,0.0,0.0,0.0
CP003,chokepoint,total_voyages,95.6,93.0,71.0,125.0,13.474646625975595,0.2497326203208556,0,0,0,60,0.0,0.0,0.0
CP004,chokepoint,betweenness,4.4,4.0,2.0,16.0,2.344846494921525,0.9817736185383245,59,60,60,60,0.9833333333333333,1.0,1.0
CP004,chokepoint,eigenvector,4.55,4.0,1.0,58.0,7.174401291975875,0.9229946524064172,58,59,59,60,0.9666666666666667,0.9833333333333333,0.9833333333333333
CP004,chokepoint,node_throughput,9.166666666666666,7.0,3.0,45.0,7.097783532444923,0.9538324420677361,47,55,59,60,0.7833333333333333,0.9166666666666666,0.9833333333333333
CP004,chokepoint,pagerank,12.333333333333334,9.5,3.0,41.0,8.524474568362947,0.9393939393939394,34,51,59,60,0.5666666666666667,0.85,0.9833333333333333
CP004,chokepoint,share_monthly_network_flow,9.166666666666666,7.0,3.0,45.0,7.097783532444923,0.9538324420677361,47,55,59,60,0.7833333333333333,0.9166666666666666,0.9833333333333333
CP004,chokepoint,total_degree,16.616666666666667,15.5,5.0,33.0,6.254738316862615,0.8996434937611408,12,40,60,60,0.2,0.6666666666666666,1.0
CP004,chokepoint,total_route_exposure,10.366666666666667,8.0,3.0,47.0,7.6223726602516235,0.9411319073083779,42,56,59,60,0.7,0.9333333333333333,0.9833333333333333
CP004,chokepoint,total_strength,7.116666666666666,6.0,2.0,29.0,4.333909131671074,0.9648395721925134,53,59,60,60,0.8833333333333333,0.9833333333333333,1.0
CP004,chokepoint,total_voyages,9.566666666666666,8.0,3.0,38.0,6.572584731785295,0.9479946524064171,46,54,60,60,0.7666666666666667,0.9,1.0
CP005,chokepoint,betweenness,4.95,4.0,1.0,11.0,2.3536844538881114,0.9786541889483066,59,60,60,60,0.9833333333333333,1.0,1.0
CP005,chokepoint,eigenvector,3.3333333333333335,3.0,1.0,20.0,2.4332907665961865,0.9295008912655971,59,59,60,60,0.9833333333333333,0.9833333333333333,1.0
CP005,chokepoint,node_throughput,5.5,4.0,3.0,34.0,4.413000823837045,0.9759358288770054,55,59,60,60,0.9166666666666666,0.9833333333333333,1.0
CP005,chokepoint,pagerank,9.3,7.0,1.0,31.0,7.567324942121951,0.955614973262032,44,53,60,60,0.7333333333333333,0.8833333333333333,1.0
CP005,chokepoint,share_monthly_network_flow,5.5,4.0,3.0,34.0,4.413000823837045,0.9759358288770054,55,59,60,60,0.9166666666666666,0.9833333333333333,1.0
CP005,chokepoint,total_degree,5.8,5.0,1.0,15.0,2.944687834164764,0.9688502673796792,55,60,60,60,0.9166666666666666,1.0,1.0
CP005,chokepoint,total_route_exposure,5.85,5.0,1.0,25.0,4.028815698465666,0.9713458110516934,54,59,60,60,0.9,0.9833333333333333,1.0
CP005,chokepoint,total_strength,4.116666666666666,3.0,2.0,20.0,2.905819215081087,0.9833333333333333,59,59,60,60,0.9833333333333333,0.9833333333333333,1.0
CP005,chokepoint,total_voyages,6.4,5.0,2.0,36.0,4.844007305905,0.9692513368983957,54,59,60,60,0.9,0.9833333333333333,1.0
CP006,chokepoint,betweenness,6.2,6.0,1.0,15.0,2.0895218818943375,0.9719251336898396,59,60,60,60,0.9833333333333333,1.0,1.0
CP006,chokepoint,eigenvector,1.4833333333333334,1.0,1.0,28.0,3.490867827931959,0.9393939393939394,59,59,60,60,0.9833333333333333,0.9833333333333333,1.0
CP006,chokepoint,node_throughput,2.033333333333333,1.0,1.0,35.0,4.395555022383666,0.9944295900178253,59,59,60,60,0.9833333333333333,0.9833333333333333,1.0
CP006,chokepoint,pagerank,8.733333333333333,8.0,3.0,28.0,4.348647429175748,0.9586007130124777,45,59,60,60,0.75,0.9833333333333333,1.0
CP006,chokepoint,share_monthly_network_flow,2.033333333333333,1.0,1.0,35.0,4.395555022383666,0.9944295900178253,59,59,60,60,0.9833333333333333,0.9833333333333333,1.0
CP006,chokepoint,total_degree,5.983333333333333,6.0,2.0,19.0,2.4180932862987192,0.9691622103386809,59,60,60,60,0.9833333333333333,1.0,1.0
CP006,chokepoint,total_route_exposure,1.7666666666666666,1.0,1.0,25.0,3.1588813009428383,0.9945187165775401,59,59,60,60,0.9833333333333333,0.9833333333333333,1.0
CP006,chokepoint,total_strength,1.45,1.0,1.0,22.0,2.7396956406487623,0.9975935828877006,59,59,60,60,0.9833333333333333,0.9833333333333333,1.0
CP006,chokepoint,total_voyages,2.066666666666667,1.0,1.0,36.0,4.620758858605211,0.9933600713012478,59,59,60,60,0.9833333333333333,0.9833333333333333,1.0
CP007,chokepoint,betweenness,14.566666666666666,15.0,7.0,19.0,3.371700102607125,0.9119429590017826,9,60,60,60,0.15,1.0,1.0
CP007,chokepoint,eigenvector,31.25,29.0,1.0,82.0,21.738527073425047,0.7755347593582887,8,28,37,60,0.13333333333333333,0.4666666666666667,0.6166666666666667
CP007,chokepoint,node_throughput,40.3,38.0,12.0,82.0,15.949390297044511,0.784180035650624,0,5,34,60,0.0,0.08333333333333333,0.5666666666666667
CP007,chokepoint,pagerank,34.6,30.0,6.0,82.0,19.54152467031879,0.8155525846702317,4,21,34,60,0.06666666666666667,0.35,0.5666666666666667
CP007,chokepoint,share_monthly_network_flow,40.3,38.0,12.0,82.0,15.949390297044511,0.784180035650624,0,5,34,60,0.0,0.08333333333333333,0.5666666666666667
CP007,chokepoint,total_degree,18.483333333333334,17.0,6.0,82.0,10.488883003764832,0.8790106951871658,10,35,59,60,0.16666666666666666,0.5833333333333334,0.9833333333333333
CP007,chokepoint,total_route_exposure,29.9,27.0,9.0,82.0,14.12378688355936,0.8107843137254902,3,14,44,60,0.05,0.23333333333333334,0.7333333333333333
CP007,chokepoint,total_strength,26.216666666666665,22.0,8.0,82.0,12.533469316487935,0.859982174688057,2,17,50,60,0.03333333333333333,0.2833333333333333,0.8333333333333334
CP007,chokepoint,total_voyages,34.11666666666667,31.0,12.0,82.0,13.391233746109352,0.7914884135472371,0,8,39,60,0.0,0.13333333333333333,0.65
CP008,chokepoint,betweenness,1.8166666666666667,1.0,1.0,10.0,1.6311757916536267,0.995632798573975,60,60,60,60,1.0,1.0,1.0
CP008,chokepoint,eigenvector,12.133333333333333,11.0,1.0,35.0,8.085279921711393,0.8824420677361854,28,50,60,60,0.4666666666666667,0.8333333333333334,1.0
CP008,chokepoint,node_throughput,5.383333333333334,5.0,1.0,17.0,2.5847772527488098,0.9765597147950089,58,60,60,60,0.9666666666666667,1.0,1.0
CP008,chokepoint,pagerank,3.716666666666667,2.0,1.0,37.0,5.9463467396396075,0.9854723707664884,57,58,60,60,0.95,0.9666666666666667,1.0
CP008,chokepoint,share_monthly_network_flow,5.383333333333334,5.0,1.0,17.0,2.5847772527488098,0.9765597147950089,58,60,60,60,0.9666666666666667,1.0,1.0
CP008,chokepoint,total_degree,1.5166666666666666,1.0,1.0,6.0,0.9476405430700275,0.9967023172905526,60,60,60,60,1.0,1.0,1.0
CP008,chokepoint,total_route_exposure,3.65,3.0,1.0,10.0,2.2835075606752473,0.9840463458110517,60,60,60,60,1.0,1.0,1.0
CP008,chokepoint,total_strength,4.433333333333334,4.0,1.0,14.0,2.2726574206009205,0.9816399286987523,58,60,60,60,0.9666666666666667,1.0,1.0
CP008,chokepoint,total_voyages,4.933333333333334,5.0,1.0,14.0,2.2838168072416725,0.9778520499108735,58,60,60,60,0.9666666666666667,1.0,1.0
CP009,chokepoint,betweenness,6.5,6.0,2.0,18.0,3.132660103176515,0.9705436720142603,56,60,60,60,0.9333333333333333,1.0,1.0
CP009,chokepoint,eigenvector,25.316666666666666,25.0,1.0,50.0,13.606443721063314,0.8119429590017826,8,20,49,60,0.13333333333333333,0.3333333333333333,0.8166666666666667
CP009,chokepoint,node_throughput,7.2,5.5,2.0,29.0,5.382961191244154,0.9668449197860962,51,56,60,60,0.85,0.9333333333333333,1.0
CP009,chokepoint,pagerank,9.016666666666667,5.0,1.0,54.0,10.275017698309087,0.9571301247771836,43,53,58,60,0.7166666666666667,0.8833333333333333,0.9666666666666667
CP009,chokepoint,share_monthly_network_flow,7.2,5.5,2.0,29.0,5.382961191244154,0.9668449197860962,51,56,60,60,0.85,0.9333333333333333,1.0
CP009,chokepoint,total_degree,2.8,2.0,1.0,16.0,2.245900219646939,0.9891711229946524,59,60,60,60,0.9833333333333333,1.0,1.0
CP009,chokepoint,total_route_exposure,7.733333333333333,5.0,2.0,39.0,6.599606220062453,0.9596702317290552,47,57,59,60,0.7833333333333333,0.95,0.9833333333333333
CP009,chokepoint,total_strength,5.616666666666666,4.0,2.0,21.0,3.932014046678474,0.9753119429590017,55,59,60,60,0.9166666666666666,0.9833333333333333,1.0
CP009,chokepoint,total_voyages,6.683333333333334,5.0,1.0,29.0,5.664314899159134,0.9672905525846702,51,56,60,60,0.85,0.9333333333333333,1.0
CP010,chokepoint,betweenness,11.5,10.0,7.0,18.0,3.4173039229332383,0.9361853832442067,31,60,60,60,0.5166666666666667,1.0,1.0
CP010,chokepoint,eigenvector,55.833333333333336,60.0,1.0,92.0,23.552441786878358,0.6435828877005348,7,7,9,60,0.11666666666666667,0.11666666666666667,0.15
CP010,chokepoint,node_throughput,34.45,31.0,10.0,76.0,15.06193428503722,0.8159090909090909,1,12,38,60,0.016666666666666666,0.2,0.6333333333333333
CP010,chokepoint,pagerank,23.1,17.5,2.0,76.0,15.945564177825522,0.8768716577540107,13,32,51,60,0.21666666666666667,0.5333333333333333,0.85
CP010,chokepoint,share_monthly_network_flow,34.45,31.0,10.0,76.0,15.06193428503722,0.8159090909090909,1,12,38,60,0.016666666666666666,0.2,0.6333333333333333
CP010,chokepoint,total_degree,9.483333333333333,7.0,4.0,76.0,10.519540601341715,0.9418894830659537,51,55,59,60,0.85,0.9166666666666666,0.9833333333333333
CP010,chokepoint,total_route_exposure,23.7,21.0,8.0,76.0,12.602528667436522,0.8560606060606061,4,26,55,60,0.06666666666666667,0.43333333333333335,0.9166666666666666
CP010,chokepoint,total_strength,23.633333333333333,20.0,9.0,76.0,12.361732458621285,0.8740196078431371,3,29,55,60,0.05,0.48333333333333334,0.9166666666666666
CP010,chokepoint,total_voyages,25.633333333333333,23.5,8.0,76.0,13.523321559021678,0.848440285204991,2,25,52,60,0.03333333333333333,0.4166666666666667,0.8666666666666667
CP011,chokepoint,betweenness,4.1,4.5,1.0,10.0,2.426548081786211,0.9833778966131906,60,60,60,60,1.0,1.0,1.0
CP011,chokepoint,eigenvector,5.883333333333334,6.0,1.0,14.0,2.7189957434882723,0.9158645276292335,57,60,60,60,0.95,1.0,1.0
CP011,chokepoint,node_throughput,7.633333333333334,6.0,1.0,39.0,5.695572668538158,0.9644385026737968,52,57,59,60,0.8666666666666667,0.95,0.9833333333333333
CP011,chokepoint,pagerank,3.65,1.0,1.0,40.0,6.078093478960573,0.9858288770053476,55,59,59,60,0.9166666666666666,0.9833333333333333,0.9833333333333333
CP011,chokepoint,share_monthly_network_flow,7.633333333333334,6.0,1.0,39.0,5.695572668538158,0.9644385026737968,52,57,59,60,0.8666666666666667,0.95,0.9833333333333333
CP011,chokepoint,total_degree,3.066666666666667,3.0,1.0,13.0,2.615900963933334,0.985873440285205,57,60,60,60,0.95,1.0,1.0
CP011,chokepoint,total_route_exposure,6.766666666666667,5.0,1.0,38.0,5.964205849266889,0.9640819964349376,50,57,60,60,0.8333333333333334,0.95,1.0
CP011,chokepoint,total_strength,5.966666666666667,6.0,1.0,21.0,3.5125280222860336,0.973440285204991,57,59,60,60,0.95,0.9833333333333333,1.0
CP011,chokepoint,total_voyages,7.8,6.5,1.0,41.0,6.0079043978942686,0.9593582887700535,52,58,59,60,0.8666666666666667,0.9666666666666667,0.9833333333333333
CP012,chokepoint,betweenness,19.3,19.0,12.0,22.0,1.4178044616679084,0.47660427807486627,0,31,60,60,0.0,0.5166666666666667,1.0
CP012,chokepoint,eigenvector,81.78333333333333,91.0,1.0,125.0,34.38815901187484,0.30472370766488416,7,7,9,60,0.11666666666666667,0.11666666666666667,0.15
CP012,chokepoint,node_throughput,94.03333333333333,92.5,45.0,125.0,15.26152431095221,0.26974153297682707,0,0,0,60,0.0,0.0,0.0
CP012,chokepoint,pagerank,93.03333333333333,92.5,34.0,125.0,17.52573571720681,0.2752673796791444,0,0,2,60,0.0,0.0,0.03333333333333333
CP012,chokepoint,share_monthly_network_flow,94.03333333333333,92.5,45.0,125.0,15.26152431095221,0.26974153297682707,0,0,0,60,0.0,0.0,0.0
CP012,chokepoint,total_degree,92.13333333333334,92.5,21.0,125.0,19.864342183809672,0.27740641711229946,0,0,3,60,0.0,0.0,0.05
CP012,chokepoint,total_route_exposure,93.26666666666667,92.5,31.0,125.0,16.837072359817125,0.26974153297682707,0,0,1,60,0.0,0.0,0.016666666666666666
CP012,chokepoint,total_strength,93.11666666666666,92.5,27.0,125.0,17.24901536533162,0.2748217468805704,0,0,1,60,0.0,0.0,0.016666666666666666
CP012,chokepoint,total_voyages,93.6,92.5,43.0,125.0,15.893928059247733,0.26871657754010697,0,0,0,60,0.0,0.0,0.0
CP013,chokepoint,betweenness,15.333333333333334,16.0,4.0,18.0,2.75967737408552,0.8929144385026738,3,60,60,60,0.05,1.0,1.0
CP013,chokepoint,eigenvector,45.78333333333333,49.0,1.0,81.0,23.51781990549601,0.6925133689839573,9,9,17,60,0.15,0.15,0.2833333333333333
CP013,chokepoint,node_throughput,36.93333333333333,31.5,4.0,84.0,19.78431724977003,0.7973707664884135,2,14,36,60,0.03333333333333333,0.23333333333333334,0.6
CP013,chokepoint,pagerank,21.15,17.0,2.0,84.0,15.195700774689474,0.8824866310160429,11,34,54,60,0.18333333333333332,0.5666666666666667,0.9
CP013,chokepoint,share_monthly_network_flow,36.93333333333333,31.5,4.0,84.0,19.78431724977003,0.7973707664884135,2,14,36,60,0.03333333333333333,0.23333333333333334,0.6
CP013,chokepoint,total_degree,15.95,13.0,1.0,84.0,14.085002241234937,0.8925133689839573,24,44,58,60,0.4,0.7333333333333333,0.9666666666666667
CP013,chokepoint,total_route_exposure,29.583333333333332,24.0,3.0,84.0,16.77093093104212,0.8088235294117647,2,18,45,60,0.03333333333333333,0.3,0.75
CP013,chokepoint,total_strength,25.733333333333334,21.0,3.0,84.0,16.43257066107045,0.8580213903743316,3,28,50,60,0.05,0.4666666666666667,0.8333333333333334
CP013,chokepoint,total_voyages,33.96666666666667,30.5,4.0,84.0,18.101378041620187,0.788903743315508,2,17,39,60,0.03333333333333333,0.2833333333333333,0.65
CP014,chokepoint,betweenness,13.116666666666667,13.0,6.0,19.0,3.4889251740409253,0.8971479500891265,20,60,60,60,0.3333333333333333,1.0,1.0
CP014,chokepoint,eigenvector,19.233333333333334,15.0,1.0,111.0,20.999085263908615,0.8272281639928699,18,45,55,60,0.3,0.75,0.9166666666666666
CP014,chokepoint,node_throughput,46.666666666666664,41.5,12.0,113.0,24.222602322558906,0.7338235294117648,0,7,27,60,0.0,0.11666666666666667,0.45
CP014,chokepoint,pagerank,41.75,36.5,4.0,113.0,24.998728781239382,0.7610071301247773,5,12,31,60,0.08333333333333333,0.2,0.5166666666666667
CP014,chokepoint,share_monthly_network_flow,46.666666666666664,41.5,12.0,113.0,24.222602322558906,0.7338235294117648,0,7,27,60,0.0,0.11666666666666667,0.45
CP014,chokepoint,total_degree,23.366666666666667,17.0,3.0,113.0,23.046722379318464,0.8383244206773618,15,35,54,60,0.25,0.5833333333333334,0.9
CP014,chokepoint,total_route_exposure,39.2,35.0,9.0,113.0,22.9463633985941,0.7366310160427807,1,9,36,60,0.016666666666666666,0.15,0.6
CP014,chokepoint,total_strength,33.416666666666664,26.0,10.0,113.0,22.67477629935935,0.805392156862745,3,22,41,60,0.05,0.36666666666666664,0.6833333333333333
CP014,chokepoint,total_voyages,44.233333333333334,39.0,12.0,113.0,23.13729593701122,0.7158199643493762,0,8,29,60,0.0,0.13333333333333333,0.48333333333333334
CP015,chokepoint,betweenness,12.233333333333333,12.0,7.0,17.0,2.110238693757834,0.9395276292335116,12,60,60,60,0.2,1.0,1.0
CP015,chokepoint,eigenvector,32.833333333333336,34.0,1.0,74.0,18.892350408427276,0.77174688057041,8,14,34,60,0.13333333333333333,0.23333333333333334,0.5666666666666667
CP015,chokepoint,node_throughput,20.666666666666668,18.0,9.0,66.0,9.833644541661622,0.8938502673796792,2,34,58,60,0.03333333333333333,0.5666666666666667,0.9666666666666667
CP015,chokepoint,pagerank,18.833333333333332,17.5,7.0,51.0,8.61840102096625,0.9046345811051694,8,36,58,60,0.13333333333333333,0.6,0.9666666666666667
CP015,chokepoint,share_monthly_network_flow,20.666666666666668,18.0,9.0,66.0,9.833644541661622,0.8938502673796792,2,34,58,60,0.03333333333333333,0.5666666666666667,0.9666666666666667
CP015,chokepoint,total_degree,13.466666666666667,13.0,5.0,24.0,4.454921737092114,0.9192067736185384,13,55,60,60,0.21666666666666667,0.9166666666666666,1.0
CP015,chokepoint,total_route_exposure,14.85,14.0,5.0,40.0,5.882536637211501,0.9151960784313726,15,48,59,60,0.25,0.8,0.9833333333333333
CP015,chokepoint,total_strength,13.766666666666667,12.0,7.0,43.0,5.381596595890849,0.9307486631016043,16,52,59,60,0.26666666666666666,0.8666666666666667,0.9833333333333333
CP015,chokepoint,total_voyages,18.166666666666668,17.0,9.0,47.0,7.37188122315882,0.8959893048128342,6,39,59,60,0.1,0.65,0.9833333333333333
CP016,chokepoint,betweenness,15.566666666666666,16.0,10.0,19.0,1.9429722702441878,0.9214795008912656,1,60,60,60,0.016666666666666666,1.0,1.0
CP016,chokepoint,eigenvector,53.38333333333333,60.5,1.0,87.0,23.878287184596314,0.6618538324420677,7,7,14,60,0.11666666666666667,0.11666666666666667,0.23333333333333334
CP016,chokepoint,node_throughput,21.083333333333332,18.5,8.0,57.0,9.115625747493233,0.8925579322638146,3,32,58,60,0.05,0.5333333333333333,0.9666666666666667
CP016,chokepoint,pagerank,14.35,12.0,3.0,45.0,9.566582018956598,0.9285650623885917,24,48,58,60,0.4,0.8,0.9666666666666667
CP016,chokepoint,share_monthly_network_flow,21.083333333333332,18.5,8.0,57.0,9.115625747493233,0.8925579322638146,3,32,58,60,0.05,0.5333333333333333,0.9666666666666667
CP016,chokepoint,total_degree,5.683333333333334,5.0,1.0,18.0,3.21274826471502,0.9703654188948306,54,60,60,60,0.9,1.0,1.0
CP016,chokepoint,total_route_exposure,15.416666666666666,14.0,6.0,38.0,6.720299798262802,0.910650623885918,12,49,60,60,0.2,0.8166666666666667,1.0
CP016,chokepoint,total_strength,14.316666666666666,13.0,5.0,38.0,5.347236468785286,0.9287433155080215,12,54,60,60,0.2,0.9,1.0
CP016,chokepoint,total_voyages,17.616666666666667,15.0,7.0,41.0,7.9726049305437865,0.9018716577540107,9,42,58,60,0.15,0.7,0.9666666666666667
CP017,chokepoint,betweenness,12.333333333333334,12.0,5.0,19.0,2.7719335885278786,0.8935828877005348,13,60,60,60,0.21666666666666667,1.0,1.0
CP017,chokepoint,eigenvector,27.05,20.0,1.0,97.0,23.859351291847748,0.7744206773618539,12,29,48,60,0.2,0.48333333333333334,0.8
CP017,chokepoint,node_throughput,38.766666666666666,31.5,10.0,101.0,23.47545899745611,0.7693850267379679,2,13,38,60,0.03333333333333333,0.21666666666666667,0.6333333333333333
CP017,chokepoint,pagerank,26.866666666666667,16.0,2.0,101.0,23.74045154473736,0.8340017825311943,13,34,45,60,0.21666666666666667,0.5666666666666667,0.75
CP017,chokepoint,share_monthly_network_flow,38.766666666666666,31.5,10.0,101.0,23.47545899745611,0.7693850267379679,2,13,38,60,0.03333333333333333,0.21666666666666667,0.6333333333333333
CP017,chokepoint,total_degree,26.0,20.5,7.0,101.0,20.53108432910482,0.8168003565062388,4,28,54,60,0.06666666666666667,0.4666666666666667,0.9
CP017,chokepoint,total_route_exposure,36.96666666666667,30.0,9.0,101.0,20.881397663029695,0.7501782531194295,2,12,35,60,0.03333333333333333,0.2,0.5833333333333334
CP017,chokepoint,total_strength,28.483333333333334,19.0,7.0,101.0,22.399675895556808,0.8252228163992871,6,31,46,60,0.1,0.5166666666666667,0.7666666666666667
CP017,chokepoint,total_voyages,38.35,31.0,10.0,101.0,21.306341062968208,0.7489750445632798,1,9,37,60,0.016666666666666666,0.15,0.6166666666666667
CP018,chokepoint,betweenness,19.05,19.0,16.0,21.0,0.9641893055563061,0.6338235294117648,0,42,60,60,0.0,0.7,1.0
CP018,chokepoint,eigenvector,74.6,81.5,1.0,125.0,32.62275383526979,0.41198752228163993,7,7,7,60,0.11666666666666667,0.11666666666666667,0.11666666666666667
CP018,chokepoint,node_throughput,87.21666666666667,85.0,46.0,125.0,17.105942734504815,0.3898841354723708,0,0,0,60,0.0,0.0,0.0
CP018,chokepoint,pagerank,73.88333333333334,83.0,22.0,125.0,29.996096732892415,0.46247771836007134,0,0,9,60,0.0,0.0,0.15
CP018,chokepoint,share_monthly_network_flow,87.21666666666667,85.0,46.0,125.0,17.105942734504815,0.3898841354723708,0,0,0,60,0.0,0.0,0.0
CP018,chokepoint,total_degree,70.43333333333334,83.0,19.0,125.0,32.89498785512317,0.46096256684491976,0,1,20,60,0.0,0.016666666666666666,0.3333333333333333
CP018,chokepoint,total_route_exposure,81.05,83.0,35.0,125.0,21.635207495881115,0.3900623885918003,0,0,1,60,0.0,0.0,0.016666666666666666
CP018,chokepoint,total_strength,79.61666666666666,83.0,33.0,125.0,23.283144166110535,0.431729055258467,0,0,1,60,0.0,0.0,0.016666666666666666
CP018,chokepoint,total_voyages,83.28333333333333,84.0,41.0,125.0,19.882785047445896,0.38551693404634585,0,0,0,60,0.0,0.0,0.0
CP019,chokepoint,betweenness,15.516666666666667,16.5,6.0,21.0,3.4957197395064643,0.8396613190730838,5,55,60,60,0.08333333333333333,0.9166666666666666,1.0
CP019,chokepoint,eigenvector,38.833333333333336,35.0,1.0,110.0,25.27353185507278,0.7145276292335117,7,9,35,60,0.11666666666666667,0.15,0.5833333333333334
CP019,chokepoint,node_throughput,56.266666666666666,50.5,12.0,110.0,22.544770273095864,0.6782976827094473,0,2,15,60,0.0,0.03333333333333333,0.25
CP019,chokepoint,pagerank,31.1,22.0,6.0,110.0,24.503683569508,0.8143939393939394,5,24,47,60,0.08333333333333333,0.4,0.7833333333333333
CP019,chokepoint,share_monthly_network_flow,56.266666666666666,50.5,12.0,110.0,22.544770273095864,0.6782976827094473,0,2,15,60,0.0,0.03333333333333333,0.25
CP019,chokepoint,total_degree,29.416666666666668,22.0,9.0,110.0,23.60428836839889,0.7960338680926917,3,22,52,60,0.05,0.36666666666666664,0.8666666666666667
CP019,chokepoint,total_route_exposure,43.81666666666667,37.5,10.0,110.0,22.713015507552665,0.7021836007130126,1,5,32,60,0.016666666666666666,0.08333333333333333,0.5333333333333333
CP019,chokepoint,total_strength,40.85,31.0,8.0,110.0,23.760688941675298,0.7617201426024955,2,6,38,60,0.03333333333333333,0.1,0.6333333333333333
CP019,chokepoint,total_voyages,49.61666666666667,43.5,12.0,110.0,21.60123322489154,0.6793226381461676,0,2,18,60,0.0,0.03333333333333333,0.3
CP020,chokepoint,betweenness,11.266666666666667,11.0,8.0,17.0,1.929842943171991,0.944607843137255,19,60,60,60,0.31666666666666665,1.0,1.0
CP020,chokepoint,eigenvector,21.05,21.5,1.0,40.0,10.54035827390952,0.83475935828877,9,25,57,60,0.15,0.4166666666666667,0.95
CP020,chokepoint,node_throughput,25.633333333333333,24.5,11.0,66.0,10.159685479361453,0.8672459893048128,0,18,53,60,0.0,0.3,0.8833333333333333
CP020,chokepoint,pagerank,11.166666666666666,10.5,3.0,28.0,5.129399035294177,0.945632798573975,30,55,60,60,0.5,0.9166666666666666,1.0
CP020,chokepoint,share_monthly_network_flow,25.633333333333333,24.5,11.0,66.0,10.159685479361453,0.8672459893048128,0,18,53,60,0.0,0.3,0.8833333333333333
CP020,chokepoint,total_degree,15.016666666666667,15.0,6.0,30.0,5.7386340625583365,0.9077094474153298,16,45,60,60,0.26666666666666666,0.75,1.0
CP020,chokepoint,total_route_exposure,18.5,17.0,5.0,40.0,6.4269032002794875,0.890017825311943,3,40,59,60,0.05,0.6666666666666666,0.9833333333333333
CP020,chokepoint,total_strength,16.833333333333332,15.0,8.0,43.0,5.819798664659728,0.914349376114082,4,44,59,60,0.06666666666666667,0.7333333333333333,0.9833333333333333
CP020,chokepoint,total_voyages,22.883333333333333,22.0,10.0,47.0,8.088685687934234,0.8681372549019607,2,24,56,60,0.03333333333333333,0.4,0.9333333333333333
CP021,chokepoint,betweenness,19.366666666666667,19.0,17.0,23.0,1.1194227729650532,0.5133244206773618,0,35,60,60,0.0,0.5833333333333334,1.0
CP021,chokepoint,eigenvector,83.55,93.0,1.0,125.0,33.19966560991494,0.303698752228164,7,7,7,60,0.11666666666666667,0.11666666666666667,0.11666666666666667
CP021,chokepoint,node_throughput,92.7,92.0,52.0,125.0,15.837415471394294,0.29714795008912653,0,0,0,60,0.0,0.0,0.0
CP021,chokepoint,pagerank,88.68333333333334,92.0,23.0,125.0,22.896592646117888,0.3193850267379679,0,0,3,60,0.0,0.0,0.05
CP021,chokepoint,share_monthly_network_flow,92.7,92.0,52.0,125.0,15.837415471394294,0.29714795008912653,0,0,0,60,0.0,0.0,0.0
CP021,chokepoint,total_degree,87.31666666666666,92.0,17.0,125.0,25.371471812271828,0.3196078431372549,0,1,6,60,0.0,0.016666666666666666,0.1
CP021,chokepoint,total_route_exposure,91.11666666666666,92.0,38.0,125.0,18.056494832877103,0.2949197860962567,0,0,1,60,0.0,0.0,0.016666666666666666
CP021,chokepoint,total_strength,90.5,92.0,40.0,125.0,19.143968382332044,0.30980392156862746,0,0,0,60,0.0,0.0,0.0
CP021,chokepoint,total_voyages,91.85,92.0,47.0,125.0,16.833003297094674,0.29398395721925136,0,0,0,60,0.0,0.0,0.0
CP022,chokepoint,betweenness,10.566666666666666,10.0,3.0,16.0,3.3057047078980317,0.9483957219251338,31,60,60,60,0.5166666666666667,1.0,1.0
CP022,chokepoint,eigenvector,39.18333333333333,42.0,1.0,83.0,21.28299366181928,0.7377896613190731,9,11,25,60,0.15,0.18333333333333332,0.4166666666666667
CP022,chokepoint,node_throughput,17.4,13.0,1.0,69.0,12.98525891742411,0.9109625668449197,19,43,56,60,0.31666666666666665,0.7166666666666667,0.9333333333333333
CP022,chokepoint,pagerank,25.383333333333333,26.5,5.0,57.0,14.425838008929913,0.8696078431372549,14,23,48,60,0.23333333333333334,0.38333333333333336,0.8
CP022,chokepoint,share_monthly_network_flow,17.4,13.0,1.0,69.0,12.98525891742411,0.9109625668449197,19,43,56,60,0.31666666666666665,0.7166666666666667,0.9333333333333333
CP022,chokepoint,total_degree,12.7,12.0,4.0,26.0,4.927611584957096,0.9225044563279857,21,52,60,60,0.35,0.8666666666666667,1.0
CP022,chokepoint,total_route_exposure,12.416666666666666,9.5,1.0,54.0,10.53853568876041,0.9274064171122994,32,54,57,60,0.5333333333333333,0.9,0.95
CP022,chokepoint,total_strength,12.483333333333333,10.0,1.0,51.0,8.916736627847405,0.9374777183600713,32,55,58,60,0.5333333333333333,0.9166666666666666,0.9666666666666667
CP022,chokepoint,total_voyages,16.383333333333333,13.0,1.0,65.0,12.284883458214853,0.9064171122994652,20,43,56,60,0.3333333333333333,0.7166666666666667,0.9333333333333333
CP023,chokepoint,betweenness,19.0,19.0,14.0,21.0,1.5513799215591733,0.5451426024955437,0,33,60,60,0.0,0.55,1.0
CP023,chokepoint,eigenvector,79.1,86.5,1.0,123.0,32.60170526890698,0.35392156862745094,7,7,7,60,0.11666666666666667,0.11666666666666667,0.11666666666666667
CP023,chokepoint,node_throughput,90.43333333333334,91.0,46.0,123.0,15.33398426523021,0.3209893048128342,0,0,0,60,0.0,0.0,0.0
CP023,chokepoint,pagerank,84.1,88.0,25.0,123.0,24.824605071363216,0.3567736185383244,0,0,5,60,0.0,0.0,0.08333333333333333
CP023,chokepoint,share_monthly_network_flow,90.43333333333334,91.0,46.0,123.0,15.33398426523021,0.3209893048128342,0,0,0,60,0.0,0.0,0.0
CP023,chokepoint,total_degree,81.88333333333334,88.0,17.0,123.0,27.77518198794162,0.357397504456328,0,1,8,60,0.0,0.016666666666666666,0.13333333333333333
CP023,chokepoint,total_route_exposure,87.66666666666667,88.0,38.0,123.0,18.524986943124627,0.31737967914438503,0,0,1,60,0.0,0.0,0.016666666666666666
CP023,chokepoint,total_strength,86.93333333333334,88.0,36.0,123.0,19.533427816435264,0.3415775401069519,0,0,1,60,0.0,0.0,0.016666666666666666
CP023,chokepoint,total_voyages,89.16666666666667,89.0,47.0,123.0,16.702954845325177,0.31336898395721924,0,0,0,60,0.0,0.0,0.0
CP024,chokepoint,betweenness,18.533333333333335,19.0,5.0,22.0,2.739953399743938,0.5922014260249554,3,40,60,60,0.05,0.6666666666666666,1.0
CP024,chokepoint,eigenvector,75.01666666666667,80.0,1.0,125.0,31.393884574874853,0.3946078431372549,7,7,7,60,0.11666666666666667,0.11666666666666667,0.11666666666666667
CP024,chokepoint,node_throughput,86.0,86.0,45.0,125.0,16.826129800634394,0.36893939393939396,0,0,0,60,0.0,0.0,0.0
CP024,chokepoint,pagerank,82.33333333333333,85.5,23.0,125.0,22.531083363081418,0.38983957219251336,0,0,5,60,0.0,0.0,0.08333333333333333
CP024,chokepoint,share_monthly_network_flow,86.0,86.0,45.0,125.0,16.826129800634394,0.36893939393939396,0,0,0,60,0.0,0.0,0.0
CP024,chokepoint,total_degree,73.66666666666667,85.5,11.0,125.0,32.58816810692144,0.4213458110516934,0,3,15,60,0.0,0.05,0.25
CP024,chokepoint,total_route_exposure,82.61666666666666,85.5,37.0,125.0,20.750406707606324,0.3647504456327985,0,0,2,60,0.0,0.0,0.03333333333333333
CP024,chokepoint,total_strength,80.33333333333333,85.5,30.0,125.0,23.524719538785817,0.400445632798574,0,0,4,60,0.0,0.0,0.06666666666666667
CP024,chokepoint,total_voyages,84.16666666666667,85.5,41.0,125.0,18.63127193149493,0.3605614973262032,0,0,0,60,0.0,0.0,0.0
CP025,chokepoint,betweenness,19.6,20.0,17.0,23.0,1.1229501098234695,0.45294117647058824,0,28,60,60,0.0,0.4666666666666667,1.0
CP025,chokepoint,eigenvector,84.03333333333333,93.0,1.0,125.0,33.27490359173935,0.28065953654188946,7,7,7,60,0.11666666666666667,0.11666666666666667,0.11666666666666667
CP025,chokepoint,node_throughput,95.6,93.0,71.0,125.0,13.474646625975595,0.2497326203208556,0,0,0,60,0.0,0.0,0.0
CP025,chokepoint,pagerank,95.6,93.0,71.0,125.0,13.474646625975595,0.2497326203208556,0,0,0,60,0.0,0.0,0.0
CP025,chokepoint,share_monthly_network_flow,95.6,93.0,71.0,125.0,13.474646625975595,0.2497326203208556,0,0,0,60,0.0,0.0,0.0
CP025,chokepoint,total_degree,95.6,93.0,71.0,125.0,13.474646625975595,0.2497326203208556,0,0,0,60,0.0,0.0,0.0
CP025,chokepoint,total_route_exposure,95.6,93.0,71.0,125.0,13.474646625975595,0.2497326203208556,0,0,0,60,0.0,0.0,0.0
CP025,chokepoint,total_strength,95.6,93.0,71.0,125.0,13.474646625975595,0.2497326203208556,0,0,0,60,0.0,0.0,0.0
CP025,chokepoint,total_voyages,95.6,93.0,71.0,125.0,13.474646625975595,0.2497326203208556,0,0,0,60,0.0,0.0,0.0
CP026,chokepoint,betweenness,19.6,20.0,17.0,23.0,1.1229501098234695,0.45294117647058824,0,28,60,60,0.0,0.4666666666666667,1.0
CP026,chokepoint,eigenvector,84.03333333333333,93.0,1.0,125.0,33.27490359173935,0.28065953654188946,7,7,7,60,0.11666666666666667,0.11666666666666667,0.11666666666666667
CP026,chokepoint,node_throughput,95.6,93.0,71.0,125.0,13.474646625975595,0.2497326203208556,0,0,0,60,0.0,0.0,0.0
CP026,chokepoint,pagerank,95.6,93.0,71.0,125.0,13.474646625975595,0.2497326203208556,0,0,0,60,0.0,0.0,0.0
CP026,chokepoint,share_monthly_network_flow,95.6,93.0,71.0,125.0,13.474646625975595,0.2497326203208556,0,0,0,60,0.0,0.0,0.0
CP026,chokepoint,total_degree,95.6,93.0,71.0,125.0,13.474646625975595,0.2497326203208556,0,0,0,60,0.0,0.0,0.0
CP026,chokepoint,total_route_exposure,95.6,93.0,71.0,125.0,13.474646625975595,0.2497326203208556,0,0,0,60,0.0,0.0,0.0
CP026,chokepoint,total_strength,95.6,93.0,71.0,125.0,13.474646625975595,0.2497326203208556,0,0,0,60,0.0,0.0,0.0
CP026,chokepoint,total_voyages,95.6,93.0,71.0,125.0,13.474646625975595,0.2497326203208556,0,0,0,60,0.0,0.0,0.0
CP027,chokepoint,betweenness,19.6,20.0,17.0,23.0,1.1229501098234695,0.45294117647058824,0,28,60,60,0.0,0.4666666666666667,1.0
CP027,chokepoint,eigenvector,84.03333333333333,93.0,1.0,125.0,33.27490359173935,0.28065953654188946,7,7,7,60,0.11666666666666667,0.11666666666666667,0.11666666666666667
CP027,chokepoint,node_throughput,95.6,93.0,71.0,125.0,13.474646625975595,0.2497326203208556,0,0,0,60,0.0,0.0,0.0
CP027,chokepoint,pagerank,95.6,93.0,71.0,125.0,13.474646625975595,0.2497326203208556,0,0,0,60,0.0,0.0,0.0
CP027,chokepoint,share_monthly_network_flow,95.6,93.0,71.0,125.0,13.474646625975595,0.2497326203208556,0,0,0,60,0.0,0.0,0.0
CP027,chokepoint,total_degree,95.6,93.0,71.0,125.0,13.474646625975595,0.2497326203208556,0,0,0,60,0.0,0.0,0.0
CP027,chokepoint,total_route_exposure,95.6,93.0,71.0,125.0,13.474646625975595,0.2497326203208556,0,0,0,60,0.0,0.0,0.0
CP027,chokepoint,total_strength,95.6,93.0,71.0,125.0,13.474646625975595,0.2497326203208556,0,0,0,60,0.0,0.0,0.0
CP027,chokepoint,total_voyages,95.6,93.0,71.0,125.0,13.474646625975595,0.2497326203208556,0,0,0,60,0.0,0.0,0.0
CP028,chokepoint,betweenness,19.6,20.0,17.0,23.0,1.1229501098234695,0.45294117647058824,0,28,60,60,0.0,0.4666666666666667,1.0
CP028,chokepoint,eigenvector,84.03333333333333,93.0,1.0,125.0,33.27490359173935,0.28065953654188946,7,7,7,60,0.11666666666666667,0.11666666666666667,0.11666666666666667
CP028,chokepoint,node_throughput,95.6,93.0,71.0,125.0,13.474646625975595,0.2497326203208556,0,0,0,60,0.0,0.0,0.0
CP028,chokepoint,pagerank,95.6,93.0,71.0,125.0,13.474646625975595,0.2497326203208556,0,0,0,60,0.0,0.0,0.0
CP028,chokepoint,share_monthly_network_flow,95.6,93.0,71.0,125.0,13.474646625975595,0.2497326203208556,0,0,0,60,0.0,0.0,0.0
CP028,chokepoint,total_degree,95.6,93.0,71.0,125.0,13.474646625975595,0.2497326203208556,0,0,0,60,0.0,0.0,0.0
CP028,chokepoint,total_route_exposure,95.6,93.0,71.0,125.0,13.474646625975595,0.2497326203208556,0,0,0,60,0.0,0.0,0.0
CP028,chokepoint,total_strength,95.6,93.0,71.0,125.0,13.474646625975595,0.2497326203208556,0,0,0,60,0.0,0.0,0.0
CP028,chokepoint,total_voyages,95.6,93.0,71.0,125.0,13.474646625975595,0.2497326203208556,0,0,0,60,0.0,0.0,0.0
LNGN0004,terminal,betweenness,19.6,20.0,17.0,23.0,1.1229501098234695,0.45294117647058824,0,28,60,60,0.0,0.4666666666666667,1.0
LNGN0004,terminal,eigenvector,83.35,93.0,1.0,125.0,33.090438477664016,0.2967914438502674,7,7,7,60,0.11666666666666667,0.11666666666666667,0.11666666666666667
LNGN0004,terminal,node_throughput,94.73333333333333,93.0,49.0,125.0,14.542592810421326,0.2663101604278075,0,0,0,60,0.0,0.0,0.0
LNGN0004,terminal,pagerank,93.51666666666667,93.0,33.0,125.0,16.260059902183606,0.2731283422459893,0,0,1,60,0.0,0.0,0.016666666666666666
LNGN0004,terminal,share_monthly_network_flow,94.73333333333333,93.0,49.0,125.0,14.542592810421326,0.2663101604278075,0,0,0,60,0.0,0.0,0.0
LNGN0004,terminal,total_degree,93.5,93.0,33.0,125.0,16.368117003409044,0.2677361853832442,0,0,1,60,0.0,0.0,0.016666666666666666
LNGN0004,terminal,total_route_exposure,93.9,93.0,39.0,125.0,15.470803557406597,0.26666666666666666,0,0,0,60,0.0,0.0,0.0
LNGN0004,terminal,total_strength,94.78333333333333,93.0,52.0,125.0,14.387013525818723,0.2660427807486631,0,0,0,60,0.0,0.0,0.0
LNGN0004,terminal,total_voyages,94.25,93.0,43.0,125.0,14.914019112958627,0.26573083778966133,0,0,0,60,0.0,0.0,0.0
LNGN0006,terminal,betweenness,19.6,20.0,17.0,23.0,1.1229501098234695,0.45294117647058824,0,28,60,60,0.0,0.4666666666666667,1.0
LNGN0006,terminal,eigenvector,80.9,92.0,1.0,125.0,34.07802612251447,0.3084224598930481,7,7,8,60,0.11666666666666667,0.11666666666666667,0.13333333333333333
LNGN0006,terminal,node_throughput,94.71666666666667,93.0,71.0,125.0,13.21156615341228,0.26506238859180037,0,0,0,60,0.0,0.0,0.0
LNGN0006,terminal,pagerank,93.78333333333333,93.0,56.0,125.0,14.444624437528418,0.2703654188948307,0,0,0,60,0.0,0.0,0.0
LNGN0006,terminal,share_monthly_network_flow,94.71666666666667,93.0,71.0,125.0,13.21156615341228,0.26506238859180037,0,0,0,60,0.0,0.0,0.0
LNGN0006,terminal,total_degree,93.45,93.0,52.0,125.0,15.054055143754008,0.2665329768270945,0,0,0,60,0.0,0.0,0.0
LNGN0006,terminal,total_route_exposure,93.83333333333333,93.0,59.0,125.0,14.325710757256177,0.2655080213903743,0,0,0,60,0.0,0.0,0.0
LNGN0006,terminal,total_strength,94.71666666666667,93.0,71.0,125.0,13.21156615341228,0.26506238859180037,0,0,0,60,0.0,0.0,0.0
LNGN0006,terminal,total_voyages,94.28333333333333,93.0,70.0,125.0,13.661887685866962,0.2643048128342246,0,0,0,60,0.0,0.0,0.0
LNGN0008,terminal,betweenness,19.6,20.0,17.0,23.0,1.1229501098234695,0.45294117647058824,0,28,60,60,0.0,0.4666666666666667,1.0
LNGN0008,terminal,eigenvector,26.166666666666668,9.0,1.0,95.0,32.833512575151005,0.7370766488413547,36,44,45,60,0.6,0.7333333333333333,0.75
LNGN0008,terminal,node_throughput,50.516666666666666,43.5,8.0,98.0,29.118397508213373,0.6441176470588236,3,11,24,60,0.05,0.18333333333333332,0.4
LNGN0008,terminal,pagerank,69.0,71.0,18.0,98.0,17.58466203778312,0.5452762923351159,0,1,3,60,0.0,0.016666666666666666,0.05
LNGN0008,terminal,share_monthly_network_flow,50.516666666666666,43.5,8.0,98.0,29.118397508213373,0.6441176470588236,3,11,24,60,0.05,0.18333333333333332,0.4
LNGN0008,terminal,total_degree,54.8,52.0,13.0,98.0,24.85469638123528,0.5732620320855616,0,1,22,60,0.0,0.016666666666666666,0.36666666666666664
LNGN0008,terminal,total_route_exposure,57.666666666666664,59.5,17.0,98.0,24.789737260534395,0.5700980392156862,0,1,20,60,0.0,0.016666666666666666,0.3333333333333333
LNGN0008,terminal,total_strength,52.46666666666667,45.5,11.0,98.0,27.48217706982427,0.6336898395721925,0,7,22,60,0.0,0.11666666666666667,0.36666666666666664
LNGN0008,terminal,total_voyages,50.21666666666667,44.5,8.0,98.0,28.48495985345788,0.6299019607843138,2,9,24,60,0.03333333333333333,0.15,0.4
LNGN0013,terminal,betweenness,19.6,20.0,17.0,23.0,1.1229501098234695,0.45294117647058824,0,28,60,60,0.0,0.4666666666666667,1.0
LNGN0013,terminal,eigenvector,81.93333333333334,91.0,1.0,125.0,32.642836921136116,0.3056595365418895,7,7,7,60,0.11666666666666667,0.11666666666666667,0.11666666666666667
LNGN0013,terminal,node_throughput,92.5,91.5,59.0,125.0,13.67231521688374,0.2860071301247772,0,0,0,60,0.0,0.0,0.0
LNGN0013,terminal,pagerank,92.85,91.0,67.0,125.0,13.02386987191895,0.27803030303030307,0,0,0,60,0.0,0.0,0.0
LNGN0013,terminal,share_monthly_network_flow,92.5,91.5,59.0,125.0,13.67231521688374,0.2860071301247772,0,0,0,60,0.0,0.0,0.0
LNGN0013,terminal,total_degree,90.0,91.0,26.0,125.0,17.82970288829138,0.289126559714795,0,0,1,60,0.0,0.0,0.016666666666666666
LNGN0013,terminal,total_route_exposure,90.9,91.0,37.0,125.0,16.150457830525838,0.2860071301247772,0,0,1,60,0.0,0.0,0.016666666666666666
LNGN0013,terminal,total_strength,92.6,91.5,60.0,125.0,13.563660322933936,0.2855169340463458,0,0,0,60,0.0,0.0,0.0
LNGN0013,terminal,total_voyages,91.71666666666667,91.0,51.0,125.0,14.686661383679759,0.28337789661319074,0,0,0,60,0.0,0.0,0.0
LNGN0017,terminal,betweenness,19.6,20.0,17.0,23.0,1.1229501098234695,0.45294117647058824,0,28,60,60,0.0,0.4666666666666667,1.0
LNGN0017,terminal,eigenvector,82.13333333333334,93.0,1.0,125.0,34.79599951030151,0.2999108734402852,7,7,9,60,0.11666666666666667,0.11666666666666667,0.15
LNGN0017,terminal,node_throughput,95.06666666666666,93.0,66.0,125.0,14.202967780900964,0.26158645276292336,0,0,0,60,0.0,0.0,0.0
LNGN0017,terminal,pagerank,94.65,93.0,51.0,125.0,15.154375102450205,0.26390374331550803,0,0,0,60,0.0,0.0,0.0
LNGN0017,terminal,share_monthly_network_flow,95.06666666666666,93.0,66.0,125.0,14.202967780900964,0.26158645276292336,0,0,0,60,0.0,0.0,0.0
LNGN0017,terminal,total_degree,94.25,93.0,41.0,125.0,16.27270252470767,0.2625222816399287,0,0,0,60,0.0,0.0,0.0
LNGN0017,terminal,total_route_exposure,94.46666666666667,93.0,48.0,125.0,15.625345193927021,0.26194295900178255,0,0,0,60,0.0,0.0,0.0
LNGN0017,terminal,total_strength,95.11666666666666,93.0,68.0,125.0,14.108648227320003,0.261319073083779,0,0,0,60,0.0,0.0,0.0
LNGN0017,terminal,total_voyages,94.71666666666667,93.0,52.0,125.0,15.000668535007879,0.2612745098039216,0,0,0,60,0.0,0.0,0.0
LNGN0025,terminal,betweenness,19.6,20.0,17.0,23.0,1.1229501098234695,0.45294117647058824,0,28,60,60,0.0,0.4666666666666667,1.0
LNGN0025,terminal,eigenvector,64.71666666666667,83.5,1.0,125.0,40.48983620809291,0.4434046345811052,7,14,22,60,0.11666666666666667,0.23333333333333334,0.36666666666666664
LNGN0025,terminal,node_throughput,87.31666666666666,89.0,29.0,125.0,19.852414502571744,0.3510695187165775,0,0,2,60,0.0,0.0,0.03333333333333333
LNGN0025,terminal,pagerank,86.38333333333334,87.5,39.0,125.0,19.203717566179265,0.3574866310160428,0,0,0,60,0.0,0.0,0.0
LNGN0025,terminal,share_monthly_network_flow,87.31666666666666,89.0,29.0,125.0,19.852414502571744,0.3510695187165775,0,0,2,60,0.0,0.0,0.03333333333333333
LNGN0025,terminal,total_degree,84.66666666666667,87.5,33.0,125.0,20.647704076139295,0.33819073083778967,0,0,1,60,0.0,0.0,0.016666666666666666
LNGN0025,terminal,total_route_exposure,84.48333333333333,87.5,27.0,125.0,22.224197887694668,0.3473707664884136,0,0,4,60,0.0,0.0,0.06666666666666667
LNGN0025,terminal,total_strength,87.68333333333334,89.0,30.0,125.0,19.206718163155045,0.3491532976827095,0,0,2,60,0.0,0.0,0.03333333333333333
LNGN0025,terminal,total_voyages,85.91666666666667,88.0,29.0,125.0,20.738314387042635,0.3441622103386809,0,0,2,60,0.0,0.0,0.03333333333333333
LNGN0026,terminal,betweenness,19.6,20.0,17.0,23.0,1.1229501098234695,0.45294117647058824,0,28,60,60,0.0,0.4666666666666667,1.0
LNGN0026,terminal,eigenvector,45.75,43.0,1.0,93.0,23.554210822220877,0.6935828877005348,7,8,19,60,0.11666666666666667,0.13333333333333333,0.31666666666666665
LNGN0026,terminal,node_throughput,34.06666666666667,32.5,12.0,72.0,13.249709516056834,0.8228609625668449,0,6,38,60,0.0,0.1,0.6333333333333333
LNGN0026,terminal,pagerank,73.63333333333334,73.0,51.0,97.0,10.02871583219596,0.5555258467023172,0,0,0,60,0.0,0.0,0.0
LNGN0026,terminal,share_monthly_network_flow,34.06666666666667,32.5,12.0,72.0,13.249709516056834,0.8228609625668449,0,6,38,60,0.0,0.1,0.6333333333333333
LNGN0026,terminal,total_degree,19.15,19.0,7.0,46.0,8.568418559464137,0.8758021390374331,10,33,58,60,0.16666666666666666,0.55,0.9666666666666667
LNGN0026,terminal,total_route_exposure,26.383333333333333,24.0,10.0,53.0,9.685025426612171,0.839572192513369,1,14,53,60,0.016666666666666666,0.23333333333333334,0.8833333333333333
LNGN0026,terminal,total_strength,36.86666666666667,35.0,19.0,73.0,12.234248491762457,0.8080213903743316,0,1,34,60,0.0,0.016666666666666666,0.5666666666666667
LNGN0026,terminal,total_voyages,28.433333333333334,25.5,8.0,63.0,11.611459369974344,0.8345811051693405,1,12,52,60,0.016666666666666666,0.2,0.8666666666666667
LNGN0027,terminal,betweenness,19.6,20.0,17.0,23.0,1.1229501098234695,0.45294117647058824,0,28,60,60,0.0,0.4666666666666667,1.0
LNGN0027,terminal,eigenvector,54.983333333333334,54.0,1.0,100.0,27.27356183451738,0.6127896613190731,7,8,13,60,0.11666666666666667,0.13333333333333333,0.21666666666666667
LNGN0027,terminal,node_throughput,52.583333333333336,50.0,20.0,99.0,19.18711755908085,0.7056595365418894,0,0,15,60,0.0,0.0,0.25
LNGN0027,terminal,pagerank,75.06666666666666,74.0,51.0,99.0,11.012884082710086,0.5346256684491979,0,0,0,60,0.0,0.0,0.0
LNGN0027,terminal,share_monthly_network_flow,52.583333333333336,50.0,20.0,99.0,19.18711755908085,0.7056595365418894,0,0,15,60,0.0,0.0,0.25
LNGN0027,terminal,total_degree,34.96666666666667,29.0,10.0,99.0,20.1275312476293,0.7512923351158646,2,10,40,60,0.03333333333333333,0.16666666666666666,0.6666666666666666
LNGN0027,terminal,total_route_exposure,39.71666666666667,35.0,15.0,99.0,19.314604702200352,0.7354723707664884,0,4,35,60,0.0,0.06666666666666667,0.5833333333333334
LNGN0027,terminal,total_strength,54.56666666666667,51.5,25.0,99.0,18.2787889175893,0.6952762923351159,0,0,15,60,0.0,0.0,0.25
LNGN0027,terminal,total_voyages,46.61666666666667,42.5,20.0,99.0,18.232111424781543,0.7051693404634581,0,0,25,60,0.0,0.0,0.4166666666666667
LNGN0031,terminal,betweenness,19.6,20.0,17.0,23.0,1.1229501098234695,0.45294117647058824,0,28,60,60,0.0,0.4666666666666667,1.0
LNGN0031,terminal,eigenvector,83.85,93.0,1.0,125.0,33.30487061646782,0.2910873440285205,7,7,7,60,0.11666666666666667,0.11666666666666667,0.11666666666666667
LNGN0031,terminal,node_throughput,94.83333333333333,93.0,46.0,125.0,14.914634681533974,0.2627450980392157,0,0,0,60,0.0,0.0,0.0
LNGN0031,terminal,pagerank,93.76666666666667,93.0,15.0,125.0,18.27600693200052,0.2688948306595365,0,1,2,60,0.0,0.016666666666666666,0.03333333333333333
LNGN0031,terminal,share_monthly_network_flow,94.83333333333333,93.0,46.0,125.0,14.914634681533974,0.2627450980392157,0,0,0,60,0.0,0.0,0.0
LNGN0031,terminal,total_degree,94.48333333333333,93.0,41.0,125.0,15.757152442854155,0.2622103386809269,0,0,0,60,0.0,0.0,0.0
LNGN0031,terminal,total_route_exposure,94.58333333333333,93.0,38.0,125.0,15.59475321009011,0.26194295900178255,0,0,1,60,0.0,0.0,0.016666666666666666
LNGN0031,terminal,total_strength,94.93333333333334,93.0,52.0,125.0,14.598428829630452,0.2623440285204991,0,0,0,60,0.0,0.0,0.0
LNGN0031,terminal,total_voyages,94.73333333333333,93.0,41.0,125.0,15.230285024283166,0.26154188948306595,0,0,0,60,0.0,0.0,0.0
LNGN0035,terminal,betweenness,19.6,20.0,17.0,23.0,1.1229501098234695,0.45294117647058824,0,28,60,60,0.0,0.4666666666666667,1.0
LNGN0035,terminal,eigenvector,43.63333333333333,37.5,1.0,125.0,29.139621036044613,0.6792780748663102,7,12,31,60,0.11666666666666667,0.2,0.5166666666666667
LNGN0035,terminal,node_throughput,60.75,55.5,21.0,125.0,21.12483075852375,0.6415329768270944,0,0,4,60,0.0,0.0,0.06666666666666667
LNGN0035,terminal,pagerank,51.95,48.0,21.0,125.0,20.910969467430164,0.6886363636363637,0,0,16,60,0.0,0.0,0.26666666666666666
LNGN0035,terminal,share_monthly_network_flow,60.75,55.5,21.0,125.0,21.12483075852375,0.6415329768270944,0,0,4,60,0.0,0.0,0.06666666666666667
LNGN0035,terminal,total_degree,46.483333333333334,41.0,21.0,125.0,22.211992231001176,0.65650623885918,0,0,28,60,0.0,0.0,0.4666666666666667
LNGN0035,terminal,total_route_exposure,49.06666666666667,43.0,22.0,125.0,21.74651085722206,0.6570855614973261,0,0,22,60,0.0,0.0,0.36666666666666664
LNGN0035,terminal,total_strength,62.233333333333334,57.5,23.0,125.0,20.21357713431672,0.6336007130124777,0,0,4,60,0.0,0.0,0.06666666666666667
LNGN0035,terminal,total_voyages,54.1,48.5,20.0,125.0,20.424893419218634,0.6406417112299465,0,0,11,60,0.0,0.0,0.18333333333333332
LNGN0037,terminal,betweenness,19.6,20.0,17.0,23.0,1.1229501098234695,0.45294117647058824,0,28,60,60,0.0,0.4666666666666667,1.0
LNGN0037,terminal,eigenvector,57.95,61.0,1.0,92.0,24.523544549843034,0.6284313725490196,7,7,7,60,0.11666666666666667,0.11666666666666667,0.11666666666666667
LNGN0037,terminal,node_throughput,52.93333333333333,50.0,18.0,93.0,18.193746985668756,0.7127450980392157,0,1,14,60,0.0,0.016666666666666666,0.23333333333333334
LNGN0037,terminal,pagerank,48.68333333333333,47.5,13.0,93.0,17.037835927938286,0.736096256684492,0,4,17,60,0.0,0.06666666666666667,0.2833333333333333
LNGN0037,terminal,share_monthly_network_flow,52.93333333333333,50.0,18.0,93.0,18.193746985668756,0.7127450980392157,0,1,14,60,0.0,0.016666666666666666,0.23333333333333334
LNGN0037,terminal,total_degree,41.516666666666666,41.0,13.0,93.0,16.398110336220753,0.699777183600713,0,3,28,60,0.0,0.05,0.4666666666666667
LNGN0037,terminal,total_route_exposure,47.18333333333333,46.5,17.0,93.0,14.955857836173063,0.6844919786096256,0,1,21,60,0.0,0.016666666666666666,0.35
LNGN0037,terminal,total_strength,54.65,52.0,22.0,93.0,17.335986867725936,0.7036541889483066,0,0,13,60,0.0,0.0,0.21666666666666667
LNGN0037,terminal,total_voyages,47.5,45.0,20.0,93.0,15.943225541839583,0.700445632798574,0,0,20,60,0.0,0.0,0.3333333333333333
LNGN0039,terminal,betweenness,19.6,20.0,17.0,23.0,1.1229501098234695,0.45294117647058824,0,28,60,60,0.0,0.4666666666666667,1.0
LNGN0039,terminal,eigenvector,77.25,85.5,1.0,118.0,32.11242169501771,0.3578877005347593,7,7,8,60,0.11666666666666667,0.11666666666666667,0.13333333333333333
LNGN0039,terminal,node_throughput,92.63333333333334,93.0,37.0,120.0,15.252637078653233,0.30592691622103385,0,0,1,60,0.0,0.0,0.016666666666666666
LNGN0039,terminal,pagerank,90.91666666666667,91.0,57.0,120.0,13.608685744171476,0.30343137254901964,0,0,0,60,0.0,0.0,0.0
LNGN0039,terminal,share_monthly_network_flow,92.63333333333334,93.0,37.0,120.0,15.252637078653233,0.30592691622103385,0,0,1,60,0.0,0.0,0.016666666666666666
LNGN0039,terminal,total_degree,86.9,89.0,33.0,120.0,18.68807287540934,0.31417112299465244,0,0,1,60,0.0,0.0,0.016666666666666666
LNGN0039,terminal,total_route_exposure,87.45,89.0,27.0,120.0,19.072942055279984,0.3158645276292335,0,0,2,60,0.0,0.0,0.03333333333333333
LNGN0039,terminal,total_strength,92.76666666666667,93.0,41.0,120.0,14.85907434517643,0.30521390374331553,0,0,0,60,0.0,0.0,0.0
LNGN0039,terminal,total_voyages,89.01666666666667,90.0,34.0,120.0,17.266104412458564,0.31212121212121213,0,0,1,60,0.0,0.0,0.016666666666666666
LNGN0040,terminal,betweenness,19.6,20.0,17.0,23.0,1.1229501098234695,0.45294117647058824,0,28,60,60,0.0,0.4666666666666667,1.0
LNGN0040,terminal,eigenvector,54.25,56.5,1.0,115.0,32.47769769330374,0.5936274509803922,7,10,24,60,0.11666666666666667,0.16666666666666666,0.4
LNGN0040,terminal,node_throughput,69.28333333333333,70.0,34.0,117.0,18.697495224858752,0.5608288770053476,0,0,2,60,0.0,0.0,0.03333333333333333
LNGN0040,terminal,pagerank,53.15,47.0,16.0,117.0,24.602483683356652,0.6498217468805705,0,2,21,60,0.0,0.03333333333333333,0.35
LNGN0040,terminal,share_monthly_network_flow,69.28333333333333,70.0,34.0,117.0,18.697495224858752,0.5608288770053476,0,0,2,60,0.0,0.0,0.03333333333333333
LNGN0040,terminal,total_degree,58.31666666666667,53.0,23.0,117.0,21.567781736644775,0.5565508021390374,0,0,12,60,0.0,0.0,0.2
LNGN0040,terminal,total_route_exposure,61.266666666666666,60.0,27.0,117.0,21.233062375764526,0.5549910873440285,0,0,9,60,0.0,0.0,0.15
LNGN0040,terminal,total_strength,70.08333333333333,71.0,35.0,117.0,18.221138466233377,0.556951871657754,0,0,1,60,0.0,0.0,0.016666666666666666
LNGN0040,terminal,total_voyages,65.13333333333334,64.0,33.0,117.0,19.516587179659332,0.5441176470588236,0,0,6,60,0.0,0.0,0.1
LNGN0044,terminal,betweenness,19.6,20.0,17.0,23.0,1.1229501098234695,0.45294117647058824,0,28,60,60,0.0,0.4666666666666667,1.0
LNGN0044,terminal,eigenvector,82.43333333333334,91.0,1.0,123.0,32.618683772853956,0.3876114081996435,7,7,7,60,0.11666666666666667,0.11666666666666667,0.11666666666666667
LNGN0044,terminal,node_throughput,94.38333333333334,92.0,69.0,121.0,12.83677406366498,0.3610516934046346,0,0,0,60,0.0,0.0,0.0
LNGN0044,terminal,pagerank,76.36666666666666,80.0,37.0,110.0,18.425265140025154,0.45788770053475936,0,0,1,60,0.0,0.0,0.016666666666666666
LNGN0044,terminal,share_monthly_network_flow,94.38333333333334,92.0,69.0,121.0,12.83677406366498,0.3610516934046346,0,0,0,60,0.0,0.0,0.0
LNGN0044,terminal,total_degree,73.38333333333334,75.5,13.0,110.0,20.503899312219854,0.4212121212121212,0,1,1,60,0.0,0.016666666666666666,0.016666666666666666
LNGN0044,terminal,total_route_exposure,77.3,80.0,17.0,110.0,17.517352172022,0.4101158645276292,0,1,1,60,0.0,0.016666666666666666,0.016666666666666666
LNGN0044,terminal,total_strength,94.38333333333334,92.0,69.0,121.0,12.83677406366498,0.3610516934046346,0,0,0,60,0.0,0.0,0.0
LNGN0044,terminal,total_voyages,76.93333333333334,82.5,24.0,110.0,19.5940726653705,0.42722816399286984,0,0,3,60,0.0,0.0,0.05
LNGN0045,terminal,betweenness,19.6,20.0,17.0,23.0,1.1229501098234695,0.45294117647058824,0,28,60,60,0.0,0.4666666666666667,1.0
LNGN0045,terminal,eigenvector,82.13333333333334,92.0,1.0,118.0,31.89785958850035,0.31354723707664883,7,7,7,60,0.11666666666666667,0.11666666666666667,0.11666666666666667
LNGN0045,terminal,node_throughput,92.75,92.5,71.0,120.0,11.501842151644931,0.28627450980392155,0,0,0,60,0.0,0.0,0.0
LNGN0045,terminal,pagerank,91.88333333333334,91.0,71.0,120.0,11.836587441483598,0.29206773618538323,0,0,0,60,0.0,0.0,0.0
LNGN0045,terminal,share_monthly_network_flow,92.75,92.5,71.0,120.0,11.501842151644931,0.28627450980392155,0,0,0,60,0.0,0.0,0.0
LNGN0045,terminal,total_degree,89.76666666666667,90.5,57.0,120.0,14.517513288796934,0.28814616755793226,0,0,0,60,0.0,0.0,0.0
LNGN0045,terminal,total_route_exposure,90.9,90.5,71.0,120.0,12.731517011877608,0.2851158645276292,0,0,0,60,0.0,0.0,0.0
LNGN0045,terminal,total_strength,92.81666666666666,92.5,71.0,120.0,11.469180022803743,0.2859625668449198,0,0,0,60,0.0,0.0,0.0
LNGN0045,terminal,total_voyages,91.91666666666667,90.5,71.0,120.0,11.72609962559498,0.282397504456328,0,0,0,60,0.0,0.0,0.0
LNGN0050,terminal,betweenness,19.6,20.0,17.0,23.0,1.1229501098234695,0.45294117647058824,0,28,60,60,0.0,0.4666666666666667,1.0
LNGN0050,terminal,eigenvector,38.11666666666667,41.5,1.0,87.0,19.318991855883255,0.7290552584670231,8,9,22,60,0.13333333333333333,0.15,0.36666666666666664
LNGN0050,terminal,node_throughput,26.516666666666666,22.5,10.0,87.0,15.43108426462382,0.8538324420677361,1,23,53,60,0.016666666666666666,0.38333333333333336,0.8833333333333333
LNGN0050,terminal,pagerank,74.23333333333333,74.0,51.0,97.0,9.91038945799001,0.544385026737968,0,0,0,60,0.0,0.0,0.0
LNGN0050,terminal,share_monthly_network_flow,26.516666666666666,22.5,10.0,87.0,15.43108426462382,0.8538324420677361,1,23,53,60,0.016666666666666666,0.38333333333333336,0.8833333333333333
LNGN0050,terminal,total_degree,23.05,19.5,7.0,87.0,14.91151869631355,0.8405080213903743,5,30,54,60,0.08333333333333333,0.5,0.9
LNGN0050,terminal,total_route_exposure,20.5,17.0,7.0,87.0,14.051358580795728,0.8696524064171123,10,38,56,60,0.16666666666666666,0.6333333333333333,0.9333333333333333
LNGN0050,terminal,total_strength,30.7,27.5,14.0,87.0,14.114903771353747,0.8314616755793227,0,9,50,60,0.0,0.15,0.8333333333333334
LNGN0050,terminal,total_voyages,25.016666666666666,21.0,10.0,87.0,14.425133041911124,0.8465240641711229,1,24,53,60,0.016666666666666666,0.4,0.8833333333333333
LNGN0052,terminal,betweenness,19.6,20.0,17.0,23.0,1.1229501098234695,0.45294117647058824,0,28,60,60,0.0,0.4666666666666667,1.0
LNGN0052,terminal,eigenvector,69.18333333333334,75.5,1.0,100.0,28.50898857165106,0.4640819964349376,7,7,7,60,0.11666666666666667,0.11666666666666667,0.11666666666666667
LNGN0052,terminal,node_throughput,83.2,84.0,63.0,110.0,11.639791482784895,0.43270944741532974,0,0,0,60,0.0,0.0,0.0
LNGN0052,terminal,pagerank,82.81666666666666,84.0,61.0,101.0,9.343703883358408,0.40494652406417114,0,0,0,60,0.0,0.0,0.0
LNGN0052,terminal,share_monthly_network_flow,83.2,84.0,63.0,110.0,11.639791482784895,0.43270944741532974,0,0,0,60,0.0,0.0,0.0
LNGN0052,terminal,total_degree,71.08333333333333,70.5,36.0,101.0,17.445597440514817,0.44220142602495544,0,0,2,60,0.0,0.0,0.03333333333333333
LNGN0052,terminal,total_route_exposure,75.51666666666667,77.0,45.0,101.0,14.292930179195048,0.42905525846702314,0,0,0,60,0.0,0.0,0.0
LNGN0052,terminal,total_strength,83.6,84.0,63.0,110.0,11.30051746227819,0.4306595365418895,0,0,0,60,0.0,0.0,0.0
LNGN0052,terminal,total_voyages,78.53333333333333,81.5,50.0,101.0,12.692539736859263,0.42446524064171126,0,0,0,60,0.0,0.0,0.0
LNGN0055,terminal,betweenness,19.6,20.0,17.0,23.0,1.1229501098234695,0.45294117647058824,0,28,60,60,0.0,0.4666666666666667,1.0
LNGN0055,terminal,eigenvector,80.41666666666667,91.0,1.0,117.0,31.476809686221358,0.3351158645276292,7,7,7,60,0.11666666666666667,0.11666666666666667,0.11666666666666667
LNGN0055,terminal,node_throughput,89.56666666666666,91.0,39.0,121.0,15.152743966605984,0.31590909090909086,0,0,0,60,0.0,0.0,0.0
LNGN0055,terminal,pagerank,87.05,89.0,15.0,121.0,19.90351727710457,0.3304367201426025,0,1,2,60,0.0,0.016666666666666666,0.03333333333333333
LNGN0055,terminal,share_monthly_network_flow,89.56666666666666,91.0,39.0,121.0,15.152743966605984,0.31590909090909086,0,0,0,60,0.0,0.0,0.0
LNGN0055,terminal,total_degree,86.48333333333333,89.0,30.0,121.0,18.850429718310714,0.31506238859180036,0,0,1,60,0.0,0.0,0.016666666666666666
LNGN0055,terminal,total_route_exposure,87.68333333333334,89.0,31.0,121.0,17.150867613243527,0.31154188948306594,0,0,1,60,0.0,0.0,0.016666666666666666
LNGN0055,terminal,total_strength,89.76666666666667,91.0,40.0,121.0,14.81452181128959,0.315017825311943,0,0,0,60,0.0,0.0,0.0
LNGN0055,terminal,total_voyages,88.6,89.5,35.0,121.0,16.311792552358753,0.30940285204991086,0,0,1,60,0.0,0.0,0.016666666666666666
LNGN0056,terminal,betweenness,19.6,20.0,17.0,23.0,1.1229501098234695,0.45294117647058824,0,28,60,60,0.0,0.4666666666666667,1.0
LNGN0056,terminal,eigenvector,47.233333333333334,47.5,1.0,117.0,27.406152140372473,0.649777183600713,7,8,23,60,0.11666666666666667,0.13333333333333333,0.38333333333333336
LNGN0056,terminal,node_throughput,63.15,60.0,23.0,108.0,19.071520163739763,0.6250891265597148,0,0,5,60,0.0,0.0,0.08333333333333333
LNGN0056,terminal,pagerank,54.266666666666666,52.5,22.0,102.0,18.16017869943686,0.6736631016042781,0,0,12,60,0.0,0.0,0.2
LNGN0056,terminal,share_monthly_network_flow,63.15,60.0,23.0,108.0,19.071520163739763,0.6250891265597148,0,0,5,60,0.0,0.0,0.08333333333333333
LNGN0056,terminal,total_degree,51.5,50.0,14.0,102.0,18.579649884497513,0.6143048128342247,0,2,16,60,0.0,0.03333333333333333,0.26666666666666666
LNGN0056,terminal,total_route_exposure,52.483333333333334,48.0,26.0,102.0,18.887258431901817,0.6289661319073083,0,0,15,60,0.0,0.0,0.25
LNGN0056,terminal,total_strength,64.43333333333334,62.0,28.0,108.0,18.352819638970054,0.6183155080213905,0,0,5,60,0.0,0.0,0.08333333333333333
LNGN0056,terminal,total_voyages,56.4,53.5,22.0,102.0,18.495258210449144,0.6209447415329769,0,0,9,60,0.0,0.0,0.15
LNGN0059,terminal,betweenness,19.6,20.0,17.0,23.0,1.1229501098234695,0.45294117647058824,0,28,60,60,0.0,0.4666666666666667,1.0
LNGN0059,terminal,eigenvector,71.13333333333334,84.5,1.0,123.0,37.40364645808724,0.3917112299465241,7,7,16,60,0.11666666666666667,0.11666666666666667,0.26666666666666666
LNGN0059,terminal,node_throughput,90.93333333333334,89.0,54.0,123.0,15.084919696832564,0.3199197860962567,0,0,0,60,0.0,0.0,0.0
LNGN0059,terminal,pagerank,87.88333333333334,87.5,19.0,123.0,19.288260824908946,0.33667557932263814,0,1,2,60,0.0,0.016666666666666666,0.03333333333333333
LNGN0059,terminal,share_monthly_network_flow,90.93333333333334,89.0,54.0,123.0,15.084919696832564,0.3199197860962567,0,0,0,60,0.0,0.0,0.0
LNGN0059,terminal,total_degree,86.31666666666666,87.0,29.0,123.0,20.62620652180682,0.32433155080213905,0,0,2,60,0.0,0.0,0.03333333333333333
LNGN0059,terminal,total_route_exposure,88.0,87.0,40.0,123.0,18.174297365944103,0.3195187165775401,0,0,0,60,0.0,0.0,0.0
LNGN0059,terminal,total_strength,91.1,89.0,55.0,123.0,14.864016383563612,0.31907308377896615,0,0,0,60,0.0,0.0,0.0
LNGN0059,terminal,total_voyages,89.25,87.0,51.0,123.0,16.275826933611736,0.3169786096256685,0,0,0,60,0.0,0.0,0.0
LNGN0069,terminal,betweenness,19.6,20.0,17.0,23.0,1.1229501098234695,0.45294117647058824,0,28,60,60,0.0,0.4666666666666667,1.0
LNGN0069,terminal,eigenvector,82.6,93.0,1.0,125.0,34.067828653328384,0.2918449197860963,7,7,8,60,0.11666666666666667,0.11666666666666667,0.13333333333333333
LNGN0069,terminal,node_throughput,95.25,93.0,71.0,125.0,13.366572269556944,0.2549465240641711,0,0,0,60,0.0,0.0,0.0
LNGN0069,terminal,pagerank,95.13333333333334,93.0,71.0,125.0,13.452322169477384,0.25445632798573975,0,0,0,60,0.0,0.0,0.0
LNGN0069,terminal,share_monthly_network_flow,95.25,93.0,71.0,125.0,13.366572269556944,0.2549465240641711,0,0,0,60,0.0,0.0,0.0
LNGN0069,terminal,total_degree,94.85,93.0,65.0,125.0,13.90503505928699,0.2552139037433155,0,0,0,60,0.0,0.0,0.0
LNGN0069,terminal,total_route_exposure,95.0,93.0,71.0,125.0,13.623260268341914,0.25481283422459894,0,0,0,60,0.0,0.0,0.0
LNGN0069,terminal,total_strength,95.26666666666667,93.0,71.0,125.0,13.359268561458576,0.2548573975044563,0,0,0,60,0.0,0.0,0.0
LNGN0069,terminal,total_voyages,95.18333333333334,93.0,71.0,125.0,13.408183267358549,0.25432263814616757,0,0,0,60,0.0,0.0,0.0
LNGN0070,terminal,betweenness,19.6,20.0,17.0,23.0,1.1229501098234695,0.45294117647058824,0,28,60,60,0.0,0.4666666666666667,1.0
LNGN0070,terminal,eigenvector,40.416666666666664,43.5,1.0,99.0,22.774719605460454,0.7034313725490196,8,10,26,60,0.13333333333333333,0.16666666666666666,0.43333333333333335
LNGN0070,terminal,node_throughput,26.15,14.5,8.0,99.0,23.789204929682718,0.8372549019607843,6,42,46,60,0.1,0.7,0.7666666666666667
LNGN0070,terminal,pagerank,75.66666666666667,74.5,56.0,99.0,9.992652668067311,0.522192513368984,0,0,0,60,0.0,0.0,0.0
LNGN0070,terminal,share_monthly_network_flow,26.15,14.5,8.0,99.0,23.789204929682718,0.8372549019607843,6,42,46,60,0.1,0.7,0.7666666666666667
LNGN0070,terminal,total_degree,22.983333333333334,14.0,4.0,99.0,22.67417830003815,0.8344919786096257,15,41,51,60,0.25,0.6833333333333333,0.85
LNGN0070,terminal,total_route_exposure,22.616666666666667,12.5,2.0,99.0,23.235778713642855,0.8436274509803922,18,44,51,60,0.3,0.7333333333333333,0.85
LNGN0070,terminal,total_strength,29.9,20.0,12.0,99.0,22.287565888188393,0.8172905525846702,0,29,46,60,0.0,0.48333333333333334,0.7666666666666667
LNGN0070,terminal,total_voyages,24.866666666666667,14.0,7.0,99.0,23.20247405471854,0.832397504456328,8,42,47,60,0.13333333333333333,0.7,0.7833333333333333
LNGN0074,terminal,betweenness,19.6,20.0,17.0,23.0,1.1229501098234695,0.45294117647058824,0,28,60,60,0.0,0.4666666666666667,1.0
LNGN0074,terminal,eigenvector,77.81666666666666,86.0,1.0,125.0,32.489628940641424,0.3496880570409982,7,7,8,60,0.11666666666666667,0.11666666666666667,0.13333333333333333
LNGN0074,terminal,node_throughput,90.73333333333333,91.0,57.0,125.0,14.06626769991421,0.3187165775401069,0,0,0,60,0.0,0.0,0.0
LNGN0074,terminal,pagerank,86.78333333333333,87.0,29.0,125.0,18.22653277985534,0.3410873440285205,0,0,1,60,0.0,0.0,0.016666666666666666
LNGN0074,terminal,share_monthly_network_flow,90.73333333333333,91.0,57.0,125.0,14.06626769991421,0.3187165775401069,0,0,0,60,0.0,0.0,0.0
LNGN0074,terminal,total_degree,86.68333333333334,87.0,46.0,125.0,18.080321418571906,0.31836007130124777,0,0,0,60,0.0,0.0,0.0
LNGN0074,terminal,total_route_exposure,87.88333333333334,87.0,50.0,125.0,16.673425183345884,0.31711229946524067,0,0,0,60,0.0,0.0,0.0
LNGN0074,terminal,total_strength,90.95,91.0,60.0,125.0,13.79071783139241,0.3176916221033868,0,0,0,60,0.0,0.0,0.0
LNGN0074,terminal,total_voyages,89.26666666666667,89.5,55.0,125.0,14.978930588727659,0.3130570409982175,0,0,0,60,0.0,0.0,0.0
LNGN0075,terminal,betweenness,19.6,20.0,17.0,23.0,1.1229501098234695,0.45294117647058824,0,28,60,60,0.0,0.4666666666666667,1.0
LNGN0075,terminal,eigenvector,84.0,93.0,1.0,125.0,33.26065523167994,0.28471479500891267,7,7,7,60,0.11666666666666667,0.11666666666666667,0.11666666666666667
LNGN0075,terminal,node_throughput,94.96666666666667,93.0,61.0,125.0,14.186370478196071,0.25646167557932265,0,0,0,60,0.0,0.0,0.0
LNGN0075,terminal,pagerank,95.2,93.0,71.0,125.0,13.725887949418802,0.2547682709447415,0,0,0,60,0.0,0.0,0.0
LNGN0075,terminal,share_monthly_network_flow,94.96666666666667,93.0,61.0,125.0,14.186370478196071,0.25646167557932265,0,0,0,60,0.0,0.0,0.0
LNGN0075,terminal,total_degree,94.8,93.0,51.0,125.0,14.643561667336433,0.25583778966131904,0,0,0,60,0.0,0.0,0.0
LNGN0075,terminal,total_route_exposure,94.91666666666667,93.0,58.0,125.0,14.312838454784872,0.2555258467023173,0,0,0,60,0.0,0.0,0.0
LNGN0075,terminal,total_strength,95.01666666666667,93.0,64.0,125.0,14.069430338734309,0.2563279857397504,0,0,0,60,0.0,0.0,0.0
LNGN0075,terminal,total_voyages,94.96666666666667,93.0,61.0,125.0,14.186370478196071,0.25539215686274513,0,0,0,60,0.0,0.0,0.0
LNGN0076,terminal,betweenness,19.6,20.0,17.0,23.0,1.1229501098234695,0.45294117647058824,0,28,60,60,0.0,0.4666666666666667,1.0
LNGN0076,terminal,eigenvector,78.81666666666666,89.0,1.0,117.0,32.04948063603446,0.35316399286987527,7,7,7,60,0.11666666666666667,0.11666666666666667,0.11666666666666667
LNGN0076,terminal,node_throughput,87.51666666666667,91.0,25.0,121.0,18.461587851230473,0.339126559714795,0,0,2,60,0.0,0.0,0.03333333333333333
LNGN0076,terminal,pagerank,84.85,88.0,18.0,121.0,21.857648081644484,0.3542335115864528,0,2,4,60,0.0,0.03333333333333333,0.06666666666666667
LNGN0076,terminal,share_monthly_network_flow,87.51666666666667,91.0,25.0,121.0,18.461587851230473,0.339126559714795,0,0,2,60,0.0,0.0,0.03333333333333333
LNGN0076,terminal,total_degree,83.26666666666667,87.5,19.0,121.0,22.483792027920963,0.342825311942959,0,1,3,60,0.0,0.016666666666666666,0.05
LNGN0076,terminal,total_route_exposure,84.96666666666667,87.5,19.0,121.0,20.50544918619642,0.3372549019607843,0,1,3,60,0.0,0.016666666666666666,0.05
LNGN0076,terminal,total_strength,87.86666666666666,91.0,31.0,121.0,17.730053645149724,0.3373440285204991,0,0,2,60,0.0,0.0,0.03333333333333333
LNGN0076,terminal,total_voyages,86.3,88.0,22.0,121.0,18.93637876358534,0.33306595365418895,0,0,2,60,0.0,0.0,0.03333333333333333
LNGN0079,terminal,betweenness,19.6,20.0,17.0,23.0,1.1229501098234695,0.45294117647058824,0,28,60,60,0.0,0.4666666666666667,1.0
LNGN0079,terminal,eigenvector,65.11666666666666,79.0,1.0,123.0,38.976347311125934,0.4441622103386809,7,10,21,60,0.11666666666666667,0.16666666666666666,0.35
LNGN0079,terminal,node_throughput,87.68333333333334,86.5,45.0,123.0,17.092462077974773,0.37406417112299467,0,0,0,60,0.0,0.0,0.0
LNGN0079,terminal,pagerank,82.88333333333334,85.0,9.0,123.0,21.813610792787355,0.40147058823529413,1,1,2,60,0.016666666666666666,0.016666666666666666,0.03333333333333333
LNGN0079,terminal,share_monthly_network_flow,87.68333333333334,86.5,45.0,123.0,17.092462077974773,0.37406417112299467,0,0,0,60,0.0,0.0,0.0
LNGN0079,terminal,total_degree,79.91666666666667,84.5,34.0,123.0,23.473238759342674,0.3799465240641711,0,0,1,60,0.0,0.0,0.016666666666666666
LNGN0079,terminal,total_route_exposure,82.33333333333333,84.5,40.0,123.0,21.067821608904726,0.37401960784313726,0,0,0,60,0.0,0.0,0.0
LNGN0079,terminal,total_strength,88.05,86.5,47.0,123.0,16.562593140128264,0.37223707664884137,0,0,0,60,0.0,0.0,0.0
LNGN0079,terminal,total_voyages,84.91666666666667,85.5,38.0,123.0,18.84485423327668,0.36729055258467025,0,0,1,60,0.0,0.0,0.016666666666666666
LNGN0081,terminal,betweenness,19.6,20.0,17.0,23.0,1.1229501098234695,0.45294117647058824,0,28,60,60,0.0,0.4666666666666667,1.0
LNGN0081,terminal,eigenvector,68.18333333333334,83.0,1.0,123.0,37.06452992459332,0.45494652406417113,7,7,18,60,0.11666666666666667,0.11666666666666667,0.3
LNGN0081,terminal,node_throughput,86.5,85.5,40.0,123.0,18.5275790766273,0.3941176470588236,0,0,0,60,0.0,0.0,0.0
LNGN0081,terminal,pagerank,77.53333333333333,84.0,29.0,123.0,25.737571736083733,0.443048128342246,0,0,4,60,0.0,0.0,0.06666666666666667
LNGN0081,terminal,share_monthly_network_flow,86.5,85.5,40.0,123.0,18.5275790766273,0.3941176470588236,0,0,0,60,0.0,0.0,0.0
LNGN0081,terminal,total_degree,78.25,84.0,37.0,123.0,23.949540882333757,0.39607843137254906,0,0,2,60,0.0,0.0,0.03333333333333333
LNGN0081,terminal,total_route_exposure,80.53333333333333,84.0,31.0,123.0,21.976464041137568,0.3926916221033868,0,0,1,60,0.0,0.0,0.016666666666666666
LNGN0081,terminal,total_strength,86.9,85.5,42.0,123.0,18.067387981514546,0.39215686274509803,0,0,0,60,0.0,0.0,0.0
LNGN0081,terminal,total_voyages,83.28333333333333,84.5,39.0,123.0,19.44230200734041,0.3844474153297683,0,0,0,60,0.0,0.0,0.0
LNGN0083,terminal,betweenness,19.6,20.0,17.0,23.0,1.1229501098234695,0.45294117647058824,0,28,60,60,0.0,0.4666666666666667,1.0
LNGN0083,terminal,eigenvector,65.36666666666666,74.0,1.0,125.0,34.026393876312966,0.47736185383244206,7,7,16,60,0.11666666666666667,0.11666666666666667,0.26666666666666666
LNGN0083,terminal,node_throughput,75.31666666666666,81.0,21.0,125.0,23.72618639613107,0.45967023172905525,0,0,5,60,0.0,0.0,0.08333333333333333
LNGN0083,terminal,pagerank,84.98333333333333,84.0,60.0,125.0,12.747205299117653,0.3819073083778966,0,0,0,60,0.0,0.0,0.0
LNGN0083,terminal,share_monthly_network_flow,75.31666666666666,81.0,21.0,125.0,23.72618639613107,0.45967023172905525,0,0,5,60,0.0,0.0,0.08333333333333333
LNGN0083,terminal,total_degree,66.35,75.5,10.0,125.0,30.76803591226299,0.48141711229946527,1,4,15,60,0.016666666666666666,0.06666666666666667,0.25
LNGN0083,terminal,total_route_exposure,70.38333333333334,77.5,15.0,125.0,26.77153286144468,0.46385918003565063,0,1,10,60,0.0,0.016666666666666666,0.16666666666666666
LNGN0083,terminal,total_strength,76.01666666666667,81.0,25.0,125.0,22.970498151122772,0.45610516934046347,0,0,4,60,0.0,0.0,0.06666666666666667
LNGN0083,terminal,total_voyages,73.61666666666666,80.5,20.0,125.0,24.301141541622872,0.4513368983957219,0,0,7,60,0.0,0.0,0.11666666666666667
LNGN0085,terminal,betweenness,19.6,20.0,17.0,23.0,1.1229501098234695,0.45294117647058824,0,28,60,60,0.0,0.4666666666666667,1.0
LNGN0085,terminal,eigenvector,11.3,10.0,1.0,56.0,8.157974158630397,0.8868538324420677,31,57,59,60,0.5166666666666667,0.95,0.9833333333333333
LNGN0085,terminal,node_throughput,52.05,50.0,24.0,84.0,15.998331480797972,0.7220142602495544,0,0,15,60,0.0,0.0,0.25
LNGN0085,terminal,pagerank,73.93333333333334,73.5,51.0,97.0,9.91295448726901,0.5498663101604279,0,0,0,60,0.0,0.0,0.0
LNGN0085,terminal,share_monthly_network_flow,52.05,50.0,24.0,84.0,15.998331480797972,0.7220142602495544,0,0,15,60,0.0,0.0,0.25
LNGN0085,terminal,total_degree,45.333333333333336,45.0,17.0,79.0,12.676772655993773,0.6724153297682709,0,1,17,60,0.0,0.016666666666666666,0.2833333333333333
LNGN0085,terminal,total_route_exposure,36.21666666666667,37.0,14.0,79.0,12.649233468658595,0.7642156862745098,0,3,36,60,0.0,0.05,0.6
LNGN0085,terminal,total_strength,53.63333333333333,51.0,29.0,84.0,15.070418511915776,0.7135918003565062,0,0,11,60,0.0,0.0,0.18333333333333332
LNGN0085,terminal,total_voyages,40.95,40.0,19.0,79.0,13.0649291188799,0.7487076648841354,0,1,29,60,0.0,0.016666666666666666,0.48333333333333334
LNGN0087,terminal,betweenness,19.6,20.0,17.0,23.0,1.1229501098234695,0.45294117647058824,0,28,60,60,0.0,0.4666666666666667,1.0
LNGN0087,terminal,eigenvector,80.93333333333334,90.5,1.0,125.0,32.71285792232662,0.3106060606060606,7,7,7,60,0.11666666666666667,0.11666666666666667,0.11666666666666667
LNGN0087,terminal,node_throughput,94.51666666666667,93.0,71.0,125.0,12.425359070167712,0.26831550802139037,0,0,0,60,0.0,0.0,0.0
LNGN0087,terminal,pagerank,93.26666666666667,92.0,71.0,125.0,13.030429401807147,0.2753119429590018,0,0,0,60,0.0,0.0,0.0
LNGN0087,terminal,share_monthly_network_flow,94.51666666666667,93.0,71.0,125.0,12.425359070167712,0.26831550802139037,0,0,0,60,0.0,0.0,0.0
LNGN0087,terminal,total_degree,92.43333333333334,92.0,57.0,125.0,14.336591404770685,0.2714795008912656,0,0,0,60,0.0,0.0,0.0
LNGN0087,terminal,total_route_exposure,93.03333333333333,92.0,66.0,125.0,13.356857778591275,0.26987522281639925,0,0,0,60,0.0,0.0,0.0
LNGN0087,terminal,total_strength,94.55,93.0,71.0,125.0,12.42117519481708,0.2681818181818182,0,0,0,60,0.0,0.0,0.0
LNGN0087,terminal,total_voyages,93.61666666666666,92.0,71.0,125.0,12.733369568381022,0.26831550802139037,0,0,0,60,0.0,0.0,0.0
LNGN0097,terminal,betweenness,19.6,20.0,17.0,23.0,1.1229501098234695,0.45294117647058824,0,28,60,60,0.0,0.4666666666666667,1.0
LNGN0097,terminal,eigenvector,51.81666666666667,55.5,1.0,87.0,22.244779746913665,0.6563279857397505,7,7,12,60,0.11666666666666667,0.11666666666666667,0.2
LNGN0097,terminal,node_throughput,37.833333333333336,29.0,10.0,87.0,20.451817429221098,0.7841354723707664,1,8,37,60,0.016666666666666666,0.13333333333333333,0.6166666666666667
LNGN0097,terminal,pagerank,38.15,36.0,12.0,87.0,16.806803505360456,0.7828877005347594,0,4,37,60,0.0,0.06666666666666667,0.6166666666666667
LNGN0097,terminal,share_monthly_network_flow,37.833333333333336,29.0,10.0,87.0,20.451817429221098,0.7841354723707664,1,8,37,60,0.016666666666666666,0.13333333333333333,0.6166666666666667
LNGN0097,terminal,total_degree,56.3,55.0,33.0,87.0,11.899722258544882,0.5832442067736185,0,0,4,60,0.0,0.0,0.06666666666666667
LNGN0097,terminal,total_route_exposure,37.05,32.0,17.0,87.0,16.570777832259466,0.7512477718360072,0,1,42,60,0.0,0.016666666666666666,0.7
LNGN0097,terminal,total_strength,40.28333333333333,31.5,11.0,87.0,19.139179504106114,0.7710338680926917,0,3,35,60,0.0,0.05,0.5833333333333334
LNGN0097,terminal,total_voyages,34.86666666666667,29.0,9.0,87.0,18.712333163701913,0.7750891265597148,1,11,38,60,0.016666666666666666,0.18333333333333332,0.6333333333333333
LNGN0098,terminal,betweenness,19.6,20.0,17.0,23.0,1.1229501098234695,0.45294117647058824,0,28,60,60,0.0,0.4666666666666667,1.0
LNGN0098,terminal,eigenvector,72.95,83.0,1.0,116.0,31.661035776497872,0.42232620320855613,7,7,9,60,0.11666666666666667,0.11666666666666667,0.15
LNGN0098,terminal,node_throughput,85.38333333333334,86.0,44.0,116.0,15.229422534504165,0.39367201426024956,0,0,0,60,0.0,0.0,0.0
LNGN0098,terminal,pagerank,79.21666666666667,84.0,28.0,116.0,18.449281522611248,0.4272727272727273,0,0,2,60,0.0,0.0,0.03333333333333333
LNGN0098,terminal,share_monthly_network_flow,85.38333333333334,86.0,44.0,116.0,15.229422534504165,0.39367201426024956,0,0,0,60,0.0,0.0,0.0
LNGN0098,terminal,total_degree,75.6,82.0,22.0,116.0,21.490399906367337,0.40606060606060607,0,0,1,60,0.0,0.0,0.016666666666666666
LNGN0098,terminal,total_route_exposure,78.4,82.0,37.0,116.0,18.92464987473628,0.39910873440285205,0,0,2,60,0.0,0.0,0.03333333333333333
LNGN0098,terminal,total_strength,85.85,86.0,50.0,116.0,14.540213086821304,0.3912655971479501,0,0,0,60,0.0,0.0,0.0
LNGN0098,terminal,total_voyages,81.65,85.0,41.0,116.0,16.090659465475564,0.3877005347593583,0,0,0,60,0.0,0.0,0.0
LNGN0100,terminal,betweenness,19.6,20.0,17.0,23.0,1.1229501098234695,0.45294117647058824,0,28,60,60,0.0,0.4666666666666667,1.0
LNGN0100,terminal,eigenvector,73.08333333333333,82.0,1.0,123.0,29.08916256152922,0.4066399286987522,7,7,7,60,0.11666666666666667,0.11666666666666667,0.11666666666666667
LNGN0100,terminal,node_throughput,77.78333333333333,84.0,27.0,123.0,19.791362322964773,0.41403743315508024,0,0,3,60,0.0,0.0,0.05
LNGN0100,terminal,pagerank,75.8,84.0,25.0,123.0,21.90023604856922,0.42508912655971476,0,0,4,60,0.0,0.0,0.06666666666666667
LNGN0100,terminal,share_monthly_network_flow,77.78333333333333,84.0,27.0,123.0,19.791362322964773,0.41403743315508024,0,0,3,60,0.0,0.0,0.05
LNGN0100,terminal,total_degree,78.63333333333334,84.0,39.0,123.0,17.221357125468874,0.37201426024955436,0,0,0,60,0.0,0.0,0.0
LNGN0100,terminal,total_route_exposure,76.18333333333334,84.0,31.0,123.0,20.86070969644963,0.40481283422459896,0,0,6,60,0.0,0.0,0.1
LNGN0100,terminal,total_strength,78.31666666666666,84.0,31.0,123.0,19.01515155607666,0.4111853832442068,0,0,2,60,0.0,0.0,0.03333333333333333
LNGN0100,terminal,total_voyages,76.83333333333333,84.0,26.0,123.0,20.677644250528452,0.40614973262032084,0,0,4,60,0.0,0.0,0.06666666666666667
LNGN0101,terminal,betweenness,19.6,20.0,17.0,23.0,1.1229501098234695,0.45294117647058824,0,28,60,60,0.0,0.4666666666666667,1.0
LNGN0101,terminal,eigenvector,70.81666666666666,80.5,1.0,123.0,32.76029617768614,0.40931372549019607,7,7,10,60,0.11666666666666667,0.11666666666666667,0.16666666666666666
LNGN0101,terminal,node_throughput,86.11666666666666,86.0,47.0,123.0,15.837192512142638,0.3657754010695187,0,0,0,60,0.0,0.0,0.0
LNGN0101,terminal,pagerank,87.86666666666666,87.0,60.0,123.0,12.76178971916393,0.3372994652406417,0,0,0,60,0.0,0.0,0.0
LNGN0101,terminal,share_monthly_network_flow,86.11666666666666,86.0,47.0,123.0,15.837192512142638,0.3657754010695187,0,0,0,60,0.0,0.0,0.0
LNGN0101,terminal,total_degree,79.25,84.5,29.0,123.0,22.861131991487284,0.37731729055258467,0,0,5,60,0.0,0.0,0.08333333333333333
LNGN0101,terminal,total_route_exposure,81.48333333333333,84.5,32.0,123.0,19.922299631289306,0.37018716577540106,0,0,2,60,0.0,0.0,0.03333333333333333
LNGN0101,terminal,total_strength,86.46666666666667,86.0,49.0,123.0,15.330778465609043,0.3640819964349376,0,0,0,60,0.0,0.0,0.0
LNGN0101,terminal,total_voyages,83.93333333333334,85.0,41.0,123.0,17.001362524327742,0.3610071301247772,0,0,0,60,0.0,0.0,0.0
LNGN0102,terminal,betweenness,19.6,20.0,17.0,23.0,1.1229501098234695,0.45294117647058824,0,28,60,60,0.0,0.4666666666666667,1.0
LNGN0102,terminal,eigenvector,81.6,92.0,1.0,125.0,31.63145827404062,0.31983065953654194,7,7,7,60,0.11666666666666667,0.11666666666666667,0.11666666666666667
LNGN0102,terminal,node_throughput,91.28333333333333,90.0,65.0,125.0,11.663490285918607,0.2982174688057041,0,0,0,60,0.0,0.0,0.0
LNGN0102,terminal,pagerank,91.21666666666667,89.5,71.0,125.0,11.483358137944405,0.2987522281639929,0,0,0,60,0.0,0.0,0.0
LNGN0102,terminal,share_monthly_network_flow,91.28333333333333,90.0,65.0,125.0,11.663490285918607,0.2982174688057041,0,0,0,60,0.0,0.0,0.0
LNGN0102,terminal,total_degree,89.05,89.0,61.0,125.0,14.184528453834032,0.29322638146167557,0,0,0,60,0.0,0.0,0.0
LNGN0102,terminal,total_route_exposure,90.48333333333333,89.0,71.0,125.0,12.149480935646999,0.28939393939393937,0,0,0,60,0.0,0.0,0.0
LNGN0102,terminal,total_strength,91.36666666666666,90.5,65.0,125.0,11.610875478555924,0.29777183600713014,0,0,0,60,0.0,0.0,0.0
LNGN0102,terminal,total_voyages,91.26666666666667,90.0,64.0,125.0,11.732710563852729,0.2885918003565063,0,0,0,60,0.0,0.0,0.0
LNGN0103,terminal,betweenness,19.6,20.0,17.0,23.0,1.1229501098234695,0.45294117647058824,0,28,60,60,0.0,0.4666666666666667,1.0
LNGN0103,terminal,eigenvector,70.16666666666667,76.5,1.0,112.0,30.360080093386387,0.471301247771836,7,7,8,60,0.11666666666666667,0.11666666666666667,0.13333333333333333
LNGN0103,terminal,node_throughput,77.35,76.5,46.0,112.0,16.222839100310903,0.4892602495543672,0,0,0,60,0.0,0.0,0.0
LNGN0103,terminal,pagerank,81.13333333333334,81.0,60.0,112.0,11.904231788035586,0.4336452762923351,0,0,0,60,0.0,0.0,0.0
LNGN0103,terminal,share_monthly_network_flow,77.35,76.5,46.0,112.0,16.222839100310903,0.4892602495543672,0,0,0,60,0.0,0.0,0.0
LNGN0103,terminal,total_degree,62.483333333333334,58.5,21.0,112.0,24.080719952823827,0.5133244206773618,0,0,11,60,0.0,0.0,0.18333333333333332
LNGN0103,terminal,total_route_exposure,67.53333333333333,66.5,32.0,112.0,20.700009552660255,0.49625668449197863,0,0,4,60,0.0,0.0,0.06666666666666667
LNGN0103,terminal,total_strength,78.26666666666667,77.5,49.0,112.0,15.345585868572027,0.48458110516934044,0,0,0,60,0.0,0.0,0.0
LNGN0103,terminal,total_voyages,72.53333333333333,71.0,41.0,112.0,17.573542002996252,0.47896613190730836,0,0,0,60,0.0,0.0,0.0
LNGN0108,terminal,betweenness,19.6,20.0,17.0,23.0,1.1229501098234695,0.45294117647058824,0,28,60,60,0.0,0.4666666666666667,1.0
LNGN0108,terminal,eigenvector,62.93333333333333,75.5,1.0,117.0,38.512541064035744,0.4664884135472371,7,12,22,60,0.11666666666666667,0.2,0.36666666666666664
LNGN0108,terminal,node_throughput,89.5,89.0,47.0,121.0,15.104719208673867,0.36693404634581106,0,0,0,60,0.0,0.0,0.0
LNGN0108,terminal,pagerank,83.28333333333333,83.5,43.0,121.0,17.522955081899287,0.4008021390374331,0,0,0,60,0.0,0.0,0.0
LNGN0108,terminal,share_monthly_network_flow,89.5,89.0,47.0,121.0,15.104719208673867,0.36693404634581106,0,0,0,60,0.0,0.0,0.0
LNGN0108,terminal,total_degree,79.85,82.0,41.0,121.0,21.121781672409863,0.37803030303030305,0,0,0,60,0.0,0.0,0.0
LNGN0108,terminal,total_route_exposure,82.15,82.0,32.0,121.0,19.428116092798458,0.3735739750445633,0,0,1,60,0.0,0.0,0.016666666666666666
LNGN0108,terminal,total_strength,89.78333333333333,89.0,53.0,121.0,14.575451461643802,0.36541889483065954,0,0,0,60,0.0,0.0,0.0
LNGN0108,terminal,total_voyages,84.63333333333334,84.5,45.0,121.0,16.996476869889847,0.3679590017825312,0,0,0,60,0.0,0.0,0.0
LNGN0109,terminal,betweenness,19.6,20.0,17.0,23.0,1.1229501098234695,0.45294117647058824,0,28,60,60,0.0,0.4666666666666667,1.0
LNGN0109,terminal,eigenvector,83.46666666666667,93.0,1.0,125.0,32.93520432023793,0.2979500891265597,7,7,7,60,0.11666666666666667,0.11666666666666667,0.11666666666666667
LNGN0109,terminal,node_throughput,93.56666666666666,92.5,71.0,125.0,13.466048539821784,0.281729055258467,0,0,0,60,0.0,0.0,0.0
LNGN0109,terminal,pagerank,88.38333333333334,91.5,13.0,125.0,22.89777701198078,0.3102495543672014,0,1,4,60,0.0,0.016666666666666666,0.06666666666666667
LNGN0109,terminal,share_monthly_network_flow,93.56666666666666,92.5,71.0,125.0,13.466048539821784,0.281729055258467,0,0,0,60,0.0,0.0,0.0
LNGN0109,terminal,total_degree,91.0,91.5,50.0,125.0,16.729148417647,0.2842245989304813,0,0,0,60,0.0,0.0,0.0
LNGN0109,terminal,total_route_exposure,91.9,91.5,54.0,125.0,15.21005465841148,0.28181818181818186,0,0,0,60,0.0,0.0,0.0
LNGN0109,terminal,total_strength,93.66666666666667,92.5,71.0,125.0,13.36662510384229,0.2812834224598931,0,0,0,60,0.0,0.0,0.0
LNGN0109,terminal,total_voyages,92.76666666666667,91.5,56.0,125.0,14.202371091925762,0.27950089126559713,0,0,0,60,0.0,0.0,0.0
LNGN0112,terminal,betweenness,19.6,20.0,17.0,23.0,1.1229501098234695,0.45294117647058824,0,28,60,60,0.0,0.4666666666666667,1.0
LNGN0112,terminal,eigenvector,81.63333333333334,89.0,1.0,121.0,32.48205067139711,0.3434046345811052,7,7,7,60,0.11666666666666667,0.11666666666666667,0.11666666666666667
LNGN0112,terminal,node_throughput,93.4,92.5,71.0,120.0,13.20913910639915,0.32419786096256686,0,0,0,60,0.0,0.0,0.0
LNGN0112,terminal,pagerank,85.51666666666667,87.0,36.0,120.0,19.303544652684693,0.36635472370766486,0,0,1,60,0.0,0.0,0.016666666666666666
LNGN0112,terminal,share_monthly_network_flow,93.4,92.5,71.0,120.0,13.20913910639915,0.32419786096256686,0,0,0,60,0.0,0.0,0.0
LNGN0112,terminal,total_degree,83.7,87.0,41.0,120.0,21.368676584736154,0.3449643493761141,0,0,0,60,0.0,0.0,0.0
LNGN0112,terminal,total_route_exposure,85.6,87.0,40.0,120.0,19.20204791338145,0.3398841354723708,0,0,0,60,0.0,0.0,0.0
LNGN0112,terminal,total_strength,93.4,92.5,71.0,120.0,13.20913910639915,0.32419786096256686,0,0,0,60,0.0,0.0,0.0
LNGN0112,terminal,total_voyages,87.6,88.0,47.0,120.0,17.131792232126376,0.33453654188948306,0,0,0,60,0.0,0.0,0.0
LNGN0115,terminal,betweenness,19.6,20.0,17.0,23.0,1.1229501098234695,0.45294117647058824,0,28,60,60,0.0,0.4666666666666667,1.0
LNGN0115,terminal,eigenvector,84.03333333333333,93.0,1.0,125.0,33.27490359173935,0.28065953654188946,7,7,7,60,0.11666666666666667,0.11666666666666667,0.11666666666666667
LNGN0115,terminal,node_throughput,95.28333333333333,93.0,71.0,125.0,13.780472141018208,0.2556149732620321,0,0,0,60,0.0,0.0,0.0
LNGN0115,terminal,pagerank,94.86666666666666,93.0,48.0,125.0,14.805480738125514,0.25788770053475935,0,0,0,60,0.0,0.0,0.0
LNGN0115,terminal,share_monthly_network_flow,95.28333333333333,93.0,71.0,125.0,13.780472141018208,0.2556149732620321,0,0,0,60,0.0,0.0,0.0
LNGN0115,terminal,total_degree,95.03333333333333,93.0,58.0,125.0,14.317189699936051,0.2555258467023173,0,0,0,60,0.0,0.0,0.0
LNGN0115,terminal,total_route_exposure,95.16666666666667,93.0,66.0,125.0,14.000201774171478,0.2551693404634581,0,0,0,60,0.0,0.0,0.0
LNGN0115,terminal,total_strength,95.28333333333333,93.0,71.0,125.0,13.780472141018208,0.2556149732620321,0,0,0,60,0.0,0.0,0.0
LNGN0115,terminal,total_voyages,95.23333333333333,93.0,70.0,125.0,13.867859031742933,0.25499108734402853,0,0,0,60,0.0,0.0,0.0
LNGN0121,terminal,betweenness,19.6,20.0,17.0,23.0,1.1229501098234695,0.45294117647058824,0,28,60,60,0.0,0.4666666666666667,1.0
LNGN0121,terminal,eigenvector,35.18333333333333,29.0,1.0,88.0,23.937412506662543,0.7349376114081996,7,16,37,60,0.11666666666666667,0.26666666666666666,0.6166666666666667
LNGN0121,terminal,node_throughput,39.86666666666667,33.0,15.0,86.0,18.467072544439247,0.768048128342246,0,3,39,60,0.0,0.05,0.65
LNGN0121,terminal,pagerank,30.466666666666665,23.0,7.0,86.0,19.542623270528072,0.8188057040998217,2,21,44,60,0.03333333333333333,0.35,0.7333333333333333
LNGN0121,terminal,share_monthly_network_flow,39.86666666666667,33.0,15.0,86.0,18.467072544439247,0.768048128342246,0,3,39,60,0.0,0.05,0.65
LNGN0121,terminal,total_degree,30.55,23.5,12.0,86.0,17.993807786126535,0.7784313725490196,0,12,47,60,0.0,0.2,0.7833333333333333
LNGN0121,terminal,total_route_exposure,34.56666666666667,30.0,11.0,86.0,17.204026594766887,0.7649286987522282,0,5,46,60,0.0,0.08333333333333333,0.7666666666666667
LNGN0121,terminal,total_strength,42.333333333333336,34.5,17.0,86.0,17.46441094676583,0.7549465240641712,0,1,38,60,0.0,0.016666666666666666,0.6333333333333333
LNGN0121,terminal,total_voyages,32.63333333333333,24.5,11.0,86.0,18.37091166709551,0.7868092691622104,0,10,43,60,0.0,0.16666666666666666,0.7166666666666667
LNGN0122,terminal,betweenness,19.6,20.0,17.0,23.0,1.1229501098234695,0.45294117647058824,0,28,60,60,0.0,0.4666666666666667,1.0
LNGN0122,terminal,eigenvector,83.21666666666667,91.0,1.0,123.0,32.93192344702788,0.32767379679144387,7,7,7,60,0.11666666666666667,0.11666666666666667,0.11666666666666667
LNGN0122,terminal,node_throughput,95.08333333333333,93.0,71.0,123.0,13.229770827878768,0.29696969696969694,0,0,0,60,0.0,0.0,0.0
LNGN0122,terminal,pagerank,89.45,87.5,32.0,123.0,15.96439364356754,0.32758467023172905,0,0,1,60,0.0,0.0,0.016666666666666666
LNGN0122,terminal,share_monthly_network_flow,95.08333333333333,93.0,71.0,123.0,13.229770827878768,0.29696969696969694,0,0,0,60,0.0,0.0,0.0
LNGN0122,terminal,total_degree,86.98333333333333,87.0,46.0,123.0,18.270557649840857,0.31831550802139036,0,0,0,60,0.0,0.0,0.0
LNGN0122,terminal,total_route_exposure,88.36666666666666,87.0,50.0,123.0,16.460498856318722,0.3146167557932264,0,0,0,60,0.0,0.0,0.0
LNGN0122,terminal,total_strength,95.08333333333333,93.0,71.0,123.0,13.229770827878768,0.29696969696969694,0,0,0,60,0.0,0.0,0.0
LNGN0122,terminal,total_voyages,89.43333333333334,87.5,55.0,123.0,15.244189408901454,0.3131461675579323,0,0,0,60,0.0,0.0,0.0
LNGN0124,terminal,betweenness,19.6,20.0,17.0,23.0,1.1229501098234695,0.45294117647058824,0,28,60,60,0.0,0.4666666666666667,1.0
LNGN0124,terminal,eigenvector,48.38333333333333,46.5,1.0,100.0,28.675325521871777,0.6554812834224599,9,10,21,60,0.15,0.16666666666666666,0.35
LNGN0124,terminal,node_throughput,38.583333333333336,26.0,7.0,104.0,28.684308393660093,0.7651960784313726,3,17,37,60,0.05,0.2833333333333333,0.6166666666666667
LNGN0124,terminal,pagerank,76.58333333333333,74.5,51.0,104.0,12.806634491764408,0.5149732620320856,0,0,0,60,0.0,0.0,0.0
LNGN0124,terminal,share_monthly_network_flow,38.583333333333336,26.0,7.0,104.0,28.684308393660093,0.7651960784313726,3,17,37,60,0.05,0.2833333333333333,0.6166666666666667
LNGN0124,terminal,total_degree,37.266666666666666,26.5,9.0,104.0,26.74732153019341,0.7300802139037433,2,18,39,60,0.03333333333333333,0.3,0.65
LNGN0124,terminal,total_route_exposure,33.93333333333333,21.0,6.0,104.0,28.506238785878324,0.7662655971479501,5,28,45,60,0.08333333333333333,0.4666666666666667,0.75
LNGN0124,terminal,total_strength,41.81666666666667,28.0,12.0,104.0,27.00564389641334,0.7481729055258467,0,7,37,60,0.0,0.11666666666666667,0.6166666666666667
LNGN0124,terminal,total_voyages,37.233333333333334,24.5,8.0,104.0,28.299467963296586,0.7505347593582887,3,19,39,60,0.05,0.31666666666666665,0.65
LNGN0130,terminal,betweenness,19.6,20.0,17.0,23.0,1.1229501098234695,0.45294117647058824,0,28,60,60,0.0,0.4666666666666667,1.0
LNGN0130,terminal,eigenvector,16.583333333333332,8.0,1.0,94.0,23.147494403825682,0.8355614973262032,43,51,52,60,0.7166666666666667,0.85,0.8666666666666667
LNGN0130,terminal,node_throughput,46.03333333333333,39.0,19.0,94.0,20.057516167318923,0.7312388591800356,0,1,29,60,0.0,0.016666666666666666,0.48333333333333334
LNGN0130,terminal,pagerank,54.61666666666667,55.0,19.0,94.0,15.309343183186042,0.6853832442067737,0,1,9,60,0.0,0.016666666666666666,0.15
LNGN0130,terminal,share_monthly_network_flow,46.03333333333333,39.0,19.0,94.0,20.057516167318923,0.7312388591800356,0,1,29,60,0.0,0.016666666666666666,0.48333333333333334
LNGN0130,terminal,total_degree,50.25,46.5,23.0,94.0,15.757295861960449,0.6290552584670231,0,0,14,60,0.0,0.0,0.23333333333333334
LNGN0130,terminal,total_route_exposure,57.43333333333333,56.5,27.0,94.0,14.6892866145003,0.6044117647058823,0,0,5,60,0.0,0.0,0.08333333333333333
LNGN0130,terminal,total_strength,47.93333333333333,40.5,22.0,94.0,18.910912163881903,0.721078431372549,0,0,27,60,0.0,0.0,0.45
LNGN0130,terminal,total_voyages,40.96666666666667,35.5,18.0,94.0,18.051683490360617,0.734536541889483,0,2,36,60,0.0,0.03333333333333333,0.6
LNGN0132,terminal,betweenness,19.6,20.0,17.0,23.0,1.1229501098234695,0.45294117647058824,0,28,60,60,0.0,0.4666666666666667,1.0
LNGN0132,terminal,eigenvector,50.13333333333333,55.5,1.0,86.0,21.178392143534182,0.6792335115864527,7,7,11,60,0.11666666666666667,0.11666666666666667,0.18333333333333332
LNGN0132,terminal,node_throughput,28.083333333333332,23.5,5.0,77.0,14.226129774523425,0.8551247771836007,1,18,50,60,0.016666666666666666,0.3,0.8333333333333334
LNGN0132,terminal,pagerank,32.766666666666666,30.0,8.0,65.0,12.887211722816565,0.8301247771836007,1,8,45,60,0.016666666666666666,0.13333333333333333,0.75
LNGN0132,terminal,share_monthly_network_flow,28.083333333333332,23.5,5.0,77.0,14.226129774523425,0.8551247771836007,1,18,50,60,0.016666666666666666,0.3,0.8333333333333334
LNGN0132,terminal,total_degree,29.55,28.5,13.0,65.0,9.638244794145065,0.7959001782531193,0,6,52,60,0.0,0.1,0.8666666666666667
LNGN0132,terminal,total_route_exposure,24.4,22.5,9.0,64.0,9.748011531259044,0.8486631016042782,2,17,56,60,0.03333333333333333,0.2833333333333333,0.9333333333333333
LNGN0132,terminal,total_strength,31.4,26.5,8.0,77.0,12.980036823222164,0.8373885918003565,1,5,46,60,0.016666666666666666,0.08333333333333333,0.7666666666666667
LNGN0132,terminal,total_voyages,25.433333333333334,21.5,5.0,70.0,11.287260955918653,0.8516488413547237,1,22,54,60,0.016666666666666666,0.36666666666666664,0.9
LNGN0136,terminal,betweenness,19.6,20.0,17.0,23.0,1.1229501098234695,0.45294117647058824,0,28,60,60,0.0,0.4666666666666667,1.0
LNGN0136,terminal,eigenvector,59.983333333333334,62.0,1.0,118.0,33.535456403010116,0.5139483065953654,7,8,16,60,0.11666666666666667,0.13333333333333333,0.26666666666666666
LNGN0136,terminal,node_throughput,73.36666666666666,81.5,15.0,120.0,25.141610230288585,0.4840017825311943,0,2,6,60,0.0,0.03333333333333333,0.1
LNGN0136,terminal,pagerank,69.26666666666667,76.0,11.0,120.0,27.024073804142706,0.5070855614973262,0,2,11,60,0.0,0.03333333333333333,0.18333333333333332
LNGN0136,terminal,share_monthly_network_flow,73.36666666666666,81.5,15.0,120.0,25.141610230288585,0.4840017825311943,0,2,6,60,0.0,0.03333333333333333,0.1
LNGN0136,terminal,total_degree,69.53333333333333,68.0,21.0,120.0,24.98098712049074,0.46047237076648845,0,0,7,60,0.0,0.0,0.11666666666666667
LNGN0136,terminal,total_route_exposure,68.33333333333333,76.0,13.0,120.0,28.00948184894408,0.48315508021390374,0,5,13,60,0.0,0.08333333333333333,0.21666666666666667
LNGN0136,terminal,total_strength,74.15,81.5,18.0,120.0,24.188402459842646,0.47985739750445633,0,1,6,60,0.0,0.016666666666666666,0.1
LNGN0136,terminal,total_voyages,70.91666666666667,80.0,18.0,120.0,25.76707376469978,0.4747326203208556,0,2,10,60,0.0,0.03333333333333333,0.16666666666666666
LNGN0138,terminal,betweenness,19.6,20.0,17.0,23.0,1.1229501098234695,0.45294117647058824,0,28,60,60,0.0,0.4666666666666667,1.0
LNGN0138,terminal,eigenvector,83.9,93.0,1.0,125.0,33.22991300987814,0.2852941176470588,7,7,7,60,0.11666666666666667,0.11666666666666667,0.11666666666666667
LNGN0138,terminal,node_throughput,94.96666666666667,93.0,61.0,125.0,14.186370478196071,0.25646167557932265,0,0,0,60,0.0,0.0,0.0
LNGN0138,terminal,pagerank,95.2,93.0,71.0,125.0,13.725887949418802,0.2547682709447415,0,0,0,60,0.0,0.0,0.0
LNGN0138,terminal,share_monthly_network_flow,94.96666666666667,93.0,61.0,125.0,14.186370478196071,0.25646167557932265,0,0,0,60,0.0,0.0,0.0
LNGN0138,terminal,total_degree,94.8,93.0,51.0,125.0,14.643561667336433,0.25583778966131904,0,0,0,60,0.0,0.0,0.0
LNGN0138,terminal,total_route_exposure,94.91666666666667,93.0,58.0,125.0,14.312838454784872,0.2555258467023173,0,0,0,60,0.0,0.0,0.0
LNGN0138,terminal,total_strength,95.01666666666667,93.0,64.0,125.0,14.069430338734309,0.2563279857397504,0,0,0,60,0.0,0.0,0.0
LNGN0138,terminal,total_voyages,94.96666666666667,93.0,61.0,125.0,14.186370478196071,0.25539215686274513,0,0,0,60,0.0,0.0,0.0
LNGN0142,terminal,betweenness,19.6,20.0,17.0,23.0,1.1229501098234695,0.45294117647058824,0,28,60,60,0.0,0.4666666666666667,1.0
LNGN0142,terminal,eigenvector,51.95,61.0,1.0,84.0,23.536790530456273,0.664795008912656,7,8,13,60,0.11666666666666667,0.13333333333333333,0.21666666666666667
LNGN0142,terminal,node_throughput,30.85,29.0,13.0,84.0,13.881856223264592,0.8309714795008912,0,9,50,60,0.0,0.15,0.8333333333333334
LNGN0142,terminal,pagerank,74.15,74.0,51.0,97.0,10.075688141532753,0.5447415329768271,0,0,0,60,0.0,0.0,0.0
LNGN0142,terminal,share_monthly_network_flow,30.85,29.0,13.0,84.0,13.881856223264592,0.8309714795008912,0,9,50,60,0.0,0.15,0.8333333333333334
LNGN0142,terminal,total_degree,36.31666666666667,34.0,13.0,84.0,13.78834150947535,0.7402852049910873,0,4,41,60,0.0,0.06666666666666667,0.6833333333333333
LNGN0142,terminal,total_route_exposure,24.233333333333334,21.0,12.0,84.0,13.208069781184257,0.8479055258467023,0,21,55,60,0.0,0.35,0.9166666666666666
LNGN0142,terminal,total_strength,34.03333333333333,31.0,17.0,84.0,12.787661779438448,0.8139483065953654,0,2,45,60,0.0,0.03333333333333333,0.75
LNGN0142,terminal,total_voyages,27.883333333333333,26.0,12.0,84.0,13.017708495095318,0.8305258467023172,0,13,53,60,0.0,0.21666666666666667,0.8833333333333333
LNGN0143,terminal,betweenness,19.6,20.0,17.0,23.0,1.1229501098234695,0.45294117647058824,0,28,60,60,0.0,0.4666666666666667,1.0
LNGN0143,terminal,eigenvector,81.36666666666666,91.0,1.0,125.0,33.38728402346134,0.31693404634581107,7,7,8,60,0.11666666666666667,0.11666666666666667,0.13333333333333333
LNGN0143,terminal,node_throughput,92.43333333333334,91.5,44.0,125.0,15.3836438198218,0.2876559714795009,0,0,0,60,0.0,0.0,0.0
LNGN0143,terminal,pagerank,90.51666666666667,91.5,6.0,125.0,19.1528124824711,0.2987967914438503,1,1,1,60,0.016666666666666666,0.016666666666666666,0.016666666666666666
LNGN0143,terminal,share_monthly_network_flow,92.43333333333334,91.5,44.0,125.0,15.3836438198218,0.2876559714795009,0,0,0,60,0.0,0.0,0.0
LNGN0143,terminal,total_degree,90.85,91.5,32.0,125.0,17.491717168177786,0.286764705882353,0,0,1,60,0.0,0.0,0.016666666666666666
LNGN0143,terminal,total_route_exposure,91.48333333333333,91.5,31.0,125.0,16.73876214635033,0.2847593582887701,0,0,1,60,0.0,0.0,0.016666666666666666
LNGN0143,terminal,total_strength,92.61666666666666,91.5,47.0,125.0,15.014221130587902,0.2865418894830659,0,0,0,60,0.0,0.0,0.0
LNGN0143,terminal,total_voyages,92.2,91.5,43.0,125.0,15.564845221834407,0.2827094474153297,0,0,0,60,0.0,0.0,0.0
LNGN0144,terminal,betweenness,19.6,20.0,17.0,23.0,1.1229501098234695,0.45294117647058824,0,28,60,60,0.0,0.4666666666666667,1.0
LNGN0144,terminal,eigenvector,63.56666666666667,65.0,1.0,118.0,29.068222888936706,0.5579322638146168,7,7,9,60,0.11666666666666667,0.11666666666666667,0.15
LNGN0144,terminal,node_throughput,56.71666666666667,48.0,19.0,120.0,28.050252524115834,0.6483065953654189,0,2,21,60,0.0,0.03333333333333333,0.35
LNGN0144,terminal,pagerank,56.833333333333336,50.5,19.0,120.0,24.630948333736747,0.6480837789661319,0,1,13,60,0.0,0.016666666666666666,0.21666666666666667
LNGN0144,terminal,share_monthly_network_flow,56.71666666666667,48.0,19.0,120.0,28.050252524115834,0.6483065953654189,0,2,21,60,0.0,0.03333333333333333,0.35
LNGN0144,terminal,total_degree,55.78333333333333,50.5,23.0,120.0,25.032921825892455,0.5867647058823529,0,0,18,60,0.0,0.0,0.3
LNGN0144,terminal,total_route_exposure,51.45,43.5,16.0,120.0,26.663264260344217,0.6386363636363637,0,1,25,60,0.0,0.016666666666666666,0.4166666666666667
LNGN0144,terminal,total_strength,58.63333333333333,49.5,23.0,120.0,26.588494176971924,0.6381461675579323,0,0,19,60,0.0,0.0,0.31666666666666665
LNGN0144,terminal,total_voyages,52.06666666666667,41.0,17.0,120.0,27.4083166066258,0.6460338680926917,0,1,25,60,0.0,0.016666666666666666,0.4166666666666667
LNGN0148,terminal,betweenness,19.6,20.0,17.0,23.0,1.1229501098234695,0.45294117647058824,0,28,60,60,0.0,0.4666666666666667,1.0
LNGN0148,terminal,eigenvector,82.91666666666667,91.0,1.0,125.0,33.32240640112269,0.3033422459893048,7,7,7,60,0.11666666666666667,0.11666666666666667,0.11666666666666667
LNGN0148,terminal,node_throughput,93.9,92.5,65.0,125.0,14.983267503610348,0.274554367201426,0,0,0,60,0.0,0.0,0.0
LNGN0148,terminal,pagerank,92.58333333333333,92.5,24.0,125.0,18.389654116678585,0.2821301247771836,0,0,2,60,0.0,0.0,0.03333333333333333
LNGN0148,terminal,share_monthly_network_flow,93.9,92.5,65.0,125.0,14.983267503610348,0.274554367201426,0,0,0,60,0.0,0.0,0.0
LNGN0148,terminal,total_degree,92.88333333333334,92.5,50.0,125.0,16.968656715676214,0.2734848484848485,0,0,0,60,0.0,0.0,0.0
LNGN0148,terminal,total_route_exposure,93.18333333333334,92.5,53.0,125.0,16.32352120814527,0.2726827094474153,0,0,0,60,0.0,0.0,0.0
LNGN0148,terminal,total_strength,94.03333333333333,92.5,67.0,125.0,14.767080505863927,0.27397504456327987,0,0,0,60,0.0,0.0,0.0
LNGN0148,terminal,total_voyages,93.63333333333334,92.5,64.0,125.0,15.397519794408739,0.2714795008912656,0,0,0,60,0.0,0.0,0.0
LNGN0150,terminal,betweenness,19.6,20.0,17.0,23.0,1.1229501098234695,0.45294117647058824,0,28,60,60,0.0,0.4666666666666667,1.0
LNGN0150,terminal,eigenvector,67.73333333333333,78.0,1.0,123.0,36.39839196795798,0.43787878787878787,7,8,17,60,0.11666666666666667,0.13333333333333333,0.2833333333333333
LNGN0150,terminal,node_throughput,87.86666666666666,85.5,54.0,123.0,14.989789368457934,0.36818181818181817,0,0,0,60,0.0,0.0,0.0
LNGN0150,terminal,pagerank,81.85,84.0,18.0,123.0,21.91804844089972,0.4012477718360071,0,1,3,60,0.0,0.016666666666666666,0.05
LNGN0150,terminal,share_monthly_network_flow,87.86666666666666,85.5,54.0,123.0,14.989789368457934,0.36818181818181817,0,0,0,60,0.0,0.0,0.0
LNGN0150,terminal,total_degree,79.43333333333334,84.0,26.0,123.0,23.942279932403718,0.37905525846702315,0,0,2,60,0.0,0.0,0.03333333333333333
LNGN0150,terminal,total_route_exposure,81.85,84.0,37.0,123.0,21.183480132133027,0.3713458110516934,0,0,2,60,0.0,0.0,0.03333333333333333
LNGN0150,terminal,total_strength,88.15,86.0,56.0,123.0,14.640117856337689,0.3667112299465241,0,0,0,60,0.0,0.0,0.0
LNGN0150,terminal,total_voyages,84.38333333333334,85.0,51.0,123.0,18.196751122451207,0.3637254901960784,0,0,0,60,0.0,0.0,0.0
LNGN0156,terminal,betweenness,19.6,20.0,17.0,23.0,1.1229501098234695,0.45294117647058824,0,28,60,60,0.0,0.4666666666666667,1.0
LNGN0156,terminal,eigenvector,74.8,83.0,1.0,125.0,33.02017873043437,0.40824420677361856,7,7,10,60,0.11666666666666667,0.11666666666666667,0.16666666666666666
LNGN0156,terminal,node_throughput,88.38333333333334,87.0,53.0,125.0,15.097526642945967,0.3681372549019608,0,0,0,60,0.0,0.0,0.0
LNGN0156,terminal,pagerank,76.36666666666666,83.0,22.0,125.0,26.54574986995455,0.4336007130124777,0,0,6,60,0.0,0.0,0.1
LNGN0156,terminal,share_monthly_network_flow,88.38333333333334,87.0,53.0,125.0,15.097526642945967,0.3681372549019608,0,0,0,60,0.0,0.0,0.0
LNGN0156,terminal,total_degree,79.55,83.0,34.0,125.0,22.51886215025912,0.3807040998217469,0,0,2,60,0.0,0.0,0.03333333333333333
LNGN0156,terminal,total_route_exposure,81.8,83.0,37.0,125.0,20.502004862691614,0.3749554367201426,0,0,1,60,0.0,0.0,0.016666666666666666
LNGN0156,terminal,total_strength,88.56666666666666,87.0,54.0,125.0,14.789330403548052,0.36729055258467025,0,0,0,60,0.0,0.0,0.0
LNGN0156,terminal,total_voyages,84.23333333333333,85.0,48.0,125.0,18.395252396595794,0.3681372549019608,0,0,0,60,0.0,0.0,0.0
LNGN0163,terminal,betweenness,19.6,20.0,17.0,23.0,1.1229501098234695,0.45294117647058824,0,28,60,60,0.0,0.4666666666666667,1.0
LNGN0163,terminal,eigenvector,70.61666666666666,81.5,1.0,125.0,36.61531200804286,0.41635472370766485,7,10,15,60,0.11666666666666667,0.16666666666666666,0.25
LNGN0163,terminal,node_throughput,89.43333333333334,88.0,55.0,125.0,15.767770890967968,0.3487522281639929,0,0,0,60,0.0,0.0,0.0
LNGN0163,terminal,pagerank,83.6,86.5,28.0,125.0,21.911377742539855,0.38074866310160427,0,0,1,60,0.0,0.0,0.016666666666666666
LNGN0163,terminal,share_monthly_network_flow,89.43333333333334,88.0,55.0,125.0,15.767770890967968,0.3487522281639929,0,0,0,60,0.0,0.0,0.0
LNGN0163,terminal,total_degree,83.0,86.5,36.0,125.0,21.970704686167437,0.3553475935828877,0,0,2,60,0.0,0.0,0.03333333333333333
LNGN0163,terminal,total_route_exposure,84.66666666666667,86.5,38.0,125.0,20.143272138095604,0.35285204991087343,0,0,1,60,0.0,0.0,0.016666666666666666
LNGN0163,terminal,total_strength,89.63333333333334,88.5,57.0,125.0,15.553043918836048,0.3476827094474153,0,0,0,60,0.0,0.0,0.0
LNGN0163,terminal,total_voyages,86.8,87.0,47.0,125.0,17.449005605196234,0.34558823529411764,0,0,0,60,0.0,0.0,0.0
LNGN0164,terminal,betweenness,19.6,20.0,17.0,23.0,1.1229501098234695,0.45294117647058824,0,28,60,60,0.0,0.4666666666666667,1.0
LNGN0164,terminal,eigenvector,82.03333333333333,89.5,1.0,125.0,32.72637803376718,0.3392602495543672,7,7,7,60,0.11666666666666667,0.11666666666666667,0.11666666666666667
LNGN0164,terminal,node_throughput,93.11666666666666,91.5,71.0,125.0,13.54852129859679,0.30993761140819964,0,0,0,60,0.0,0.0,0.0
LNGN0164,terminal,pagerank,87.13333333333334,87.5,38.0,125.0,20.21030670660743,0.3420231729055258,0,0,1,60,0.0,0.0,0.016666666666666666
LNGN0164,terminal,share_monthly_network_flow,93.11666666666666,91.5,71.0,125.0,13.54852129859679,0.30993761140819964,0,0,0,60,0.0,0.0,0.0
LNGN0164,terminal,total_degree,87.1,87.5,46.0,125.0,20.010759817522576,0.3200534759358289,0,0,0,60,0.0,0.0,0.0
LNGN0164,terminal,total_route_exposure,88.63333333333334,87.5,50.0,125.0,17.865758050932605,0.31595365418894833,0,0,0,60,0.0,0.0,0.0
LNGN0164,terminal,total_strength,93.15,91.5,71.0,125.0,13.545685409765682,0.30975935828877005,0,0,0,60,0.0,0.0,0.0
LNGN0164,terminal,total_voyages,90.38333333333334,89.0,55.0,125.0,15.80612589533593,0.3112745098039216,0,0,0,60,0.0,0.0,0.0
LNGN0165,terminal,betweenness,19.6,20.0,17.0,23.0,1.1229501098234695,0.45294117647058824,0,28,60,60,0.0,0.4666666666666667,1.0
LNGN0165,terminal,eigenvector,83.85,93.0,1.0,125.0,33.23507693662,0.2897058823529412,7,7,7,60,0.11666666666666667,0.11666666666666667,0.11666666666666667
LNGN0165,terminal,node_throughput,95.1,93.0,71.0,125.0,13.123533009219278,0.26336898395721925,0,0,0,60,0.0,0.0,0.0
LNGN0165,terminal,pagerank,92.38333333333334,92.5,33.0,125.0,17.791725049190394,0.27789661319073083,0,0,1,60,0.0,0.0,0.016666666666666666
LNGN0165,terminal,share_monthly_network_flow,95.1,93.0,71.0,125.0,13.123533009219278,0.26336898395721925,0,0,0,60,0.0,0.0,0.0
LNGN0165,terminal,total_degree,93.33333333333333,92.5,50.0,125.0,15.345364967595295,0.266934046345811,0,0,0,60,0.0,0.0,0.0
LNGN0165,terminal,total_route_exposure,93.58333333333333,92.5,53.0,125.0,14.898858637511973,0.2662655971479501,0,0,0,60,0.0,0.0,0.0
LNGN0165,terminal,total_strength,95.11666666666666,93.0,71.0,125.0,13.13178530553766,0.2632798573975045,0,0,0,60,0.0,0.0,0.0
LNGN0165,terminal,total_voyages,93.95,92.5,58.0,125.0,14.352021058881443,0.2652852049910874,0,0,0,60,0.0,0.0,0.0
LNGN0166,terminal,betweenness,19.6,20.0,17.0,23.0,1.1229501098234695,0.45294117647058824,0,28,60,60,0.0,0.4666666666666667,1.0
LNGN0166,terminal,eigenvector,63.75,71.0,1.0,97.0,28.951522895455806,0.5448306595365419,7,8,10,60,0.11666666666666667,0.13333333333333333,0.16666666666666666
LNGN0166,terminal,node_throughput,54.81666666666667,47.0,13.0,98.0,26.9100772924755,0.6248663101604278,0,3,23,60,0.0,0.05,0.38333333333333336
LNGN0166,terminal,pagerank,79.93333333333334,82.5,51.0,98.0,11.839128842588563,0.45057932263814615,0,0,0,60,0.0,0.0,0.0
LNGN0166,terminal,share_monthly_network_flow,54.81666666666667,47.0,13.0,98.0,26.9100772924755,0.6248663101604278,0,3,23,60,0.0,0.05,0.38333333333333336
LNGN0166,terminal,total_degree,44.65,27.5,7.0,98.0,32.876669900231896,0.6579768270944741,7,12,37,60,0.11666666666666667,0.2,0.6166666666666667
LNGN0166,terminal,total_route_exposure,47.68333333333333,31.0,11.0,98.0,30.602144417309272,0.6454545454545454,0,7,38,60,0.0,0.11666666666666667,0.6333333333333333
LNGN0166,terminal,total_strength,56.43333333333333,48.5,17.0,98.0,25.591554927667435,0.6162655971479502,0,2,19,60,0.0,0.03333333333333333,0.31666666666666665
LNGN0166,terminal,total_voyages,50.55,39.5,12.0,98.0,28.882828750144427,0.6332442067736185,0,4,29,60,0.0,0.06666666666666667,0.48333333333333334
LNGN0168,terminal,betweenness,19.6,20.0,17.0,23.0,1.1229501098234695,0.45294117647058824,0,28,60,60,0.0,0.4666666666666667,1.0
LNGN0168,terminal,eigenvector,17.533333333333335,10.0,1.0,94.0,21.897656144728558,0.8301693404634581,34,49,53,60,0.5666666666666667,0.8166666666666667,0.8833333333333333
LNGN0168,terminal,node_throughput,46.78333333333333,43.5,14.0,94.0,19.63488047005752,0.7364081996434938,0,5,22,60,0.0,0.08333333333333333,0.36666666666666664
LNGN0168,terminal,pagerank,48.083333333333336,48.0,15.0,94.0,19.398839443415483,0.7296791443850268,0,5,22,60,0.0,0.08333333333333333,0.36666666666666664
LNGN0168,terminal,share_monthly_network_flow,46.78333333333333,43.5,14.0,94.0,19.63488047005752,0.7364081996434938,0,5,22,60,0.0,0.08333333333333333,0.36666666666666664
LNGN0168,terminal,total_degree,41.266666666666666,39.0,13.0,94.0,17.526606086289345,0.6998217468805704,0,4,29,60,0.0,0.06666666666666667,0.48333333333333334
LNGN0168,terminal,total_route_exposure,42.6,40.0,14.0,94.0,17.474630521541982,0.7185828877005348,0,3,26,60,0.0,0.05,0.43333333333333335
LNGN0168,terminal,total_strength,48.61666666666667,45.5,18.0,94.0,18.632113399115898,0.7266934046345811,0,2,20,60,0.0,0.03333333333333333,0.3333333333333333
LNGN0168,terminal,total_voyages,43.43333333333333,40.5,13.0,94.0,18.310288546788843,0.7262923351158646,0,5,26,60,0.0,0.08333333333333333,0.43333333333333335
LNGN0170,terminal,betweenness,19.6,20.0,17.0,23.0,1.1229501098234695,0.45294117647058824,0,28,60,60,0.0,0.4666666666666667,1.0
LNGN0170,terminal,eigenvector,74.25,82.5,1.0,117.0,33.02932697888296,0.42330659536541887,7,8,8,60,0.11666666666666667,0.13333333333333333,0.13333333333333333
LNGN0170,terminal,node_throughput,83.08333333333333,85.0,34.0,121.0,18.337968083905256,0.4127005347593583,0,0,2,60,0.0,0.0,0.03333333333333333
LNGN0170,terminal,pagerank,71.53333333333333,81.5,10.0,121.0,28.57666860745956,0.4760695187165775,1,1,10,60,0.016666666666666666,0.016666666666666666,0.16666666666666666
LNGN0170,terminal,share_monthly_network_flow,83.08333333333333,85.0,34.0,121.0,18.337968083905256,0.4127005347593583,0,0,2,60,0.0,0.0,0.03333333333333333
LNGN0170,terminal,total_degree,74.91666666666667,81.5,23.0,121.0,24.840707205377157,0.4158199643493761,0,0,6,60,0.0,0.0,0.1
LNGN0170,terminal,total_route_exposure,77.41666666666667,81.5,20.0,121.0,22.715104857793744,0.41368092691622105,0,0,2,60,0.0,0.0,0.03333333333333333
LNGN0170,terminal,total_strength,83.6,85.5,36.0,121.0,17.701096394272366,0.4101158645276292,0,0,1,60,0.0,0.0,0.016666666666666666
LNGN0170,terminal,total_voyages,80.25,83.5,32.0,121.0,20.401582690349947,0.40374331550802134,0,0,3,60,0.0,0.0,0.05
LNGN0173,terminal,betweenness,19.6,20.0,17.0,23.0,1.1229501098234695,0.45294117647058824,0,28,60,60,0.0,0.4666666666666667,1.0
LNGN0173,terminal,eigenvector,68.08333333333333,75.5,1.0,118.0,33.07940711592702,0.5244652406417113,8,8,10,60,0.13333333333333333,0.13333333333333333,0.16666666666666666
LNGN0173,terminal,node_throughput,72.3,69.0,35.0,120.0,22.779934673497493,0.555926916221034,0,0,2,60,0.0,0.0,0.03333333333333333
LNGN0173,terminal,pagerank,53.516666666666666,44.5,15.0,120.0,27.946372170894104,0.6563725490196078,0,4,21,60,0.0,0.06666666666666667,0.35
LNGN0173,terminal,share_monthly_network_flow,72.3,69.0,35.0,120.0,22.779934673497493,0.555926916221034,0,0,2,60,0.0,0.0,0.03333333333333333
LNGN0173,terminal,total_degree,57.15,52.5,20.0,120.0,25.455061765619924,0.5742869875222817,0,0,16,60,0.0,0.0,0.26666666666666666
LNGN0173,terminal,total_route_exposure,61.36666666666667,56.5,21.0,120.0,24.168172561692604,0.566934046345811,0,0,10,60,0.0,0.0,0.16666666666666666
LNGN0173,terminal,total_strength,72.98333333333333,70.0,36.0,120.0,22.310969914619882,0.5524064171122995,0,0,2,60,0.0,0.0,0.03333333333333333
LNGN0173,terminal,total_voyages,64.53333333333333,60.0,28.0,120.0,23.122713660071334,0.5622549019607843,0,0,8,60,0.0,0.0,0.13333333333333333
LNGN0174,terminal,betweenness,19.6,20.0,17.0,23.0,1.1229501098234695,0.45294117647058824,0,28,60,60,0.0,0.4666666666666667,1.0
LNGN0174,terminal,eigenvector,82.9,91.0,1.0,125.0,33.10522514956499,0.30196078431372547,7,7,7,60,0.11666666666666667,0.11666666666666667,0.11666666666666667
LNGN0174,terminal,node_throughput,94.33333333333333,92.5,71.0,125.0,13.949869893891398,0.2753119429590018,0,0,0,60,0.0,0.0,0.0
LNGN0174,terminal,pagerank,91.85,92.0,51.0,125.0,17.038167523016465,0.28881461675579323,0,0,0,60,0.0,0.0,0.0
LNGN0174,terminal,share_monthly_network_flow,94.33333333333333,92.5,71.0,125.0,13.949869893891398,0.2753119429590018,0,0,0,60,0.0,0.0,0.0
LNGN0174,terminal,total_degree,91.96666666666667,92.0,49.0,125.0,16.797867768914035,0.27874331550802134,0,0,0,60,0.0,0.0,0.0
LNGN0174,terminal,total_route_exposure,92.53333333333333,92.0,50.0,125.0,15.846153002282641,0.27722816399286987,0,0,0,60,0.0,0.0,0.0
LNGN0174,terminal,total_strength,94.36666666666666,92.5,71.0,125.0,13.905207738825311,0.2751336898395722,0,0,0,60,0.0,0.0,0.0
LNGN0174,terminal,total_voyages,93.13333333333334,92.0,59.0,125.0,14.862609970703087,0.2756238859180036,0,0,0,60,0.0,0.0,0.0
LNGN0175,terminal,betweenness,19.6,20.0,17.0,23.0,1.1229501098234695,0.45294117647058824,0,28,60,60,0.0,0.4666666666666667,1.0
LNGN0175,terminal,eigenvector,60.0,73.5,1.0,118.0,38.147794658251684,0.48966131907308375,7,12,24,60,0.11666666666666667,0.2,0.4
LNGN0175,terminal,node_throughput,84.78333333333333,86.0,41.0,120.0,16.620481204833567,0.38636363636363635,0,0,0,60,0.0,0.0,0.0
LNGN0175,terminal,pagerank,79.21666666666667,84.0,17.0,120.0,22.217027876914944,0.4162655971479501,0,1,4,60,0.0,0.016666666666666666,0.06666666666666667
LNGN0175,terminal,share_monthly_network_flow,84.78333333333333,86.0,41.0,120.0,16.620481204833567,0.38636363636363635,0,0,0,60,0.0,0.0,0.0
LNGN0175,terminal,total_degree,77.4,84.0,24.0,120.0,23.390712339063413,0.39237967914438504,0,0,6,60,0.0,0.0,0.1
LNGN0175,terminal,total_route_exposure,79.78333333333333,84.0,31.0,120.0,20.875004651713002,0.3853832442067736,0,0,2,60,0.0,0.0,0.03333333333333333
LNGN0175,terminal,total_strength,85.28333333333333,86.5,44.0,120.0,15.955543818092613,0.3837344028520499,0,0,0,60,0.0,0.0,0.0
LNGN0175,terminal,total_voyages,82.95,85.0,43.0,120.0,17.539712809043618,0.3746880570409982,0,0,0,60,0.0,0.0,0.0
LNGN0176,terminal,betweenness,19.6,20.0,17.0,23.0,1.1229501098234695,0.45294117647058824,0,28,60,60,0.0,0.4666666666666667,1.0
LNGN0176,terminal,eigenvector,82.25,93.0,1.0,123.0,33.25995454403368,0.2960338680926916,7,7,8,60,0.11666666666666667,0.11666666666666667,0.13333333333333333
LNGN0176,terminal,node_throughput,95.43333333333334,93.0,71.0,123.0,13.18109414797775,0.2563725490196079,0,0,0,60,0.0,0.0,0.0
LNGN0176,terminal,pagerank,94.38333333333334,93.0,71.0,123.0,12.599558327834252,0.2619875222816399,0,0,0,60,0.0,0.0,0.0
LNGN0176,terminal,share_monthly_network_flow,95.43333333333334,93.0,71.0,123.0,13.18109414797775,0.2563725490196079,0,0,0,60,0.0,0.0,0.0
LNGN0176,terminal,total_degree,93.78333333333333,93.0,67.0,123.0,13.391233746109357,0.260427807486631,0,0,0,60,0.0,0.0,0.0
LNGN0176,terminal,total_route_exposure,94.11666666666666,93.0,71.0,123.0,12.860518568592306,0.25953654188948305,0,0,0,60,0.0,0.0,0.0
LNGN0176,terminal,total_strength,95.43333333333334,93.0,71.0,123.0,13.18109414797775,0.2563725490196079,0,0,0,60,0.0,0.0,0.0
LNGN0176,terminal,total_voyages,94.45,93.0,71.0,123.0,12.55283748056827,0.25864527629233514,0,0,0,60,0.0,0.0,0.0
LNGN0178,terminal,betweenness,19.6,20.0,17.0,23.0,1.1229501098234695,0.45294117647058824,0,28,60,60,0.0,0.4666666666666667,1.0
LNGN0178,terminal,eigenvector,63.75,69.0,1.0,99.0,27.152816128880875,0.573885918003565,7,7,8,60,0.11666666666666667,0.11666666666666667,0.13333333333333333
LNGN0178,terminal,node_throughput,60.06666666666667,60.0,23.0,99.0,18.011170419686934,0.6557486631016043,0,0,6,60,0.0,0.0,0.1
LNGN0178,terminal,pagerank,61.93333333333333,63.0,30.0,99.0,14.824243390149643,0.6462566844919786,0,0,3,60,0.0,0.0,0.05
LNGN0178,terminal,share_monthly_network_flow,60.06666666666667,60.0,23.0,99.0,18.011170419686934,0.6557486631016043,0,0,6,60,0.0,0.0,0.1
LNGN0178,terminal,total_degree,41.96666666666667,41.0,17.0,99.0,18.43446170982688,0.6898841354723707,0,2,28,60,0.0,0.03333333333333333,0.4666666666666667
LNGN0178,terminal,total_route_exposure,49.61666666666667,48.0,23.0,99.0,16.356299430905704,0.6549019607843137,0,0,17,60,0.0,0.0,0.2833333333333333
LNGN0178,terminal,total_strength,61.6,62.5,28.0,99.0,17.127834418408153,0.6476827094474154,0,0,5,60,0.0,0.0,0.08333333333333333
LNGN0178,terminal,total_voyages,52.38333333333333,51.0,23.0,99.0,15.970408723707102,0.6550802139037433,0,0,12,60,0.0,0.0,0.2
LNGN0180,terminal,betweenness,19.6,20.0,17.0,23.0,1.1229501098234695,0.45294117647058824,0,28,60,60,0.0,0.4666666666666667,1.0
LNGN0180,terminal,eigenvector,83.03333333333333,92.0,1.0,125.0,33.04335450338174,0.3013368983957219,7,7,7,60,0.11666666666666667,0.11666666666666667,0.11666666666666667
LNGN0180,terminal,node_throughput,94.05,93.0,60.0,125.0,13.889912203356412,0.27308377896613195,0,0,0,60,0.0,0.0,0.0
LNGN0180,terminal,pagerank,93.86666666666666,92.5,57.0,125.0,13.962985774948448,0.2698306595365419,0,0,0,60,0.0,0.0,0.0
LNGN0180,terminal,share_monthly_network_flow,94.05,93.0,60.0,125.0,13.889912203356412,0.27308377896613195,0,0,0,60,0.0,0.0,0.0
LNGN0180,terminal,total_degree,92.43333333333334,92.5,33.0,125.0,16.693007433507645,0.2736631016042781,0,0,1,60,0.0,0.0,0.016666666666666666
LNGN0180,terminal,total_route_exposure,92.68333333333334,92.5,39.0,125.0,16.20053531932722,0.2749554367201426,0,0,0,60,0.0,0.0,0.0
LNGN0180,terminal,total_strength,94.11666666666666,93.0,63.0,125.0,13.741057698251142,0.2727272727272727,0,0,0,60,0.0,0.0,0.0
LNGN0180,terminal,total_voyages,93.13333333333334,92.5,43.0,125.0,15.402472470096825,0.2733957219251337,0,0,0,60,0.0,0.0,0.0
LNGN0181,terminal,betweenness,19.6,20.0,17.0,23.0,1.1229501098234695,0.45294117647058824,0,28,60,60,0.0,0.4666666666666667,1.0
LNGN0181,terminal,eigenvector,27.833333333333332,22.5,1.0,115.0,21.427185857814155,0.7901069518716578,7,20,48,60,0.11666666666666667,0.3333333333333333,0.8
LNGN0181,terminal,node_throughput,40.166666666666664,35.5,15.0,117.0,19.785430923691255,0.7775846702317291,0,7,33,60,0.0,0.11666666666666667,0.55
LNGN0181,terminal,pagerank,25.533333333333335,22.5,4.0,117.0,18.78465535579927,0.8559269162210339,8,23,53,60,0.13333333333333333,0.38333333333333336,0.8833333333333333
LNGN0181,terminal,share_monthly_network_flow,40.166666666666664,35.5,15.0,117.0,19.785430923691255,0.7775846702317291,0,7,33,60,0.0,0.11666666666666667,0.55
LNGN0181,terminal,total_degree,41.93333333333333,37.0,17.0,117.0,17.38971707323054,0.7000891265597148,0,1,32,60,0.0,0.016666666666666666,0.5333333333333333
LNGN0181,terminal,total_route_exposure,41.083333333333336,38.0,20.0,117.0,17.87080913694284,0.72825311942959,0,0,31,60,0.0,0.0,0.5166666666666667
LNGN0181,terminal,total_strength,42.5,37.0,19.0,117.0,18.620655562018275,0.7651515151515151,0,1,31,60,0.0,0.016666666666666666,0.5166666666666667
LNGN0181,terminal,total_voyages,40.733333333333334,39.0,15.0,117.0,17.373139863034684,0.7448306595365418,0,4,28,60,0.0,0.06666666666666667,0.4666666666666667
LNGN0182,terminal,betweenness,19.6,20.0,17.0,23.0,1.1229501098234695,0.45294117647058824,0,28,60,60,0.0,0.4666666666666667,1.0
LNGN0182,terminal,eigenvector,81.93333333333334,93.0,1.0,125.0,31.769757854354097,0.32847593582887696,7,7,7,60,0.11666666666666667,0.11666666666666667,0.11666666666666667
LNGN0182,terminal,node_throughput,90.43333333333334,89.5,68.0,125.0,11.11475834678131,0.32295008912655976,0,0,0,60,0.0,0.0,0.0
LNGN0182,terminal,pagerank,80.5,86.5,19.0,125.0,22.324646257185673,0.3764260249554367,0,1,6,60,0.0,0.016666666666666666,0.1
LNGN0182,terminal,share_monthly_network_flow,90.43333333333334,89.5,68.0,125.0,11.11475834678131,0.32295008912655976,0,0,0,60,0.0,0.0,0.0
LNGN0182,terminal,total_degree,84.01666666666667,86.0,45.0,125.0,14.730910274457727,0.32941176470588235,0,0,0,60,0.0,0.0,0.0
LNGN0182,terminal,total_route_exposure,85.28333333333333,86.0,53.0,125.0,13.480798229480135,0.3311497326203208,0,0,0,60,0.0,0.0,0.0
LNGN0182,terminal,total_strength,90.56666666666666,89.5,69.0,125.0,10.984375138128769,0.3222370766488414,0,0,0,60,0.0,0.0,0.0
LNGN0182,terminal,total_voyages,87.16666666666667,87.0,57.0,125.0,11.66214601681501,0.3254901960784314,0,0,0,60,0.0,0.0,0.0
LNGN0186,terminal,betweenness,19.6,20.0,17.0,23.0,1.1229501098234695,0.45294117647058824,0,28,60,60,0.0,0.4666666666666667,1.0
LNGN0186,terminal,eigenvector,52.61666666666667,53.5,1.0,108.0,30.716357739295223,0.635650623885918,7,12,19,60,0.11666666666666667,0.2,0.31666666666666665
LNGN0186,terminal,node_throughput,57.45,57.0,15.0,112.0,25.396132763120335,0.6674688057040998,0,2,19,60,0.0,0.03333333333333333,0.31666666666666665
LNGN0186,terminal,pagerank,47.95,45.0,11.0,112.0,22.54218268047706,0.7194295900178252,0,4,24,60,0.0,0.06666666666666667,0.4
LNGN0186,terminal,share_monthly_network_flow,57.45,57.0,15.0,112.0,25.396132763120335,0.6674688057040998,0,2,19,60,0.0,0.03333333333333333,0.31666666666666665
LNGN0186,terminal,total_degree,46.81666666666667,42.5,15.0,112.0,22.285886441047765,0.6612745098039217,0,2,24,60,0.0,0.03333333333333333,0.4
LNGN0186,terminal,total_route_exposure,48.45,41.5,14.0,112.0,23.738993881554347,0.670632798573975,0,2,28,60,0.0,0.03333333333333333,0.4666666666666667
LNGN0186,terminal,total_strength,59.25,59.5,23.0,112.0,24.185459281931486,0.6579768270944741,0,0,16,60,0.0,0.0,0.26666666666666666
LNGN0186,terminal,total_voyages,51.53333333333333,50.0,13.0,112.0,23.559133438256637,0.6638591800356506,0,3,21,60,0.0,0.05,0.35
LNGN0190,terminal,betweenness,19.6,20.0,17.0,23.0,1.1229501098234695,0.45294117647058824,0,28,60,60,0.0,0.4666666666666667,1.0
LNGN0190,terminal,eigenvector,82.11666666666666,93.0,1.0,125.0,34.27757663381421,0.30958110516934045,7,7,8,60,0.11666666666666667,0.11666666666666667,0.13333333333333333
LNGN0190,terminal,node_throughput,95.08333333333333,93.0,54.0,125.0,14.36484841745632,0.2711229946524064,0,0,0,60,0.0,0.0,0.0
LNGN0190,terminal,pagerank,92.41666666666667,93.0,21.0,125.0,20.43616905512669,0.285427807486631,0,0,2,60,0.0,0.0,0.03333333333333333
LNGN0190,terminal,share_monthly_network_flow,95.08333333333333,93.0,54.0,125.0,14.36484841745632,0.2711229946524064,0,0,0,60,0.0,0.0,0.0
LNGN0190,terminal,total_degree,93.0,93.0,33.0,125.0,18.542667242729035,0.27553475935828875,0,0,1,60,0.0,0.0,0.016666666666666666
LNGN0190,terminal,total_route_exposure,93.26666666666667,93.0,38.0,125.0,17.88652240140099,0.2748217468805704,0,0,1,60,0.0,0.0,0.016666666666666666
LNGN0190,terminal,total_strength,95.15,93.0,57.0,125.0,14.193367990552998,0.2707664884135472,0,0,0,60,0.0,0.0,0.0
LNGN0190,terminal,total_voyages,93.61666666666666,93.0,41.0,125.0,17.06527018033069,0.27388591800356504,0,0,0,60,0.0,0.0,0.0
LNGN0191,terminal,betweenness,19.6,20.0,17.0,23.0,1.1229501098234695,0.45294117647058824,0,28,60,60,0.0,0.4666666666666667,1.0
LNGN0191,terminal,eigenvector,40.53333333333333,20.5,1.0,118.0,37.24607437700214,0.6435383244206773,14,29,37,60,0.23333333333333334,0.48333333333333334,0.6166666666666667
LNGN0191,terminal,node_throughput,72.63333333333334,75.5,16.0,121.0,24.374178241978775,0.5046345811051693,0,2,7,60,0.0,0.03333333333333333,0.11666666666666667
LNGN0191,terminal,pagerank,74.38333333333334,75.0,33.0,121.0,19.41089303359281,0.495409982174688,0,0,1,60,0.0,0.0,0.016666666666666666
LNGN0191,terminal,share_monthly_network_flow,72.63333333333334,75.5,16.0,121.0,24.374178241978775,0.5046345811051693,0,2,7,60,0.0,0.03333333333333333,0.11666666666666667
LNGN0191,terminal,total_degree,65.3,62.5,23.0,121.0,25.09865281008836,0.4897504456327985,0,0,10,60,0.0,0.0,0.16666666666666666
LNGN0191,terminal,total_route_exposure,69.83333333333333,71.0,27.0,121.0,22.466673372561825,0.4754010695187166,0,0,7,60,0.0,0.0,0.11666666666666667
LNGN0191,terminal,total_strength,73.46666666666667,76.0,19.0,121.0,23.408289612845923,0.5001782531194296,0,1,6,60,0.0,0.016666666666666666,0.1
LNGN0191,terminal,total_voyages,69.16666666666667,73.0,14.0,121.0,24.725727126232382,0.49665775401069523,0,3,7,60,0.0,0.05,0.11666666666666667
LNGN0195,terminal,betweenness,19.6,20.0,17.0,23.0,1.1229501098234695,0.45294117647058824,0,28,60,60,0.0,0.4666666666666667,1.0
LNGN0195,terminal,eigenvector,24.066666666666666,17.0,1.0,94.0,23.33024999805513,0.785427807486631,12,38,51,60,0.2,0.6333333333333333,0.85
LNGN0195,terminal,node_throughput,46.96666666666667,45.0,20.0,94.0,18.827465212494317,0.7168894830659537,0,0,24,60,0.0,0.0,0.4
LNGN0195,terminal,pagerank,38.28333333333333,33.0,4.0,94.0,24.188589316190907,0.763680926916221,5,15,35,60,0.08333333333333333,0.25,0.5833333333333334
LNGN0195,terminal,share_monthly_network_flow,46.96666666666667,45.0,20.0,94.0,18.827465212494317,0.7168894830659537,0,0,24,60,0.0,0.0,0.4
LNGN0195,terminal,total_degree,40.55,34.0,11.0,94.0,20.775168522027545,0.6978163992869875,0,5,36,60,0.0,0.08333333333333333,0.6
LNGN0195,terminal,total_route_exposure,43.516666666666666,39.0,17.0,94.0,20.127131251854507,0.6962566844919785,0,3,29,60,0.0,0.05,0.48333333333333334
LNGN0195,terminal,total_strength,49.11666666666667,46.0,24.0,94.0,17.619415010457484,0.705392156862745,0,0,21,60,0.0,0.0,0.35
LNGN0195,terminal,total_voyages,45.78333333333333,43.0,20.0,94.0,18.932611687528336,0.6943404634581106,0,0,25,60,0.0,0.0,0.4166666666666667
LNGN0199,terminal,betweenness,19.6,20.0,17.0,23.0,1.1229501098234695,0.45294117647058824,0,28,60,60,0.0,0.4666666666666667,1.0
LNGN0199,terminal,eigenvector,81.11666666666666,91.0,1.0,118.0,32.045566956787034,0.34625668449197866,7,7,7,60,0.11666666666666667,0.11666666666666667,0.11666666666666667
LNGN0199,terminal,node_throughput,91.56666666666666,92.0,62.0,120.0,14.377909924092263,0.32963458110516936,0,0,0,60,0.0,0.0,0.0
LNGN0199,terminal,pagerank,83.9,89.0,18.0,120.0,22.085120383934555,0.37094474153297685,0,1,1,60,0.0,0.016666666666666666,0.016666666666666666
LNGN0199,terminal,share_monthly_network_flow,91.56666666666666,92.0,62.0,120.0,14.377909924092263,0.32963458110516936,0,0,0,60,0.0,0.0,0.0
LNGN0199,terminal,total_degree,83.98333333333333,89.0,34.0,120.0,22.060388357036615,0.34175579322638144,0,0,2,60,0.0,0.0,0.03333333333333333
LNGN0199,terminal,total_route_exposure,85.85,89.0,40.0,120.0,19.75255829815555,0.3364973262032086,0,0,0,60,0.0,0.0,0.0
LNGN0199,terminal,total_strength,91.7,92.0,63.0,120.0,14.160460588123419,0.328921568627451,0,0,0,60,0.0,0.0,0.0
LNGN0199,terminal,total_voyages,87.0,90.0,47.0,120.0,18.33492545731844,0.33565062388591804,0,0,0,60,0.0,0.0,0.0
LNGN0206,terminal,betweenness,19.6,20.0,17.0,23.0,1.1229501098234695,0.45294117647058824,0,28,60,60,0.0,0.4666666666666667,1.0
LNGN0206,terminal,eigenvector,60.233333333333334,80.5,1.0,116.0,40.546005118549544,0.46675579322638144,10,20,23,60,0.16666666666666666,0.3333333333333333,0.38333333333333336
LNGN0206,terminal,node_throughput,86.51666666666667,89.0,19.0,117.0,19.186410857216643,0.35637254901960785,0,1,3,60,0.0,0.016666666666666666,0.05
LNGN0206,terminal,pagerank,88.65,88.0,51.0,117.0,12.523638665488912,0.3273172905525847,0,0,0,60,0.0,0.0,0.0
LNGN0206,terminal,share_monthly_network_flow,86.51666666666667,89.0,19.0,117.0,19.186410857216643,0.35637254901960785,0,1,3,60,0.0,0.016666666666666666,0.05
LNGN0206,terminal,total_degree,83.3,86.5,33.0,117.0,18.082016536711226,0.34162210338680926,0,0,1,60,0.0,0.0,0.016666666666666666
LNGN0206,terminal,total_route_exposure,82.55,86.5,14.0,117.0,21.267007152402492,0.3590463458110517,0,2,3,60,0.0,0.03333333333333333,0.05
LNGN0206,terminal,total_strength,86.75,89.0,23.0,117.0,18.593442437991822,0.3551693404634581,0,0,3,60,0.0,0.0,0.05
LNGN0206,terminal,total_voyages,84.28333333333333,87.5,20.0,117.0,19.671102152319925,0.3530303030303031,0,0,3,60,0.0,0.0,0.05
LNGN0207,terminal,betweenness,19.6,20.0,17.0,23.0,1.1229501098234695,0.45294117647058824,0,28,60,60,0.0,0.4666666666666667,1.0
LNGN0207,terminal,eigenvector,74.98333333333333,84.0,1.0,116.0,30.250643173813327,0.5058377896613191,7,7,7,60,0.11666666666666667,0.11666666666666667,0.11666666666666667
LNGN0207,terminal,node_throughput,73.5,74.0,38.0,109.0,17.634230964091266,0.5673796791443851,0,0,1,60,0.0,0.0,0.016666666666666666
LNGN0207,terminal,pagerank,44.416666666666664,38.5,10.0,101.0,23.292751230522466,0.7233957219251337,1,7,30,60,0.016666666666666666,0.11666666666666667,0.5
LNGN0207,terminal,share_monthly_network_flow,73.5,74.0,38.0,109.0,17.634230964091266,0.5673796791443851,0,0,1,60,0.0,0.0,0.016666666666666666
LNGN0207,terminal,total_degree,59.0,57.5,21.0,101.0,16.731174596836606,0.5554812834224598,0,0,5,60,0.0,0.0,0.08333333333333333
LNGN0207,terminal,total_route_exposure,59.333333333333336,54.5,25.0,101.0,18.56246136026719,0.580837789661319,0,0,8,60,0.0,0.0,0.13333333333333333
LNGN0207,terminal,total_strength,74.33333333333333,74.5,41.0,109.0,17.017106713655956,0.5630570409982174,0,0,0,60,0.0,0.0,0.0
LNGN0207,terminal,total_voyages,61.71666666666667,60.0,29.0,101.0,17.79553521101087,0.58475935828877,0,0,6,60,0.0,0.0,0.1
LNGN0208,terminal,betweenness,19.6,20.0,17.0,23.0,1.1229501098234695,0.45294117647058824,0,28,60,60,0.0,0.4666666666666667,1.0
LNGN0208,terminal,eigenvector,44.18333333333333,15.0,1.0,113.0,40.87827804371424,0.611096256684492,21,31,33,60,0.35,0.5166666666666667,0.55
LNGN0208,terminal,node_throughput,68.88333333333334,75.0,10.0,115.0,26.86633055543918,0.5163992869875222,1,5,9,60,0.016666666666666666,0.08333333333333333,0.15
LNGN0208,terminal,pagerank,70.91666666666667,73.5,13.0,115.0,23.65163244924385,0.5060606060606061,0,1,8,60,0.0,0.016666666666666666,0.13333333333333333
LNGN0208,terminal,share_monthly_network_flow,68.88333333333334,75.0,10.0,115.0,26.86633055543918,0.5163992869875222,1,5,9,60,0.016666666666666666,0.08333333333333333,0.15
LNGN0208,terminal,total_degree,68.95,66.0,23.0,115.0,23.149788592218435,0.46203208556149733,0,0,5,60,0.0,0.0,0.08333333333333333
LNGN0208,terminal,total_route_exposure,71.96666666666667,74.5,27.0,115.0,21.962191445922343,0.4569073083778966,0,0,5,60,0.0,0.0,0.08333333333333333
LNGN0208,terminal,total_strength,69.8,76.0,12.0,115.0,25.835726151256353,0.5115418894830659,0,4,8,60,0.0,0.06666666666666667,0.13333333333333333
LNGN0208,terminal,total_voyages,70.05,75.0,12.0,115.0,25.114264297136817,0.48591800356506243,0,4,7,60,0.0,0.06666666666666667,0.11666666666666667
LNGN0210,terminal,betweenness,19.6,20.0,17.0,23.0,1.1229501098234695,0.45294117647058824,0,28,60,60,0.0,0.4666666666666667,1.0
LNGN0210,terminal,eigenvector,39.53333333333333,34.0,1.0,99.0,27.469222633529252,0.6824420677361853,7,11,37,60,0.11666666666666667,0.18333333333333332,0.6166666666666667
LNGN0210,terminal,node_throughput,66.1,67.5,20.0,99.0,21.085540068966694,0.5862745098039216,0,0,6,60,0.0,0.0,0.1
LNGN0210,terminal,pagerank,58.46666666666667,56.0,23.0,99.0,21.709536033786158,0.627361853832442,0,0,12,60,0.0,0.0,0.2
LNGN0210,terminal,share_monthly_network_flow,66.1,67.5,20.0,99.0,21.085540068966694,0.5862745098039216,0,0,6,60,0.0,0.0,0.1
LNGN0210,terminal,total_degree,59.81666666666667,57.0,26.0,99.0,20.396486625560456,0.5459893048128343,0,0,9,60,0.0,0.0,0.15
LNGN0210,terminal,total_route_exposure,64.73333333333333,63.5,29.0,99.0,19.04131695583132,0.5315508021390375,0,0,6,60,0.0,0.0,0.1
LNGN0210,terminal,total_strength,67.56666666666666,69.0,26.0,99.0,19.61438996719783,0.5784313725490196,0,0,5,60,0.0,0.0,0.08333333333333333
LNGN0210,terminal,total_voyages,62.78333333333333,64.0,18.0,99.0,20.55920896937253,0.5673796791443849,0,2,5,60,0.0,0.03333333333333333,0.08333333333333333
LNGN0212,terminal,betweenness,19.6,20.0,17.0,23.0,1.1229501098234695,0.45294117647058824,0,28,60,60,0.0,0.4666666666666667,1.0
LNGN0212,terminal,eigenvector,83.91666666666667,93.0,1.0,125.0,33.20215005630782,0.2887700534759359,7,7,7,60,0.11666666666666667,0.11666666666666667,0.11666666666666667
LNGN0212,terminal,node_throughput,94.75,93.0,63.0,125.0,13.95589299015088,0.27058823529411763,0,0,0,60,0.0,0.0,0.0
LNGN0212,terminal,pagerank,92.63333333333334,93.0,25.0,125.0,17.753459120252128,0.28195187165775404,0,0,1,60,0.0,0.0,0.016666666666666666
LNGN0212,terminal,share_monthly_network_flow,94.75,93.0,63.0,125.0,13.95589299015088,0.27058823529411763,0,0,0,60,0.0,0.0,0.0
LNGN0212,terminal,total_degree,92.85,93.0,46.0,125.0,16.81285323490052,0.2736185383244207,0,0,0,60,0.0,0.0,0.0
LNGN0212,terminal,total_route_exposure,93.53333333333333,93.0,52.0,125.0,15.407973575961055,0.2717914438502674,0,0,0,60,0.0,0.0,0.0
LNGN0212,terminal,total_strength,94.78333333333333,93.0,64.0,125.0,13.910234820748416,0.2704099821746881,0,0,0,60,0.0,0.0,0.0
LNGN0212,terminal,total_voyages,93.98333333333333,93.0,56.0,125.0,14.711337339877831,0.27058823529411763,0,0,0,60,0.0,0.0,0.0
LNGN0219,terminal,betweenness,19.6,20.0,17.0,23.0,1.1229501098234695,0.45294117647058824,0,28,60,60,0.0,0.4666666666666667,1.0
LNGN0219,terminal,eigenvector,83.01666666666667,93.0,1.0,125.0,32.62654200092087,0.295855614973262,7,7,7,60,0.11666666666666667,0.11666666666666667,0.11666666666666667
LNGN0219,terminal,node_throughput,94.43333333333334,93.0,71.0,125.0,12.609340990947505,0.26524064171122996,0,0,0,60,0.0,0.0,0.0
LNGN0219,terminal,pagerank,93.98333333333333,92.5,71.0,125.0,12.858409721461356,0.2678698752228164,0,0,0,60,0.0,0.0,0.0
LNGN0219,terminal,share_monthly_network_flow,94.43333333333334,93.0,71.0,125.0,12.609340990947505,0.26524064171122996,0,0,0,60,0.0,0.0,0.0
LNGN0219,terminal,total_degree,93.08333333333333,92.5,63.0,125.0,14.117295158735978,0.26608734402852047,0,0,0,60,0.0,0.0,0.0
LNGN0219,terminal,total_route_exposure,93.65,92.5,71.0,125.0,13.202240436470364,0.264572192513369,0,0,0,60,0.0,0.0,0.0
LNGN0219,terminal,total_strength,94.45,93.0,71.0,125.0,12.60538625794008,0.2651515151515152,0,0,0,60,0.0,0.0,0.0
LNGN0219,terminal,total_voyages,94.08333333333333,92.5,71.0,125.0,12.784115762117038,0.26341354723707666,0,0,0,60,0.0,0.0,0.0
LNGN0222,terminal,betweenness,19.6,20.0,17.0,23.0,1.1229501098234695,0.45294117647058824,0,28,60,60,0.0,0.4666666666666667,1.0
LNGN0222,terminal,eigenvector,81.4,89.0,1.0,125.0,33.310150130176766,0.37508912655971477,7,7,7,60,0.11666666666666667,0.11666666666666667,0.11666666666666667
LNGN0222,terminal,node_throughput,94.28333333333333,92.0,71.0,125.0,13.812413560329778,0.37344028520499106,0,0,0,60,0.0,0.0,0.0
LNGN0222,terminal,pagerank,75.4,77.5,20.0,125.0,30.550985448335485,0.4751782531194296,0,0,11,60,0.0,0.0,0.18333333333333332
LNGN0222,terminal,share_monthly_network_flow,94.28333333333333,92.0,71.0,125.0,13.812413560329778,0.37344028520499106,0,0,0,60,0.0,0.0,0.0
LNGN0222,terminal,total_degree,74.38333333333334,74.0,17.0,125.0,29.184446558123298,0.43712121212121213,0,1,5,60,0.0,0.016666666666666666,0.08333333333333333
LNGN0222,terminal,total_route_exposure,77.36666666666666,77.0,23.0,125.0,26.64644006920215,0.42749554367201426,0,0,3,60,0.0,0.0,0.05
LNGN0222,terminal,total_strength,94.28333333333333,92.0,71.0,125.0,13.812413560329778,0.37344028520499106,0,0,0,60,0.0,0.0,0.0
LNGN0222,terminal,total_voyages,78.43333333333334,78.5,32.0,125.0,26.22029661926538,0.43328877005347594,0,0,6,60,0.0,0.0,0.1
LNGN0230,terminal,betweenness,19.6,20.0,17.0,23.0,1.1229501098234695,0.45294117647058824,0,28,60,60,0.0,0.4666666666666667,1.0
LNGN0230,terminal,eigenvector,22.05,14.0,1.0,99.0,23.43431136501652,0.8108288770053476,16,41,52,60,0.26666666666666666,0.6833333333333333,0.8666666666666667
LNGN0230,terminal,node_throughput,41.733333333333334,38.5,9.0,99.0,22.28845309219413,0.759536541889483,2,8,30,60,0.03333333333333333,0.13333333333333333,0.5
LNGN0230,terminal,pagerank,36.78333333333333,34.0,2.0,99.0,23.068866440942784,0.7861853832442068,8,17,33,60,0.13333333333333333,0.2833333333333333,0.55
LNGN0230,terminal,share_monthly_network_flow,41.733333333333334,38.5,9.0,99.0,22.28845309219413,0.759536541889483,2,8,30,60,0.03333333333333333,0.13333333333333333,0.5
LNGN0230,terminal,total_degree,37.81666666666667,34.0,9.0,99.0,20.408947578033953,0.7262032085561497,1,10,36,60,0.016666666666666666,0.16666666666666666,0.6
LNGN0230,terminal,total_route_exposure,41.5,39.0,10.0,99.0,20.470317493998106,0.7180481283422461,1,8,29,60,0.016666666666666666,0.13333333333333333,0.48333333333333334
LNGN0230,terminal,total_strength,43.75,40.5,10.0,99.0,21.36893436585464,0.7487522281639928,1,5,28,60,0.016666666666666666,0.08333333333333333,0.4666666666666667
LNGN0230,terminal,total_voyages,41.916666666666664,38.0,9.0,99.0,21.07556354005922,0.7325757575757575,2,6,31,60,0.03333333333333333,0.1,0.5166666666666667
LNGN0232,terminal,betweenness,19.6,20.0,17.0,23.0,1.1229501098234695,0.45294117647058824,0,28,60,60,0.0,0.4666666666666667,1.0
LNGN0232,terminal,eigenvector,51.63333333333333,52.0,1.0,116.0,29.300295981999373,0.6380124777183601,7,11,16,60,0.11666666666666667,0.18333333333333332,0.26666666666666666
LNGN0232,terminal,node_throughput,58.71666666666667,56.0,18.0,116.0,19.15157352181752,0.666711229946524,0,1,7,60,0.0,0.016666666666666666,0.11666666666666667
LNGN0232,terminal,pagerank,49.86666666666667,49.0,14.0,116.0,20.57270420222121,0.7147504456327985,0,3,17,60,0.0,0.05,0.2833333333333333
LNGN0232,terminal,share_monthly_network_flow,58.71666666666667,56.0,18.0,116.0,19.15157352181752,0.666711229946524,0,1,7,60,0.0,0.016666666666666666,0.11666666666666667
LNGN0232,terminal,total_degree,46.81666666666667,43.0,22.0,116.0,20.393993521412437,0.6623885918003565,0,0,20,60,0.0,0.0,0.3333333333333333
LNGN0232,terminal,total_route_exposure,51.11666666666667,48.0,21.0,116.0,19.80505984540885,0.6528074866310161,0,0,16,60,0.0,0.0,0.26666666666666666
LNGN0232,terminal,total_strength,60.266666666666666,58.5,24.0,116.0,18.380043218136482,0.6584224598930482,0,0,3,60,0.0,0.0,0.05
LNGN0232,terminal,total_voyages,53.333333333333336,51.0,15.0,116.0,18.82719513990754,0.6562388591800357,0,2,9,60,0.0,0.03333333333333333,0.15
LNGN0237,terminal,betweenness,19.6,20.0,17.0,23.0,1.1229501098234695,0.45294117647058824,0,28,60,60,0.0,0.4666666666666667,1.0
LNGN0237,terminal,eigenvector,75.35,84.5,1.0,125.0,32.039607373967094,0.41221033868092694,7,7,7,60,0.11666666666666667,0.11666666666666667,0.11666666666666667
LNGN0237,terminal,node_throughput,84.7,86.5,44.0,125.0,19.685062735872958,0.4084670231729055,0,0,0,60,0.0,0.0,0.0
LNGN0237,terminal,pagerank,76.6,83.0,11.0,125.0,26.808928439379983,0.45298573975044565,0,1,6,60,0.0,0.016666666666666666,0.1
LNGN0237,terminal,share_monthly_network_flow,84.7,86.5,44.0,125.0,19.685062735872958,0.4084670231729055,0,0,0,60,0.0,0.0,0.0
LNGN0237,terminal,total_degree,78.38333333333334,83.0,33.0,125.0,24.140894108578117,0.39875222816399286,0,0,2,60,0.0,0.0,0.03333333333333333
LNGN0237,terminal,total_route_exposure,79.43333333333334,83.0,37.0,125.0,23.49855146395103,0.4016934046345811,0,0,2,60,0.0,0.0,0.03333333333333333
LNGN0237,terminal,total_strength,85.23333333333333,86.5,49.0,125.0,18.95433107937778,0.40574866310160423,0,0,0,60,0.0,0.0,0.0
LNGN0237,terminal,total_voyages,82.68333333333334,85.5,43.0,125.0,20.464513863847735,0.3921568627450981,0,0,0,60,0.0,0.0,0.0
LNGN0238,terminal,betweenness,19.6,20.0,17.0,23.0,1.1229501098234695,0.45294117647058824,0,28,60,60,0.0,0.4666666666666667,1.0
LNGN0238,terminal,eigenvector,61.666666666666664,80.5,1.0,116.0,40.01256864683288,0.4602941176470588,8,17,22,60,0.13333333333333333,0.2833333333333333,0.36666666666666664
LNGN0238,terminal,node_throughput,84.58333333333333,88.0,16.0,116.0,20.64411244231811,0.36693404634581106,0,1,2,60,0.0,0.016666666666666666,0.03333333333333333
LNGN0238,terminal,pagerank,84.06666666666666,87.0,22.0,116.0,19.2123430193661,0.37014260249554365,0,0,2,60,0.0,0.0,0.03333333333333333
LNGN0238,terminal,share_monthly_network_flow,84.58333333333333,88.0,16.0,116.0,20.64411244231811,0.36693404634581106,0,1,2,60,0.0,0.016666666666666666,0.03333333333333333
LNGN0238,terminal,total_degree,83.15,87.0,33.0,116.0,18.742523933286858,0.3424688057040998,0,0,1,60,0.0,0.0,0.016666666666666666
LNGN0238,terminal,total_route_exposure,82.41666666666667,87.0,13.0,116.0,22.653088738150714,0.35713012477718364,0,1,6,60,0.0,0.016666666666666666,0.1
LNGN0238,terminal,total_strength,85.11666666666666,88.0,22.0,116.0,19.585615325631608,0.3640819964349376,0,0,2,60,0.0,0.0,0.03333333333333333
LNGN0238,terminal,total_voyages,84.0,87.0,17.0,116.0,20.394415985505216,0.3553921568627451,0,1,2,60,0.0,0.016666666666666666,0.03333333333333333
LNGN0241,terminal,betweenness,19.6,20.0,17.0,23.0,1.1229501098234695,0.45294117647058824,0,28,60,60,0.0,0.4666666666666667,1.0
LNGN0241,terminal,eigenvector,82.15,90.5,1.0,125.0,33.074556250786515,0.34349376114082,7,7,7,60,0.11666666666666667,0.11666666666666667,0.11666666666666667
LNGN0241,terminal,node_throughput,93.8,93.0,69.0,125.0,14.410212950825375,0.3151515151515152,0,0,0,60,0.0,0.0,0.0
LNGN0241,terminal,pagerank,87.78333333333333,92.0,43.0,125.0,21.792621723462297,0.34741532976827094,0,0,0,60,0.0,0.0,0.0
LNGN0241,terminal,share_monthly_network_flow,93.8,93.0,69.0,125.0,14.410212950825375,0.3151515151515152,0,0,0,60,0.0,0.0,0.0
LNGN0241,terminal,total_degree,86.35,92.0,36.0,125.0,24.13789832593592,0.33101604278074864,0,0,1,60,0.0,0.0,0.016666666666666666
LNGN0241,terminal,total_route_exposure,87.66666666666667,92.0,38.0,125.0,22.238816779482946,0.3274955436720142,0,0,1,60,0.0,0.0,0.016666666666666666
LNGN0241,terminal,total_strength,93.8,93.0,69.0,125.0,14.410212950825375,0.3151515151515152,0,0,0,60,0.0,0.0,0.0
LNGN0241,terminal,total_voyages,89.2,92.0,47.0,125.0,20.025238312977084,0.32339572192513366,0,0,0,60,0.0,0.0,0.0
LNGN0243,terminal,betweenness,19.6,20.0,17.0,23.0,1.1229501098234695,0.45294117647058824,0,28,60,60,0.0,0.4666666666666667,1.0
LNGN0243,terminal,eigenvector,84.0,93.0,1.0,125.0,33.26065523167994,0.28471479500891267,7,7,7,60,0.11666666666666667,0.11666666666666667,0.11666666666666667
LNGN0243,terminal,node_throughput,94.96666666666667,93.0,61.0,125.0,14.186370478196071,0.25646167557932265,0,0,0,60,0.0,0.0,0.0
LNGN0243,terminal,pagerank,94.13333333333334,93.0,11.0,125.0,17.33465879330269,0.26149732620320854,0,1,1,60,0.0,0.016666666666666666,0.016666666666666666
LNGN0243,terminal,share_monthly_network_flow,94.96666666666667,93.0,61.0,125.0,14.186370478196071,0.25646167557932265,0,0,0,60,0.0,0.0,0.0
LNGN0243,terminal,total_degree,94.8,93.0,51.0,125.0,14.643561667336433,0.25583778966131904,0,0,0,60,0.0,0.0,0.0
LNGN0243,terminal,total_route_exposure,94.91666666666667,93.0,58.0,125.0,14.312838454784872,0.2555258467023173,0,0,0,60,0.0,0.0,0.0
LNGN0243,terminal,total_strength,95.01666666666667,93.0,64.0,125.0,14.069430338734309,0.2563279857397504,0,0,0,60,0.0,0.0,0.0
LNGN0243,terminal,total_voyages,94.96666666666667,93.0,61.0,125.0,14.186370478196071,0.25539215686274513,0,0,0,60,0.0,0.0,0.0
LNGN0244,terminal,betweenness,19.6,20.0,17.0,23.0,1.1229501098234695,0.45294117647058824,0,28,60,60,0.0,0.4666666666666667,1.0
LNGN0244,terminal,eigenvector,51.61666666666667,53.5,1.0,94.0,24.141596191359575,0.6671568627450981,7,7,11,60,0.11666666666666667,0.11666666666666667,0.18333333333333332
LNGN0244,terminal,node_throughput,35.15,30.5,14.0,94.0,18.056244518218485,0.8128787878787879,0,7,45,60,0.0,0.11666666666666667,0.75
LNGN0244,terminal,pagerank,39.61666666666667,36.0,17.0,94.0,15.068309619936134,0.789349376114082,0,3,35,60,0.0,0.05,0.5833333333333334
LNGN0244,terminal,share_monthly_network_flow,35.15,30.5,14.0,94.0,18.056244518218485,0.8128787878787879,0,7,45,60,0.0,0.11666666666666667,0.75
LNGN0244,terminal,total_degree,34.78333333333333,30.0,13.0,94.0,15.750266789956362,0.7558823529411764,0,5,41,60,0.0,0.08333333333333333,0.6833333333333333
LNGN0244,terminal,total_route_exposure,41.75,38.0,14.0,94.0,15.620092449649368,0.7283422459893049,0,1,32,60,0.0,0.016666666666666666,0.5333333333333333
LNGN0244,terminal,total_strength,38.0,33.5,15.0,94.0,17.119718039813385,0.7976827094474153,0,2,42,60,0.0,0.03333333333333333,0.7
LNGN0244,terminal,total_voyages,32.233333333333334,28.0,12.0,94.0,16.435149049941266,0.8055258467023172,0,8,46,60,0.0,0.13333333333333333,0.7666666666666667
LNGN0248,terminal,betweenness,19.6,20.0,17.0,23.0,1.1229501098234695,0.45294117647058824,0,28,60,60,0.0,0.4666666666666667,1.0
LNGN0248,terminal,eigenvector,70.01666666666667,77.0,1.0,102.0,27.895988209634915,0.49915329768270944,7,7,7,60,0.11666666666666667,0.11666666666666667,0.11666666666666667
LNGN0248,terminal,node_throughput,73.3,71.5,41.0,99.0,15.674982767000499,0.5357397504456327,0,0,0,60,0.0,0.0,0.0
LNGN0248,terminal,pagerank,75.0,75.0,44.0,99.0,12.66651798901741,0.5276737967914439,0,0,0,60,0.0,0.0,0.0
LNGN0248,terminal,share_monthly_network_flow,73.3,71.5,41.0,99.0,15.674982767000499,0.5357397504456327,0,0,0,60,0.0,0.0,0.0
LNGN0248,terminal,total_degree,59.45,59.0,23.0,99.0,20.821619305627376,0.5425133689839572,0,0,12,60,0.0,0.0,0.2
LNGN0248,terminal,total_route_exposure,65.7,66.0,28.0,99.0,18.037907353540632,0.5213903743315508,0,0,4,60,0.0,0.0,0.06666666666666667
LNGN0248,terminal,total_strength,74.2,73.0,41.0,99.0,15.09944437186293,0.5310160427807487,0,0,0,60,0.0,0.0,0.0
LNGN0248,terminal,total_voyages,68.21666666666667,67.0,39.0,99.0,16.549967142848914,0.5232620320855614,0,0,0,60,0.0,0.0,0.0
LNGN0250,terminal,betweenness,19.6,20.0,17.0,23.0,1.1229501098234695,0.45294117647058824,0,28,60,60,0.0,0.4666666666666667,1.0
LNGN0250,terminal,eigenvector,82.4,93.0,1.0,123.0,32.346744262858664,0.3225935828877005,7,7,7,60,0.11666666666666667,0.11666666666666667,0.11666666666666667
LNGN0250,terminal,node_throughput,92.31666666666666,92.5,55.0,123.0,13.283724802658648,0.2984402852049911,0,0,0,60,0.0,0.0,0.0
LNGN0250,terminal,pagerank,87.38333333333334,90.5,36.0,123.0,19.16307507493731,0.32593582887700534,0,0,2,60,0.0,0.0,0.03333333333333333
LNGN0250,terminal,share_monthly_network_flow,92.31666666666666,92.5,55.0,123.0,13.283724802658648,0.2984402852049911,0,0,0,60,0.0,0.0,0.0
LNGN0250,terminal,total_degree,88.48333333333333,90.5,33.0,123.0,17.219905378454847,0.30142602495543674,0,0,1,60,0.0,0.0,0.016666666666666666
LNGN0250,terminal,total_route_exposure,89.75,90.5,39.0,123.0,15.338690417659963,0.2980392156862745,0,0,0,60,0.0,0.0,0.0
LNGN0250,terminal,total_strength,92.48333333333333,92.5,59.0,123.0,12.954276391839043,0.2976827094474153,0,0,0,60,0.0,0.0,0.0
LNGN0250,terminal,total_voyages,90.98333333333333,90.5,43.0,123.0,14.115133922486093,0.2947415329768271,0,0,0,60,0.0,0.0,0.0
LNGN0251,terminal,betweenness,19.6,20.0,17.0,23.0,1.1229501098234695,0.45294117647058824,0,28,60,60,0.0,0.4666666666666667,1.0
LNGN0251,terminal,eigenvector,60.63333333333333,74.0,1.0,123.0,40.136194691248264,0.4944295900178253,11,17,24,60,0.18333333333333332,0.2833333333333333,0.4
LNGN0251,terminal,node_throughput,86.66666666666667,88.5,35.0,123.0,18.292970463038028,0.4016934046345811,0,0,1,60,0.0,0.0,0.016666666666666666
LNGN0251,terminal,pagerank,80.38333333333334,83.5,20.0,123.0,22.261231533285194,0.43587344028520497,0,0,2,60,0.0,0.0,0.03333333333333333
LNGN0251,terminal,share_monthly_network_flow,86.66666666666667,88.5,35.0,123.0,18.292970463038028,0.4016934046345811,0,0,1,60,0.0,0.0,0.016666666666666666
LNGN0251,terminal,total_degree,76.66666666666667,77.5,29.0,123.0,24.302937443066053,0.4079768270944742,0,0,3,60,0.0,0.0,0.05
LNGN0251,terminal,total_route_exposure,79.45,80.5,24.0,123.0,22.36024392699185,0.40387700534759363,0,0,1,60,0.0,0.0,0.016666666666666666
LNGN0251,terminal,total_strength,86.91666666666667,88.5,35.0,123.0,17.906813083356283,0.40035650623885916,0,0,1,60,0.0,0.0,0.016666666666666666
LNGN0251,terminal,total_voyages,82.63333333333334,85.0,32.0,123.0,19.86988750291584,0.3942959001782531,0,0,1,60,0.0,0.0,0.016666666666666666
LNGN0253,terminal,betweenness,19.6,20.0,17.0,23.0,1.1229501098234695,0.45294117647058824,0,28,60,60,0.0,0.4666666666666667,1.0
LNGN0253,terminal,eigenvector,83.16666666666667,92.0,1.0,125.0,33.290792062643874,0.29340463458110516,7,7,7,60,0.11666666666666667,0.11666666666666667,0.11666666666666667
LNGN0253,terminal,node_throughput,94.28333333333333,93.0,45.0,125.0,15.217175473080767,0.264572192513369,0,0,0,60,0.0,0.0,0.0
LNGN0253,terminal,pagerank,92.91666666666667,93.0,14.0,125.0,19.45816169367433,0.2719696969696969,0,1,2,60,0.0,0.016666666666666666,0.03333333333333333
LNGN0253,terminal,share_monthly_network_flow,94.28333333333333,93.0,45.0,125.0,15.217175473080767,0.264572192513369,0,0,0,60,0.0,0.0,0.0
LNGN0253,terminal,total_degree,94.18333333333334,93.0,51.0,125.0,15.272098927446665,0.26149732620320854,0,0,0,60,0.0,0.0,0.0
LNGN0253,terminal,total_route_exposure,93.9,93.0,31.0,125.0,16.309194661554404,0.2640819964349376,0,0,1,60,0.0,0.0,0.016666666666666666
LNGN0253,terminal,total_strength,94.4,93.0,51.0,125.0,14.880541269543121,0.2640374331550802,0,0,0,60,0.0,0.0,0.0
LNGN0253,terminal,total_voyages,94.13333333333334,93.0,43.0,125.0,15.518678375785528,0.26332442067736184,0,0,0,60,0.0,0.0,0.0
LNGN0258,terminal,betweenness,19.6,20.0,17.0,23.0,1.1229501098234695,0.45294117647058824,0,28,60,60,0.0,0.4666666666666667,1.0
LNGN0258,terminal,eigenvector,81.45,92.0,1.0,125.0,32.110732669037205,0.3273172905525846,7,7,7,60,0.11666666666666667,0.11666666666666667,0.11666666666666667
LNGN0258,terminal,node_throughput,92.08333333333333,92.0,67.0,125.0,13.756097774757947,0.3091800356506239,0,0,0,60,0.0,0.0,0.0
LNGN0258,terminal,pagerank,88.03333333333333,89.0,25.0,125.0,18.45651478077883,0.33137254901960783,0,0,1,60,0.0,0.0,0.016666666666666666
LNGN0258,terminal,share_monthly_network_flow,92.08333333333333,92.0,67.0,125.0,13.756097774757947,0.3091800356506239,0,0,0,60,0.0,0.0,0.0
LNGN0258,terminal,total_degree,87.3,89.0,41.0,125.0,18.768256648584025,0.3158645276292335,0,0,0,60,0.0,0.0,0.0
LNGN0258,terminal,total_route_exposure,88.63333333333334,89.0,40.0,125.0,16.989494926368685,0.3118983957219251,0,0,0,60,0.0,0.0,0.0
LNGN0258,terminal,total_strength,92.2,92.0,68.0,125.0,13.579396157414363,0.3086007130124777,0,0,0,60,0.0,0.0,0.0
LNGN0258,terminal,total_voyages,89.88333333333334,90.0,47.0,125.0,15.470137078996355,0.30819964349376117,0,0,0,60,0.0,0.0,0.0
LNGN0261,terminal,betweenness,19.6,20.0,17.0,23.0,1.1229501098234695,0.45294117647058824,0,28,60,60,0.0,0.4666666666666667,1.0
LNGN0261,terminal,eigenvector,35.333333333333336,37.0,1.0,86.0,16.89515692983098,0.7531194295900179,7,9,33,60,0.11666666666666667,0.15,0.55
LNGN0261,terminal,node_throughput,16.216666666666665,15.0,3.0,71.0,9.595358458900959,0.913458110516934,14,50,59,60,0.23333333333333334,0.8333333333333334,0.9833333333333333
LNGN0261,terminal,pagerank,73.88333333333334,73.0,51.0,97.0,9.765195315405753,0.5496434937611407,0,0,0,60,0.0,0.0,0.0
LNGN0261,terminal,share_monthly_network_flow,16.216666666666665,15.0,3.0,71.0,9.595358458900959,0.913458110516934,14,50,59,60,0.23333333333333334,0.8333333333333334,0.9833333333333333
LNGN0261,terminal,total_degree,13.9,12.0,5.0,71.0,8.641052980405195,0.9107843137254902,17,53,59,60,0.2833333333333333,0.8833333333333333,0.9833333333333333
LNGN0261,terminal,total_route_exposure,13.116666666666667,11.5,4.0,71.0,8.85493574260422,0.9223707664884135,25,53,59,60,0.4166666666666667,0.8833333333333333,0.9833333333333333
LNGN0261,terminal,total_strength,20.566666666666666,20.0,8.0,71.0,8.813254014703288,0.8901960784313726,3,28,59,60,0.05,0.4666666666666667,0.9833333333333333
LNGN0261,terminal,total_voyages,14.183333333333334,12.0,3.0,71.0,9.323728916262784,0.9186720142602495,18,53,59,60,0.3,0.8833333333333333,0.9833333333333333
LNGN0262,terminal,betweenness,19.6,20.0,17.0,23.0,1.1229501098234695,0.45294117647058824,0,28,60,60,0.0,0.4666666666666667,1.0
LNGN0262,terminal,eigenvector,83.68333333333334,93.0,1.0,125.0,33.08565753409288,0.285873440285205,7,7,7,60,0.11666666666666667,0.11666666666666667,0.11666666666666667
LNGN0262,terminal,node_throughput,95.51666666666667,93.0,71.0,125.0,13.386676486142221,0.2535204991087344,0,0,0,60,0.0,0.0,0.0
LNGN0262,terminal,pagerank,94.78333333333333,93.0,63.0,125.0,13.940663197835336,0.2574420677361854,0,0,0,60,0.0,0.0,0.0
LNGN0262,terminal,share_monthly_network_flow,95.51666666666667,93.0,71.0,125.0,13.386676486142221,0.2535204991087344,0,0,0,60,0.0,0.0,0.0
LNGN0262,terminal,total_degree,94.76666666666667,93.0,62.0,125.0,13.979848289308817,0.25534759358288767,0,0,0,60,0.0,0.0,0.0
LNGN0262,terminal,total_route_exposure,94.95,93.0,71.0,125.0,13.610097198870852,0.2548573975044563,0,0,0,60,0.0,0.0,0.0
LNGN0262,terminal,total_strength,95.51666666666667,93.0,71.0,125.0,13.386676486142221,0.2535204991087344,0,0,0,60,0.0,0.0,0.0
LNGN0262,terminal,total_voyages,95.15,93.0,71.0,125.0,13.368093813382298,0.25432263814616757,0,0,0,60,0.0,0.0,0.0
LNGN0268,terminal,betweenness,19.6,20.0,17.0,23.0,1.1229501098234695,0.45294117647058824,0,28,60,60,0.0,0.4666666666666667,1.0
LNGN0268,terminal,eigenvector,77.8,85.5,1.0,118.0,31.828885718819862,0.3504010695187166,7,7,7,60,0.11666666666666667,0.11666666666666667,0.11666666666666667
LNGN0268,terminal,node_throughput,92.41666666666667,92.0,49.0,120.0,14.290321089330302,0.30222816399286984,0,0,0,60,0.0,0.0,0.0
LNGN0268,terminal,pagerank,86.01666666666667,89.0,32.0,120.0,20.870457318912894,0.33703208556149733,0,0,4,60,0.0,0.0,0.06666666666666667
LNGN0268,terminal,share_monthly_network_flow,92.41666666666667,92.0,49.0,120.0,14.290321089330302,0.30222816399286984,0,0,0,60,0.0,0.0,0.0
LNGN0268,terminal,total_degree,87.51666666666667,89.0,32.0,120.0,18.225974821448933,0.309982174688057,0,0,1,60,0.0,0.0,0.016666666666666666
LNGN0268,terminal,total_route_exposure,88.6,89.0,31.0,120.0,17.042519110363905,0.3067736185383244,0,0,1,60,0.0,0.0,0.016666666666666666
LNGN0268,terminal,total_strength,92.55,92.0,52.0,120.0,14.000514518390432,0.3015151515151515,0,0,0,60,0.0,0.0,0.0
LNGN0268,terminal,total_voyages,89.53333333333333,90.0,41.0,120.0,16.21933003137512,0.3049910873440285,0,0,0,60,0.0,0.0,0.0
LNGN0270,terminal,betweenness,19.6,20.0,17.0,23.0,1.1229501098234695,0.45294117647058824,0,28,60,60,0.0,0.4666666666666667,1.0
LNGN0270,terminal,eigenvector,54.35,57.0,1.0,110.0,26.373988855226152,0.6279857397504457,7,8,12,60,0.11666666666666667,0.13333333333333333,0.2
LNGN0270,terminal,node_throughput,53.28333333333333,52.5,15.0,110.0,20.559208969372524,0.6913101604278075,0,1,15,60,0.0,0.016666666666666666,0.25
LNGN0270,terminal,pagerank,33.03333333333333,27.5,2.0,110.0,21.435727080745963,0.8008021390374331,5,14,44,60,0.08333333333333333,0.23333333333333334,0.7333333333333333
LNGN0270,terminal,share_monthly_network_flow,53.28333333333333,52.5,15.0,110.0,20.559208969372524,0.6913101604278075,0,1,15,60,0.0,0.016666666666666666,0.25
LNGN0270,terminal,total_degree,40.9,34.5,15.0,110.0,19.5497626670756,0.7000445632798573,0,3,35,60,0.0,0.05,0.5833333333333334
LNGN0270,terminal,total_route_exposure,42.65,37.5,14.0,110.0,19.695844007973882,0.7090017825311943,0,4,31,60,0.0,0.06666666666666667,0.5166666666666667
LNGN0270,terminal,total_strength,55.233333333333334,54.5,19.0,110.0,19.384046093059446,0.6810160427807487,0,1,12,60,0.0,0.016666666666666666,0.2
LNGN0270,terminal,total_voyages,46.63333333333333,44.5,16.0,110.0,19.470069743563045,0.6948752228163994,0,2,22,60,0.0,0.03333333333333333,0.36666666666666664
LNGN0272,terminal,betweenness,19.6,20.0,17.0,23.0,1.1229501098234695,0.45294117647058824,0,28,60,60,0.0,0.4666666666666667,1.0
LNGN0272,terminal,eigenvector,80.8,87.0,1.0,125.0,32.14153023895556,0.3396167557932264,7,7,7,60,0.11666666666666667,0.11666666666666667,0.11666666666666667
LNGN0272,terminal,node_throughput,89.88333333333334,87.5,63.0,125.0,13.977089809685792,0.32397504456327986,0,0,0,60,0.0,0.0,0.0
LNGN0272,terminal,pagerank,85.55,87.0,23.0,125.0,21.402063103466123,0.3480837789661319,0,0,3,60,0.0,0.0,0.05
LNGN0272,terminal,share_monthly_network_flow,89.88333333333334,87.5,63.0,125.0,13.977089809685792,0.32397504456327986,0,0,0,60,0.0,0.0,0.0
LNGN0272,terminal,total_degree,85.88333333333334,87.0,36.0,125.0,19.984817683759523,0.32767379679144387,0,0,2,60,0.0,0.0,0.03333333333333333
LNGN0272,terminal,total_route_exposure,87.55,87.0,44.0,125.0,17.39415935482417,0.3216577540106952,0,0,0,60,0.0,0.0,0.0
LNGN0272,terminal,total_strength,90.08333333333333,87.5,63.0,125.0,13.824924270079974,0.3229946524064171,0,0,0,60,0.0,0.0,0.0
LNGN0272,terminal,total_voyages,88.8,87.5,50.0,125.0,15.589870679277949,0.3185828877005347,0,0,0,60,0.0,0.0,0.0
LNGN0274,terminal,betweenness,19.6,20.0,17.0,23.0,1.1229501098234695,0.45294117647058824,0,28,60,60,0.0,0.4666666666666667,1.0
LNGN0274,terminal,eigenvector,49.78333333333333,40.0,1.0,111.0,34.50624687569379,0.5627450980392157,8,14,30,60,0.13333333333333333,0.23333333333333334,0.5
LNGN0274,terminal,node_throughput,77.96666666666667,81.5,31.0,113.0,17.108791145585847,0.4570855614973262,0,0,1,60,0.0,0.0,0.016666666666666666
LNGN0274,terminal,pagerank,82.76666666666667,84.0,60.0,113.0,9.709975067898426,0.4003565062388592,0,0,0,60,0.0,0.0,0.0
LNGN0274,terminal,share_monthly_network_flow,77.96666666666667,81.5,31.0,113.0,17.108791145585847,0.4570855614973262,0,0,1,60,0.0,0.0,0.016666666666666666
LNGN0274,terminal,total_degree,67.71666666666667,69.0,19.0,113.0,21.965374652298085,0.4656417112299465,0,1,5,60,0.0,0.016666666666666666,0.08333333333333333
LNGN0274,terminal,total_route_exposure,70.41666666666667,74.5,20.0,113.0,20.662166905795186,0.4605614973262032,0,0,5,60,0.0,0.0,0.08333333333333333
LNGN0274,terminal,total_strength,78.66666666666667,81.5,37.0,113.0,16.176637964027293,0.45347593582887696,0,0,1,60,0.0,0.0,0.016666666666666666
LNGN0274,terminal,total_voyages,74.83333333333333,78.5,26.0,113.0,17.496892379444215,0.44474153297682706,0,0,5,60,0.0,0.0,0.08333333333333333
LNGN0278,terminal,betweenness,19.6,20.0,17.0,23.0,1.1229501098234695,0.45294117647058824,0,28,60,60,0.0,0.4666666666666667,1.0
LNGN0278,terminal,eigenvector,80.51666666666667,89.5,1.0,125.0,32.220370263034,0.4046345811051693,7,7,7,60,0.11666666666666667,0.11666666666666667,0.11666666666666667
LNGN0278,terminal,node_throughput,87.81666666666666,87.0,41.0,125.0,15.78509452108374,0.4120766488413547,0,0,0,60,0.0,0.0,0.0
LNGN0278,terminal,pagerank,70.4,71.5,12.0,125.0,24.572411152154128,0.5050356506238859,0,2,6,60,0.0,0.03333333333333333,0.1
LNGN0278,terminal,share_monthly_network_flow,87.81666666666666,87.0,41.0,125.0,15.78509452108374,0.4120766488413547,0,0,0,60,0.0,0.0,0.0
LNGN0278,terminal,total_degree,71.4,71.5,21.0,125.0,23.11225370201791,0.4444741532976827,0,0,5,60,0.0,0.0,0.08333333333333333
LNGN0278,terminal,total_route_exposure,75.4,79.0,23.0,125.0,20.655528254141245,0.4324420677361854,0,0,3,60,0.0,0.0,0.05
LNGN0278,terminal,total_strength,88.03333333333333,87.5,42.0,125.0,15.55304391883604,0.4109180035650624,0,0,0,60,0.0,0.0,0.0
LNGN0278,terminal,total_voyages,72.9,76.0,15.0,125.0,23.803361107205006,0.4664884135472371,0,2,6,60,0.0,0.03333333333333333,0.1
LNGN0285,terminal,betweenness,19.6,20.0,17.0,23.0,1.1229501098234695,0.45294117647058824,0,28,60,60,0.0,0.4666666666666667,1.0
LNGN0285,terminal,eigenvector,68.86666666666666,85.0,1.0,118.0,36.64186115224722,0.4339572192513369,7,11,16,60,0.11666666666666667,0.18333333333333332,0.26666666666666666
LNGN0285,terminal,node_throughput,86.75,88.0,19.0,120.0,20.188623243663155,0.3669786096256685,0,1,3,60,0.0,0.016666666666666666,0.05
LNGN0285,terminal,pagerank,80.35,86.0,17.0,120.0,22.637770298061515,0.4022727272727273,0,2,3,60,0.0,0.03333333333333333,0.05
LNGN0285,terminal,share_monthly_network_flow,86.75,88.0,19.0,120.0,20.188623243663155,0.3669786096256685,0,1,3,60,0.0,0.016666666666666666,0.05
LNGN0285,terminal,total_degree,77.4,85.5,13.0,120.0,25.229253937389576,0.3884581105169341,0,2,5,60,0.0,0.03333333333333333,0.08333333333333333
LNGN0285,terminal,total_route_exposure,79.8,85.5,17.0,120.0,23.23483649864237,0.3815953654188948,0,2,5,60,0.0,0.03333333333333333,0.08333333333333333
LNGN0285,terminal,total_strength,87.16666666666667,88.0,22.0,120.0,19.46327847613418,0.364795008912656,0,0,2,60,0.0,0.0,0.03333333333333333
LNGN0285,terminal,total_voyages,81.41666666666667,86.0,13.0,120.0,22.013317746130188,0.3783868092691622,0,1,5,60,0.0,0.016666666666666666,0.08333333333333333
LNGN0287,terminal,betweenness,19.6,20.0,17.0,23.0,1.1229501098234695,0.45294117647058824,0,28,60,60,0.0,0.4666666666666667,1.0
LNGN0287,terminal,eigenvector,81.45,91.0,1.0,123.0,32.26921973604074,0.3395276292335116,7,7,7,60,0.11666666666666667,0.11666666666666667,0.11666666666666667
LNGN0287,terminal,node_throughput,92.56666666666666,93.0,61.0,123.0,14.04395842921724,0.3377450980392157,0,0,0,60,0.0,0.0,0.0
LNGN0287,terminal,pagerank,82.18333333333334,87.5,24.0,123.0,24.696456663890313,0.39331550802139037,0,0,6,60,0.0,0.0,0.1
LNGN0287,terminal,share_monthly_network_flow,92.56666666666666,93.0,61.0,123.0,14.04395842921724,0.3377450980392157,0,0,0,60,0.0,0.0,0.0
LNGN0287,terminal,total_degree,82.36666666666666,87.5,36.0,123.0,22.653593770844907,0.35975935828877004,0,0,1,60,0.0,0.0,0.016666666666666666
LNGN0287,terminal,total_route_exposure,84.73333333333333,87.5,38.0,123.0,19.89367216203171,0.35311942959001785,0,0,1,60,0.0,0.0,0.016666666666666666
LNGN0287,terminal,total_strength,92.65,93.0,63.0,123.0,13.907472689535277,0.3372994652406417,0,0,0,60,0.0,0.0,0.0
LNGN0287,terminal,total_voyages,86.66666666666667,88.0,47.0,123.0,17.85123711866118,0.3483957219251337,0,0,0,60,0.0,0.0,0.0
LNGN0288,terminal,betweenness,19.6,20.0,17.0,23.0,1.1229501098234695,0.45294117647058824,0,28,60,60,0.0,0.4666666666666667,1.0
LNGN0288,terminal,eigenvector,79.51666666666667,87.0,1.0,125.0,32.16561574349529,0.3390819964349376,7,7,8,60,0.11666666666666667,0.11666666666666667,0.13333333333333333
LNGN0288,terminal,node_throughput,90.86666666666666,91.0,64.0,125.0,12.587950475559607,0.31283422459893045,0,0,0,60,0.0,0.0,0.0
LNGN0288,terminal,pagerank,90.68333333333334,89.0,60.0,125.0,12.29922371350332,0.3016934046345811,0,0,0,60,0.0,0.0,0.0
LNGN0288,terminal,share_monthly_network_flow,90.86666666666666,91.0,64.0,125.0,12.587950475559607,0.31283422459893045,0,0,0,60,0.0,0.0,0.0
LNGN0288,terminal,total_degree,87.25,87.5,50.0,125.0,16.12201884149202,0.31087344028520497,0,0,0,60,0.0,0.0,0.0
LNGN0288,terminal,total_route_exposure,88.46666666666667,87.5,54.0,125.0,14.559598926617273,0.3093582887700535,0,0,0,60,0.0,0.0,0.0
LNGN0288,terminal,total_strength,91.08333333333333,91.0,66.0,125.0,12.381357865713687,0.3118092691622103,0,0,0,60,0.0,0.0,0.0
LNGN0288,terminal,total_voyages,89.43333333333334,88.0,56.0,125.0,13.516301102011083,0.30775401069518715,0,0,0,60,0.0,0.0,0.0
LNGN0290,terminal,betweenness,19.6,20.0,17.0,23.0,1.1229501098234695,0.45294117647058824,0,28,60,60,0.0,0.4666666666666667,1.0
LNGN0290,terminal,eigenvector,83.16666666666667,92.0,1.0,125.0,32.8438352529709,0.29193404634581105,7,7,7,60,0.11666666666666667,0.11666666666666667,0.11666666666666667
LNGN0290,terminal,node_throughput,94.86666666666666,93.0,71.0,125.0,12.875501196980514,0.2596256684491979,0,0,0,60,0.0,0.0,0.0
LNGN0290,terminal,pagerank,94.05,93.0,69.0,125.0,13.633738062590256,0.2643048128342246,0,0,0,60,0.0,0.0,0.0
LNGN0290,terminal,share_monthly_network_flow,94.86666666666666,93.0,71.0,125.0,12.875501196980514,0.2596256684491979,0,0,0,60,0.0,0.0,0.0
LNGN0290,terminal,total_degree,93.96666666666667,93.0,65.0,125.0,13.796298529219527,0.26047237076648844,0,0,0,60,0.0,0.0,0.0
LNGN0290,terminal,total_route_exposure,94.33333333333333,93.0,71.0,125.0,13.204604572682376,0.2594919786096257,0,0,0,60,0.0,0.0,0.0
LNGN0290,terminal,total_strength,94.9,93.0,71.0,125.0,12.87054184786435,0.2594919786096257,0,0,0,60,0.0,0.0,0.0
LNGN0290,terminal,total_voyages,94.66666666666667,93.0,71.0,125.0,12.921754966428889,0.2586007130124777,0,0,0,60,0.0,0.0,0.0
LNGN0291,terminal,betweenness,19.6,20.0,17.0,23.0,1.1229501098234695,0.45294117647058824,0,28,60,60,0.0,0.4666666666666667,1.0
LNGN0291,terminal,eigenvector,79.03333333333333,90.5,1.0,118.0,33.785949675571146,0.3540106951871658,7,7,9,60,0.11666666666666667,0.11666666666666667,0.15
LNGN0291,terminal,node_throughput,90.35,93.0,46.0,121.0,17.48687158888352,0.33052584670231727,0,0,0,60,0.0,0.0,0.0
LNGN0291,terminal,pagerank,85.96666666666667,92.0,13.0,121.0,24.24099809621223,0.3553475935828877,0,1,4,60,0.0,0.016666666666666666,0.06666666666666667
LNGN0291,terminal,share_monthly_network_flow,90.35,93.0,46.0,121.0,17.48687158888352,0.33052584670231727,0,0,0,60,0.0,0.0,0.0
LNGN0291,terminal,total_degree,86.2,92.0,36.0,121.0,22.7765862533421,0.32981283422459895,0,0,1,60,0.0,0.0,0.016666666666666666
LNGN0291,terminal,total_route_exposure,87.46666666666667,92.0,38.0,121.0,21.134329584958444,0.3264260249554367,0,0,2,60,0.0,0.0,0.03333333333333333
LNGN0291,terminal,total_strength,90.65,93.0,52.0,121.0,16.909354546712915,0.329144385026738,0,0,0,60,0.0,0.0,0.0
LNGN0291,terminal,total_voyages,88.91666666666667,92.0,41.0,121.0,19.2875578289645,0.3225490196078431,0,0,0,60,0.0,0.0,0.0
LNGN0293,terminal,betweenness,19.6,20.0,17.0,23.0,1.1229501098234695,0.45294117647058824,0,28,60,60,0.0,0.4666666666666667,1.0
LNGN0293,terminal,eigenvector,76.96666666666667,85.5,1.0,125.0,33.09460843316676,0.35124777183600714,7,7,7,60,0.11666666666666667,0.11666666666666667,0.11666666666666667
LNGN0293,terminal,node_throughput,95.03333333333333,93.0,71.0,125.0,13.08118932376923,0.2851604278074866,0,0,0,60,0.0,0.0,0.0
LNGN0293,terminal,pagerank,91.2,88.0,66.0,125.0,13.941524367690764,0.30574866310160426,0,0,0,60,0.0,0.0,0.0
LNGN0293,terminal,share_monthly_network_flow,95.03333333333333,93.0,71.0,125.0,13.08118932376923,0.2851604278074866,0,0,0,60,0.0,0.0,0.0
LNGN0293,terminal,total_degree,88.85,88.0,50.0,125.0,17.171937098906852,0.30066844919786095,0,0,0,60,0.0,0.0,0.0
LNGN0293,terminal,total_route_exposure,90.06666666666666,88.0,53.0,125.0,15.486316175920123,0.29741532976827095,0,0,0,60,0.0,0.0,0.0
LNGN0293,terminal,total_strength,95.03333333333333,93.0,71.0,125.0,13.08118932376923,0.2851604278074866,0,0,0,60,0.0,0.0,0.0
LNGN0293,terminal,total_voyages,89.83333333333333,88.0,58.0,125.0,15.758954050582217,0.3033868092691622,0,0,0,60,0.0,0.0,0.0
LNGN0294,terminal,betweenness,19.6,20.0,17.0,23.0,1.1229501098234695,0.45294117647058824,0,28,60,60,0.0,0.4666666666666667,1.0
LNGN0294,terminal,eigenvector,75.1,85.0,1.0,116.0,31.032896706013464,0.36546345811051695,7,7,7,60,0.11666666666666667,0.11666666666666667,0.11666666666666667
LNGN0294,terminal,node_throughput,89.38333333333334,90.5,59.0,116.0,12.66664064820403,0.3191622103386809,0,0,0,60,0.0,0.0,0.0
LNGN0294,terminal,pagerank,86.38333333333334,87.5,38.0,116.0,15.637950000751017,0.3352495543672014,0,0,1,60,0.0,0.0,0.016666666666666666
LNGN0294,terminal,share_monthly_network_flow,89.38333333333334,90.5,59.0,116.0,12.66664064820403,0.3191622103386809,0,0,0,60,0.0,0.0,0.0
LNGN0294,terminal,total_degree,84.56666666666666,87.5,36.0,116.0,18.48441090020679,0.3271390374331551,0,0,1,60,0.0,0.0,0.016666666666666666
LNGN0294,terminal,total_route_exposure,85.81666666666666,87.5,39.0,116.0,16.65857713282847,0.32410873440285204,0,0,0,60,0.0,0.0,0.0
LNGN0294,terminal,total_strength,89.53333333333333,90.5,60.0,116.0,12.445769367188317,0.31836007130124777,0,0,0,60,0.0,0.0,0.0
LNGN0294,terminal,total_voyages,87.68333333333334,88.0,50.0,116.0,13.817811726317403,0.31662210338680924,0,0,0,60,0.0,0.0,0.0
LNGN0297,terminal,betweenness,19.6,20.0,17.0,23.0,1.1229501098234695,0.45294117647058824,0,28,60,60,0.0,0.4666666666666667,1.0
LNGN0297,terminal,eigenvector,52.13333333333333,59.5,1.0,97.0,25.267025920556154,0.6685383244206773,7,7,15,60,0.11666666666666667,0.11666666666666667,0.25
LNGN0297,terminal,node_throughput,22.566666666666666,22.5,10.0,43.0,8.013477348132929,0.8846702317290552,3,23,57,60,0.05,0.38333333333333336,0.95
LNGN0297,terminal,pagerank,73.63333333333334,73.0,51.0,97.0,10.02871583219596,0.5555258467023172,0,0,0,60,0.0,0.0,0.0
LNGN0297,terminal,share_monthly_network_flow,22.566666666666666,22.5,10.0,43.0,8.013477348132929,0.8846702317290552,3,23,57,60,0.05,0.38333333333333336,0.95
LNGN0297,terminal,total_degree,31.983333333333334,31.0,13.0,57.0,9.108557471358436,0.7803475935828877,0,6,46,60,0.0,0.1,0.7666666666666667
LNGN0297,terminal,total_route_exposure,16.733333333333334,17.0,5.0,30.0,5.739741524525436,0.9058823529411765,10,40,60,60,0.16666666666666666,0.6666666666666666,1.0
LNGN0297,terminal,total_strength,26.133333333333333,26.5,11.0,44.0,7.536277610729895,0.8655971479500891,0,12,55,60,0.0,0.2,0.9166666666666666
LNGN0297,terminal,total_voyages,18.016666666666666,18.0,7.0,34.0,6.060406840588042,0.8995543672014261,8,34,60,60,0.13333333333333333,0.5666666666666667,1.0
LNGN0299,terminal,betweenness,19.6,20.0,17.0,23.0,1.1229501098234695,0.45294117647058824,0,28,60,60,0.0,0.4666666666666667,1.0
LNGN0299,terminal,eigenvector,83.75,93.0,1.0,125.0,33.20436207815095,0.3035650623885918,7,7,7,60,0.11666666666666667,0.11666666666666667,0.11666666666666667
LNGN0299,terminal,node_throughput,95.46666666666667,93.0,71.0,125.0,13.469949815147743,0.27535650623885916,0,0,0,60,0.0,0.0,0.0
LNGN0299,terminal,pagerank,92.05,92.0,42.0,125.0,17.69843907701218,0.29362745098039217,0,0,0,60,0.0,0.0,0.0
LNGN0299,terminal,share_monthly_network_flow,95.46666666666667,93.0,71.0,125.0,13.469949815147743,0.27535650623885916,0,0,0,60,0.0,0.0,0.0
LNGN0299,terminal,total_degree,91.08333333333333,92.0,33.0,125.0,19.41805176796264,0.28703208556149734,0,0,1,60,0.0,0.0,0.016666666666666666
LNGN0299,terminal,total_route_exposure,91.7,92.0,39.0,125.0,18.18203620824593,0.28538324420677363,0,0,0,60,0.0,0.0,0.0
LNGN0299,terminal,total_strength,95.46666666666667,93.0,71.0,125.0,13.469949815147743,0.27535650623885916,0,0,0,60,0.0,0.0,0.0
LNGN0299,terminal,total_voyages,91.35,92.0,29.0,125.0,19.670010727854173,0.29135472370766485,0,0,2,60,0.0,0.0,0.03333333333333333
LNGN0307,terminal,betweenness,19.6,20.0,17.0,23.0,1.1229501098234695,0.45294117647058824,0,28,60,60,0.0,0.4666666666666667,1.0
LNGN0307,terminal,eigenvector,82.9,93.0,1.0,123.0,33.30531590897481,0.30254010695187167,7,7,7,60,0.11666666666666667,0.11666666666666667,0.11666666666666667
LNGN0307,terminal,node_throughput,93.81666666666666,93.0,66.0,123.0,14.494290713133779,0.278698752228164,0,0,0,60,0.0,0.0,0.0
LNGN0307,terminal,pagerank,92.9,93.0,60.0,123.0,15.539670393293527,0.28431372549019607,0,0,0,60,0.0,0.0,0.0
LNGN0307,terminal,share_monthly_network_flow,93.81666666666666,93.0,66.0,123.0,14.494290713133779,0.278698752228164,0,0,0,60,0.0,0.0,0.0
LNGN0307,terminal,total_degree,92.31666666666666,93.0,52.0,123.0,16.731672661646744,0.27887700534759363,0,0,0,60,0.0,0.0,0.0
LNGN0307,terminal,total_route_exposure,92.88333333333334,93.0,59.0,123.0,15.607572767205536,0.27736185383244205,0,0,0,60,0.0,0.0,0.0
LNGN0307,terminal,total_strength,93.86666666666666,93.0,67.0,123.0,14.40393856997744,0.2784313725490196,0,0,0,60,0.0,0.0,0.0
LNGN0307,terminal,total_voyages,93.43333333333334,93.0,63.0,123.0,14.743417567915557,0.275891265597148,0,0,0,60,0.0,0.0,0.0
LNGN0308,terminal,betweenness,19.6,20.0,17.0,23.0,1.1229501098234695,0.45294117647058824,0,28,60,60,0.0,0.4666666666666667,1.0
LNGN0308,terminal,eigenvector,81.2,92.0,1.0,117.0,32.38528646871936,0.349777183600713,7,7,7,60,0.11666666666666667,0.11666666666666667,0.11666666666666667
LNGN0308,terminal,node_throughput,88.15,91.5,26.0,113.0,16.147440370178632,0.3555258467023173,0,0,2,60,0.0,0.0,0.03333333333333333
LNGN0308,terminal,pagerank,87.73333333333333,88.5,51.0,113.0,12.628816478582523,0.3378787878787879,0,0,0,60,0.0,0.0,0.0
LNGN0308,terminal,share_monthly_network_flow,88.15,91.5,26.0,113.0,16.147440370178632,0.3555258467023173,0,0,2,60,0.0,0.0,0.03333333333333333
LNGN0308,terminal,total_degree,81.6,86.5,29.0,113.0,19.046953579981395,0.35623885918003567,0,0,2,60,0.0,0.0,0.03333333333333333
LNGN0308,terminal,total_route_exposure,82.4,86.5,13.0,113.0,20.45018751727048,0.3609625668449198,0,2,4,60,0.0,0.03333333333333333,0.06666666666666667
LNGN0308,terminal,total_strength,88.46666666666667,91.5,27.0,113.0,15.504473566199264,0.3538324420677362,0,0,1,60,0.0,0.0,0.016666666666666666
LNGN0308,terminal,total_voyages,84.88333333333334,87.5,20.0,113.0,17.825987187503515,0.3533868092691622,0,0,2,60,0.0,0.0,0.03333333333333333
LNGN0309,terminal,betweenness,19.6,20.0,17.0,23.0,1.1229501098234695,0.45294117647058824,0,28,60,60,0.0,0.4666666666666667,1.0
LNGN0309,terminal,eigenvector,69.73333333333333,83.0,1.0,112.0,33.79191893501661,0.4725490196078431,7,9,13,60,0.11666666666666667,0.15,0.21666666666666667
LNGN0309,terminal,node_throughput,76.1,81.0,21.0,112.0,20.214695107893295,0.47005347593582886,0,0,4,60,0.0,0.0,0.06666666666666667
LNGN0309,terminal,pagerank,83.01666666666667,84.5,51.0,112.0,11.797000001676185,0.4026737967914438,0,0,0,60,0.0,0.0,0.0
LNGN0309,terminal,share_monthly_network_flow,76.1,81.0,21.0,112.0,20.214695107893295,0.47005347593582886,0,0,4,60,0.0,0.0,0.06666666666666667
LNGN0309,terminal,total_degree,69.13333333333334,70.0,13.0,112.0,23.610157729727245,0.45623885918003565,0,2,6,60,0.0,0.03333333333333333,0.1
LNGN0309,terminal,total_route_exposure,69.0,71.5,14.0,112.0,23.917230155373016,0.47384135472370764,0,2,7,60,0.0,0.03333333333333333,0.11666666666666667
LNGN0309,terminal,total_strength,76.95,81.0,24.0,112.0,19.015983464408144,0.46550802139037434,0,0,4,60,0.0,0.0,0.06666666666666667
LNGN0309,terminal,total_voyages,73.23333333333333,78.5,19.0,112.0,21.014415283740686,0.45748663101604276,0,1,4,60,0.0,0.016666666666666666,0.06666666666666667
LNGN0312,terminal,betweenness,19.6,20.0,17.0,23.0,1.1229501098234695,0.45294117647058824,0,28,60,60,0.0,0.4666666666666667,1.0
LNGN0312,terminal,eigenvector,67.9,76.0,1.0,116.0,30.65593646715048,0.48903743315508025,7,7,9,60,0.11666666666666667,0.11666666666666667,0.15
LNGN0312,terminal,node_throughput,77.51666666666667,78.5,35.0,116.0,17.83777335297459,0.4910427807486631,0,0,2,60,0.0,0.0,0.03333333333333333
LNGN0312,terminal,pagerank,81.35,82.0,56.0,116.0,13.062853271518449,0.43520499108734406,0,0,0,60,0.0,0.0,0.0
LNGN0312,terminal,share_monthly_network_flow,77.51666666666667,78.5,35.0,116.0,17.83777335297459,0.4910427807486631,0,0,2,60,0.0,0.0,0.03333333333333333
LNGN0312,terminal,total_degree,64.98333333333333,60.0,18.0,116.0,23.845186890714597,0.5008021390374331,0,1,8,60,0.0,0.016666666666666666,0.13333333333333333
LNGN0312,terminal,total_route_exposure,67.66666666666667,65.5,20.0,116.0,22.599435021186615,0.5005347593582887,0,0,7,60,0.0,0.0,0.11666666666666667
LNGN0312,terminal,total_strength,78.25,79.0,37.0,116.0,17.141114217289655,0.48734402852049913,0,0,1,60,0.0,0.0,0.016666666666666666
LNGN0312,terminal,total_voyages,72.65,70.5,32.0,116.0,19.010099902554032,0.4822638146167558,0,0,2,60,0.0,0.0,0.03333333333333333
LNGN0314,terminal,betweenness,19.6,20.0,17.0,23.0,1.1229501098234695,0.45294117647058824,0,28,60,60,0.0,0.4666666666666667,1.0
LNGN0314,terminal,eigenvector,34.8,29.0,1.0,110.0,27.195338583624334,0.7259358288770054,7,20,42,60,0.11666666666666667,0.3333333333333333,0.7
LNGN0314,terminal,node_throughput,48.56666666666667,44.0,17.0,110.0,22.565435295081222,0.7101604278074867,0,2,24,60,0.0,0.03333333333333333,0.4
LNGN0314,terminal,pagerank,34.56666666666667,26.5,4.0,110.0,25.485367464532665,0.7855614973262032,5,18,43,60,0.08333333333333333,0.3,0.7166666666666667
LNGN0314,terminal,share_monthly_network_flow,48.56666666666667,44.0,17.0,110.0,22.565435295081222,0.7101604278074867,0,2,24,60,0.0,0.03333333333333333,0.4
LNGN0314,terminal,total_degree,45.68333333333333,42.0,20.0,110.0,21.220785833998452,0.6642156862745098,0,0,26,60,0.0,0.0,0.43333333333333335
LNGN0314,terminal,total_route_exposure,44.13333333333333,38.0,16.0,110.0,21.46693686884725,0.6984402852049911,0,2,31,60,0.0,0.03333333333333333,0.5166666666666667
LNGN0314,terminal,total_strength,50.666666666666664,45.0,22.0,110.0,21.333245056314535,0.6989750445632799,0,0,19,60,0.0,0.0,0.31666666666666665
LNGN0314,terminal,total_voyages,47.583333333333336,41.0,18.0,110.0,21.28840829380195,0.6879679144385027,0,1,20,60,0.0,0.016666666666666666,0.3333333333333333
LNGN0319,terminal,betweenness,19.6,20.0,17.0,23.0,1.1229501098234695,0.45294117647058824,0,28,60,60,0.0,0.4666666666666667,1.0
LNGN0319,terminal,eigenvector,35.0,26.5,1.0,125.0,29.94288348149591,0.7180926916221034,8,18,42,60,0.13333333333333333,0.3,0.7
LNGN0319,terminal,node_throughput,58.53333333333333,51.5,15.0,125.0,28.31389828614548,0.6327094474153298,0,4,18,60,0.0,0.06666666666666667,0.3
LNGN0319,terminal,pagerank,48.53333333333333,39.0,12.0,125.0,29.579806824105738,0.6866755793226382,0,9,29,60,0.0,0.15,0.48333333333333334
LNGN0319,terminal,share_monthly_network_flow,58.53333333333333,51.5,15.0,125.0,28.31389828614548,0.6327094474153298,0,4,18,60,0.0,0.06666666666666667,0.3
LNGN0319,terminal,total_degree,59.8,56.0,27.0,125.0,22.32411480204569,0.5475935828877005,0,0,10,60,0.0,0.0,0.16666666666666666
LNGN0319,terminal,total_route_exposure,59.583333333333336,53.5,18.0,125.0,25.32185474414574,0.5789661319073083,0,1,14,60,0.0,0.016666666666666666,0.23333333333333334
LNGN0319,terminal,total_strength,60.1,52.0,18.0,125.0,27.117884523261562,0.6243761140819964,0,2,17,60,0.0,0.03333333333333333,0.2833333333333333
LNGN0319,terminal,total_voyages,59.516666666666666,51.0,16.0,125.0,26.831862962837622,0.5930481283422461,0,2,15,60,0.0,0.03333333333333333,0.25
LNGN0322,terminal,betweenness,19.6,20.0,17.0,23.0,1.1229501098234695,0.45294117647058824,0,28,60,60,0.0,0.4666666666666667,1.0
LNGN0322,terminal,eigenvector,71.05,75.5,1.0,116.0,30.25284690343559,0.527361853832442,7,7,7,60,0.11666666666666667,0.11666666666666667,0.11666666666666667
LNGN0322,terminal,node_throughput,62.916666666666664,63.5,27.0,116.0,21.2373924048644,0.6377896613190731,0,0,9,60,0.0,0.0,0.15
LNGN0322,terminal,pagerank,76.05,73.5,59.0,116.0,11.586703367017483,0.5184491978609626,0,0,0,60,0.0,0.0,0.0
LNGN0322,terminal,share_monthly_network_flow,62.916666666666664,63.5,27.0,116.0,21.2373924048644,0.6377896613190731,0,0,9,60,0.0,0.0,0.15
LNGN0322,terminal,total_degree,43.38333333333333,40.0,9.0,116.0,22.90443792884161,0.681283422459893,2,6,28,60,0.03333333333333333,0.1,0.4666666666666667
LNGN0322,terminal,total_route_exposure,50.86666666666667,48.0,15.0,116.0,21.348176333550406,0.6512477718360071,0,2,18,60,0.0,0.03333333333333333,0.3
LNGN0322,terminal,total_strength,64.41666666666667,64.0,31.0,116.0,20.40213653373692,0.6299465240641712,0,0,5,60,0.0,0.0,0.08333333333333333
LNGN0322,terminal,total_voyages,56.4,56.0,21.0,116.0,20.511427158240274,0.6322192513368984,0,0,13,60,0.0,0.0,0.21666666666666667
LNGN0324,terminal,betweenness,19.6,20.0,17.0,23.0,1.1229501098234695,0.45294117647058824,0,28,60,60,0.0,0.4666666666666667,1.0
LNGN0324,terminal,eigenvector,73.68333333333334,82.5,1.0,123.0,30.84597694652109,0.4461229946524064,7,7,7,60,0.11666666666666667,0.11666666666666667,0.11666666666666667
LNGN0324,terminal,node_throughput,80.45,83.5,36.0,123.0,18.02486512326415,0.4535204991087344,0,0,1,60,0.0,0.0,0.016666666666666666
LNGN0324,terminal,pagerank,64.13333333333334,66.5,4.0,123.0,31.048058246917062,0.5433600713012477,2,8,15,60,0.03333333333333333,0.13333333333333333,0.25
LNGN0324,terminal,share_monthly_network_flow,80.45,83.5,36.0,123.0,18.02486512326415,0.4535204991087344,0,0,1,60,0.0,0.0,0.016666666666666666
LNGN0324,terminal,total_degree,71.36666666666666,68.0,17.0,123.0,22.845068945863186,0.44732620320855615,0,1,4,60,0.0,0.016666666666666666,0.06666666666666667
LNGN0324,terminal,total_route_exposure,74.31666666666666,75.5,24.0,123.0,21.42586087241989,0.44532085561497325,0,0,3,60,0.0,0.0,0.05
LNGN0324,terminal,total_strength,81.03333333333333,83.5,38.0,123.0,17.51896470382269,0.450891265597148,0,0,1,60,0.0,0.0,0.016666666666666666
LNGN0324,terminal,total_voyages,77.21666666666667,81.0,32.0,123.0,19.275954694347334,0.44099821746880574,0,0,1,60,0.0,0.0,0.016666666666666666
LNGN0328,terminal,betweenness,19.6,20.0,17.0,23.0,1.1229501098234695,0.45294117647058824,0,28,60,60,0.0,0.4666666666666667,1.0
LNGN0328,terminal,eigenvector,2.5833333333333335,2.0,1.0,34.0,4.183468946864376,0.9335115864527629,59,59,60,60,0.9833333333333333,0.9833333333333333,1.0
LNGN0328,terminal,node_throughput,2.4166666666666665,2.0,1.0,35.0,4.396808035831766,0.992379679144385,59,59,60,60,0.9833333333333333,0.9833333333333333,1.0
LNGN0328,terminal,pagerank,73.63333333333334,73.0,51.0,97.0,10.02871583219596,0.5555258467023172,0,0,0,60,0.0,0.0,0.0
LNGN0328,terminal,share_monthly_network_flow,2.4166666666666665,2.0,1.0,35.0,4.396808035831766,0.992379679144385,59,59,60,60,0.9833333333333333,0.9833333333333333,1.0
LNGN0328,terminal,total_degree,34.0,34.0,13.0,57.0,10.452475175198249,0.761541889483066,0,5,38,60,0.0,0.08333333333333333,0.6333333333333333
LNGN0328,terminal,total_route_exposure,3.4,3.0,1.0,25.0,3.081932037658482,0.9849376114081996,59,59,60,60,0.9833333333333333,0.9833333333333333,1.0
LNGN0328,terminal,total_strength,5.983333333333333,5.0,2.0,38.0,4.601000873673905,0.9733511586452762,57,59,60,60,0.95,0.9833333333333333,1.0
LNGN0328,terminal,total_voyages,2.6166666666666667,2.0,1.0,36.0,4.5995271189019125,0.990463458110517,59,59,60,60,0.9833333333333333,0.9833333333333333,1.0
LNGN0331,terminal,betweenness,19.6,20.0,17.0,23.0,1.1229501098234695,0.45294117647058824,0,28,60,60,0.0,0.4666666666666667,1.0
LNGN0331,terminal,eigenvector,60.13333333333333,63.0,1.0,117.0,33.73800686680576,0.5351158645276293,7,9,18,60,0.11666666666666667,0.15,0.3
LNGN0331,terminal,node_throughput,78.13333333333334,84.0,30.0,121.0,20.713924463188196,0.48480392156862745,0,0,2,60,0.0,0.0,0.03333333333333333
LNGN0331,terminal,pagerank,70.38333333333334,72.0,31.0,121.0,22.242189005388216,0.5266488413547237,0,0,3,60,0.0,0.0,0.05
LNGN0331,terminal,share_monthly_network_flow,78.13333333333334,84.0,30.0,121.0,20.713924463188196,0.48480392156862745,0,0,2,60,0.0,0.0,0.03333333333333333
LNGN0331,terminal,total_degree,66.3,61.5,23.0,121.0,24.311746480850623,0.4903297682709447,0,0,9,60,0.0,0.0,0.15
LNGN0331,terminal,total_route_exposure,68.83333333333333,69.5,22.0,121.0,23.912387164124908,0.49131016042780745,0,0,7,60,0.0,0.0,0.11666666666666667
LNGN0331,terminal,total_strength,78.63333333333334,84.0,33.0,121.0,20.177993270624768,0.482174688057041,0,0,2,60,0.0,0.0,0.03333333333333333
LNGN0331,terminal,total_voyages,72.53333333333333,73.5,29.0,121.0,21.77890961354132,0.4807040998217469,0,0,4,60,0.0,0.0,0.06666666666666667
LNGN0334,terminal,betweenness,19.6,20.0,17.0,23.0,1.1229501098234695,0.45294117647058824,0,28,60,60,0.0,0.4666666666666667,1.0
LNGN0334,terminal,eigenvector,83.21666666666667,93.0,1.0,125.0,32.884539495834616,0.3313279857397504,7,7,7,60,0.11666666666666667,0.11666666666666667,0.11666666666666667
LNGN0334,terminal,node_throughput,94.7,93.0,70.0,125.0,13.223374271291123,0.3355614973262032,0,0,0,60,0.0,0.0,0.0
LNGN0334,terminal,pagerank,87.48333333333333,88.0,51.0,125.0,14.247796935460734,0.35436720142602496,0,0,0,60,0.0,0.0,0.0
LNGN0334,terminal,share_monthly_network_flow,94.7,93.0,70.0,125.0,13.223374271291123,0.3355614973262032,0,0,0,60,0.0,0.0,0.0
LNGN0334,terminal,total_degree,79.86666666666666,84.5,36.0,125.0,21.991883453972452,0.3770053475935829,0,0,1,60,0.0,0.0,0.016666666666666666
LNGN0334,terminal,total_route_exposure,82.18333333333334,84.5,38.0,125.0,20.130499388979835,0.371301247771836,0,0,2,60,0.0,0.0,0.03333333333333333
LNGN0334,terminal,total_strength,94.7,93.0,70.0,125.0,13.223374271291123,0.3355614973262032,0,0,0,60,0.0,0.0,0.0
LNGN0334,terminal,total_voyages,84.48333333333333,87.0,41.0,125.0,18.23434240486487,0.36617647058823527,0,0,0,60,0.0,0.0,0.0
LNGN0344,terminal,betweenness,19.6,20.0,17.0,23.0,1.1229501098234695,0.45294117647058824,0,28,60,60,0.0,0.4666666666666667,1.0
LNGN0344,terminal,eigenvector,83.65,93.0,1.0,125.0,33.40751209543716,0.2872994652406417,7,7,7,60,0.11666666666666667,0.11666666666666667,0.11666666666666667
LNGN0344,terminal,node_throughput,95.3,93.0,66.0,125.0,13.929970129063824,0.25583778966131904,0,0,0,60,0.0,0.0,0.0
LNGN0344,terminal,pagerank,95.18333333333334,93.0,59.0,125.0,14.206099986842217,0.2565508021390374,0,0,0,60,0.0,0.0,0.0
LNGN0344,terminal,share_monthly_network_flow,95.3,93.0,66.0,125.0,13.929970129063824,0.25583778966131904,0,0,0,60,0.0,0.0,0.0
LNGN0344,terminal,total_degree,95.0,93.0,48.0,125.0,14.741846353096525,0.2559714795008913,0,0,0,60,0.0,0.0,0.0
LNGN0344,terminal,total_route_exposure,95.1,93.0,54.0,125.0,14.434774396034285,0.25570409982174686,0,0,0,60,0.0,0.0,0.0
LNGN0344,terminal,total_strength,95.33333333333333,93.0,68.0,125.0,13.860890800569456,0.2556595365418895,0,0,0,60,0.0,0.0,0.0
LNGN0344,terminal,total_voyages,95.28333333333333,93.0,65.0,125.0,13.96617180197423,0.2552139037433155,0,0,0,60,0.0,0.0,0.0
LNGN0345,terminal,betweenness,19.6,20.0,17.0,23.0,1.1229501098234695,0.45294117647058824,0,28,60,60,0.0,0.4666666666666667,1.0
LNGN0345,terminal,eigenvector,31.616666666666667,31.5,1.0,70.0,17.15343684164273,0.77825311942959,9,13,38,60,0.15,0.21666666666666667,0.6333333333333333
LNGN0345,terminal,node_throughput,10.816666666666666,10.0,3.0,36.0,4.5825448731162775,0.9474598930481284,32,59,60,60,0.5333333333333333,0.9833333333333333,1.0
LNGN0345,terminal,pagerank,73.63333333333334,73.0,51.0,97.0,10.02871583219596,0.5555258467023172,0,0,0,60,0.0,0.0,0.0
LNGN0345,terminal,share_monthly_network_flow,10.816666666666666,10.0,3.0,36.0,4.5825448731162775,0.9474598930481284,32,59,60,60,0.5333333333333333,0.9833333333333333,1.0
LNGN0345,terminal,total_degree,11.6,10.0,5.0,36.0,5.569894865575051,0.9301693404634581,33,54,60,60,0.55,0.9,1.0
LNGN0345,terminal,total_route_exposure,8.35,8.0,2.0,24.0,4.132652121739988,0.9566844919786096,47,58,60,60,0.7833333333333333,0.9666666666666667,1.0
LNGN0345,terminal,total_strength,14.883333333333333,14.0,7.0,38.0,4.687132283128781,0.9257130124777184,8,55,60,60,0.13333333333333333,0.9166666666666666,1.0
LNGN0345,terminal,total_voyages,9.716666666666667,9.0,3.0,32.0,4.314310702320614,0.9502673796791444,40,59,60,60,0.6666666666666666,0.9833333333333333,1.0
LNGN0347,terminal,betweenness,19.6,20.0,17.0,23.0,1.1229501098234695,0.45294117647058824,0,28,60,60,0.0,0.4666666666666667,1.0
LNGN0347,terminal,eigenvector,50.86666666666667,51.0,1.0,101.0,27.185157133288417,0.6240641711229947,7,8,18,60,0.11666666666666667,0.13333333333333333,0.3
LNGN0347,terminal,node_throughput,65.2,64.5,22.0,106.0,19.696683021105315,0.6018270944741533,0,0,5,60,0.0,0.0,0.08333333333333333
LNGN0347,terminal,pagerank,56.7,55.0,16.0,101.0,19.76754745038923,0.6479500891265597,0,1,9,60,0.0,0.016666666666666666,0.15
LNGN0347,terminal,share_monthly_network_flow,65.2,64.5,22.0,106.0,19.696683021105315,0.6018270944741533,0,0,5,60,0.0,0.0,0.08333333333333333
LNGN0347,terminal,total_degree,53.016666666666666,47.5,23.0,101.0,19.878010733835097,0.5984848484848484,0,0,15,60,0.0,0.0,0.25
LNGN0347,terminal,total_route_exposure,53.53333333333333,49.5,17.0,101.0,20.976554035614132,0.6139928698752227,0,1,16,60,0.0,0.016666666666666666,0.26666666666666666
LNGN0347,terminal,total_strength,66.5,66.5,26.0,106.0,18.90072189456247,0.5948752228163994,0,0,5,60,0.0,0.0,0.08333333333333333
LNGN0347,terminal,total_voyages,57.916666666666664,54.0,21.0,101.0,19.42503335657251,0.6053921568627451,0,0,9,60,0.0,0.0,0.15
LNGN0348,terminal,betweenness,19.6,20.0,17.0,23.0,1.1229501098234695,0.45294117647058824,0,28,60,60,0.0,0.4666666666666667,1.0
LNGN0348,terminal,eigenvector,83.56666666666666,93.0,1.0,125.0,32.92691787738346,0.2942513368983957,7,7,7,60,0.11666666666666667,0.11666666666666667,0.11666666666666667
LNGN0348,terminal,node_throughput,92.86666666666666,93.0,40.0,125.0,16.023781760898526,0.2891711229946524,0,0,0,60,0.0,0.0,0.0
LNGN0348,terminal,pagerank,90.43333333333334,93.0,21.0,125.0,21.032151873485947,0.3022727272727273,0,0,3,60,0.0,0.0,0.05
LNGN0348,terminal,share_monthly_network_flow,92.86666666666666,93.0,40.0,125.0,16.023781760898526,0.2891711229946524,0,0,0,60,0.0,0.0,0.0
LNGN0348,terminal,total_degree,91.33333333333333,93.0,41.0,125.0,18.807379246569514,0.28631907308377896,0,0,0,60,0.0,0.0,0.0
LNGN0348,terminal,total_route_exposure,91.9,93.0,40.0,125.0,17.820859991803356,0.2848039215686275,0,0,0,60,0.0,0.0,0.0
LNGN0348,terminal,total_strength,93.03333333333333,93.0,46.0,125.0,15.610694581303376,0.28832442067736186,0,0,0,60,0.0,0.0,0.0
LNGN0348,terminal,total_voyages,91.76666666666667,93.0,36.0,125.0,17.894575133515723,0.2891711229946524,0,0,1,60,0.0,0.0,0.016666666666666666
LNGN0351,terminal,betweenness,19.6,20.0,17.0,23.0,1.1229501098234695,0.45294117647058824,0,28,60,60,0.0,0.4666666666666667,1.0
LNGN0351,terminal,eigenvector,71.51666666666667,83.0,1.0,116.0,32.488585566170705,0.45405525846702316,7,7,10,60,0.11666666666666667,0.11666666666666667,0.16666666666666666
LNGN0351,terminal,node_throughput,84.28333333333333,84.5,45.0,116.0,16.814130121758083,0.4404634581105169,0,0,0,60,0.0,0.0,0.0
LNGN0351,terminal,pagerank,82.66666666666667,84.0,51.0,116.0,14.401820349474269,0.4164438502673797,0,0,0,60,0.0,0.0,0.0
LNGN0351,terminal,share_monthly_network_flow,84.28333333333333,84.5,45.0,116.0,16.814130121758083,0.4404634581105169,0,0,0,60,0.0,0.0,0.0
LNGN0351,terminal,total_degree,68.56666666666666,66.0,21.0,116.0,25.052735340130006,0.4733065953654189,0,0,7,60,0.0,0.0,0.11666666666666667
LNGN0351,terminal,total_route_exposure,72.35,75.0,23.0,116.0,23.059117098361163,0.4622103386809269,0,0,6,60,0.0,0.0,0.1
LNGN0351,terminal,total_strength,84.73333333333333,85.0,45.0,116.0,16.328063256783206,0.4381461675579323,0,0,0,60,0.0,0.0,0.0
LNGN0351,terminal,total_voyages,75.21666666666667,75.0,34.0,116.0,20.455898545669765,0.4565508021390375,0,0,2,60,0.0,0.0,0.03333333333333333
LNGN0354,terminal,betweenness,19.6,20.0,17.0,23.0,1.1229501098234695,0.45294117647058824,0,28,60,60,0.0,0.4666666666666667,1.0
LNGN0354,terminal,eigenvector,75.51666666666667,84.5,1.0,123.0,34.493178724656175,0.386319073083779,7,7,11,60,0.11666666666666667,0.11666666666666667,0.18333333333333332
LNGN0354,terminal,node_throughput,88.3,87.0,54.0,123.0,17.26198920131862,0.3558823529411764,0,0,0,60,0.0,0.0,0.0
LNGN0354,terminal,pagerank,81.43333333333334,86.5,28.0,123.0,25.458085636861725,0.39376114081996433,0,0,5,60,0.0,0.0,0.08333333333333333
LNGN0354,terminal,share_monthly_network_flow,88.3,87.0,54.0,123.0,17.26198920131862,0.3558823529411764,0,0,0,60,0.0,0.0,0.0
LNGN0354,terminal,total_degree,83.08333333333333,86.5,36.0,123.0,23.03739897237598,0.354144385026738,0,0,2,60,0.0,0.0,0.03333333333333333
LNGN0354,terminal,total_route_exposure,84.91666666666667,86.5,45.0,123.0,20.780769848112605,0.3500445632798574,0,0,0,60,0.0,0.0,0.0
LNGN0354,terminal,total_strength,88.6,87.0,55.0,123.0,16.94277507135842,0.35436720142602496,0,0,0,60,0.0,0.0,0.0
LNGN0354,terminal,total_voyages,86.53333333333333,87.0,50.0,123.0,18.934737753275343,0.34817290552584673,0,0,0,60,0.0,0.0,0.0
LNGN0359,terminal,betweenness,19.6,20.0,17.0,23.0,1.1229501098234695,0.45294117647058824,0,28,60,60,0.0,0.4666666666666667,1.0
LNGN0359,terminal,eigenvector,71.16666666666667,79.5,1.0,121.0,32.89230844441084,0.5050356506238859,7,8,9,60,0.11666666666666667,0.13333333333333333,0.15
LNGN0359,terminal,node_throughput,74.46666666666667,74.0,22.0,120.0,20.247173200199324,0.5464795008912656,0,0,1,60,0.0,0.0,0.016666666666666666
LNGN0359,terminal,pagerank,56.43333333333333,53.5,15.0,120.0,23.662432978526887,0.6434046345811051,0,2,16,60,0.0,0.03333333333333333,0.26666666666666666
LNGN0359,terminal,share_monthly_network_flow,74.46666666666667,74.0,22.0,120.0,20.247173200199324,0.5464795008912656,0,0,1,60,0.0,0.0,0.016666666666666666
LNGN0359,terminal,total_degree,58.233333333333334,54.5,15.0,120.0,22.84684947806691,0.5603832442067737,0,2,10,60,0.0,0.03333333333333333,0.16666666666666666
LNGN0359,terminal,total_route_exposure,63.6,61.0,21.0,120.0,20.862097656852914,0.545855614973262,0,0,5,60,0.0,0.0,0.08333333333333333
LNGN0359,terminal,total_strength,75.43333333333334,74.5,27.0,120.0,19.452128694167715,0.5413547237076649,0,0,1,60,0.0,0.0,0.016666666666666666
LNGN0359,terminal,total_voyages,66.78333333333333,64.5,24.0,120.0,19.88789911160669,0.5447415329768271,0,0,4,60,0.0,0.0,0.06666666666666667
LNGN0361,terminal,betweenness,19.6,20.0,17.0,23.0,1.1229501098234695,0.45294117647058824,0,28,60,60,0.0,0.4666666666666667,1.0
LNGN0361,terminal,eigenvector,83.73333333333333,93.0,1.0,125.0,33.38367949308726,0.28698752228163993,7,7,7,60,0.11666666666666667,0.11666666666666667,0.11666666666666667
LNGN0361,terminal,node_throughput,95.46666666666667,93.0,71.0,125.0,13.659871536565786,0.2551693404634581,0,0,0,60,0.0,0.0,0.0
LNGN0361,terminal,pagerank,94.93333333333334,93.0,41.0,125.0,15.100641659581008,0.2580213903743315,0,0,0,60,0.0,0.0,0.0
LNGN0361,terminal,share_monthly_network_flow,95.46666666666667,93.0,71.0,125.0,13.659871536565786,0.2551693404634581,0,0,0,60,0.0,0.0,0.0
LNGN0361,terminal,total_degree,94.88333333333334,93.0,38.0,125.0,15.286076157529282,0.25641711229946523,0,0,1,60,0.0,0.0,0.016666666666666666
LNGN0361,terminal,total_route_exposure,95.0,93.0,45.0,125.0,14.865498674698314,0.25610516934046346,0,0,0,60,0.0,0.0,0.0
LNGN0361,terminal,total_strength,95.46666666666667,93.0,71.0,125.0,13.659871536565786,0.2551693404634581,0,0,0,60,0.0,0.0,0.0
LNGN0361,terminal,total_voyages,95.08333333333333,93.0,50.0,125.0,14.591954675194755,0.2558823529411765,0,0,0,60,0.0,0.0,0.0
LNGN0362,terminal,betweenness,19.6,20.0,17.0,23.0,1.1229501098234695,0.45294117647058824,0,28,60,60,0.0,0.4666666666666667,1.0
LNGN0362,terminal,eigenvector,82.51666666666667,91.0,1.0,125.0,33.34894690821594,0.3224153297682709,7,7,7,60,0.11666666666666667,0.11666666666666667,0.11666666666666667
LNGN0362,terminal,node_throughput,92.33333333333333,91.5,54.0,125.0,16.15566927482467,0.30392156862745096,0,0,0,60,0.0,0.0,0.0
LNGN0362,terminal,pagerank,86.91666666666667,91.0,19.0,125.0,25.889787049072602,0.3334224598930481,0,1,5,60,0.0,0.016666666666666666,0.08333333333333333
LNGN0362,terminal,share_monthly_network_flow,92.33333333333333,91.5,54.0,125.0,16.15566927482467,0.30392156862745096,0,0,0,60,0.0,0.0,0.0
LNGN0362,terminal,total_degree,89.33333333333333,91.0,42.0,125.0,20.51677004568079,0.30414438502673796,0,0,0,60,0.0,0.0,0.0
LNGN0362,terminal,total_route_exposure,90.33333333333333,91.0,48.0,125.0,18.8739500025979,0.30147058823529416,0,0,0,60,0.0,0.0,0.0
LNGN0362,terminal,total_strength,92.51666666666667,91.5,55.0,125.0,15.887839573953512,0.3031639928698752,0,0,0,60,0.0,0.0,0.0
LNGN0362,terminal,total_voyages,91.23333333333333,91.0,53.0,125.0,17.513546008313426,0.29906417112299466,0,0,0,60,0.0,0.0,0.0
LNGN0363,terminal,betweenness,19.6,20.0,17.0,23.0,1.1229501098234695,0.45294117647058824,0,28,60,60,0.0,0.4666666666666667,1.0
LNGN0363,terminal,eigenvector,59.71666666666667,72.0,1.0,116.0,35.07236667170897,0.5292780748663102,7,7,24,60,0.11666666666666667,0.11666666666666667,0.4
LNGN0363,terminal,node_throughput,75.35,74.0,31.0,116.0,19.30208120859124,0.5096256684491979,0,0,1,60,0.0,0.0,0.016666666666666666
LNGN0363,terminal,pagerank,62.45,58.5,20.0,116.0,27.616271916684756,0.5790998217468807,0,0,16,60,0.0,0.0,0.26666666666666666
LNGN0363,terminal,share_monthly_network_flow,75.35,74.0,31.0,116.0,19.30208120859124,0.5096256684491979,0,0,1,60,0.0,0.0,0.016666666666666666
LNGN0363,terminal,total_degree,65.0,58.5,23.0,116.0,25.107902733223597,0.5036541889483066,0,0,8,60,0.0,0.0,0.13333333333333333
LNGN0363,terminal,total_route_exposure,68.56666666666666,65.5,25.0,116.0,22.80155114160607,0.4992869875222816,0,0,4,60,0.0,0.0,0.06666666666666667
LNGN0363,terminal,total_strength,76.0,74.5,33.0,116.0,18.78874527882429,0.5062388591800356,0,0,1,60,0.0,0.0,0.016666666666666666
LNGN0363,terminal,total_voyages,72.51666666666667,71.0,29.0,116.0,20.893995298841784,0.48885918003565065,0,0,3,60,0.0,0.0,0.05
LNGN0364,terminal,betweenness,19.6,20.0,17.0,23.0,1.1229501098234695,0.45294117647058824,0,28,60,60,0.0,0.4666666666666667,1.0
LNGN0364,terminal,eigenvector,82.63333333333334,93.0,1.0,125.0,33.67187966576843,0.2913101604278075,7,7,8,60,0.11666666666666667,0.11666666666666667,0.13333333333333333
LNGN0364,terminal,node_throughput,95.03333333333333,93.0,71.0,125.0,13.316189543364215,0.2555704099821747,0,0,0,60,0.0,0.0,0.0
LNGN0364,terminal,pagerank,94.86666666666666,93.0,71.0,125.0,13.54273420390116,0.2567736185383244,0,0,0,60,0.0,0.0,0.0
LNGN0364,terminal,share_monthly_network_flow,95.03333333333333,93.0,71.0,125.0,13.316189543364215,0.2555704099821747,0,0,0,60,0.0,0.0,0.0
LNGN0364,terminal,total_degree,94.71666666666667,93.0,63.0,125.0,13.846729610415416,0.2553030303030303,0,0,0,60,0.0,0.0,0.0
LNGN0364,terminal,total_route_exposure,94.86666666666666,93.0,71.0,125.0,13.54273420390116,0.25490196078431376,0,0,0,60,0.0,0.0,0.0
LNGN0364,terminal,total_strength,95.05,93.0,71.0,125.0,13.300216641538762,0.2554812834224599,0,0,0,60,0.0,0.0,0.0
LNGN0364,terminal,total_voyages,95.0,93.0,71.0,125.0,13.351823337682319,0.2545454545454546,0,0,0,60,0.0,0.0,0.0
LNGN0372,terminal,betweenness,19.6,20.0,17.0,23.0,1.1229501098234695,0.45294117647058824,0,28,60,60,0.0,0.4666666666666667,1.0
LNGN0372,terminal,eigenvector,75.81666666666666,85.0,1.0,125.0,35.078841788789695,0.3874331550802139,7,7,9,60,0.11666666666666667,0.11666666666666667,0.15
LNGN0372,terminal,node_throughput,89.66666666666667,87.5,49.0,125.0,18.18797019700126,0.34692513368983957,0,0,0,60,0.0,0.0,0.0
LNGN0372,terminal,pagerank,83.33333333333333,86.5,19.0,125.0,25.32210574869363,0.3813725490196079,0,1,2,60,0.0,0.016666666666666666,0.03333333333333333
LNGN0372,terminal,share_monthly_network_flow,89.66666666666667,87.5,49.0,125.0,18.18797019700126,0.34692513368983957,0,0,0,60,0.0,0.0,0.0
LNGN0372,terminal,total_degree,84.0,86.5,36.0,125.0,24.125378718376304,0.3493761140819964,0,0,2,60,0.0,0.0,0.03333333333333333
LNGN0372,terminal,total_route_exposure,85.96666666666667,86.5,45.0,125.0,21.494947507765215,0.34385026737967916,0,0,0,60,0.0,0.0,0.0
LNGN0372,terminal,total_strength,89.81666666666666,88.5,51.0,125.0,18.006111642916558,0.3461675579322638,0,0,0,60,0.0,0.0,0.0
LNGN0372,terminal,total_voyages,87.6,86.5,44.0,125.0,19.740863580787288,0.34055258467023175,0,0,0,60,0.0,0.0,0.0
LNGN0374,terminal,betweenness,19.6,20.0,17.0,23.0,1.1229501098234695,0.45294117647058824,0,28,60,60,0.0,0.4666666666666667,1.0
LNGN0374,terminal,eigenvector,58.86666666666667,63.5,1.0,101.0,26.653753935797795,0.6238413547237076,7,7,10,60,0.11666666666666667,0.11666666666666667,0.16666666666666666
LNGN0374,terminal,node_throughput,45.0,43.0,14.0,108.0,19.420415607624918,0.7553475935828877,0,4,26,60,0.0,0.06666666666666667,0.43333333333333335
LNGN0374,terminal,pagerank,53.15,53.0,19.0,93.0,14.963033545419727,0.7123885918003565,0,1,8,60,0.0,0.016666666666666666,0.13333333333333333
LNGN0374,terminal,share_monthly_network_flow,45.0,43.0,14.0,108.0,19.420415607624918,0.7553475935828877,0,4,26,60,0.0,0.06666666666666667,0.43333333333333335
LNGN0374,terminal,total_degree,32.75,28.0,10.0,93.0,16.724715294883655,0.7727272727272728,1,10,44,60,0.016666666666666666,0.16666666666666666,0.7333333333333333
LNGN0374,terminal,total_route_exposure,40.55,35.0,9.0,93.0,16.440364753263204,0.7335115864527629,1,2,35,60,0.016666666666666666,0.03333333333333333,0.5833333333333334
LNGN0374,terminal,total_strength,46.95,45.0,18.0,108.0,18.52842525345534,0.7449197860962566,0,1,23,60,0.0,0.016666666666666666,0.38333333333333336
LNGN0374,terminal,total_voyages,39.5,38.5,12.0,93.0,17.003987568224666,0.7560160427807486,0,4,30,60,0.0,0.06666666666666667,0.5
LNGN0378,terminal,betweenness,19.6,20.0,17.0,23.0,1.1229501098234695,0.45294117647058824,0,28,60,60,0.0,0.4666666666666667,1.0
LNGN0378,terminal,eigenvector,68.76666666666667,76.0,1.0,100.0,27.08327813988292,0.5175579322638146,7,7,7,60,0.11666666666666667,0.11666666666666667,0.11666666666666667
LNGN0378,terminal,node_throughput,69.61666666666666,68.0,33.0,107.0,14.507849034774907,0.5680035650623886,0,0,1,60,0.0,0.0,0.016666666666666666
LNGN0378,terminal,pagerank,78.15,76.5,64.0,97.0,8.83909842783466,0.4778966131907308,0,0,0,60,0.0,0.0,0.0
LNGN0378,terminal,share_monthly_network_flow,69.61666666666666,68.0,33.0,107.0,14.507849034774907,0.5680035650623886,0,0,1,60,0.0,0.0,0.016666666666666666
LNGN0378,terminal,total_degree,44.583333333333336,36.0,16.0,97.0,23.660230285758868,0.6581996434937611,0,2,34,60,0.0,0.03333333333333333,0.5666666666666667
LNGN0378,terminal,total_route_exposure,51.666666666666664,47.0,23.0,97.0,20.131488672182,0.6241087344028521,0,0,18,60,0.0,0.0,0.3
LNGN0378,terminal,total_strength,70.63333333333334,69.5,36.0,107.0,13.908863978598012,0.5625668449197861,0,0,1,60,0.0,0.0,0.016666666666666666
LNGN0378,terminal,total_voyages,48.4,44.0,18.0,97.0,22.469715966011236,0.6583778966131907,0,2,24,60,0.0,0.03333333333333333,0.4
LNGN0381,terminal,betweenness,19.6,20.0,17.0,23.0,1.1229501098234695,0.45294117647058824,0,28,60,60,0.0,0.4666666666666667,1.0
LNGN0381,terminal,eigenvector,48.166666666666664,47.0,1.0,118.0,26.496028910434838,0.6816399286987522,7,8,20,60,0.11666666666666667,0.13333333333333333,0.3333333333333333
LNGN0381,terminal,node_throughput,41.06666666666667,38.5,15.0,120.0,19.088435283750236,0.7769607843137255,0,5,30,60,0.0,0.08333333333333333,0.5
LNGN0381,terminal,pagerank,22.183333333333334,15.5,4.0,120.0,19.329867700290514,0.8790552584670231,9,39,53,60,0.15,0.65,0.8833333333333333
LNGN0381,terminal,share_monthly_network_flow,41.06666666666667,38.5,15.0,120.0,19.088435283750236,0.7769607843137255,0,5,30,60,0.0,0.08333333333333333,0.5
LNGN0381,terminal,total_degree,33.81666666666667,29.0,13.0,120.0,17.63998891835105,0.7607397504456327,0,6,42,60,0.0,0.1,0.7
LNGN0381,terminal,total_route_exposure,35.53333333333333,31.0,14.0,120.0,18.06529275322952,0.7686720142602496,0,8,40,60,0.0,0.13333333333333333,0.6666666666666666
LNGN0381,terminal,total_strength,43.666666666666664,41.0,19.0,120.0,17.957262509529624,0.7633244206773618,0,1,27,60,0.0,0.016666666666666666,0.45
LNGN0381,terminal,total_voyages,37.36666666666667,32.5,15.0,120.0,18.126641753036825,0.7684937611408199,0,7,36,60,0.0,0.11666666666666667,0.6
LNGN0382,terminal,betweenness,19.6,20.0,17.0,23.0,1.1229501098234695,0.45294117647058824,0,28,60,60,0.0,0.4666666666666667,1.0
LNGN0382,terminal,eigenvector,81.2,91.0,1.0,125.0,34.589015597440756,0.31666666666666665,7,7,8,60,0.11666666666666667,0.11666666666666667,0.13333333333333333
LNGN0382,terminal,node_throughput,92.93333333333334,92.0,52.0,125.0,16.34984752602587,0.29376114081996435,0,0,0,60,0.0,0.0,0.0
LNGN0382,terminal,pagerank,90.9,92.0,45.0,125.0,19.672487886920067,0.30463458110516933,0,0,0,60,0.0,0.0,0.0
LNGN0382,terminal,share_monthly_network_flow,92.93333333333334,92.0,52.0,125.0,16.34984752602587,0.29376114081996435,0,0,0,60,0.0,0.0,0.0
LNGN0382,terminal,total_degree,90.85,92.0,43.0,125.0,19.801408099220225,0.29251336898395724,0,0,0,60,0.0,0.0,0.0
LNGN0382,terminal,total_route_exposure,91.58333333333333,92.0,50.0,125.0,18.365675119604767,0.29055258467023176,0,0,0,60,0.0,0.0,0.0
LNGN0382,terminal,total_strength,93.05,92.0,52.0,125.0,16.144921014866284,0.2931372549019608,0,0,0,60,0.0,0.0,0.0
LNGN0382,terminal,total_voyages,92.25,92.0,54.0,125.0,17.206251327519386,0.2887700534759358,0,0,0,60,0.0,0.0,0.0
LNGN0385,terminal,betweenness,19.6,20.0,17.0,23.0,1.1229501098234695,0.45294117647058824,0,28,60,60,0.0,0.4666666666666667,1.0
LNGN0385,terminal,eigenvector,39.4,40.5,1.0,102.0,25.3264784064934,0.722638146167558,10,16,29,60,0.16666666666666666,0.26666666666666666,0.48333333333333334
LNGN0385,terminal,node_throughput,32.0,24.0,8.0,102.0,21.355743878642333,0.8201426024955437,5,21,44,60,0.08333333333333333,0.35,0.7333333333333333
LNGN0385,terminal,pagerank,33.46666666666667,29.0,4.0,102.0,20.21869135789922,0.812789661319073,6,16,38,60,0.1,0.26666666666666666,0.6333333333333333
LNGN0385,terminal,share_monthly_network_flow,32.0,24.0,8.0,102.0,21.355743878642333,0.8201426024955437,5,21,44,60,0.08333333333333333,0.35,0.7333333333333333
LNGN0385,terminal,total_degree,34.516666666666666,31.0,5.0,102.0,20.43799358843485,0.7521836007130125,6,17,37,60,0.1,0.2833333333333333,0.6166666666666667
LNGN0385,terminal,total_route_exposure,41.56666666666667,38.5,13.0,102.0,18.875476571975845,0.7212566844919786,0,6,30,60,0.0,0.1,0.5
LNGN0385,terminal,total_strength,35.3,28.0,13.0,102.0,20.02735417508357,0.8025401069518717,0,12,42,60,0.0,0.2,0.7
LNGN0385,terminal,total_voyages,34.13333333333333,28.5,10.0,102.0,20.538897917941355,0.785873440285205,2,15,41,60,0.03333333333333333,0.25,0.6833333333333333
LNGN0391,terminal,betweenness,19.6,20.0,17.0,23.0,1.1229501098234695,0.45294117647058824,0,28,60,60,0.0,0.4666666666666667,1.0
LNGN0391,terminal,eigenvector,77.4,90.5,1.0,125.0,36.05043548010322,0.3342245989304813,7,8,11,60,0.11666666666666667,0.13333333333333333,0.18333333333333332
LNGN0391,terminal,node_throughput,93.15,93.0,61.0,125.0,14.156300627551937,0.2802584670231729,0,0,0,60,0.0,0.0,0.0
LNGN0391,terminal,pagerank,92.06666666666666,92.0,56.0,125.0,14.969875588702907,0.28614081996434937,0,0,0,60,0.0,0.0,0.0
LNGN0391,terminal,share_monthly_network_flow,93.15,93.0,61.0,125.0,14.156300627551937,0.2802584670231729,0,0,0,60,0.0,0.0,0.0
LNGN0391,terminal,total_degree,91.45,92.0,45.0,125.0,16.171145049234767,0.28061497326203205,0,0,0,60,0.0,0.0,0.0
LNGN0391,terminal,total_route_exposure,91.86666666666666,92.0,50.0,125.0,15.521954562693702,0.2807932263814617,0,0,0,60,0.0,0.0,0.0
LNGN0391,terminal,total_strength,93.18333333333334,93.0,61.0,125.0,14.08869202367109,0.2800802139037433,0,0,0,60,0.0,0.0,0.0
LNGN0391,terminal,total_voyages,92.48333333333333,92.0,56.0,125.0,14.535160953866404,0.27874331550802134,0,0,0,60,0.0,0.0,0.0
LNGN0398,terminal,betweenness,19.6,20.0,17.0,23.0,1.1229501098234695,0.45294117647058824,0,28,60,60,0.0,0.4666666666666667,1.0
LNGN0398,terminal,eigenvector,35.71666666666667,28.0,1.0,99.0,25.30431172923689,0.7105614973262032,7,11,39,60,0.11666666666666667,0.18333333333333332,0.65
LNGN0398,terminal,node_throughput,65.03333333333333,63.5,33.0,107.0,18.666535512049332,0.6079768270944741,0,0,4,60,0.0,0.0,0.06666666666666667
LNGN0398,terminal,pagerank,52.61666666666667,48.5,15.0,99.0,19.97718331265308,0.6743761140819964,0,1,15,60,0.0,0.016666666666666666,0.25
LNGN0398,terminal,share_monthly_network_flow,65.03333333333333,63.5,33.0,107.0,18.666535512049332,0.6079768270944741,0,0,4,60,0.0,0.0,0.06666666666666667
LNGN0398,terminal,total_degree,60.71666666666667,58.5,36.0,99.0,15.206033221313298,0.5399732620320855,0,0,3,60,0.0,0.0,0.05
LNGN0398,terminal,total_route_exposure,58.86666666666667,53.0,32.0,99.0,16.94904293749872,0.5804367201426025,0,0,6,60,0.0,0.0,0.1
LNGN0398,terminal,total_strength,66.11666666666666,65.0,35.0,107.0,17.85353942658142,0.6021836007130125,0,0,3,60,0.0,0.0,0.05
LNGN0398,terminal,total_voyages,55.2,50.0,26.0,99.0,19.13626426890817,0.6254010695187165,0,0,11,60,0.0,0.0,0.18333333333333332
LNGN0405,terminal,betweenness,19.6,20.0,17.0,23.0,1.1229501098234695,0.45294117647058824,0,28,60,60,0.0,0.4666666666666667,1.0
LNGN0405,terminal,eigenvector,78.91666666666667,91.0,1.0,117.0,32.64046135571807,0.37000891265597147,7,7,8,60,0.11666666666666667,0.11666666666666667,0.13333333333333333
LNGN0405,terminal,node_throughput,86.96666666666667,90.5,23.0,121.0,19.70628968393961,0.3565953654188948,0,0,3,60,0.0,0.0,0.05
LNGN0405,terminal,pagerank,83.25,87.0,30.0,121.0,21.98275518272741,0.3768270944741533,0,0,4,60,0.0,0.0,0.06666666666666667
LNGN0405,terminal,share_monthly_network_flow,86.96666666666667,90.5,23.0,121.0,19.70628968393961,0.3565953654188948,0,0,3,60,0.0,0.0,0.05
LNGN0405,terminal,total_degree,79.9,87.0,13.0,121.0,26.32309033426285,0.3712121212121212,0,1,7,60,0.0,0.016666666666666666,0.11666666666666667
LNGN0405,terminal,total_route_exposure,82.1,87.0,17.0,121.0,23.50095562427701,0.3628342245989305,0,1,5,60,0.0,0.016666666666666666,0.08333333333333333
LNGN0405,terminal,total_strength,87.31666666666666,90.5,27.0,121.0,18.919536729436516,0.35472370766488415,0,0,2,60,0.0,0.0,0.03333333333333333
LNGN0405,terminal,total_voyages,83.73333333333333,87.5,20.0,121.0,22.046073993595176,0.35975935828877004,0,0,4,60,0.0,0.0,0.06666666666666667
LNGN0421,terminal,betweenness,19.6,20.0,17.0,23.0,1.1229501098234695,0.45294117647058824,0,28,60,60,0.0,0.4666666666666667,1.0
LNGN0421,terminal,eigenvector,54.0,57.5,1.0,97.0,25.435861511799782,0.621078431372549,7,7,13,60,0.11666666666666667,0.11666666666666667,0.21666666666666667
LNGN0421,terminal,node_throughput,59.65,59.5,22.0,101.0,23.19250682615737,0.6435828877005348,0,0,13,60,0.0,0.0,0.21666666666666667
LNGN0421,terminal,pagerank,35.233333333333334,29.5,3.0,101.0,24.654470950582315,0.7759803921568628,6,15,44,60,0.1,0.25,0.7333333333333333
LNGN0421,terminal,share_monthly_network_flow,59.65,59.5,22.0,101.0,23.19250682615737,0.6435828877005348,0,0,13,60,0.0,0.0,0.21666666666666667
LNGN0421,terminal,total_degree,59.63333333333333,57.5,37.0,101.0,14.083247250096283,0.5516042780748662,0,0,2,60,0.0,0.0,0.03333333333333333
LNGN0421,terminal,total_route_exposure,52.333333333333336,53.0,16.0,101.0,22.29666439039375,0.638458110516934,0,3,18,60,0.0,0.05,0.3
LNGN0421,terminal,total_strength,60.96666666666667,60.0,23.0,101.0,22.236758898897193,0.6369875222816399,0,0,11,60,0.0,0.0,0.18333333333333332
LNGN0421,terminal,total_voyages,55.833333333333336,56.0,20.0,101.0,21.656929580853713,0.6286096256684492,0,0,15,60,0.0,0.0,0.25
LNGN0423,terminal,betweenness,19.6,20.0,17.0,23.0,1.1229501098234695,0.45294117647058824,0,28,60,60,0.0,0.4666666666666667,1.0
LNGN0423,terminal,eigenvector,54.25,59.5,1.0,95.0,30.854840567416286,0.5620766488413548,7,9,23,60,0.11666666666666667,0.15,0.38333333333333336
LNGN0423,terminal,node_throughput,76.66666666666667,81.5,36.0,106.0,16.92121992102873,0.4752673796791444,0,0,1,60,0.0,0.0,0.016666666666666666
LNGN0423,terminal,pagerank,81.96666666666667,84.5,51.0,98.0,10.598955283769461,0.4122549019607843,0,0,0,60,0.0,0.0,0.0
LNGN0423,terminal,share_monthly_network_flow,76.66666666666667,81.5,36.0,106.0,16.92121992102873,0.4752673796791444,0,0,1,60,0.0,0.0,0.016666666666666666
LNGN0423,terminal,total_degree,61.166666666666664,61.0,15.0,98.0,26.696134847936502,0.5211675579322638,0,1,18,60,0.0,0.016666666666666666,0.3
LNGN0423,terminal,total_route_exposure,64.1,67.0,20.0,98.0,24.321086617116606,0.513235294117647,0,0,13,60,0.0,0.0,0.21666666666666667
LNGN0423,terminal,total_strength,77.36666666666666,81.5,40.0,106.0,16.087648348299112,0.4714795008912656,0,0,0,60,0.0,0.0,0.0
LNGN0423,terminal,total_voyages,67.86666666666666,73.0,29.0,98.0,21.15276691174465,0.5007575757575757,0,0,5,60,0.0,0.0,0.08333333333333333
LNGN0425,terminal,betweenness,19.6,20.0,17.0,23.0,1.1229501098234695,0.45294117647058824,0,28,60,60,0.0,0.4666666666666667,1.0
LNGN0425,terminal,eigenvector,82.51666666666667,91.0,1.0,125.0,32.65510143480669,0.3321301247771836,7,7,7,60,0.11666666666666667,0.11666666666666667,0.11666666666666667
LNGN0425,terminal,node_throughput,93.7,91.5,71.0,125.0,13.506181886548935,0.30592691622103385,0,0,0,60,0.0,0.0,0.0
LNGN0425,terminal,pagerank,86.78333333333333,87.5,18.0,125.0,21.009353580086824,0.3431372549019608,0,1,2,60,0.0,0.016666666666666666,0.03333333333333333
LNGN0425,terminal,share_monthly_network_flow,93.7,91.5,71.0,125.0,13.506181886548935,0.30592691622103385,0,0,0,60,0.0,0.0,0.0
LNGN0425,terminal,total_degree,87.16666666666667,87.5,48.0,125.0,19.329582726007864,0.31911764705882356,0,0,0,60,0.0,0.0,0.0
LNGN0425,terminal,total_route_exposure,88.55,87.5,53.0,125.0,17.48648388453401,0.31541889483065955,0,0,0,60,0.0,0.0,0.0
LNGN0425,terminal,total_strength,93.73333333333333,91.5,71.0,125.0,13.475485169928833,0.30579322638146167,0,0,0,60,0.0,0.0,0.0
LNGN0425,terminal,total_voyages,90.03333333333333,88.5,62.0,125.0,15.707028186874718,0.31145276292335117,0,0,0,60,0.0,0.0,0.0
LNGN0426,terminal,betweenness,19.6,20.0,17.0,23.0,1.1229501098234695,0.45294117647058824,0,28,60,60,0.0,0.4666666666666667,1.0
LNGN0426,terminal,eigenvector,49.43333333333333,48.5,1.0,108.0,31.049095440666477,0.6429144385026738,7,10,26,60,0.11666666666666667,0.16666666666666666,0.43333333333333335
LNGN0426,terminal,node_throughput,60.05,54.5,19.0,112.0,21.14712385781166,0.6307040998217469,0,1,7,60,0.0,0.016666666666666666,0.11666666666666667
LNGN0426,terminal,pagerank,42.53333333333333,34.0,5.0,112.0,26.658840659539838,0.7257130124777185,3,9,37,60,0.05,0.15,0.6166666666666667
LNGN0426,terminal,share_monthly_network_flow,60.05,54.5,19.0,112.0,21.14712385781166,0.6307040998217469,0,1,7,60,0.0,0.016666666666666666,0.11666666666666667
LNGN0426,terminal,total_degree,50.88333333333333,42.5,18.0,112.0,23.787969945421864,0.6192513368983957,0,1,24,60,0.0,0.016666666666666666,0.4
LNGN0426,terminal,total_route_exposure,55.31666666666667,48.0,26.0,112.0,21.966454908403808,0.6076648841354724,0,0,15,60,0.0,0.0,0.25
LNGN0426,terminal,total_strength,61.516666666666666,56.5,23.0,112.0,20.200261507509037,0.6229055258467023,0,0,7,60,0.0,0.0,0.11666666666666667
LNGN0426,terminal,total_voyages,58.666666666666664,52.5,23.0,112.0,20.709178073916288,0.599777183600713,0,0,9,60,0.0,0.0,0.15
LNGN0427,terminal,betweenness,19.6,20.0,17.0,23.0,1.1229501098234695,0.45294117647058824,0,28,60,60,0.0,0.4666666666666667,1.0
LNGN0427,terminal,eigenvector,83.03333333333333,91.0,1.0,124.0,32.890144145638885,0.41461675579322643,7,7,7,60,0.11666666666666667,0.11666666666666667,0.11666666666666667
LNGN0427,terminal,node_throughput,93.83333333333333,91.5,69.0,123.0,13.244975595714523,0.4510695187165775,0,0,0,60,0.0,0.0,0.0
LNGN0427,terminal,pagerank,58.63333333333333,59.0,21.0,117.0,23.454222753520344,0.6401069518716578,0,0,12,60,0.0,0.0,0.2
LNGN0427,terminal,share_monthly_network_flow,93.83333333333333,91.5,69.0,123.0,13.244975595714523,0.4510695187165775,0,0,0,60,0.0,0.0,0.0
LNGN0427,terminal,total_degree,62.233333333333334,58.0,36.0,117.0,17.892680699069945,0.5341354723707664,0,0,2,60,0.0,0.0,0.03333333333333333
LNGN0427,terminal,total_route_exposure,67.85,66.0,38.0,117.0,16.60388457713579,0.5191176470588236,0,0,1,60,0.0,0.0,0.016666666666666666
LNGN0427,terminal,total_strength,93.83333333333333,91.5,69.0,123.0,13.244975595714523,0.4510695187165775,0,0,0,60,0.0,0.0,0.0
LNGN0427,terminal,total_voyages,67.48333333333333,64.5,38.0,117.0,16.883942493514176,0.5460338680926917,0,0,1,60,0.0,0.0,0.016666666666666666
LNGN0428,terminal,betweenness,19.6,20.0,17.0,23.0,1.1229501098234695,0.45294117647058824,0,28,60,60,0.0,0.4666666666666667,1.0
LNGN0428,terminal,eigenvector,64.31666666666666,69.5,1.0,125.0,35.326319792139365,0.48275401069518714,7,8,12,60,0.11666666666666667,0.13333333333333333,0.2
LNGN0428,terminal,node_throughput,80.93333333333334,81.0,34.0,125.0,20.821164807829614,0.43596256684491974,0,0,1,60,0.0,0.0,0.016666666666666666
LNGN0428,terminal,pagerank,76.25,75.5,11.0,125.0,25.273168595319778,0.46154188948306596,0,1,3,60,0.0,0.016666666666666666,0.05
LNGN0428,terminal,share_monthly_network_flow,80.93333333333334,81.0,34.0,125.0,20.821164807829614,0.43596256684491974,0,0,1,60,0.0,0.0,0.016666666666666666
LNGN0428,terminal,total_degree,73.28333333333333,75.5,23.0,125.0,27.332287771100678,0.43520499108734406,0,0,7,60,0.0,0.0,0.11666666666666667
LNGN0428,terminal,total_route_exposure,74.4,75.5,22.0,125.0,26.684090352981904,0.4408645276292335,0,0,8,60,0.0,0.0,0.13333333333333333
LNGN0428,terminal,total_strength,81.56666666666666,81.5,37.0,125.0,20.103433104792575,0.43262032085561497,0,0,1,60,0.0,0.0,0.016666666666666666
LNGN0428,terminal,total_voyages,77.61666666666666,77.5,30.0,125.0,23.418152937532238,0.42892156862745096,0,0,1,60,0.0,0.0,0.016666666666666666
LNGN0429,terminal,betweenness,19.6,20.0,17.0,23.0,1.1229501098234695,0.45294117647058824,0,28,60,60,0.0,0.4666666666666667,1.0
LNGN0429,terminal,eigenvector,77.48333333333333,87.0,1.0,125.0,35.66296643776626,0.37290552584670233,7,8,8,60,0.11666666666666667,0.13333333333333333,0.13333333333333333
LNGN0429,terminal,node_throughput,89.93333333333334,87.5,39.0,125.0,19.047546811808136,0.3391711229946524,0,0,0,60,0.0,0.0,0.0
LNGN0429,terminal,pagerank,85.11666666666666,87.5,19.0,125.0,26.012442698471112,0.3659090909090909,0,1,3,60,0.0,0.016666666666666666,0.05
LNGN0429,terminal,share_monthly_network_flow,89.93333333333334,87.5,39.0,125.0,19.047546811808136,0.3391711229946524,0,0,0,60,0.0,0.0,0.0
LNGN0429,terminal,total_degree,85.45,87.5,23.0,125.0,25.471436312006624,0.34318181818181814,0,0,4,60,0.0,0.0,0.06666666666666667
LNGN0429,terminal,total_route_exposure,86.5,87.5,29.0,125.0,23.78256019631876,0.3413992869875223,0,0,2,60,0.0,0.0,0.03333333333333333
LNGN0429,terminal,total_strength,90.21666666666667,87.5,41.0,125.0,18.610268412773642,0.33778966131907306,0,0,0,60,0.0,0.0,0.0
LNGN0429,terminal,total_voyages,88.0,87.5,37.0,125.0,21.5493127815235,0.3360071301247772,0,0,1,60,0.0,0.0,0.016666666666666666
LNGN0435,terminal,betweenness,19.6,20.0,17.0,23.0,1.1229501098234695,0.45294117647058824,0,28,60,60,0.0,0.4666666666666667,1.0
LNGN0435,terminal,eigenvector,78.01666666666667,87.0,1.0,118.0,31.426800430695057,0.488680926916221,7,7,7,60,0.11666666666666667,0.11666666666666667,0.11666666666666667
LNGN0435,terminal,node_throughput,89.21666666666667,87.5,58.0,115.0,12.655931371102502,0.5227272727272727,0,0,0,60,0.0,0.0,0.0
LNGN0435,terminal,pagerank,73.88333333333334,73.5,51.0,97.0,10.022164701836342,0.5500891265597149,0,0,0,60,0.0,0.0,0.0
LNGN0435,terminal,share_monthly_network_flow,89.21666666666667,87.5,58.0,115.0,12.655931371102502,0.5227272727272727,0,0,0,60,0.0,0.0,0.0
LNGN0435,terminal,total_degree,31.55,29.0,13.0,81.0,12.8107806824922,0.7816844919786096,0,7,47,60,0.0,0.11666666666666667,0.7833333333333333
LNGN0435,terminal,total_route_exposure,37.516666666666666,36.5,13.0,81.0,14.245417540527013,0.7585561497326203,0,5,33,60,0.0,0.08333333333333333,0.55
LNGN0435,terminal,total_strength,89.35,88.0,61.0,115.0,12.450342041452213,0.5220142602495543,0,0,0,60,0.0,0.0,0.0
LNGN0435,terminal,total_voyages,36.4,34.0,11.0,81.0,15.59900040256817,0.7802584670231728,0,8,40,60,0.0,0.13333333333333333,0.6666666666666666
LNGN0437,terminal,betweenness,19.6,20.0,17.0,23.0,1.1229501098234695,0.45294117647058824,0,28,60,60,0.0,0.4666666666666667,1.0
LNGN0437,terminal,eigenvector,40.53333333333333,34.0,1.0,99.0,27.919051673143983,0.6666666666666666,7,10,36,60,0.11666666666666667,0.16666666666666666,0.6
LNGN0437,terminal,node_throughput,64.8,63.0,31.0,99.0,17.752345273564966,0.5861853832442068,0,0,5,60,0.0,0.0,0.08333333333333333
LNGN0437,terminal,pagerank,55.88333333333333,51.5,23.0,99.0,20.84656754794596,0.6342691622103387,0,0,12,60,0.0,0.0,0.2
LNGN0437,terminal,share_monthly_network_flow,64.8,63.0,31.0,99.0,17.752345273564966,0.5861853832442068,0,0,5,60,0.0,0.0,0.08333333333333333
LNGN0437,terminal,total_degree,60.9,61.0,27.0,99.0,19.10869887986505,0.5307040998217469,0,0,9,60,0.0,0.0,0.15
LNGN0437,terminal,total_route_exposure,61.25,59.5,27.0,99.0,19.069564889759437,0.555614973262032,0,0,6,60,0.0,0.0,0.1
LNGN0437,terminal,total_strength,65.83333333333333,64.5,34.0,99.0,17.092139799856923,0.5807040998217469,0,0,3,60,0.0,0.0,0.05
LNGN0437,terminal,total_voyages,63.88333333333333,62.5,34.0,99.0,17.461911739037077,0.5548128342245989,0,0,5,60,0.0,0.0,0.08333333333333333
LNGN0441,terminal,betweenness,19.6,20.0,17.0,23.0,1.1229501098234695,0.45294117647058824,0,28,60,60,0.0,0.4666666666666667,1.0
LNGN0441,terminal,eigenvector,64.28333333333333,72.0,1.0,103.0,26.480623979198143,0.5808823529411764,7,7,8,60,0.11666666666666667,0.11666666666666667,0.13333333333333333
LNGN0441,terminal,node_throughput,52.1,49.0,19.0,99.0,17.95257405650335,0.7039661319073083,0,1,15,60,0.0,0.016666666666666666,0.25
LNGN0441,terminal,pagerank,75.35,74.5,51.0,99.0,10.520077656476932,0.5285204991087344,0,0,0,60,0.0,0.0,0.0
LNGN0441,terminal,share_monthly_network_flow,52.1,49.0,19.0,99.0,17.95257405650335,0.7039661319073083,0,1,15,60,0.0,0.016666666666666666,0.25
LNGN0441,terminal,total_degree,43.55,41.0,23.0,99.0,16.612661089499664,0.6840463458110516,0,0,25,60,0.0,0.0,0.4166666666666667
LNGN0441,terminal,total_route_exposure,40.31666666666667,37.0,13.0,99.0,19.001776604420275,0.7286096256684492,0,3,34,60,0.0,0.05,0.5666666666666667
LNGN0441,terminal,total_strength,53.666666666666664,51.0,24.0,99.0,17.25547485377839,0.6955882352941176,0,0,12,60,0.0,0.0,0.2
LNGN0441,terminal,total_voyages,46.3,43.5,17.0,99.0,18.127888431448678,0.7020944741532976,0,2,23,60,0.0,0.03333333333333333,0.38333333333333336
LNGN0442,terminal,betweenness,19.6,20.0,17.0,23.0,1.1229501098234695,0.45294117647058824,0,28,60,60,0.0,0.4666666666666667,1.0
LNGN0442,terminal,eigenvector,78.55,87.0,1.0,123.0,31.00378599079008,0.3733065953654189,7,7,7,60,0.11666666666666667,0.11666666666666667,0.11666666666666667
LNGN0442,terminal,node_throughput,85.16666666666667,87.0,33.0,123.0,16.191823283464338,0.37014260249554365,0,0,1,60,0.0,0.0,0.016666666666666666
LNGN0442,terminal,pagerank,83.3,86.0,25.0,123.0,18.37583158501072,0.38155080213903747,0,0,2,60,0.0,0.0,0.03333333333333333
LNGN0442,terminal,share_monthly_network_flow,85.16666666666667,87.0,33.0,123.0,16.191823283464338,0.37014260249554365,0,0,1,60,0.0,0.0,0.016666666666666666
LNGN0442,terminal,total_degree,79.01666666666667,85.5,15.0,123.0,22.78082130233761,0.3744206773618538,0,1,4,60,0.0,0.016666666666666666,0.06666666666666667
LNGN0442,terminal,total_route_exposure,81.65,85.5,20.0,123.0,19.84586794716399,0.36524064171122994,0,0,2,60,0.0,0.0,0.03333333333333333
LNGN0442,terminal,total_strength,85.58333333333333,87.0,36.0,123.0,15.557756435641174,0.36800356506238857,0,0,1,60,0.0,0.0,0.016666666666666666
LNGN0442,terminal,total_voyages,83.28333333333333,86.0,30.0,123.0,17.90283725896272,0.3622994652406417,0,0,1,60,0.0,0.0,0.016666666666666666
LNGN0447,terminal,betweenness,19.6,20.0,17.0,23.0,1.1229501098234695,0.45294117647058824,0,28,60,60,0.0,0.4666666666666667,1.0
LNGN0447,terminal,eigenvector,78.66666666666667,88.5,1.0,123.0,34.829690561829125,0.3334670231729055,7,7,9,60,0.11666666666666667,0.11666666666666667,0.15
LNGN0447,terminal,node_throughput,93.95,92.5,58.0,123.0,14.58281435719015,0.2860516934046346,0,0,0,60,0.0,0.0,0.0
LNGN0447,terminal,pagerank,91.45,91.5,39.0,123.0,17.148825131472734,0.2997326203208556,0,0,0,60,0.0,0.0,0.0
LNGN0447,terminal,share_monthly_network_flow,93.95,92.5,58.0,123.0,14.58281435719015,0.2860516934046346,0,0,0,60,0.0,0.0,0.0
LNGN0447,terminal,total_degree,90.56666666666666,91.5,41.0,123.0,18.422873279893285,0.2913101604278075,0,0,0,60,0.0,0.0,0.0
LNGN0447,terminal,total_route_exposure,91.16666666666667,91.5,47.0,123.0,17.357816259850615,0.2897058823529412,0,0,0,60,0.0,0.0,0.0
LNGN0447,terminal,total_strength,94.01666666666667,92.5,58.0,123.0,14.491951789412877,0.2857397504456328,0,0,0,60,0.0,0.0,0.0
LNGN0447,terminal,total_voyages,92.25,91.5,54.0,123.0,15.573363831136447,0.28680926916221033,0,0,0,60,0.0,0.0,0.0
LNGN0449,terminal,betweenness,19.6,20.0,17.0,23.0,1.1229501098234695,0.45294117647058824,0,28,60,60,0.0,0.4666666666666667,1.0
LNGN0449,terminal,eigenvector,52.8,54.5,1.0,97.0,26.343107676086703,0.6145276292335117,7,7,15,60,0.11666666666666667,0.11666666666666667,0.25
LNGN0449,terminal,node_throughput,56.2,49.0,21.0,101.0,22.767654725397506,0.645409982174688,0,0,14,60,0.0,0.0,0.23333333333333334
LNGN0449,terminal,pagerank,34.46666666666667,24.0,7.0,101.0,27.983934051018476,0.7619429590017825,6,23,46,60,0.1,0.38333333333333336,0.7666666666666667
LNGN0449,terminal,share_monthly_network_flow,56.2,49.0,21.0,101.0,22.767654725397506,0.645409982174688,0,0,14,60,0.0,0.0,0.23333333333333334
LNGN0449,terminal,total_degree,62.083333333333336,61.0,36.0,101.0,15.197336593891132,0.5267379679144385,0,0,3,60,0.0,0.0,0.05
LNGN0449,terminal,total_route_exposure,58.31666666666667,58.5,23.0,101.0,20.263092998185332,0.5815508021390374,0,0,13,60,0.0,0.0,0.21666666666666667
LNGN0449,terminal,total_strength,57.31666666666667,50.5,23.0,101.0,21.990361268077542,0.6395721925133689,0,0,11,60,0.0,0.0,0.18333333333333332
LNGN0449,terminal,total_voyages,56.11666666666667,50.5,22.0,101.0,20.324562802366614,0.6159982174688057,0,0,11,60,0.0,0.0,0.18333333333333332
LNGN0452,terminal,betweenness,19.6,20.0,17.0,23.0,1.1229501098234695,0.45294117647058824,0,28,60,60,0.0,0.4666666666666667,1.0
LNGN0452,terminal,eigenvector,32.766666666666666,33.5,1.0,71.0,16.90588771842587,0.7721033868092692,8,11,37,60,0.13333333333333333,0.18333333333333332,0.6166666666666667
LNGN0452,terminal,node_throughput,7.866666666666666,7.0,2.0,18.0,3.1914433622521448,0.9632798573975044,54,60,60,60,0.9,1.0,1.0
LNGN0452,terminal,pagerank,73.63333333333334,73.0,51.0,97.0,10.02871583219596,0.5555258467023172,0,0,0,60,0.0,0.0,0.0
LNGN0452,terminal,share_monthly_network_flow,7.866666666666666,7.0,2.0,18.0,3.1914433622521448,0.9632798573975044,54,60,60,60,0.9,1.0,1.0
LNGN0452,terminal,total_degree,11.633333333333333,11.0,2.0,29.0,4.801012134344621,0.9310606060606061,26,57,60,60,0.43333333333333335,0.95,1.0
LNGN0452,terminal,total_route_exposure,12.083333333333334,12.0,1.0,25.0,4.854812976783762,0.9356060606060606,24,57,60,60,0.4,0.95,1.0
LNGN0452,terminal,total_strength,11.65,11.0,4.0,21.0,3.5502446800376446,0.943048128342246,26,57,60,60,0.43333333333333335,0.95,1.0
LNGN0452,terminal,total_voyages,6.883333333333334,6.0,1.0,19.0,3.425189177834533,0.9666666666666667,54,60,60,60,0.9,1.0,1.0
LNGN0453,terminal,betweenness,19.6,20.0,17.0,23.0,1.1229501098234695,0.45294117647058824,0,28,60,60,0.0,0.4666666666666667,1.0
LNGN0453,terminal,eigenvector,80.48333333333333,85.5,1.0,123.0,33.02823223083223,0.3806595365418895,7,7,7,60,0.11666666666666667,0.11666666666666667,0.11666666666666667
LNGN0453,terminal,node_throughput,90.9,87.0,60.0,123.0,15.832491800413774,0.36715686274509807,0,0,0,60,0.0,0.0,0.0
LNGN0453,terminal,pagerank,81.0,84.5,36.0,123.0,25.1214001553001,0.42032085561497323,0,0,1,60,0.0,0.0,0.016666666666666666
LNGN0453,terminal,share_monthly_network_flow,90.9,87.0,60.0,123.0,15.832491800413774,0.36715686274509807,0,0,0,60,0.0,0.0,0.0
LNGN0453,terminal,total_degree,80.4,84.5,36.0,123.0,25.822208284303766,0.3838680926916221,0,0,1,60,0.0,0.0,0.016666666666666666
LNGN0453,terminal,total_route_exposure,82.36666666666666,84.5,38.0,123.0,23.833438030665693,0.37985739750445635,0,0,1,60,0.0,0.0,0.016666666666666666
LNGN0453,terminal,total_strength,91.05,87.0,61.0,123.0,15.692408830872791,0.3663992869875223,0,0,0,60,0.0,0.0,0.0
LNGN0453,terminal,total_voyages,84.51666666666667,85.5,44.0,123.0,21.718922209007143,0.3748217468805704,0,0,0,60,0.0,0.0,0.0
LNGN0460,terminal,betweenness,19.6,20.0,17.0,23.0,1.1229501098234695,0.45294117647058824,0,28,60,60,0.0,0.4666666666666667,1.0
LNGN0460,terminal,eigenvector,60.93333333333333,63.0,1.0,111.0,31.249063262796536,0.5772281639928699,8,9,12,60,0.13333333333333333,0.15,0.2
LNGN0460,terminal,node_throughput,63.18333333333333,60.5,21.0,115.0,21.831784997067746,0.6229946524064172,0,0,8,60,0.0,0.0,0.13333333333333333
LNGN0460,terminal,pagerank,45.95,39.5,9.0,113.0,24.435612383207687,0.7159982174688058,1,5,29,60,0.016666666666666666,0.08333333333333333,0.48333333333333334
LNGN0460,terminal,share_monthly_network_flow,63.18333333333333,60.5,21.0,115.0,21.831784997067746,0.6229946524064172,0,0,8,60,0.0,0.0,0.13333333333333333
LNGN0460,terminal,total_degree,48.8,42.5,10.0,113.0,23.767803318276414,0.6366755793226382,1,3,26,60,0.016666666666666666,0.05,0.43333333333333335
LNGN0460,terminal,total_route_exposure,52.4,47.5,15.0,113.0,22.7389011853837,0.6344474153297683,0,3,19,60,0.0,0.05,0.31666666666666665
LNGN0460,terminal,total_strength,64.55,62.0,25.0,115.0,21.030587086915553,0.6159090909090909,0,0,5,60,0.0,0.0,0.08333333333333333
LNGN0460,terminal,total_voyages,57.63333333333333,54.5,20.0,113.0,21.374756746889556,0.6148395721925134,0,0,12,60,0.0,0.0,0.2
LNGN0463,terminal,betweenness,19.6,20.0,17.0,23.0,1.1229501098234695,0.45294117647058824,0,28,60,60,0.0,0.4666666666666667,1.0
LNGN0463,terminal,eigenvector,28.45,25.0,1.0,85.0,18.66241123811012,0.7853386809269162,7,23,44,60,0.11666666666666667,0.38333333333333336,0.7333333333333333
LNGN0463,terminal,node_throughput,45.483333333333334,41.5,16.0,92.0,18.25570880450283,0.7464795008912656,0,2,27,60,0.0,0.03333333333333333,0.45
LNGN0463,terminal,pagerank,25.7,19.0,2.0,88.0,21.67424465479552,0.8536541889483066,17,31,46,60,0.2833333333333333,0.5166666666666667,0.7666666666666667
LNGN0463,terminal,share_monthly_network_flow,45.483333333333334,41.5,16.0,92.0,18.25570880450283,0.7464795008912656,0,2,27,60,0.0,0.03333333333333333,0.45
LNGN0463,terminal,total_degree,32.53333333333333,26.0,12.0,88.0,17.472949230231855,0.7696969696969697,0,11,45,60,0.0,0.18333333333333332,0.75
LNGN0463,terminal,total_route_exposure,35.833333333333336,31.0,13.0,88.0,17.192988979711973,0.7629233511586453,0,6,41,60,0.0,0.1,0.6833333333333333
LNGN0463,terminal,total_strength,47.7,43.5,21.0,94.0,17.45046257460806,0.7348484848484849,0,0,20,60,0.0,0.0,0.3333333333333333
LNGN0463,terminal,total_voyages,41.71666666666667,37.5,13.0,90.0,17.86682530075457,0.7377896613190731,0,2,32,60,0.0,0.03333333333333333,0.5333333333333333
LNGN0464,terminal,betweenness,19.6,20.0,17.0,23.0,1.1229501098234695,0.45294117647058824,0,28,60,60,0.0,0.4666666666666667,1.0
LNGN0464,terminal,eigenvector,49.78333333333333,54.5,1.0,95.0,21.572967757198068,0.6764260249554367,7,7,11,60,0.11666666666666667,0.11666666666666667,0.18333333333333332
LNGN0464,terminal,node_throughput,23.283333333333335,17.0,7.0,82.0,15.195998209460306,0.8761586452762924,3,33,53,60,0.05,0.55,0.8833333333333333
LNGN0464,terminal,pagerank,33.7,32.0,10.0,82.0,13.438245446410258,0.8204545454545454,1,6,45,60,0.016666666666666666,0.1,0.75
LNGN0464,terminal,share_monthly_network_flow,23.283333333333335,17.0,7.0,82.0,15.195998209460306,0.8761586452762924,3,33,53,60,0.05,0.55,0.8833333333333333
LNGN0464,terminal,total_degree,29.0,29.0,13.0,82.0,9.854879201075809,0.8004010695187166,0,6,55,60,0.0,0.1,0.9166666666666666
LNGN0464,terminal,total_route_exposure,32.93333333333333,31.5,13.0,82.0,11.209660885822606,0.7895276292335116,0,5,45,60,0.0,0.08333333333333333,0.75
LNGN0464,terminal,total_strength,27.1,23.0,12.0,82.0,14.141776073339392,0.8557486631016042,0,22,52,60,0.0,0.36666666666666664,0.8666666666666667
LNGN0464,terminal,total_voyages,20.05,15.0,4.0,82.0,13.152849791095413,0.8827540106951872,6,40,55,60,0.1,0.6666666666666666,0.9166666666666666
LNGN0472,terminal,betweenness,19.6,20.0,17.0,23.0,1.1229501098234695,0.45294117647058824,0,28,60,60,0.0,0.4666666666666667,1.0
LNGN0472,terminal,eigenvector,54.25,47.5,1.0,123.0,33.757171240634065,0.5685383244206773,7,7,23,60,0.11666666666666667,0.11666666666666667,0.38333333333333336
LNGN0472,terminal,node_throughput,81.65,83.0,35.0,123.0,19.17345004011218,0.47174688057041,0,0,1,60,0.0,0.0,0.016666666666666666
LNGN0472,terminal,pagerank,70.45,68.5,20.0,123.0,22.472902703749764,0.5324420677361854,0,0,2,60,0.0,0.0,0.03333333333333333
LNGN0472,terminal,share_monthly_network_flow,81.65,83.0,35.0,123.0,19.17345004011218,0.47174688057041,0,0,1,60,0.0,0.0,0.016666666666666666
LNGN0472,terminal,total_degree,67.9,62.5,29.0,123.0,23.634003082315854,0.479144385026738,0,0,6,60,0.0,0.0,0.1
LNGN0472,terminal,total_route_exposure,71.76666666666667,71.0,29.0,123.0,21.97870052655885,0.4736185383244207,0,0,3,60,0.0,0.0,0.05
LNGN0472,terminal,total_strength,82.1,83.0,36.0,123.0,18.672648355553893,0.46934046345811054,0,0,1,60,0.0,0.0,0.016666666666666666
LNGN0472,terminal,total_voyages,75.8,75.0,32.0,123.0,19.643259075790958,0.4643048128342246,0,0,1,60,0.0,0.0,0.016666666666666666
LNGN0473,terminal,betweenness,19.6,20.0,17.0,23.0,1.1229501098234695,0.45294117647058824,0,28,60,60,0.0,0.4666666666666667,1.0
LNGN0473,terminal,eigenvector,40.78333333333333,22.0,1.0,102.0,35.54996086515602,0.6685383244206773,9,24,38,60,0.15,0.4,0.6333333333333333
LNGN0473,terminal,node_throughput,69.6,71.5,15.0,117.0,22.947397474386012,0.5632798573975044,0,2,7,60,0.0,0.03333333333333333,0.11666666666666667
LNGN0473,terminal,pagerank,61.25,64.5,8.0,104.0,24.894097728074318,0.6096702317290552,2,3,11,60,0.03333333333333333,0.05,0.18333333333333332
LNGN0473,terminal,share_monthly_network_flow,69.6,71.5,15.0,117.0,22.947397474386012,0.5632798573975044,0,2,7,60,0.0,0.03333333333333333,0.11666666666666667
LNGN0473,terminal,total_degree,60.95,57.5,17.0,104.0,22.388272505102126,0.5368538324420677,0,1,10,60,0.0,0.016666666666666666,0.16666666666666666
LNGN0473,terminal,total_route_exposure,65.43333333333334,65.5,18.0,104.0,21.56768350452622,0.5267379679144385,0,1,6,60,0.0,0.016666666666666666,0.1
LNGN0473,terminal,total_strength,70.66666666666667,72.5,18.0,117.0,22.14487480718707,0.5577540106951873,0,1,5,60,0.0,0.016666666666666666,0.08333333333333333
LNGN0473,terminal,total_voyages,67.33333333333333,70.0,14.0,104.0,22.43534338423109,0.5346256684491979,0,1,7,60,0.0,0.016666666666666666,0.11666666666666667
LNGN0474,terminal,betweenness,19.6,20.0,17.0,23.0,1.1229501098234695,0.45294117647058824,0,28,60,60,0.0,0.4666666666666667,1.0
LNGN0474,terminal,eigenvector,71.43333333333334,80.0,1.0,109.0,28.781683597984035,0.5313725490196078,7,7,7,60,0.11666666666666667,0.11666666666666667,0.11666666666666667
LNGN0474,terminal,node_throughput,53.96666666666667,53.5,17.0,92.0,18.50878551507197,0.6781639928698752,0,1,12,60,0.0,0.016666666666666666,0.2
LNGN0474,terminal,pagerank,30.216666666666665,24.0,7.0,88.0,21.801952693346934,0.8057486631016043,6,21,48,60,0.1,0.35,0.8
LNGN0474,terminal,share_monthly_network_flow,53.96666666666667,53.5,17.0,92.0,18.50878551507197,0.6781639928698752,0,1,12,60,0.0,0.016666666666666666,0.2
LNGN0474,terminal,total_degree,58.81666666666667,57.0,36.0,88.0,12.069701057433827,0.5567736185383244,0,0,2,60,0.0,0.0,0.03333333333333333
LNGN0474,terminal,total_route_exposure,50.9,48.5,22.0,88.0,16.90922925204768,0.644964349376114,0,0,16,60,0.0,0.0,0.26666666666666666
LNGN0474,terminal,total_strength,55.3,54.0,20.0,94.0,17.757595653405065,0.6711675579322639,0,0,11,60,0.0,0.0,0.18333333333333332
LNGN0474,terminal,total_voyages,53.53333333333333,52.0,16.0,90.0,17.852946076651303,0.6447415329768271,0,1,10,60,0.0,0.016666666666666666,0.16666666666666666
