terminal_id,modal_role,metric,active_months,lag1_autocorrelation
LNGN0004,importer,throughput,3,
LNGN0004,importer,voyage_count,3,
LNGN0004,importer,counterparty_count,3,
LNGN0004,importer,counterparty_hhi_terminal,3,
LNGN0004,importer,counterparty_hhi_country,3,
LNGN0004,importer,effective_counterparties_terminal,3,
LNGN0004,importer,effective_counterparties_country,3,
LNGN0004,importer,max_dependence_generated,0,
LNGN0004,importer,weighted_dependence_generated,0,
LNGN0004,importer,country_terminal_dependence,3,
LNGN0004,importer,import_pagerank,3,
LNGN0004,importer,export_pagerank,3,
LNGN0004,importer,role_specific_pagerank,3,
LNGN0004,importer,role_specific_dependence,3,
LNGN0006,importer,throughput,3,
LNGN0006,importer,voyage_count,3,
LNGN0006,importer,counterparty_count,3,
LNGN0006,importer,counterparty_hhi_terminal,3,
LNGN0006,importer,counterparty_hhi_country,3,
LNGN0006,importer,effective_counterparties_terminal,3,
LNGN0006,importer,effective_counterparties_country,3,
LNGN0006,importer,max_dependence_generated,0,
LNGN0006,importer,weighted_dependence_generated,0,
LNGN0006,importer,country_terminal_dependence,3,
LNGN0006,importer,import_pagerank,3,
LNGN0006,importer,export_pagerank,3,
LNGN0006,importer,role_specific_pagerank,3,
LNGN0006,importer,role_specific_dependence,3,
LNGN0008,importer,throughput,40,0.266796833033
LNGN0008,importer,voyage_count,40,0.344611248039
LNGN0008,importer,counterparty_count,40,0.496244180002
LNGN0008,importer,counterparty_hhi_terminal,40,0.429798352307
LNGN0008,importer,counterparty_hhi_country,40,0.423881566322
LNGN0008,importer,effective_counterparties_terminal,40,0.411789598457
LNGN0008,importer,effective_counterparties_country,40,0.358631845904
LNGN0008,importer,max_dependence_generated,0,
LNGN0008,importer,weighted_dependence_generated,0,
LNGN0008,importer,country_terminal_dependence,40,
LNGN0008,importer,import_pagerank,40,0.485237039015
LNGN0008,importer,export_pagerank,40,0.794007234242
LNGN0008,importer,role_specific_pagerank,40,0.485237039015
LNGN0008,importer,role_specific_dependence,40,
LNGN0013,exporter,throughput,6,-0.245566202443
LNGN0013,exporter,voyage_count,6,-0.25
LNGN0013,exporter,counterparty_count,6,-0.25
LNGN0013,exporter,counterparty_hhi_terminal,6,-0.25
LNGN0013,exporter,counterparty_hhi_country,6,-0.25
LNGN0013,exporter,effective_counterparties_terminal,6,-0.25
LNGN0013,exporter,effective_counterparties_country,6,-0.25
LNGN0013,exporter,max_dependence_generated,6,-0.403530629436
LNGN0013,exporter,weighted_dependence_generated,6,-0.33687654025
LNGN0013,exporter,country_terminal_dependence,0,
LNGN0013,exporter,import_pagerank,6,0.364887747774
LNGN0013,exporter,export_pagerank,6,-0.00369418026628
LNGN0013,exporter,role_specific_pagerank,6,-0.00369418026628
LNGN0013,exporter,role_specific_dependence,6,-0.33687654025
LNGN0017,importer,throughput,2,
LNGN0017,importer,voyage_count,2,
LNGN0017,importer,counterparty_count,2,
LNGN0017,importer,counterparty_hhi_terminal,2,
LNGN0017,importer,counterparty_hhi_country,2,
LNGN0017,importer,effective_counterparties_terminal,2,
LNGN0017,importer,effective_counterparties_country,2,
LNGN0017,importer,max_dependence_generated,0,
LNGN0017,importer,weighted_dependence_generated,0,
LNGN0017,importer,country_terminal_dependence,2,
LNGN0017,importer,import_pagerank,2,
LNGN0017,importer,export_pagerank,2,
LNGN0017,importer,role_specific_pagerank,2,
LNGN0017,importer,role_specific_dependence,2,
LNGN0025,importer,throughput,15,-0.300963867134
LNGN0025,importer,voyage_count,15,-0.277614955819
LNGN0025,importer,counterparty_count,15,-0.289473684211
LNGN0025,importer,counterparty_hhi_terminal,15,-0.284699201563
LNGN0025,importer,counterparty_hhi_country,15,-0.388939707737
LNGN0025,importer,effective_counterparties_terminal,15,-0.309017677166
LNGN0025,importer,effective_counterparties_country,15,-0.371716985573
LNGN0025,importer,max_dependence_generated,0,
LNGN0025,importer,weighted_dependence_generated,0,
LNGN0025,importer,country_terminal_dependence,15,0.300058245215
LNGN0025,importer,import_pagerank,15,-0.0682872677874
LNGN0025,importer,export_pagerank,15,0.765619706492
LNGN0025,importer,role_specific_pagerank,15,-0.0682872677874
LNGN0025,importer,role_specific_dependence,15,0.300058245215
LNGN0026,exporter,throughput,60,0.506836633443
LNGN0026,exporter,voyage_count,60,0.435310584853
LNGN0026,exporter,counterparty_count,60,0.657916767869
LNGN0026,exporter,counterparty_hhi_terminal,60,0.305094966776
LNGN0026,exporter,counterparty_hhi_country,60,0.194360788176
LNGN0026,exporter,effective_counterparties_terminal,60,0.567048249351
LNGN0026,exporter,effective_counterparties_country,60,0.344617495147
LNGN0026,exporter,max_dependence_generated,60,0.306356665125
LNGN0026,exporter,weighted_dependence_generated,60,0.359404017869
LNGN0026,exporter,country_terminal_dependence,0,
LNGN0026,exporter,import_pagerank,60,0.833071376826
LNGN0026,exporter,export_pagerank,60,0.283285424785
LNGN0026,exporter,role_specific_pagerank,60,0.283285424785
LNGN0026,exporter,role_specific_dependence,60,0.359404017869
LNGN0027,exporter,throughput,56,0.357432508412
LNGN0027,exporter,voyage_count,56,0.359565720215
LNGN0027,exporter,counterparty_count,56,0.344622797773
LNGN0027,exporter,counterparty_hhi_terminal,56,0.380874398161
LNGN0027,exporter,counterparty_hhi_country,56,0.320845177131
LNGN0027,exporter,effective_counterparties_terminal,56,0.316186391761
LNGN0027,exporter,effective_counterparties_country,56,0.312533358785
LNGN0027,exporter,max_dependence_generated,56,0.216396998715
LNGN0027,exporter,weighted_dependence_generated,56,0.0763040540465
LNGN0027,exporter,country_terminal_dependence,0,
LNGN0027,exporter,import_pagerank,56,0.838107899674
LNGN0027,exporter,export_pagerank,56,0.166346064184
LNGN0027,exporter,role_specific_pagerank,56,0.166346064184
LNGN0027,exporter,role_specific_dependence,56,0.0763040540465
LNGN0031,importer,throughput,2,
LNGN0031,importer,voyage_count,2,
LNGN0031,importer,counterparty_count,2,
LNGN0031,importer,counterparty_hhi_terminal,2,
LNGN0031,importer,counterparty_hhi_country,2,
LNGN0031,importer,effective_counterparties_terminal,2,
LNGN0031,importer,effective_counterparties_country,2,
LNGN0031,importer,max_dependence_generated,0,
LNGN0031,importer,weighted_dependence_generated,0,
LNGN0031,importer,country_terminal_dependence,2,
LNGN0031,importer,import_pagerank,2,
LNGN0031,importer,export_pagerank,2,
LNGN0031,importer,role_specific_pagerank,2,
LNGN0031,importer,role_specific_dependence,2,
LNGN0035,importer,throughput,51,0.182373127546
LNGN0035,importer,voyage_count,51,0.262270400482
LNGN0035,importer,counterparty_count,51,0.24860455131
LNGN0035,importer,counterparty_hhi_terminal,51,0.156812652717
LNGN0035,importer,counterparty_hhi_country,51,0.223769323466
LNGN0035,importer,effective_counterparties_terminal,51,0.19076478715
LNGN0035,importer,effective_counterparties_country,51,0.338866121619
LNGN0035,importer,max_dependence_generated,0,
LNGN0035,importer,weighted_dependence_generated,0,
LNGN0035,importer,country_terminal_dependence,51,0.200187677885
LNGN0035,importer,import_pagerank,51,0.199513524625
LNGN0035,importer,export_pagerank,51,0.798328680586
LNGN0035,importer,role_specific_pagerank,51,0.199513524625
LNGN0035,importer,role_specific_dependence,51,0.200187677885
LNGN0037,importer,throughput,58,0.369128965958
LNGN0037,importer,voyage_count,58,0.361455092421
LNGN0037,importer,counterparty_count,58,0.388622749291
LNGN0037,importer,counterparty_hhi_terminal,58,0.259190696689
LNGN0037,importer,counterparty_hhi_country,58,0.241085743976
LNGN0037,importer,effective_counterparties_terminal,58,0.345500556818
LNGN0037,importer,effective_counterparties_country,58,0.293954638931
LNGN0037,importer,max_dependence_generated,0,
LNGN0037,importer,weighted_dependence_generated,0,
LNGN0037,importer,country_terminal_dependence,58,0.200876820995
LNGN0037,importer,import_pagerank,58,0.209153522134
LNGN0037,importer,export_pagerank,58,0.786066798625
LNGN0037,importer,role_specific_pagerank,58,0.209153522134
LNGN0037,importer,role_specific_dependence,58,0.200876820995
LNGN0039,exporter,throughput,11,-0.219512195122
LNGN0039,exporter,voyage_count,11,-0.219512195122
LNGN0039,exporter,counterparty_count,11,-0.25
LNGN0039,exporter,counterparty_hhi_terminal,11,-0.248923341947
LNGN0039,exporter,counterparty_hhi_country,11,
LNGN0039,exporter,effective_counterparties_terminal,11,-0.246200607903
LNGN0039,exporter,effective_counterparties_country,11,
LNGN0039,exporter,max_dependence_generated,11,-0.111111111111
LNGN0039,exporter,weighted_dependence_generated,11,-0.219512195122
LNGN0039,exporter,country_terminal_dependence,0,
LNGN0039,exporter,import_pagerank,11,0.857316916672
LNGN0039,exporter,export_pagerank,11,0.676924246669
LNGN0039,exporter,role_specific_pagerank,11,0.676924246669
LNGN0039,exporter,role_specific_dependence,11,-0.219512195122
LNGN0040,importer,throughput,44,-0.0676730102618
LNGN0040,importer,voyage_count,44,-0.0374376039933
LNGN0040,importer,counterparty_count,44,-0.00951776649746
LNGN0040,importer,counterparty_hhi_terminal,44,-0.0141015400903
LNGN0040,importer,counterparty_hhi_country,44,0.106120677651
LNGN0040,importer,effective_counterparties_terminal,44,0.00653137710384
LNGN0040,importer,effective_counterparties_country,44,0.0454922500301
LNGN0040,importer,max_dependence_generated,0,
LNGN0040,importer,weighted_dependence_generated,0,
LNGN0040,importer,country_terminal_dependence,44,-0.312010951446
LNGN0040,importer,import_pagerank,44,0.187865078593
LNGN0040,importer,export_pagerank,44,0.790621558423
LNGN0040,importer,role_specific_pagerank,44,0.187865078593
LNGN0040,importer,role_specific_dependence,44,-0.312010951446
LNGN0044,importer,throughput,28,0.0492034648573
LNGN0044,importer,voyage_count,28,0.0330891298004
LNGN0044,importer,counterparty_count,28,-0.1
LNGN0044,importer,counterparty_hhi_terminal,28,-0.0997091658305
LNGN0044,importer,counterparty_hhi_country,28,-0.0997091658305
LNGN0044,importer,effective_counterparties_terminal,28,-0.0989933565022
LNGN0044,importer,effective_counterparties_country,28,-0.0989933565022
LNGN0044,importer,max_dependence_generated,0,
LNGN0044,importer,weighted_dependence_generated,0,
LNGN0044,importer,country_terminal_dependence,28,-0.013759366866
LNGN0044,importer,import_pagerank,28,0.257260603935
LNGN0044,importer,export_pagerank,28,0.856765894321
LNGN0044,importer,role_specific_pagerank,28,0.257260603935
LNGN0044,importer,role_specific_dependence,28,-0.013759366866
LNGN0045,importer,throughput,7,0.155798625157
LNGN0045,importer,voyage_count,7,
LNGN0045,importer,counterparty_count,7,
LNGN0045,importer,counterparty_hhi_terminal,7,
LNGN0045,importer,counterparty_hhi_country,7,
LNGN0045,importer,effective_counterparties_terminal,7,
LNGN0045,importer,effective_counterparties_country,7,
LNGN0045,importer,max_dependence_generated,0,
LNGN0045,importer,weighted_dependence_generated,0,
LNGN0045,importer,country_terminal_dependence,7,-0.350833594395
LNGN0045,importer,import_pagerank,7,0.498840799585
LNGN0045,importer,export_pagerank,7,0.415662018481
LNGN0045,importer,role_specific_pagerank,7,0.498840799585
LNGN0045,importer,role_specific_dependence,7,-0.350833594395
LNGN0050,exporter,throughput,58,0.699254075063
LNGN0050,exporter,voyage_count,58,0.694079104743
LNGN0050,exporter,counterparty_count,58,0.629221139401
LNGN0050,exporter,counterparty_hhi_terminal,58,0.493624529128
LNGN0050,exporter,counterparty_hhi_country,58,0.431241678402
LNGN0050,exporter,effective_counterparties_terminal,58,0.538064410769
LNGN0050,exporter,effective_counterparties_country,58,0.484795695366
LNGN0050,exporter,max_dependence_generated,58,0.020532338465
LNGN0050,exporter,weighted_dependence_generated,58,0.113938059319
LNGN0050,exporter,country_terminal_dependence,0,
LNGN0050,exporter,import_pagerank,58,0.825308362065
LNGN0050,exporter,export_pagerank,58,0.219907022
LNGN0050,exporter,role_specific_pagerank,58,0.219907022
LNGN0050,exporter,role_specific_dependence,58,0.113938059319
LNGN0052,exporter,throughput,32,0.266031643628
LNGN0052,exporter,voyage_count,32,0.261904761905
LNGN0052,exporter,counterparty_count,32,-0.107142857143
LNGN0052,exporter,counterparty_hhi_terminal,32,-0.107142099241
LNGN0052,exporter,counterparty_hhi_country,32,-0.0689655172414
LNGN0052,exporter,effective_counterparties_terminal,32,-0.107139847964
LNGN0052,exporter,effective_counterparties_country,32,-0.0689655172414
LNGN0052,exporter,max_dependence_generated,32,-0.0202600251628
LNGN0052,exporter,weighted_dependence_generated,32,-0.0113879693044
LNGN0052,exporter,country_terminal_dependence,0,
LNGN0052,exporter,import_pagerank,32,0.861015947606
LNGN0052,exporter,export_pagerank,32,0.260644664253
LNGN0052,exporter,role_specific_pagerank,32,0.260644664253
LNGN0052,exporter,role_specific_dependence,32,-0.0113879693044
LNGN0055,importer,throughput,10,-0.237202739841
LNGN0055,importer,voyage_count,10,-0.25
LNGN0055,importer,counterparty_count,10,-0.216216216216
LNGN0055,importer,counterparty_hhi_terminal,10,-0.266882311351
LNGN0055,importer,counterparty_hhi_country,10,-0.274751813486
LNGN0055,importer,effective_counterparties_terminal,10,-0.210737457607
LNGN0055,importer,effective_counterparties_country,10,-0.242231630379
LNGN0055,importer,max_dependence_generated,0,
LNGN0055,importer,weighted_dependence_generated,0,
LNGN0055,importer,country_terminal_dependence,10,
LNGN0055,importer,import_pagerank,10,0.15386463496
LNGN0055,importer,export_pagerank,10,0.395148046071
LNGN0055,importer,role_specific_pagerank,10,0.15386463496
LNGN0055,importer,role_specific_dependence,10,
LNGN0056,importer,throughput,51,-0.0305881987134
LNGN0056,importer,voyage_count,51,-0.043158110043
LNGN0056,importer,counterparty_count,51,-0.0241704219582
LNGN0056,importer,counterparty_hhi_terminal,51,0.114082990388
LNGN0056,importer,counterparty_hhi_country,51,0.0184986819969
LNGN0056,importer,effective_counterparties_terminal,51,-0.00561702474942
LNGN0056,importer,effective_counterparties_country,51,-0.0701080961122
LNGN0056,importer,max_dependence_generated,0,
LNGN0056,importer,weighted_dependence_generated,0,
LNGN0056,importer,country_terminal_dependence,51,-0.188895626415
LNGN0056,importer,import_pagerank,51,0.21137482342
LNGN0056,importer,export_pagerank,51,0.695552029967
LNGN0056,importer,role_specific_pagerank,51,0.21137482342
LNGN0056,importer,role_specific_dependence,51,-0.188895626415
LNGN0059,importer,throughput,12,-0.00633349641329
LNGN0059,importer,voyage_count,12,-0.222222222222
LNGN0059,importer,counterparty_count,12,-0.1490711985
LNGN0059,importer,counterparty_hhi_terminal,12,-0.149071185409
LNGN0059,importer,counterparty_hhi_country,12,-0.149071185409
LNGN0059,importer,effective_counterparties_terminal,12,-0.149071146313
LNGN0059,importer,effective_counterparties_country,12,-0.149071146313
LNGN0059,importer,max_dependence_generated,0,
LNGN0059,importer,weighted_dependence_generated,0,
LNGN0059,importer,country_terminal_dependence,12,-0.0980418807245
LNGN0059,importer,import_pagerank,12,0.0670851360746
LNGN0059,importer,export_pagerank,12,0.839013478187
LNGN0059,importer,role_specific_pagerank,12,0.0670851360746
LNGN0059,importer,role_specific_dependence,12,-0.0980418807245
LNGN0069,exporter,throughput,1,
LNGN0069,exporter,voyage_count,1,
LNGN0069,exporter,counterparty_count,1,
LNGN0069,exporter,counterparty_hhi_terminal,1,
LNGN0069,exporter,counterparty_hhi_country,1,
LNGN0069,exporter,effective_counterparties_terminal,1,
LNGN0069,exporter,effective_counterparties_country,1,
LNGN0069,exporter,max_dependence_generated,1,
LNGN0069,exporter,weighted_dependence_generated,1,
LNGN0069,exporter,country_terminal_dependence,0,
LNGN0069,exporter,import_pagerank,1,
LNGN0069,exporter,export_pagerank,1,
LNGN0069,exporter,role_specific_pagerank,1,
LNGN0069,exporter,role_specific_dependence,1,
LNGN0070,exporter,throughput,54,0.697503955589
LNGN0070,exporter,voyage_count,54,0.68299659932
LNGN0070,exporter,counterparty_count,54,0.606395384521
LNGN0070,exporter,counterparty_hhi_terminal,54,0.487102244813
LNGN0070,exporter,counterparty_hhi_country,54,0.4750064741
LNGN0070,exporter,effective_counterparties_terminal,54,0.479388494971
LNGN0070,exporter,effective_counterparties_country,54,0.472184796977
LNGN0070,exporter,max_dependence_generated,54,0.309378287751
LNGN0070,exporter,weighted_dependence_generated,54,0.507165389214
LNGN0070,exporter,country_terminal_dependence,0,
LNGN0070,exporter,import_pagerank,54,0.851693354477
LNGN0070,exporter,export_pagerank,54,0.191692593669
LNGN0070,exporter,role_specific_pagerank,54,0.191692593669
LNGN0070,exporter,role_specific_dependence,54,0.507165389214
LNGN0074,importer,throughput,12,-0.0185991456185
LNGN0074,importer,voyage_count,12,-0.1
LNGN0074,importer,counterparty_count,12,-0.1
LNGN0074,importer,counterparty_hhi_terminal,12,-0.1
LNGN0074,importer,counterparty_hhi_country,12,
LNGN0074,importer,effective_counterparties_terminal,12,-0.1
LNGN0074,importer,effective_counterparties_country,12,
LNGN0074,importer,max_dependence_generated,0,
LNGN0074,importer,weighted_dependence_generated,0,
LNGN0074,importer,country_terminal_dependence,12,
LNGN0074,importer,import_pagerank,12,0.669473938074
LNGN0074,importer,export_pagerank,12,0.628076683848
LNGN0074,importer,role_specific_pagerank,12,0.669473938074
LNGN0074,importer,role_specific_dependence,12,
LNGN0075,exporter,throughput,1,
LNGN0075,exporter,voyage_count,1,
LNGN0075,exporter,counterparty_count,1,
LNGN0075,exporter,counterparty_hhi_terminal,1,
LNGN0075,exporter,counterparty_hhi_country,1,
LNGN0075,exporter,effective_counterparties_terminal,1,
LNGN0075,exporter,effective_counterparties_country,1,
LNGN0075,exporter,max_dependence_generated,1,
LNGN0075,exporter,weighted_dependence_generated,1,
LNGN0075,exporter,country_terminal_dependence,0,
LNGN0075,exporter,import_pagerank,1,
LNGN0075,exporter,export_pagerank,1,
LNGN0075,exporter,role_specific_pagerank,1,
LNGN0075,exporter,role_specific_dependence,1,
LNGN0076,importer,throughput,13,0.418350065406
LNGN0076,importer,voyage_count,13,0.382546027838
LNGN0076,importer,counterparty_count,13,0.277108433735
LNGN0076,importer,counterparty_hhi_terminal,13,0.0887302943546
LNGN0076,importer,counterparty_hhi_country,13,-0.487006348596
LNGN0076,importer,effective_counterparties_terminal,13,0.221599348403
LNGN0076,importer,effective_counterparties_country,13,-0.423708207621
LNGN0076,importer,max_dependence_generated,0,
LNGN0076,importer,weighted_dependence_generated,0,
LNGN0076,importer,country_terminal_dependence,13,0.659515675584
LNGN0076,importer,import_pagerank,13,0.691414849181
LNGN0076,importer,export_pagerank,13,0.774348049692
LNGN0076,importer,role_specific_pagerank,13,0.691414849181
LNGN0076,importer,role_specific_dependence,13,0.659515675584
LNGN0079,importer,throughput,21,-0.332945457806
LNGN0079,importer,voyage_count,21,-0.25
LNGN0079,importer,counterparty_count,21,-0.176470588235
LNGN0079,importer,counterparty_hhi_terminal,21,-0.176469446151
LNGN0079,importer,counterparty_hhi_country,21,-0.176469446151
LNGN0079,importer,effective_counterparties_terminal,21,-0.176466054697
LNGN0079,importer,effective_counterparties_country,21,-0.176466054697
LNGN0079,importer,max_dependence_generated,0,
LNGN0079,importer,weighted_dependence_generated,0,
LNGN0079,importer,country_terminal_dependence,21,0.164184645084
LNGN0079,importer,import_pagerank,21,0.186192878007
LNGN0079,importer,export_pagerank,21,0.780915289132
LNGN0079,importer,role_specific_pagerank,21,0.186192878007
LNGN0079,importer,role_specific_dependence,21,0.164184645084
LNGN0081,importer,throughput,24,0.0861625382522
LNGN0081,importer,voyage_count,24,-0.15
LNGN0081,importer,counterparty_count,24,-0.15
LNGN0081,importer,counterparty_hhi_terminal,24,-0.149869169922
LNGN0081,importer,counterparty_hhi_country,24,-0.0951446134688
LNGN0081,importer,effective_counterparties_terminal,24,-0.149517073926
LNGN0081,importer,effective_counterparties_country,24,-0.0948865563089
LNGN0081,importer,max_dependence_generated,0,
LNGN0081,importer,weighted_dependence_generated,0,
LNGN0081,importer,country_terminal_dependence,24,0.488075922069
LNGN0081,importer,import_pagerank,24,0.474473651766
LNGN0081,importer,export_pagerank,24,0.69683929106
LNGN0081,importer,role_specific_pagerank,24,0.474473651766
LNGN0081,importer,role_specific_dependence,24,0.488075922069
LNGN0083,exporter,throughput,27,0.364217160944
LNGN0083,exporter,voyage_count,27,0.394863563403
LNGN0083,exporter,counterparty_count,27,0.569892473118
LNGN0083,exporter,counterparty_hhi_terminal,27,0.421622474605
LNGN0083,exporter,counterparty_hhi_country,27,0.331224805378
LNGN0083,exporter,effective_counterparties_terminal,27,0.55430987902
LNGN0083,exporter,effective_counterparties_country,27,0.293556377768
LNGN0083,exporter,max_dependence_generated,27,0.0219109144415
LNGN0083,exporter,weighted_dependence_generated,27,-0.049956437432
LNGN0083,exporter,country_terminal_dependence,0,
LNGN0083,exporter,import_pagerank,27,0.738696604385
LNGN0083,exporter,export_pagerank,27,0.51657943723
LNGN0083,exporter,role_specific_pagerank,27,0.51657943723
LNGN0083,exporter,role_specific_dependence,27,-0.049956437432
LNGN0085,exporter,throughput,59,0.44915434666
LNGN0085,exporter,voyage_count,59,0.457306095944
LNGN0085,exporter,counterparty_count,59,0.338184937461
LNGN0085,exporter,counterparty_hhi_terminal,59,0.572588019237
LNGN0085,exporter,counterparty_hhi_country,59,0.567254629078
LNGN0085,exporter,effective_counterparties_terminal,59,0.290044605416
LNGN0085,exporter,effective_counterparties_country,59,0.387741949615
LNGN0085,exporter,max_dependence_generated,59,-0.0248047319818
LNGN0085,exporter,weighted_dependence_generated,59,-0.078992047759
LNGN0085,exporter,country_terminal_dependence,0,
LNGN0085,exporter,import_pagerank,59,0.824308788573
LNGN0085,exporter,export_pagerank,59,0.206174309061
LNGN0085,exporter,role_specific_pagerank,59,0.206174309061
LNGN0085,exporter,role_specific_dependence,59,-0.078992047759
LNGN0087,importer,throughput,4,0.267832020145
LNGN0087,importer,voyage_count,4,
LNGN0087,importer,counterparty_count,4,
LNGN0087,importer,counterparty_hhi_terminal,4,
LNGN0087,importer,counterparty_hhi_country,4,
LNGN0087,importer,effective_counterparties_terminal,4,
LNGN0087,importer,effective_counterparties_country,4,
LNGN0087,importer,max_dependence_generated,0,
LNGN0087,importer,weighted_dependence_generated,0,
LNGN0087,importer,country_terminal_dependence,4,
LNGN0087,importer,import_pagerank,4,0.827509718082
LNGN0087,importer,export_pagerank,4,0.953106677153
LNGN0087,importer,role_specific_pagerank,4,0.827509718082
LNGN0087,importer,role_specific_dependence,4,
LNGN0097,importer,throughput,56,0.52054038903
LNGN0097,importer,voyage_count,56,0.506395834561
LNGN0097,importer,counterparty_count,56,0.603850183342
LNGN0097,importer,counterparty_hhi_terminal,56,0.632942062956
LNGN0097,importer,counterparty_hhi_country,56,0.399167073148
LNGN0097,importer,effective_counterparties_terminal,56,0.631737279901
LNGN0097,importer,effective_counterparties_country,56,0.329974043155
LNGN0097,importer,max_dependence_generated,0,
LNGN0097,importer,weighted_dependence_generated,0,
LNGN0097,importer,country_terminal_dependence,56,0.287773902486
LNGN0097,importer,import_pagerank,56,0.180540830532
LNGN0097,importer,export_pagerank,56,0.778157160452
LNGN0097,importer,role_specific_pagerank,56,0.180540830532
LNGN0097,importer,role_specific_dependence,56,0.287773902486
LNGN0098,importer,throughput,24,0.00682942622907
LNGN0098,importer,voyage_count,24,0.0235849056604
LNGN0098,importer,counterparty_count,24,0.0235849056604
LNGN0098,importer,counterparty_hhi_terminal,24,0.0728909325051
LNGN0098,importer,counterparty_hhi_country,24,0.0728909325051
LNGN0098,importer,effective_counterparties_terminal,24,0.0263023902592
LNGN0098,importer,effective_counterparties_country,24,0.0263023902592
LNGN0098,importer,max_dependence_generated,0,
LNGN0098,importer,weighted_dependence_generated,0,
LNGN0098,importer,country_terminal_dependence,24,0.309871480198
LNGN0098,importer,import_pagerank,24,0.0239204379582
LNGN0098,importer,export_pagerank,24,0.701597616128
LNGN0098,importer,role_specific_pagerank,24,0.0239204379582
LNGN0098,importer,role_specific_dependence,24,0.309871480198
LNGN0100,importer,throughput,20,0.603612559369
LNGN0100,importer,voyage_count,20,0.617140901651
LNGN0100,importer,counterparty_count,20,0.339186925899
LNGN0100,importer,counterparty_hhi_terminal,20,0.526071459082
LNGN0100,importer,counterparty_hhi_country,20,-0.219857156543
LNGN0100,importer,effective_counterparties_terminal,20,0.359200552847
LNGN0100,importer,effective_counterparties_country,20,-0.210621304848
LNGN0100,importer,max_dependence_generated,0,
LNGN0100,importer,weighted_dependence_generated,0,
LNGN0100,importer,country_terminal_dependence,20,0.420214861312
LNGN0100,importer,import_pagerank,20,-0.0775725504013
LNGN0100,importer,export_pagerank,20,0.5655636442
LNGN0100,importer,role_specific_pagerank,20,-0.0775725504013
LNGN0100,importer,role_specific_dependence,20,0.420214861312
LNGN0101,exporter,throughput,18,0.250581939998
LNGN0101,exporter,voyage_count,18,0.242574257426
LNGN0101,exporter,counterparty_count,18,0.242574257426
LNGN0101,exporter,counterparty_hhi_terminal,18,-0.0153972492625
LNGN0101,exporter,counterparty_hhi_country,18,0.109107580664
LNGN0101,exporter,effective_counterparties_terminal,18,0.243691887623
LNGN0101,exporter,effective_counterparties_country,18,0.217140102898
LNGN0101,exporter,max_dependence_generated,18,-0.0277144309755
LNGN0101,exporter,weighted_dependence_generated,18,0.0603219160892
LNGN0101,exporter,country_terminal_dependence,0,
LNGN0101,exporter,import_pagerank,18,0.656868877145
LNGN0101,exporter,export_pagerank,18,0.222243537485
LNGN0101,exporter,role_specific_pagerank,18,0.222243537485
LNGN0101,exporter,role_specific_dependence,18,0.0603219160892
LNGN0102,importer,throughput,8,
LNGN0102,importer,voyage_count,8,
LNGN0102,importer,counterparty_count,8,
LNGN0102,importer,counterparty_hhi_terminal,8,
LNGN0102,importer,counterparty_hhi_country,8,
LNGN0102,importer,effective_counterparties_terminal,8,
LNGN0102,importer,effective_counterparties_country,8,
LNGN0102,importer,max_dependence_generated,0,
LNGN0102,importer,weighted_dependence_generated,0,
LNGN0102,importer,country_terminal_dependence,8,0.383081642742
LNGN0102,importer,import_pagerank,8,0.69359913982
LNGN0102,importer,export_pagerank,8,0.534285895628
LNGN0102,importer,role_specific_pagerank,8,0.69359913982
LNGN0102,importer,role_specific_dependence,8,0.383081642742
LNGN0103,exporter,throughput,37,0.0826353059564
LNGN0103,exporter,voyage_count,37,0.0649350649351
LNGN0103,exporter,counterparty_count,37,0.0666666666667
LNGN0103,exporter,counterparty_hhi_terminal,37,0.0210351668342
LNGN0103,exporter,counterparty_hhi_country,37,-0.0120236830727
LNGN0103,exporter,effective_counterparties_terminal,37,0.0649022247317
LNGN0103,exporter,effective_counterparties_country,37,0.0708502624751
LNGN0103,exporter,max_dependence_generated,37,0.0955192260934
LNGN0103,exporter,weighted_dependence_generated,37,0.0922255481196
LNGN0103,exporter,country_terminal_dependence,0,
LNGN0103,exporter,import_pagerank,37,0.783331809653
LNGN0103,exporter,export_pagerank,37,0.23104076965
LNGN0103,exporter,role_specific_pagerank,37,0.23104076965
LNGN0103,exporter,role_specific_dependence,37,0.0922255481196
LNGN0108,importer,throughput,22,-0.075876241848
LNGN0108,importer,voyage_count,22,-0.072547625011
LNGN0108,importer,counterparty_count,22,
LNGN0108,importer,counterparty_hhi_terminal,22,
LNGN0108,importer,counterparty_hhi_country,22,
LNGN0108,importer,effective_counterparties_terminal,22,
LNGN0108,importer,effective_counterparties_country,22,
LNGN0108,importer,max_dependence_generated,0,
LNGN0108,importer,weighted_dependence_generated,0,
LNGN0108,importer,country_terminal_dependence,22,-0.24783287539
LNGN0108,importer,import_pagerank,22,0.73688898761
LNGN0108,importer,export_pagerank,22,0.703808738391
LNGN0108,importer,role_specific_pagerank,22,0.73688898761
LNGN0108,importer,role_specific_dependence,22,-0.24783287539
LNGN0109,importer,throughput,6,-0.963086824686
LNGN0109,importer,voyage_count,6,
LNGN0109,importer,counterparty_count,6,
LNGN0109,importer,counterparty_hhi_terminal,6,
LNGN0109,importer,counterparty_hhi_country,6,
LNGN0109,importer,effective_counterparties_terminal,6,
LNGN0109,importer,effective_counterparties_country,6,
LNGN0109,importer,max_dependence_generated,0,
LNGN0109,importer,weighted_dependence_generated,0,
LNGN0109,importer,country_terminal_dependence,6,
LNGN0109,importer,import_pagerank,6,0.0832320999264
LNGN0109,importer,export_pagerank,6,0.795647802359
LNGN0109,importer,role_specific_pagerank,6,0.0832320999264
LNGN0109,importer,role_specific_dependence,6,
LNGN0112,importer,throughput,16,0.0890152969096
LNGN0112,importer,voyage_count,16,
LNGN0112,importer,counterparty_count,16,
LNGN0112,importer,counterparty_hhi_terminal,16,
LNGN0112,importer,counterparty_hhi_country,16,
LNGN0112,importer,effective_counterparties_terminal,16,
LNGN0112,importer,effective_counterparties_country,16,
LNGN0112,importer,max_dependence_generated,0,
LNGN0112,importer,weighted_dependence_generated,0,
LNGN0112,importer,country_terminal_dependence,16,0.309984996706
LNGN0112,importer,import_pagerank,16,0.845825760655
LNGN0112,importer,export_pagerank,16,0.8516009094
LNGN0112,importer,role_specific_pagerank,16,0.845825760655
LNGN0112,importer,role_specific_dependence,16,0.309984996706
LNGN0115,importer,throughput,1,
LNGN0115,importer,voyage_count,1,
LNGN0115,importer,counterparty_count,1,
LNGN0115,importer,counterparty_hhi_terminal,1,
LNGN0115,importer,counterparty_hhi_country,1,
LNGN0115,importer,effective_counterparties_terminal,1,
LNGN0115,importer,effective_counterparties_country,1,
LNGN0115,importer,max_dependence_generated,0,
LNGN0115,importer,weighted_dependence_generated,0,
LNGN0115,importer,country_terminal_dependence,1,
LNGN0115,importer,import_pagerank,1,
LNGN0115,importer,export_pagerank,1,
LNGN0115,importer,role_specific_pagerank,1,
LNGN0115,importer,role_specific_dependence,1,
LNGN0121,importer,throughput,55,0.484620572093
LNGN0121,importer,voyage_count,55,0.461022125827
LNGN0121,importer,counterparty_count,55,0.484936605793
LNGN0121,importer,counterparty_hhi_terminal,55,0.263117043385
LNGN0121,importer,counterparty_hhi_country,55,0.318296756407
LNGN0121,importer,effective_counterparties_terminal,55,0.373944959934
LNGN0121,importer,effective_counterparties_country,55,0.387676400386
LNGN0121,importer,max_dependence_generated,0,
LNGN0121,importer,weighted_dependence_generated,0,
LNGN0121,importer,country_terminal_dependence,55,0.0151460604336
LNGN0121,importer,import_pagerank,55,0.371265300907
LNGN0121,importer,export_pagerank,55,0.805750910504
LNGN0121,importer,role_specific_pagerank,55,0.371265300907
LNGN0121,importer,role_specific_dependence,55,0.0151460604336
LNGN0122,importer,throughput,12,-0.167679273414
LNGN0122,importer,voyage_count,12,-0.1
LNGN0122,importer,counterparty_count,12,
LNGN0122,importer,counterparty_hhi_terminal,12,
LNGN0122,importer,counterparty_hhi_country,12,
LNGN0122,importer,effective_counterparties_terminal,12,
LNGN0122,importer,effective_counterparties_country,12,
LNGN0122,importer,max_dependence_generated,0,
LNGN0122,importer,weighted_dependence_generated,0,
LNGN0122,importer,country_terminal_dependence,12,
LNGN0122,importer,import_pagerank,12,0.208700374307
LNGN0122,importer,export_pagerank,12,0.787246202691
LNGN0122,importer,role_specific_pagerank,12,0.208700374307
LNGN0122,importer,role_specific_dependence,12,
LNGN0124,exporter,throughput,52,0.676023885641
LNGN0124,exporter,voyage_count,52,0.679335150079
LNGN0124,exporter,counterparty_count,52,0.705963170876
LNGN0124,exporter,counterparty_hhi_terminal,52,0.624111074147
LNGN0124,exporter,counterparty_hhi_country,52,0.605165653288
LNGN0124,exporter,effective_counterparties_terminal,52,0.695147612992
LNGN0124,exporter,effective_counterparties_country,52,0.661310031333
LNGN0124,exporter,max_dependence_generated,52,-0.118402304684
LNGN0124,exporter,weighted_dependence_generated,52,0.0108053732694
LNGN0124,exporter,country_terminal_dependence,0,
LNGN0124,exporter,import_pagerank,52,0.833512136596
LNGN0124,exporter,export_pagerank,52,0.366990945662
LNGN0124,exporter,role_specific_pagerank,52,0.366990945662
LNGN0124,exporter,role_specific_dependence,52,0.0108053732694
LNGN0130,importer,throughput,54,0.274537203573
LNGN0130,importer,voyage_count,54,0.405731931177
LNGN0130,importer,counterparty_count,54,-0.0735765594535
LNGN0130,importer,counterparty_hhi_terminal,54,-0.126577280566
LNGN0130,importer,counterparty_hhi_country,54,-0.126577280566
LNGN0130,importer,effective_counterparties_terminal,54,-0.14709880879
LNGN0130,importer,effective_counterparties_country,54,-0.14709880879
LNGN0130,importer,max_dependence_generated,0,
LNGN0130,importer,weighted_dependence_generated,0,
LNGN0130,importer,country_terminal_dependence,54,
LNGN0130,importer,import_pagerank,54,0.552649459132
LNGN0130,importer,export_pagerank,54,0.779421092403
LNGN0130,importer,role_specific_pagerank,54,0.552649459132
LNGN0130,importer,role_specific_dependence,54,
LNGN0132,importer,throughput,60,0.5752571231
LNGN0132,importer,voyage_count,60,0.580080831102
LNGN0132,importer,counterparty_count,60,0.641489958104
LNGN0132,importer,counterparty_hhi_terminal,60,0.447396700868
LNGN0132,importer,counterparty_hhi_country,60,0.305980228636
LNGN0132,importer,effective_counterparties_terminal,60,0.599411969338
LNGN0132,importer,effective_counterparties_country,60,0.325902122174
LNGN0132,importer,max_dependence_generated,0,
LNGN0132,importer,weighted_dependence_generated,0,
LNGN0132,importer,country_terminal_dependence,60,0.673107560661
LNGN0132,importer,import_pagerank,60,0.179396412935
LNGN0132,importer,export_pagerank,60,0.794540161831
LNGN0132,importer,role_specific_pagerank,60,0.179396412935
LNGN0132,importer,role_specific_dependence,60,0.673107560661
LNGN0136,importer,throughput,30,0.117559170976
LNGN0136,importer,voyage_count,30,0.188071560345
LNGN0136,importer,counterparty_count,30,0.109812605819
LNGN0136,importer,counterparty_hhi_terminal,30,0.0459358085137
LNGN0136,importer,counterparty_hhi_country,30,0.377994967627
LNGN0136,importer,effective_counterparties_terminal,30,0.168640608577
LNGN0136,importer,effective_counterparties_country,30,0.36623197156
LNGN0136,importer,max_dependence_generated,0,
LNGN0136,importer,weighted_dependence_generated,0,
LNGN0136,importer,country_terminal_dependence,30,
LNGN0136,importer,import_pagerank,30,0.681983336485
LNGN0136,importer,export_pagerank,30,0.75699165972
LNGN0136,importer,role_specific_pagerank,30,0.681983336485
LNGN0136,importer,role_specific_dependence,30,
LNGN0138,exporter,throughput,1,
LNGN0138,exporter,voyage_count,1,
LNGN0138,exporter,counterparty_count,1,
LNGN0138,exporter,counterparty_hhi_terminal,1,
LNGN0138,exporter,counterparty_hhi_country,1,
LNGN0138,exporter,effective_counterparties_terminal,1,
LNGN0138,exporter,effective_counterparties_country,1,
LNGN0138,exporter,max_dependence_generated,1,
LNGN0138,exporter,weighted_dependence_generated,1,
LNGN0138,exporter,country_terminal_dependence,0,
LNGN0138,exporter,import_pagerank,1,
LNGN0138,exporter,export_pagerank,1,
LNGN0138,exporter,role_specific_pagerank,1,
LNGN0138,exporter,role_specific_dependence,1,
LNGN0142,exporter,throughput,58,0.506655750091
LNGN0142,exporter,voyage_count,58,0.50341975724
LNGN0142,exporter,counterparty_count,58,0.495756341058
LNGN0142,exporter,counterparty_hhi_terminal,58,0.389200308319
LNGN0142,exporter,counterparty_hhi_country,58,0.353262146106
LNGN0142,exporter,effective_counterparties_terminal,58,0.44542056081
LNGN0142,exporter,effective_counterparties_country,58,0.354858964475
LNGN0142,exporter,max_dependence_generated,58,0.19498322335
LNGN0142,exporter,weighted_dependence_generated,58,-0.0597616067464
LNGN0142,exporter,country_terminal_dependence,0,
LNGN0142,exporter,import_pagerank,58,0.821722924714
LNGN0142,exporter,export_pagerank,58,0.270825548936
LNGN0142,exporter,role_specific_pagerank,58,0.270825548936
LNGN0142,exporter,role_specific_dependence,58,-0.0597616067464
LNGN0143,importer,throughput,6,-0.25
LNGN0143,importer,voyage_count,6,-0.25
LNGN0143,importer,counterparty_count,6,-0.25
LNGN0143,importer,counterparty_hhi_terminal,6,-0.25
LNGN0143,importer,counterparty_hhi_country,6,-0.25
LNGN0143,importer,effective_counterparties_terminal,6,-0.25
LNGN0143,importer,effective_counterparties_country,6,-0.25
LNGN0143,importer,max_dependence_generated,0,
LNGN0143,importer,weighted_dependence_generated,0,
LNGN0143,importer,country_terminal_dependence,6,-0.306289645758
LNGN0143,importer,import_pagerank,6,0.0281383310147
LNGN0143,importer,export_pagerank,6,0.622924153545
LNGN0143,importer,role_specific_pagerank,6,0.0281383310147
LNGN0143,importer,role_specific_dependence,6,-0.306289645758
LNGN0144,importer,throughput,47,0.457802622011
LNGN0144,importer,voyage_count,47,0.471248529279
LNGN0144,importer,counterparty_count,47,0.365492981282
LNGN0144,importer,counterparty_hhi_terminal,47,0.497730372438
LNGN0144,importer,counterparty_hhi_country,47,0.237886554777
LNGN0144,importer,effective_counterparties_terminal,47,0.393155029747
LNGN0144,importer,effective_counterparties_country,47,0.189856129431
LNGN0144,importer,max_dependence_generated,0,
LNGN0144,importer,weighted_dependence_generated,0,
LNGN0144,importer,country_terminal_dependence,47,0.105078848795
LNGN0144,importer,import_pagerank,47,0.298475867725
LNGN0144,importer,export_pagerank,47,0.784462628317
LNGN0144,importer,role_specific_pagerank,47,0.298475867725
LNGN0144,importer,role_specific_dependence,47,0.105078848795
LNGN0148,importer,throughput,4,-0.5
LNGN0148,importer,voyage_count,4,
LNGN0148,importer,counterparty_count,4,
LNGN0148,importer,counterparty_hhi_terminal,4,
LNGN0148,importer,counterparty_hhi_country,4,
LNGN0148,importer,effective_counterparties_terminal,4,
LNGN0148,importer,effective_counterparties_country,4,
LNGN0148,importer,max_dependence_generated,0,
LNGN0148,importer,weighted_dependence_generated,0,
LNGN0148,importer,country_terminal_dependence,4,-0.240374292233
LNGN0148,importer,import_pagerank,4,-0.747138511122
LNGN0148,importer,export_pagerank,4,-0.964347566759
LNGN0148,importer,role_specific_pagerank,4,-0.747138511122
LNGN0148,importer,role_specific_dependence,4,-0.240374292233
LNGN0150,importer,throughput,20,-0.120684508505
LNGN0150,importer,voyage_count,20,-0.163265306122
LNGN0150,importer,counterparty_count,20,-0.163265306122
LNGN0150,importer,counterparty_hhi_terminal,20,-0.183109648301
LNGN0150,importer,counterparty_hhi_country,20,-0.183109648301
LNGN0150,importer,effective_counterparties_terminal,20,-0.163123109944
LNGN0150,importer,effective_counterparties_country,20,-0.163123109944
LNGN0150,importer,max_dependence_generated,0,
LNGN0150,importer,weighted_dependence_generated,0,
LNGN0150,importer,country_terminal_dependence,20,0.548779630436
LNGN0150,importer,import_pagerank,20,0.59677871823
LNGN0150,importer,export_pagerank,20,0.720449628088
LNGN0150,importer,role_specific_pagerank,20,0.59677871823
LNGN0150,importer,role_specific_dependence,20,0.548779630436
LNGN0156,importer,throughput,21,-0.163890904364
LNGN0156,importer,voyage_count,21,-0.217391304348
LNGN0156,importer,counterparty_count,21,-0.25
LNGN0156,importer,counterparty_hhi_terminal,21,-0.247609786262
LNGN0156,importer,counterparty_hhi_country,21,-0.174540567998
LNGN0156,importer,effective_counterparties_terminal,21,-0.242948961831
LNGN0156,importer,effective_counterparties_country,21,-0.170653431128
LNGN0156,importer,max_dependence_generated,0,
LNGN0156,importer,weighted_dependence_generated,0,
LNGN0156,importer,country_terminal_dependence,21,-0.187064319821
LNGN0156,importer,import_pagerank,21,-0.125493172177
LNGN0156,importer,export_pagerank,21,0.486513171383
LNGN0156,importer,role_specific_pagerank,21,-0.125493172177
LNGN0156,importer,role_specific_dependence,21,-0.187064319821
LNGN0163,importer,throughput,17,-0.377749016622
LNGN0163,importer,voyage_count,17,-0.333333333333
LNGN0163,importer,counterparty_count,17,-0.333333333333
LNGN0163,importer,counterparty_hhi_terminal,17,-0.316344846365
LNGN0163,importer,counterparty_hhi_country,17,-0.316344846365
LNGN0163,importer,effective_counterparties_terminal,17,-0.29824681472
LNGN0163,importer,effective_counterparties_country,17,-0.29824681472
LNGN0163,importer,max_dependence_generated,0,
LNGN0163,importer,weighted_dependence_generated,0,
LNGN0163,importer,country_terminal_dependence,17,-0.36168179993
LNGN0163,importer,import_pagerank,17,0.678994896036
LNGN0163,importer,export_pagerank,17,0.860291924595
LNGN0163,importer,role_specific_pagerank,17,0.678994896036
LNGN0163,importer,role_specific_dependence,17,-0.36168179993
LNGN0164,importer,throughput,12,-0.350295781898
LNGN0164,importer,voyage_count,12,
LNGN0164,importer,counterparty_count,12,
LNGN0164,importer,counterparty_hhi_terminal,12,
LNGN0164,importer,counterparty_hhi_country,12,
LNGN0164,importer,effective_counterparties_terminal,12,
LNGN0164,importer,effective_counterparties_country,12,
LNGN0164,importer,max_dependence_generated,0,
LNGN0164,importer,weighted_dependence_generated,0,
LNGN0164,importer,country_terminal_dependence,12,0.321282108521
LNGN0164,importer,import_pagerank,12,0.279478681532
LNGN0164,importer,export_pagerank,12,0.261972502426
LNGN0164,importer,role_specific_pagerank,12,0.279478681532
LNGN0164,importer,role_specific_dependence,12,0.321282108521
LNGN0165,importer,throughput,3,
LNGN0165,importer,voyage_count,3,
LNGN0165,importer,counterparty_count,3,
LNGN0165,importer,counterparty_hhi_terminal,3,
LNGN0165,importer,counterparty_hhi_country,3,
LNGN0165,importer,effective_counterparties_terminal,3,
LNGN0165,importer,effective_counterparties_country,3,
LNGN0165,importer,max_dependence_generated,0,
LNGN0165,importer,weighted_dependence_generated,0,
LNGN0165,importer,country_terminal_dependence,3,
LNGN0165,importer,import_pagerank,3,
LNGN0165,importer,export_pagerank,3,
LNGN0165,importer,role_specific_pagerank,3,
LNGN0165,importer,role_specific_dependence,3,
LNGN0166,exporter,throughput,40,0.441772081978
LNGN0166,exporter,voyage_count,40,0.454625088889
LNGN0166,exporter,counterparty_count,40,0.310066204593
LNGN0166,exporter,counterparty_hhi_terminal,40,0.344484859165
LNGN0166,exporter,counterparty_hhi_country,40,0.626830742493
LNGN0166,exporter,effective_counterparties_terminal,40,0.231973733878
LNGN0166,exporter,effective_counterparties_country,40,0.285092578016
LNGN0166,exporter,max_dependence_generated,40,0.0874296109167
LNGN0166,exporter,weighted_dependence_generated,40,0.00724073056361
LNGN0166,exporter,country_terminal_dependence,0,
LNGN0166,exporter,import_pagerank,40,0.821229863982
LNGN0166,exporter,export_pagerank,40,0.413561891034
LNGN0166,exporter,role_specific_pagerank,40,0.413561891034
LNGN0166,exporter,role_specific_dependence,40,0.00724073056361
LNGN0168,importer,throughput,56,0.196318770587
LNGN0168,importer,voyage_count,56,0.199086997152
LNGN0168,importer,counterparty_count,56,0.188149150661
LNGN0168,importer,counterparty_hhi_terminal,56,0.21610124801
LNGN0168,importer,counterparty_hhi_country,56,0.213736983907
LNGN0168,importer,effective_counterparties_terminal,56,0.130214557774
LNGN0168,importer,effective_counterparties_country,56,0.167985740597
LNGN0168,importer,max_dependence_generated,0,
LNGN0168,importer,weighted_dependence_generated,0,
LNGN0168,importer,country_terminal_dependence,56,0.327874930588
LNGN0168,importer,import_pagerank,56,0.220430077187
LNGN0168,importer,export_pagerank,56,0.773067386427
LNGN0168,importer,role_specific_pagerank,56,0.220430077187
LNGN0168,importer,role_specific_dependence,56,0.327874930588
LNGN0170,importer,throughput,25,0.0460615923778
LNGN0170,importer,voyage_count,25,0.0687830687831
LNGN0170,importer,counterparty_count,25,-0.00232018561485
LNGN0170,importer,counterparty_hhi_terminal,25,-0.0108233131748
LNGN0170,importer,counterparty_hhi_country,25,0.0784839294682
LNGN0170,importer,effective_counterparties_terminal,25,-0.00141309183432
LNGN0170,importer,effective_counterparties_country,25,0.077007292013
LNGN0170,importer,max_dependence_generated,0,
LNGN0170,importer,weighted_dependence_generated,0,
LNGN0170,importer,country_terminal_dependence,25,-0.123562918124
LNGN0170,importer,import_pagerank,25,0.354630295766
LNGN0170,importer,export_pagerank,25,0.64278051434
LNGN0170,importer,role_specific_pagerank,25,0.354630295766
LNGN0170,importer,role_specific_dependence,25,-0.123562918124
LNGN0173,importer,throughput,45,0.223863294725
LNGN0173,importer,voyage_count,45,0.161632583597
LNGN0173,importer,counterparty_count,45,0.244480628785
LNGN0173,importer,counterparty_hhi_terminal,45,0.234451931074
LNGN0173,importer,counterparty_hhi_country,45,0.196054079582
LNGN0173,importer,effective_counterparties_terminal,45,0.251930513196
LNGN0173,importer,effective_counterparties_country,45,0.135438284234
LNGN0173,importer,max_dependence_generated,0,
LNGN0173,importer,weighted_dependence_generated,0,
LNGN0173,importer,country_terminal_dependence,45,0.0908928995037
LNGN0173,importer,import_pagerank,45,0.258673424544
LNGN0173,importer,export_pagerank,45,0.731124053493
LNGN0173,importer,role_specific_pagerank,45,0.258673424544
LNGN0173,importer,role_specific_dependence,45,0.0908928995037
LNGN0174,importer,throughput,5,-0.24677906789
LNGN0174,importer,voyage_count,5,
LNGN0174,importer,counterparty_count,5,
LNGN0174,importer,counterparty_hhi_terminal,5,
LNGN0174,importer,counterparty_hhi_country,5,
LNGN0174,importer,effective_counterparties_terminal,5,
LNGN0174,importer,effective_counterparties_country,5,
LNGN0174,importer,max_dependence_generated,0,
LNGN0174,importer,weighted_dependence_generated,0,
LNGN0174,importer,country_terminal_dependence,5,0.562751464391
LNGN0174,importer,import_pagerank,5,0.672776411906
LNGN0174,importer,export_pagerank,5,0.614572070044
LNGN0174,importer,role_specific_pagerank,5,0.672776411906
LNGN0174,importer,role_specific_dependence,5,0.562751464391
LNGN0175,importer,throughput,21,0.0694863230504
LNGN0175,importer,voyage_count,21,-0.0294117647059
LNGN0175,importer,counterparty_count,21,-0.0294117647059
LNGN0175,importer,counterparty_hhi_terminal,21,-0.106410233635
LNGN0175,importer,counterparty_hhi_country,21,-0.106410233635
LNGN0175,importer,effective_counterparties_terminal,21,-0.0597331386525
LNGN0175,importer,effective_counterparties_country,21,-0.0597331386525
LNGN0175,importer,max_dependence_generated,0,
LNGN0175,importer,weighted_dependence_generated,0,
LNGN0175,importer,country_terminal_dependence,21,
LNGN0175,importer,import_pagerank,21,0.257176008549
LNGN0175,importer,export_pagerank,21,0.788640862747
LNGN0175,importer,role_specific_pagerank,21,0.257176008549
LNGN0175,importer,role_specific_dependence,21,
LNGN0176,importer,throughput,2,
LNGN0176,importer,voyage_count,2,
LNGN0176,importer,counterparty_count,2,
LNGN0176,importer,counterparty_hhi_terminal,2,
LNGN0176,importer,counterparty_hhi_country,2,
LNGN0176,importer,effective_counterparties_terminal,2,
LNGN0176,importer,effective_counterparties_country,2,
LNGN0176,importer,max_dependence_generated,0,
LNGN0176,importer,weighted_dependence_generated,0,
LNGN0176,importer,country_terminal_dependence,2,
LNGN0176,importer,import_pagerank,2,
LNGN0176,importer,export_pagerank,2,
LNGN0176,importer,role_specific_pagerank,2,
LNGN0176,importer,role_specific_dependence,2,
LNGN0178,importer,throughput,54,0.255667553482
LNGN0178,importer,voyage_count,54,0.190085724935
LNGN0178,importer,counterparty_count,54,0.346255506608
LNGN0178,importer,counterparty_hhi_terminal,54,0.306522144367
LNGN0178,importer,counterparty_hhi_country,54,0.12888879237
LNGN0178,importer,effective_counterparties_terminal,54,0.375705856754
LNGN0178,importer,effective_counterparties_country,54,0.247358076281
LNGN0178,importer,max_dependence_generated,0,
LNGN0178,importer,weighted_dependence_generated,0,
LNGN0178,importer,country_terminal_dependence,54,0.0635050813956
LNGN0178,importer,import_pagerank,54,0.623326431604
LNGN0178,importer,export_pagerank,54,0.85801773567
LNGN0178,importer,role_specific_pagerank,54,0.623326431604
LNGN0178,importer,role_specific_dependence,54,0.0635050813956
LNGN0180,exporter,throughput,4,-0.999622285161
LNGN0180,exporter,voyage_count,4,
LNGN0180,exporter,counterparty_count,4,
LNGN0180,exporter,counterparty_hhi_terminal,4,
LNGN0180,exporter,counterparty_hhi_country,4,
LNGN0180,exporter,effective_counterparties_terminal,4,
LNGN0180,exporter,effective_counterparties_country,4,
LNGN0180,exporter,max_dependence_generated,4,-0.5
LNGN0180,exporter,weighted_dependence_generated,4,0.0461089080672
LNGN0180,exporter,country_terminal_dependence,0,
LNGN0180,exporter,import_pagerank,4,0.83218846308
LNGN0180,exporter,export_pagerank,4,0.155461497962
LNGN0180,exporter,role_specific_pagerank,4,0.155461497962
LNGN0180,exporter,role_specific_dependence,4,0.0461089080672
LNGN0181,importer,throughput,57,0.0615242412709
LNGN0181,importer,voyage_count,57,0.137973936436
LNGN0181,importer,counterparty_count,57,0.252672159987
LNGN0181,importer,counterparty_hhi_terminal,57,0.0188704151444
LNGN0181,importer,counterparty_hhi_country,57,0.0402086626532
LNGN0181,importer,effective_counterparties_terminal,57,0.217951181966
LNGN0181,importer,effective_counterparties_country,57,0.184726340422
LNGN0181,importer,max_dependence_generated,0,
LNGN0181,importer,weighted_dependence_generated,0,
LNGN0181,importer,country_terminal_dependence,57,0.452228449941
LNGN0181,importer,import_pagerank,57,-0.0993833489649
LNGN0181,importer,export_pagerank,57,0.78212938339
LNGN0181,importer,role_specific_pagerank,57,-0.0993833489649
LNGN0181,importer,role_specific_dependence,57,0.452228449941
LNGN0182,importer,throughput,14,-0.379810160762
LNGN0182,importer,voyage_count,14,0.0151515151515
LNGN0182,importer,counterparty_count,14,-0.0833333333333
LNGN0182,importer,counterparty_hhi_terminal,14,-0.262587714422
LNGN0182,importer,counterparty_hhi_country,14,-0.181817864371
LNGN0182,importer,effective_counterparties_terminal,14,-0.251671724311
LNGN0182,importer,effective_counterparties_country,14,-0.181816917524
LNGN0182,importer,max_dependence_generated,0,
LNGN0182,importer,weighted_dependence_generated,0,
LNGN0182,importer,country_terminal_dependence,14,0.0911292926471
LNGN0182,importer,import_pagerank,14,0.0602770168408
LNGN0182,importer,export_pagerank,14,0.295650022123
LNGN0182,importer,role_specific_pagerank,14,0.0602770168408
LNGN0182,importer,role_specific_dependence,14,0.0911292926471
LNGN0186,importer,throughput,53,0.553522313253
LNGN0186,importer,voyage_count,53,0.554125716523
LNGN0186,importer,counterparty_count,53,0.4629721266
LNGN0186,importer,counterparty_hhi_terminal,53,0.321607396523
LNGN0186,importer,counterparty_hhi_country,53,-0.0789511256085
LNGN0186,importer,effective_counterparties_terminal,53,0.388737224124
LNGN0186,importer,effective_counterparties_country,53,-0.111196661715
LNGN0186,importer,max_dependence_generated,0,
LNGN0186,importer,weighted_dependence_generated,0,
LNGN0186,importer,country_terminal_dependence,53,0.0232845913638
LNGN0186,importer,import_pagerank,53,0.600491557642
LNGN0186,importer,export_pagerank,53,0.798413438987
LNGN0186,importer,role_specific_pagerank,53,0.600491557642
LNGN0186,importer,role_specific_dependence,53,0.0232845913638
LNGN0190,importer,throughput,4,-0.5
LNGN0190,importer,voyage_count,4,
LNGN0190,importer,counterparty_count,4,
LNGN0190,importer,counterparty_hhi_terminal,4,
LNGN0190,importer,counterparty_hhi_country,4,
LNGN0190,importer,effective_counterparties_terminal,4,
LNGN0190,importer,effective_counterparties_country,4,
LNGN0190,importer,max_dependence_generated,0,
LNGN0190,importer,weighted_dependence_generated,0,
LNGN0190,importer,country_terminal_dependence,4,0.133514083846
LNGN0190,importer,import_pagerank,4,0.848844859887
LNGN0190,importer,export_pagerank,4,0.224645202322
LNGN0190,importer,role_specific_pagerank,4,0.848844859887
LNGN0190,importer,role_specific_dependence,4,0.133514083846
LNGN0191,importer,throughput,34,0.577431679443
LNGN0191,importer,voyage_count,34,0.533538286605
LNGN0191,importer,counterparty_count,34,0.186323909336
LNGN0191,importer,counterparty_hhi_terminal,34,0.0263515552573
LNGN0191,importer,counterparty_hhi_country,34,0.0263515552573
LNGN0191,importer,effective_counterparties_terminal,34,-0.0388849168492
LNGN0191,importer,effective_counterparties_country,34,-0.0388849168492
LNGN0191,importer,max_dependence_generated,0,
LNGN0191,importer,weighted_dependence_generated,0,
LNGN0191,importer,country_terminal_dependence,34,
LNGN0191,importer,import_pagerank,34,0.636945680018
LNGN0191,importer,export_pagerank,34,0.814060200371
LNGN0191,importer,role_specific_pagerank,34,0.636945680018
LNGN0191,importer,role_specific_dependence,34,
LNGN0195,importer,throughput,52,0.527356553788
LNGN0195,importer,voyage_count,52,0.562350640886
LNGN0195,importer,counterparty_count,52,0.409301496793
LNGN0195,importer,counterparty_hhi_terminal,52,0.247406531034
LNGN0195,importer,counterparty_hhi_country,52,0.258565752794
LNGN0195,importer,effective_counterparties_terminal,52,0.204923015438
LNGN0195,importer,effective_counterparties_country,52,0.255731496257
LNGN0195,importer,max_dependence_generated,0,
LNGN0195,importer,weighted_dependence_generated,0,
LNGN0195,importer,country_terminal_dependence,52,0.403826325322
LNGN0195,importer,import_pagerank,52,0.0368055258787
LNGN0195,importer,export_pagerank,52,0.796788252593
LNGN0195,importer,role_specific_pagerank,52,0.0368055258787
LNGN0195,importer,role_specific_dependence,52,0.403826325322
LNGN0199,importer,throughput,15,-0.11063253534
LNGN0199,importer,voyage_count,15,-0.272727272727
LNGN0199,importer,counterparty_count,15,-0.0769230769231
LNGN0199,importer,counterparty_hhi_terminal,15,-0.0769230769231
LNGN0199,importer,counterparty_hhi_country,15,-0.0769230769231
LNGN0199,importer,effective_counterparties_terminal,15,-0.0769230769231
LNGN0199,importer,effective_counterparties_country,15,-0.0769230769231
LNGN0199,importer,max_dependence_generated,0,
LNGN0199,importer,weighted_dependence_generated,0,
LNGN0199,importer,country_terminal_dependence,15,0.0766293635288
LNGN0199,importer,import_pagerank,15,0.414715269859
LNGN0199,importer,export_pagerank,15,0.844079235087
LNGN0199,importer,role_specific_pagerank,15,0.414715269859
LNGN0199,importer,role_specific_dependence,15,0.0766293635288
LNGN0206,exporter,throughput,16,-0.259512961259
LNGN0206,exporter,voyage_count,16,-0.221101634601
LNGN0206,exporter,counterparty_count,16,-0.211288563682
LNGN0206,exporter,counterparty_hhi_terminal,16,-0.211550862572
LNGN0206,exporter,counterparty_hhi_country,16,-0.153238555658
LNGN0206,exporter,effective_counterparties_terminal,16,-0.217497954717
LNGN0206,exporter,effective_counterparties_country,16,-0.10553617972
LNGN0206,exporter,max_dependence_generated,16,0.439606299952
LNGN0206,exporter,weighted_dependence_generated,16,0.555708154179
LNGN0206,exporter,country_terminal_dependence,0,
LNGN0206,exporter,import_pagerank,16,0.843284705846
LNGN0206,exporter,export_pagerank,16,0.451704316498
LNGN0206,exporter,role_specific_pagerank,16,0.451704316498
LNGN0206,exporter,role_specific_dependence,16,0.555708154179
LNGN0207,importer,throughput,50,0.472455883247
LNGN0207,importer,voyage_count,50,0.307310571979
LNGN0207,importer,counterparty_count,50,0.451193176516
LNGN0207,importer,counterparty_hhi_terminal,50,0.361408188368
LNGN0207,importer,counterparty_hhi_country,50,0.216004259135
LNGN0207,importer,effective_counterparties_terminal,50,0.491934589245
LNGN0207,importer,effective_counterparties_country,50,0.21857313123
LNGN0207,importer,max_dependence_generated,0,
LNGN0207,importer,weighted_dependence_generated,0,
LNGN0207,importer,country_terminal_dependence,50,
LNGN0207,importer,import_pagerank,50,0.291215289614
LNGN0207,importer,export_pagerank,50,0.734420549787
LNGN0207,importer,role_specific_pagerank,50,0.291215289614
LNGN0207,importer,role_specific_dependence,50,
LNGN0208,importer,throughput,32,0.353176867191
LNGN0208,importer,voyage_count,32,0.268410228763
LNGN0208,importer,counterparty_count,32,-0.0568181818182
LNGN0208,importer,counterparty_hhi_terminal,32,0.0282149320739
LNGN0208,importer,counterparty_hhi_country,32,0.0282149320739
LNGN0208,importer,effective_counterparties_terminal,32,-0.0106245465346
LNGN0208,importer,effective_counterparties_country,32,-0.0106245465346
LNGN0208,importer,max_dependence_generated,0,
LNGN0208,importer,weighted_dependence_generated,0,
LNGN0208,importer,country_terminal_dependence,32,0.795297461389
LNGN0208,importer,import_pagerank,32,0.295476934362
LNGN0208,importer,export_pagerank,32,0.807025143002
LNGN0208,importer,role_specific_pagerank,32,0.295476934362
LNGN0208,importer,role_specific_dependence,32,0.795297461389
LNGN0210,importer,throughput,45,0.283124852479
LNGN0210,importer,voyage_count,45,0.139312968242
LNGN0210,importer,counterparty_count,45,0.121951219512
LNGN0210,importer,counterparty_hhi_terminal,45,0.151190437988
LNGN0210,importer,counterparty_hhi_country,45,0.151190437988
LNGN0210,importer,effective_counterparties_terminal,45,0.101155256419
LNGN0210,importer,effective_counterparties_country,45,0.101155256419
LNGN0210,importer,max_dependence_generated,0,
LNGN0210,importer,weighted_dependence_generated,0,
LNGN0210,importer,country_terminal_dependence,45,
LNGN0210,importer,import_pagerank,45,0.382073385657
LNGN0210,importer,export_pagerank,45,0.789140766414
LNGN0210,importer,role_specific_pagerank,45,0.382073385657
LNGN0210,importer,role_specific_dependence,45,
LNGN0212,importer,throughput,4,-0.77964197989
LNGN0212,importer,voyage_count,4,
LNGN0212,importer,counterparty_count,4,
LNGN0212,importer,counterparty_hhi_terminal,4,
LNGN0212,importer,counterparty_hhi_country,4,
LNGN0212,importer,effective_counterparties_terminal,4,
LNGN0212,importer,effective_counterparties_country,4,
LNGN0212,importer,max_dependence_generated,0,
LNGN0212,importer,weighted_dependence_generated,0,
LNGN0212,importer,country_terminal_dependence,4,-0.967017957934
LNGN0212,importer,import_pagerank,4,0.0516869620268
LNGN0212,importer,export_pagerank,4,0.822593693776
LNGN0212,importer,role_specific_pagerank,4,0.0516869620268
LNGN0212,importer,role_specific_dependence,4,-0.967017957934
LNGN0219,importer,throughput,3,
LNGN0219,importer,voyage_count,3,
LNGN0219,importer,counterparty_count,3,
LNGN0219,importer,counterparty_hhi_terminal,3,
LNGN0219,importer,counterparty_hhi_country,3,
LNGN0219,importer,effective_counterparties_terminal,3,
LNGN0219,importer,effective_counterparties_country,3,
LNGN0219,importer,max_dependence_generated,0,
LNGN0219,importer,weighted_dependence_generated,0,
LNGN0219,importer,country_terminal_dependence,3,
LNGN0219,importer,import_pagerank,3,
LNGN0219,importer,export_pagerank,3,
LNGN0219,importer,role_specific_pagerank,3,
LNGN0219,importer,role_specific_dependence,3,
LNGN0222,importer,throughput,28,-0.184832389497
LNGN0222,importer,voyage_count,28,-0.129443292073
LNGN0222,importer,counterparty_count,28,0.142857142857
LNGN0222,importer,counterparty_hhi_terminal,28,0.173920407446
LNGN0222,importer,counterparty_hhi_country,28,0.173920407446
LNGN0222,importer,effective_counterparties_terminal,28,0.202250562391
LNGN0222,importer,effective_counterparties_country,28,0.202250562391
LNGN0222,importer,max_dependence_generated,0,
LNGN0222,importer,weighted_dependence_generated,0,
LNGN0222,importer,country_terminal_dependence,28,0.603421284623
LNGN0222,importer,import_pagerank,28,0.266637922559
LNGN0222,importer,export_pagerank,28,0.726462052838
LNGN0222,importer,role_specific_pagerank,28,0.266637922559
LNGN0222,importer,role_specific_dependence,28,0.603421284623
LNGN0230,importer,throughput,55,0.423831129905
LNGN0230,importer,voyage_count,55,0.397793217319
LNGN0230,importer,counterparty_count,55,0.324274608946
LNGN0230,importer,counterparty_hhi_terminal,55,0.270334572078
LNGN0230,importer,counterparty_hhi_country,55,0.288079662285
LNGN0230,importer,effective_counterparties_terminal,55,0.164685968035
LNGN0230,importer,effective_counterparties_country,55,0.234755149955
LNGN0230,importer,max_dependence_generated,0,
LNGN0230,importer,weighted_dependence_generated,0,
LNGN0230,importer,country_terminal_dependence,55,
LNGN0230,importer,import_pagerank,55,0.478633049275
LNGN0230,importer,export_pagerank,55,0.814272807071
LNGN0230,importer,role_specific_pagerank,55,0.478633049275
LNGN0230,importer,role_specific_dependence,55,
LNGN0232,importer,throughput,54,0.393689856973
LNGN0232,importer,voyage_count,54,0.408269136102
LNGN0232,importer,counterparty_count,54,0.433479660752
LNGN0232,importer,counterparty_hhi_terminal,54,0.456622155541
LNGN0232,importer,counterparty_hhi_country,54,0.400533711331
LNGN0232,importer,effective_counterparties_terminal,54,0.436609996875
LNGN0232,importer,effective_counterparties_country,54,0.308383243868
LNGN0232,importer,max_dependence_generated,0,
LNGN0232,importer,weighted_dependence_generated,0,
LNGN0232,importer,country_terminal_dependence,54,0.193804348896
LNGN0232,importer,import_pagerank,54,0.318707365813
LNGN0232,importer,export_pagerank,54,0.798442164761
LNGN0232,importer,role_specific_pagerank,54,0.318707365813
LNGN0232,importer,role_specific_dependence,54,0.193804348896
LNGN0237,importer,throughput,25,-0.129157560866
LNGN0237,importer,voyage_count,25,-0.125
LNGN0237,importer,counterparty_count,25,-0.125
LNGN0237,importer,counterparty_hhi_terminal,25,-0.139671208018
LNGN0237,importer,counterparty_hhi_country,25,-0.0434782608696
LNGN0237,importer,effective_counterparties_terminal,25,-0.125040562228
LNGN0237,importer,effective_counterparties_country,25,-0.0434782608696
LNGN0237,importer,max_dependence_generated,0,
LNGN0237,importer,weighted_dependence_generated,0,
LNGN0237,importer,country_terminal_dependence,25,-0.0552175649916
LNGN0237,importer,import_pagerank,25,0.497311068154
LNGN0237,importer,export_pagerank,25,0.697638945219
LNGN0237,importer,role_specific_pagerank,25,0.497311068154
LNGN0237,importer,role_specific_dependence,25,-0.0552175649916
LNGN0238,importer,throughput,16,0.129201649658
LNGN0238,importer,voyage_count,16,0.251544813877
LNGN0238,importer,counterparty_count,16,0.272685542596
LNGN0238,importer,counterparty_hhi_terminal,16,0.334213994157
LNGN0238,importer,counterparty_hhi_country,16,0.334213994157
LNGN0238,importer,effective_counterparties_terminal,16,0.278458726147
LNGN0238,importer,effective_counterparties_country,16,0.278458726147
LNGN0238,importer,max_dependence_generated,0,
LNGN0238,importer,weighted_dependence_generated,0,
LNGN0238,importer,country_terminal_dependence,16,0.226784390727
LNGN0238,importer,import_pagerank,16,0.536351912861
LNGN0238,importer,export_pagerank,16,0.839911198439
LNGN0238,importer,role_specific_pagerank,16,0.536351912861
LNGN0238,importer,role_specific_dependence,16,0.226784390727
LNGN0241,importer,throughput,13,0.264941321441
LNGN0241,importer,voyage_count,13,
LNGN0241,importer,counterparty_count,13,
LNGN0241,importer,counterparty_hhi_terminal,13,
LNGN0241,importer,counterparty_hhi_country,13,
LNGN0241,importer,effective_counterparties_terminal,13,
LNGN0241,importer,effective_counterparties_country,13,
LNGN0241,importer,max_dependence_generated,0,
LNGN0241,importer,weighted_dependence_generated,0,
LNGN0241,importer,country_terminal_dependence,13,0.040364666095
LNGN0241,importer,import_pagerank,13,-0.117538310401
LNGN0241,importer,export_pagerank,13,0.720506308973
LNGN0241,importer,role_specific_pagerank,13,-0.117538310401
LNGN0241,importer,role_specific_dependence,13,0.040364666095
LNGN0243,importer,throughput,1,
LNGN0243,importer,voyage_count,1,
LNGN0243,importer,counterparty_count,1,
LNGN0243,importer,counterparty_hhi_terminal,1,
LNGN0243,importer,counterparty_hhi_country,1,
LNGN0243,importer,effective_counterparties_terminal,1,
LNGN0243,importer,effective_counterparties_country,1,
LNGN0243,importer,max_dependence_generated,0,
LNGN0243,importer,weighted_dependence_generated,0,
LNGN0243,importer,country_terminal_dependence,1,
LNGN0243,importer,import_pagerank,1,
LNGN0243,importer,export_pagerank,1,
LNGN0243,importer,role_specific_pagerank,1,
LNGN0243,importer,role_specific_dependence,1,
LNGN0244,importer,throughput,59,0.412067468695
LNGN0244,importer,voyage_count,59,0.37458279846
LNGN0244,importer,counterparty_count,59,0.292461682828
LNGN0244,importer,counterparty_hhi_terminal,59,0.272588901367
LNGN0244,importer,counterparty_hhi_country,59,0.224292318805
LNGN0244,importer,effective_counterparties_terminal,59,0.289759160093
LNGN0244,importer,effective_counterparties_country,59,0.213266939165
LNGN0244,importer,max_dependence_generated,0,
LNGN0244,importer,weighted_dependence_generated,0,
LNGN0244,importer,country_terminal_dependence,59,0.358455525439
LNGN0244,importer,import_pagerank,59,0.598930043974
LNGN0244,importer,export_pagerank,59,0.790140185574
LNGN0244,importer,role_specific_pagerank,59,0.598930043974
LNGN0244,importer,role_specific_dependence,59,0.358455525439
LNGN0248,importer,throughput,43,-0.22793195649
LNGN0248,importer,voyage_count,43,-0.229974160207
LNGN0248,importer,counterparty_count,43,-0.235294117647
LNGN0248,importer,counterparty_hhi_terminal,43,-0.224808123512
LNGN0248,importer,counterparty_hhi_country,43,-0.253794962856
LNGN0248,importer,effective_counterparties_terminal,43,-0.217409071821
LNGN0248,importer,effective_counterparties_country,43,-0.250010698807
LNGN0248,importer,max_dependence_generated,0,
LNGN0248,importer,weighted_dependence_generated,0,
LNGN0248,importer,country_terminal_dependence,43,0.102914975982
LNGN0248,importer,import_pagerank,43,0.78399755419
LNGN0248,importer,export_pagerank,43,0.816783681675
LNGN0248,importer,role_specific_pagerank,43,0.78399755419
LNGN0248,importer,role_specific_dependence,43,0.102914975982
LNGN0250,importer,throughput,9,-0.192819483261
LNGN0250,importer,voyage_count,9,
LNGN0250,importer,counterparty_count,9,
LNGN0250,importer,counterparty_hhi_terminal,9,
LNGN0250,importer,counterparty_hhi_country,9,
LNGN0250,importer,effective_counterparties_terminal,9,
LNGN0250,importer,effective_counterparties_country,9,
LNGN0250,importer,max_dependence_generated,0,
LNGN0250,importer,weighted_dependence_generated,0,
LNGN0250,importer,country_terminal_dependence,9,-0.325232664368
LNGN0250,importer,import_pagerank,9,0.91173029529
LNGN0250,importer,export_pagerank,9,0.860900649283
LNGN0250,importer,role_specific_pagerank,9,0.91173029529
LNGN0250,importer,role_specific_dependence,9,-0.325232664368
LNGN0251,importer,throughput,26,-0.199174904187
LNGN0251,importer,voyage_count,26,-0.136363636364
LNGN0251,importer,counterparty_count,26,-0.136363636364
LNGN0251,importer,counterparty_hhi_terminal,26,-0.136282461464
LNGN0251,importer,counterparty_hhi_country,26,-0.136282461464
LNGN0251,importer,effective_counterparties_terminal,26,-0.136050365394
LNGN0251,importer,effective_counterparties_country,26,-0.136050365394
LNGN0251,importer,max_dependence_generated,0,
LNGN0251,importer,weighted_dependence_generated,0,
LNGN0251,importer,country_terminal_dependence,26,0.120732001672
LNGN0251,importer,import_pagerank,26,0.244606695961
LNGN0251,importer,export_pagerank,26,0.838272261679
LNGN0251,importer,role_specific_pagerank,26,0.244606695961
LNGN0251,importer,role_specific_dependence,26,0.120732001672
LNGN0253,importer,throughput,2,
LNGN0253,importer,voyage_count,2,
LNGN0253,importer,counterparty_count,2,
LNGN0253,importer,counterparty_hhi_terminal,2,
LNGN0253,importer,counterparty_hhi_country,2,
LNGN0253,importer,effective_counterparties_terminal,2,
LNGN0253,importer,effective_counterparties_country,2,
LNGN0253,importer,max_dependence_generated,0,
LNGN0253,importer,weighted_dependence_generated,0,
LNGN0253,importer,country_terminal_dependence,2,
LNGN0253,importer,import_pagerank,2,
LNGN0253,importer,export_pagerank,2,
LNGN0253,importer,role_specific_pagerank,2,
LNGN0253,importer,role_specific_dependence,2,
LNGN0258,importer,throughput,11,-0.134946237582
LNGN0258,importer,voyage_count,11,-0.111111111111
LNGN0258,importer,counterparty_count,11,-0.111111111111
LNGN0258,importer,counterparty_hhi_terminal,11,-0.111111111111
LNGN0258,importer,counterparty_hhi_country,11,
LNGN0258,importer,effective_counterparties_terminal,11,-0.111111111111
LNGN0258,importer,effective_counterparties_country,11,
LNGN0258,importer,max_dependence_generated,0,
LNGN0258,importer,weighted_dependence_generated,0,
LNGN0258,importer,country_terminal_dependence,11,-0.111111111111
LNGN0258,importer,import_pagerank,11,-0.090189905197
LNGN0258,importer,export_pagerank,11,0.678300694109
LNGN0258,importer,role_specific_pagerank,11,-0.090189905197
LNGN0258,importer,role_specific_dependence,11,-0.111111111111
LNGN0261,exporter,throughput,59,0.484513844201
LNGN0261,exporter,voyage_count,59,0.496613429652
LNGN0261,exporter,counterparty_count,59,0.563043804977
LNGN0261,exporter,counterparty_hhi_terminal,59,0.567357401218
LNGN0261,exporter,counterparty_hhi_country,59,0.303098679085
LNGN0261,exporter,effective_counterparties_terminal,59,0.484933485517
LNGN0261,exporter,effective_counterparties_country,59,0.317157716874
LNGN0261,exporter,max_dependence_generated,59,-0.0459789711316
LNGN0261,exporter,weighted_dependence_generated,59,0.0370311010352
LNGN0261,exporter,country_terminal_dependence,0,
LNGN0261,exporter,import_pagerank,59,0.857555380774
LNGN0261,exporter,export_pagerank,59,0.198411109231
LNGN0261,exporter,role_specific_pagerank,59,0.198411109231
LNGN0261,exporter,role_specific_dependence,59,0.0370311010352
LNGN0262,importer,throughput,1,
LNGN0262,importer,voyage_count,1,
LNGN0262,importer,counterparty_count,1,
LNGN0262,importer,counterparty_hhi_terminal,1,
LNGN0262,importer,counterparty_hhi_country,1,
LNGN0262,importer,effective_counterparties_terminal,1,
LNGN0262,importer,effective_counterparties_country,1,
LNGN0262,importer,max_dependence_generated,0,
LNGN0262,importer,weighted_dependence_generated,0,
LNGN0262,importer,country_terminal_dependence,1,
LNGN0262,importer,import_pagerank,1,
LNGN0262,importer,export_pagerank,1,
LNGN0262,importer,role_specific_pagerank,1,
LNGN0262,importer,role_specific_dependence,1,
LNGN0268,importer,throughput,10,-0.303096855289
LNGN0268,importer,voyage_count,10,-0.188982236505
LNGN0268,importer,counterparty_count,10,-0.125
LNGN0268,importer,counterparty_hhi_terminal,10,-0.125
LNGN0268,importer,counterparty_hhi_country,10,-0.125
LNGN0268,importer,effective_counterparties_terminal,10,-0.125
LNGN0268,importer,effective_counterparties_country,10,-0.125
LNGN0268,importer,max_dependence_generated,0,
LNGN0268,importer,weighted_dependence_generated,0,
LNGN0268,importer,country_terminal_dependence,10,0.114491051351
LNGN0268,importer,import_pagerank,10,0.132799836086
LNGN0268,importer,export_pagerank,10,0.863807489299
LNGN0268,importer,role_specific_pagerank,10,0.132799836086
LNGN0268,importer,role_specific_dependence,10,0.114491051351
LNGN0270,importer,throughput,54,-0.0654899660014
LNGN0270,importer,voyage_count,54,-0.0768990309472
LNGN0270,importer,counterparty_count,54,-0.107961053837
LNGN0270,importer,counterparty_hhi_terminal,54,-0.106741248914
LNGN0270,importer,counterparty_hhi_country,54,0.273557651855
LNGN0270,importer,effective_counterparties_terminal,54,-0.181263966298
LNGN0270,importer,effective_counterparties_country,54,0.117358336979
LNGN0270,importer,max_dependence_generated,0,
LNGN0270,importer,weighted_dependence_generated,0,
LNGN0270,importer,country_terminal_dependence,54,0.388527222374
LNGN0270,importer,import_pagerank,54,0.18127288252
LNGN0270,importer,export_pagerank,54,0.801465630161
LNGN0270,importer,role_specific_pagerank,54,0.18127288252
LNGN0270,importer,role_specific_dependence,54,0.388527222374
LNGN0272,importer,throughput,12,0.384780147645
LNGN0272,importer,voyage_count,12,0.385758374905
LNGN0272,importer,counterparty_count,12,0.240562612162
LNGN0272,importer,counterparty_hhi_terminal,12,0.240872368045
LNGN0272,importer,counterparty_hhi_country,12,0.240872368045
LNGN0272,importer,effective_counterparties_terminal,12,0.241181171542
LNGN0272,importer,effective_counterparties_country,12,0.241181171542
LNGN0272,importer,max_dependence_generated,0,
LNGN0272,importer,weighted_dependence_generated,0,
LNGN0272,importer,country_terminal_dependence,12,
LNGN0272,importer,import_pagerank,12,0.391182901398
LNGN0272,importer,export_pagerank,12,0.701691898264
LNGN0272,importer,role_specific_pagerank,12,0.391182901398
LNGN0272,importer,role_specific_dependence,12,
LNGN0274,exporter,throughput,31,0.0356223108081
LNGN0274,exporter,voyage_count,31,0.0284974093264
LNGN0274,exporter,counterparty_count,31,-0.0365448504983
LNGN0274,exporter,counterparty_hhi_terminal,31,-0.0791078288937
LNGN0274,exporter,counterparty_hhi_country,31,0.0204007857169
LNGN0274,exporter,effective_counterparties_terminal,31,-0.0486994254947
LNGN0274,exporter,effective_counterparties_country,31,0.040489466541
LNGN0274,exporter,max_dependence_generated,31,-0.168259625232
LNGN0274,exporter,weighted_dependence_generated,31,0.0975557539671
LNGN0274,exporter,country_terminal_dependence,0,
LNGN0274,exporter,import_pagerank,31,0.804377913587
LNGN0274,exporter,export_pagerank,31,-0.0411358182161
LNGN0274,exporter,role_specific_pagerank,31,-0.0411358182161
LNGN0274,exporter,role_specific_dependence,31,0.0975557539671
LNGN0278,importer,throughput,31,0.155313351499
LNGN0278,importer,voyage_count,31,0.155313351499
LNGN0278,importer,counterparty_count,31,0.423076923077
LNGN0278,importer,counterparty_hhi_terminal,31,0.421862751671
LNGN0278,importer,counterparty_hhi_country,31,
LNGN0278,importer,effective_counterparties_terminal,31,0.421636012854
LNGN0278,importer,effective_counterparties_country,31,
LNGN0278,importer,max_dependence_generated,0,
LNGN0278,importer,weighted_dependence_generated,0,
LNGN0278,importer,country_terminal_dependence,31,0.0449077070435
LNGN0278,importer,import_pagerank,31,0.685320939517
LNGN0278,importer,export_pagerank,31,0.858764856914
LNGN0278,importer,role_specific_pagerank,31,0.685320939517
LNGN0278,importer,role_specific_dependence,31,0.0449077070435
LNGN0285,importer,throughput,19,0.38152437733
LNGN0285,importer,voyage_count,19,0.311936856507
LNGN0285,importer,counterparty_count,19,0.310095658164
LNGN0285,importer,counterparty_hhi_terminal,19,0.197709940121
LNGN0285,importer,counterparty_hhi_country,19,-0.0232017636768
LNGN0285,importer,effective_counterparties_terminal,19,0.239549935217
LNGN0285,importer,effective_counterparties_country,19,-0.0845102091267
LNGN0285,importer,max_dependence_generated,0,
LNGN0285,importer,weighted_dependence_generated,0,
LNGN0285,importer,country_terminal_dependence,19,-0.156896380113
LNGN0285,importer,import_pagerank,19,0.632941446649
LNGN0285,importer,export_pagerank,19,0.818948958717
LNGN0285,importer,role_specific_pagerank,19,0.632941446649
LNGN0285,importer,role_specific_dependence,19,-0.156896380113
LNGN0287,importer,throughput,18,-0.0385763804896
LNGN0287,importer,voyage_count,18,-0.0625
LNGN0287,importer,counterparty_count,18,-0.0625
LNGN0287,importer,counterparty_hhi_terminal,18,-0.0625
LNGN0287,importer,counterparty_hhi_country,18,-0.0625
LNGN0287,importer,effective_counterparties_terminal,18,-0.0625
LNGN0287,importer,effective_counterparties_country,18,-0.0625
LNGN0287,importer,max_dependence_generated,0,
LNGN0287,importer,weighted_dependence_generated,0,
LNGN0287,importer,country_terminal_dependence,18,0.254492222732
LNGN0287,importer,import_pagerank,18,0.741872639408
LNGN0287,importer,export_pagerank,18,0.815348894916
LNGN0287,importer,role_specific_pagerank,18,0.741872639408
LNGN0287,importer,role_specific_dependence,18,0.254492222732
LNGN0288,exporter,throughput,11,-0.253091876148
LNGN0288,exporter,voyage_count,11,-0.25
LNGN0288,exporter,counterparty_count,11,-0.111111111111
LNGN0288,exporter,counterparty_hhi_terminal,11,-0.111111111111
LNGN0288,exporter,counterparty_hhi_country,11,
LNGN0288,exporter,effective_counterparties_terminal,11,-0.111111111111
LNGN0288,exporter,effective_counterparties_country,11,
LNGN0288,exporter,max_dependence_generated,11,0.18861386086
LNGN0288,exporter,weighted_dependence_generated,11,0.171878825574
LNGN0288,exporter,country_terminal_dependence,0,
LNGN0288,exporter,import_pagerank,11,-0.0986285979527
LNGN0288,exporter,export_pagerank,11,-0.000181724464775
LNGN0288,exporter,role_specific_pagerank,11,-0.000181724464775
LNGN0288,exporter,role_specific_dependence,11,0.171878825574
LNGN0290,importer,throughput,2,
LNGN0290,importer,voyage_count,2,
LNGN0290,importer,counterparty_count,2,
LNGN0290,importer,counterparty_hhi_terminal,2,
LNGN0290,importer,counterparty_hhi_country,2,
LNGN0290,importer,effective_counterparties_terminal,2,
LNGN0290,importer,effective_counterparties_country,2,
LNGN0290,importer,max_dependence_generated,0,
LNGN0290,importer,weighted_dependence_generated,0,
LNGN0290,importer,country_terminal_dependence,2,
LNGN0290,importer,import_pagerank,2,
LNGN0290,importer,export_pagerank,2,
LNGN0290,importer,role_specific_pagerank,2,
LNGN0290,importer,role_specific_dependence,2,
LNGN0291,importer,throughput,13,-0.436776120677
LNGN0291,importer,voyage_count,13,
LNGN0291,importer,counterparty_count,13,
LNGN0291,importer,counterparty_hhi_terminal,13,
LNGN0291,importer,counterparty_hhi_country,13,
LNGN0291,importer,effective_counterparties_terminal,13,
LNGN0291,importer,effective_counterparties_country,13,
LNGN0291,importer,max_dependence_generated,0,
LNGN0291,importer,weighted_dependence_generated,0,
LNGN0291,importer,country_terminal_dependence,13,
LNGN0291,importer,import_pagerank,13,0.389626047165
LNGN0291,importer,export_pagerank,13,0.62526849546
LNGN0291,importer,role_specific_pagerank,13,0.389626047165
LNGN0291,importer,role_specific_dependence,13,
LNGN0293,importer,throughput,9,-0.5
LNGN0293,importer,voyage_count,9,-0.5
LNGN0293,importer,counterparty_count,9,
LNGN0293,importer,counterparty_hhi_terminal,9,
LNGN0293,importer,counterparty_hhi_country,9,
LNGN0293,importer,effective_counterparties_terminal,9,
LNGN0293,importer,effective_counterparties_country,9,
LNGN0293,importer,max_dependence_generated,0,
LNGN0293,importer,weighted_dependence_generated,0,
LNGN0293,importer,country_terminal_dependence,9,0.101800471723
LNGN0293,importer,import_pagerank,9,0.0349575361797
LNGN0293,importer,export_pagerank,9,-0.0362849072742
LNGN0293,importer,role_specific_pagerank,9,0.0349575361797
LNGN0293,importer,role_specific_dependence,9,0.101800471723
LNGN0294,importer,throughput,11,-0.339910037252
LNGN0294,importer,voyage_count,11,-0.282528965609
LNGN0294,importer,counterparty_count,11,-0.282528965609
LNGN0294,importer,counterparty_hhi_terminal,11,-0.367895214978
LNGN0294,importer,counterparty_hhi_country,11,-0.425850403365
LNGN0294,importer,effective_counterparties_terminal,11,-0.28546653689
LNGN0294,importer,effective_counterparties_country,11,-0.435322709291
LNGN0294,importer,max_dependence_generated,0,
LNGN0294,importer,weighted_dependence_generated,0,
LNGN0294,importer,country_terminal_dependence,11,0.250768135396
LNGN0294,importer,import_pagerank,11,0.0189794357291
LNGN0294,importer,export_pagerank,11,0.786349119652
LNGN0294,importer,role_specific_pagerank,11,0.0189794357291
LNGN0294,importer,role_specific_dependence,11,0.250768135396
LNGN0297,exporter,throughput,60,0.294740458696
LNGN0297,exporter,voyage_count,60,0.300555866817
LNGN0297,exporter,counterparty_count,60,0.304014553867
LNGN0297,exporter,counterparty_hhi_terminal,60,0.242686659618
LNGN0297,exporter,counterparty_hhi_country,60,0.491880767468
LNGN0297,exporter,effective_counterparties_terminal,60,0.284223876609
LNGN0297,exporter,effective_counterparties_country,60,0.636431985445
LNGN0297,exporter,max_dependence_generated,60,-0.11193452231
LNGN0297,exporter,weighted_dependence_generated,60,0.228116697503
LNGN0297,exporter,country_terminal_dependence,0,
LNGN0297,exporter,import_pagerank,60,0.833071376826
LNGN0297,exporter,export_pagerank,60,0.406733211399
LNGN0297,exporter,role_specific_pagerank,60,0.406733211399
LNGN0297,exporter,role_specific_dependence,60,0.228116697503
LNGN0299,importer,throughput,6,-0.467707173347
LNGN0299,importer,voyage_count,6,-0.467707173347
LNGN0299,importer,counterparty_count,6,
LNGN0299,importer,counterparty_hhi_terminal,6,
LNGN0299,importer,counterparty_hhi_country,6,
LNGN0299,importer,effective_counterparties_terminal,6,
LNGN0299,importer,effective_counterparties_country,6,
LNGN0299,importer,max_dependence_generated,0,
LNGN0299,importer,weighted_dependence_generated,0,
LNGN0299,importer,country_terminal_dependence,6,-0.401797531168
LNGN0299,importer,import_pagerank,6,-0.643175275468
LNGN0299,importer,export_pagerank,6,-0.24541903512
LNGN0299,importer,role_specific_pagerank,6,-0.643175275468
LNGN0299,importer,role_specific_dependence,6,-0.401797531168
LNGN0307,importer,throughput,5,
LNGN0307,importer,voyage_count,5,
LNGN0307,importer,counterparty_count,5,
LNGN0307,importer,counterparty_hhi_terminal,5,
LNGN0307,importer,counterparty_hhi_country,5,
LNGN0307,importer,effective_counterparties_terminal,5,
LNGN0307,importer,effective_counterparties_country,5,
LNGN0307,importer,max_dependence_generated,0,
LNGN0307,importer,weighted_dependence_generated,0,
LNGN0307,importer,country_terminal_dependence,5,-0.961520634976
LNGN0307,importer,import_pagerank,5,-0.312857395594
LNGN0307,importer,export_pagerank,5,-0.492584718874
LNGN0307,importer,role_specific_pagerank,5,-0.312857395594
LNGN0307,importer,role_specific_dependence,5,-0.961520634976
LNGN0308,exporter,throughput,18,0.128157178988
LNGN0308,exporter,voyage_count,18,0.138675049056
LNGN0308,exporter,counterparty_count,18,0.138675049056
LNGN0308,exporter,counterparty_hhi_terminal,18,0.0228681941497
LNGN0308,exporter,counterparty_hhi_country,18,0.0228681941497
LNGN0308,exporter,effective_counterparties_terminal,18,0.139977726444
LNGN0308,exporter,effective_counterparties_country,18,0.139977726444
LNGN0308,exporter,max_dependence_generated,18,0.492751976863
LNGN0308,exporter,weighted_dependence_generated,18,0.411960182385
LNGN0308,exporter,country_terminal_dependence,0,
LNGN0308,exporter,import_pagerank,18,0.803429249165
LNGN0308,exporter,export_pagerank,18,0.803444473105
LNGN0308,exporter,role_specific_pagerank,18,0.803444473105
LNGN0308,exporter,role_specific_dependence,18,0.411960182385
LNGN0309,exporter,throughput,31,0.104218790499
LNGN0309,exporter,voyage_count,31,0.10780669145
LNGN0309,exporter,counterparty_count,31,-0.0344827586207
LNGN0309,exporter,counterparty_hhi_terminal,31,-0.0513047526375
LNGN0309,exporter,counterparty_hhi_country,31,-0.208808909212
LNGN0309,exporter,effective_counterparties_terminal,31,-0.0506365245243
LNGN0309,exporter,effective_counterparties_country,31,-0.200093956317
LNGN0309,exporter,max_dependence_generated,31,-0.00412969802734
LNGN0309,exporter,weighted_dependence_generated,31,0.0348276600761
LNGN0309,exporter,country_terminal_dependence,0,
LNGN0309,exporter,import_pagerank,31,0.838314298018
LNGN0309,exporter,export_pagerank,31,0.250333197409
LNGN0309,exporter,role_specific_pagerank,31,0.250333197409
LNGN0309,exporter,role_specific_dependence,31,0.0348276600761
LNGN0312,exporter,throughput,37,-0.126065702817
LNGN0312,exporter,voyage_count,37,-0.129707112971
LNGN0312,exporter,counterparty_count,37,-0.0841121495327
LNGN0312,exporter,counterparty_hhi_terminal,37,-0.122990613783
LNGN0312,exporter,counterparty_hhi_country,37,0.0318246455876
LNGN0312,exporter,effective_counterparties_terminal,37,-0.0831774166134
LNGN0312,exporter,effective_counterparties_country,37,-0.000284547028572
LNGN0312,exporter,max_dependence_generated,37,0.00292687355646
LNGN0312,exporter,weighted_dependence_generated,37,-0.0830466437422
LNGN0312,exporter,country_terminal_dependence,0,
LNGN0312,exporter,import_pagerank,37,0.805477131442
LNGN0312,exporter,export_pagerank,37,0.323321017266
LNGN0312,exporter,role_specific_pagerank,37,0.323321017266
LNGN0312,exporter,role_specific_dependence,37,-0.0830466437422
LNGN0314,importer,throughput,52,0.577965349028
LNGN0314,importer,voyage_count,52,0.518941110534
LNGN0314,importer,counterparty_count,52,0.418004781305
LNGN0314,importer,counterparty_hhi_terminal,52,0.231310780997
LNGN0314,importer,counterparty_hhi_country,52,0.165122663759
LNGN0314,importer,effective_counterparties_terminal,52,0.220490269892
LNGN0314,importer,effective_counterparties_country,52,0.232603649984
LNGN0314,importer,max_dependence_generated,0,
LNGN0314,importer,weighted_dependence_generated,0,
LNGN0314,importer,country_terminal_dependence,52,0.264856384653
LNGN0314,importer,import_pagerank,52,0.182735580995
LNGN0314,importer,export_pagerank,52,0.759724945123
LNGN0314,importer,role_specific_pagerank,52,0.182735580995
LNGN0314,importer,role_specific_dependence,52,0.264856384653
LNGN0319,importer,throughput,46,0.306670365903
LNGN0319,importer,voyage_count,46,0.368051466897
LNGN0319,importer,counterparty_count,46,0.342379958246
LNGN0319,importer,counterparty_hhi_terminal,46,0.169340337134
LNGN0319,importer,counterparty_hhi_country,46,0.181113958182
LNGN0319,importer,effective_counterparties_terminal,46,0.226052294708
LNGN0319,importer,effective_counterparties_country,46,0.265389760429
LNGN0319,importer,max_dependence_generated,0,
LNGN0319,importer,weighted_dependence_generated,0,
LNGN0319,importer,country_terminal_dependence,46,0.439540585942
LNGN0319,importer,import_pagerank,46,0.35150989208
LNGN0319,importer,export_pagerank,46,0.789136655076
LNGN0319,importer,role_specific_pagerank,46,0.35150989208
LNGN0319,importer,role_specific_dependence,46,0.439540585942
LNGN0322,exporter,throughput,53,0.0473316993319
LNGN0322,exporter,voyage_count,53,0.0488878238907
LNGN0322,exporter,counterparty_count,53,0.135180453118
LNGN0322,exporter,counterparty_hhi_terminal,53,0.11993226725
LNGN0322,exporter,counterparty_hhi_country,53,0.0970940026443
LNGN0322,exporter,effective_counterparties_terminal,53,0.142154623064
LNGN0322,exporter,effective_counterparties_country,53,0.0870558538924
LNGN0322,exporter,max_dependence_generated,53,-0.0425361342389
LNGN0322,exporter,weighted_dependence_generated,53,-0.0197281760414
LNGN0322,exporter,country_terminal_dependence,0,
LNGN0322,exporter,import_pagerank,53,0.870251594967
LNGN0322,exporter,export_pagerank,53,0.454101507458
LNGN0322,exporter,role_specific_pagerank,53,0.454101507458
LNGN0322,exporter,role_specific_dependence,53,-0.0197281760414
LNGN0324,importer,throughput,32,0.252080746302
LNGN0324,importer,voyage_count,32,0.261904761905
LNGN0324,importer,counterparty_count,32,-0.207792207792
LNGN0324,importer,counterparty_hhi_terminal,32,-0.234192029285
LNGN0324,importer,counterparty_hhi_country,32,-0.234728428191
LNGN0324,importer,effective_counterparties_terminal,32,-0.207799588005
LNGN0324,importer,effective_counterparties_country,32,-0.208447672693
LNGN0324,importer,max_dependence_generated,0,
LNGN0324,importer,weighted_dependence_generated,0,
LNGN0324,importer,country_terminal_dependence,32,-0.170283978798
LNGN0324,importer,import_pagerank,32,-0.0673590639567
LNGN0324,importer,export_pagerank,32,0.712728436184
LNGN0324,importer,role_specific_pagerank,32,-0.0673590639567
LNGN0324,importer,role_specific_dependence,32,-0.170283978798
LNGN0328,exporter,throughput,60,0.726222855054
LNGN0328,exporter,voyage_count,60,0.759705192247
LNGN0328,exporter,counterparty_count,60,0.682029731495
LNGN0328,exporter,counterparty_hhi_terminal,60,0.284575984197
LNGN0328,exporter,counterparty_hhi_country,60,0.308370778504
LNGN0328,exporter,effective_counterparties_terminal,60,0.476612363139
LNGN0328,exporter,effective_counterparties_country,60,0.418485837716
LNGN0328,exporter,max_dependence_generated,60,
LNGN0328,exporter,weighted_dependence_generated,60,0.468550682242
LNGN0328,exporter,country_terminal_dependence,0,
LNGN0328,exporter,import_pagerank,60,0.833071376826
LNGN0328,exporter,export_pagerank,60,0.489497963025
LNGN0328,exporter,role_specific_pagerank,60,0.489497963025
LNGN0328,exporter,role_specific_dependence,60,0.468550682242
LNGN0331,importer,throughput,36,-0.103134279851
LNGN0331,importer,voyage_count,36,-0.184719535783
LNGN0331,importer,counterparty_count,36,-0.175527374375
LNGN0331,importer,counterparty_hhi_terminal,36,-0.182697305051
LNGN0331,importer,counterparty_hhi_country,36,-0.393366077792
LNGN0331,importer,effective_counterparties_terminal,36,-0.153435250895
LNGN0331,importer,effective_counterparties_country,36,-0.307955245922
LNGN0331,importer,max_dependence_generated,0,
LNGN0331,importer,weighted_dependence_generated,0,
LNGN0331,importer,country_terminal_dependence,36,
LNGN0331,importer,import_pagerank,36,0.316234524725
LNGN0331,importer,export_pagerank,36,0.79809200431
LNGN0331,importer,role_specific_pagerank,36,0.316234524725
LNGN0331,importer,role_specific_dependence,36,
LNGN0334,exporter,throughput,21,-0.0748889753344
LNGN0334,exporter,voyage_count,21,-0.0721479105366
LNGN0334,exporter,counterparty_count,21,-0.0526315789474
LNGN0334,exporter,counterparty_hhi_terminal,21,-0.0526315789474
LNGN0334,exporter,counterparty_hhi_country,21,-0.0526315789474
LNGN0334,exporter,effective_counterparties_terminal,21,-0.0526315789474
LNGN0334,exporter,effective_counterparties_country,21,-0.0526315789474
LNGN0334,exporter,max_dependence_generated,21,0.115207399836
LNGN0334,exporter,weighted_dependence_generated,21,0.145486123642
LNGN0334,exporter,country_terminal_dependence,0,
LNGN0334,exporter,import_pagerank,21,0.767631173179
LNGN0334,exporter,export_pagerank,21,0.247321490067
LNGN0334,exporter,role_specific_pagerank,21,0.247321490067
LNGN0334,exporter,role_specific_dependence,21,0.145486123642
LNGN0344,importer,throughput,1,
LNGN0344,importer,voyage_count,1,
LNGN0344,importer,counterparty_count,1,
LNGN0344,importer,counterparty_hhi_terminal,1,
LNGN0344,importer,counterparty_hhi_country,1,
LNGN0344,importer,effective_counterparties_terminal,1,
LNGN0344,importer,effective_counterparties_country,1,
LNGN0344,importer,max_dependence_generated,0,
LNGN0344,importer,weighted_dependence_generated,0,
LNGN0344,importer,country_terminal_dependence,1,
LNGN0344,importer,import_pagerank,1,
LNGN0344,importer,export_pagerank,1,
LNGN0344,importer,role_specific_pagerank,1,
LNGN0344,importer,role_specific_dependence,1,
LNGN0345,exporter,throughput,60,0.714618456478
LNGN0345,exporter,voyage_count,60,0.703915004376
LNGN0345,exporter,counterparty_count,60,0.554935027027
LNGN0345,exporter,counterparty_hhi_terminal,60,0.429186112888
LNGN0345,exporter,counterparty_hhi_country,60,0.293501382162
LNGN0345,exporter,effective_counterparties_terminal,60,0.358636802101
LNGN0345,exporter,effective_counterparties_country,60,0.162024898086
LNGN0345,exporter,max_dependence_generated,60,-0.0693972551773
LNGN0345,exporter,weighted_dependence_generated,60,0.470251037466
LNGN0345,exporter,country_terminal_dependence,0,
LNGN0345,exporter,import_pagerank,60,0.833071376826
LNGN0345,exporter,export_pagerank,60,0.410907760341
LNGN0345,exporter,role_specific_pagerank,60,0.410907760341
LNGN0345,exporter,role_specific_dependence,60,0.470251037466
LNGN0347,importer,throughput,48,0.353969729202
LNGN0347,importer,voyage_count,48,0.232738104607
LNGN0347,importer,counterparty_count,48,0.260692770938
LNGN0347,importer,counterparty_hhi_terminal,48,0.302113085701
LNGN0347,importer,counterparty_hhi_country,48,0.30027935998
LNGN0347,importer,effective_counterparties_terminal,48,0.299182579063
LNGN0347,importer,effective_counterparties_country,48,0.301864901857
LNGN0347,importer,max_dependence_generated,0,
LNGN0347,importer,weighted_dependence_generated,0,
LNGN0347,importer,country_terminal_dependence,48,0.473221815382
LNGN0347,importer,import_pagerank,48,0.231942907203
LNGN0347,importer,export_pagerank,48,0.74551700036
LNGN0347,importer,role_specific_pagerank,48,0.231942907203
LNGN0347,importer,role_specific_dependence,48,0.473221815382
LNGN0348,importer,throughput,6,-0.166726161242
LNGN0348,importer,voyage_count,6,-0.375
LNGN0348,importer,counterparty_count,6,
LNGN0348,importer,counterparty_hhi_terminal,6,
LNGN0348,importer,counterparty_hhi_country,6,
LNGN0348,importer,effective_counterparties_terminal,6,
LNGN0348,importer,effective_counterparties_country,6,
LNGN0348,importer,max_dependence_generated,0,
LNGN0348,importer,weighted_dependence_generated,0,
LNGN0348,importer,country_terminal_dependence,6,
LNGN0348,importer,import_pagerank,6,0.164510467382
LNGN0348,importer,export_pagerank,6,0.558944209141
LNGN0348,importer,role_specific_pagerank,6,0.164510467382
LNGN0348,importer,role_specific_dependence,6,
LNGN0351,exporter,throughput,33,-0.242343723797
LNGN0351,exporter,voyage_count,33,-0.250391542918
LNGN0351,exporter,counterparty_count,33,-0.120213903913
LNGN0351,exporter,counterparty_hhi_terminal,33,-0.0873672947504
LNGN0351,exporter,counterparty_hhi_country,33,-0.0789724327995
LNGN0351,exporter,effective_counterparties_terminal,33,-0.121123516595
LNGN0351,exporter,effective_counterparties_country,33,-0.098765431842
LNGN0351,exporter,max_dependence_generated,33,-0.107810959382
LNGN0351,exporter,weighted_dependence_generated,33,-0.0572279361446
LNGN0351,exporter,country_terminal_dependence,0,
LNGN0351,exporter,import_pagerank,33,0.817667411399
LNGN0351,exporter,export_pagerank,33,0.244607233963
LNGN0351,exporter,role_specific_pagerank,33,0.244607233963
LNGN0351,exporter,role_specific_dependence,33,-0.0572279361446
LNGN0354,importer,throughput,17,-0.415139924185
LNGN0354,importer,voyage_count,17,-0.333333333333
LNGN0354,importer,counterparty_count,17,-0.142857142857
LNGN0354,importer,counterparty_hhi_terminal,17,-0.142856605867
LNGN0354,importer,counterparty_hhi_country,17,-0.0666666666667
LNGN0354,importer,effective_counterparties_terminal,17,-0.142855003002
LNGN0354,importer,effective_counterparties_country,17,-0.0666666666667
LNGN0354,importer,max_dependence_generated,0,
LNGN0354,importer,weighted_dependence_generated,0,
LNGN0354,importer,country_terminal_dependence,17,0.0597565124714
LNGN0354,importer,import_pagerank,17,0.230902300269
LNGN0354,importer,export_pagerank,17,0.650928859586
LNGN0354,importer,role_specific_pagerank,17,0.230902300269
LNGN0354,importer,role_specific_dependence,17,0.0597565124714
LNGN0359,importer,throughput,46,-0.21539557276
LNGN0359,importer,voyage_count,46,-0.264236110753
LNGN0359,importer,counterparty_count,46,-0.153846153846
LNGN0359,importer,counterparty_hhi_terminal,46,-0.114375197772
LNGN0359,importer,counterparty_hhi_country,46,-0.0921963550124
LNGN0359,importer,effective_counterparties_terminal,46,-0.142737898783
LNGN0359,importer,effective_counterparties_country,46,-0.115878018741
LNGN0359,importer,max_dependence_generated,0,
LNGN0359,importer,weighted_dependence_generated,0,
LNGN0359,importer,country_terminal_dependence,46,-0.193927603534
LNGN0359,importer,import_pagerank,46,0.340383863157
LNGN0359,importer,export_pagerank,46,0.863593032379
LNGN0359,importer,role_specific_pagerank,46,0.340383863157
LNGN0359,importer,role_specific_dependence,46,-0.193927603534
LNGN0361,importer,throughput,1,
LNGN0361,importer,voyage_count,1,
LNGN0361,importer,counterparty_count,1,
LNGN0361,importer,counterparty_hhi_terminal,1,
LNGN0361,importer,counterparty_hhi_country,1,
LNGN0361,importer,effective_counterparties_terminal,1,
LNGN0361,importer,effective_counterparties_country,1,
LNGN0361,importer,max_dependence_generated,0,
LNGN0361,importer,weighted_dependence_generated,0,
LNGN0361,importer,country_terminal_dependence,1,
LNGN0361,importer,import_pagerank,1,
LNGN0361,importer,export_pagerank,1,
LNGN0361,importer,role_specific_pagerank,1,
LNGN0361,importer,role_specific_dependence,1,
LNGN0362,importer,throughput,9,-0.445701089118
LNGN0362,importer,voyage_count,9,
LNGN0362,importer,counterparty_count,9,
LNGN0362,importer,counterparty_hhi_terminal,9,
LNGN0362,importer,counterparty_hhi_country,9,
LNGN0362,importer,effective_counterparties_terminal,9,
LNGN0362,importer,effective_counterparties_country,9,
LNGN0362,importer,max_dependence_generated,0,
LNGN0362,importer,weighted_dependence_generated,0,
LNGN0362,importer,country_terminal_dependence,9,0.332270144138
LNGN0362,importer,import_pagerank,9,0.863723512004
LNGN0362,importer,export_pagerank,9,0.381394225885
LNGN0362,importer,role_specific_pagerank,9,0.863723512004
LNGN0362,importer,role_specific_dependence,9,0.332270144138
LNGN0363,importer,throughput,38,-0.0222518951382
LNGN0363,importer,voyage_count,38,-0.0433839479393
LNGN0363,importer,counterparty_count,38,0.0716845878136
LNGN0363,importer,counterparty_hhi_terminal,38,0.0807588285256
LNGN0363,importer,counterparty_hhi_country,38,0.14472495715
LNGN0363,importer,effective_counterparties_terminal,38,0.0828983978289
LNGN0363,importer,effective_counterparties_country,38,0.168070057634
LNGN0363,importer,max_dependence_generated,0,
LNGN0363,importer,weighted_dependence_generated,0,
LNGN0363,importer,country_terminal_dependence,38,0.244188299949
LNGN0363,importer,import_pagerank,38,0.540707285138
LNGN0363,importer,export_pagerank,38,0.69795106876
LNGN0363,importer,role_specific_pagerank,38,0.540707285138
LNGN0363,importer,role_specific_dependence,38,0.244188299949
LNGN0364,importer,throughput,1,
LNGN0364,importer,voyage_count,1,
LNGN0364,importer,counterparty_count,1,
LNGN0364,importer,counterparty_hhi_terminal,1,
LNGN0364,importer,counterparty_hhi_country,1,
LNGN0364,importer,effective_counterparties_terminal,1,
LNGN0364,importer,effective_counterparties_country,1,
LNGN0364,importer,max_dependence_generated,0,
LNGN0364,importer,weighted_dependence_generated,0,
LNGN0364,importer,country_terminal_dependence,1,
LNGN0364,importer,import_pagerank,1,
LNGN0364,importer,export_pagerank,1,
LNGN0364,importer,role_specific_pagerank,1,
LNGN0364,importer,role_specific_dependence,1,
LNGN0372,importer,throughput,16,-0.034728490556
LNGN0372,importer,voyage_count,16,-0.153846153846
LNGN0372,importer,counterparty_count,16,-0.0714285714286
LNGN0372,importer,counterparty_hhi_terminal,16,-0.0714285714286
LNGN0372,importer,counterparty_hhi_country,16,-0.0714285714286
LNGN0372,importer,effective_counterparties_terminal,16,-0.0714285714286
LNGN0372,importer,effective_counterparties_country,16,-0.0714285714286
LNGN0372,importer,max_dependence_generated,0,
LNGN0372,importer,weighted_dependence_generated,0,
LNGN0372,importer,country_terminal_dependence,16,-0.282710670506
LNGN0372,importer,import_pagerank,16,0.76448248061
LNGN0372,importer,export_pagerank,16,0.708131581858
LNGN0372,importer,role_specific_pagerank,16,0.76448248061
LNGN0372,importer,role_specific_dependence,16,-0.282710670506
LNGN0374,importer,throughput,58,0.0959754774162
LNGN0374,importer,voyage_count,58,0.125939361286
LNGN0374,importer,counterparty_count,58,0.22706741561
LNGN0374,importer,counterparty_hhi_terminal,58,0.221259146012
LNGN0374,importer,counterparty_hhi_country,58,0.195015588358
LNGN0374,importer,effective_counterparties_terminal,58,0.17773108145
LNGN0374,importer,effective_counterparties_country,58,0.140337019371
LNGN0374,importer,max_dependence_generated,0,
LNGN0374,importer,weighted_dependence_generated,0,
LNGN0374,importer,country_terminal_dependence,58,
LNGN0374,importer,import_pagerank,58,0.481504614864
LNGN0374,importer,export_pagerank,58,0.812354036454
LNGN0374,importer,role_specific_pagerank,58,0.481504614864
LNGN0374,importer,role_specific_dependence,58,
LNGN0378,exporter,throughput,46,0.249462040456
LNGN0378,exporter,voyage_count,46,0.257480000135
LNGN0378,exporter,counterparty_count,46,0.275207438641
LNGN0378,exporter,counterparty_hhi_terminal,46,0.278239092118
LNGN0378,exporter,counterparty_hhi_country,46,0.324542007001
LNGN0378,exporter,effective_counterparties_terminal,46,0.297915498369
LNGN0378,exporter,effective_counterparties_country,46,0.328517890631
LNGN0378,exporter,max_dependence_generated,46,-0.081410376709
LNGN0378,exporter,weighted_dependence_generated,46,0.0950059857835
LNGN0378,exporter,country_terminal_dependence,0,
LNGN0378,exporter,import_pagerank,46,0.895803938608
LNGN0378,exporter,export_pagerank,46,0.111390224386
LNGN0378,exporter,role_specific_pagerank,46,0.111390224386
LNGN0378,exporter,role_specific_dependence,46,0.0950059857835
LNGN0381,importer,throughput,58,0.210505729029
LNGN0381,importer,voyage_count,58,0.213775432549
LNGN0381,importer,counterparty_count,58,0.160568594311
LNGN0381,importer,counterparty_hhi_terminal,58,0.209792864942
LNGN0381,importer,counterparty_hhi_country,58,0.0172979043532
LNGN0381,importer,effective_counterparties_terminal,58,0.209232086587
LNGN0381,importer,effective_counterparties_country,58,-0.0137013770409
LNGN0381,importer,max_dependence_generated,0,
LNGN0381,importer,weighted_dependence_generated,0,
LNGN0381,importer,country_terminal_dependence,58,0.0170065140069
LNGN0381,importer,import_pagerank,58,0.289210306185
LNGN0381,importer,export_pagerank,58,0.808202203173
LNGN0381,importer,role_specific_pagerank,58,0.289210306185
LNGN0381,importer,role_specific_dependence,58,0.0170065140069
LNGN0382,importer,throughput,7,0.0327060389588
LNGN0382,importer,voyage_count,7,
LNGN0382,importer,counterparty_count,7,
LNGN0382,importer,counterparty_hhi_terminal,7,
LNGN0382,importer,counterparty_hhi_country,7,
LNGN0382,importer,effective_counterparties_terminal,7,
LNGN0382,importer,effective_counterparties_country,7,
LNGN0382,importer,max_dependence_generated,0,
LNGN0382,importer,weighted_dependence_generated,0,
LNGN0382,importer,country_terminal_dependence,7,-0.655071816729
LNGN0382,importer,import_pagerank,7,0.46205315427
LNGN0382,importer,export_pagerank,7,0.132969424142
LNGN0382,importer,role_specific_pagerank,7,0.46205315427
LNGN0382,importer,role_specific_dependence,7,-0.655071816729
LNGN0385,importer,throughput,57,0.528080407185
LNGN0385,importer,voyage_count,57,0.558983496343
LNGN0385,importer,counterparty_count,57,0.562302956941
LNGN0385,importer,counterparty_hhi_terminal,57,0.445283316783
LNGN0385,importer,counterparty_hhi_country,57,0.205391950497
LNGN0385,importer,effective_counterparties_terminal,57,0.442175695177
LNGN0385,importer,effective_counterparties_country,57,0.0714939500057
LNGN0385,importer,max_dependence_generated,0,
LNGN0385,importer,weighted_dependence_generated,0,
LNGN0385,importer,country_terminal_dependence,57,0.183327222769
LNGN0385,importer,import_pagerank,57,0.369939147912
LNGN0385,importer,export_pagerank,57,0.831154907394
LNGN0385,importer,role_specific_pagerank,57,0.369939147912
LNGN0385,importer,role_specific_dependence,57,0.183327222769
LNGN0391,importer,throughput,5,-0.0853805203091
LNGN0391,importer,voyage_count,5,0
LNGN0391,importer,counterparty_count,5,0
LNGN0391,importer,counterparty_hhi_terminal,5,-9.82944028261e-08
LNGN0391,importer,counterparty_hhi_country,5,-0.333333333333
LNGN0391,importer,effective_counterparties_terminal,5,-3.92930958e-07
LNGN0391,importer,effective_counterparties_country,5,-0.333333333333
LNGN0391,importer,max_dependence_generated,0,
LNGN0391,importer,weighted_dependence_generated,0,
LNGN0391,importer,country_terminal_dependence,5,
LNGN0391,importer,import_pagerank,5,-0.653501790471
LNGN0391,importer,export_pagerank,5,-0.707261471356
LNGN0391,importer,role_specific_pagerank,5,-0.653501790471
LNGN0391,importer,role_specific_dependence,5,
LNGN0398,importer,throughput,49,0.246202087828
LNGN0398,importer,voyage_count,49,0.217042764834
LNGN0398,importer,counterparty_count,49,0.315589353612
LNGN0398,importer,counterparty_hhi_terminal,49,0.319245063648
LNGN0398,importer,counterparty_hhi_country,49,0.301420629153
LNGN0398,importer,effective_counterparties_terminal,49,0.325428182389
LNGN0398,importer,effective_counterparties_country,49,0.335135315059
LNGN0398,importer,max_dependence_generated,0,
LNGN0398,importer,weighted_dependence_generated,0,
LNGN0398,importer,country_terminal_dependence,49,-0.25445549739
LNGN0398,importer,import_pagerank,49,0.744783806541
LNGN0398,importer,export_pagerank,49,0.849572441817
LNGN0398,importer,role_specific_pagerank,49,0.744783806541
LNGN0398,importer,role_specific_dependence,49,-0.25445549739
LNGN0405,importer,throughput,16,0.180345109591
LNGN0405,importer,voyage_count,16,0.187898089172
LNGN0405,importer,counterparty_count,16,0.181818181818
LNGN0405,importer,counterparty_hhi_terminal,16,0.0293729164279
LNGN0405,importer,counterparty_hhi_country,16,
LNGN0405,importer,effective_counterparties_terminal,16,0.163222941449
LNGN0405,importer,effective_counterparties_country,16,
LNGN0405,importer,max_dependence_generated,0,
LNGN0405,importer,weighted_dependence_generated,0,
LNGN0405,importer,country_terminal_dependence,16,0.362683943859
LNGN0405,importer,import_pagerank,16,0.521999593623
LNGN0405,importer,export_pagerank,16,0.801913191971
LNGN0405,importer,role_specific_pagerank,16,0.521999593623
LNGN0405,importer,role_specific_dependence,16,0.362683943859
LNGN0421,importer,throughput,51,0.0946741736526
LNGN0421,importer,voyage_count,51,0.0978920341411
LNGN0421,importer,counterparty_count,51,0.13559023663
LNGN0421,importer,counterparty_hhi_terminal,51,0.184188495404
LNGN0421,importer,counterparty_hhi_country,51,0.132115149307
LNGN0421,importer,effective_counterparties_terminal,51,0.165709213331
LNGN0421,importer,effective_counterparties_country,51,0.171988778515
LNGN0421,importer,max_dependence_generated,0,
LNGN0421,importer,weighted_dependence_generated,0,
LNGN0421,importer,country_terminal_dependence,51,0.304689938787
LNGN0421,importer,import_pagerank,51,0.416572186032
LNGN0421,importer,export_pagerank,51,0.8149068103
LNGN0421,importer,role_specific_pagerank,51,0.416572186032
LNGN0421,importer,role_specific_dependence,51,0.304689938787
LNGN0423,exporter,throughput,33,0.277875046662
LNGN0423,exporter,voyage_count,33,0.337426080164
LNGN0423,exporter,counterparty_count,33,0.333598041204
LNGN0423,exporter,counterparty_hhi_terminal,33,0.363768801908
LNGN0423,exporter,counterparty_hhi_country,33,0.431991330027
LNGN0423,exporter,effective_counterparties_terminal,33,0.289673663296
LNGN0423,exporter,effective_counterparties_country,33,0.382574493678
LNGN0423,exporter,max_dependence_generated,33,-0.0695381855541
LNGN0423,exporter,weighted_dependence_generated,33,-0.186148073252
LNGN0423,exporter,country_terminal_dependence,0,
LNGN0423,exporter,import_pagerank,33,0.800957600739
LNGN0423,exporter,export_pagerank,33,-0.0699404918716
LNGN0423,exporter,role_specific_pagerank,33,-0.0699404918716
LNGN0423,exporter,role_specific_dependence,33,-0.186148073252
LNGN0425,importer,throughput,12,-0.178608044747
LNGN0425,importer,voyage_count,12,
LNGN0425,importer,counterparty_count,12,
LNGN0425,importer,counterparty_hhi_terminal,12,
LNGN0425,importer,counterparty_hhi_country,12,
LNGN0425,importer,effective_counterparties_terminal,12,
LNGN0425,importer,effective_counterparties_country,12,
LNGN0425,importer,max_dependence_generated,0,
LNGN0425,importer,weighted_dependence_generated,0,
LNGN0425,importer,country_terminal_dependence,12,-0.461900894119
LNGN0425,importer,import_pagerank,12,0.272788662703
LNGN0425,importer,export_pagerank,12,0.720791243526
LNGN0425,importer,role_specific_pagerank,12,0.272788662703
LNGN0425,importer,role_specific_dependence,12,-0.461900894119
LNGN0426,importer,throughput,48,0.12708673281
LNGN0426,importer,voyage_count,48,0.124724570047
LNGN0426,importer,counterparty_count,48,0.0922746781116
LNGN0426,importer,counterparty_hhi_terminal,48,0.208108304799
LNGN0426,importer,counterparty_hhi_country,48,0.174613961555
LNGN0426,importer,effective_counterparties_terminal,48,0.15483302559
LNGN0426,importer,effective_counterparties_country,48,0.311000698338
LNGN0426,importer,max_dependence_generated,0,
LNGN0426,importer,weighted_dependence_generated,0,
LNGN0426,importer,country_terminal_dependence,48,-0.0198039615887
LNGN0426,importer,import_pagerank,48,-0.0439052423535
LNGN0426,importer,export_pagerank,48,0.778116535752
LNGN0426,importer,role_specific_pagerank,48,-0.0439052423535
LNGN0426,importer,role_specific_dependence,48,-0.0198039615887
LNGN0427,importer,throughput,48,-0.119360182853
LNGN0427,importer,voyage_count,48,-0.106884057971
LNGN0427,importer,counterparty_count,48,
LNGN0427,importer,counterparty_hhi_terminal,48,
LNGN0427,importer,counterparty_hhi_country,48,
LNGN0427,importer,effective_counterparties_terminal,48,
LNGN0427,importer,effective_counterparties_country,48,
LNGN0427,importer,max_dependence_generated,0,
LNGN0427,importer,weighted_dependence_generated,0,
LNGN0427,importer,country_terminal_dependence,48,0.779164686269
LNGN0427,importer,import_pagerank,48,0.689454339298
LNGN0427,importer,export_pagerank,48,0.822955498705
LNGN0427,importer,role_specific_pagerank,48,0.689454339298
LNGN0427,importer,role_specific_dependence,48,0.779164686269
LNGN0428,importer,throughput,27,0.140057867032
LNGN0428,importer,voyage_count,27,0.113091857291
LNGN0428,importer,counterparty_count,27,0.0552122852515
LNGN0428,importer,counterparty_hhi_terminal,27,0.113196712414
LNGN0428,importer,counterparty_hhi_country,27,0.309341901521
LNGN0428,importer,effective_counterparties_terminal,27,0.060186214718
LNGN0428,importer,effective_counterparties_country,27,0.365429506193
LNGN0428,importer,max_dependence_generated,0,
LNGN0428,importer,weighted_dependence_generated,0,
LNGN0428,importer,country_terminal_dependence,27,0.168093393801
LNGN0428,importer,import_pagerank,27,-0.0338019281343
LNGN0428,importer,export_pagerank,27,0.777768892418
LNGN0428,importer,role_specific_pagerank,27,-0.0338019281343
LNGN0428,importer,role_specific_dependence,27,0.168093393801
LNGN0429,importer,throughput,14,-0.0279592017427
LNGN0429,importer,voyage_count,14,0.0304290309725
LNGN0429,importer,counterparty_count,14,0.0304290309725
LNGN0429,importer,counterparty_hhi_terminal,14,0.0472815771217
LNGN0429,importer,counterparty_hhi_country,14,0.0472815771217
LNGN0429,importer,effective_counterparties_terminal,14,0.0627422640779
LNGN0429,importer,effective_counterparties_country,14,0.0627422640779
LNGN0429,importer,max_dependence_generated,0,
LNGN0429,importer,weighted_dependence_generated,0,
LNGN0429,importer,country_terminal_dependence,14,0.361098504329
LNGN0429,importer,import_pagerank,14,0.237845161649
LNGN0429,importer,export_pagerank,14,0.259440308963
LNGN0429,importer,role_specific_pagerank,14,0.237845161649
LNGN0429,importer,role_specific_dependence,14,0.361098504329
LNGN0435,exporter,throughput,59,0.541851789587
LNGN0435,exporter,voyage_count,59,0.424309701534
LNGN0435,exporter,counterparty_count,59,0.276136117335
LNGN0435,exporter,counterparty_hhi_terminal,59,0.413321046389
LNGN0435,exporter,counterparty_hhi_country,59,0.33681544323
LNGN0435,exporter,effective_counterparties_terminal,59,0.121839353607
LNGN0435,exporter,effective_counterparties_country,59,0.197152902127
LNGN0435,exporter,max_dependence_generated,59,-0.0175438596491
LNGN0435,exporter,weighted_dependence_generated,59,0.722425569627
LNGN0435,exporter,country_terminal_dependence,0,
LNGN0435,exporter,import_pagerank,59,0.833609694701
LNGN0435,exporter,export_pagerank,59,0.333191064228
LNGN0435,exporter,role_specific_pagerank,59,0.333191064228
LNGN0435,exporter,role_specific_dependence,59,0.722425569627
LNGN0437,importer,throughput,44,-0.0295905098484
LNGN0437,importer,voyage_count,44,-0.0260821309656
LNGN0437,importer,counterparty_count,44,-0.0238095238095
LNGN0437,importer,counterparty_hhi_terminal,44,-0.0482274070166
LNGN0437,importer,counterparty_hhi_country,44,-0.0693690316341
LNGN0437,importer,effective_counterparties_terminal,44,0.0574169274007
LNGN0437,importer,effective_counterparties_country,44,-0.0147047249024
LNGN0437,importer,max_dependence_generated,0,
LNGN0437,importer,weighted_dependence_generated,0,
LNGN0437,importer,country_terminal_dependence,44,-0.26392164898
LNGN0437,importer,import_pagerank,44,0.312359333513
LNGN0437,importer,export_pagerank,44,0.815317963786
LNGN0437,importer,role_specific_pagerank,44,0.312359333513
LNGN0437,importer,role_specific_dependence,44,-0.26392164898
LNGN0441,exporter,throughput,55,0.245737159586
LNGN0441,exporter,voyage_count,55,0.266052179347
LNGN0441,exporter,counterparty_count,55,0.208984375
LNGN0441,exporter,counterparty_hhi_terminal,55,0.273497137046
LNGN0441,exporter,counterparty_hhi_country,55,0.153545401235
LNGN0441,exporter,effective_counterparties_terminal,55,0.189568877528
LNGN0441,exporter,effective_counterparties_country,55,0.0607760593852
LNGN0441,exporter,max_dependence_generated,55,0.162892587653
LNGN0441,exporter,weighted_dependence_generated,55,0.0732485755915
LNGN0441,exporter,country_terminal_dependence,0,
LNGN0441,exporter,import_pagerank,55,0.841503374406
LNGN0441,exporter,export_pagerank,55,0.3371423586
LNGN0441,exporter,role_specific_pagerank,55,0.3371423586
LNGN0441,exporter,role_specific_dependence,55,0.0732485755915
LNGN0442,importer,throughput,18,-0.00179222360389
LNGN0442,importer,voyage_count,18,-0.00990099009901
LNGN0442,importer,counterparty_count,18,-0.144230769231
LNGN0442,importer,counterparty_hhi_terminal,18,-0.0814603304557
LNGN0442,importer,counterparty_hhi_country,18,0.0439183513746
LNGN0442,importer,effective_counterparties_terminal,18,-0.144219809849
LNGN0442,importer,effective_counterparties_country,18,0.0634937245333
LNGN0442,importer,max_dependence_generated,0,
LNGN0442,importer,weighted_dependence_generated,0,
LNGN0442,importer,country_terminal_dependence,18,-0.0792832484832
LNGN0442,importer,import_pagerank,18,0.608061363243
LNGN0442,importer,export_pagerank,18,0.661109826836
LNGN0442,importer,role_specific_pagerank,18,0.608061363243
LNGN0442,importer,role_specific_dependence,18,-0.0792832484832
LNGN0447,importer,throughput,7,0.915492879488
LNGN0447,importer,voyage_count,7,
LNGN0447,importer,counterparty_count,7,
LNGN0447,importer,counterparty_hhi_terminal,7,
LNGN0447,importer,counterparty_hhi_country,7,
LNGN0447,importer,effective_counterparties_terminal,7,
LNGN0447,importer,effective_counterparties_country,7,
LNGN0447,importer,max_dependence_generated,0,
LNGN0447,importer,weighted_dependence_generated,0,
LNGN0447,importer,country_terminal_dependence,7,0.0704308858718
LNGN0447,importer,import_pagerank,7,-0.695391714297
LNGN0447,importer,export_pagerank,7,0.153657408287
LNGN0447,importer,role_specific_pagerank,7,-0.695391714297
LNGN0447,importer,role_specific_dependence,7,0.0704308858718
LNGN0449,importer,throughput,47,0.485602880105
LNGN0449,importer,voyage_count,47,0.409029616623
LNGN0449,importer,counterparty_count,47,0.0286576168929
LNGN0449,importer,counterparty_hhi_terminal,47,0.172696729633
LNGN0449,importer,counterparty_hhi_country,47,0.187230093474
LNGN0449,importer,effective_counterparties_terminal,47,0.0854013073101
LNGN0449,importer,effective_counterparties_country,47,0.107123958081
LNGN0449,importer,max_dependence_generated,0,
LNGN0449,importer,weighted_dependence_generated,0,
LNGN0449,importer,country_terminal_dependence,47,0.343983505049
LNGN0449,importer,import_pagerank,47,0.505822238327
LNGN0449,importer,export_pagerank,47,0.806654007014
LNGN0449,importer,role_specific_pagerank,47,0.505822238327
LNGN0449,importer,role_specific_dependence,47,0.343983505049
LNGN0452,exporter,throughput,60,0.49445308657
LNGN0452,exporter,voyage_count,60,0.486710243682
LNGN0452,exporter,counterparty_count,60,0.242341451729
LNGN0452,exporter,counterparty_hhi_terminal,60,0.450430778267
LNGN0452,exporter,counterparty_hhi_country,60,0.415685273062
LNGN0452,exporter,effective_counterparties_terminal,60,0.41959397708
LNGN0452,exporter,effective_counterparties_country,60,0.500152993264
LNGN0452,exporter,max_dependence_generated,60,0.315366384204
LNGN0452,exporter,weighted_dependence_generated,60,0.379771642684
LNGN0452,exporter,country_terminal_dependence,0,
LNGN0452,exporter,import_pagerank,60,0.833071376826
LNGN0452,exporter,export_pagerank,60,0.612204153743
LNGN0452,exporter,role_specific_pagerank,60,0.612204153743
LNGN0452,exporter,role_specific_dependence,60,0.379771642684
LNGN0453,importer,throughput,22,0.0269628707801
LNGN0453,importer,voyage_count,22,-0.072547625011
LNGN0453,importer,counterparty_count,22,-0.05
LNGN0453,importer,counterparty_hhi_terminal,22,-0.05
LNGN0453,importer,counterparty_hhi_country,22,
LNGN0453,importer,effective_counterparties_terminal,22,-0.05
LNGN0453,importer,effective_counterparties_country,22,
LNGN0453,importer,max_dependence_generated,0,
LNGN0453,importer,weighted_dependence_generated,0,
LNGN0453,importer,country_terminal_dependence,22,-0.261975446426
LNGN0453,importer,import_pagerank,22,0.706730064426
LNGN0453,importer,export_pagerank,22,0.677087874575
LNGN0453,importer,role_specific_pagerank,22,0.706730064426
LNGN0453,importer,role_specific_dependence,22,-0.261975446426
LNGN0460,importer,throughput,50,0.179732409807
LNGN0460,importer,voyage_count,50,0.230198117902
LNGN0460,importer,counterparty_count,50,0.144810905252
LNGN0460,importer,counterparty_hhi_terminal,50,0.214500569774
LNGN0460,importer,counterparty_hhi_country,50,0.326457246105
LNGN0460,importer,effective_counterparties_terminal,50,0.119396441977
LNGN0460,importer,effective_counterparties_country,50,0.183794039822
LNGN0460,importer,max_dependence_generated,0,
LNGN0460,importer,weighted_dependence_generated,0,
LNGN0460,importer,country_terminal_dependence,50,0.0698284504577
LNGN0460,importer,import_pagerank,50,0.388863984732
LNGN0460,importer,export_pagerank,50,0.790353803022
LNGN0460,importer,role_specific_pagerank,50,0.388863984732
LNGN0460,importer,role_specific_dependence,50,0.0698284504577
LNGN0463,importer,throughput,57,0.011792088471
LNGN0463,importer,voyage_count,57,-0.0196531791908
LNGN0463,importer,counterparty_count,57,-0.0555230859147
LNGN0463,importer,counterparty_hhi_terminal,57,0.0251720099181
LNGN0463,importer,counterparty_hhi_country,57,0.0197130875085
LNGN0463,importer,effective_counterparties_terminal,57,-0.0761984668231
LNGN0463,importer,effective_counterparties_country,57,0.0652933048282
LNGN0463,importer,max_dependence_generated,0,
LNGN0463,importer,weighted_dependence_generated,0,
LNGN0463,importer,country_terminal_dependence,57,0.254686910332
LNGN0463,importer,import_pagerank,57,0.0602238162241
LNGN0463,importer,export_pagerank,57,0.811585826677
LNGN0463,importer,role_specific_pagerank,57,0.0602238162241
LNGN0463,importer,role_specific_dependence,57,0.254686910332
LNGN0464,importer,throughput,59,0.462433203622
LNGN0464,importer,voyage_count,59,0.507801567837
LNGN0464,importer,counterparty_count,59,0.590199599502
LNGN0464,importer,counterparty_hhi_terminal,59,0.266219261639
LNGN0464,importer,counterparty_hhi_country,59,0.187487723516
LNGN0464,importer,effective_counterparties_terminal,59,0.387459390898
LNGN0464,importer,effective_counterparties_country,59,0.227663548081
LNGN0464,importer,max_dependence_generated,0,
LNGN0464,importer,weighted_dependence_generated,0,
LNGN0464,importer,country_terminal_dependence,59,
LNGN0464,importer,import_pagerank,59,0.287632667567
LNGN0464,importer,export_pagerank,59,0.791760453881
LNGN0464,importer,role_specific_pagerank,59,0.287632667567
LNGN0464,importer,role_specific_dependence,59,
LNGN0472,importer,throughput,37,0.17092431373
LNGN0472,importer,voyage_count,37,0.140811455847
LNGN0472,importer,counterparty_count,37,0.113300492611
LNGN0472,importer,counterparty_hhi_terminal,37,0.106010037475
LNGN0472,importer,counterparty_hhi_country,37,0.193532930677
LNGN0472,importer,effective_counterparties_terminal,37,0.098916047399
LNGN0472,importer,effective_counterparties_country,37,0.187115752292
LNGN0472,importer,max_dependence_generated,0,
LNGN0472,importer,weighted_dependence_generated,0,
LNGN0472,importer,country_terminal_dependence,37,0.248310180481
LNGN0472,importer,import_pagerank,37,0.519537819122
LNGN0472,importer,export_pagerank,37,0.731587494027
LNGN0472,importer,role_specific_pagerank,37,0.519537819122
LNGN0472,importer,role_specific_dependence,37,0.248310180481
LNGN0473,importer,throughput,44,0.172338250944
LNGN0473,importer,voyage_count,44,0.116047745358
LNGN0473,importer,counterparty_count,44,0.158362989324
LNGN0473,importer,counterparty_hhi_terminal,44,0.165779632586
LNGN0473,importer,counterparty_hhi_country,44,0.156477311754
LNGN0473,importer,effective_counterparties_terminal,44,0.172504944912
LNGN0473,importer,effective_counterparties_country,44,0.164909598127
LNGN0473,importer,max_dependence_generated,0,
LNGN0473,importer,weighted_dependence_generated,0,
LNGN0473,importer,country_terminal_dependence,44,0.640388453259
LNGN0473,importer,import_pagerank,44,0.550370960484
LNGN0473,importer,export_pagerank,44,0.819061296751
LNGN0473,importer,role_specific_pagerank,44,0.550370960484
LNGN0473,importer,role_specific_dependence,44,0.640388453259
LNGN0474,importer,throughput,52,0.310774228435
LNGN0474,importer,voyage_count,52,0.315044026432
LNGN0474,importer,counterparty_count,52,0.267942583732
LNGN0474,importer,counterparty_hhi_terminal,52,0.143862509512
LNGN0474,importer,counterparty_hhi_country,52,0.0937880081898
LNGN0474,importer,effective_counterparties_terminal,52,0.143046378623
LNGN0474,importer,effective_counterparties_country,52,0.083468190743
LNGN0474,importer,max_dependence_generated,0,
LNGN0474,importer,weighted_dependence_generated,0,
LNGN0474,importer,country_terminal_dependence,52,
LNGN0474,importer,import_pagerank,52,0.328493739029
LNGN0474,importer,export_pagerank,52,0.769059425173
LNGN0474,importer,role_specific_pagerank,52,0.328493739029
LNGN0474,importer,role_specific_dependence,52,
