terminal_id,node_name,country,terminal_role,metric,panel_months,active_months,active_share,active_role_months,valid_role_months,mean_active,median_active,min_active,max_active,peak_months,top_n_months,top_n_share_valid_role_months,top_n_share_panel_months,mean_rank_active,mean_pagerank_all_months_zero_outside_role,rank_mean_active
LNGN0039,Bontang LNG Terminal,Indonesia,exporter,counterparty_hhi_country,60,11,0.183333333333,11,11,1,1,1,1,2023-04;2023-09;2023-10;2023-11;2023-12;2024-01;2024-07;2024-08;2024-09;2024-10;2024-12,11,1,0.183333333333,1,,1
LNGN0069,Coral South FLNG Terminal,Mozambique,exporter,counterparty_hhi_country,60,1,0.0166666666667,1,1,1,1,1,1,2023-02,1,1,0.0166666666667,1,,1
LNGN0075,Cove Point LNG Export Terminal,United States,exporter,counterparty_hhi_country,60,1,0.0166666666667,1,1,1,1,1,1,2024-08,1,1,0.0166666666667,1,,1
LNGN0138,Gladstone LNG Terminal,Australia,exporter,counterparty_hhi_country,60,1,0.0166666666667,1,1,1,1,1,1,2024-08,1,1,0.0166666666667,1,,1
LNGN0180,Ichthys FLNG Terminal,Australia,exporter,counterparty_hhi_country,60,4,0.0666666666667,4,4,1,1,1,1,2024-03;2024-04;2024-07;2024-12,4,1,0.0666666666667,1,,1
LNGN0288,Peru LNG Terminal,Peru,exporter,counterparty_hhi_country,60,11,0.183333333333,11,11,1,1,1,1,2022-06;2022-11;2023-03;2023-05;2023-06;2023-08;2023-09;2023-11;2024-03;2024-04;2024-06,11,1,0.183333333333,1,,1
LNGN0334,Risavika LNG Terminal,Norway,exporter,counterparty_hhi_country,60,21,0.35,21,21,0.978835978836,1,0.555555555556,1,2020-01;2020-02;2020-03;2020-07;2020-08;2020-09;2021-04;2021-05;2021-09;2021-12;2023-01;2023-03;2023-05;2023-10;2023-11;2024-02;2024-03;2024-04;2024-05;2024-11,21,1,0.35,1.38095238095,,7
LNGN0052,Cameroon FLNG Terminal,Cameroon,exporter,counterparty_hhi_country,60,32,0.533333333333,32,32,0.968754225257,1,0.50006760411,1,2020-05;2020-06;2020-11;2020-12;2021-06;2021-08;2021-12;2022-01;2022-03;2022-05;2022-07;2022-08;2022-09;2022-10;2022-11;2022-12;2023-01;2023-02;2023-03;2023-04;2023-06;2023-07;2023-09;2023-10;2023-11;2023-12;2024-01;2024-02;2024-03;2024-04,32,1,0.533333333333,1.5,,8
LNGN0351,Sakhalin II LNG Terminal,Russia,exporter,counterparty_hhi_country,60,33,0.55,33,33,0.889041720062,1,0.333333333333,1,2020-05;2020-10;2020-12;2021-01;2021-06;2021-11;2021-12;2022-01;2022-05;2022-12;2023-05;2023-06;2023-07;2023-09;2023-10;2023-12;2024-01;2024-02;2024-04;2024-05;2024-06;2024-07;2024-08;2024-09;2024-10;2024-11,33,1,0.55,3.30303030303,,9
LNGN0013,American LNG Hialeah Terminal,United States,exporter,counterparty_hhi_country,60,6,0.1,6,6,0.888990919294,1,0.333945515764,1,2023-07;2024-02;2024-03;2024-05;2024-07,6,1,0.1,4,,10
LNGN0308,Portovaya LNG Terminal,Russia,exporter,counterparty_hhi_country,60,18,0.3,18,18,0.852199310768,1,0.334001295101,1,2023-02;2023-03;2023-05;2023-06;2023-10;2023-11;2023-12;2024-01;2024-02;2024-03;2024-06;2024-08;2024-10,18,1,0.3,4.44444444444,,11
LNGN0103,Elba Island LNG Terminal,United States,exporter,counterparty_hhi_country,60,37,0.616666666667,37,37,0.817402975869,1,0.333465582226,1,2020-01;2020-08;2020-09;2020-11;2020-12;2021-02;2021-07;2021-08;2022-02;2022-09;2022-10;2022-11;2022-12;2023-02;2023-04;2023-05;2023-10;2024-01;2024-02;2024-04;2024-06;2024-08;2024-09;2024-10,37,1,0.616666666667,4.89189189189,,12
LNGN0312,Punta Europa LNG Terminal,Equatorial Guinea,exporter,counterparty_hhi_country,60,37,0.616666666667,37,37,0.802953098186,1,0.200212105583,1,2020-01;2020-03;2020-04;2020-08;2020-12;2021-01;2021-04;2021-08;2021-09;2021-11;2022-05;2022-07;2022-08;2022-09;2022-12;2023-02;2023-03;2023-07;2023-12;2024-01;2024-02;2024-05;2024-06;2024-10,37,1,0.616666666667,5.02702702703,,13
LNGN0101,Egyptian LNG Terminal,Egypt,exporter,counterparty_hhi_country,60,18,0.3,18,18,0.789606493406,1,0.333862224714,1,2021-12;2022-03;2022-04;2022-06;2023-02;2023-03;2023-05;2023-06;2023-09;2024-06;2024-08,18,1,0.3,5.88888888889,,14
LNGN0274,Oman Qalhat LNG Terminal,Oman,exporter,counterparty_hhi_country,60,31,0.516666666667,31,31,0.78728034264,1,0.167727880083,1,2020-01;2021-04;2021-08;2022-02;2022-04;2022-05;2022-06;2022-09;2022-11;2023-01;2023-02;2023-06;2023-10;2023-12;2024-01;2024-02;2024-03;2024-05;2024-06;2024-07,30,0.967741935484,0.5,5.35483870968,,15
LNGN0206,Kiyanly LNG Terminal,Turkmenistan,exporter,counterparty_hhi_country,60,16,0.266666666667,16,16,0.772683782148,1,0.333711168365,1,2023-02;2023-03;2023-06;2023-08;2023-09;2024-01;2024-04;2024-08;2024-10,15,0.9375,0.25,5.9375,,16
LNGN0309,Prelude FLNG Terminal,Australia,exporter,counterparty_hhi_country,60,31,0.516666666667,31,31,0.726902469576,1,0.250016901028,1,2021-03;2021-04;2021-05;2021-06;2021-11;2022-06;2022-09;2023-01;2023-04;2023-06;2023-12;2024-02;2024-03;2024-05;2024-07;2024-12,31,1,0.516666666667,7.12903225806,,17
LNGN0322,Queensland Curtis LNG Terminal,Australia,exporter,counterparty_hhi_country,60,53,0.883333333333,53,53,0.69883176122,0.554890225561,0.333476053122,1,2020-05;2020-06;2021-04;2021-06;2021-08;2021-10;2021-11;2022-02;2022-03;2022-04;2022-06;2022-08;2023-04;2023-06;2023-07;2023-10;2023-11;2024-03;2024-05;2024-07;2024-09;2024-10,53,1,0.883333333333,6.66037735849,,18
LNGN0423,Tiga Malaysia LNG Terminal,Malaysia,exporter,counterparty_hhi_country,60,33,0.55,33,33,0.663929925412,0.550619834711,0.290236928105,1,2020-07;2022-01;2022-07;2022-08;2022-10;2022-11;2022-12;2023-01;2023-07;2024-11;2024-12,32,0.969696969697,0.533333333333,8.30303030303,,19
LNGN0441,Wheatstone LNG Terminal,Australia,exporter,counterparty_hhi_country,60,55,0.916666666667,55,55,0.659979669946,0.56299871987,0.333510575704,1,2020-01;2020-02;2020-04;2020-07;2020-08;2020-12;2021-01;2021-02;2021-05;2021-10;2022-02;2022-03;2022-12;2024-05;2024-07;2024-09;2024-11,55,1,0.916666666667,7.05454545455,,20
LNGN0378,Skikda LNG Terminal,Algeria,exporter,counterparty_hhi_country,60,46,0.766666666667,46,46,0.602029978737,0.555555555556,0.277777777778,1,2020-06;2020-07;2020-08;2020-10;2021-02;2021-09;2022-02;2022-09;2023-02;2024-07;2024-08,46,1,0.766666666667,8.34782608696,,21
LNGN0083,Damietta SEGAS LNG Terminal,Egypt,exporter,counterparty_hhi_country,60,27,0.45,27,27,0.58668057422,0.500143636886,0.200224958191,1,2021-05;2021-06;2021-10;2022-03;2023-09;2023-11;2024-03;2024-10,25,0.925925925926,0.416666666667,9.40740740741,,22
LNGN0435,Vysotsk LNG Terminal,Russia,exporter,counterparty_hhi_country,60,59,0.983333333333,59,59,0.561607017669,0.501385041551,0.263406298495,1,2020-01;2020-02;2020-03;2020-04;2020-09;2021-01;2021-07;2022-05;2022-06;2022-11;2022-12,59,1,0.983333333333,9.40677966102,,23
LNGN0085,Das Island LNG Terminal,United Arab Emirates,exporter,counterparty_hhi_country,60,59,0.983333333333,59,59,0.54653444403,0.500011662054,0.222174266395,1,2020-01;2020-02;2020-03;2020-04;2020-10;2020-11;2021-01;2021-02;2021-03;2021-04;2022-02;2024-10;2024-11,56,0.949152542373,0.933333333333,10.2711864407,,24
LNGN0027,Atlantic LNG Terminal,Trinidad and Tobago,exporter,counterparty_hhi_country,60,56,0.933333333333,56,56,0.518129942818,0.500008549639,0.166823192838,1,2020-05;2020-08;2020-10;2021-07;2021-09;2021-10;2021-12;2022-01;2022-10;2024-07;2024-09;2024-11;2024-12,52,0.928571428571,0.866666666667,10.7321428571,,25
LNGN0297,Pluto LNG Terminal,Australia,exporter,counterparty_hhi_country,60,60,1,60,60,0.479238687874,0.451469598672,0.184143733608,1,2020-09;2020-10;2021-03;2021-11,50,0.833333333333,0.833333333333,11.3333333333,,26
LNGN0026,Arzew-Bethioua LNG Terminal,Algeria,exporter,counterparty_hhi_country,60,60,1,60,60,0.456620213557,0.396613837166,0.187410577273,1,2020-12;2021-01;2021-06;2022-02;2024-07,56,0.933333333333,0.933333333333,11.4333333333,,27
LNGN0142,Gorgon LNG Terminal,Australia,exporter,counterparty_hhi_country,60,58,0.966666666667,58,58,0.435204445076,0.406493721625,0.166941146382,1,2020-04;2020-07;2020-08,52,0.896551724138,0.866666666667,12.4137931034,,28
LNGN0124,Freeport LNG Terminal,United States,exporter,counterparty_hhi_country,60,52,0.866666666667,52,52,0.386647948093,0.274263418021,0.135193766174,1,2020-06;2020-08;2020-09;2022-06;2023-02;2024-08;2024-09;2024-11;2024-12,40,0.769230769231,0.666666666667,14.3461538462,,29
LNGN0166,Hammerfest LNG Snohvit Terminal,Norway,exporter,counterparty_hhi_country,60,40,0.666666666667,40,40,0.373823473005,0.317615587078,0.143467987823,1,2024-09;2024-10;2024-11,32,0.8,0.533333333333,14.975,,30
LNGN0050,Calcasieu Pass LNG Terminal,United States,exporter,counterparty_hhi_country,60,58,0.966666666667,58,58,0.280433710075,0.244623749857,0.100351501217,1,2020-08;2024-06,43,0.741379310345,0.716666666667,17.0689655172,,31
LNGN0070,Corpus Christi LNG Terminal,United States,exporter,counterparty_hhi_country,60,54,0.9,54,54,0.271834937469,0.195328132849,0.100707599654,1,2020-03;2020-08;2024-06;2024-09,38,0.703703703704,0.633333333333,17.5,,32
LNGN0452,Yamal LNG Terminal,Russia,exporter,counterparty_hhi_country,60,60,1,60,60,0.258437842415,0.264576564331,0.16281911232,0.378189634823,2024-11,50,0.833333333333,0.833333333333,16.8333333333,,33
LNGN0261,Nigeria LNG Terminal,Nigeria,exporter,counterparty_hhi_country,60,59,0.983333333333,59,59,0.235716829373,0.202960750067,0.100692532512,0.55669136384,2020-08,42,0.71186440678,0.7,18.0677966102,,34
LNGN0345,Sabine Pass LNG Terminal,United States,exporter,counterparty_hhi_country,60,60,1,60,60,0.178733259375,0.155749533394,0.0855185669275,0.500016706205,2020-08,32,0.533333333333,0.533333333333,20.0833333333,,35
LNGN0328,Rasgas LNG Terminal 3,Qatar,exporter,counterparty_hhi_country,60,60,1,60,60,0.139486347699,0.129424656035,0.0750248619454,0.342664086545,2020-12,28,0.466666666667,0.466666666667,21.0666666667,,36
LNGN0004,Acajutla FSRU,El Salvador,importer,counterparty_hhi_country,60,3,0.05,3,3,1,1,1,1,2022-08;2023-03;2024-12,3,1,0.05,1,,1
LNGN0006,Ain Sokhna Hoegh FSRU,Egypt,importer,counterparty_hhi_country,60,3,0.05,3,3,1,1,1,1,2022-03;2023-03;2023-06,3,1,0.05,1,,1
LNGN0017,Aqaba Jordan FSRU,Jordan,importer,counterparty_hhi_country,60,2,0.0333333333333,2,2,1,1,1,1,2020-05;2024-10,2,1,0.0333333333333,1,,1
LNGN0031,Bahia FSRU,Brazil,importer,counterparty_hhi_country,60,2,0.0333333333333,2,2,1,1,1,1,2021-09;2024-11,2,1,0.0333333333333,1,,1
LNGN0045,Brunsbüttel FSRU,Germany,importer,counterparty_hhi_country,60,7,0.116666666667,7,7,1,1,1,1,2023-04;2023-06;2023-07;2023-08;2023-11;2023-12;2024-01,7,1,0.116666666667,1,,1
LNGN0074,Costa Norte LNG Terminal,Panama,importer,counterparty_hhi_country,60,12,0.2,12,12,1,1,1,1,2020-11;2021-05;2022-01;2022-02;2022-07;2023-05;2023-07;2023-11;2024-01;2024-02;2024-03;2024-07,12,1,0.2,1,,1
LNGN0087,Delimara FSRU,Malta,importer,counterparty_hhi_country,60,4,0.0666666666667,4,4,1,1,1,1,2022-06;2023-07;2023-11;2024-01,4,1,0.0666666666667,1,,1
LNGN0102,El Musel LNG Terminal,Spain,importer,counterparty_hhi_country,60,8,0.133333333333,8,8,1,1,1,1,2023-07;2023-08;2023-10;2023-11;2024-01;2024-02;2024-03;2024-04,8,1,0.133333333333,1,,1
LNGN0109,Escobar FSRU,Argentina,importer,counterparty_hhi_country,60,6,0.1,6,6,1,1,1,1,2023-02;2023-04;2023-07;2023-09;2024-05;2024-06,6,1,0.1,1,,1
LNGN0112,Everett Marine Terminal,United States,importer,counterparty_hhi_country,60,16,0.266666666667,16,16,1,1,1,1,2020-01;2020-03;2020-07;2020-09;2020-10;2021-02;2021-11;2022-03;2022-06;2022-08;2023-01;2023-11;2023-12;2024-01;2024-02;2024-03,16,1,0.266666666667,1,,1
LNGN0115,Fangchenggang LNG Terminal,China,importer,counterparty_hhi_country,60,1,0.0166666666667,1,1,1,1,1,1,2021-12,1,1,0.0166666666667,1,,1
LNGN0122,Fredrikstad LNG Terminal,Norway,importer,counterparty_hhi_country,60,12,0.2,12,12,1,1,1,1,2020-11;2021-08;2021-11;2022-04;2022-07;2022-10;2022-11;2023-01;2023-07;2023-11;2023-12;2024-04,12,1,0.2,1,,1
LNGN0148,Guanabara Bay FSRU,Brazil,importer,counterparty_hhi_country,60,4,0.0666666666667,4,4,1,1,1,1,2021-05;2021-06;2021-07;2021-09,4,1,0.0666666666667,1,,1
LNGN0164,Hakodate LNG Terminal,Japan,importer,counterparty_hhi_country,60,12,0.2,12,12,1,1,1,1,2020-02;2020-11;2021-03;2021-11;2022-08;2022-11;2023-01;2023-02;2023-06;2023-09;2023-11;2024-10,12,1,0.2,1,,1
LNGN0165,Hamina LNG Terminal,Finland,importer,counterparty_hhi_country,60,3,0.05,3,3,1,1,1,1,2022-09;2023-11;2024-07,3,1,0.05,1,,1
LNGN0174,Hitachi LNG Terminal,Japan,importer,counterparty_hhi_country,60,5,0.0833333333333,5,5,1,1,1,1,2020-01;2021-06;2022-06;2022-11;2024-02,5,1,0.0833333333333,1,,1
LNGN0176,Hongmei LNG Terminal,China,importer,counterparty_hhi_country,60,2,0.0333333333333,2,2,1,1,1,1,2023-12;2024-04,2,1,0.0333333333333,1,,1
LNGN0190,Jawa Satu FSRU,Indonesia,importer,counterparty_hhi_country,60,4,0.0666666666667,4,4,1,1,1,1,2024-08;2024-10;2024-11;2024-12,4,1,0.0666666666667,1,,1
LNGN0212,Kushiro LNG Terminal,Japan,importer,counterparty_hhi_country,60,4,0.0666666666667,4,4,1,1,1,1,2020-12;2021-12;2022-12;2023-04,4,1,0.0666666666667,1,,1
LNGN0219,Le Havre FSRU,France,importer,counterparty_hhi_country,60,3,0.05,3,3,1,1,1,1,2023-10;2024-03;2024-04,3,1,0.05,1,,1
LNGN0241,Mizushima LNG Terminal,Japan,importer,counterparty_hhi_country,60,13,0.216666666667,13,13,1,1,1,1,2020-02;2020-03;2020-05;2020-08;2020-09;2020-10;2021-01;2021-02;2021-07;2022-03;2022-08;2023-07;2024-03,13,1,0.216666666667,1,,1
LNGN0243,Montego Bay LNG Terminal,Jamaica,importer,counterparty_hhi_country,60,1,0.0166666666667,1,1,1,1,1,1,2024-08,1,1,0.0166666666667,1,,1
LNGN0250,Mukran FSRU,Germany,importer,counterparty_hhi_country,60,9,0.15,9,9,1,1,1,1,2023-02;2023-03;2023-04;2023-12;2024-03;2024-04;2024-05;2024-06;2024-12,9,1,0.15,1,,1
LNGN0258,New Fortress Barcarena FSRU,Brazil,importer,counterparty_hhi_country,60,11,0.183333333333,11,11,1,1,1,1,2021-02;2022-01;2022-05;2022-08;2023-03;2023-05;2023-06;2023-11;2024-01;2024-05;2024-09,11,1,0.183333333333,1,,1
LNGN0262,Niihama LNG Terminal,Japan,importer,counterparty_hhi_country,60,1,0.0166666666667,1,1,1,1,1,1,2023-09,1,1,0.0166666666667,1,,1
LNGN0278,Panigaglia LNG Terminal,Italy,importer,counterparty_hhi_country,60,31,0.516666666667,31,31,1,1,1,1,2020-01;2020-02;2020-03;2020-04;2020-06;2020-07;2020-08;2020-09;2021-02;2021-04;2021-05;2021-07;2022-04;2022-05;2022-06;2022-08;2022-10;2022-11;2023-03;2023-04;2023-05;2023-06;2023-07;2023-08;2023-10;2023-11;2024-01;2024-02;2024-03;2024-04;2024-05,31,1,0.516666666667,1,,1
LNGN0290,Philippines LNG Terminal,Philippines,importer,counterparty_hhi_country,60,2,0.0333333333333,2,2,1,1,1,1,2023-10;2023-11,2,1,0.0333333333333,1,,1
LNGN0291,Pichilingue LNG Terminal,Mexico,importer,counterparty_hhi_country,60,13,0.216666666667,13,13,1,1,1,1,2020-01;2020-02;2020-05;2020-07;2020-08;2020-10;2020-11;2022-12;2023-04;2023-12;2024-01;2024-06;2024-11,13,1,0.216666666667,1,,1
LNGN0293,Pinghu LNG Terminal,China,importer,counterparty_hhi_country,60,9,0.15,9,9,1,1,1,1,2022-07;2022-09;2022-10;2023-04;2023-05;2023-06;2023-08;2024-04;2024-07,9,1,0.15,1,,1
LNGN0299,Pori LNG Terminal,Finland,importer,counterparty_hhi_country,60,6,0.1,6,6,1,1,1,1,2021-07;2023-04;2024-06;2024-07;2024-08;2024-12,6,1,0.1,1,,1
LNGN0307,Porto do Açu FSRU,Brazil,importer,counterparty_hhi_country,60,5,0.0833333333333,5,5,1,1,1,1,2021-08;2021-09;2021-10;2022-01;2023-12,5,1,0.0833333333333,1,,1
LNGN0344,Sabine Pass LNG Import Terminal,United States,importer,counterparty_hhi_country,60,1,0.0166666666667,1,1,1,1,1,1,2024-10,1,1,0.0166666666667,1,,1
LNGN0348,Saint John LNG Terminal,Canada,importer,counterparty_hhi_country,60,6,0.1,6,6,1,1,1,1,2020-01;2020-09;2021-01;2021-02;2023-08;2024-01,6,1,0.1,1,,1
LNGN0361,Sepetiba Bay FSRU,Brazil,importer,counterparty_hhi_country,60,1,0.0166666666667,1,1,1,1,1,1,2020-06,1,1,0.0166666666667,1,,1
LNGN0362,Sergipe FSRU,Brazil,importer,counterparty_hhi_country,60,9,0.15,9,9,1,1,1,1,2020-09;2020-10;2020-11;2021-03;2021-05;2021-07;2021-11;2021-12;2024-04,9,1,0.15,1,,1
LNGN0364,Shanghai Yangshan LNG Terminal,China,importer,counterparty_hhi_country,60,1,0.0166666666667,1,1,1,1,1,1,2024-03,1,1,0.0166666666667,1,,1
LNGN0382,Sodeshi Shimizu LNG Terminal,Japan,importer,counterparty_hhi_country,60,7,0.116666666667,7,7,1,1,1,1,2020-09;2020-11;2020-12;2021-03;2021-07;2021-11;2022-10,7,1,0.116666666667,1,,1
LNGN0405,Tanjung Benoa FSRU,Indonesia,importer,counterparty_hhi_country,60,16,0.266666666667,16,16,1,1,1,1,2023-08;2023-09;2023-10;2023-12;2024-01;2024-02;2024-03;2024-04;2024-05;2024-06;2024-07;2024-08;2024-09;2024-10;2024-11;2024-12,16,1,0.266666666667,1,,1
LNGN0425,Tobata LNG Terminal,Japan,importer,counterparty_hhi_country,60,12,0.2,12,12,1,1,1,1,2020-02;2021-05;2021-06;2021-07;2021-09;2022-04;2022-08;2022-09;2022-10;2023-03;2023-11;2024-02,12,1,0.2,1,,1
LNGN0427,Tornio Manga LNG Terminal,Finland,importer,counterparty_hhi_country,60,48,0.8,48,48,1,1,1,1,2020-01;2020-02;2020-03;2020-04;2020-05;2020-07;2020-08;2020-10;2020-11;2020-12;2021-01;2021-02;2021-03;2021-04;2021-05;2021-06;2021-07;2021-08;2021-09;2021-10;2021-11;2021-12;2022-01;2022-02;2022-03;2022-04;2022-05;2022-06;2022-07;2022-08;2022-09;2022-10;2022-12;2023-01;2023-02;2023-03;2023-05;2023-06;2023-07;2023-08;2023-09;2023-10;2023-11;2023-12;2024-01;2024-03;2024-04;2024-05,48,1,0.8,1,,1
LNGN0447,Wuhaogou LNG Storage Facility,China,importer,counterparty_hhi_country,60,7,0.116666666667,7,7,1,1,1,1,2020-01;2021-01;2021-07;2022-07;2022-10;2023-01;2023-12,7,1,0.116666666667,1,,1
LNGN0453,Yanai LNG Terminal,Japan,importer,counterparty_hhi_country,60,22,0.366666666667,22,22,1,1,1,1,2020-02;2020-03;2020-05;2020-07;2020-08;2020-09;2021-01;2021-02;2021-03;2021-04;2021-05;2021-06;2021-07;2021-09;2021-11;2021-12;2022-06;2022-08;2022-09;2022-11;2023-08;2023-12,22,1,0.366666666667,1,,1
LNGN0237,Mejillones LNG Terminal,Chile,importer,counterparty_hhi_country,60,25,0.416666666667,25,25,0.982423965536,1,0.560599138407,1,2020-01;2020-02;2020-03;2020-07;2020-08;2020-12;2021-02;2021-03;2021-05;2021-07;2021-08;2021-12;2022-05;2022-07;2022-09;2023-01;2023-03;2023-05;2023-06;2023-08;2023-09;2023-10;2024-10;2024-12,24,0.96,0.4,2.96,,43
LNGN0287,Penuelas LNG Terminal,United States,importer,counterparty_hhi_country,60,18,0.3,18,18,0.977396121884,1,0.593130193906,1,2020-02;2020-03;2020-08;2020-10;2020-12;2021-01;2021-08;2021-09;2021-10;2022-02;2023-02;2023-05;2023-06;2023-07;2023-12;2024-04;2024-05,17,0.944444444444,0.283333333333,3.16666666667,,44
LNGN0108,Ennore LNG Terminal,India,importer,counterparty_hhi_country,60,22,0.366666666667,22,22,0.977301716141,1,0.500637755102,1,2020-05;2020-09;2021-02;2021-05;2021-09;2021-10;2021-12;2022-02;2022-06;2022-07;2022-09;2022-10;2022-11;2023-01;2023-03;2023-05;2023-10;2023-12;2024-01;2024-04;2024-05,21,0.954545454545,0.35,2.86363636364,,45
LNGN0354,Samcheok LNG Terminal,South Korea,importer,counterparty_hhi_country,60,17,0.283333333333,17,17,0.970696864217,1,0.501846691694,1,2020-05;2020-06;2020-12;2021-01;2021-07;2022-01;2022-07;2022-08;2022-09;2023-01;2023-04;2023-08;2023-12;2024-04;2024-05;2024-07,16,0.941176470588,0.266666666667,3.41176470588,,46
LNGN0372,Shin-Sendai LNG Terminal,Japan,importer,counterparty_hhi_country,60,16,0.266666666667,16,16,0.969683405646,1,0.514934490329,1,2020-06;2020-07;2020-09;2020-11;2021-01;2021-04;2021-06;2021-07;2021-08;2022-03;2022-06;2022-08;2023-02;2023-06;2023-07,15,0.9375,0.25,3.375,,47
LNGN0199,Kagoshima LNG Terminal,Japan,importer,counterparty_hhi_country,60,15,0.25,15,15,0.96666915576,1,0.500037336404,1,2020-05;2020-06;2020-07;2020-09;2020-11;2021-02;2021-03;2022-02;2023-02;2023-05;2023-09;2023-11;2023-12;2024-01,14,0.933333333333,0.233333333333,3.73333333333,,48
LNGN0081,Dalian LNG Terminal,China,importer,counterparty_hhi_country,60,24,0.4,24,24,0.959545041643,1,0.500000309353,1,2020-01;2020-02;2020-03;2020-04;2020-06;2020-09;2020-11;2020-12;2021-06;2021-07;2021-09;2021-11;2022-06;2022-10;2022-11;2022-12;2023-05;2023-06;2023-07;2023-09;2023-12;2024-05,22,0.916666666667,0.366666666667,4.625,,49
LNGN0268,Nusantara Regas Satu Terminal,Indonesia,importer,counterparty_hhi_country,60,10,0.166666666667,10,10,0.950654476765,1,0.506544767654,1,2023-05;2023-10;2023-11;2023-12;2024-01;2024-05;2024-07;2024-09;2024-10,9,0.9,0.15,5.4,,50
LNGN0044,Brunnsviksholme LNG Terminal,Sweden,importer,counterparty_hhi_country,60,28,0.466666666667,28,28,0.948675385811,1,0.5,1,2020-09;2020-10;2021-04;2021-06;2021-08;2021-11;2021-12;2022-03;2023-01;2023-02;2023-04;2023-07;2023-09;2023-10;2023-11;2023-12;2024-01;2024-02;2024-03;2024-04;2024-05;2024-07;2024-08;2024-09;2024-10,25,0.892857142857,0.416666666667,5.17857142857,,51
LNGN0251,Mundra LNG Terminal,India,importer,counterparty_hhi_country,60,26,0.433333333333,26,26,0.944129742918,1,0.500206905448,1,2020-02;2020-03;2020-06;2020-09;2020-10;2021-02;2021-03;2021-04;2021-05;2021-10;2021-12;2022-01;2022-04;2022-06;2022-07;2022-09;2023-03;2023-04;2023-09;2023-12;2024-02;2024-03;2024-04,23,0.884615384615,0.383333333333,5.53846153846,,52
LNGN0156,Gwangyang LNG Terminal,South Korea,importer,counterparty_hhi_country,60,21,0.35,21,21,0.933323140454,1,0.5,1,2020-11;2021-03;2021-06;2022-02;2022-03;2022-04;2022-06;2022-11;2023-01;2023-03;2023-10;2024-01;2024-02;2024-04;2024-06;2024-07;2024-08;2024-09,18,0.857142857143,0.3,6.95238095238,,53
LNGN0079,Dabhol LNG Terminal,India,importer,counterparty_hhi_country,60,21,0.35,21,21,0.928732662313,1,0.500143636886,1,2020-01;2020-02;2020-12;2021-01;2021-02;2021-03;2021-04;2022-01;2022-03;2022-10;2022-12;2023-01;2023-03;2023-04;2023-12;2024-02;2024-03;2024-08,18,0.857142857143,0.3,6.57142857143,,54
LNGN0182,Inkoo FSRU,Finland,importer,counterparty_hhi_country,60,14,0.233333333333,14,14,0.928726217556,1,0.500477107463,1,2023-02;2023-03;2023-06;2023-07;2023-08;2023-09;2023-10;2024-01;2024-02;2024-03;2024-04;2024-05,12,0.857142857143,0.2,8.07142857143,,55
LNGN0472,Zhoushan LNG Terminal,China,importer,counterparty_hhi_country,60,37,0.616666666667,37,37,0.920328940677,1,0.500076207895,1,2020-01;2020-05;2020-06;2020-08;2020-10;2020-11;2020-12;2021-03;2021-04;2021-06;2021-07;2021-09;2021-10;2021-11;2021-12;2022-02;2022-03;2022-06;2022-09;2022-10;2022-12;2023-01;2023-03;2023-04;2023-05;2023-10;2023-12;2024-02;2024-03;2024-04;2024-08,31,0.837837837838,0.516666666667,7.56756756757,,56
LNGN0059,Chaozhou LNG Terminal (Huaying),China,importer,counterparty_hhi_country,60,12,0.2,12,12,0.916806895281,1,0.500652152521,1,2021-07;2021-12;2022-04;2022-05;2022-09;2022-10;2023-08;2023-10;2023-12;2024-04,10,0.833333333333,0.166666666667,8.66666666667,,57
LNGN0150,Guangxi LNG Terminal,China,importer,counterparty_hhi_country,60,20,0.333333333333,20,20,0.916763953813,1,0.333587646484,1,2020-01;2020-05;2020-07;2021-04;2021-05;2021-07;2021-08;2021-09;2021-10;2021-11;2022-09;2023-05;2023-12;2024-02;2024-03;2024-08;2024-10,17,0.85,0.283333333333,9.2,,58
LNGN0143,Gorontalo FSRU,Indonesia,importer,counterparty_hhi_country,60,6,0.1,6,6,0.916666666667,1,0.5,1,2023-03;2023-05;2023-08;2023-09;2024-09,5,0.833333333333,0.0833333333333,9.16666666667,,59
LNGN0100,Eemshaven FSRU,Netherlands,importer,counterparty_hhi_country,60,20,0.333333333333,20,20,0.904664965308,1,0.447927932708,1,2022-08;2022-10;2022-12;2023-02;2023-03;2023-04;2023-05;2023-07;2023-08;2023-09;2023-10;2023-11;2023-12;2024-03;2024-05;2024-06,16,0.8,0.266666666667,10.3,,60
LNGN0359,Senboku 2 LNG Terminal,Japan,importer,counterparty_hhi_country,60,46,0.766666666667,46,46,0.902882598742,1,0.333472655464,1,2020-01;2020-02;2020-03;2020-05;2020-06;2020-07;2020-08;2020-10;2021-01;2021-02;2021-03;2021-04;2021-08;2021-09;2021-10;2022-02;2022-03;2022-04;2022-06;2022-08;2022-09;2022-10;2022-11;2022-12;2023-01;2023-02;2023-04;2023-05;2023-06;2023-07;2023-08;2023-09;2023-10;2023-11;2023-12;2024-01;2024-02;2024-07,38,0.826086956522,0.633333333333,8.63043478261,,61
LNGN0324,Quintero LNG Terminal,Chile,importer,counterparty_hhi_country,60,32,0.533333333333,32,32,0.902859630007,1,0.33336032196,1,2020-02;2020-04;2020-05;2020-09;2021-03;2021-04;2021-07;2021-08;2021-09;2022-01;2022-02;2022-05;2022-08;2022-09;2022-10;2023-02;2023-04;2023-06;2023-07;2023-08;2023-09;2023-10;2023-12;2024-02;2024-04;2024-12,26,0.8125,0.433333333333,9.75,,62
LNGN0391,Summit FSRU,Bangladesh,importer,counterparty_hhi_country,60,5,0.0833333333333,5,5,0.90006268423,1,0.500313421149,1,2023-03;2023-06;2024-02;2024-06,4,0.8,0.0666666666667,11.4,,63
LNGN0210,Krk FSRU,Croatia,importer,counterparty_hhi_country,60,45,0.75,45,45,0.899233809778,1,0.404599859432,1,2020-03;2020-04;2020-05;2020-06;2020-08;2020-11;2020-12;2021-02;2021-03;2021-04;2021-05;2021-07;2021-09;2021-11;2022-01;2022-04;2022-05;2022-06;2022-10;2022-11;2022-12;2023-01;2023-03;2023-04;2023-06;2023-08;2023-10;2023-11;2024-01;2024-02;2024-03;2024-09;2024-10;2024-11;2024-12,35,0.777777777778,0.583333333333,10.6,,64
LNGN0222,Lysekil LNG Terminal,Sweden,importer,counterparty_hhi_country,60,28,0.466666666667,28,28,0.896585283702,1,0.5,1,2020-01;2020-02;2020-03;2020-05;2020-10;2020-11;2020-12;2021-02;2021-03;2021-06;2021-08;2021-10;2021-11;2021-12;2022-03;2023-01;2023-03;2023-10;2024-03;2024-05;2024-09;2024-10,22,0.785714285714,0.366666666667,10.3214285714,,65
LNGN0163,Hainan Shennan LNG Storage Facility,China,importer,counterparty_hhi_country,60,17,0.283333333333,17,17,0.895233287485,1,0.50047826549,1,2020-04;2020-08;2021-01;2021-10;2022-01;2022-05;2022-07;2022-09;2022-11;2023-05;2023-06;2023-10;2024-02,13,0.764705882353,0.216666666667,10.4117647059,,66
LNGN0442,Wilhelmshaven FSRU,Germany,importer,counterparty_hhi_country,60,18,0.3,18,18,0.893007770938,1,0.50021317577,1,2023-01;2023-04;2023-05;2023-06;2023-08;2023-09;2024-02;2024-03;2024-04;2024-05;2024-07;2024-08;2024-11;2024-12,14,0.777777777778,0.233333333333,11.0555555556,,67
LNGN0055,Cartagena FSRU (Colombia),Colombia,importer,counterparty_hhi_country,60,10,0.166666666667,10,10,0.890905722931,1,0.3584373946,1,2020-07;2023-06;2023-09;2023-12;2024-01;2024-03;2024-07;2024-09,8,0.8,0.133333333333,11.9,,68
LNGN0025,Arun LNG Import Terminal,Indonesia,importer,counterparty_hhi_country,60,15,0.25,15,15,0.88137129024,1,0.5,1,2021-08;2023-04;2023-05;2023-06;2024-02;2024-04;2024-05;2024-07;2024-10;2024-11;2024-12,11,0.733333333333,0.183333333333,10.6,,69
LNGN0473,Zhuhai LNG Terminal,China,importer,counterparty_hhi_country,60,44,0.733333333333,44,44,0.879981478443,1,0.333350525529,1,2020-03;2020-04;2020-06;2020-07;2021-02;2021-03;2021-05;2021-09;2022-01;2022-02;2022-04;2022-06;2022-07;2022-08;2022-09;2022-11;2022-12;2023-01;2023-02;2023-04;2023-05;2023-06;2023-09;2023-10;2023-11;2023-12;2024-01;2024-03;2024-04;2024-07;2024-09;2024-11;2024-12,33,0.75,0.55,10.9545454545,,70
LNGN0208,Kochi LNG Terminal,India,importer,counterparty_hhi_country,60,32,0.533333333333,32,32,0.878904747759,1,0.333363379605,1,2020-06;2020-07;2020-09;2021-02;2021-04;2021-10;2022-06;2022-08;2022-12;2023-01;2023-02;2023-04;2023-07;2023-08;2023-11;2023-12;2024-02;2024-03;2024-07;2024-09;2024-11;2024-12,22,0.6875,0.366666666667,13.21875,,71
LNGN0272,Old Harbour FSRU,Jamaica,importer,counterparty_hhi_country,60,12,0.2,12,12,0.875073331168,1,0.5,1,2020-04;2021-08;2022-05;2022-06;2022-07;2022-10;2023-07;2023-11;2024-01,9,0.75,0.15,13,,72
LNGN0248,Mugardos LNG Terminal,Spain,importer,counterparty_hhi_country,60,43,0.716666666667,43,43,0.868522236358,1,0.500010545172,1,2020-05;2020-06;2020-11;2020-12;2021-01;2021-02;2021-04;2021-05;2021-06;2021-10;2021-11;2022-01;2022-02;2022-03;2022-04;2022-06;2022-07;2022-10;2023-01;2023-04;2023-05;2023-06;2023-07;2023-09;2023-10;2023-11;2023-12;2024-02;2024-03;2024-04;2024-06,31,0.720930232558,0.516666666667,12.1860465116,,73
LNGN0130,GasPort FSRU,Pakistan,importer,counterparty_hhi_country,60,54,0.9,54,54,0.866088508303,1,0.502076410794,1,2020-03;2020-05;2020-06;2020-07;2020-08;2020-10;2021-01;2021-02;2021-03;2021-04;2021-06;2021-09;2021-10;2021-12;2022-01;2022-02;2022-05;2022-06;2022-07;2022-10;2022-11;2023-01;2023-04;2023-06;2023-08;2023-09;2023-10;2024-03;2024-04;2024-05;2024-06;2024-08;2024-09,33,0.611111111111,0.55,14.2407407407,,74
LNGN0363,Shandong LNG Terminal,China,importer,counterparty_hhi_country,60,38,0.633333333333,38,38,0.86319362644,1,0.336715725281,1,2020-01;2020-02;2020-07;2020-09;2020-10;2020-11;2021-02;2021-04;2021-05;2021-08;2021-11;2021-12;2022-02;2022-03;2022-05;2022-06;2022-08;2022-09;2022-10;2022-11;2022-12;2023-01;2023-05;2023-09;2023-12;2024-01;2024-12,27,0.710526315789,0.45,12.1052631579,,75
LNGN0098,Dörtyol FSRU,Türkiye,importer,counterparty_hhi_country,60,24,0.4,24,24,0.861445685174,1,0.333368098259,1,2020-02;2020-03;2021-02;2021-11;2022-02;2022-03;2022-06;2022-09;2022-10;2023-02;2023-04;2023-07;2023-08;2023-10;2024-01;2024-04;2024-07;2024-11,18,0.75,0.3,14.25,,76
LNGN0429,Toyama Shinko LNG Terminal,Japan,importer,counterparty_hhi_country,60,14,0.233333333333,14,14,0.86118319487,1,0.503842413888,1,2020-02;2020-11;2021-01;2021-03;2021-06;2021-08;2022-05;2022-07;2024-07;2024-12,10,0.714285714286,0.166666666667,12.3571428571,,77
LNGN0207,Klaipeda FSRU,Lithuania,importer,counterparty_hhi_country,60,50,0.833333333333,50,50,0.858334506715,1,0.500132196444,1,2020-01;2020-02;2020-03;2020-04;2020-07;2020-08;2020-09;2020-10;2020-11;2020-12;2021-02;2021-05;2021-06;2021-07;2021-09;2021-12;2022-01;2022-02;2022-03;2022-04;2022-08;2022-09;2022-10;2022-11;2023-03;2023-06;2023-07;2023-10;2023-12;2024-01;2024-03;2024-04;2024-06;2024-08,34,0.68,0.566666666667,13.38,,78
LNGN0175,Hong Kong FSRU,Hong Kong,importer,counterparty_hhi_country,60,21,0.35,21,21,0.839793531227,1,0.356828992069,1,2021-07;2021-08;2021-11;2022-08;2022-11;2023-02;2023-03;2023-04;2023-08;2023-11;2024-03;2024-06;2024-10;2024-12,14,0.666666666667,0.233333333333,17,,79
LNGN0191,Jebel Ali FLNG Terminal,United Arab Emirates,importer,counterparty_hhi_country,60,34,0.566666666667,34,34,0.83460598508,1,0.50084578869,1,2020-03;2020-05;2020-07;2020-08;2021-04;2021-05;2021-07;2021-08;2021-09;2021-10;2022-07;2022-10;2022-12;2023-02;2023-04;2023-09;2023-10;2024-02;2024-03;2024-08,20,0.588235294118,0.333333333333,16.6176470588,,80
LNGN0173,Himeji LNG Terminal,Japan,importer,counterparty_hhi_country,60,45,0.75,45,45,0.834292974328,1,0.25393267238,1,2020-03;2020-04;2020-05;2020-08;2020-09;2020-11;2021-01;2021-04;2021-05;2021-08;2021-09;2021-12;2022-02;2022-03;2022-04;2022-05;2022-06;2022-09;2023-01;2023-02;2023-03;2023-04;2023-05;2023-06;2023-07;2023-08;2023-09;2023-10;2024-01;2024-06;2024-09,31,0.688888888889,0.516666666667,14,,81
LNGN0331,Revithoussa LNG Terminal,Greece,importer,counterparty_hhi_country,60,36,0.6,36,36,0.833935627133,1,0.250653084968,1,2020-02;2020-03;2020-06;2020-09;2020-11;2021-03;2021-04;2021-05;2021-06;2021-11;2021-12;2022-02;2022-06;2022-08;2022-09;2022-10;2022-11;2023-01;2023-02;2023-03;2023-05;2023-09;2024-01;2024-02;2024-08,25,0.694444444444,0.416666666667,14.6944444444,,82
LNGN0076,Cove Point LNG Import Terminal,United States,importer,counterparty_hhi_country,60,13,0.216666666667,13,13,0.833437545489,1,0.333626284478,1,2023-05;2023-06;2024-01;2024-02;2024-03;2024-05;2024-06;2024-08;2024-10,9,0.692307692308,0.15,16.4615384615,,83
LNGN0170,Higashi Niigata LNG Terminal,Japan,importer,counterparty_hhi_country,60,25,0.416666666667,25,25,0.831676986031,1,0.276188976572,1,2020-06;2020-09;2020-10;2020-11;2021-07;2021-10;2022-02;2022-12;2023-01;2023-04;2023-05;2023-06;2023-07;2023-12;2024-03;2024-04;2024-09,17,0.68,0.283333333333,14.48,,84
LNGN0398,Taichung LNG Terminal,Taiwan,importer,counterparty_hhi_country,60,49,0.816666666667,49,49,0.816613102702,1,0.354949835581,1,2020-01;2020-03;2020-04;2020-06;2020-07;2020-08;2020-09;2020-10;2020-11;2020-12;2021-01;2021-02;2021-04;2021-05;2021-07;2021-08;2021-10;2022-02;2022-03;2022-09;2022-10;2022-11;2023-02;2023-03;2023-04;2023-09;2023-12;2024-01;2024-05,29,0.591836734694,0.483333333333,16.3673469388,,85
LNGN0040,Boryeong LNG Terminal,South Korea,importer,counterparty_hhi_country,60,44,0.733333333333,44,44,0.791912236234,1,0.335849860255,1,2020-01;2020-05;2020-06;2020-09;2020-11;2021-01;2021-02;2021-03;2021-05;2021-06;2021-07;2021-11;2022-03;2022-04;2022-07;2022-08;2022-10;2022-11;2022-12;2023-02;2023-03;2023-05;2023-12;2024-01;2024-07;2024-08,26,0.590909090909,0.433333333333,18.3863636364,,86
LNGN0285,Pengerang Johor LNG Terminal,Malaysia,importer,counterparty_hhi_country,60,19,0.316666666667,19,19,0.787787106119,1,0.337726889986,1,2023-04;2023-08;2023-09;2023-10;2023-12;2024-02;2024-03;2024-05;2024-06;2024-07,10,0.526315789474,0.166666666667,19.1578947368,,87
LNGN0428,Toscana FSRU,Italy,importer,counterparty_hhi_country,60,27,0.45,27,27,0.780331705624,1,0.333867189435,1,2020-01;2020-02;2020-07;2020-08;2020-09;2022-07;2022-08;2022-09;2022-11;2023-04;2023-05;2023-07;2024-07;2024-08;2024-10,15,0.555555555556,0.25,19.1481481481,,88
LNGN0238,Melaka FSRU,Malaysia,importer,counterparty_hhi_country,60,16,0.266666666667,16,16,0.76839324733,1,0.33602106431,1,2023-02;2023-04;2023-07;2023-11;2023-12;2024-01;2024-02;2024-04;2024-09,9,0.5625,0.15,18,,89
LNGN0437,Wenzhou LNG Terminal,China,importer,counterparty_hhi_country,60,44,0.733333333333,44,44,0.762208332528,1,0.339123022004,1,2020-01;2020-02;2020-03;2020-05;2020-06;2020-10;2020-11;2021-07;2022-01;2022-03;2022-06;2022-08;2022-09;2022-11;2022-12;2023-03;2023-06;2023-08;2023-12;2024-01;2024-04;2024-05;2024-10,23,0.522727272727,0.383333333333,20.5227272727,,90
LNGN0319,Qidong LNG Terminal,China,importer,counterparty_hhi_country,60,46,0.766666666667,46,46,0.755899986879,0.715529010589,0.308254893794,1,2020-01;2020-05;2020-09;2021-02;2021-11;2022-03;2022-05;2022-06;2022-07;2022-08;2022-09;2023-02;2023-05;2023-10;2023-11;2024-01;2024-02;2024-03;2024-04;2024-07;2024-10;2024-12,22,0.478260869565,0.366666666667,21.0652173913,,91
LNGN0449,Xintian Tangshan LNG Terminal,China,importer,counterparty_hhi_country,60,47,0.783333333333,47,47,0.751574502054,1,0.250044325,1,2020-01;2020-06;2020-07;2020-08;2020-10;2021-05;2021-08;2022-01;2022-02;2022-03;2022-05;2022-06;2022-07;2022-08;2022-11;2023-01;2023-02;2023-04;2023-12;2024-01;2024-02;2024-03;2024-04;2024-08,24,0.510638297872,0.4,20.829787234,,92
LNGN0136,Gibraltar LNG Terminal,Gibraltar,importer,counterparty_hhi_country,60,30,0.5,30,30,0.75100395837,1,0.27511451294,1,2020-05;2021-01;2021-03;2021-05;2021-06;2021-07;2021-08;2021-12;2022-02;2022-03;2022-09;2023-02;2023-04;2023-06;2024-02;2024-06;2024-08,17,0.566666666667,0.283333333333,22.2333333333,,93
LNGN0253,Nagasaki LNG Terminal,Japan,importer,counterparty_hhi_country,60,2,0.0333333333333,2,2,0.750000745732,0.750000745732,0.500001491464,1,2021-06,1,0.5,0.0166666666667,25,,94
LNGN0460,Yokkaichi Works LNG Terminal,Japan,importer,counterparty_hhi_country,60,50,0.833333333333,50,50,0.745697302813,1,0.252540153456,1,2020-04;2020-05;2020-06;2020-07;2020-08;2021-04;2021-05;2021-06;2022-02;2022-03;2022-04;2022-05;2022-06;2022-11;2022-12;2023-01;2023-05;2023-06;2023-07;2023-10;2023-11;2023-12;2024-01;2024-03;2024-05;2024-09,26,0.52,0.433333333333,21.04,,95
LNGN0426,Tongyoung LNG Terminal,South Korea,importer,counterparty_hhi_country,60,48,0.8,48,48,0.743973130206,0.640575544967,0.333517860265,1,2020-04;2020-05;2020-06;2020-07;2020-08;2020-10;2020-11;2020-12;2021-02;2021-07;2021-11;2022-04;2022-06;2022-07;2022-11;2023-03;2023-05;2023-06;2024-02;2024-03;2024-04;2024-09;2024-11,23,0.479166666667,0.383333333333,22.6041666667,,96
LNGN0294,Piombino FSRU,Italy,importer,counterparty_hhi_country,60,11,0.183333333333,11,11,0.735550584515,0.587063232351,0.5,1,2023-09;2023-12;2024-03;2024-04;2024-10,5,0.454545454545,0.0833333333333,28,,97
LNGN0385,South Hook LNG Terminal,United Kingdom,importer,counterparty_hhi_country,60,57,0.95,57,57,0.721753954463,0.744084486637,0.274654932721,1,2020-05;2020-06;2020-07;2020-08;2020-09;2020-11;2021-01;2021-06;2021-07;2021-08;2021-09;2021-10;2021-11;2022-06;2022-07;2023-06;2023-07;2024-05;2024-07;2024-09;2024-12,21,0.368421052632,0.35,25.8596491228,,98
LNGN0056,Cartagena LNG Terminal (Spain),Spain,importer,counterparty_hhi_country,60,51,0.85,51,51,0.713139650727,0.559040562902,0.268336268304,1,2020-01;2020-04;2020-05;2020-06;2020-08;2020-10;2020-11;2021-02;2021-04;2021-05;2021-06;2021-08;2022-01;2022-06;2022-07;2022-08;2023-01;2023-02;2023-06;2023-11;2024-01;2024-08;2024-11,23,0.450980392157,0.383333333333,24.9019607843,,99
LNGN0347,Sagunto LNG Terminal,Spain,importer,counterparty_hhi_country,60,48,0.8,48,48,0.711496075644,0.578886139896,0.251018493013,1,2020-04;2020-05;2020-07;2020-10;2020-11;2020-12;2021-02;2021-04;2021-05;2021-07;2021-09;2021-11;2021-12;2022-01;2022-02;2022-09;2022-10;2022-11;2023-04;2023-11;2023-12;2024-08,22,0.458333333333,0.366666666667,24.8541666667,,100
LNGN0037,Bilbao LNG Terminal,Spain,importer,counterparty_hhi_country,60,58,0.966666666667,58,58,0.709053155978,0.599047113239,0.333408819562,1,2020-04;2020-08;2020-09;2020-10;2020-11;2021-01;2021-02;2021-03;2021-04;2021-05;2021-07;2021-08;2021-09;2021-12;2022-06;2022-07;2022-11;2022-12;2023-11;2024-05;2024-07;2024-08;2024-10;2024-12,24,0.413793103448,0.4,25.7413793103,,101
LNGN0421,Tianjin LNG Terminal (Sinopec),China,importer,counterparty_hhi_country,60,51,0.85,51,51,0.700632277442,0.588321781138,0.230627425709,1,2020-02;2020-07;2021-02;2021-03;2021-05;2021-06;2021-07;2021-08;2021-10;2021-11;2022-01;2022-04;2022-05;2022-06;2022-07;2022-08;2022-11;2023-02;2023-03;2023-05;2023-08;2023-09;2024-02;2024-07;2024-08,25,0.490196078431,0.416666666667,25.1176470588,,102
LNGN0474,Świnoujście Polskie LNG Terminal,Poland,importer,counterparty_hhi_country,60,52,0.866666666667,52,52,0.699691864786,0.589755389692,0.253094727787,1,2020-01;2020-03;2020-04;2020-07;2020-09;2020-12;2021-05;2021-07;2021-08;2021-09;2021-10;2022-01;2022-02;2022-04;2022-05;2022-11;2023-03;2023-11;2024-08;2024-09,20,0.384615384615,0.333333333333,26.8269230769,,103
LNGN0178,Huelva LNG Terminal,Spain,importer,counterparty_hhi_country,60,54,0.9,54,54,0.695804253204,0.563959437353,0.296917037309,1,2020-01;2020-05;2020-06;2020-08;2020-09;2020-10;2021-02;2021-03;2021-04;2021-05;2021-07;2021-12;2022-03;2022-09;2022-11;2023-08;2023-09;2024-03;2024-05;2024-07;2024-09;2024-11,22,0.407407407407,0.366666666667,26.037037037,,104
LNGN0186,Izmir Aliaga LNG Terminal,Türkiye,importer,counterparty_hhi_country,60,53,0.883333333333,53,53,0.692875675224,0.565159204492,0.274096724699,1,2020-05;2020-09;2020-10;2020-12;2021-03;2021-05;2021-06;2021-07;2021-08;2021-11;2022-02;2022-05;2022-07;2022-09;2022-10;2023-04;2023-06;2023-07;2023-08;2024-04;2024-09;2024-11,22,0.415094339623,0.366666666667,25.9245283019,,105
LNGN0232,Marmara LNG Terminal,Türkiye,importer,counterparty_hhi_country,60,54,0.9,54,54,0.689682643504,0.544091809018,0.327726232845,1,2020-02;2020-03;2020-05;2020-06;2020-07;2020-08;2020-09;2020-10;2020-11;2020-12;2021-04;2021-05;2021-06;2021-07;2022-01;2022-07;2022-08;2022-12;2023-09;2024-08;2024-09;2024-11;2024-12,23,0.425925925926,0.383333333333,27.037037037,,106
LNGN0144,Grain LNG Terminal,United Kingdom,importer,counterparty_hhi_country,60,47,0.783333333333,47,47,0.67561068804,0.613439767732,0.281748519262,1,2020-07;2020-08;2020-11;2021-01;2022-12;2023-04;2023-07;2023-11;2024-01;2024-06;2024-07;2024-08;2024-09;2024-11;2024-12,15,0.31914893617,0.25,28.170212766,,107
LNGN0008,Al Zour LNG Import Terminal,Kuwait,importer,counterparty_hhi_country,60,40,0.666666666667,40,40,0.656960181844,0.614902620618,0.252719531924,1,2021-07;2021-08;2021-09;2022-02;2022-11;2022-12;2023-01;2023-02;2023-10;2023-11;2023-12;2024-02,12,0.3,0.2,29.55,,108
LNGN0244,Montoir LNG Terminal,France,importer,counterparty_hhi_country,60,59,0.983333333333,59,59,0.654756952076,0.556119784203,0.366241076092,1,2020-03;2020-05;2020-06;2021-06;2021-07;2021-08;2021-10;2021-11;2022-09;2023-03;2023-04;2023-12;2024-08,13,0.220338983051,0.216666666667,29.1525423729,,109
LNGN0270,Ohgishima LNG Terminal,Japan,importer,counterparty_hhi_country,60,54,0.9,54,54,0.6271884267,0.554229654699,0.213839407019,1,2020-01;2020-03;2020-05;2020-07;2020-09;2021-03;2021-04;2022-01;2022-05;2023-03;2023-04;2023-05;2024-08;2024-12,14,0.259259259259,0.233333333333,31.9444444444,,110
LNGN0097,Dunkirk LNG Terminal,France,importer,counterparty_hhi_country,60,56,0.933333333333,56,56,0.623412556146,0.555918909033,0.224961299435,1,2020-01;2020-05;2020-07;2020-08;2020-11;2021-01;2021-02;2021-05;2021-07;2021-08;2021-09;2022-06;2024-12,13,0.232142857143,0.216666666667,32.75,,111
LNGN0035,Barcelona LNG Terminal,Spain,importer,counterparty_hhi_country,60,51,0.85,51,51,0.619844641761,0.506926506719,0.250216919322,1,2020-01;2020-03;2020-05;2020-06;2020-08;2020-11;2021-02;2021-04;2021-06;2022-01;2022-10;2023-05;2024-07;2024-08;2024-12,15,0.294117647059,0.25,32.6470588235,,112
LNGN0230,Map Ta Phut LNG Terminal 2,Thailand,importer,counterparty_hhi_country,60,55,0.916666666667,55,55,0.600359614819,0.505848175219,0.203594347373,1,2020-01;2020-03;2020-06;2020-07;2020-08;2020-11;2020-12;2021-01;2021-02;2021-07;2021-10;2021-11;2022-10;2022-12;2023-01;2023-11,16,0.290909090909,0.266666666667,33.4181818182,,113
LNGN0464,Zeebrugge LNG Terminal,Belgium,importer,counterparty_hhi_country,60,59,0.983333333333,59,59,0.598823523505,0.555165067099,0.316879316977,1,2020-08;2020-10;2020-12;2021-01;2024-05;2024-08;2024-10;2024-11,8,0.135593220339,0.133333333333,36.3898305085,,114
LNGN0181,Incheon LNG Terminal,South Korea,importer,counterparty_hhi_country,60,57,0.95,57,57,0.585680012424,0.530957261566,0.23964683374,1,2020-02;2020-04;2020-06;2020-09;2020-10;2021-03;2021-09;2022-02;2022-04;2023-12;2024-12,11,0.19298245614,0.183333333333,35.1052631579,,115
LNGN0463,Yung-An LNG Terminal,Taiwan,importer,counterparty_hhi_country,60,57,0.95,57,57,0.582039650446,0.509085055527,0.215640765825,1,2020-01;2020-02;2020-08;2022-02;2022-04;2022-08;2023-03;2023-08;2023-11;2024-06;2024-09;2024-11;2024-12,13,0.228070175439,0.216666666667,35.4561403509,,116
LNGN0374,Sines LNG Terminal,Portugal,importer,counterparty_hhi_country,60,58,0.966666666667,58,58,0.572944807043,0.530291463049,0.250842556213,1,2020-04;2020-06;2020-07;2021-03;2021-05;2022-12;2023-12;2024-03;2024-05;2024-06;2024-09;2024-10,12,0.206896551724,0.2,35.0172413793,,117
LNGN0195,Jieyang LNG Terminal (PipeChina),China,importer,counterparty_hhi_country,60,52,0.866666666667,52,52,0.565360293104,0.50651496303,0.208751904354,1,2020-01;2020-07;2020-08;2020-10;2021-02;2021-09;2021-11;2021-12;2022-02;2022-03;2024-05;2024-12,12,0.230769230769,0.2,36.6153846154,,118
LNGN0381,Sodegaura LNG Terminal,Japan,importer,counterparty_hhi_country,60,58,0.966666666667,58,58,0.546158646474,0.50411320564,0.235512580103,1,2020-02;2020-05;2020-10;2021-04;2022-03;2023-04;2024-05;2024-08;2024-09;2024-10;2024-12,11,0.189655172414,0.183333333333,37.5344827586,,119
LNGN0314,Pyeongtaek LNG Terminal,South Korea,importer,counterparty_hhi_country,60,52,0.866666666667,52,52,0.544864034659,0.502786831733,0.236651075263,1,2020-10;2020-12;2021-03;2022-04;2022-08;2024-05;2024-08;2024-09;2024-11,9,0.173076923077,0.15,38.0769230769,,120
LNGN0168,Hazira LNG Terminal,India,importer,counterparty_hhi_country,60,56,0.933333333333,56,56,0.540863203342,0.50425871458,0.170070530348,1,2020-09;2020-12;2021-01;2021-02;2022-02;2022-12;2023-01;2023-09;2024-05;2024-06;2024-08,11,0.196428571429,0.183333333333,37.3392857143,,121
LNGN0132,Gate LNG Terminal,Netherlands,importer,counterparty_hhi_country,60,60,1,60,60,0.530937576409,0.509599755585,0.178110405402,1,2020-06;2020-08;2020-12;2021-01;2021-09;2024-11,6,0.1,0.1,39.9833333333,,122
LNGN0121,Fos Tonkin LNG Terminal,France,importer,counterparty_hhi_country,60,55,0.916666666667,55,55,0.499073675121,0.417568030273,0.227961663041,1,2020-01;2020-04;2020-08;2020-09;2020-11;2021-02;2021-07;2024-07;2024-12,9,0.163636363636,0.15,41.5636363636,,123
LNGN0069,Coral South FLNG Terminal,Mozambique,exporter,counterparty_hhi_terminal,60,1,0.0166666666667,1,1,1,1,1,1,2023-02,1,1,0.0166666666667,1,,1
LNGN0075,Cove Point LNG Export Terminal,United States,exporter,counterparty_hhi_terminal,60,1,0.0166666666667,1,1,1,1,1,1,2024-08,1,1,0.0166666666667,1,,1
LNGN0138,Gladstone LNG Terminal,Australia,exporter,counterparty_hhi_terminal,60,1,0.0166666666667,1,1,1,1,1,1,2024-08,1,1,0.0166666666667,1,,1
LNGN0334,Risavika LNG Terminal,Norway,exporter,counterparty_hhi_terminal,60,21,0.35,21,21,0.968253968254,1,0.333333333333,1,2020-01;2020-02;2020-03;2020-07;2020-08;2020-09;2021-04;2021-05;2021-09;2021-12;2023-01;2023-03;2023-05;2023-10;2023-11;2024-02;2024-03;2024-04;2024-05;2024-11,21,1,0.35,1.7619047619,,4
LNGN0288,Peru LNG Terminal,Peru,exporter,counterparty_hhi_terminal,60,11,0.183333333333,11,11,0.954546973291,1,0.500016706205,1,2022-06;2022-11;2023-03;2023-05;2023-06;2023-08;2023-09;2023-11;2024-03;2024-06,11,1,0.183333333333,2,,5
LNGN0052,Cameroon FLNG Terminal,Cameroon,exporter,counterparty_hhi_terminal,60,32,0.533333333333,32,32,0.953214959139,1,0.50006760411,1,2020-05;2020-06;2020-11;2020-12;2021-06;2021-08;2021-12;2022-01;2022-03;2022-05;2022-07;2022-08;2022-09;2022-10;2022-11;2022-12;2023-01;2023-03;2023-04;2023-06;2023-07;2023-09;2023-10;2023-11;2023-12;2024-01;2024-02;2024-03;2024-04,32,1,0.533333333333,1.6875,,6
LNGN0039,Bontang LNG Terminal,Indonesia,exporter,counterparty_hhi_terminal,60,11,0.183333333333,11,11,0.914141414141,1,0.5,1,2023-04;2023-09;2023-10;2023-11;2023-12;2024-01;2024-07;2024-09;2024-12,11,1,0.183333333333,2.72727272727,,7
LNGN0013,American LNG Hialeah Terminal,United States,exporter,counterparty_hhi_terminal,60,6,0.1,6,6,0.888990919294,1,0.333945515764,1,2023-07;2024-02;2024-03;2024-05;2024-07,6,1,0.1,3.83333333333,,8
LNGN0180,Ichthys FLNG Terminal,Australia,exporter,counterparty_hhi_terminal,60,4,0.0666666666667,4,4,0.875031494079,1,0.500125976316,1,2024-04;2024-07;2024-12,4,1,0.0666666666667,3.25,,9
LNGN0308,Portovaya LNG Terminal,Russia,exporter,counterparty_hhi_terminal,60,18,0.3,18,18,0.852199310768,1,0.334001295101,1,2023-02;2023-03;2023-05;2023-06;2023-10;2023-11;2023-12;2024-01;2024-02;2024-03;2024-06;2024-08;2024-10,18,1,0.3,4,,10
LNGN0351,Sakhalin II LNG Terminal,Russia,exporter,counterparty_hhi_terminal,60,33,0.55,33,33,0.828435659456,1,0.333333333333,1,2020-05;2020-12;2021-01;2021-06;2021-11;2021-12;2022-01;2022-05;2022-12;2023-07;2023-09;2023-10;2023-12;2024-01;2024-02;2024-04;2024-05;2024-07;2024-08;2024-09;2024-10;2024-11,33,1,0.55,3.87878787879,,11
LNGN0103,Elba Island LNG Terminal,United States,exporter,counterparty_hhi_terminal,60,37,0.616666666667,37,37,0.784262038377,1,0.333423771751,1,2020-01;2020-08;2020-09;2020-11;2020-12;2021-02;2021-07;2021-08;2022-02;2022-09;2022-10;2022-11;2023-02;2023-04;2023-05;2023-10;2024-01;2024-02;2024-06;2024-08;2024-09;2024-10,37,1,0.616666666667,4.59459459459,,12
LNGN0312,Punta Europa LNG Terminal,Equatorial Guinea,exporter,counterparty_hhi_terminal,60,37,0.616666666667,37,37,0.775991352433,1,0.200212105583,1,2020-01;2020-03;2020-04;2020-08;2020-12;2021-01;2021-04;2021-08;2021-09;2021-11;2022-05;2022-07;2022-08;2022-09;2022-12;2023-03;2023-07;2023-12;2024-02;2024-05;2024-06;2024-10,37,1,0.616666666667,4.91891891892,,13
LNGN0274,Oman Qalhat LNG Terminal,Oman,exporter,counterparty_hhi_terminal,60,31,0.516666666667,31,31,0.760875347146,1,0.167727880083,1,2020-01;2021-04;2021-08;2022-02;2022-04;2022-05;2022-06;2022-09;2022-11;2023-01;2023-02;2023-06;2023-10;2023-12;2024-01;2024-03;2024-05;2024-06;2024-07,31,1,0.516666666667,4.96774193548,,14
LNGN0206,Kiyanly LNG Terminal,Turkmenistan,exporter,counterparty_hhi_terminal,60,16,0.266666666667,16,16,0.760748231404,1,0.333711168365,1,2023-02;2023-03;2023-06;2023-08;2023-09;2024-01;2024-04;2024-08;2024-10,16,1,0.266666666667,5.875,,15
LNGN0101,Egyptian LNG Terminal,Egypt,exporter,counterparty_hhi_terminal,60,18,0.3,18,18,0.75489647233,1,0.250439241278,1,2021-12;2022-03;2022-04;2022-06;2023-02;2023-05;2023-06;2023-09;2024-06;2024-08,18,1,0.3,5.88888888889,,16
LNGN0309,Prelude FLNG Terminal,Australia,exporter,counterparty_hhi_terminal,60,31,0.516666666667,31,31,0.698284761505,0.50006760411,0.250016901028,1,2021-03;2021-04;2021-05;2021-06;2021-11;2022-06;2022-09;2023-01;2023-04;2023-06;2024-02;2024-03;2024-05;2024-07;2024-12,31,1,0.516666666667,7.06451612903,,17
LNGN0322,Queensland Curtis LNG Terminal,Australia,exporter,counterparty_hhi_terminal,60,53,0.883333333333,53,53,0.634406119324,0.500210696502,0.250080658436,1,2020-05;2020-06;2021-04;2021-08;2021-10;2021-11;2022-02;2022-03;2022-04;2022-08;2023-04;2023-06;2023-07;2023-11;2024-03;2024-05;2024-07;2024-09;2024-10,53,1,0.883333333333,6.43396226415,,18
LNGN0423,Tiga Malaysia LNG Terminal,Malaysia,exporter,counterparty_hhi_terminal,60,33,0.55,33,33,0.628092105646,0.547337278107,0.281346535549,1,2020-07;2022-01;2022-07;2022-08;2022-10;2022-11;2022-12;2023-01;2023-07;2024-11,33,1,0.55,8,,19
LNGN0378,Skikda LNG Terminal,Algeria,exporter,counterparty_hhi_terminal,60,46,0.766666666667,46,46,0.582474761685,0.555555555556,0.222222222222,1,2020-06;2020-07;2020-08;2020-10;2021-02;2021-09;2022-02;2022-09;2023-02;2024-07,46,1,0.766666666667,7.45652173913,,20
LNGN0083,Damietta SEGAS LNG Terminal,Egypt,exporter,counterparty_hhi_terminal,60,27,0.45,27,27,0.569361449852,0.500143636886,0.180858840299,1,2021-05;2021-06;2021-10;2022-03;2023-09;2023-11;2024-03;2024-10,26,0.962962962963,0.433333333333,8.18518518519,,21
LNGN0435,Vysotsk LNG Terminal,Russia,exporter,counterparty_hhi_terminal,60,59,0.983333333333,59,59,0.520793553304,0.474194603428,0.230769325759,1,2020-01;2020-02;2020-03;2020-04;2021-01;2022-05;2022-06;2022-11;2022-12,59,1,0.983333333333,8.66101694915,,22
LNGN0085,Das Island LNG Terminal,United Arab Emirates,exporter,counterparty_hhi_terminal,60,59,0.983333333333,59,59,0.491929389993,0.335166063532,0.183062895806,1,2020-01;2020-02;2020-03;2020-04;2020-10;2020-11;2021-01;2021-02;2021-03;2022-02;2024-10;2024-11,57,0.966101694915,0.95,9.74576271186,,23
LNGN0027,Atlantic LNG Terminal,Trinidad and Tobago,exporter,counterparty_hhi_terminal,60,56,0.933333333333,56,56,0.490921489455,0.372500998539,0.136345689898,1,2020-05;2020-08;2021-07;2021-09;2021-10;2021-12;2022-01;2022-10;2024-07;2024-09;2024-11;2024-12,55,0.982142857143,0.916666666667,9.17857142857,,24
LNGN0441,Wheatstone LNG Terminal,Australia,exporter,counterparty_hhi_terminal,60,55,0.916666666667,55,55,0.464864308381,0.368321097506,0.159291246665,1,2020-01;2020-04;2021-10;2022-03;2024-05;2024-07;2024-09;2024-11,54,0.981818181818,0.9,9.34545454545,,25
LNGN0124,Freeport LNG Terminal,United States,exporter,counterparty_hhi_terminal,60,52,0.866666666667,52,52,0.35692071963,0.223351065359,0.0853373899553,1,2020-06;2020-08;2020-09;2022-06;2023-02;2024-08;2024-09;2024-11;2024-12,42,0.807692307692,0.7,13.5576923077,,26
LNGN0026,Arzew-Bethioua LNG Terminal,Algeria,exporter,counterparty_hhi_terminal,60,60,1,60,60,0.34344303485,0.333333333333,0.107229071382,1,2020-12;2022-02,53,0.883333333333,0.883333333333,12.5833333333,,27
LNGN0166,Hammerfest LNG Snohvit Terminal,Norway,exporter,counterparty_hhi_terminal,60,40,0.666666666667,40,40,0.330778590881,0.278041394948,0.143467987823,1,2024-09,36,0.9,0.6,13.8,,28
LNGN0142,Gorgon LNG Terminal,Australia,exporter,counterparty_hhi_terminal,60,58,0.966666666667,58,58,0.276809860118,0.215578934645,0.125205556916,1,2020-07,48,0.827586206897,0.8,14.6034482759,,29
LNGN0050,Calcasieu Pass LNG Terminal,United States,exporter,counterparty_hhi_terminal,60,58,0.966666666667,58,58,0.242453655967,0.181962240586,0.0834337471019,1,2020-08;2024-06,43,0.741379310345,0.716666666667,16.1379310345,,30
LNGN0070,Corpus Christi LNG Terminal,United States,exporter,counterparty_hhi_terminal,60,54,0.9,54,54,0.231086091317,0.13980282408,0.0842998915741,1,2020-03;2020-08;2024-06;2024-09,37,0.685185185185,0.616666666667,17.1111111111,,31
LNGN0297,Pluto LNG Terminal,Australia,exporter,counterparty_hhi_terminal,60,60,1,60,60,0.200478380998,0.185613917856,0.0958147841234,0.569470713449,2024-11,47,0.783333333333,0.783333333333,16.4833333333,,32
LNGN0452,Yamal LNG Terminal,Russia,exporter,counterparty_hhi_terminal,60,60,1,60,60,0.19213989698,0.186208454971,0.0845293141241,0.324596255331,2020-02,49,0.816666666667,0.816666666667,16.55,,33
LNGN0261,Nigeria LNG Terminal,Nigeria,exporter,counterparty_hhi_terminal,60,59,0.983333333333,59,59,0.173659356049,0.15408371516,0.0607523871382,0.55669136384,2020-08,41,0.694915254237,0.683333333333,18.1694915254,,34
LNGN0345,Sabine Pass LNG Terminal,United States,exporter,counterparty_hhi_terminal,60,60,1,60,60,0.125374211592,0.112790660579,0.0683504598411,0.500016706205,2020-08,33,0.55,0.55,20.05,,35
LNGN0328,Rasgas LNG Terminal 3,Qatar,exporter,counterparty_hhi_terminal,60,60,1,60,60,0.093850964989,0.0820502058055,0.0467549529057,0.342664086545,2020-12,27,0.45,0.45,21.3,,36
LNGN0004,Acajutla FSRU,El Salvador,importer,counterparty_hhi_terminal,60,3,0.05,3,3,1,1,1,1,2022-08;2023-03;2024-12,3,1,0.05,1,,1
LNGN0006,Ain Sokhna Hoegh FSRU,Egypt,importer,counterparty_hhi_terminal,60,3,0.05,3,3,1,1,1,1,2022-03;2023-03;2023-06,3,1,0.05,1,,1
LNGN0017,Aqaba Jordan FSRU,Jordan,importer,counterparty_hhi_terminal,60,2,0.0333333333333,2,2,1,1,1,1,2020-05;2024-10,2,1,0.0333333333333,1,,1
LNGN0031,Bahia FSRU,Brazil,importer,counterparty_hhi_terminal,60,2,0.0333333333333,2,2,1,1,1,1,2021-09;2024-11,2,1,0.0333333333333,1,,1
LNGN0045,Brunsbüttel FSRU,Germany,importer,counterparty_hhi_terminal,60,7,0.116666666667,7,7,1,1,1,1,2023-04;2023-06;2023-07;2023-08;2023-11;2023-12;2024-01,7,1,0.116666666667,1,,1
LNGN0087,Delimara FSRU,Malta,importer,counterparty_hhi_terminal,60,4,0.0666666666667,4,4,1,1,1,1,2022-06;2023-07;2023-11;2024-01,4,1,0.0666666666667,1,,1
LNGN0102,El Musel LNG Terminal,Spain,importer,counterparty_hhi_terminal,60,8,0.133333333333,8,8,1,1,1,1,2023-07;2023-08;2023-10;2023-11;2024-01;2024-02;2024-03;2024-04,8,1,0.133333333333,1,,1
LNGN0109,Escobar FSRU,Argentina,importer,counterparty_hhi_terminal,60,6,0.1,6,6,1,1,1,1,2023-02;2023-04;2023-07;2023-09;2024-05;2024-06,6,1,0.1,1,,1
LNGN0112,Everett Marine Terminal,United States,importer,counterparty_hhi_terminal,60,16,0.266666666667,16,16,1,1,1,1,2020-01;2020-03;2020-07;2020-09;2020-10;2021-02;2021-11;2022-03;2022-06;2022-08;2023-01;2023-11;2023-12;2024-01;2024-02;2024-03,16,1,0.266666666667,1,,1
LNGN0115,Fangchenggang LNG Terminal,China,importer,counterparty_hhi_terminal,60,1,0.0166666666667,1,1,1,1,1,1,2021-12,1,1,0.0166666666667,1,,1
LNGN0122,Fredrikstad LNG Terminal,Norway,importer,counterparty_hhi_terminal,60,12,0.2,12,12,1,1,1,1,2020-11;2021-08;2021-11;2022-04;2022-07;2022-10;2022-11;2023-01;2023-07;2023-11;2023-12;2024-04,12,1,0.2,1,,1
LNGN0148,Guanabara Bay FSRU,Brazil,importer,counterparty_hhi_terminal,60,4,0.0666666666667,4,4,1,1,1,1,2021-05;2021-06;2021-07;2021-09,4,1,0.0666666666667,1,,1
LNGN0164,Hakodate LNG Terminal,Japan,importer,counterparty_hhi_terminal,60,12,0.2,12,12,1,1,1,1,2020-02;2020-11;2021-03;2021-11;2022-08;2022-11;2023-01;2023-02;2023-06;2023-09;2023-11;2024-10,12,1,0.2,1,,1
LNGN0165,Hamina LNG Terminal,Finland,importer,counterparty_hhi_terminal,60,3,0.05,3,3,1,1,1,1,2022-09;2023-11;2024-07,3,1,0.05,1,,1
LNGN0174,Hitachi LNG Terminal,Japan,importer,counterparty_hhi_terminal,60,5,0.0833333333333,5,5,1,1,1,1,2020-01;2021-06;2022-06;2022-11;2024-02,5,1,0.0833333333333,1,,1
LNGN0176,Hongmei LNG Terminal,China,importer,counterparty_hhi_terminal,60,2,0.0333333333333,2,2,1,1,1,1,2023-12;2024-04,2,1,0.0333333333333,1,,1
LNGN0190,Jawa Satu FSRU,Indonesia,importer,counterparty_hhi_terminal,60,4,0.0666666666667,4,4,1,1,1,1,2024-08;2024-10;2024-11;2024-12,4,1,0.0666666666667,1,,1
LNGN0212,Kushiro LNG Terminal,Japan,importer,counterparty_hhi_terminal,60,4,0.0666666666667,4,4,1,1,1,1,2020-12;2021-12;2022-12;2023-04,4,1,0.0666666666667,1,,1
LNGN0219,Le Havre FSRU,France,importer,counterparty_hhi_terminal,60,3,0.05,3,3,1,1,1,1,2023-10;2024-03;2024-04,3,1,0.05,1,,1
LNGN0241,Mizushima LNG Terminal,Japan,importer,counterparty_hhi_terminal,60,13,0.216666666667,13,13,1,1,1,1,2020-02;2020-03;2020-05;2020-08;2020-09;2020-10;2021-01;2021-02;2021-07;2022-03;2022-08;2023-07;2024-03,13,1,0.216666666667,1,,1
LNGN0243,Montego Bay LNG Terminal,Jamaica,importer,counterparty_hhi_terminal,60,1,0.0166666666667,1,1,1,1,1,1,2024-08,1,1,0.0166666666667,1,,1
LNGN0250,Mukran FSRU,Germany,importer,counterparty_hhi_terminal,60,9,0.15,9,9,1,1,1,1,2023-02;2023-03;2023-04;2023-12;2024-03;2024-04;2024-05;2024-06;2024-12,9,1,0.15,1,,1
LNGN0262,Niihama LNG Terminal,Japan,importer,counterparty_hhi_terminal,60,1,0.0166666666667,1,1,1,1,1,1,2023-09,1,1,0.0166666666667,1,,1
LNGN0290,Philippines LNG Terminal,Philippines,importer,counterparty_hhi_terminal,60,2,0.0333333333333,2,2,1,1,1,1,2023-10;2023-11,2,1,0.0333333333333,1,,1
LNGN0291,Pichilingue LNG Terminal,Mexico,importer,counterparty_hhi_terminal,60,13,0.216666666667,13,13,1,1,1,1,2020-01;2020-02;2020-05;2020-07;2020-08;2020-10;2020-11;2022-12;2023-04;2023-12;2024-01;2024-06;2024-11,13,1,0.216666666667,1,,1
LNGN0293,Pinghu LNG Terminal,China,importer,counterparty_hhi_terminal,60,9,0.15,9,9,1,1,1,1,2022-07;2022-09;2022-10;2023-04;2023-05;2023-06;2023-08;2024-04;2024-07,9,1,0.15,1,,1
LNGN0299,Pori LNG Terminal,Finland,importer,counterparty_hhi_terminal,60,6,0.1,6,6,1,1,1,1,2021-07;2023-04;2024-06;2024-07;2024-08;2024-12,6,1,0.1,1,,1
LNGN0307,Porto do Açu FSRU,Brazil,importer,counterparty_hhi_terminal,60,5,0.0833333333333,5,5,1,1,1,1,2021-08;2021-09;2021-10;2022-01;2023-12,5,1,0.0833333333333,1,,1
LNGN0344,Sabine Pass LNG Import Terminal,United States,importer,counterparty_hhi_terminal,60,1,0.0166666666667,1,1,1,1,1,1,2024-10,1,1,0.0166666666667,1,,1
LNGN0348,Saint John LNG Terminal,Canada,importer,counterparty_hhi_terminal,60,6,0.1,6,6,1,1,1,1,2020-01;2020-09;2021-01;2021-02;2023-08;2024-01,6,1,0.1,1,,1
LNGN0361,Sepetiba Bay FSRU,Brazil,importer,counterparty_hhi_terminal,60,1,0.0166666666667,1,1,1,1,1,1,2020-06,1,1,0.0166666666667,1,,1
LNGN0362,Sergipe FSRU,Brazil,importer,counterparty_hhi_terminal,60,9,0.15,9,9,1,1,1,1,2020-09;2020-10;2020-11;2021-03;2021-05;2021-07;2021-11;2021-12;2024-04,9,1,0.15,1,,1
LNGN0364,Shanghai Yangshan LNG Terminal,China,importer,counterparty_hhi_terminal,60,1,0.0166666666667,1,1,1,1,1,1,2024-03,1,1,0.0166666666667,1,,1
LNGN0382,Sodeshi Shimizu LNG Terminal,Japan,importer,counterparty_hhi_terminal,60,7,0.116666666667,7,7,1,1,1,1,2020-09;2020-11;2020-12;2021-03;2021-07;2021-11;2022-10,7,1,0.116666666667,1,,1
LNGN0425,Tobata LNG Terminal,Japan,importer,counterparty_hhi_terminal,60,12,0.2,12,12,1,1,1,1,2020-02;2021-05;2021-06;2021-07;2021-09;2022-04;2022-08;2022-09;2022-10;2023-03;2023-11;2024-02,12,1,0.2,1,,1
LNGN0427,Tornio Manga LNG Terminal,Finland,importer,counterparty_hhi_terminal,60,48,0.8,48,48,1,1,1,1,2020-01;2020-02;2020-03;2020-04;2020-05;2020-07;2020-08;2020-10;2020-11;2020-12;2021-01;2021-02;2021-03;2021-04;2021-05;2021-06;2021-07;2021-08;2021-09;2021-10;2021-11;2021-12;2022-01;2022-02;2022-03;2022-04;2022-05;2022-06;2022-07;2022-08;2022-09;2022-10;2022-12;2023-01;2023-02;2023-03;2023-05;2023-06;2023-07;2023-08;2023-09;2023-10;2023-11;2023-12;2024-01;2024-03;2024-04;2024-05,48,1,0.8,1,,1
LNGN0447,Wuhaogou LNG Storage Facility,China,importer,counterparty_hhi_terminal,60,7,0.116666666667,7,7,1,1,1,1,2020-01;2021-01;2021-07;2022-07;2022-10;2023-01;2023-12,7,1,0.116666666667,1,,1
LNGN0287,Penuelas LNG Terminal,United States,importer,counterparty_hhi_terminal,60,18,0.3,18,18,0.977396121884,1,0.593130193906,1,2020-02;2020-03;2020-08;2020-10;2020-12;2021-01;2021-08;2021-09;2021-10;2022-02;2023-02;2023-05;2023-06;2023-07;2023-12;2024-04;2024-05,17,0.944444444444,0.283333333333,2.88888888889,,38
LNGN0453,Yanai LNG Terminal,Japan,importer,counterparty_hhi_terminal,60,22,0.366666666667,22,22,0.977309440768,1,0.500807696889,1,2020-02;2020-03;2020-05;2020-07;2020-08;2020-09;2021-01;2021-02;2021-03;2021-04;2021-05;2021-06;2021-07;2021-11;2021-12;2022-06;2022-08;2022-09;2022-11;2023-08;2023-12,21,0.954545454545,0.35,2.68181818182,,39
LNGN0108,Ennore LNG Terminal,India,importer,counterparty_hhi_terminal,60,22,0.366666666667,22,22,0.977301716141,1,0.500637755102,1,2020-05;2020-09;2021-02;2021-05;2021-09;2021-10;2021-12;2022-02;2022-06;2022-07;2022-09;2022-10;2022-11;2023-01;2023-03;2023-05;2023-10;2023-12;2024-01;2024-04;2024-05,21,0.954545454545,0.35,2.59090909091,,40
LNGN0372,Shin-Sendai LNG Terminal,Japan,importer,counterparty_hhi_terminal,60,16,0.266666666667,16,16,0.969683405646,1,0.514934490329,1,2020-06;2020-07;2020-09;2020-11;2021-01;2021-04;2021-06;2021-07;2021-08;2022-03;2022-06;2022-08;2023-02;2023-06;2023-07,15,0.9375,0.25,3.0625,,41
LNGN0199,Kagoshima LNG Terminal,Japan,importer,counterparty_hhi_terminal,60,15,0.25,15,15,0.96666915576,1,0.500037336404,1,2020-05;2020-06;2020-07;2020-09;2020-11;2021-02;2021-03;2022-02;2023-02;2023-05;2023-09;2023-11;2023-12;2024-01,14,0.933333333333,0.233333333333,3.53333333333,,42
LNGN0074,Costa Norte LNG Terminal,Panama,importer,counterparty_hhi_terminal,60,12,0.2,12,12,0.958335090234,1,0.500021082813,1,2020-11;2021-05;2022-01;2022-02;2022-07;2023-05;2023-07;2023-11;2024-01;2024-02;2024-07,11,0.916666666667,0.183333333333,5,,43
LNGN0258,New Fortress Barcarena FSRU,Brazil,importer,counterparty_hhi_terminal,60,11,0.183333333333,11,11,0.954604837752,1,0.500653215271,1,2021-02;2022-01;2022-05;2022-08;2023-03;2023-05;2023-06;2023-11;2024-05;2024-09,10,0.909090909091,0.166666666667,5.54545454545,,44
LNGN0268,Nusantara Regas Satu Terminal,Indonesia,importer,counterparty_hhi_terminal,60,10,0.166666666667,10,10,0.950654476765,1,0.506544767654,1,2023-05;2023-10;2023-11;2023-12;2024-01;2024-05;2024-07;2024-09;2024-10,9,0.9,0.15,5.3,,45
LNGN0278,Panigaglia LNG Terminal,Italy,importer,counterparty_hhi_terminal,60,31,0.516666666667,31,31,0.948906810036,1,0.555555555556,1,2020-01;2020-02;2020-03;2020-04;2020-08;2020-09;2021-02;2021-04;2021-05;2021-07;2022-04;2022-05;2022-06;2022-08;2022-10;2022-11;2023-03;2023-04;2023-05;2023-08;2023-10;2023-11;2024-01;2024-02;2024-03;2024-04;2024-05,27,0.870967741935,0.45,5.35483870968,,46
LNGN0044,Brunnsviksholme LNG Terminal,Sweden,importer,counterparty_hhi_terminal,60,28,0.466666666667,28,28,0.948675385811,1,0.5,1,2020-09;2020-10;2021-04;2021-06;2021-08;2021-11;2021-12;2022-03;2023-01;2023-02;2023-04;2023-07;2023-09;2023-10;2023-11;2023-12;2024-01;2024-02;2024-03;2024-04;2024-05;2024-07;2024-08;2024-09;2024-10,25,0.892857142857,0.416666666667,4.71428571429,,47
LNGN0251,Mundra LNG Terminal,India,importer,counterparty_hhi_terminal,60,26,0.433333333333,26,26,0.944129742918,1,0.500206905448,1,2020-02;2020-03;2020-06;2020-09;2020-10;2021-02;2021-03;2021-04;2021-05;2021-10;2021-12;2022-01;2022-04;2022-06;2022-07;2022-09;2023-03;2023-04;2023-09;2023-12;2024-02;2024-03;2024-04,23,0.884615384615,0.383333333333,5.03846153846,,48
LNGN0354,Samcheok LNG Terminal,South Korea,importer,counterparty_hhi_terminal,60,17,0.283333333333,17,17,0.941287248081,1,0.500036525678,1,2020-05;2020-06;2020-12;2021-01;2021-07;2022-01;2022-07;2022-09;2023-01;2023-04;2023-08;2023-12;2024-04;2024-05;2024-07,15,0.882352941176,0.25,5.11764705882,,49
LNGN0081,Dalian LNG Terminal,China,importer,counterparty_hhi_terminal,60,24,0.4,24,24,0.938749410171,1,0.500000309353,1,2020-01;2020-02;2020-03;2020-04;2020-06;2020-09;2020-11;2020-12;2021-06;2021-07;2021-09;2021-11;2022-06;2022-10;2022-11;2022-12;2023-05;2023-06;2023-09;2023-12;2024-05,21,0.875,0.35,6.29166666667,,50
LNGN0237,Mejillones LNG Terminal,Chile,importer,counterparty_hhi_terminal,60,25,0.416666666667,25,25,0.933341638077,1,0.333530406758,1,2020-01;2020-02;2020-03;2020-07;2020-08;2020-12;2021-02;2021-05;2021-07;2021-08;2021-12;2022-05;2022-07;2022-09;2023-01;2023-03;2023-06;2023-08;2023-09;2023-10;2024-10;2024-12,22,0.88,0.366666666667,7.24,,51
LNGN0079,Dabhol LNG Terminal,India,importer,counterparty_hhi_terminal,60,21,0.35,21,21,0.928732662313,1,0.500143636886,1,2020-01;2020-02;2020-12;2021-01;2021-02;2021-03;2021-04;2022-01;2022-03;2022-10;2022-12;2023-01;2023-03;2023-04;2023-12;2024-02;2024-03;2024-08,18,0.857142857143,0.3,5.7619047619,,52
LNGN0059,Chaozhou LNG Terminal (Huaying),China,importer,counterparty_hhi_terminal,60,12,0.2,12,12,0.916806895281,1,0.500652152521,1,2021-07;2021-12;2022-04;2022-05;2022-09;2022-10;2023-08;2023-10;2023-12;2024-04,10,0.833333333333,0.166666666667,8.08333333333,,53
LNGN0150,Guangxi LNG Terminal,China,importer,counterparty_hhi_terminal,60,20,0.333333333333,20,20,0.916763953813,1,0.333587646484,1,2020-01;2020-05;2020-07;2021-04;2021-05;2021-07;2021-08;2021-09;2021-10;2021-11;2022-09;2023-05;2023-12;2024-02;2024-03;2024-08;2024-10,17,0.85,0.283333333333,8.65,,54
LNGN0143,Gorontalo FSRU,Indonesia,importer,counterparty_hhi_terminal,60,6,0.1,6,6,0.916666666667,1,0.5,1,2023-03;2023-05;2023-08;2023-09;2024-09,5,0.833333333333,0.0833333333333,9,,55
LNGN0156,Gwangyang LNG Terminal,South Korea,importer,counterparty_hhi_terminal,60,21,0.35,21,21,0.909514986617,1,0.5,1,2020-11;2021-06;2022-02;2022-03;2022-04;2022-06;2022-11;2023-01;2023-03;2023-10;2024-01;2024-02;2024-04;2024-06;2024-07;2024-08;2024-09,17,0.809523809524,0.283333333333,8.47619047619,,56
LNGN0472,Zhoushan LNG Terminal,China,importer,counterparty_hhi_terminal,60,37,0.616666666667,37,37,0.906839882425,1,0.500076207895,1,2020-01;2020-05;2020-06;2020-08;2020-10;2020-11;2021-03;2021-04;2021-06;2021-07;2021-09;2021-10;2021-11;2021-12;2022-02;2022-03;2022-06;2022-09;2022-10;2022-12;2023-01;2023-03;2023-04;2023-05;2023-10;2023-12;2024-02;2024-03;2024-04;2024-08,30,0.810810810811,0.5,7.75675675676,,57
LNGN0182,Inkoo FSRU,Finland,importer,counterparty_hhi_terminal,60,14,0.233333333333,14,14,0.903277951477,1,0.500477107463,1,2023-02;2023-03;2023-06;2023-07;2023-08;2023-09;2023-10;2024-01;2024-04;2024-05,10,0.714285714286,0.166666666667,12.0714285714,,58
LNGN0210,Krk FSRU,Croatia,importer,counterparty_hhi_terminal,60,45,0.75,45,45,0.899233809778,1,0.404599859432,1,2020-03;2020-04;2020-05;2020-06;2020-08;2020-11;2020-12;2021-02;2021-03;2021-04;2021-05;2021-07;2021-09;2021-11;2022-01;2022-04;2022-05;2022-06;2022-10;2022-11;2022-12;2023-01;2023-03;2023-04;2023-06;2023-08;2023-10;2023-11;2024-01;2024-02;2024-03;2024-09;2024-10;2024-11;2024-12,35,0.777777777778,0.583333333333,9.68888888889,,59
LNGN0222,Lysekil LNG Terminal,Sweden,importer,counterparty_hhi_terminal,60,28,0.466666666667,28,28,0.896585283702,1,0.5,1,2020-01;2020-02;2020-03;2020-05;2020-10;2020-11;2020-12;2021-02;2021-03;2021-06;2021-08;2021-10;2021-11;2021-12;2022-03;2023-01;2023-03;2023-10;2024-03;2024-05;2024-09;2024-10,22,0.785714285714,0.366666666667,9.64285714286,,60
LNGN0324,Quintero LNG Terminal,Chile,importer,counterparty_hhi_terminal,60,32,0.533333333333,32,32,0.895842571732,1,0.33336032196,1,2020-02;2020-04;2020-05;2020-09;2021-03;2021-04;2021-07;2021-08;2021-09;2022-01;2022-02;2022-05;2022-08;2022-09;2022-10;2023-02;2023-04;2023-06;2023-07;2023-08;2023-09;2023-10;2023-12;2024-02;2024-04;2024-12,26,0.8125,0.433333333333,9.5625,,61
LNGN0163,Hainan Shennan LNG Storage Facility,China,importer,counterparty_hhi_terminal,60,17,0.283333333333,17,17,0.895233287485,1,0.50047826549,1,2020-04;2020-08;2021-01;2021-10;2022-01;2022-05;2022-07;2022-09;2022-11;2023-05;2023-06;2023-10;2024-02,13,0.764705882353,0.216666666667,9.11764705882,,62
LNGN0055,Cartagena FSRU (Colombia),Colombia,importer,counterparty_hhi_terminal,60,10,0.166666666667,10,10,0.882627065249,1,0.275650817776,1,2020-07;2023-06;2023-09;2023-12;2024-01;2024-03;2024-07;2024-09,8,0.8,0.133333333333,11,,63
LNGN0208,Kochi LNG Terminal,India,importer,counterparty_hhi_terminal,60,32,0.533333333333,32,32,0.878904747759,1,0.333363379605,1,2020-06;2020-07;2020-09;2021-02;2021-04;2021-10;2022-06;2022-08;2022-12;2023-01;2023-02;2023-04;2023-07;2023-08;2023-11;2023-12;2024-02;2024-03;2024-07;2024-09;2024-11;2024-12,24,0.75,0.4,11.71875,,64
LNGN0473,Zhuhai LNG Terminal,China,importer,counterparty_hhi_terminal,60,44,0.733333333333,44,44,0.875920721569,1,0.333350525529,1,2020-03;2020-04;2020-06;2020-07;2021-02;2021-03;2021-05;2021-09;2022-01;2022-02;2022-04;2022-06;2022-07;2022-08;2022-09;2022-11;2022-12;2023-01;2023-02;2023-04;2023-05;2023-06;2023-09;2023-10;2023-11;2023-12;2024-01;2024-03;2024-04;2024-07;2024-09;2024-11;2024-12,33,0.75,0.55,10.3409090909,,65
LNGN0272,Old Harbour FSRU,Jamaica,importer,counterparty_hhi_terminal,60,12,0.2,12,12,0.875073331168,1,0.5,1,2020-04;2021-08;2022-05;2022-06;2022-07;2022-10;2023-07;2023-11;2024-01,9,0.75,0.15,11.5,,66
LNGN0130,GasPort FSRU,Pakistan,importer,counterparty_hhi_terminal,60,54,0.9,54,54,0.866088508303,1,0.502076410794,1,2020-03;2020-05;2020-06;2020-07;2020-08;2020-10;2021-01;2021-02;2021-03;2021-04;2021-06;2021-09;2021-10;2021-12;2022-01;2022-02;2022-05;2022-06;2022-07;2022-10;2022-11;2023-01;2023-04;2023-06;2023-08;2023-09;2023-10;2024-03;2024-04;2024-05;2024-06;2024-08;2024-09,34,0.62962962963,0.566666666667,13.0555555556,,67
LNGN0098,Dörtyol FSRU,Türkiye,importer,counterparty_hhi_terminal,60,24,0.4,24,24,0.861445685174,1,0.333368098259,1,2020-02;2020-03;2021-02;2021-11;2022-02;2022-03;2022-06;2022-09;2022-10;2023-02;2023-04;2023-07;2023-08;2023-10;2024-01;2024-04;2024-07;2024-11,18,0.75,0.3,13.0833333333,,68
LNGN0429,Toyama Shinko LNG Terminal,Japan,importer,counterparty_hhi_terminal,60,14,0.233333333333,14,14,0.86118319487,1,0.503842413888,1,2020-02;2020-11;2021-01;2021-03;2021-06;2021-08;2022-05;2022-07;2024-07;2024-12,10,0.714285714286,0.166666666667,11.7142857143,,69
LNGN0359,Senboku 2 LNG Terminal,Japan,importer,counterparty_hhi_terminal,60,46,0.766666666667,46,46,0.844175050445,1,0.333472655464,1,2020-01;2020-02;2020-03;2020-05;2020-06;2020-07;2020-08;2020-10;2021-01;2021-02;2021-03;2021-04;2021-08;2021-09;2021-10;2022-02;2022-03;2022-04;2022-06;2022-09;2022-10;2022-12;2023-01;2023-02;2023-05;2023-06;2023-07;2023-08;2023-09;2023-11;2023-12;2024-01;2024-07,33,0.717391304348,0.55,12.1304347826,,70
LNGN0248,Mugardos LNG Terminal,Spain,importer,counterparty_hhi_terminal,60,43,0.716666666667,43,43,0.840699520568,1,0.337533857915,1,2020-06;2020-11;2020-12;2021-01;2021-02;2021-04;2021-05;2021-06;2021-11;2022-01;2022-02;2022-03;2022-04;2022-06;2022-07;2022-10;2023-01;2023-04;2023-05;2023-06;2023-07;2023-09;2023-10;2023-11;2023-12;2024-02;2024-03;2024-04;2024-06,29,0.674418604651,0.483333333333,12.488372093,,71
LNGN0175,Hong Kong FSRU,Hong Kong,importer,counterparty_hhi_terminal,60,21,0.35,21,21,0.839793531227,1,0.356828992069,1,2021-07;2021-08;2021-11;2022-08;2022-11;2023-02;2023-03;2023-04;2023-08;2023-11;2024-03;2024-06;2024-10;2024-12,14,0.666666666667,0.233333333333,15.2857142857,,72
LNGN0191,Jebel Ali FLNG Terminal,United Arab Emirates,importer,counterparty_hhi_terminal,60,34,0.566666666667,34,34,0.83460598508,1,0.50084578869,1,2020-03;2020-05;2020-07;2020-08;2021-04;2021-05;2021-07;2021-08;2021-09;2021-10;2022-07;2022-10;2022-12;2023-02;2023-04;2023-09;2023-10;2024-02;2024-03;2024-08,21,0.617647058824,0.35,14.8529411765,,73
LNGN0025,Arun LNG Import Terminal,Indonesia,importer,counterparty_hhi_terminal,60,15,0.25,15,15,0.829942526498,1,0.387037574253,1,2021-08;2023-04;2023-05;2023-06;2024-02;2024-04;2024-05;2024-07;2024-11;2024-12,10,0.666666666667,0.166666666667,13.1333333333,,74
LNGN0363,Shandong LNG Terminal,China,importer,counterparty_hhi_terminal,60,38,0.633333333333,38,38,0.8261128858,1,0.333645377735,1,2020-01;2020-02;2020-07;2020-09;2020-10;2020-11;2021-02;2021-04;2021-05;2021-08;2021-11;2021-12;2022-02;2022-03;2022-05;2022-06;2022-08;2022-10;2022-11;2022-12;2023-01;2023-05;2023-09;2024-01;2024-12,25,0.657894736842,0.416666666667,14.1315789474,,75
LNGN0442,Wilhelmshaven FSRU,Germany,importer,counterparty_hhi_terminal,60,18,0.3,18,18,0.82427817703,1,0.334216242004,1,2023-01;2023-04;2023-05;2023-09;2024-02;2024-03;2024-04;2024-05;2024-07;2024-08;2024-11;2024-12,12,0.666666666667,0.2,15.7222222222,,76
LNGN0207,Klaipeda FSRU,Lithuania,importer,counterparty_hhi_terminal,60,50,0.833333333333,50,50,0.818559121812,1,0.25005496936,1,2020-01;2020-02;2020-03;2020-04;2020-07;2020-08;2020-09;2020-10;2020-11;2020-12;2021-02;2021-05;2021-06;2021-07;2021-09;2021-12;2022-01;2022-02;2022-08;2022-09;2022-10;2022-11;2023-03;2023-06;2023-07;2023-10;2023-12;2024-01;2024-03;2024-04;2024-06;2024-08,32,0.64,0.533333333333,14.68,,77
LNGN0331,Revithoussa LNG Terminal,Greece,importer,counterparty_hhi_terminal,60,36,0.6,36,36,0.800923604863,1,0.250653084968,1,2020-02;2020-03;2020-06;2020-09;2020-11;2021-03;2021-04;2021-05;2021-06;2021-11;2021-12;2022-02;2022-09;2022-10;2022-11;2023-01;2023-02;2023-03;2023-05;2023-09;2024-01;2024-02;2024-08,23,0.638888888889,0.383333333333,16,,78
LNGN0391,Summit FSRU,Bangladesh,importer,counterparty_hhi_terminal,60,5,0.0833333333333,5,5,0.80006268423,1,0.5,1,2023-03;2024-02;2024-06,3,0.6,0.05,19.8,,79
LNGN0398,Taichung LNG Terminal,Taiwan,importer,counterparty_hhi_terminal,60,49,0.816666666667,49,49,0.798611008923,1,0.352744972809,1,2020-01;2020-03;2020-04;2020-06;2020-07;2020-08;2020-09;2020-10;2020-11;2020-12;2021-01;2021-02;2021-05;2021-07;2021-08;2021-10;2022-02;2022-03;2022-09;2022-10;2022-11;2023-02;2023-03;2023-04;2023-09;2023-12;2024-01;2024-05,28,0.571428571429,0.466666666667,15.9795918367,,80
LNGN0170,Higashi Niigata LNG Terminal,Japan,importer,counterparty_hhi_terminal,60,25,0.416666666667,25,25,0.788871353587,1,0.204101560041,1,2020-06;2020-09;2020-10;2020-11;2021-10;2022-02;2022-12;2023-01;2023-04;2023-05;2023-06;2023-07;2023-12;2024-03;2024-09,15,0.6,0.25,16.32,,81
LNGN0076,Cove Point LNG Import Terminal,United States,importer,counterparty_hhi_terminal,60,13,0.216666666667,13,13,0.785021526847,1,0.333626284478,1,2023-05;2023-06;2024-01;2024-02;2024-03;2024-05;2024-06;2024-10,8,0.615384615385,0.133333333333,18.8461538462,,82
LNGN0238,Melaka FSRU,Malaysia,importer,counterparty_hhi_terminal,60,16,0.266666666667,16,16,0.76839324733,1,0.33602106431,1,2023-02;2023-04;2023-07;2023-11;2023-12;2024-01;2024-02;2024-04;2024-09,9,0.5625,0.15,16.8125,,83
LNGN0285,Pengerang Johor LNG Terminal,Malaysia,importer,counterparty_hhi_terminal,60,19,0.316666666667,19,19,0.767983807528,1,0.337726889986,1,2023-04;2023-08;2023-09;2023-10;2023-12;2024-02;2024-03;2024-05;2024-06;2024-07,10,0.526315789474,0.166666666667,18.5263157895,,84
LNGN0253,Nagasaki LNG Terminal,Japan,importer,counterparty_hhi_terminal,60,2,0.0333333333333,2,2,0.750000745732,0.750000745732,0.500001491464,1,2021-06,1,0.5,0.0166666666667,24.5,,85
LNGN0319,Qidong LNG Terminal,China,importer,counterparty_hhi_terminal,60,46,0.766666666667,46,46,0.744175539591,0.715529010589,0.268135610162,1,2020-01;2020-05;2020-09;2021-02;2021-11;2022-03;2022-05;2022-06;2022-07;2022-08;2022-09;2023-02;2023-05;2023-10;2023-11;2024-01;2024-02;2024-03;2024-04;2024-07;2024-10;2024-12,22,0.478260869565,0.366666666667,20.1739130435,,86
LNGN0449,Xintian Tangshan LNG Terminal,China,importer,counterparty_hhi_terminal,60,47,0.783333333333,47,47,0.741869087192,1,0.250044325,1,2020-01;2020-06;2020-07;2020-08;2020-10;2021-05;2021-08;2022-01;2022-02;2022-03;2022-05;2022-06;2022-07;2022-08;2022-11;2023-01;2023-02;2023-04;2023-12;2024-01;2024-02;2024-03;2024-04;2024-08,24,0.510638297872,0.4,19.7872340426,,87
LNGN0040,Boryeong LNG Terminal,South Korea,importer,counterparty_hhi_terminal,60,44,0.733333333333,44,44,0.741724163387,1,0.251108811197,1,2020-01;2020-05;2020-06;2020-09;2020-11;2021-02;2021-03;2021-05;2021-07;2021-11;2022-03;2022-04;2022-07;2022-08;2022-10;2022-11;2022-12;2023-02;2023-03;2023-05;2023-12;2024-01;2024-07;2024-08,24,0.545454545455,0.4,20.2045454545,,88
LNGN0405,Tanjung Benoa FSRU,Indonesia,importer,counterparty_hhi_terminal,60,16,0.266666666667,16,16,0.741188251134,0.77893525171,0.374040027652,1,2023-08;2023-09;2023-10;2024-01;2024-05;2024-07;2024-08;2024-12,8,0.5,0.133333333333,21.0625,,89
LNGN0437,Wenzhou LNG Terminal,China,importer,counterparty_hhi_terminal,60,44,0.733333333333,44,44,0.738131154857,0.852426532266,0.337773841057,1,2020-01;2020-02;2020-03;2020-05;2020-06;2020-10;2020-11;2021-07;2022-01;2022-03;2022-06;2022-08;2022-09;2022-11;2022-12;2023-03;2023-06;2023-08;2023-12;2024-04;2024-05;2024-10,22,0.5,0.366666666667,20.3636363636,,90
LNGN0173,Himeji LNG Terminal,Japan,importer,counterparty_hhi_terminal,60,45,0.75,45,45,0.720721189689,0.593279819757,0.253337435043,1,2020-03;2020-04;2020-09;2020-11;2021-04;2021-05;2021-12;2022-02;2022-03;2022-05;2022-09;2023-01;2023-02;2023-04;2023-05;2023-06;2023-07;2023-08;2023-09;2024-01;2024-06;2024-09,22,0.488888888889,0.366666666667,20.6666666667,,91
LNGN0294,Piombino FSRU,Italy,importer,counterparty_hhi_terminal,60,11,0.183333333333,11,11,0.712796582456,0.503917335629,0.336769209707,1,2023-09;2023-12;2024-03;2024-04;2024-10,5,0.454545454545,0.0833333333333,27.0909090909,,92
LNGN0428,Toscana FSRU,Italy,importer,counterparty_hhi_terminal,60,27,0.45,27,27,0.712302144351,0.554883339522,0.333419421488,1,2020-01;2020-02;2020-07;2020-08;2020-09;2022-07;2022-08;2022-09;2022-11;2023-04;2023-07;2024-07;2024-08,13,0.481481481481,0.216666666667,21.8888888889,,93
LNGN0037,Bilbao LNG Terminal,Spain,importer,counterparty_hhi_terminal,60,58,0.966666666667,58,58,0.68480678055,0.55796563742,0.25136244065,1,2020-04;2020-08;2020-09;2020-10;2020-11;2021-01;2021-02;2021-03;2021-04;2021-05;2021-07;2021-08;2021-12;2022-06;2022-07;2022-11;2022-12;2023-11;2024-05;2024-07;2024-08;2024-10;2024-12,23,0.396551724138,0.383333333333,25.0862068966,,94
LNGN0426,Tongyoung LNG Terminal,South Korea,importer,counterparty_hhi_terminal,60,48,0.8,48,48,0.68058517377,0.544116138672,0.25000622877,1,2020-04;2020-05;2020-06;2020-07;2020-08;2020-10;2020-11;2020-12;2021-02;2021-07;2021-11;2022-04;2023-03;2023-05;2023-06;2024-02;2024-03;2024-04;2024-09;2024-11,20,0.416666666667,0.333333333333,25.0833333333,,95
LNGN0056,Cartagena LNG Terminal (Spain),Spain,importer,counterparty_hhi_terminal,60,51,0.85,51,51,0.678178681197,0.54295789528,0.231900125456,1,2020-01;2020-04;2020-05;2020-06;2020-08;2020-10;2020-11;2021-02;2021-04;2021-05;2021-06;2021-08;2022-06;2022-07;2022-08;2023-01;2023-02;2023-06;2023-11;2024-01;2024-08;2024-11,22,0.43137254902,0.366666666667,24.7254901961,,96
LNGN0232,Marmara LNG Terminal,Türkiye,importer,counterparty_hhi_terminal,60,54,0.9,54,54,0.676883734721,0.529402191136,0.327726232845,1,2020-02;2020-03;2020-05;2020-06;2020-07;2020-08;2020-09;2020-10;2020-11;2020-12;2021-04;2021-05;2021-06;2021-07;2022-01;2022-07;2022-08;2022-12;2023-09;2024-08;2024-09;2024-11;2024-12,23,0.425925925926,0.383333333333,25.537037037,,97
LNGN0474,Świnoujście Polskie LNG Terminal,Poland,importer,counterparty_hhi_terminal,60,52,0.866666666667,52,52,0.657877519778,0.538291074796,0.251863786833,1,2020-01;2020-03;2020-04;2020-07;2020-09;2020-12;2021-05;2021-07;2021-08;2021-09;2021-10;2022-01;2022-04;2022-11;2023-03;2023-11;2024-08;2024-09,18,0.346153846154,0.3,26.8846153846,,98
LNGN0347,Sagunto LNG Terminal,Spain,importer,counterparty_hhi_terminal,60,48,0.8,48,48,0.656644766964,0.574609333334,0.168065872147,1,2020-04;2020-05;2020-07;2020-10;2020-11;2020-12;2021-02;2021-04;2021-05;2021-07;2021-11;2022-02;2022-09;2022-10;2022-11;2023-04;2023-11;2023-12,18,0.375,0.3,25.9583333333,,99
LNGN0178,Huelva LNG Terminal,Spain,importer,counterparty_hhi_terminal,60,54,0.9,54,54,0.655566833964,0.50705781871,0.252665675175,1,2020-01;2020-05;2020-06;2020-08;2020-09;2020-10;2021-02;2021-03;2021-04;2021-05;2021-07;2022-09;2022-11;2023-08;2023-09;2024-03;2024-05;2024-07;2024-09;2024-11,20,0.37037037037,0.333333333333,26.0555555556,,100
LNGN0008,Al Zour LNG Import Terminal,Kuwait,importer,counterparty_hhi_terminal,60,40,0.666666666667,40,40,0.652029351107,0.614902620618,0.252719531924,1,2021-07;2021-08;2021-09;2022-02;2022-11;2022-12;2023-01;2023-02;2023-10;2023-11;2023-12;2024-02,12,0.3,0.2,27.025,,101
LNGN0136,Gibraltar LNG Terminal,Gibraltar,importer,counterparty_hhi_terminal,60,30,0.5,30,30,0.648443110521,0.503961597833,0.20009594094,1,2020-05;2021-03;2021-05;2021-06;2021-12;2022-03;2022-09;2023-02;2023-04;2023-06;2024-02;2024-06;2024-08,13,0.433333333333,0.216666666667,27.4,,102
LNGN0421,Tianjin LNG Terminal (Sinopec),China,importer,counterparty_hhi_terminal,60,51,0.85,51,51,0.641742943476,0.506981576353,0.14382106311,1,2021-02;2021-03;2021-05;2021-06;2021-08;2021-10;2022-01;2022-04;2022-05;2022-06;2022-07;2022-08;2022-11;2023-02;2023-03;2023-05;2023-08;2023-09;2024-02;2024-07;2024-08,21,0.411764705882,0.35,27.1960784314,,103
LNGN0244,Montoir LNG Terminal,France,importer,counterparty_hhi_terminal,60,59,0.983333333333,59,59,0.63292021001,0.552826708261,0.251258951703,1,2020-03;2020-05;2020-06;2021-06;2021-07;2021-08;2021-10;2021-11;2022-09;2023-03;2023-04;2023-12;2024-08,13,0.220338983051,0.216666666667,28.1186440678,,104
LNGN0385,South Hook LNG Terminal,United Kingdom,importer,counterparty_hhi_terminal,60,57,0.95,57,57,0.627451342414,0.536366277248,0.156146253709,1,2020-05;2020-06;2020-07;2020-08;2020-09;2020-11;2021-01;2021-06;2021-07;2021-08;2021-09;2021-10;2022-06;2022-07;2023-06;2023-07;2024-05;2024-07;2024-09;2024-12,21,0.368421052632,0.35,29.4210526316,,105
LNGN0460,Yokkaichi Works LNG Terminal,Japan,importer,counterparty_hhi_terminal,60,50,0.833333333333,50,50,0.618253402542,0.506399915281,0.200834514142,1,2020-04;2020-05;2020-06;2020-08;2021-04;2021-05;2021-06;2022-03;2022-04;2022-05;2022-11;2022-12;2023-07;2023-12;2024-01;2024-03;2024-05;2024-09,18,0.36,0.3,28.46,,106
LNGN0186,Izmir Aliaga LNG Terminal,Türkiye,importer,counterparty_hhi_terminal,60,53,0.883333333333,53,53,0.604245425006,0.505991823058,0.183616880734,1,2020-05;2020-09;2020-10;2021-03;2021-05;2021-06;2021-07;2021-08;2022-05;2022-07;2022-09;2022-10;2023-04;2023-06;2023-07;2023-08;2024-04;2024-09;2024-11,19,0.358490566038,0.316666666667,28.7547169811,,107
LNGN0100,Eemshaven FSRU,Netherlands,importer,counterparty_hhi_terminal,60,20,0.333333333333,20,20,0.588098753659,0.50804703609,0.284097950402,1,2022-08;2022-10;2022-12;2024-05;2024-06,5,0.25,0.0833333333333,35.55,,108
LNGN0035,Barcelona LNG Terminal,Spain,importer,counterparty_hhi_terminal,60,51,0.85,51,51,0.582020269391,0.501306266477,0.200022401314,1,2020-01;2020-03;2020-05;2020-06;2020-08;2020-11;2021-02;2021-06;2022-01;2022-10;2023-05;2024-08;2024-12,13,0.254901960784,0.216666666667,32.0784313725,,109
LNGN0230,Map Ta Phut LNG Terminal 2,Thailand,importer,counterparty_hhi_terminal,60,55,0.916666666667,55,55,0.573633353613,0.500904844661,0.169511709689,1,2020-01;2020-03;2020-06;2020-07;2020-08;2020-11;2020-12;2021-01;2021-02;2021-07;2021-10;2021-11;2022-10;2022-12;2023-01;2023-11,16,0.290909090909,0.266666666667,31.9636363636,,110
LNGN0181,Incheon LNG Terminal,South Korea,importer,counterparty_hhi_terminal,60,57,0.95,57,57,0.567162290629,0.53070002479,0.207173680045,1,2020-02;2020-04;2020-06;2020-10;2021-03;2021-09;2022-02;2022-04;2023-12;2024-12,10,0.175438596491,0.166666666667,33.3859649123,,111
LNGN0144,Grain LNG Terminal,United Kingdom,importer,counterparty_hhi_terminal,60,47,0.783333333333,47,47,0.558835762529,0.500011312728,0.138925504178,1,2020-07;2020-08;2020-11;2021-01;2023-07;2024-01;2024-06;2024-07;2024-08;2024-09;2024-11;2024-12,12,0.255319148936,0.2,32.914893617,,112
LNGN0464,Zeebrugge LNG Terminal,Belgium,importer,counterparty_hhi_terminal,60,59,0.983333333333,59,59,0.557760821817,0.530957937403,0.207592095637,1,2020-08;2020-10;2020-12;2021-01,5,0.0847457627119,0.0833333333333,35.4745762712,,113
LNGN0374,Sines LNG Terminal,Portugal,importer,counterparty_hhi_terminal,60,58,0.966666666667,58,58,0.553492548203,0.500869640817,0.2235741311,1,2020-04;2020-06;2020-07;2021-03;2021-05;2022-12;2023-12;2024-03;2024-05;2024-06;2024-09;2024-10,13,0.224137931034,0.216666666667,33.2586206897,,114
LNGN0195,Jieyang LNG Terminal (PipeChina),China,importer,counterparty_hhi_terminal,60,52,0.866666666667,52,52,0.540551582156,0.50488342681,0.180889073133,1,2020-01;2020-07;2020-08;2020-10;2021-02;2021-09;2021-11;2021-12;2022-02;2022-03;2024-05;2024-12,12,0.230769230769,0.2,35.0576923077,,115
LNGN0168,Hazira LNG Terminal,India,importer,counterparty_hhi_terminal,60,56,0.933333333333,56,56,0.536713006845,0.50425871458,0.170070530348,1,2020-09;2020-12;2021-01;2021-02;2022-02;2022-12;2023-01;2023-09;2024-05;2024-06;2024-08,11,0.196428571429,0.183333333333,34.3571428571,,116
LNGN0097,Dunkirk LNG Terminal,France,importer,counterparty_hhi_terminal,60,56,0.933333333333,56,56,0.5119711781,0.419945761614,0.183825508131,1,2020-01;2020-05;2020-07;2020-08;2020-11;2021-01;2021-05;2021-07;2021-08;2021-09;2024-12,12,0.214285714286,0.2,37.4107142857,,117
LNGN0314,Pyeongtaek LNG Terminal,South Korea,importer,counterparty_hhi_terminal,60,52,0.866666666667,52,52,0.505277728535,0.500057268183,0.159766678721,1,2020-10;2021-03;2022-04;2022-08;2024-05;2024-08;2024-09;2024-11,8,0.153846153846,0.133333333333,37.4230769231,,118
LNGN0270,Ohgishima LNG Terminal,Japan,importer,counterparty_hhi_terminal,60,54,0.9,54,54,0.493252413448,0.385718136477,0.177204535433,1,2020-01;2020-05;2020-09;2021-04;2022-05;2023-04;2023-05;2024-08;2024-12,9,0.166666666667,0.15,37.4074074074,,119
LNGN0381,Sodegaura LNG Terminal,Japan,importer,counterparty_hhi_terminal,60,58,0.966666666667,58,58,0.45900815039,0.365239250743,0.166668909995,1,2020-02;2020-05;2020-10;2021-04;2022-03;2024-08;2024-09;2024-10;2024-12,9,0.155172413793,0.15,39.5172413793,,120
LNGN0463,Yung-An LNG Terminal,Taiwan,importer,counterparty_hhi_terminal,60,57,0.95,57,57,0.434856068788,0.338041649002,0.153407679315,1,2020-01;2020-08;2022-02;2022-04;2023-03;2023-11;2024-11;2024-12,8,0.140350877193,0.133333333333,41.4912280702,,121
LNGN0121,Fos Tonkin LNG Terminal,France,importer,counterparty_hhi_terminal,60,55,0.916666666667,55,55,0.429090685644,0.349634282911,0.143808740136,1,2020-01;2020-04;2020-08;2021-02;2021-07;2024-07;2024-12,7,0.127272727273,0.116666666667,42.7454545455,,122
LNGN0132,Gate LNG Terminal,Netherlands,importer,counterparty_hhi_terminal,60,60,1,60,60,0.361760688458,0.269949380374,0.13829032327,1,2020-06;2020-08;2020-12;2021-01;2021-09,6,0.1,0.1,46.4333333333,,123
LNGN0075,Cove Point LNG Export Terminal,United States,exporter,role_specific_dependence,60,1,0.0166666666667,1,1,1,1,1,1,2024-08,1,1,0.0166666666667,1,,1
LNGN0039,Bontang LNG Terminal,Indonesia,exporter,role_specific_dependence,60,11,0.183333333333,11,11,0.924017533609,1,0.442795246467,1,2023-04;2023-10;2023-11;2023-12;2024-01;2024-07;2024-09;2024-10;2024-12,11,1,0.183333333333,3,,2
LNGN0328,Rasgas LNG Terminal 3,Qatar,exporter,role_specific_dependence,60,60,1,60,60,0.730491334006,0.723433795705,0.624154109142,0.877241081939,2020-07,60,1,1,4.43333333333,,3
LNGN0435,Vysotsk LNG Terminal,Russia,exporter,role_specific_dependence,60,59,0.983333333333,59,59,0.72593486586,0.75,0.221834819196,1,2020-01;2020-02;2020-03;2020-04;2020-05;2020-10;2020-11;2020-12;2021-01;2021-02;2021-06;2021-07;2021-08;2021-10;2021-11;2021-12;2022-01;2022-02;2022-05;2022-06;2022-07;2022-10;2022-11;2022-12;2023-01,55,0.932203389831,0.916666666667,7.10169491525,,4
LNGN0013,American LNG Hialeah Terminal,United States,exporter,role_specific_dependence,60,6,0.1,6,6,0.715548451569,0.865752608873,0.195469702196,1,2024-02;2024-05;2024-07,5,0.833333333333,0.0833333333333,8.33333333333,,5
LNGN0180,Ichthys FLNG Terminal,Australia,exporter,role_specific_dependence,60,4,0.0666666666667,4,4,0.703021237945,0.791735691229,0.228613569322,1,2024-07;2024-12,3,0.75,0.05,9,,6
LNGN0334,Risavika LNG Terminal,Norway,exporter,role_specific_dependence,60,21,0.35,21,21,0.69586349561,0.796503247469,0.0706614532221,1,2020-01;2020-02;2020-03;2021-04;2021-12;2023-01;2023-10;2023-11;2024-04;2024-05,18,0.857142857143,0.3,8.90476190476,,7
LNGN0308,Portovaya LNG Terminal,Russia,exporter,role_specific_dependence,60,18,0.3,18,18,0.671660356407,0.651802165545,0.131481842782,1,2023-02;2023-03;2023-06;2023-10;2023-11;2024-08;2024-10,15,0.833333333333,0.25,9.16666666667,,8
LNGN0452,Yamal LNG Terminal,Russia,exporter,role_specific_dependence,60,60,1,60,60,0.626891630724,0.626460504259,0.431958769361,0.876671365302,2021-01,60,1,1,7.41666666667,,9
LNGN0027,Atlantic LNG Terminal,Trinidad and Tobago,exporter,role_specific_dependence,60,56,0.933333333333,56,56,0.626030758657,0.607147560345,0.100692988048,1,2020-06;2020-08;2020-09;2020-10;2021-01;2021-02;2021-09;2021-10;2022-10;2023-02,56,1,0.933333333333,7.96428571429,,10
LNGN0026,Arzew-Bethioua LNG Terminal,Algeria,exporter,role_specific_dependence,60,60,1,60,60,0.554284585644,0.537730629793,0.184806647538,1,2020-01;2020-08;2020-12;2021-06;2024-11,56,0.933333333333,0.933333333333,10.5166666667,,11
LNGN0297,Pluto LNG Terminal,Australia,exporter,role_specific_dependence,60,60,1,60,60,0.547099335503,0.540572365438,0.268779770512,0.846953679984,2021-01,60,1,1,10.2166666667,,12
LNGN0142,Gorgon LNG Terminal,Australia,exporter,role_specific_dependence,60,58,0.966666666667,58,58,0.53064748894,0.521595577914,0.214226484632,1,2020-07;2024-12,57,0.98275862069,0.95,10.2931034483,,13
LNGN0322,Queensland Curtis LNG Terminal,Australia,exporter,role_specific_dependence,60,53,0.883333333333,53,53,0.512973983818,0.471087053205,0.127383676583,1,2020-10;2020-11;2021-02;2021-11;2022-02;2023-07;2024-09,47,0.88679245283,0.783333333333,11.7924528302,,14
LNGN0345,Sabine Pass LNG Terminal,United States,exporter,role_specific_dependence,60,60,1,60,60,0.507801067825,0.489042346862,0.220171832115,0.830847652024,2020-10,57,0.95,0.95,12.2666666667,,15
LNGN0138,Gladstone LNG Terminal,Australia,exporter,role_specific_dependence,60,1,0.0166666666667,1,1,0.5,0.5,0.5,0.5,2024-08,1,1,0.0166666666667,15,,16
LNGN0124,Freeport LNG Terminal,United States,exporter,role_specific_dependence,60,52,0.866666666667,52,52,0.498361059361,0.424781223473,0.163165081992,1,2020-06;2020-08;2023-02;2024-08;2024-09,47,0.903846153846,0.783333333333,12.6538461538,,17
LNGN0261,Nigeria LNG Terminal,Nigeria,exporter,role_specific_dependence,60,59,0.983333333333,59,59,0.494060529012,0.487408515104,0.229630114938,0.861829171873,2024-11,58,0.983050847458,0.966666666667,11.7627118644,,18
LNGN0351,Sakhalin II LNG Terminal,Russia,exporter,role_specific_dependence,60,33,0.55,33,33,0.491074457219,0.384396355353,0.141685426867,1,2021-06;2021-12;2022-05;2024-04;2024-07;2024-09;2024-10,27,0.818181818182,0.45,13.1212121212,,19
LNGN0050,Calcasieu Pass LNG Terminal,United States,exporter,role_specific_dependence,60,58,0.966666666667,58,58,0.485862622168,0.466697505115,0.220872508052,1,2024-06;2024-11,54,0.931034482759,0.9,12.1034482759,,20
LNGN0441,Wheatstone LNG Terminal,Australia,exporter,role_specific_dependence,60,55,0.916666666667,55,55,0.484723152825,0.460240563172,0.121623711703,1,2022-03;2022-12,49,0.890909090909,0.816666666667,12.5454545455,,21
LNGN0166,Hammerfest LNG Snohvit Terminal,Norway,exporter,role_specific_dependence,60,40,0.666666666667,40,40,0.478545117975,0.476318645996,0.123674859786,1,2024-09,35,0.875,0.583333333333,12.95,,22
LNGN0070,Corpus Christi LNG Terminal,United States,exporter,role_specific_dependence,60,54,0.9,54,54,0.460609718524,0.420616451868,0.140541644152,1,2020-04;2020-05;2020-08,52,0.962962962963,0.866666666667,13.3333333333,,23
LNGN0378,Skikda LNG Terminal,Algeria,exporter,role_specific_dependence,60,46,0.766666666667,46,46,0.451527185699,0.401137952311,0.086880173254,1,2020-08;2021-02;2021-04,38,0.826086956522,0.633333333333,13.1304347826,,24
LNGN0083,Damietta SEGAS LNG Terminal,Egypt,exporter,role_specific_dependence,60,27,0.45,27,27,0.449839594165,0.395076830767,0.182129050091,1,2021-06;2023-11,25,0.925925925926,0.416666666667,12.5925925926,,25
LNGN0312,Punta Europa LNG Terminal,Equatorial Guinea,exporter,role_specific_dependence,60,37,0.616666666667,37,37,0.44581744572,0.345696827845,0.103271415094,1,2021-08;2021-11;2022-02;2022-08;2023-07;2024-05,27,0.72972972973,0.45,14.2972972973,,26
LNGN0103,Elba Island LNG Terminal,United States,exporter,role_specific_dependence,60,37,0.616666666667,37,37,0.441352580639,0.272476104584,0.094137107929,1,2020-09;2020-12;2021-06;2021-07;2022-10;2023-04;2024-09;2024-10,21,0.567567567568,0.35,14.9459459459,,27
LNGN0423,Tiga Malaysia LNG Terminal,Malaysia,exporter,role_specific_dependence,60,33,0.55,33,33,0.433256186005,0.339744763975,0.0505311384104,1,2022-07;2022-10;2023-01;2024-07,23,0.69696969697,0.383333333333,15.5757575758,,28
LNGN0085,Das Island LNG Terminal,United Arab Emirates,exporter,role_specific_dependence,60,59,0.983333333333,59,59,0.420198730015,0.390639746606,0.1188047712,1,2020-02;2022-02,52,0.881355932203,0.866666666667,14.4915254237,,29
LNGN0288,Peru LNG Terminal,Peru,exporter,role_specific_dependence,60,11,0.183333333333,11,11,0.417979366946,0.247264459287,0.0814895532288,1,2023-06;2023-08;2024-06,5,0.454545454545,0.0833333333333,17.6363636364,,30
LNGN0101,Egyptian LNG Terminal,Egypt,exporter,role_specific_dependence,60,18,0.3,18,18,0.406646422363,0.335021058846,0.104795261409,1,2022-03;2024-06,11,0.611111111111,0.183333333333,16.4444444444,,31
LNGN0309,Prelude FLNG Terminal,Australia,exporter,role_specific_dependence,60,31,0.516666666667,31,31,0.381219038829,0.304115522114,0.112948569969,1,2021-11;2024-12,19,0.612903225806,0.316666666667,17.0322580645,,32
LNGN0274,Oman Qalhat LNG Terminal,Oman,exporter,role_specific_dependence,60,31,0.516666666667,31,31,0.380704613785,0.310611146716,0.09321783783,1,2022-02;2022-04;2022-09;2024-06,19,0.612903225806,0.316666666667,16.7096774194,,33
LNGN0052,Cameroon FLNG Terminal,Cameroon,exporter,role_specific_dependence,60,32,0.533333333333,32,32,0.350262277908,0.282838770393,0.0975286574508,1,2020-05;2021-08;2022-11;2024-02,17,0.53125,0.283333333333,17.25,,34
LNGN0206,Kiyanly LNG Terminal,Turkmenistan,exporter,role_specific_dependence,60,16,0.266666666667,16,16,0.325265945651,0.242022098212,0.0740774309598,0.788302788548,2024-12,7,0.4375,0.116666666667,20.125,,35
LNGN0069,Coral South FLNG Terminal,Mozambique,exporter,role_specific_dependence,60,1,0.0166666666667,1,1,0.149974142389,0.149974142389,0.149974142389,0.149974142389,2023-02,0,0,0,26,,36
LNGN0004,Acajutla FSRU,El Salvador,importer,role_specific_dependence,60,3,0.05,3,3,1,1,1,1,2022-08;2023-03;2024-12,3,1,0.05,1,,1
LNGN0006,Ain Sokhna Hoegh FSRU,Egypt,importer,role_specific_dependence,60,3,0.05,3,3,1,1,1,1,2022-03;2023-03;2023-06,3,1,0.05,1,,1
LNGN0008,Al Zour LNG Import Terminal,Kuwait,importer,role_specific_dependence,60,40,0.666666666667,40,40,1,1,1,1,2021-07;2021-08;2021-09;2021-10;2021-11;2021-12;2022-02;2022-03;2022-04;2022-05;2022-06;2022-07;2022-08;2022-09;2022-10;2022-11;2022-12;2023-01;2023-02;2023-03;2023-04;2023-05;2023-06;2023-07;2023-08;2023-09;2023-10;2023-11;2023-12;2024-01;2024-02;2024-03;2024-04;2024-05;2024-06;2024-07;2024-08;2024-09;2024-10;2024-11,40,1,0.666666666667,1,,1
LNGN0017,Aqaba Jordan FSRU,Jordan,importer,role_specific_dependence,60,2,0.0333333333333,2,2,1,1,1,1,2020-05;2024-10,2,1,0.0333333333333,1,,1
LNGN0055,Cartagena FSRU (Colombia),Colombia,importer,role_specific_dependence,60,10,0.166666666667,10,10,1,1,1,1,2020-07;2023-06;2023-09;2023-12;2024-01;2024-02;2024-03;2024-04;2024-07;2024-09,10,1,0.166666666667,1,,1
LNGN0074,Costa Norte LNG Terminal,Panama,importer,role_specific_dependence,60,12,0.2,12,12,1,1,1,1,2020-11;2021-05;2022-01;2022-02;2022-07;2023-05;2023-07;2023-11;2024-01;2024-02;2024-03;2024-07,12,1,0.2,1,,1
LNGN0087,Delimara FSRU,Malta,importer,role_specific_dependence,60,4,0.0666666666667,4,4,1,1,1,1,2022-06;2023-07;2023-11;2024-01,4,1,0.0666666666667,1,,1
LNGN0109,Escobar FSRU,Argentina,importer,role_specific_dependence,60,6,0.1,6,6,1,1,1,1,2023-02;2023-04;2023-07;2023-09;2024-05;2024-06,6,1,0.1,1,,1
LNGN0122,Fredrikstad LNG Terminal,Norway,importer,role_specific_dependence,60,12,0.2,12,12,1,1,1,1,2020-11;2021-08;2021-11;2022-04;2022-07;2022-10;2022-11;2023-01;2023-07;2023-11;2023-12;2024-04,12,1,0.2,1,,1
LNGN0130,GasPort FSRU,Pakistan,importer,role_specific_dependence,60,54,0.9,54,54,1,1,1,1,2020-01;2020-02;2020-03;2020-04;2020-05;2020-06;2020-07;2020-08;2020-09;2020-10;2020-11;2021-01;2021-02;2021-03;2021-04;2021-05;2021-06;2021-07;2021-09;2021-10;2021-11;2021-12;2022-01;2022-02;2022-03;2022-04;2022-05;2022-06;2022-07;2022-08;2022-09;2022-10;2022-11;2022-12;2023-01;2023-02;2023-03;2023-04;2023-05;2023-06;2023-07;2023-08;2023-09;2023-10;2023-11;2023-12;2024-01;2024-02;2024-03;2024-04;2024-05;2024-06;2024-08;2024-09,54,1,0.9,1,,1
LNGN0136,Gibraltar LNG Terminal,Gibraltar,importer,role_specific_dependence,60,30,0.5,30,30,1,1,1,1,2020-05;2021-01;2021-03;2021-05;2021-06;2021-07;2021-08;2021-12;2022-02;2022-03;2022-09;2023-02;2023-04;2023-05;2023-06;2023-08;2023-09;2023-10;2023-11;2023-12;2024-01;2024-02;2024-03;2024-05;2024-06;2024-07;2024-08;2024-10;2024-11;2024-12,30,1,0.5,1,,1
LNGN0175,Hong Kong FSRU,Hong Kong,importer,role_specific_dependence,60,21,0.35,21,21,1,1,1,1,2021-07;2021-08;2021-11;2022-08;2022-11;2023-02;2023-03;2023-04;2023-06;2023-08;2023-10;2023-11;2023-12;2024-01;2024-03;2024-05;2024-06;2024-08;2024-09;2024-10;2024-12,21,1,0.35,1,,1
LNGN0191,Jebel Ali FLNG Terminal,United Arab Emirates,importer,role_specific_dependence,60,34,0.566666666667,34,34,1,1,1,1,2020-03;2020-05;2020-06;2020-07;2020-08;2021-04;2021-05;2021-06;2021-07;2021-08;2021-09;2021-10;2022-07;2022-10;2022-12;2023-02;2023-03;2023-04;2023-05;2023-06;2023-07;2023-08;2023-09;2023-10;2023-12;2024-01;2024-02;2024-03;2024-05;2024-06;2024-07;2024-08;2024-09;2024-10,34,1,0.566666666667,1,,1
LNGN0207,Klaipeda FSRU,Lithuania,importer,role_specific_dependence,60,50,0.833333333333,50,50,1,1,1,1,2020-01;2020-02;2020-03;2020-04;2020-05;2020-06;2020-07;2020-08;2020-09;2020-10;2020-11;2020-12;2021-02;2021-03;2021-05;2021-06;2021-07;2021-09;2021-12;2022-01;2022-02;2022-03;2022-04;2022-05;2022-06;2022-07;2022-08;2022-09;2022-10;2022-11;2022-12;2023-01;2023-02;2023-03;2023-04;2023-05;2023-06;2023-07;2023-08;2023-09;2023-10;2023-11;2023-12;2024-01;2024-02;2024-03;2024-04;2024-06;2024-08;2024-12,50,1,0.833333333333,1,,1
LNGN0210,Krk FSRU,Croatia,importer,role_specific_dependence,60,45,0.75,45,45,1,1,1,1,2020-03;2020-04;2020-05;2020-06;2020-08;2020-11;2020-12;2021-02;2021-03;2021-04;2021-05;2021-07;2021-09;2021-11;2022-01;2022-04;2022-05;2022-06;2022-10;2022-11;2022-12;2023-01;2023-02;2023-03;2023-04;2023-05;2023-06;2023-07;2023-08;2023-09;2023-10;2023-11;2023-12;2024-01;2024-02;2024-03;2024-04;2024-05;2024-06;2024-07;2024-08;2024-09;2024-10;2024-11;2024-12,45,1,0.75,1,,1
LNGN0230,Map Ta Phut LNG Terminal 2,Thailand,importer,role_specific_dependence,60,55,0.916666666667,55,55,1,1,1,1,2020-01;2020-02;2020-03;2020-05;2020-06;2020-07;2020-08;2020-11;2020-12;2021-01;2021-02;2021-03;2021-04;2021-05;2021-06;2021-07;2021-08;2021-09;2021-10;2021-11;2022-01;2022-02;2022-03;2022-04;2022-05;2022-06;2022-07;2022-08;2022-10;2022-11;2022-12;2023-01;2023-02;2023-03;2023-04;2023-05;2023-06;2023-07;2023-08;2023-09;2023-10;2023-11;2023-12;2024-01;2024-02;2024-03;2024-04;2024-05;2024-06;2024-07;2024-08;2024-09;2024-10;2024-11;2024-12,55,1,0.916666666667,1,,1
LNGN0243,Montego Bay LNG Terminal,Jamaica,importer,role_specific_dependence,60,1,0.0166666666667,1,1,1,1,1,1,2024-08,1,1,0.0166666666667,1,,1
LNGN0272,Old Harbour FSRU,Jamaica,importer,role_specific_dependence,60,12,0.2,12,12,1,1,1,1,2020-04;2021-08;2022-05;2022-06;2022-07;2022-10;2022-11;2023-04;2023-07;2023-11;2024-01;2024-02,12,1,0.2,1,,1
LNGN0290,Philippines LNG Terminal,Philippines,importer,role_specific_dependence,60,2,0.0333333333333,2,2,1,1,1,1,2023-10;2023-11,2,1,0.0333333333333,1,,1
LNGN0291,Pichilingue LNG Terminal,Mexico,importer,role_specific_dependence,60,13,0.216666666667,13,13,1,1,1,1,2020-01;2020-02;2020-05;2020-07;2020-08;2020-10;2020-11;2022-12;2023-04;2023-12;2024-01;2024-06;2024-11,13,1,0.216666666667,1,,1
LNGN0331,Revithoussa LNG Terminal,Greece,importer,role_specific_dependence,60,36,0.6,36,36,1,1,1,1,2020-02;2020-03;2020-05;2020-06;2020-07;2020-09;2020-11;2021-03;2021-04;2021-05;2021-06;2021-11;2021-12;2022-01;2022-02;2022-05;2022-06;2022-07;2022-08;2022-09;2022-10;2022-11;2022-12;2023-01;2023-02;2023-03;2023-04;2023-05;2023-06;2023-09;2023-12;2024-01;2024-02;2024-04;2024-08;2024-12,36,1,0.6,1,,1
LNGN0348,Saint John LNG Terminal,Canada,importer,role_specific_dependence,60,6,0.1,6,6,1,1,1,1,2020-01;2020-09;2021-01;2021-02;2023-08;2024-01,6,1,0.1,1,,1
LNGN0361,Sepetiba Bay FSRU,Brazil,importer,role_specific_dependence,60,1,0.0166666666667,1,1,1,1,1,1,2020-06,1,1,0.0166666666667,1,,1
LNGN0374,Sines LNG Terminal,Portugal,importer,role_specific_dependence,60,58,0.966666666667,58,58,1,1,1,1,2020-01;2020-02;2020-03;2020-04;2020-06;2020-07;2020-08;2020-09;2020-10;2020-11;2020-12;2021-01;2021-02;2021-03;2021-04;2021-05;2021-06;2021-07;2021-08;2021-09;2021-10;2021-12;2022-01;2022-02;2022-03;2022-04;2022-05;2022-06;2022-07;2022-08;2022-09;2022-10;2022-11;2022-12;2023-01;2023-02;2023-03;2023-04;2023-05;2023-06;2023-07;2023-08;2023-09;2023-10;2023-11;2023-12;2024-01;2024-02;2024-03;2024-04;2024-05;2024-06;2024-07;2024-08;2024-09;2024-10;2024-11;2024-12,58,1,0.966666666667,1,,1
LNGN0391,Summit FSRU,Bangladesh,importer,role_specific_dependence,60,5,0.0833333333333,5,5,1,1,1,1,2023-03;2023-05;2023-06;2024-02;2024-06,5,1,0.0833333333333,1,,1
LNGN0464,Zeebrugge LNG Terminal,Belgium,importer,role_specific_dependence,60,59,0.983333333333,59,59,1,1,1,1,2020-01;2020-02;2020-03;2020-04;2020-05;2020-06;2020-08;2020-09;2020-10;2020-11;2020-12;2021-01;2021-02;2021-03;2021-04;2021-05;2021-06;2021-07;2021-08;2021-09;2021-10;2021-11;2021-12;2022-01;2022-02;2022-03;2022-04;2022-05;2022-06;2022-07;2022-08;2022-09;2022-10;2022-11;2022-12;2023-01;2023-02;2023-03;2023-04;2023-05;2023-06;2023-07;2023-08;2023-09;2023-10;2023-11;2023-12;2024-01;2024-02;2024-03;2024-04;2024-05;2024-06;2024-07;2024-08;2024-09;2024-10;2024-11;2024-12,59,1,0.983333333333,1,,1
LNGN0474,Świnoujście Polskie LNG Terminal,Poland,importer,role_specific_dependence,60,52,0.866666666667,52,52,1,1,1,1,2020-01;2020-03;2020-04;2020-05;2020-07;2020-08;2020-09;2020-10;2020-12;2021-03;2021-04;2021-05;2021-06;2021-07;2021-08;2021-09;2021-10;2021-11;2021-12;2022-01;2022-02;2022-03;2022-04;2022-05;2022-06;2022-07;2022-08;2022-09;2022-10;2022-11;2022-12;2023-01;2023-02;2023-03;2023-04;2023-05;2023-06;2023-07;2023-08;2023-09;2023-10;2023-11;2023-12;2024-01;2024-02;2024-03;2024-04;2024-05;2024-06;2024-07;2024-08;2024-09,52,1,0.866666666667,1,,1
LNGN0258,New Fortress Barcarena FSRU,Brazil,importer,role_specific_dependence,60,11,0.183333333333,11,11,0.954675696796,1,0.501432664756,1,2021-02;2022-05;2022-08;2023-03;2023-05;2023-06;2023-11;2024-01;2024-05;2024-09,11,1,0.183333333333,2.54545454545,,28
LNGN0132,Gate LNG Terminal,Netherlands,importer,role_specific_dependence,60,60,1,60,60,0.910398270036,1,0.40989573029,1,2020-01;2020-02;2020-03;2020-04;2020-05;2020-06;2020-07;2020-08;2020-09;2020-10;2020-11;2020-12;2021-01;2021-02;2021-03;2021-04;2021-05;2021-06;2021-07;2021-08;2021-09;2021-10;2021-11;2021-12;2022-01;2022-02;2022-03;2022-04;2022-05;2022-06;2022-07;2022-09;2022-11;2023-01;2024-01;2024-07;2024-09;2024-10;2024-11;2024-12,51,0.85,0.85,7.4,,29
LNGN0362,Sergipe FSRU,Brazil,importer,role_specific_dependence,60,9,0.15,9,9,0.887707339672,1,0.479041916168,1,2020-09;2020-10;2020-11;2021-03;2021-11;2021-12;2024-04,8,0.888888888889,0.133333333333,5.55555555556,,30
LNGN0182,Inkoo FSRU,Finland,importer,role_specific_dependence,60,14,0.233333333333,14,14,0.825252744087,0.859038847603,0.389509742407,1,2024-02,12,0.857142857143,0.2,18.2142857143,,31
LNGN0112,Everett Marine Terminal,United States,importer,role_specific_dependence,60,16,0.266666666667,16,16,0.786647906208,1,0.229352555274,1,2020-01;2020-07;2020-09;2021-02;2021-11;2022-03;2022-06;2022-08;2023-01;2023-11,11,0.6875,0.183333333333,11.6875,,32
LNGN0324,Quintero LNG Terminal,Chile,importer,role_specific_dependence,60,32,0.533333333333,32,32,0.786284476716,1,0.314443132625,1,2020-04;2020-05;2020-09;2021-04;2021-09;2022-01;2022-02;2022-04;2022-08;2022-10;2023-02;2023-04;2023-07;2023-12;2024-02;2024-04;2024-05,23,0.71875,0.383333333333,10.28125,,33
LNGN0287,Penuelas LNG Terminal,United States,importer,role_specific_dependence,60,18,0.3,18,18,0.77002909433,1,0.229453892426,1,2020-02;2020-08;2020-12;2021-01;2021-08;2021-09;2021-10;2022-02;2023-02;2023-03;2023-07,12,0.666666666667,0.2,11.8888888889,,34
LNGN0307,Porto do Açu FSRU,Brazil,importer,role_specific_dependence,60,5,0.0833333333333,5,5,0.766380133715,1,0.333333333333,1,2021-08;2021-10;2023-12,4,0.8,0.0666666666667,9.2,,35
LNGN0427,Tornio Manga LNG Terminal,Finland,importer,role_specific_dependence,60,48,0.8,48,48,0.754652683461,1,0.0348108609886,1,2020-01;2020-02;2020-03;2020-04;2020-05;2020-07;2020-08;2020-10;2020-11;2020-12;2021-01;2021-02;2021-03;2021-04;2021-05;2021-06;2021-08;2021-09;2021-10;2021-11;2021-12;2022-01;2022-02;2022-03;2022-04;2022-05;2022-06;2022-07;2022-08;2022-10;2022-12;2023-01;2023-12,35,0.729166666667,0.583333333333,14.9583333333,,36
LNGN0428,Toscana FSRU,Italy,importer,role_specific_dependence,60,27,0.45,27,27,0.746265800221,0.698602794411,0.265095729013,1,2021-03;2021-12;2022-01;2022-03;2022-07;2022-09;2022-12;2023-02;2024-07;2024-08,20,0.740740740741,0.333333333333,13.2592592593,,37
LNGN0299,Pori LNG Terminal,Finland,importer,role_specific_dependence,60,6,0.1,6,6,0.741795141132,1,0.117437513456,1,2023-04;2024-06;2024-08;2024-12,4,0.666666666667,0.0666666666667,12.1666666667,,38
LNGN0442,Wilhelmshaven FSRU,Germany,importer,role_specific_dependence,60,18,0.3,18,18,0.741305826014,0.682437641205,0.333333333333,1,2023-01;2023-05;2023-09;2024-02;2024-07;2024-08;2024-11,9,0.5,0.15,15.1666666667,,39
LNGN0044,Brunnsviksholme LNG Terminal,Sweden,importer,role_specific_dependence,60,28,0.466666666667,28,28,0.735729022486,0.796441023163,0.280321706656,1,2021-04;2023-02;2023-04;2023-05;2023-07;2023-09;2023-11;2023-12;2024-02;2024-04;2024-07;2024-08;2024-11,18,0.642857142857,0.3,12.75,,40
LNGN0222,Lysekil LNG Terminal,Sweden,importer,role_specific_dependence,60,28,0.466666666667,28,28,0.7285566918,0.719077784102,0.2,1,2020-01;2020-02;2020-03;2020-05;2020-07;2020-08;2020-11;2020-12;2021-02;2021-03;2021-05;2021-09;2021-10,20,0.714285714286,0.333333333333,13,,41
LNGN0385,South Hook LNG Terminal,United Kingdom,importer,role_specific_dependence,60,57,0.95,57,57,0.712671213718,0.69896366269,0.246482100206,1,2020-04;2020-05;2020-09;2021-06;2021-07;2021-08;2022-02;2022-05;2022-07;2023-06;2024-03;2024-04;2024-10,45,0.789473684211,0.75,14.9122807018,,42
LNGN0076,Cove Point LNG Import Terminal,United States,importer,role_specific_dependence,60,13,0.216666666667,13,13,0.709197502019,0.566037735849,0.537505972289,1,2024-06;2024-07;2024-08;2024-09,6,0.461538461538,0.1,16.7692307692,,43
LNGN0237,Mejillones LNG Terminal,Chile,importer,role_specific_dependence,60,25,0.416666666667,25,25,0.673555869804,0.504322766571,0.249048988648,1,2020-01;2020-03;2020-07;2020-12;2021-02;2021-12;2022-07;2023-01;2024-01;2024-10,14,0.56,0.233333333333,15.32,,44
LNGN0463,Yung-An LNG Terminal,Taiwan,importer,role_specific_dependence,60,57,0.95,57,57,0.668571532173,0.660595706609,0.224944539536,1,2020-02;2020-05;2021-11;2022-01;2024-06;2024-07;2024-08;2024-09;2024-10;2024-11;2024-12,34,0.59649122807,0.566666666667,16.7894736842,,45
LNGN0031,Bahia FSRU,Brazil,importer,role_specific_dependence,60,2,0.0333333333333,2,2,0.666666666666,0.666666666666,0.333333333333,1,2024-11,1,0.5,0.0166666666667,12.5,,46
LNGN0238,Melaka FSRU,Malaysia,importer,role_specific_dependence,60,16,0.266666666667,16,16,0.66059188541,0.654421307919,0.33045922437,1,2023-02;2024-04,7,0.4375,0.116666666667,20.3125,,47
LNGN0294,Piombino FSRU,Italy,importer,role_specific_dependence,60,11,0.183333333333,11,11,0.602118088032,0.512518409426,0.328820116054,1,2023-12,3,0.272727272727,0.05,23,,48
LNGN0165,Hamina LNG Terminal,Finland,importer,role_specific_dependence,60,3,0.05,3,3,0.590787309957,0.560643413313,0.329156030015,0.882562486544,2024-07,2,0.666666666667,0.0333333333333,22.6666666667,,49
LNGN0148,Guanabara Bay FSRU,Brazil,importer,role_specific_dependence,60,4,0.0666666666667,4,4,0.585991819071,0.505316971475,0.333333333333,1,2021-06,1,0.25,0.0166666666667,17.5,,50
LNGN0168,Hazira LNG Terminal,India,importer,role_specific_dependence,60,56,0.933333333333,56,56,0.579119890108,0.575927126489,0.0682151492916,1,2020-04;2020-11;2021-06;2021-07;2022-05;2023-06,36,0.642857142857,0.6,20.2857142857,,51
LNGN0278,Panigaglia LNG Terminal,Italy,importer,role_specific_dependence,60,31,0.516666666667,31,31,0.555726594377,0.436306729988,0.0993421052632,1,2020-03;2020-04;2021-02;2021-04;2021-07;2022-04;2022-05;2022-10;2023-03;2023-08,13,0.41935483871,0.216666666667,22.6451612903,,52
LNGN0285,Pengerang Johor LNG Terminal,Malaysia,importer,role_specific_dependence,60,19,0.316666666667,19,19,0.548975254391,0.511401743796,0.144076072166,1,2023-03;2023-08;2023-09;2024-03;2024-11,6,0.315789473684,0.1,24.0526315789,,53
LNGN0025,Arun LNG Import Terminal,Indonesia,importer,role_specific_dependence,60,15,0.25,15,15,0.517552288418,0.425454918895,0.214810836836,1,2021-08;2023-04;2023-06,4,0.266666666667,0.0666666666667,23.4,,54
LNGN0045,Brunsbüttel FSRU,Germany,importer,role_specific_dependence,60,7,0.116666666667,7,7,0.511161444388,0.333333333333,0.254945054945,1,2023-07;2024-01,2,0.285714285714,0.0333333333333,25.7142857143,,55
LNGN0186,Izmir Aliaga LNG Terminal,Türkiye,importer,role_specific_dependence,60,53,0.883333333333,53,53,0.507128518603,0.5,0.166982550397,1,2023-05;2024-10,24,0.452830188679,0.4,22.6037735849,,56
LNGN0232,Marmara LNG Terminal,Türkiye,importer,role_specific_dependence,60,54,0.9,54,54,0.498962122789,0.456562570063,0.109063637349,1,2020-08;2021-04;2022-04;2022-08;2024-05,25,0.462962962963,0.416666666667,21.9444444444,,57
LNGN0405,Tanjung Benoa FSRU,Indonesia,importer,role_specific_dependence,60,16,0.266666666667,16,16,0.489761706658,0.501847007973,0.162551151177,1,2024-03,3,0.1875,0.05,26.8125,,58
LNGN0208,Kochi LNG Terminal,India,importer,role_specific_dependence,60,32,0.533333333333,32,32,0.4630881195,0.403088120985,0.112647315498,1,2024-07;2024-10;2024-11,8,0.25,0.133333333333,26.75,,59
LNGN0250,Mukran FSRU,Germany,importer,role_specific_dependence,60,9,0.15,9,9,0.453151669005,0.458294936614,0.254945054945,1,2023-03,1,0.111111111111,0.0166666666667,27.1111111111,,60
LNGN0398,Taichung LNG Terminal,Taiwan,importer,role_specific_dependence,60,49,0.816666666667,49,49,0.446763727881,0.440985407792,0.135475655025,1,2020-04;2020-11;2021-02,17,0.34693877551,0.283333333333,24.9183673469,,61
LNGN0144,Grain LNG Terminal,United Kingdom,importer,role_specific_dependence,60,47,0.783333333333,47,47,0.412292357831,0.388208565282,0.103707544724,1,2023-08;2024-06;2024-11,11,0.234042553191,0.183333333333,25.5319148936,,62
LNGN0181,Incheon LNG Terminal,South Korea,importer,role_specific_dependence,60,57,0.95,57,57,0.401122616057,0.352380865977,0.109040823354,1,2024-10;2024-12,15,0.263157894737,0.25,26.8070175439,,63
LNGN0268,Nusantara Regas Satu Terminal,Indonesia,importer,role_specific_dependence,60,10,0.166666666667,10,10,0.387910336546,0.330409684832,0.120318894277,1,2023-11,1,0.1,0.0166666666667,30.5,,64
LNGN0244,Montoir LNG Terminal,France,importer,role_specific_dependence,60,59,0.983333333333,59,59,0.384290617909,0.344521527622,0.0680684116438,1,2020-12;2024-09,14,0.237288135593,0.233333333333,27.3728813559,,65
LNGN0097,Dunkirk LNG Terminal,France,importer,role_specific_dependence,60,56,0.933333333333,56,56,0.355917910052,0.327433985385,0.107373529772,0.827073527541,2024-07,7,0.125,0.116666666667,28.2142857143,,66
LNGN0344,Sabine Pass LNG Import Terminal,United States,importer,role_specific_dependence,60,1,0.0166666666667,1,1,0.333542276484,0.333542276484,0.333542276484,0.333542276484,2024-10,0,0,0,27,,67
LNGN0314,Pyeongtaek LNG Terminal,South Korea,importer,role_specific_dependence,60,52,0.866666666667,52,52,0.315245323919,0.293859726806,0.0680431030377,0.753034893392,2024-02,5,0.0961538461538,0.0833333333333,30.2307692308,,68
LNGN0121,Fos Tonkin LNG Terminal,France,importer,role_specific_dependence,60,55,0.916666666667,55,55,0.313918151558,0.300342796871,0.127143706038,0.556077058248,2021-09,6,0.109090909091,0.1,29.4,,69
LNGN0143,Gorontalo FSRU,Indonesia,importer,role_specific_dependence,60,6,0.1,6,6,0.307758180796,0.301284699603,0.15140690955,0.520958083832,2023-08,0,0,0,34.1666666667,,70
LNGN0381,Sodegaura LNG Terminal,Japan,importer,role_specific_dependence,60,58,0.966666666667,58,58,0.298456003927,0.272129480102,0.0822552736244,1,2024-11,6,0.103448275862,0.1,30.7068965517,,71
LNGN0253,Nagasaki LNG Terminal,Japan,importer,role_specific_dependence,60,2,0.0333333333333,2,2,0.276480367127,0.276480367127,0.0533921406399,0.499568593615,2024-08,0,0,0,36.5,,72
LNGN0100,Eemshaven FSRU,Netherlands,importer,role_specific_dependence,60,20,0.333333333333,20,20,0.268805189893,0.291112726715,0.104839053767,0.59010426971,2023-04,0,0,0,37.95,,73
LNGN0037,Bilbao LNG Terminal,Spain,importer,role_specific_dependence,60,58,0.966666666667,58,58,0.249523758628,0.227741226113,0.0680991796452,0.662536468564,2024-12,6,0.103448275862,0.1,34.4137931034,,74
LNGN0270,Ohgishima LNG Terminal,Japan,importer,role_specific_dependence,60,54,0.9,54,54,0.231443009724,0.202885839799,0.0550794068149,0.67572815534,2024-06,3,0.0555555555556,0.05,35.8703703704,,75
LNGN0098,Dörtyol FSRU,Türkiye,importer,role_specific_dependence,60,24,0.4,24,24,0.215759745141,0.20329211326,0.064914278621,0.448155866752,2023-08,0,0,0,38.875,,76
LNGN0426,Tongyoung LNG Terminal,South Korea,importer,role_specific_dependence,60,48,0.8,48,48,0.214209169381,0.193735072462,0.0656574785189,0.606208014825,2024-11,2,0.0416666666667,0.0333333333333,36.2916666667,,77
LNGN0195,Jieyang LNG Terminal (PipeChina),China,importer,role_specific_dependence,60,52,0.866666666667,52,52,0.209026568888,0.212192606124,0.0519594381931,0.45056549947,2024-11,0,0,0,36.9038461538,,78
LNGN0035,Barcelona LNG Terminal,Spain,importer,role_specific_dependence,60,51,0.85,51,51,0.203793087171,0.185302835964,0.0468464189181,0.553720099709,2020-08,2,0.0392156862745,0.0333333333333,37.7058823529,,79
LNGN0178,Huelva LNG Terminal,Spain,importer,role_specific_dependence,60,54,0.9,54,54,0.197312325809,0.185961750757,0.0734789506108,0.480248221583,2021-01,1,0.0185185185185,0.0166666666667,38.1481481481,,80
LNGN0079,Dabhol LNG Terminal,India,importer,role_specific_dependence,60,21,0.35,21,21,0.197161326385,0.154134691219,0.0791140903544,0.488754967981,2020-12,3,0.142857142857,0.05,39.5238095238,,81
LNGN0319,Qidong LNG Terminal,China,importer,role_specific_dependence,60,46,0.766666666667,46,46,0.195564182172,0.203193550198,0.0313848195349,0.406072393945,2021-05,0,0,0,38.6739130435,,82
LNGN0056,Cartagena LNG Terminal (Spain),Spain,importer,role_specific_dependence,60,51,0.85,51,51,0.193302329735,0.176521374204,0.0386285681541,0.621443780919,2021-07,2,0.0392156862745,0.0333333333333,39.1568627451,,83
LNGN0251,Mundra LNG Terminal,India,importer,role_specific_dependence,60,26,0.433333333333,26,26,0.183476048229,0.157550292925,0.0779138185514,0.490622329759,2021-08,1,0.0384615384615,0.0166666666667,39.0384615385,,84
LNGN0449,Xintian Tangshan LNG Terminal,China,importer,role_specific_dependence,60,47,0.783333333333,47,47,0.182008591985,0.17148209466,0.040706215837,0.455806031105,2022-01,1,0.0212765957447,0.0166666666667,39.8936170213,,85
LNGN0108,Ennore LNG Terminal,India,importer,role_specific_dependence,60,22,0.366666666667,22,22,0.174531873725,0.163335279928,0.0847098691703,0.357835740461,2022-02,0,0,0,40.6818181818,,86
LNGN0347,Sagunto LNG Terminal,Spain,importer,role_specific_dependence,60,48,0.8,48,48,0.172207240908,0.158233478717,0.0533411655103,0.37808867795,2022-07,0,0,0,40.2916666667,,87
LNGN0190,Jawa Satu FSRU,Indonesia,importer,role_specific_dependence,60,4,0.0666666666667,4,4,0.168718979243,0.179539684993,0.100173871466,0.215622675522,2024-12,0,0,0,39.5,,88
LNGN0421,Tianjin LNG Terminal (Sinopec),China,importer,role_specific_dependence,60,51,0.85,51,51,0.153009215749,0.160782546737,0.0357468310864,0.409915821304,2020-05,0,0,0,42.6078431373,,89
LNGN0460,Yokkaichi Works LNG Terminal,Japan,importer,role_specific_dependence,60,50,0.833333333333,50,50,0.15281827207,0.141153566914,0.047118382549,0.411527900058,2024-04,0,0,0,40.88,,90
LNGN0040,Boryeong LNG Terminal,South Korea,importer,role_specific_dependence,60,44,0.733333333333,44,44,0.151557446074,0.131156574973,0.0469216182457,0.296505352636,2020-10,0,0,0,41.4772727273,,91
LNGN0473,Zhuhai LNG Terminal,China,importer,role_specific_dependence,60,44,0.733333333333,44,44,0.139501076586,0.0961349042225,0.0273702866581,0.657507231133,2024-06,1,0.0227272727273,0.0166666666667,45.5227272727,,92
LNGN0248,Mugardos LNG Terminal,Spain,importer,role_specific_dependence,60,43,0.716666666667,43,43,0.133378189563,0.128689684907,0.0479036742949,0.282897519697,2021-03,0,0,0,45.023255814,,93
LNGN0173,Himeji LNG Terminal,Japan,importer,role_specific_dependence,60,45,0.75,45,45,0.132763717862,0.116088573011,0.0510449086313,0.32427184466,2024-06,0,0,0,43.1555555556,,94
LNGN0437,Wenzhou LNG Terminal,China,importer,role_specific_dependence,60,44,0.733333333333,44,44,0.122841063055,0.113765655868,0.0330106207197,0.265572596229,2022-02,0,0,0,45.0227272727,,95
LNGN0359,Senboku 2 LNG Terminal,Japan,importer,role_specific_dependence,60,46,0.766666666667,46,46,0.106689564426,0.0926073903955,0.0387048615502,0.281121374479,2022-05,0,0,0,45.6304347826,,96
LNGN0170,Higashi Niigata LNG Terminal,Japan,importer,role_specific_dependence,60,25,0.416666666667,25,25,0.106114322109,0.0789188751284,0.0549303409057,0.272647954855,2022-01,0,0,0,46.24,,97
LNGN0156,Gwangyang LNG Terminal,South Korea,importer,role_specific_dependence,60,21,0.35,21,21,0.100395200885,0.0886111770137,0.0447362208111,0.199724517906,2024-08,0,0,0,48.1904761905,,98
LNGN0363,Shandong LNG Terminal,China,importer,role_specific_dependence,60,38,0.633333333333,38,38,0.099891909975,0.0898260451613,0.042476704335,0.287839562484,2021-01,0,0,0,47.1315789474,,99
LNGN0429,Toyama Shinko LNG Terminal,Japan,importer,role_specific_dependence,60,14,0.233333333333,14,14,0.0991977349609,0.0769681918109,0.039806670767,0.339630651666,2024-12,0,0,0,43.6428571429,,100
LNGN0354,Samcheok LNG Terminal,South Korea,importer,role_specific_dependence,60,17,0.283333333333,17,17,0.0990815920486,0.0915510884737,0.0502200156202,0.25595311645,2020-06,0,0,0,46.7058823529,,101
LNGN0372,Shin-Sendai LNG Terminal,Japan,importer,role_specific_dependence,60,16,0.266666666667,16,16,0.0779140907659,0.075389781219,0.0347032846771,0.120608256019,2021-04,0,0,0,47.25,,102
LNGN0102,El Musel LNG Terminal,Spain,importer,role_specific_dependence,60,8,0.133333333333,8,8,0.0774600536088,0.0694362142893,0.0477221552492,0.144826858264,2023-07,0,0,0,59.125,,103
LNGN0472,Zhoushan LNG Terminal,China,importer,role_specific_dependence,60,37,0.616666666667,37,37,0.0769864888967,0.0612749942678,0.0317336656906,0.263358518628,2020-03,0,0,0,50.9459459459,,104
LNGN0199,Kagoshima LNG Terminal,Japan,importer,role_specific_dependence,60,15,0.25,15,15,0.0740689408946,0.073093256162,0.0512777216263,0.100344856172,2021-11,0,0,0,52.2666666667,,105
LNGN0081,Dalian LNG Terminal,China,importer,role_specific_dependence,60,24,0.4,24,24,0.0715325117908,0.0581493174162,0.0317336656906,0.210421791654,2020-05,0,0,0,50.2083333333,,106
LNGN0150,Guangxi LNG Terminal,China,importer,role_specific_dependence,60,20,0.333333333333,20,20,0.0675959189004,0.0553000745595,0.0331220135646,0.166160081054,2024-08,0,0,0,53.2,,107
LNGN0212,Kushiro LNG Terminal,Japan,importer,role_specific_dependence,60,4,0.0666666666667,4,4,0.0674680942349,0.0693201969119,0.0511336009428,0.0800983821729,2021-12,0,0,0,48.75,,108
LNGN0163,Hainan Shennan LNG Storage Facility,China,importer,role_specific_dependence,60,17,0.283333333333,17,17,0.0667927260123,0.0543059324706,0.0265349588747,0.135947606974,2023-08,0,0,0,51.1764705882,,109
LNGN0453,Yanai LNG Terminal,Japan,importer,role_specific_dependence,60,22,0.366666666667,22,22,0.066759016694,0.0576140407263,0.037947323044,0.126164390612,2021-09,0,0,0,48.6363636364,,110
LNGN0164,Hakodate LNG Terminal,Japan,importer,role_specific_dependence,60,12,0.2,12,12,0.0664640532245,0.0613389771239,0.046006624954,0.14168190128,2024-10,0,0,0,53.4166666667,,111
LNGN0382,Sodeshi Shimizu LNG Terminal,Japan,importer,role_specific_dependence,60,7,0.116666666667,7,7,0.062206978144,0.0556582215264,0.0434640329519,0.0869209325064,2020-09,0,0,0,46.7142857143,,112
LNGN0241,Mizushima LNG Terminal,Japan,importer,role_specific_dependence,60,13,0.216666666667,13,13,0.0595796106014,0.0539919720417,0.0280877191568,0.0847420459431,2020-05,0,0,0,49.0769230769,,113
LNGN0059,Chaozhou LNG Terminal (Huaying),China,importer,role_specific_dependence,60,12,0.2,12,12,0.055547823533,0.0500572883547,0.027968488579,0.099722249112,2021-05,0,0,0,53.5833333333,,114
LNGN0425,Tobata LNG Terminal,Japan,importer,role_specific_dependence,60,12,0.2,12,12,0.0552631811836,0.0572201595338,0.0285518476029,0.0869618623318,2022-09,0,0,0,53.75,,115
LNGN0115,Fangchenggang LNG Terminal,China,importer,role_specific_dependence,60,1,0.0166666666667,1,1,0.0546643813565,0.0546643813565,0.0546643813565,0.0546643813565,2021-12,0,0,0,50,,116
LNGN0447,Wuhaogou LNG Storage Facility,China,importer,role_specific_dependence,60,7,0.116666666667,7,7,0.0544530945104,0.042580922361,0.0271917847886,0.0974398518914,2021-01,0,0,0,52.5714285714,,117
LNGN0174,Hitachi LNG Terminal,Japan,importer,role_specific_dependence,60,5,0.0833333333333,5,5,0.0521787481374,0.0529119353818,0.0410554361872,0.0628179340465,2024-02,0,0,0,52.6,,118
LNGN0262,Niihama LNG Terminal,Japan,importer,role_specific_dependence,60,1,0.0166666666667,1,1,0.0462066515479,0.0462066515479,0.0462066515479,0.0462066515479,2023-09,0,0,0,64,,119
LNGN0219,Le Havre FSRU,France,importer,role_specific_dependence,60,3,0.05,3,3,0.0433174149081,0.0438288410456,0.0414913221138,0.044632081565,2023-10,0,0,0,64.6666666667,,120
LNGN0364,Shanghai Yangshan LNG Terminal,China,importer,role_specific_dependence,60,1,0.0166666666667,1,1,0.0376219388661,0.0376219388661,0.0376219388661,0.0376219388661,2024-03,0,0,0,65,,121
LNGN0293,Pinghu LNG Terminal,China,importer,role_specific_dependence,60,9,0.15,9,9,0.0224455722789,0.0219001707483,0.0123128548667,0.0496141124587,2024-07,0,0,0,60.7777777778,,122
LNGN0176,Hongmei LNG Terminal,China,importer,role_specific_dependence,60,2,0.0333333333333,2,2,0.0215641905477,0.0215641905477,0.00892509347548,0.03420328762,2024-04,0,0,0,72.5,,123
LNGN0328,Rasgas LNG Terminal 3,Qatar,exporter,role_specific_pagerank,60,60,1,60,60,0.0911839202611,0.0903279608857,0.0329422470184,0.143439766561,2020-06,60,1,1,1.16666666667,0.0911839202611,1
LNGN0345,Sabine Pass LNG Terminal,United States,exporter,role_specific_pagerank,60,60,1,60,60,0.0449476980813,0.0414252499613,0.0142498757133,0.0731672730667,2021-02,60,1,1,3.63333333333,0.0449476980813,2
LNGN0452,Yamal LNG Terminal,Russia,exporter,role_specific_pagerank,60,60,1,60,60,0.0417917563505,0.0365315904638,0.0248253255411,0.0760101134135,2024-10,60,1,1,3.93333333333,0.0417917563505,3
LNGN0261,Nigeria LNG Terminal,Nigeria,exporter,role_specific_pagerank,60,59,0.983333333333,59,59,0.03399316677,0.0329310889756,0.014623345471,0.052627205206,2024-11,59,1,0.983333333333,5.93220338983,0.0334266139905,4
LNGN0297,Pluto LNG Terminal,Australia,exporter,role_specific_pagerank,60,60,1,60,60,0.0318690348842,0.0310851634843,0.0166767019725,0.0660710924416,2020-05,60,1,1,6.3,0.0318690348842,5
LNGN0070,Corpus Christi LNG Terminal,United States,exporter,role_specific_pagerank,60,54,0.9,54,54,0.0307750837267,0.0308645172059,0.0114759350467,0.0528676788008,2020-09,52,0.962962962963,0.866666666667,6.94444444444,0.027697575354,6
LNGN0050,Calcasieu Pass LNG Terminal,United States,exporter,role_specific_pagerank,60,58,0.966666666667,58,58,0.0277043079283,0.0283326441302,0.0118332630667,0.0439826142758,2021-12,58,1,0.966666666667,8.15517241379,0.0267808309974,7
LNGN0142,Gorgon LNG Terminal,Australia,exporter,role_specific_pagerank,60,58,0.966666666667,58,58,0.0263885756837,0.0253172662496,0.0109789205505,0.0485619100001,2020-01,57,0.98275862069,0.95,8.87931034483,0.0255089564943,8
LNGN0124,Freeport LNG Terminal,United States,exporter,role_specific_pagerank,60,52,0.866666666667,52,52,0.0249483019954,0.0249531018775,0.00894074831772,0.043418223648,2023-06,49,0.942307692308,0.816666666667,9.90384615385,0.0216218617294,9
LNGN0026,Arzew-Bethioua LNG Terminal,Algeria,exporter,role_specific_pagerank,60,60,1,60,60,0.0224991883441,0.0216911255677,0.0116517337066,0.0457778432496,2020-04,60,1,1,10.35,0.0224991883441,10
LNGN0435,Vysotsk LNG Terminal,Russia,exporter,role_specific_pagerank,60,59,0.983333333333,59,59,0.0220959142703,0.0217212859439,0.0119937743677,0.0372732759951,2021-08;2021-11,59,1,0.983333333333,10.7627118644,0.0217276490325,11
LNGN0027,Atlantic LNG Terminal,Trinidad and Tobago,exporter,role_specific_pagerank,60,56,0.933333333333,56,56,0.0207581975503,0.0199365001628,0.00873381539293,0.0410441539101,2020-03,55,0.982142857143,0.916666666667,11.7142857143,0.0193743177136,12
LNGN0166,Hammerfest LNG Snohvit Terminal,Norway,exporter,role_specific_pagerank,60,40,0.666666666667,40,40,0.0199581050509,0.0176229412431,0.00845361773215,0.0459447885336,2020-08,38,0.95,0.633333333333,12.35,0.0133054033673,13
LNGN0441,Wheatstone LNG Terminal,Australia,exporter,role_specific_pagerank,60,55,0.916666666667,55,55,0.018068807213,0.0168119763785,0.00858382960464,0.0361809929167,2020-11,50,0.909090909091,0.833333333333,13.4545454545,0.0165630732786,14
LNGN0085,Das Island LNG Terminal,United Arab Emirates,exporter,role_specific_pagerank,60,59,0.983333333333,59,59,0.0160750580384,0.0159669232304,0.00966803007223,0.0270384272259,2024-12,55,0.932203389831,0.916666666667,14.7966101695,0.0158071404044,15
LNGN0322,Queensland Curtis LNG Terminal,Australia,exporter,role_specific_pagerank,60,53,0.883333333333,53,53,0.0156569497086,0.0146239015546,0.00707287712955,0.0319033367671,2020-02,42,0.792452830189,0.7,15.6981132075,0.0138303055759,16
LNGN0075,Cove Point LNG Export Terminal,United States,exporter,role_specific_pagerank,60,1,0.0166666666667,1,1,0.0151578041818,0.0151578041818,0.0151578041818,0.0151578041818,2024-08,1,1,0.0166666666667,12,0.000252630069697,17
LNGN0039,Bontang LNG Terminal,Indonesia,exporter,role_specific_pagerank,60,11,0.183333333333,11,11,0.0151060599991,0.0123373586831,0.00946604797393,0.0265490036284,2024-10,10,0.909090909091,0.166666666667,15.3636363636,0.00276944433317,18
LNGN0378,Skikda LNG Terminal,Algeria,exporter,role_specific_pagerank,60,46,0.766666666667,46,46,0.0149551424168,0.0143443535138,0.00703168792932,0.0240027627076,2021-05,43,0.934782608696,0.716666666667,15.2608695652,0.0114656091862,19
LNGN0423,Tiga Malaysia LNG Terminal,Malaysia,exporter,role_specific_pagerank,60,33,0.55,33,33,0.01420980023,0.0138060337259,0.00817337596463,0.0266835816561,2024-09,26,0.787878787879,0.433333333333,16.8181818182,0.00781539012649,20
LNGN0180,Ichthys FLNG Terminal,Australia,exporter,role_specific_pagerank,60,4,0.0666666666667,4,4,0.0141589966916,0.0144994924032,0.00752819399155,0.0201088079686,2024-12,3,0.75,0.05,18.75,0.000943933112774,21
LNGN0083,Damietta SEGAS LNG Terminal,Egypt,exporter,role_specific_pagerank,60,27,0.45,27,27,0.0141164040595,0.0137084590462,0.00917824138276,0.0232975926844,2023-02,24,0.888888888889,0.4,15.8888888889,0.00635238182677,22
LNGN0308,Portovaya LNG Terminal,Russia,exporter,role_specific_pagerank,60,18,0.3,18,18,0.0138481228063,0.0122904916688,0.00700193363234,0.0266987330217,2024-11,12,0.666666666667,0.2,17.4444444444,0.00415443684188,23
LNGN0334,Risavika LNG Terminal,Norway,exporter,role_specific_pagerank,60,21,0.35,21,21,0.0133593720788,0.0138013860779,0.00689261037019,0.0189645420499,2020-03,17,0.809523809524,0.283333333333,17.4285714286,0.00467578022758,24
LNGN0312,Punta Europa LNG Terminal,Equatorial Guinea,exporter,role_specific_pagerank,60,37,0.616666666667,37,37,0.0130888621442,0.0131436096579,0.00682294493315,0.029095712355,2022-01,26,0.702702702703,0.433333333333,18.4054054054,0.00807146498891,25
LNGN0309,Prelude FLNG Terminal,Australia,exporter,role_specific_pagerank,60,31,0.516666666667,31,31,0.0128854863574,0.0116340478077,0.00749663435191,0.0271763965482,2024-09,20,0.645161290323,0.333333333333,18.4516129032,0.00665750128466,26
LNGN0351,Sakhalin II LNG Terminal,Russia,exporter,role_specific_pagerank,60,33,0.55,33,33,0.0128767168992,0.0123800692996,0.00717840029052,0.0206233183588,2021-04,23,0.69696969697,0.383333333333,18.3939393939,0.00708219429454,27
LNGN0013,American LNG Hialeah Terminal,United States,exporter,role_specific_pagerank,60,6,0.1,6,6,0.0127949948906,0.0129498292924,0.00818075124264,0.0181871278275,2024-04,4,0.666666666667,0.0666666666667,18,0.00127949948906,28
LNGN0206,Kiyanly LNG Terminal,Turkmenistan,exporter,role_specific_pagerank,60,16,0.266666666667,16,16,0.0121878087712,0.00873786775546,0.00718386707311,0.0297968708118,2024-11,5,0.3125,0.0833333333333,21,0.00325008233898,29
LNGN0103,Elba Island LNG Terminal,United States,exporter,role_specific_pagerank,60,37,0.616666666667,37,37,0.0120333982681,0.0110316721346,0.00698379825891,0.0223328054179,2021-06,22,0.594594594595,0.366666666667,19.0810810811,0.00742059559868,30
LNGN0274,Oman Qalhat LNG Terminal,Oman,exporter,role_specific_pagerank,60,31,0.516666666667,31,31,0.0119747503509,0.0106639431173,0.00633152576633,0.0234328752482,2022-12,16,0.516129032258,0.266666666667,19.935483871,0.00618695434798,31
LNGN0138,Gladstone LNG Terminal,Australia,exporter,role_specific_pagerank,60,1,0.0166666666667,1,1,0.0116754933068,0.0116754933068,0.0116754933068,0.0116754933068,2024-08,1,1,0.0166666666667,20,0.000194591555113,32
LNGN0101,Egyptian LNG Terminal,Egypt,exporter,role_specific_pagerank,60,18,0.3,18,18,0.0116608804659,0.0104554687497,0.00778952726401,0.0183668447251,2024-07,9,0.5,0.15,20,0.00349826413977,33
LNGN0052,Cameroon FLNG Terminal,Cameroon,exporter,role_specific_pagerank,60,32,0.533333333333,32,32,0.0101081527891,0.0093345737085,0.007326488873,0.0170270910822,2020-05,10,0.3125,0.166666666667,21.1875,0.00539101482085,34
LNGN0288,Peru LNG Terminal,Peru,exporter,role_specific_pagerank,60,11,0.183333333333,11,11,0.00993924322777,0.00837961436892,0.00718245417052,0.018190845412,2024-06,3,0.272727272727,0.05,23.5454545455,0.00182219459176,35
LNGN0069,Coral South FLNG Terminal,Mozambique,exporter,role_specific_pagerank,60,1,0.0166666666667,1,1,0.00790091417378,0.00790091417378,0.00790091417378,0.00790091417378,2023-02,0,0,0,26,0.000131681902896,36
LNGN0132,Gate LNG Terminal,Netherlands,importer,role_specific_pagerank,60,60,1,60,60,0.0194720669153,0.0177971751669,0.0117552436357,0.0362032150583,2022-09,52,0.866666666667,0.866666666667,10.8833333333,0.0194720669153,1
LNGN0361,Sepetiba Bay FSRU,Brazil,importer,role_specific_pagerank,60,1,0.0166666666667,1,1,0.0191101912986,0.0191101912986,0.0191101912986,0.0191101912986,2020-06,1,1,0.0166666666667,11,0.00031850318831,2
LNGN0243,Montego Bay LNG Terminal,Jamaica,importer,role_specific_pagerank,60,1,0.0166666666667,1,1,0.0189936940347,0.0189936940347,0.0189936940347,0.0189936940347,2024-08,1,1,0.0166666666667,8,0.000316561567245,3
LNGN0190,Jawa Satu FSRU,Indonesia,importer,role_specific_pagerank,60,4,0.0666666666667,4,4,0.0188409727661,0.0177474917242,0.0146303502548,0.0252385573611,2024-12,3,0.75,0.05,16.75,0.00125606485107,4
LNGN0121,Fos Tonkin LNG Terminal,France,importer,role_specific_pagerank,60,55,0.916666666667,55,55,0.0186553370429,0.0185094338145,0.00935850499124,0.0281745285962,2022-04,48,0.872727272727,0.8,10.6181818182,0.0171007256227,5
LNGN0463,Yung-An LNG Terminal,Taiwan,importer,role_specific_pagerank,60,57,0.95,57,57,0.0181508858824,0.0175224735065,0.00890986098314,0.0338284018253,2021-04,44,0.771929824561,0.733333333333,13.7543859649,0.0172433415883,6
LNGN0222,Lysekil LNG Terminal,Sweden,importer,role_specific_pagerank,60,28,0.466666666667,28,28,0.0179075949538,0.0166939936835,0.00915711740344,0.0286891075526,2020-07,17,0.607142857143,0.283333333333,17,0.00835687764511,7
LNGN0168,Hazira LNG Terminal,India,importer,role_specific_pagerank,60,56,0.933333333333,56,56,0.0177185682004,0.0161506065621,0.00916258576943,0.0402913273511,2020-03,37,0.660714285714,0.616666666667,17.9107142857,0.0165373303204,8
LNGN0381,Sodegaura LNG Terminal,Japan,importer,role_specific_pagerank,60,58,0.966666666667,58,58,0.0174409043021,0.0169824853536,0.00854777675243,0.0345978738463,2020-01,42,0.724137931034,0.7,14.7931034483,0.0168595408254,9
LNGN0270,Ohgishima LNG Terminal,Japan,importer,role_specific_pagerank,60,54,0.9,54,54,0.0166996754088,0.0154382486809,0.00852375525665,0.0321139463488,2024-10,38,0.703703703704,0.633333333333,17.037037037,0.015029707868,10
LNGN0031,Bahia FSRU,Brazil,importer,role_specific_pagerank,60,2,0.0333333333333,2,2,0.016467012872,0.016467012872,0.0122711527098,0.0206628730341,2024-11,1,0.5,0.0166666666667,29,0.000548900429065,11
LNGN0348,Saint John LNG Terminal,Canada,importer,role_specific_pagerank,60,6,0.1,6,6,0.0164566767532,0.0167456963208,0.0112235823945,0.0202747061946,2021-02,4,0.666666666667,0.0666666666667,13.8333333333,0.00164566767532,12
LNGN0464,Zeebrugge LNG Terminal,Belgium,importer,role_specific_pagerank,60,59,0.983333333333,59,59,0.0163679120856,0.015886137978,0.0123772436084,0.025643513353,2024-11,46,0.779661016949,0.766666666667,15.593220339,0.0160951135508,13
LNGN0097,Dunkirk LNG Terminal,France,importer,role_specific_pagerank,60,56,0.933333333333,56,56,0.016055833799,0.0153541029763,0.0103349902549,0.0309718375132,2022-07,36,0.642857142857,0.6,18.8928571429,0.0149854448791,14
LNGN0314,Pyeongtaek LNG Terminal,South Korea,importer,role_specific_pagerank,60,52,0.866666666667,52,52,0.0159388042311,0.0153461205362,0.00946679474031,0.0279646291948,2020-09,29,0.557692307692,0.483333333333,20.0192307692,0.0138136303336,15
LNGN0230,Map Ta Phut LNG Terminal 2,Thailand,importer,role_specific_pagerank,60,55,0.916666666667,55,55,0.0158297909254,0.0137104510686,0.00829354449552,0.037358624975,2024-11,27,0.490909090909,0.45,23.0727272727,0.0145106416816,16
LNGN0186,Izmir Aliaga LNG Terminal,Türkiye,importer,role_specific_pagerank,60,53,0.883333333333,53,53,0.0158132348192,0.0155050845607,0.00856574200759,0.0278058845637,2020-01,31,0.584905660377,0.516666666667,19.0943396226,0.0139683574236,17
LNGN0421,Tianjin LNG Terminal (Sinopec),China,importer,role_specific_pagerank,60,51,0.85,51,51,0.0156245281107,0.0133949827822,0.00836251243201,0.0376956393143,2020-04,24,0.470588235294,0.4,25.9607843137,0.0132808488941,18
LNGN0006,Ain Sokhna Hoegh FSRU,Egypt,importer,role_specific_pagerank,60,3,0.05,3,3,0.0155267663204,0.0162355313067,0.00955796862791,0.0207867990265,2022-03,2,0.666666666667,0.0333333333333,18.3333333333,0.000776338316019,19
LNGN0268,Nusantara Regas Satu Terminal,Indonesia,importer,role_specific_pagerank,60,10,0.166666666667,10,10,0.0155128408343,0.0152245622979,0.00853398849456,0.021586685848,2024-09,8,0.8,0.133333333333,15.8,0.00258547347238,20
LNGN0136,Gibraltar LNG Terminal,Gibraltar,importer,role_specific_pagerank,60,30,0.5,30,30,0.0155010654289,0.0129606750777,0.00928921645586,0.0391312836815,2024-11,14,0.466666666667,0.233333333333,25.1666666667,0.00775053271443,21
LNGN0232,Marmara LNG Terminal,Türkiye,importer,role_specific_pagerank,60,54,0.9,54,54,0.0154956136981,0.0146185750393,0.00969680325053,0.0248988952897,2020-12,28,0.518518518519,0.466666666667,21,0.0139460523283,22
LNGN0460,Yokkaichi Works LNG Terminal,Japan,importer,role_specific_pagerank,60,50,0.833333333333,50,50,0.0153999187288,0.0140973930691,0.00845747588296,0.0339535466478,2021-01,23,0.46,0.383333333333,22.74,0.0128332656074,23
LNGN0025,Arun LNG Import Terminal,Indonesia,importer,role_specific_pagerank,60,15,0.25,15,15,0.0151265036447,0.0131915532182,0.00860129986807,0.0255721918073,2024-09,8,0.533333333333,0.133333333333,24.5333333333,0.00378162591118,24
LNGN0427,Tornio Manga LNG Terminal,Finland,importer,role_specific_pagerank,60,48,0.8,48,48,0.0150976364761,0.0145742618914,0.00845482400739,0.028571926223,2020-04,23,0.479166666667,0.383333333333,22.0625,0.0120781091809,25
LNGN0181,Incheon LNG Terminal,South Korea,importer,role_specific_pagerank,60,57,0.95,57,57,0.0150920376467,0.0141959829621,0.00864490312499,0.0271850701562,2023-01,26,0.456140350877,0.433333333333,23.3684210526,0.0143374357643,26
LNGN0144,Grain LNG Terminal,United Kingdom,importer,role_specific_pagerank,60,47,0.783333333333,47,47,0.0150323202576,0.0148481166113,0.00820685659504,0.0246374307059,2020-10,24,0.510638297872,0.4,21.4468085106,0.0117753175351,27
LNGN0385,South Hook LNG Terminal,United Kingdom,importer,role_specific_pagerank,60,57,0.95,57,57,0.0149783097976,0.014277218404,0.00905123034695,0.0252129430141,2022-11,30,0.526315789474,0.5,24.3684210526,0.0142293943077,28
LNGN0429,Toyama Shinko LNG Terminal,Japan,importer,role_specific_pagerank,60,14,0.233333333333,14,14,0.0149393456631,0.0140846887137,0.010641903549,0.0252385573611,2024-12,4,0.285714285714,0.0666666666667,26.9285714286,0.00348584732139,29
LNGN0285,Pengerang Johor LNG Terminal,Malaysia,importer,role_specific_pagerank,60,19,0.316666666667,19,19,0.0149174229975,0.0134818383135,0.0089467462019,0.0391312836815,2024-11,9,0.473684210526,0.15,26.8421052632,0.00472385061587,30
LNGN0212,Kushiro LNG Terminal,Japan,importer,role_specific_pagerank,60,4,0.0666666666667,4,4,0.0147728131038,0.0147332984076,0.00944970485751,0.0201749507424,2021-12,2,0.5,0.0333333333333,27,0.000984854206918,31
LNGN0195,Jieyang LNG Terminal (PipeChina),China,importer,role_specific_pagerank,60,52,0.866666666667,52,52,0.0147525197658,0.0135280268801,0.00975895473451,0.0291302634995,2020-06,24,0.461538461538,0.4,24.3461538462,0.0127855171304,32
LNGN0363,Shandong LNG Terminal,China,importer,role_specific_pagerank,60,38,0.633333333333,38,38,0.0146567973894,0.013746704673,0.00804931418121,0.0239881232097,2021-10,18,0.473684210526,0.3,27.8421052632,0.00928263834664,33
LNGN0278,Panigaglia LNG Terminal,Italy,importer,role_specific_pagerank,60,31,0.516666666667,31,31,0.0146550801603,0.0138663740955,0.00957361702235,0.0284788921475,2020-06,15,0.483870967742,0.25,22.4516129032,0.00757179141614,34
LNGN0324,Quintero LNG Terminal,Chile,importer,role_specific_pagerank,60,32,0.533333333333,32,32,0.0146488430182,0.0135599754128,0.00889786143732,0.032926445235,2020-08,14,0.4375,0.233333333333,24.5625,0.0078127162764,35
LNGN0287,Penuelas LNG Terminal,United States,importer,role_specific_pagerank,60,18,0.3,18,18,0.0146393885824,0.0154740397743,0.00883015867373,0.0229958386244,2021-10,7,0.388888888889,0.116666666667,26.3888888889,0.00439181657473,36
LNGN0374,Sines LNG Terminal,Portugal,importer,role_specific_pagerank,60,58,0.966666666667,58,58,0.014593206287,0.0138949394675,0.00886994820127,0.0254839212827,2022-01,22,0.379310344828,0.366666666667,23.9310344828,0.0141067660774,37
LNGN0426,Tongyoung LNG Terminal,South Korea,importer,role_specific_pagerank,60,48,0.8,48,48,0.0145606139017,0.01364374098,0.00851180111446,0.0299092110677,2022-08,17,0.354166666667,0.283333333333,27.3541666667,0.0116484911214,38
LNGN0207,Klaipeda FSRU,Lithuania,importer,role_specific_pagerank,60,50,0.833333333333,50,50,0.0144906104332,0.0140366208166,0.00815775351328,0.0288622786653,2024-12,22,0.44,0.366666666667,24.32,0.0120755086944,39
LNGN0173,Himeji LNG Terminal,Japan,importer,role_specific_pagerank,60,45,0.75,45,45,0.0144623862878,0.0137332323229,0.00832394638352,0.0233256771903,2020-05,19,0.422222222222,0.316666666667,27.4222222222,0.0108467897158,40
LNGN0241,Mizushima LNG Terminal,Japan,importer,role_specific_pagerank,60,13,0.216666666667,13,13,0.0144010693659,0.0142576608871,0.0100742827791,0.0207867990265,2022-03,3,0.230769230769,0.05,27.2307692308,0.00312023169595,41
LNGN0244,Montoir LNG Terminal,France,importer,role_specific_pagerank,60,59,0.983333333333,59,59,0.0142323401857,0.014348718967,0.00847679973964,0.0290640616425,2024-11,24,0.406779661017,0.4,24.5084745763,0.0139951345159,42
LNGN0428,Toscana FSRU,Italy,importer,role_specific_pagerank,60,27,0.45,27,27,0.0141853658182,0.0128796544222,0.00931033666457,0.0228881220036,2022-06,8,0.296296296296,0.133333333333,27.8518518519,0.00638341461817,43
LNGN0165,Hamina LNG Terminal,Finland,importer,role_specific_pagerank,60,3,0.05,3,3,0.0141802840294,0.0142533849017,0.0136451899504,0.0146422772362,2023-11,2,0.666666666667,0.0333333333333,13.6666666667,0.000709014201472,44
LNGN0291,Pichilingue LNG Terminal,Mexico,importer,role_specific_pagerank,60,13,0.216666666667,13,13,0.0141359399202,0.0145590135658,0.00841948531837,0.0214121982451,2024-06,4,0.307692307692,0.0666666666667,33.3076923077,0.00306278698271,45
LNGN0170,Higashi Niigata LNG Terminal,Japan,importer,role_specific_pagerank,60,25,0.416666666667,25,25,0.0140514936284,0.0136582801878,0.0087485567998,0.0299502217266,2022-01,11,0.44,0.183333333333,28.04,0.00585478901183,46
LNGN0382,Sodeshi Shimizu LNG Terminal,Japan,importer,role_specific_pagerank,60,7,0.116666666667,7,7,0.014041315595,0.0125385659499,0.011481765637,0.0192248399828,2020-12,3,0.428571428571,0.05,32.2857142857,0.00163815348608,47
LNGN0109,Escobar FSRU,Argentina,importer,role_specific_pagerank,60,6,0.1,6,6,0.0140290884501,0.0137324085736,0.00932455102906,0.0214121982451,2024-06,3,0.5,0.05,28.8333333333,0.00140290884501,48
LNGN0347,Sagunto LNG Terminal,Spain,importer,role_specific_pagerank,60,48,0.8,48,48,0.0138244734231,0.0135207611057,0.00827907425512,0.0246653897088,2022-03,14,0.291666666667,0.233333333333,27.4583333333,0.0110595787385,49
LNGN0008,Al Zour LNG Import Terminal,Kuwait,importer,role_specific_pagerank,60,40,0.666666666667,40,40,0.0138193966689,0.0131084189731,0.00818090481325,0.0286469735313,2022-04,15,0.375,0.25,28.225,0.00921293111261,50
LNGN0035,Barcelona LNG Terminal,Spain,importer,role_specific_pagerank,60,51,0.85,51,51,0.0137999988871,0.0133189165323,0.0086827762403,0.0235145397606,2024-10,13,0.254901960784,0.216666666667,29.6078431373,0.011729999054,51
LNGN0405,Tanjung Benoa FSRU,Indonesia,importer,role_specific_pagerank,60,16,0.266666666667,16,16,0.0137769424397,0.0125241882874,0.00894452203342,0.0241601787447,2024-11,7,0.4375,0.116666666667,27.9375,0.00367385131725,52
LNGN0037,Bilbao LNG Terminal,Spain,importer,role_specific_pagerank,60,58,0.966666666667,58,58,0.0137579734239,0.0131937630422,0.00879925621098,0.0265511532095,2020-12,15,0.258620689655,0.25,30.2068965517,0.0132993743098,53
LNGN0199,Kagoshima LNG Terminal,Japan,importer,role_specific_pagerank,60,15,0.25,15,15,0.0136829214668,0.0129329633681,0.00845739219382,0.0222492939488,2022-02,5,0.333333333333,0.0833333333333,30.6,0.0034207303667,54
LNGN0044,Brunnsviksholme LNG Terminal,Sweden,importer,role_specific_pagerank,60,28,0.466666666667,28,28,0.0136711538648,0.0131364195642,0.00921328270608,0.0288651452744,2024-11,10,0.357142857143,0.166666666667,24.9285714286,0.00637987180356,55
LNGN0076,Cove Point LNG Import Terminal,United States,importer,role_specific_pagerank,60,13,0.216666666667,13,13,0.0136604942508,0.0108103969159,0.00842486123126,0.0229165254294,2024-07,4,0.307692307692,0.0666666666667,33.1538461538,0.00295977375433,56
LNGN0299,Pori LNG Terminal,Finland,importer,role_specific_pagerank,60,6,0.1,6,6,0.0136490578901,0.0131796135574,0.00973037235814,0.0179911147526,2024-12,3,0.5,0.05,26.6666666667,0.00136490578901,57
LNGN0156,Gwangyang LNG Terminal,South Korea,importer,role_specific_pagerank,60,21,0.35,21,21,0.0135594027423,0.0126859342078,0.00847777742888,0.0225201679371,2022-04,7,0.333333333333,0.116666666667,30.1904761905,0.00474579095979,58
LNGN0040,Boryeong LNG Terminal,South Korea,importer,role_specific_pagerank,60,44,0.733333333333,44,44,0.0134149728607,0.0127373498771,0.00820756642115,0.0250848972399,2020-06,13,0.295454545455,0.216666666667,29.75,0.00983764676455,59
LNGN0359,Senboku 2 LNG Terminal,Japan,importer,role_specific_pagerank,60,46,0.766666666667,46,46,0.013367494817,0.0130369041745,0.00808177418121,0.0190269125642,2022-01,13,0.282608695652,0.216666666667,29.7173913043,0.010248412693,60
LNGN0447,Wuhaogou LNG Storage Facility,China,importer,role_specific_pagerank,60,7,0.116666666667,7,7,0.0133127710224,0.0125234850119,0.0090627305683,0.0195357230812,2023-01,2,0.285714285714,0.0333333333333,30.2857142857,0.00155315661927,61
LNGN0056,Cartagena LNG Terminal (Spain),Spain,importer,role_specific_pagerank,60,51,0.85,51,51,0.0132494501006,0.0130424936694,0.00866650492681,0.0196701678277,2020-04,10,0.196078431373,0.166666666667,29.862745098,0.0112620325855,62
LNGN0178,Huelva LNG Terminal,Spain,importer,role_specific_pagerank,60,54,0.9,54,54,0.0132418294551,0.0132890478926,0.0087791793839,0.0198036614548,2020-07,13,0.240740740741,0.216666666667,30.3333333333,0.0119176465096,63
LNGN0251,Mundra LNG Terminal,India,importer,role_specific_pagerank,60,26,0.433333333333,26,26,0.0132266501069,0.0124473495174,0.0080859031875,0.0300006054894,2021-08,5,0.192307692308,0.0833333333333,37.9230769231,0.00573154837964,64
LNGN0122,Fredrikstad LNG Terminal,Norway,importer,role_specific_pagerank,60,12,0.2,12,12,0.0131923134026,0.0136829069926,0.00845482400739,0.0184267103145,2022-11,3,0.25,0.05,26.4166666667,0.00263846268051,65
LNGN0319,Qidong LNG Terminal,China,importer,role_specific_pagerank,60,46,0.766666666667,46,46,0.0131711554225,0.0124687520954,0.00808400489,0.0201842314511,2020-04,12,0.260869565217,0.2,34.7391304348,0.0100978858239,66
LNGN0253,Nagasaki LNG Terminal,Japan,importer,role_specific_pagerank,60,2,0.0333333333333,2,2,0.0131458902837,0.0131458902837,0.0114802882986,0.0148114922688,2024-08,1,0.5,0.0166666666667,34.5,0.00043819634279,67
LNGN0237,Mejillones LNG Terminal,Chile,importer,role_specific_pagerank,60,25,0.416666666667,25,25,0.0131037899356,0.0120320963733,0.00890668671463,0.0225608185052,2020-08,4,0.16,0.0666666666667,35.36,0.00545991247318,68
LNGN0331,Revithoussa LNG Terminal,Greece,importer,role_specific_pagerank,60,36,0.6,36,36,0.0130546689492,0.0130302396184,0.00842283584124,0.0189936940347,2024-08,9,0.25,0.15,32.1944444444,0.00783280136954,69
LNGN0017,Aqaba Jordan FSRU,Jordan,importer,role_specific_pagerank,60,2,0.0333333333333,2,2,0.0130470304816,0.0130470304816,0.012983290991,0.0131107699721,2020-05,0,0,0,35,0.000434901016052,70
LNGN0344,Sabine Pass LNG Import Terminal,United States,importer,role_specific_pagerank,60,1,0.0166666666667,1,1,0.012983290991,0.012983290991,0.012983290991,0.012983290991,2024-10,0,0,0,33,0.000216388183183,71
LNGN0112,Everett Marine Terminal,United States,importer,role_specific_pagerank,60,16,0.266666666667,16,16,0.012952996411,0.0126385560811,0.00879619916207,0.0183375755178,2020-10,5,0.3125,0.0833333333333,29.875,0.00345413237627,72
LNGN0449,Xintian Tangshan LNG Terminal,China,importer,role_specific_pagerank,60,47,0.783333333333,47,47,0.0128886770736,0.0121870670076,0.00834985121886,0.0224612355852,2020-04,12,0.255319148936,0.2,34.5106382979,0.0100961303743,73
LNGN0079,Dabhol LNG Terminal,India,importer,role_specific_pagerank,60,21,0.35,21,21,0.012880740973,0.0130553732122,0.0080706181346,0.0232852969584,2020-02,3,0.142857142857,0.05,35.0952380952,0.00450825934054,74
LNGN0453,Yanai LNG Terminal,Japan,importer,role_specific_pagerank,60,22,0.366666666667,22,22,0.0128510461034,0.0129189653577,0.00812702085159,0.0160325350435,2020-02,1,0.0454545454545,0.0166666666667,36.5909090909,0.00471205023793,75
LNGN0098,Dörtyol FSRU,Türkiye,importer,role_specific_pagerank,60,24,0.4,24,24,0.0128244681535,0.012291947782,0.00856574200759,0.0225382603141,2024-03,5,0.208333333333,0.0833333333333,31.8333333333,0.00512978726141,76
LNGN0182,Inkoo FSRU,Finland,importer,role_specific_pagerank,60,14,0.233333333333,14,14,0.0128155064868,0.0110406240523,0.00882455274613,0.0178278767425,2024-03,6,0.428571428571,0.1,27.2857142857,0.00299028484691,77
LNGN0115,Fangchenggang LNG Terminal,China,importer,role_specific_pagerank,60,1,0.0166666666667,1,1,0.0127999133871,0.0127999133871,0.0127999133871,0.0127999133871,2021-12,0,0,0,32,0.000213331889785,78
LNGN0208,Kochi LNG Terminal,India,importer,role_specific_pagerank,60,32,0.533333333333,32,32,0.0127868133021,0.0123028256457,0.00810863249896,0.0237960708638,2024-10,7,0.21875,0.116666666667,35.34375,0.00681963376114,79
LNGN0004,Acajutla FSRU,El Salvador,importer,role_specific_pagerank,60,3,0.05,3,3,0.0127781408577,0.0129953930656,0.0103848920238,0.0149541374838,2024-12,0,0,0,31,0.000638907042887,80
LNGN0362,Sergipe FSRU,Brazil,importer,role_specific_pagerank,60,9,0.15,9,9,0.0127504616384,0.0120039880604,0.0100210672807,0.0156729880477,2020-09,1,0.111111111111,0.0166666666667,37.5555555556,0.00191256924575,81
LNGN0293,Pinghu LNG Terminal,China,importer,role_specific_pagerank,60,9,0.15,9,9,0.0126963231593,0.01119110325,0.00987519680674,0.0195357230812,2022-07,2,0.222222222222,0.0333333333333,26.8888888889,0.00190444847389,82
LNGN0081,Dalian LNG Terminal,China,importer,role_specific_pagerank,60,24,0.4,24,24,0.0126908667531,0.0122035461376,0.00816265796255,0.0199248946926,2021-06,4,0.166666666667,0.0666666666667,36.125,0.00507634670123,83
LNGN0143,Gorontalo FSRU,Indonesia,importer,role_specific_pagerank,60,6,0.1,6,6,0.0126325605102,0.0108524531596,0.00853398849456,0.0220276565656,2024-08,1,0.166666666667,0.0166666666667,36.1666666667,0.00126325605102,84
LNGN0150,Guangxi LNG Terminal,China,importer,role_specific_pagerank,60,20,0.333333333333,20,20,0.0126160216983,0.0122346427844,0.00844547354514,0.0233294736849,2020-07,3,0.15,0.05,36.95,0.00420534056611,85
LNGN0164,Hakodate LNG Terminal,Japan,importer,role_specific_pagerank,60,12,0.2,12,12,0.0125906331956,0.0117010313403,0.00984223096846,0.0179796840619,2020-02,3,0.25,0.05,32.9166666667,0.00251812663913,86
LNGN0425,Tobata LNG Terminal,Japan,importer,role_specific_pagerank,60,12,0.2,12,12,0.0125693755314,0.0126731053606,0.00850840839306,0.0199248946926,2021-06,2,0.166666666667,0.0333333333333,35.25,0.00251387510628,87
LNGN0473,Zhuhai LNG Terminal,China,importer,role_specific_pagerank,60,44,0.733333333333,44,44,0.0125243356953,0.0121436639166,0.00811962807187,0.0216623933127,2020-04,8,0.181818181818,0.133333333333,38.6818181818,0.00918451284322,88
LNGN0191,Jebel Ali FLNG Terminal,United Arab Emirates,importer,role_specific_pagerank,60,34,0.566666666667,34,34,0.0125212068043,0.0117177033445,0.00843132403321,0.0179612531622,2020-07,6,0.176470588235,0.1,36,0.00709535052245,89
LNGN0437,Wenzhou LNG Terminal,China,importer,role_specific_pagerank,60,44,0.733333333333,44,44,0.0124989490082,0.0117207265351,0.00809072102401,0.0290485007387,2020-04,7,0.159090909091,0.116666666667,37.6363636364,0.00916589593936,90
LNGN0354,Samcheok LNG Terminal,South Korea,importer,role_specific_pagerank,60,17,0.283333333333,17,17,0.0124979791068,0.0124153416339,0.00862953945453,0.0152949693387,2020-06,2,0.117647058824,0.0333333333333,35.1764705882,0.00354109408025,91
LNGN0472,Zhoushan LNG Terminal,China,importer,role_specific_pagerank,60,37,0.616666666667,37,37,0.0124919925876,0.0118385957705,0.00856483439739,0.0200565995293,2020-04,5,0.135135135135,0.0833333333333,36.4594594595,0.00770339542903,92
LNGN0148,Guanabara Bay FSRU,Brazil,importer,role_specific_pagerank,60,4,0.0666666666667,4,4,0.0124260191533,0.012457874116,0.0117284447785,0.0130598836027,2021-07,0,0,0,36.75,0.000828401276887,93
LNGN0474,Świnoujście Polskie LNG Terminal,Poland,importer,role_specific_pagerank,60,52,0.866666666667,52,52,0.0123433727541,0.0122717627452,0.00852398955903,0.0164143396146,2020-08,10,0.192307692308,0.166666666667,36.7307692308,0.0106975897202,94
LNGN0272,Old Harbour FSRU,Jamaica,importer,role_specific_pagerank,60,12,0.2,12,12,0.0123242304944,0.0120683248863,0.0089574865723,0.0180402215085,2022-10,2,0.166666666667,0.0333333333333,33.1666666667,0.00246484609888,95
LNGN0442,Wilhelmshaven FSRU,Germany,importer,role_specific_pagerank,60,18,0.3,18,18,0.0122837116824,0.010655127029,0.00887127365587,0.0213129785595,2024-06,2,0.111111111111,0.0333333333333,32.3888888889,0.00368511350473,96
LNGN0130,GasPort FSRU,Pakistan,importer,role_specific_pagerank,60,54,0.9,54,54,0.0122429780613,0.0120683969829,0.0085589935556,0.0218234103782,2020-01,4,0.0740740740741,0.0666666666667,40.1296296296,0.0110186802552,97
LNGN0372,Shin-Sendai LNG Terminal,Japan,importer,role_specific_pagerank,60,16,0.266666666667,16,16,0.012217497731,0.011891415111,0.00938261813288,0.0159006496545,2020-06,1,0.0625,0.0166666666667,41.0625,0.00325799939494,98
LNGN0238,Melaka FSRU,Malaysia,importer,role_specific_pagerank,60,16,0.266666666667,16,16,0.0122067263615,0.00978027532187,0.00816084869384,0.0283660967505,2024-12,4,0.25,0.0666666666667,41.5625,0.00325512702974,99
LNGN0307,Porto do Açu FSRU,Brazil,importer,role_specific_pagerank,60,5,0.0833333333333,5,5,0.0121927323234,0.0126815371466,0.00912084932163,0.0135151028957,2021-10,0,0,0,37.2,0.00101606102695,100
LNGN0210,Krk FSRU,Croatia,importer,role_specific_pagerank,60,45,0.75,45,45,0.0119855808434,0.0114974372268,0.0081974222685,0.0217868290614,2024-06,4,0.0888888888889,0.0666666666667,44.0666666667,0.00898918563252,101
LNGN0258,New Fortress Barcarena FSRU,Brazil,importer,role_specific_pagerank,60,11,0.183333333333,11,11,0.0119015037288,0.0119836330944,0.00823628979255,0.0164484684643,2024-09,2,0.181818181818,0.0333333333333,39,0.00218194235028,102
LNGN0163,Hainan Shennan LNG Storage Facility,China,importer,role_specific_pagerank,60,17,0.283333333333,17,17,0.0118407523375,0.0116010789216,0.00849642834586,0.0176937388837,2020-04,1,0.0588235294118,0.0166666666667,40.8823529412,0.00335487982896,103
LNGN0100,Eemshaven FSRU,Netherlands,importer,role_specific_pagerank,60,20,0.333333333333,20,20,0.0116894187553,0.0111059917195,0.00851073824523,0.0180402215085,2022-10,6,0.3,0.1,31.05,0.00389647291845,104
LNGN0055,Cartagena FSRU (Colombia),Colombia,importer,role_specific_pagerank,60,10,0.166666666667,10,10,0.0115954225736,0.0102797601768,0.00821438301683,0.021586685848,2024-09,2,0.2,0.0333333333333,38.1,0.00193257042894,105
LNGN0059,Chaozhou LNG Terminal (Huaying),China,importer,role_specific_pagerank,60,12,0.2,12,12,0.0115689497631,0.011089798101,0.00799632638845,0.0159193501354,2021-05,2,0.166666666667,0.0333333333333,43.75,0.00231378995262,106
LNGN0398,Taichung LNG Terminal,Taiwan,importer,role_specific_pagerank,60,49,0.816666666667,49,49,0.0115364574959,0.011648534356,0.00800187994676,0.0157622621024,2020-04,0,0,0,45.2857142857,0.00942144028829,107
LNGN0108,Ennore LNG Terminal,India,importer,role_specific_pagerank,60,22,0.366666666667,22,22,0.0114145892544,0.011216104885,0.00814617721865,0.014487229263,2020-05,0,0,0,43.2727272727,0.00418534939326,108
LNGN0248,Mugardos LNG Terminal,Spain,importer,role_specific_pagerank,60,43,0.716666666667,43,43,0.0113937177904,0.0116374047399,0.00800200602228,0.0159513440883,2020-05,1,0.0232558139535,0.0166666666667,44.5348837209,0.00816549774982,109
LNGN0174,Hitachi LNG Terminal,Japan,importer,role_specific_pagerank,60,5,0.0833333333333,5,5,0.0112765037471,0.0112832441958,0.00883526643687,0.0128706732488,2021-06,0,0,0,41,0.000939708645595,110
LNGN0175,Hong Kong FSRU,Hong Kong,importer,role_specific_pagerank,60,21,0.35,21,21,0.0111823573284,0.0114731017888,0.00812540705549,0.0151951973536,2023-06,2,0.0952380952381,0.0333333333333,44.0952380952,0.00391382506494,111
LNGN0250,Mukran FSRU,Germany,importer,role_specific_pagerank,60,9,0.15,9,9,0.0108097257835,0.00937099140148,0.00820756642115,0.0189902922617,2024-12,1,0.111111111111,0.0166666666667,44.7777777778,0.00162145886753,112
LNGN0074,Costa Norte LNG Terminal,Panama,importer,role_specific_pagerank,60,12,0.2,12,12,0.0107298421129,0.0106208297026,0.00831530121356,0.0141170513677,2020-11,0,0,0,47.9166666667,0.00214596842257,113
LNGN0087,Delimara FSRU,Malta,importer,role_specific_pagerank,60,4,0.0666666666667,4,4,0.0104605328218,0.0105535198847,0.00898405155917,0.0117510399588,2022-06,0,0,0,32.75,0.00069736885479,114
LNGN0391,Summit FSRU,Bangladesh,importer,role_specific_pagerank,60,5,0.0833333333333,5,5,0.0101773412817,0.00976130771758,0.00846388214633,0.0140335360277,2024-06,0,0,0,47.4,0.000848111773477,115
LNGN0294,Piombino FSRU,Italy,importer,role_specific_pagerank,60,11,0.183333333333,11,11,0.0101425811102,0.00990680028389,0.00787474172224,0.0136763234707,2024-10,1,0.0909090909091,0.0166666666667,43.3636363636,0.00185947320354,116
LNGN0262,Niihama LNG Terminal,Japan,importer,role_specific_pagerank,60,1,0.0166666666667,1,1,0.00931820486574,0.00931820486574,0.00931820486574,0.00931820486574,2023-09,0,0,0,56,0.000155303414429,117
LNGN0045,Brunsbüttel FSRU,Germany,importer,role_specific_pagerank,60,7,0.116666666667,7,7,0.00928241484445,0.00903592009012,0.00841948531837,0.0105152263675,2023-07,0,0,0,53.8571428571,0.00108294839852,118
LNGN0102,El Musel LNG Terminal,Spain,importer,role_specific_pagerank,60,8,0.133333333333,8,8,0.00912542533602,0.00881755992271,0.00838591998087,0.0105335672384,2023-08,0,0,0,55.375,0.00121672337814,119
LNGN0219,Le Havre FSRU,France,importer,role_specific_pagerank,60,3,0.05,3,3,0.00907386821273,0.0087187541246,0.00847777742888,0.0100250730847,2023-10,0,0,0,56,0.000453693410636,120
LNGN0290,Philippines LNG Terminal,Philippines,importer,role_specific_pagerank,60,2,0.0333333333333,2,2,0.0088674854713,0.0088674854713,0.00858984630188,0.00914512464072,2023-10,0,0,0,57.5,0.000295582849043,121
LNGN0176,Hongmei LNG Terminal,China,importer,role_specific_pagerank,60,2,0.0333333333333,2,2,0.0088178010798,0.0088178010798,0.0084419602778,0.00919364188179,2024-04,0,0,0,49,0.00029392670266,122
LNGN0364,Shanghai Yangshan LNG Terminal,China,importer,role_specific_pagerank,60,1,0.0166666666667,1,1,0.00851057643032,0.00851057643032,0.00851057643032,0.00851057643032,2024-03,0,0,0,68,0.000141842940505,123
