terminal_id,node_name,period_month,factor_mean,factor_q025,factor_q975,factor_mean_mean,factor_mean_q025,factor_mean_q975
LNGN0026,Arzew-Bethioua LNG Terminal,2020-02-01,1.1684820087778,0.9113886076693692,1.3955644085793342,1.1970598877412415,0.9585477672322409,1.441738291267518
LNGN0027,Atlantic LNG Terminal,2020-02-01,0.8597489891109871,0.4246652770938508,1.4790373188296315,1.178214619537753,1.0232816720676858,1.3185028257369809
LNGN0035,Barcelona LNG Terminal,2020-02-01,0.8196130918017653,0.3699658043530543,1.4444660834989222,0.20800284430991717,-0.12088167383196273,0.5301437513970652
LNGN0037,Bilbao LNG Terminal,2020-02-01,0.3651379338755846,0.025005617138160054,0.8478640451773112,-0.0716477118049073,-0.14640988117651701,0.0032041906119565644
LNGN0056,Cartagena LNG Terminal (Spain),2020-02-01,0.24047271575210213,-0.22171163033727434,0.8672588226291068,0.11153661798661474,-0.0709950248063617,0.2958533561487416
LNGN0070,Corpus Christi LNG Terminal,2020-02-01,1.4672310179304244,0.987027033597455,2.104721315249878,1.2857639730035366,1.1890727629765305,1.383417104935823
LNGN0079,Dabhol LNG Terminal,2020-02-01,-0.23062101511730806,-1.4029533547207567,0.7616428943481051,-0.014083127200517404,-0.07843673689470668,0.04777681059982498
LNGN0081,Dalian LNG Terminal,2020-02-01,-0.6407836721464969,-1.3793039615207776,-0.05806155993444422,0.1629803530560088,0.10299202367610379,0.2225977252829203
LNGN0085,Das Island LNG Terminal,2020-02-01,-0.4608514616489481,-1.3507717347928239,0.27620874013365765,0.9470072196228262,0.6282431104479166,1.2570579672931224
LNGN0097,Dunkirk LNG Terminal,2020-02-01,0.2943778283373095,-0.08927999277906204,0.8050358393931806,0.12576763545740594,0.03852049789914698,0.22213051178525617
LNGN0121,Fos Tonkin LNG Terminal,2020-02-01,0.8410393640474845,0.48008246985319875,1.3577922496796002,-0.6206222413994942,-0.8463603764334332,-0.41265519385839206
LNGN0124,Freeport LNG Terminal,2020-02-01,0.7442253563972775,0.17385643130647754,1.4456746635404463,1.299043643699169,1.1977675328532826,1.4012536165760532
LNGN0130,GasPort FSRU,2020-02-01,0.14189976374116087,-0.06749743773796937,0.46536568704679615,-0.17064071746332743,-0.3382284124193772,0.0017707521101053636
LNGN0132,Gate LNG Terminal,2020-02-01,1.033308626838008,0.5852284649181712,1.6436111437605045,0.17887104048805202,0.11572332024976423,0.24623311571607248
LNGN0142,Gorgon LNG Terminal,2020-02-01,1.702780616738844,1.475510882611396,2.0751575908873527,1.2617338839383891,1.1656809809132866,1.3604426183329112
LNGN0144,Grain LNG Terminal,2020-02-01,0.42630347267405677,-0.006949518785097946,1.0138016487984352,0.25709387248521304,0.1706082552822134,0.34721143052082126
LNGN0166,Hammerfest LNG Snohvit Terminal,2020-02-01,1.1116538527655921,0.7354891862646777,1.6624192354922513,0.7539187187552999,0.6534243321098989,0.8589769917860255
LNGN0168,Hazira LNG Terminal,2020-02-01,0.23556812375320832,-0.17768292367659883,0.7959481304184663,-0.06297598861977717,-0.13332239385134192,0.006841465130378505
LNGN0173,Himeji LNG Terminal,2020-02-01,0.9523713566682726,0.3318993294009625,1.7326003056807076,-0.0514060989475891,-0.2976611402676347,0.19548783600377026
LNGN0178,Huelva LNG Terminal,2020-02-01,0.2898531515136066,0.10502868181156291,0.6429047917475029,0.10797310660925902,-0.07862769619978621,0.29605012571509903
LNGN0181,Incheon LNG Terminal,2020-02-01,-0.6335626354334306,-1.437217648114917,-0.05321192275974494,0.7986109788092709,0.5640497528329248,1.0262768969480138
LNGN0186,Izmir Aliaga LNG Terminal,2020-02-01,0.7148630678038136,0.15448868622763626,1.4160968807290508,0.21086106703543797,0.11459014601017388,0.30410178516126524
LNGN0207,Klaipeda FSRU,2020-02-01,-0.504882354518194,-1.3940066350775862,0.2085968348512651,-0.28538345109457697,-0.40318178583444586,-0.15720780949654445
LNGN0222,Lysekil LNG Terminal,2020-02-01,-0.23088296821087137,-1.36775495432665,0.7660280378223858,-0.8611980435127623,-1.1199707468578721,-0.576901496447899
LNGN0232,Marmara LNG Terminal,2020-02-01,-0.6331157459229578,-1.378516366611053,-0.04150428937124132,-0.015538411931059067,-0.1566093245975143,0.13183420714588687
LNGN0237,Mejillones LNG Terminal,2020-02-01,-0.6641667028151804,-1.4207777495232625,-0.09078573225838217,-0.39308536366923214,-0.4885154039211748,-0.3044187635651035
LNGN0244,Montoir LNG Terminal,2020-02-01,0.23572826379636855,-0.0735836545960597,0.6719088640537427,0.051990582837659005,-0.17829432111040447,0.2867297837819149
LNGN0261,Nigeria LNG Terminal,2020-02-01,2.172936970163463,1.698327185244324,2.4862991846882205,1.4128701879272754,1.2143346430796627,1.5980414074108718
LNGN0278,Panigaglia LNG Terminal,2020-02-01,-0.5821893206269946,-1.4273901275111593,0.07426626938459123,-0.4273521158695384,-0.6713239121589829,-0.19468938834849256
LNGN0297,Pluto LNG Terminal,2020-02-01,1.735107821969275,1.4216015028074596,1.9475702834962334,0.8762877609842673,0.7761614055565922,0.9747889322135096
LNGN0314,Pyeongtaek LNG Terminal,2020-02-01,0.3109198403205739,-0.10459352720946544,0.876432388913599,0.6937717654999017,0.41209905423991083,0.968007460572776
LNGN0319,Qidong LNG Terminal,2020-02-01,0.23696775855427976,-0.10562113421523091,0.7379322921350902,-0.022742293574781535,-0.10650485224922539,0.05589149025519947
LNGN0322,Queensland Curtis LNG Terminal,2020-02-01,1.4800469908192395,1.2856522466241398,1.7693476495888738,1.0618378015579208,0.973322997742005,1.1553544598974128
LNGN0328,Rasgas LNG Terminal 3,2020-02-01,4.18152860426342,1.870284802930498,6.378152780978314,1.2837365039322934,1.1519698865113375,1.4012449379499856
LNGN0334,Risavika LNG Terminal,2020-02-01,-0.47250832800513093,-1.3820328624678997,0.26180522124461747,0.12055133736482539,-0.1252124501848842,0.3880140636111108
LNGN0345,Sabine Pass LNG Terminal,2020-02-01,3.2031836702663243,1.874625582678349,4.368537079431308,1.5460798913148872,1.412572058043187,1.6677118116587688
LNGN0359,Senboku 2 LNG Terminal,2020-02-01,-0.5711313808673627,-1.3695579215006275,0.07860420378610335,0.12498532178107172,-0.1316172864721871,0.3833115712057601
LNGN0363,Shandong LNG Terminal,2020-02-01,-0.571196967099848,-1.3822547449213443,0.07666178432860037,0.20816903121495742,0.14910106641826584,0.26905783357147417
LNGN0374,Sines LNG Terminal,2020-02-01,0.5667297458279605,-0.05003406339007378,1.3424692404156873,-0.03102616304408057,-0.1072625340544589,0.04178275142906566
LNGN0381,Sodegaura LNG Terminal,2020-02-01,-0.6474438556295209,-1.3804202433046118,-0.08071951273883364,0.5604413252119946,0.23255363218164177,0.8885238453973037
LNGN0385,South Hook LNG Terminal,2020-02-01,0.31900799562947957,0.10303257537618896,0.6593317110055389,0.33685925742104517,0.2415235043045757,0.42579708993160714
LNGN0421,Tianjin LNG Terminal (Sinopec),2020-02-01,0.37433225694604344,0.06139482025139974,0.8540565552956452,0.22901562672921463,0.1582863240495092,0.30125311263540305
LNGN0427,Tornio Manga LNG Terminal,2020-02-01,-0.23608920858982818,-1.4436504289654162,0.774493042281935,-0.7325907547450662,-0.9707188325965745,-0.4784559620208698
LNGN0428,Toscana FSRU,2020-02-01,-0.6628396738760995,-1.4106003486946777,-0.10416904259797098,-0.12475107672678178,-0.20382148559906726,-0.053470984901258053
LNGN0429,Toyama Shinko LNG Terminal,2020-02-01,-0.6193196766640147,-1.4008615049434714,0.0156426034994148,-0.2985216115346754,-0.42583969805924293,-0.1801953718404504
LNGN0435,Vysotsk LNG Terminal,2020-02-01,-0.4690288717449287,-1.3928648242019221,0.283923789170768,0.4312374212584202,0.2059112078491732,0.6719734888708762
LNGN0441,Wheatstone LNG Terminal,2020-02-01,0.5732388549081225,0.32670582734086373,0.9202749461818702,1.0811860189838798,0.982923942831144,1.1881340211275626
LNGN0452,Yamal LNG Terminal,2020-02-01,1.5890683127099465,1.026160016957225,1.9991587519484741,1.2862468970915495,1.1858157900254784,1.3943681878551546
LNGN0460,Yokkaichi Works LNG Terminal,2020-02-01,0.4686423999347853,0.23298535619498248,0.8583327616066037,-0.2960072644599426,-0.4699659622153938,-0.12158370895469023
LNGN0463,Yung-An LNG Terminal,2020-02-01,0.26397896837958623,-0.13879599118321825,0.8561500547723491,0.157027899745713,-0.011849123367781838,0.32639138538283763
LNGN0464,Zeebrugge LNG Terminal,2020-02-01,0.4757299043370144,0.2283674401101695,0.6452057519728763,0.16961468527896872,-0.014358485468511211,0.35510014780473753
LNGN0026,Arzew-Bethioua LNG Terminal,2020-03-01,1.2970904177705314,0.8857865050819815,1.5576468882416932,1.2053637060610838,0.9669445868561583,1.449072064151781
LNGN0027,Atlantic LNG Terminal,2020-03-01,1.873139813703472,1.275366387069669,2.316159517343537,0.9343932675629293,0.8308055084709552,1.0419012273271409
LNGN0035,Barcelona LNG Terminal,2020-03-01,-0.538449639890184,-1.3797733583019938,0.14432428087725835,0.20164599600349448,-0.12072383658809463,0.5152676056888418
LNGN0037,Bilbao LNG Terminal,2020-03-01,0.28333720891942743,-0.12076292832833607,0.8800308353802568,-0.2700256209876804,-0.3613988035060581,-0.1758719581434188
LNGN0070,Corpus Christi LNG Terminal,2020-03-01,-0.7245843652590546,-1.3295344539629725,-0.24045826575254217,1.2823888844783369,1.1857316060566583,1.3842232131586274
LNGN0081,Dalian LNG Terminal,2020-03-01,-0.4104925961753273,-1.3823493203564938,0.3886243017682915,0.22428601302906548,0.11838739114732388,0.3123582985338365
LNGN0085,Das Island LNG Terminal,2020-03-01,-0.7392236527674066,-1.377051729249516,-0.2573462626185394,0.8175823216625502,0.5886757539299045,1.0334797040274495
LNGN0097,Dunkirk LNG Terminal,2020-03-01,0.33835673373930303,-0.0018504814631380565,0.8543163623290648,0.09191079304200371,-0.016867262002644802,0.21932455759310826
LNGN0098,Dörtyol FSRU,2020-03-01,-0.4964565801015459,-1.4231585641672446,0.24360078196053608,0.006758404755104755,-0.11018912153059339,0.14597720821780694
LNGN0121,Fos Tonkin LNG Terminal,2020-03-01,0.512047399645471,0.3200117121230367,0.8454473958335774,-0.5233486874888794,-0.7731927792289253,-0.2816719814998788
LNGN0124,Freeport LNG Terminal,2020-03-01,1.2069406935166898,0.7987935623720239,1.8116349532770635,1.2727137505473622,1.174504792978928,1.3823565601245449
LNGN0130,GasPort FSRU,2020-03-01,-0.6084496156748533,-1.4338256302339853,0.02403135773197266,-0.28269571430603807,-0.44121108410047727,-0.11788890403760649
LNGN0132,Gate LNG Terminal,2020-03-01,1.1558132538073724,0.6576588636296591,1.7828053114556395,0.19301135226457242,0.13502167053917533,0.2493402785288504
LNGN0142,Gorgon LNG Terminal,2020-03-01,0.5731121784161282,0.38795760277702057,0.8902630824701818,1.2559132225968317,1.1621893365665523,1.3589848999786636
LNGN0144,Grain LNG Terminal,2020-03-01,0.38345207362163675,0.08803263423318107,0.8686864189997229,0.26026878869184095,0.16974934263854521,0.3443299514763988
LNGN0166,Hammerfest LNG Snohvit Terminal,2020-03-01,1.6026620566715768,1.387621768317644,1.954259102282859,0.7524323465165671,0.6507025106185882,0.856490981948477
LNGN0168,Hazira LNG Terminal,2020-03-01,1.8545025653668854,1.2981948030784791,2.243763579926219,-0.07416701661109006,-0.14066469851043703,-0.014176577684550227
LNGN0173,Himeji LNG Terminal,2020-03-01,-0.5466109748797834,-1.3790252216733763,0.13757531616948557,-0.05661004753533935,-0.2982756363647118,0.18666885867945243
LNGN0181,Incheon LNG Terminal,2020-03-01,0.4887608750972014,-0.1047869863405475,0.9499555456295039,0.7738870724154897,0.5546340391509942,0.9862197431981835
LNGN0186,Izmir Aliaga LNG Terminal,2020-03-01,0.29822472039532677,-0.057698713041774936,0.8302796945070464,0.19384936567381308,0.10303902639042613,0.2756850607372026
LNGN0207,Klaipeda FSRU,2020-03-01,-0.5670380270008815,-1.3854503172328658,0.10104396874044998,-0.29934524705168064,-0.4247630618917716,-0.1659159667406142
LNGN0222,Lysekil LNG Terminal,2020-03-01,-0.1968655414196527,-1.4406170184256268,0.837068732153576,-0.8751598394698654,-1.147976612559764,-0.5848388936935902
LNGN0232,Marmara LNG Terminal,2020-03-01,-0.6314303227533926,-1.368463224239352,-0.031001075579242098,-0.04192070902159471,-0.16950329042689194,0.07833619017989842
LNGN0237,Mejillones LNG Terminal,2020-03-01,-0.6260202323550325,-1.3745187543561466,-0.013134383098155598,-0.40704715962633636,-0.5054120006873174,-0.3140381614539528
LNGN0241,Mizushima LNG Terminal,2020-03-01,-0.5166059151264122,-1.4193928698594416,0.19536639240364598,-0.13194643153493515,-0.18954850336222004,-0.08322066347916043
LNGN0244,Montoir LNG Terminal,2020-03-01,-0.5410606718914786,-1.433841280889737,0.15102088447753628,0.041703966388701594,-0.18401564655220104,0.26249190383149124
LNGN0251,Mundra LNG Terminal,2020-03-01,-0.6481414728772131,-1.404792696100949,-0.06054932142791525,-0.15380984179096935,-0.31691012030618565,0.023228671516292244
LNGN0261,Nigeria LNG Terminal,2020-03-01,1.2077143510715576,0.6259364608535914,1.9489857719286763,1.4077897964297217,1.211394494525173,1.590510576400847
LNGN0278,Panigaglia LNG Terminal,2020-03-01,-0.5777529265556425,-1.3670459099833925,0.07458272314723645,-0.4413139118266427,-0.6806092316684096,-0.22268954634262625
LNGN0287,Penuelas LNG Terminal,2020-03-01,-0.5683368194768071,-1.4064030206597937,0.11559790434682826,-0.4714344077676895,-0.5684609157581656,-0.36303627777967284
LNGN0297,Pluto LNG Terminal,2020-03-01,2.227088364480801,1.501543476955495,2.7920364945537615,0.8571003107046484,0.7547270374288763,0.9610678572100761
LNGN0314,Pyeongtaek LNG Terminal,2020-03-01,0.42016191412146714,0.11758155602933089,0.8854695310211529,0.6677299379198542,0.3991625153930559,0.9289867017962014
LNGN0322,Queensland Curtis LNG Terminal,2020-03-01,0.9922203937582532,0.676074662915633,1.4811518702078306,0.9543411174128219,0.8509746344222304,1.0582737735444527
LNGN0328,Rasgas LNG Terminal 3,2020-03-01,4.832054725524206,1.924514355300425,7.639670336382405,1.2580714905283206,1.1429320635535758,1.36339074057323
LNGN0331,Revithoussa LNG Terminal,2020-03-01,-0.6193983405953967,-1.366745129012775,-0.017084745843612564,-0.08421519792694435,-0.1715339467857227,-0.006449093011361608
LNGN0334,Risavika LNG Terminal,2020-03-01,-0.4134887421916159,-1.3726203347283008,0.4128421774429987,0.10658954140772131,-0.14428644955688372,0.38093172537922604
LNGN0345,Sabine Pass LNG Terminal,2020-03-01,2.480885287475756,1.7656160411905484,3.080380200155917,1.5149357245306982,1.395023024888279,1.6281942539891032
LNGN0359,Senboku 2 LNG Terminal,2020-03-01,-0.5887672935564073,-1.39486763164697,0.05359486015265076,0.11533307431991353,-0.13785487692958145,0.36059164951597794
LNGN0374,Sines LNG Terminal,2020-03-01,0.40190143136033724,0.08865937076776416,0.879981635713081,-0.04471722323717525,-0.11297585248374771,0.015871155503271436
LNGN0381,Sodegaura LNG Terminal,2020-03-01,1.0144404852934468,0.4742709510893469,1.7919313513872033,0.5679022751913754,0.23882810457185932,0.89566549277552
LNGN0385,South Hook LNG Terminal,2020-03-01,0.800727962480983,0.19962792286874215,1.5781503018636673,0.32692994096868394,0.23466430862112234,0.40663948994153176
LNGN0421,Tianjin LNG Terminal (Sinopec),2020-03-01,0.7636844884655651,0.2790041628543195,1.4150198423332039,0.19128476264789662,0.11141953057232354,0.2846366662923084
LNGN0427,Tornio Manga LNG Terminal,2020-03-01,-0.19384800434888325,-1.4066316043796794,0.8570844942900373,-0.7465525507021705,-0.9867168344428248,-0.4811905800563283
LNGN0435,Vysotsk LNG Terminal,2020-03-01,-0.41018516621155027,-1.3640367078213054,0.39626594272316457,0.41727562530131695,0.18466261891214497,0.6674693091330413
LNGN0441,Wheatstone LNG Terminal,2020-03-01,1.0238488561423746,0.7331552870948008,1.4610057998902455,1.0710757227943999,0.9717202014479565,1.1831823533791423
LNGN0452,Yamal LNG Terminal,2020-03-01,1.5148136330808994,1.0750497680667253,1.8123103710705137,1.2686474406156087,1.1606238862782883,1.387087944129706
LNGN0453,Yanai LNG Terminal,2020-03-01,-0.6093246886758558,-1.3806448688102573,0.012843279573650588,-0.3275446611832288,-0.47401800689780504,-0.18712132221727976
LNGN0463,Yung-An LNG Terminal,2020-03-01,0.7945188392138952,0.32007714720774827,1.398660347404602,0.21942463369690116,0.006397791861658285,0.4302235522494871
LNGN0464,Zeebrugge LNG Terminal,2020-03-01,0.04979108315097505,-0.4520781523779668,0.3785394454566886,0.15493847468621433,-0.02512620059681315,0.3347224266825166
LNGN0026,Arzew-Bethioua LNG Terminal,2020-04-01,1.9784698417563569,1.1177342037920637,2.7254675163268782,1.2136544756773453,0.9787368595245671,1.4532541379001296
LNGN0027,Atlantic LNG Terminal,2020-04-01,1.1571601265577138,0.7458662842139047,1.4291082006674565,1.0425337948860223,0.9475097641060694,1.135679912743021
LNGN0035,Barcelona LNG Terminal,2020-04-01,0.44909143410414953,0.17334306578544595,0.8343572946841992,0.1992238752185992,-0.1108473673768707,0.5000325847073654
LNGN0037,Bilbao LNG Terminal,2020-04-01,-0.5147891804444062,-1.4023332559089148,0.18212567225525497,-0.08386849854559295,-0.14454619370867736,-0.03421439420962726
LNGN0070,Corpus Christi LNG Terminal,2020-04-01,1.0677408248422007,0.4321488881071014,1.5657592182466864,1.158366481581677,1.038623894374939,1.2938216172437633
LNGN0081,Dalian LNG Terminal,2020-04-01,-0.5415953412459272,-1.4179216862489137,0.1558568372130826,0.14022233042672905,0.07866572798339323,0.20085541955045422
LNGN0085,Das Island LNG Terminal,2020-04-01,-0.5395105807483008,-1.3907914322467148,0.13406494656565035,0.8092142991179054,0.5890140853048905,1.0134069510322539
LNGN0097,Dunkirk LNG Terminal,2020-04-01,0.8881047865755003,0.6951431213098589,1.24975088050206,0.11623924902052875,0.007224233512635187,0.22859031557314885
LNGN0121,Fos Tonkin LNG Terminal,2020-04-01,-0.3236802989182051,-1.4150920848413935,0.5933427004611892,-0.550788723024423,-0.7791123047863145,-0.33533342020249535
LNGN0124,Freeport LNG Terminal,2020-04-01,1.3193258997280515,1.022628429164135,1.783952100069199,1.28535763164119,1.1854037871454983,1.399436757172596
LNGN0130,GasPort FSRU,2020-04-01,0.1450703030305916,-0.3674882833912644,0.4998713120498714,-0.3794445709965099,-0.6061832329357835,-0.1383461232601489
LNGN0132,Gate LNG Terminal,2020-04-01,1.3176642391570421,1.1272298909383085,1.5994662648754343,0.19300387191121468,0.12910822861786056,0.25662736342802195
LNGN0142,Gorgon LNG Terminal,2020-04-01,1.789657467781882,1.3506123387357523,2.0475680026075604,1.2474834930755794,1.1450930245451425,1.3639406671601322
LNGN0166,Hammerfest LNG Snohvit Terminal,2020-04-01,1.6723773048616632,1.454071529724031,1.925448901524268,0.6829358909580304,0.5658450927815105,0.8003269412208005
LNGN0168,Hazira LNG Terminal,2020-04-01,0.8505574742612224,0.25236259622439167,1.2598617950582895,-0.060834465861476,-0.1291479847963778,-0.0021488553516598014
LNGN0173,Himeji LNG Terminal,2020-04-01,-0.4982649803738,-1.396556254805651,0.2290259359374315,-0.02150144881525645,-0.27785813572824947,0.23187791319401194
LNGN0181,Incheon LNG Terminal,2020-04-01,-0.36811567878274526,-1.3546352984638983,0.48031568873862013,0.7800652308291455,0.5651882893332288,0.9837540221059061
LNGN0186,Izmir Aliaga LNG Terminal,2020-04-01,0.8642062999835313,0.48388903139948114,1.3955523322382828,0.168754953197672,0.10088505029482442,0.2250948790297675
LNGN0207,Klaipeda FSRU,2020-04-01,-0.46191378049239507,-1.3967547996777712,0.31133672014286135,-0.30814147372385636,-0.4451135143571128,-0.15790150727620025
LNGN0232,Marmara LNG Terminal,2020-04-01,0.4795587676545731,0.2855758132649801,0.8069674622001712,-0.05071693569377036,-0.16069487410603397,0.054359874953770766
LNGN0244,Montoir LNG Terminal,2020-04-01,0.28813021327872423,-0.09069059276006022,0.5165758996374946,0.016963836337376723,-0.1856456846495652,0.21412807681538826
LNGN0278,Panigaglia LNG Terminal,2020-04-01,-0.4486455297612748,-1.4118351495688977,0.3337102901380895,-0.45011013849881853,-0.6657142428204227,-0.2565191041773088
LNGN0297,Pluto LNG Terminal,2020-04-01,1.793442047983064,1.275876469601924,2.1787727423255934,0.851649608783778,0.7354093593269261,0.9663350168123586
LNGN0312,Punta Europa LNG Terminal,2020-04-01,-0.6217058669683412,-1.366532837182808,-0.025740865001080908,0.8413582851732492,0.7222068019399911,0.9624442891543428
LNGN0314,Pyeongtaek LNG Terminal,2020-04-01,0.4909298994540173,0.2646232376403335,0.8921515822695709,0.6579737830457799,0.40662216322049405,0.9003571849463888
LNGN0328,Rasgas LNG Terminal 3,2020-04-01,4.965501572151461,1.692303306785643,8.169820163167307,1.2492794173329111,1.1430510270902907,1.3426252610310463
LNGN0345,Sabine Pass LNG Terminal,2020-04-01,2.7147536510812693,1.5432283850939141,3.7562870230789835,1.5099800886124066,1.3990076724895866,1.6204902323125823
LNGN0374,Sines LNG Terminal,2020-04-01,-0.2659395997923069,-1.3859364956299236,0.6845758935940595,-0.07668425631723191,-0.1273729666629855,-0.03487064513640582
LNGN0381,Sodegaura LNG Terminal,2020-04-01,0.43040773557303025,0.12181430825309136,0.6334537744059006,0.5507728365941832,0.23932703813685152,0.8590073044229357
LNGN0385,South Hook LNG Terminal,2020-04-01,-0.04957722361549558,-0.8607842610398845,0.5730858464373098,0.3092637599421436,0.23344301966008857,0.36901562948413413
LNGN0398,Taichung LNG Terminal,2020-04-01,-0.5498958472911633,-1.4180575070692973,0.12180853569693975,-0.06145093821425773,-0.12045003215949063,-0.0079335014225248
LNGN0421,Tianjin LNG Terminal (Sinopec),2020-04-01,1.792845012769899,1.4150477972998825,2.035508677500585,0.24893948425536658,0.17187820259848624,0.3298899784408149
LNGN0427,Tornio Manga LNG Terminal,2020-04-01,-0.003648185057780265,-1.35084552896609,1.2351199114412106,-0.7553487773743457,-1.0116053893464407,-0.4758291748968624
LNGN0435,Vysotsk LNG Terminal,2020-04-01,-0.2659190146384821,-1.350039515206044,0.6731498086290976,0.40847939862914084,0.1599605659313413,0.6726517795335022
LNGN0441,Wheatstone LNG Terminal,2020-04-01,-0.5151384165550067,-1.358529086152787,0.16830429054645377,1.0532387368832197,0.931349167863066,1.1839404226963628
LNGN0452,Yamal LNG Terminal,2020-04-01,2.032904228736225,1.3797428155429163,2.5388799617763738,1.2619671775154648,1.1382576148994994,1.3979365511013415
LNGN0464,Zeebrugge LNG Terminal,2020-04-01,0.5702135033179926,0.3451802160863243,0.8868378156435389,0.14029542828295447,-0.018345184010670416,0.30057294641006727
LNGN0472,Zhoushan LNG Terminal,2020-04-01,0.47131618317649715,0.28363604494696554,0.7918545068759608,-0.06568856277359005,-0.17268140703292714,0.055128932768359847
LNGN0473,Zhuhai LNG Terminal,2020-04-01,-0.2956688467158876,-1.352961239138358,0.6337430126906886,-0.21316533978642832,-0.316237275400628,-0.10221866543853868
LNGN0474,Świnoujście Polskie LNG Terminal,2020-04-01,-0.548090560710993,-1.4033950903894628,0.13333314173187577,-0.0628408638363507,-0.14757312892939564,0.030509715410600186
LNGN0026,Arzew-Bethioua LNG Terminal,2020-05-01,0.4720314546981773,0.2864041362427466,0.7386258569507922,1.0643655845681215,0.877282465914068,1.2692172423309205
LNGN0027,Atlantic LNG Terminal,2020-05-01,-0.7385092134659714,-1.3379965335469584,-0.2652274817586795,0.8603281730314242,0.711510452116114,0.9952736369991085
LNGN0035,Barcelona LNG Terminal,2020-05-01,-0.695122153557442,-1.3468274071333732,-0.17574440730211427,0.17632715352357417,-0.09860962147910239,0.4592727656677181
LNGN0037,Bilbao LNG Terminal,2020-05-01,0.28878569043562907,0.017837159994503422,0.5410515190381041,-0.10172440541989725,-0.1527510888114196,-0.05180620874337487
LNGN0056,Cartagena LNG Terminal (Spain),2020-05-01,-0.6608701374917595,-1.4137315911550206,-0.10265146465921639,0.08750487980338877,-0.05312662145217472,0.2326943161168178
LNGN0070,Corpus Christi LNG Terminal,2020-05-01,0.7364353494476493,0.40882126937994073,0.9511177686249632,1.1689294712978293,1.0334995465636703,1.3130333528244444
LNGN0081,Dalian LNG Terminal,2020-05-01,0.17657566753551532,-0.2274726324695861,0.7468328817344045,0.17612593332272233,0.11313131818661598,0.24186328472330448
LNGN0085,Das Island LNG Terminal,2020-05-01,1.0965333386307778,0.8810420217284588,1.4505344758933783,0.807940583563959,0.6087565980006913,1.0028500255212212
LNGN0097,Dunkirk LNG Terminal,2020-05-01,-0.6834249331170643,-1.4066031747515453,-0.12645689345531283,0.10846937853088649,-0.027698213817238578,0.24669890045422244
LNGN0121,Fos Tonkin LNG Terminal,2020-05-01,0.4363430165793461,0.24976415802179053,0.7625197249550308,-0.64465397958272,-0.827671526336494,-0.4840783808880087
LNGN0124,Freeport LNG Terminal,2020-05-01,0.8503505588209802,0.39720800214326013,1.468151160935438,1.2948481493216328,1.1802291852962359,1.4237178947428804
LNGN0130,GasPort FSRU,2020-05-01,-0.7113670444753912,-1.419039130912433,-0.1702510513068853,-0.30334986250844964,-0.5061890754187199,-0.09297658400366052
LNGN0132,Gate LNG Terminal,2020-05-01,0.6057698045970955,0.3450339615873042,1.0607744406628545,0.18598840431189714,0.09545130778667944,0.27178001531603124
LNGN0142,Gorgon LNG Terminal,2020-05-01,0.19200155881945447,-0.31805746460181444,0.8567655015459563,1.2386032861873544,1.10344316733868,1.381575144146665
LNGN0166,Hammerfest LNG Snohvit Terminal,2020-05-01,0.31083374216701437,-0.09464725328982408,0.9171260062875142,0.6200067119862325,0.4647128139855643,0.7675019861783469
LNGN0168,Hazira LNG Terminal,2020-05-01,0.9916843752092109,0.8207169736220422,1.2244531748605,-0.1669191634789878,-0.2669848772184651,-0.05606474893853848
LNGN0173,Himeji LNG Terminal,2020-05-01,0.5055777984832392,0.06654183651256951,0.7832919620592885,-0.2396437162517072,-0.41990635946053795,-0.05741347185080529
LNGN0181,Incheon LNG Terminal,2020-05-01,0.20152587307027242,-0.23382629098474816,0.8461130699511124,0.7997900285167636,0.5813002248548095,0.9998760772246846
LNGN0186,Izmir Aliaga LNG Terminal,2020-05-01,-0.5385480383561037,-1.3588498273390663,0.14515752954287733,0.14210429983333014,0.07811344802752686,0.20026334748122054
LNGN0207,Klaipeda FSRU,2020-05-01,0.4232245820564915,0.18179119147701048,0.8328570802043153,-0.30941518927780287,-0.4603485527270662,-0.1365025328198814
LNGN0232,Marmara LNG Terminal,2020-05-01,-0.680672963513216,-1.3920764144474689,-0.13324207207239042,-0.021316561621603426,-0.12827253476500486,0.0894385364687472
LNGN0244,Montoir LNG Terminal,2020-05-01,-0.5966076732136317,-1.413953748206703,0.025302089738952913,-0.17048265784513214,-0.35699201829448,0.01410315234057531
LNGN0297,Pluto LNG Terminal,2020-05-01,3.1968169855035202,1.7719454264141763,4.490993765849448,0.8528359932843117,0.7220174255601465,0.986812822058855
LNGN0314,Pyeongtaek LNG Terminal,2020-05-01,0.3067065319392906,-0.007776756615284932,0.7516162148494713,0.6568457099866774,0.4251346572751407,0.8845498702579802
LNGN0319,Qidong LNG Terminal,2020-05-01,-0.6902346124806187,-1.3609903959549705,-0.1580968853123663,-0.07162923602274286,-0.1962299985943459,0.06022167659039886
LNGN0324,Quintero LNG Terminal,2020-05-01,-0.6663203901478034,-1.4112011476554531,-0.1016576914601943,-0.1507369320131825,-0.23601529303179006,-0.06820886529163141
LNGN0328,Rasgas LNG Terminal 3,2020-05-01,5.508965317665876,1.8637743178332524,9.14885946777404,1.2596219366426853,1.162299173626723,1.3531790673689963
LNGN0345,Sabine Pass LNG Terminal,2020-05-01,2.786647799106043,1.7589290844877057,3.688748476972175,1.5226795500904975,1.4094136041990022,1.6380177454562854
LNGN0347,Sagunto LNG Terminal,2020-05-01,-0.6988345736798505,-1.3926348890405207,-0.16383952046632902,-0.21106679378312973,-0.4172457029482771,0.013060480763576477
LNGN0381,Sodegaura LNG Terminal,2020-05-01,-0.6590021781287938,-1.35135878619025,-0.10293701761392321,0.3823749720693446,0.10463043445683269,0.647019626414799
LNGN0385,South Hook LNG Terminal,2020-05-01,-0.5767933144917979,-1.3425428780870838,0.05671371945067978,0.23761550697337952,0.1698855445779426,0.30489582870108844
LNGN0421,Tianjin LNG Terminal (Sinopec),2020-05-01,1.451522329573941,1.0581731949729296,1.6843892695927254,0.22621498151855074,0.1303602835912568,0.3313814784636691
LNGN0426,Tongyoung LNG Terminal,2020-05-01,-0.6869911878560038,-1.3687731381064918,-0.16551036769500455,0.50764992243409,0.38538757589786077,0.6237979893867216
LNGN0427,Tornio Manga LNG Terminal,2020-05-01,-0.5031364897820573,-1.4583715775117285,0.25157732008211336,-0.7566224929282922,-1.0281846800469798,-0.45858673798932736
LNGN0435,Vysotsk LNG Terminal,2020-05-01,0.7256644410861685,0.3934562480921494,0.9406060957718756,0.40720568307519384,0.13864623639591603,0.6919025337341518
LNGN0441,Wheatstone LNG Terminal,2020-05-01,0.8966264934331173,0.48854244721347095,1.4833982534335688,1.0402963079948297,0.8918278810326115,1.1996486522369891
LNGN0452,Yamal LNG Terminal,2020-05-01,1.8952095156553648,1.3088134085594358,2.3673466054713868,1.1771989380831236,1.0248204698394894,1.3332486744549186
LNGN0460,Yokkaichi Works LNG Terminal,2020-05-01,-0.5879642126207488,-1.381373436230015,0.04173971754708872,-0.28735421418341206,-0.4358640742369569,-0.13467784380217263
LNGN0464,Zeebrugge LNG Terminal,2020-05-01,-0.009099747038789841,-0.34040815037194316,0.19186176258072946,0.16259849375035182,0.007059831876010088,0.32115071606241646
LNGN0472,Zhoushan LNG Terminal,2020-05-01,-0.6659630323926672,-1.457895532239228,-0.0953807413329064,-0.07472786152948892,-0.20715957920732106,0.06767676968757497
LNGN0474,Świnoujście Polskie LNG Terminal,2020-05-01,0.15617812888724075,-0.036457384665250496,0.4661621593407864,-0.064114579390297,-0.16638566708507935,0.04147625454488141
LNGN0026,Arzew-Bethioua LNG Terminal,2020-06-01,1.4360561999955928,1.1353905683819998,1.625317983264578,0.9620775180174224,0.7943524667469275,1.1482925503142603
LNGN0027,Atlantic LNG Terminal,2020-06-01,0.8359657842441258,0.4562602935274034,1.1119670724560824,0.912095044063394,0.7545183768194268,1.056272165480111
LNGN0035,Barcelona LNG Terminal,2020-06-01,-0.5697921541603493,-1.3929513892994034,0.08385601441304191,0.1963222756259068,-0.06706979440157552,0.4694797916813874
LNGN0040,Boryeong LNG Terminal,2020-06-01,-0.1398414610569132,-1.3451504866062929,0.9333587305963073,0.2501893982302393,0.15285759332708584,0.35376007656757363
LNGN0052,Cameroon FLNG Terminal,2020-06-01,-0.6775462576569354,-1.386644266486388,-0.1324816439546556,0.7290695455674115,0.5499426385928801,0.9166791915977979
LNGN0056,Cartagena LNG Terminal (Spain),2020-06-01,-0.6250406922568318,-1.3920850163282663,-0.039634044209861906,0.09449858088470775,-0.03107584229181654,0.22661332646070986
LNGN0081,Dalian LNG Terminal,2020-06-01,-0.622398057753484,-1.3952307554846426,-0.017456894199429314,0.16530910800238752,0.07407056929016165,0.254531871228835
LNGN0085,Das Island LNG Terminal,2020-06-01,0.8763048544207808,0.4797353339052007,1.4168907765347933,0.8642497629088491,0.6479373855209425,1.0647835178888634
LNGN0097,Dunkirk LNG Terminal,2020-06-01,0.2533392511489339,-0.07361445318493634,0.7213279660435976,0.10832598389248843,-0.05130891245325723,0.2660448242906127
LNGN0121,Fos Tonkin LNG Terminal,2020-06-01,0.4619928210078293,0.22642227621075847,0.8556272865116161,-0.5365071941963848,-0.7349824082471483,-0.34696308490135386
LNGN0124,Freeport LNG Terminal,2020-06-01,-0.41499430483653965,-1.3411428710557591,0.36021660947802286,1.307080557106665,1.177263974502399,1.4577178392609524
LNGN0130,GasPort FSRU,2020-06-01,-0.6057899598305985,-1.427959384939385,0.01988261235146384,-0.37412819993214774,-0.6351223404798985,-0.09980136485300138
LNGN0132,Gate LNG Terminal,2020-06-01,-0.6052216054512866,-1.354767218568042,0.004476660371372117,0.192944978835568,0.08870268800711642,0.29666755038134207
LNGN0166,Hammerfest LNG Snohvit Terminal,2020-06-01,0.4397220797836065,0.16984401758901171,0.8863371967848187,0.6070305795664881,0.4188705406834949,0.7829814106404154
LNGN0168,Hazira LNG Terminal,2020-06-01,0.08400100500858831,-0.316804684068822,0.3537693962802012,-0.0999925222515714,-0.1791805219571501,-0.019862914209650452
LNGN0178,Huelva LNG Terminal,2020-06-01,-0.61020126271993,-1.3897114282869816,-0.011784194000180674,0.09053145504434132,-0.03904349067250794,0.2267889776491134
LNGN0181,Incheon LNG Terminal,2020-06-01,-0.5743804532587016,-1.3498783637649427,0.07693991624769152,0.7905614283807683,0.6004653081102598,0.9703229778510091
LNGN0186,Izmir Aliaga LNG Terminal,2020-06-01,0.2745087960169397,-0.06843477298397943,0.7708784820959497,0.09122852314537558,-0.03990286812592986,0.21008661861767292
LNGN0191,Jebel Ali FLNG Terminal,2020-06-01,0.3875517496211856,0.10260744611753439,0.8232193555155969,-0.23978977281300734,-0.5066305179868253,0.04521371332161944
LNGN0199,Kagoshima LNG Terminal,2020-06-01,-0.5997749232369242,-1.407219377438214,0.054412020693970574,-0.705869376612051,-0.8209221104449765,-0.5931607634577353
LNGN0207,Klaipeda FSRU,2020-06-01,0.5403504081349012,0.36138045765456617,0.8059485078130698,-0.24296359555221037,-0.3843801110376181,-0.09849126152186506
LNGN0232,Marmara LNG Terminal,2020-06-01,-0.5670563063263478,-1.392479140243298,0.0942687601358355,-0.04540056462940833,-0.12178300970620796,0.036443927006330305
LNGN0244,Montoir LNG Terminal,2020-06-01,-0.5458814393969428,-1.4220336989674682,0.13791719338976213,0.022280207401738826,-0.1379598739443845,0.19110476347779404
LNGN0248,Mugardos LNG Terminal,2020-06-01,-0.6189766728567633,-1.3859596966278707,-0.0027570609468581236,-0.26132540700174084,-0.36437128101319755,-0.16391785549578125
LNGN0261,Nigeria LNG Terminal,2020-06-01,1.5170548842314502,1.2435037569422192,1.8983649106575995,1.3034884790462005,1.181115507054456,1.4233922196894704
LNGN0270,Ohgishima LNG Terminal,2020-06-01,0.8996204217714338,0.633963878470532,1.3433825773925634,0.1790527054852364,0.0936789355213508,0.27526222750772017
LNGN0297,Pluto LNG Terminal,2020-06-01,1.9340955476772281,1.4986972098909341,2.1970919426308657,0.8555849501100516,0.708521462014839,1.0105091649414428
LNGN0322,Queensland Curtis LNG Terminal,2020-06-01,-0.702842277604948,-1.3236271706233376,-0.20494654524716657,0.8759523937197266,0.6985076397357732,1.0478415234840714
LNGN0328,Rasgas LNG Terminal 3,2020-06-01,6.6409895616278956,1.9825129734752727,11.254033420720335,1.2665558415607625,1.1698879773087163,1.370876153166904
LNGN0331,Revithoussa LNG Terminal,2020-06-01,-0.6278458588615051,-1.4038567165748772,-0.04434252965407892,-0.06645850439974114,-0.11846861726888094,-0.011296060693521138
LNGN0345,Sabine Pass LNG Terminal,2020-06-01,2.6915861404085955,1.6894179399734144,3.561970075104028,1.4652229091222948,1.3414853348290696,1.603469239680538
LNGN0354,Samcheok LNG Terminal,2020-06-01,-0.5700423050996346,-1.374303762239832,0.07350140675588762,0.2685760245290093,0.18406066163352242,0.3587391426662967
LNGN0359,Senboku 2 LNG Terminal,2020-06-01,-0.5844747944231867,-1.3727475055312135,0.05470404844662914,0.10754367021615403,-0.08578654704023193,0.30867952183094066
LNGN0381,Sodegaura LNG Terminal,2020-06-01,0.8071649235636597,0.435496603248251,1.3472706009416833,0.5227938926616923,0.25447059195498595,0.7968806095925814
LNGN0385,South Hook LNG Terminal,2020-06-01,-0.5689919549752285,-1.352367231960387,0.08467361346780608,0.3322202237817206,0.2634176515256451,0.40474361314578317
LNGN0421,Tianjin LNG Terminal (Sinopec),2020-06-01,0.30688757610544426,-0.05917930411600266,0.8262090113875385,0.19595444165887804,0.05693750395789505,0.3294270350071933
LNGN0426,Tongyoung LNG Terminal,2020-06-01,-0.5717535995989775,-1.4086610923915668,0.06945353107287242,0.5142400090523992,0.4057765273715172,0.6164138539915412
LNGN0441,Wheatstone LNG Terminal,2020-06-01,0.2904849136274827,0.0006688134860912381,0.7711860122195847,1.0845560890063586,0.9412272494993146,1.2443070865176373
LNGN0452,Yamal LNG Terminal,2020-06-01,3.3751702102862025,1.7218922925162272,4.886707699830916,1.1002148322820633,0.8957814885458092,1.2938767251541508
LNGN0460,Yokkaichi Works LNG Terminal,2020-06-01,-0.6341333206552039,-1.4044398736913972,-0.0654659052297019,-0.2811090909747798,-0.4167673392009496,-0.1437624408131758
LNGN0463,Yung-An LNG Terminal,2020-06-01,1.4941107854232034,1.294694995276598,1.7202242716702392,0.14517467175703666,0.0296578008902357,0.27044575280132827
LNGN0464,Zeebrugge LNG Terminal,2020-06-01,0.3803618957124959,0.04519143733125807,0.8909561048406645,0.14722765661909681,0.019929283008936996,0.28002075539523974
LNGN0472,Zhoushan LNG Terminal,2020-06-01,-0.634767983456905,-1.3916236479122723,-0.0398045361181966,-0.08853128806860598,-0.2515995808069762,0.0745475208608522
LNGN0026,Arzew-Bethioua LNG Terminal,2020-07-01,1.1819892625808828,0.9061852642524942,1.437513628814194,1.020414646198528,0.866723675132445,1.2062144928394936
LNGN0027,Atlantic LNG Terminal,2020-07-01,0.5457140763346889,0.3646773737773983,0.8590849252166238,0.9392680904264131,0.79868576826276,1.067406706934773
LNGN0035,Barcelona LNG Terminal,2020-07-01,0.06235118146933189,-0.17633134457743133,0.4894703994011789,0.21637177799710036,-0.048639095014881305,0.47934348971571833
LNGN0085,Das Island LNG Terminal,2020-07-01,0.5005969807424776,0.2695573329203674,0.8792822823916329,0.911550584891591,0.6832495209626157,1.1174591568495396
LNGN0097,Dunkirk LNG Terminal,2020-07-01,-0.6106963786987344,-1.3828531357463705,-0.0002347356781463713,0.14973501821259286,-0.001821206602404347,0.3019454652764104
LNGN0130,GasPort FSRU,2020-07-01,-0.6763351960943751,-1.386145997537646,-0.12007210328706638,-0.3614401195289902,-0.6304474063327465,-0.07976686848967733
LNGN0132,Gate LNG Terminal,2020-07-01,0.21960666341818433,-0.04027688425988764,0.470289936077094,0.18362482532043267,0.05182208477946067,0.3106548572659406
LNGN0144,Grain LNG Terminal,2020-07-01,-0.5881986099328123,-1.414607452707312,0.04351750462286173,0.22698594828663446,0.11068893834742853,0.3305511241848304
LNGN0166,Hammerfest LNG Snohvit Terminal,2020-07-01,1.965464849843789,1.3644136087465835,2.4240438464782716,0.7523187453222975,0.5857548825733354,0.931694312531382
LNGN0168,Hazira LNG Terminal,2020-07-01,0.1045197256982738,-0.37070034122863216,0.4228714596415558,-0.2937943538620937,-0.4558450952767411,-0.12814076613049222
LNGN0178,Huelva LNG Terminal,2020-07-01,0.4917935691774394,0.2756096730358644,0.8826498291679431,-0.10942088129063621,-0.21595047406555673,0.0005133420497623677
LNGN0181,Incheon LNG Terminal,2020-07-01,0.15611813336358363,-0.06596485366698401,0.49404175098657505,0.8190681955382303,0.6265330428361356,1.0014277046616444
LNGN0186,Izmir Aliaga LNG Terminal,2020-07-01,0.39255973392445026,0.1342984915351408,0.8240103247213646,0.14667651224479056,0.0445459276708254,0.24309420745951466
LNGN0191,Jebel Ali FLNG Terminal,2020-07-01,-0.45342614156688543,-1.367643731241311,0.31549066559962036,0.047046392804906835,-0.041842898653316564,0.14081582672827062
LNGN0195,Jieyang LNG Terminal (PipeChina),2020-07-01,-0.6187091509847708,-1.4108757615413143,-0.0005353617219315811,-0.27238552779112923,-0.4360899643719765,-0.10481164117821763
LNGN0199,Kagoshima LNG Terminal,2020-07-01,-0.48347840559603383,-1.4235192101363703,0.2876197804109847,-0.6931812962088933,-0.815761543390027,-0.5698406271751987
LNGN0207,Klaipeda FSRU,2020-07-01,-0.5383430883650244,-1.3822777446193975,0.16332623203752017,-0.23027551514905256,-0.37643493864399613,-0.07808168129323026
LNGN0208,Kochi LNG Terminal,2020-07-01,-0.6684176364476468,-1.3665878996298304,-0.11599502959667178,0.00397488483851934,-0.10373516273085304,0.11967003685489251
LNGN0232,Marmara LNG Terminal,2020-07-01,-0.5766201672260672,-1.3889188449497125,0.06277056525533092,-0.09901505642623398,-0.16186785340187085,-0.028976730771524652
LNGN0244,Montoir LNG Terminal,2020-07-01,0.1348117252147361,-0.16109992968554468,0.5954899577114761,0.03496828780489659,-0.1195508028002345,0.18991969971236877
LNGN0261,Nigeria LNG Terminal,2020-07-01,0.6402508252113596,0.4252493130965961,0.8845748304522305,1.4295393921456243,1.2824500871020066,1.573557774108694
LNGN0270,Ohgishima LNG Terminal,2020-07-01,0.38376123221414943,0.09983283512693317,0.8131387933798202,0.189314570707287,0.11151626744721654,0.27162396546586254
LNGN0278,Panigaglia LNG Terminal,2020-07-01,0.5888048585493344,-0.027273795609840435,1.0659278094055553,-0.43751154535346504,-0.6010757038758923,-0.2775874604874755
LNGN0297,Pluto LNG Terminal,2020-07-01,2.348175553730694,1.6690672698064444,2.884730658920896,0.8693619842207884,0.7113866340801153,1.0411632728833218
LNGN0322,Queensland Curtis LNG Terminal,2020-07-01,1.0494636062380893,0.7916347715121974,1.475952653521266,0.8860572040799232,0.6958305301462921,1.0716517869976836
LNGN0328,Rasgas LNG Terminal 3,2020-07-01,5.634897512454961,1.8450411490309717,9.340301350141184,1.2705022152370744,1.161057389419658,1.3931819835261507
LNGN0331,Revithoussa LNG Terminal,2020-07-01,0.403028056695942,0.12516362806299344,0.8430378430162125,-0.07500697313160015,-0.13128067526271528,-0.016515989878051165
LNGN0345,Sabine Pass LNG Terminal,2020-07-01,1.423132347350128,1.2071815427880244,1.8028369494930048,1.480498244652857,1.343744845471668,1.621396560889055
LNGN0359,Senboku 2 LNG Terminal,2020-07-01,-0.6087925688822027,-1.4000821233517977,-0.007446943046253744,0.12023175061931181,-0.06765481423236192,0.3066687216330646
LNGN0372,Shin-Sendai LNG Terminal,2020-07-01,-0.6750788835651426,-1.3856862567705266,-0.11936617063680337,-0.2829110294261363,-0.4362373346296931,-0.12556962430113416
LNGN0374,Sines LNG Terminal,2020-07-01,-0.6228872262144958,-1.35714673022958,-0.01977164953416536,-0.16159340031763178,-0.26936199145289225,-0.060180615074090095
LNGN0378,Skikda LNG Terminal,2020-07-01,-0.7224836565568636,-1.3687510662275604,-0.22551977007310595,0.6957541364588051,0.4305516801554705,0.9694484364521019
LNGN0381,Sodegaura LNG Terminal,2020-07-01,0.7424091536891402,0.4157033770482953,0.9419842248337907,0.5590603320246269,0.2917875132012878,0.8351254916401991
LNGN0385,South Hook LNG Terminal,2020-07-01,-0.5937972222422487,-1.3925199847251586,0.04421633863974564,0.3449083041848784,0.26981459893321047,0.4268155141567557
LNGN0398,Taichung LNG Terminal,2020-07-01,-0.6821491619078759,-1.3751602678806363,-0.1230907986150489,-0.043446486746737914,-0.1382995126245729,0.056428473141407184
LNGN0421,Tianjin LNG Terminal (Sinopec),2020-07-01,0.44080378088059974,0.21008895615542886,0.8253503367991858,0.21380837069051983,0.07064187844294816,0.362937625592065
LNGN0426,Tongyoung LNG Terminal,2020-07-01,-0.5560253078985075,-1.3526828986736619,0.11112986599524378,0.5606225968252466,0.4400544677793776,0.6718422984088649
LNGN0428,Toscana FSRU,2020-07-01,-0.6775889401226528,-1.3943760590507739,-0.12282947695266082,-0.13505694197130866,-0.2660060746373538,0.0029992740685802553
LNGN0441,Wheatstone LNG Terminal,2020-07-01,0.5444038594245599,0.356169056928569,0.8310734128725396,1.0688619259367496,0.8918786827763052,1.2554231331111325
LNGN0452,Yamal LNG Terminal,2020-07-01,2.3175313925171,1.5700953349123894,2.8879603376551684,1.3122974477814284,1.1460276425358773,1.4795678726809056
LNGN0460,Yokkaichi Works LNG Terminal,2020-07-01,0.9519640712648866,0.6084584837171343,1.4735492316873129,-0.2952592640224962,-0.40311106308368155,-0.19492367003458289
LNGN0463,Yung-An LNG Terminal,2020-07-01,0.44245560652878396,0.1779203145570534,0.8839953838616236,0.19943949597626842,0.06693919081617786,0.3316431631404283
LNGN0473,Zhuhai LNG Terminal,2020-07-01,-0.6755637699062669,-1.3967930858925544,-0.12140495736174085,-0.1519064552265569,-0.2792454358320529,-0.01794163483081793
LNGN0026,Arzew-Bethioua LNG Terminal,2020-08-01,1.4376715574783383,0.9967240877529262,1.7417466224909879,1.0557954956370956,0.8942772182730082,1.2243593250894733
LNGN0027,Atlantic LNG Terminal,2020-08-01,-0.44670049994784783,-1.335116799144278,0.30078556893374214,0.9355605749807059,0.7975425439704957,1.0743857381466888
LNGN0035,Barcelona LNG Terminal,2020-08-01,-0.6564781847679789,-1.407079898348333,-0.08909440053870323,0.22252577456251482,-0.040237999896341116,0.4707062632650584
LNGN0037,Bilbao LNG Terminal,2020-08-01,-0.6457747444146883,-1.396524353573373,-0.06225328287408116,-0.2972977151073099,-0.4558987877573819,-0.1380204554633638
LNGN0085,Das Island LNG Terminal,2020-08-01,0.9362258648452151,0.5716444775983014,1.4459245360009736,0.8015796829824497,0.633207503835278,0.9556711036705664
LNGN0097,Dunkirk LNG Terminal,2020-08-01,-0.6476005906945138,-1.397076484025125,-0.0770838299677553,0.08919652121316397,-0.11999166925548298,0.290690589199526
LNGN0130,GasPort FSRU,2020-08-01,-0.6784192626084222,-1.393828983049312,-0.11274913877966222,-0.34605380623850623,-0.6163023570594025,-0.06438039183700951
LNGN0132,Gate LNG Terminal,2020-08-01,-0.6285365707971411,-1.3343209123823825,-0.04453276495046805,0.2146694707912256,0.09731773016132278,0.3346336109666275
LNGN0142,Gorgon LNG Terminal,2020-08-01,0.8930839083437413,0.503101499409585,1.441810443756373,1.2634933852563714,1.092961534455849,1.4430301612865062
LNGN0144,Grain LNG Terminal,2020-08-01,-0.6302284230041642,-1.390225469861718,-0.022131237736340806,0.30856606004155984,0.24716928860863274,0.3723825081168725
LNGN0166,Hammerfest LNG Snohvit Terminal,2020-08-01,2.1441659623659075,1.3702462743682744,2.741952400267536,0.8139752853313493,0.6652101949491085,0.9673629782175409
LNGN0168,Hazira LNG Terminal,2020-08-01,1.356027990965934,1.1643635151480483,1.7026778745351456,-0.27840804057161017,-0.44324891233680314,-0.11241272350897778
LNGN0178,Huelva LNG Terminal,2020-08-01,-0.6378343587811135,-1.375459386326269,-0.0469850604045196,-0.06108279025944962,-0.15512936418910891,0.030378758695322503
LNGN0181,Incheon LNG Terminal,2020-08-01,0.3984558069065854,0.1416437390559091,0.8073075788307597,0.8125088731223346,0.6416646911257,0.9747124241863152
LNGN0191,Jebel Ali FLNG Terminal,2020-08-01,-0.559660914717282,-1.3770510530634128,0.10985852699850572,-0.21171537911936542,-0.502069080948643,0.08286043731302607
LNGN0195,Jieyang LNG Terminal (PipeChina),2020-08-01,-0.5988628569188965,-1.4255370393085898,0.07914757892815873,-0.6229186140023432,-0.9146356253650129,-0.3229193779920284
LNGN0207,Klaipeda FSRU,2020-08-01,-0.6400714078772509,-1.382134330913028,-0.030964328426239356,-0.27475070896585235,-0.4558226250410861,-0.08161265608347054
LNGN0222,Lysekil LNG Terminal,2020-08-01,0.8397209700707688,0.35937906753321835,1.1613654025746938,-0.793117112874566,-1.0667409456797996,-0.4867847989448644
LNGN0232,Marmara LNG Terminal,2020-08-01,-0.5535861679578599,-1.3909603676185767,0.10724158548873773,-0.08362874313575006,-0.1519838958688495,-0.011215373025747885
LNGN0237,Mejillones LNG Terminal,2020-08-01,-0.26063485643376294,-1.4065776520845648,0.6938012270876694,-0.3830019384297273,-0.5285131042879636,-0.228067672191705
LNGN0244,Montoir LNG Terminal,2020-08-01,0.24245001351192813,-0.06699689145645758,0.68396382722483,0.0707817404418501,-0.10151230523507332,0.23079687605804064
LNGN0261,Nigeria LNG Terminal,2020-08-01,0.2784003671303284,-0.009869293446210202,0.7619610913989316,1.3428370320306011,1.2269979992268696,1.4516950525300945
LNGN0278,Panigaglia LNG Terminal,2020-08-01,-0.2650438940509739,-1.3778190575419904,0.7103107409755933,-0.42354083269035964,-0.593479091321113,-0.2684552844519684
LNGN0297,Pluto LNG Terminal,2020-08-01,2.3044681562722222,1.509481164212116,2.9844564283671753,0.8838779539697267,0.7245043484430044,1.0562049588624545
LNGN0319,Qidong LNG Terminal,2020-08-01,0.5307572280867957,0.18181516281100807,1.0133230639221624,0.02464788186566463,-0.10655470197892904,0.16479187575503476
LNGN0322,Queensland Curtis LNG Terminal,2020-08-01,0.5377177920660293,0.337723132357579,0.9251506139468737,0.9269760421373777,0.7526485065919183,1.1038508058780583
LNGN0328,Rasgas LNG Terminal 3,2020-08-01,5.328550630190741,1.9528465978589926,8.654457762937135,1.2888602217975484,1.1798360689999066,1.41215006751641
LNGN0334,Risavika LNG Terminal,2020-08-01,-0.6368728439073527,-1.4077029718974419,-0.043395902709206575,0.13118407949354935,-0.18589274208120926,0.47305160205013086
LNGN0345,Sabine Pass LNG Terminal,2020-08-01,0.5626218400941526,0.3587716084218983,0.900419943235006,1.4912769822821659,1.3495742195400444,1.6345839514695482
LNGN0359,Senboku 2 LNG Terminal,2020-08-01,-0.593731985120406,-1.388476142099024,0.03820410070814873,0.13561806390979578,-0.058714446875840445,0.31893498615272053
LNGN0374,Sines LNG Terminal,2020-08-01,0.48048646641222564,0.2690268174564507,0.826600012766546,-0.1462070870271478,-0.2500397149405501,-0.04147718076149762
LNGN0378,Skikda LNG Terminal,2020-08-01,-0.4415965799928664,-1.3159454696782416,0.3188302730934952,0.7111404497492884,0.4538617948735587,0.9821040842080806
LNGN0381,Sodegaura LNG Terminal,2020-08-01,0.2999856624920443,0.1087638700188356,0.5743047156213933,0.5387832999546833,0.28356745471481665,0.796007796322424
LNGN0385,South Hook LNG Terminal,2020-08-01,-0.6615358339946807,-1.391672461428149,-0.10776991633614541,0.27650635504355575,0.18380764370423017,0.3651525037861653
LNGN0398,Taichung LNG Terminal,2020-08-01,-0.6967397021372544,-1.3806695176038637,-0.1714188340648632,-0.02806017345625391,-0.1255995854512914,0.07609469214527592
LNGN0426,Tongyoung LNG Terminal,2020-08-01,-0.679265846514514,-1.3414346382741962,-0.14902257560034968,0.5760089101157303,0.45968402295894784,0.6807869487282515
LNGN0427,Tornio Manga LNG Terminal,2020-08-01,-0.4912619949402212,-1.4274683127233345,0.2663450665742345,-0.7219580126163421,-1.014860848301523,-0.398725203468241
LNGN0428,Toscana FSRU,2020-08-01,-0.26483563440048286,-1.3789117238093895,0.6957369370879729,-0.13032286123716064,-0.26810313859551393,0.016222130542238658
LNGN0435,Vysotsk LNG Terminal,2020-08-01,0.6033143673360197,0.3631472570597554,0.8710341579131546,0.4545415875729393,0.1578688518097072,0.7637782923897594
LNGN0441,Wheatstone LNG Terminal,2020-08-01,0.6165935245138857,0.34596158680093786,0.8454070166798002,1.0878337000365568,0.9112845441679892,1.2755932516097437
LNGN0452,Yamal LNG Terminal,2020-08-01,2.3743717690755877,1.5512154863274514,3.0634854287630136,1.2161077723767684,1.0520997426316991,1.385158591562091
LNGN0453,Yanai LNG Terminal,2020-08-01,-0.6620831172740377,-1.4199263144958432,-0.08851011476525357,-0.30295012309740055,-0.39367135291485605,-0.2236192196598451
LNGN0460,Yokkaichi Works LNG Terminal,2020-08-01,-0.47415335221554217,-1.3787988844543964,0.27317054710670235,-0.31787138938567483,-0.4076192501576321,-0.23850165250426464
LNGN0463,Yung-An LNG Terminal,2020-08-01,-0.6402828289716777,-1.3870108682737685,-0.05220651718651698,0.017907701669434502,-0.07601785436990482,0.10649940631419334
LNGN0473,Zhuhai LNG Terminal,2020-08-01,0.6745339051719803,0.08750912854896559,1.412913653187352,-0.13599155125867224,-0.2669482606513969,0.0020002667317210467
LNGN0474,Świnoujście Polskie LNG Terminal,2020-08-01,0.3064839305472466,0.010538181762819222,0.7715869293804951,-0.029450099078346833,-0.15793751053075783,0.1059926686757411
LNGN0026,Arzew-Bethioua LNG Terminal,2020-09-01,0.5103566865108388,0.2636324240952945,0.8922103415048886,0.985805783939238,0.8228261819043475,1.154136516342114
LNGN0027,Atlantic LNG Terminal,2020-09-01,1.3396943896979547,1.0108465358485133,1.5651393693138391,0.8437575479551966,0.6370260197607907,1.0384957144643252
LNGN0037,Bilbao LNG Terminal,2020-09-01,-0.6707990203203836,-1.333601022882101,-0.11827510510777069,-0.05309812915084311,-0.12548919078844314,0.025024337295916285
LNGN0056,Cartagena LNG Terminal (Spain),2020-09-01,0.26066426053726427,-0.15786459335672026,0.8212227863254554,-0.12081921582579587,-0.3083316399022833,0.07223975155330026
LNGN0070,Corpus Christi LNG Terminal,2020-09-01,2.589166644062719,1.6519889035243267,3.3494768629141616,1.3117087163397831,1.1632094458056195,1.4777834966372656
LNGN0085,Das Island LNG Terminal,2020-09-01,0.5181555838337204,0.3090580983752275,0.8566485443957997,0.8257034901807082,0.647177180562036,0.9880291004680114
LNGN0103,Elba Island LNG Terminal,2020-09-01,-0.5051622055589062,-1.400168608383969,0.20508202585712298,0.7248736680841885,0.5216900436871692,0.9388597714453694
LNGN0121,Fos Tonkin LNG Terminal,2020-09-01,0.6687867636856896,0.26932790227861103,0.9514327638362621,-0.5960277033136666,-0.7577103714808779,-0.44770425619617304
LNGN0124,Freeport LNG Terminal,2020-09-01,-0.7336906786057467,-1.3838531509324006,-0.2563130973640544,1.281181928777564,1.1072897193014786,1.4623964796274433
LNGN0130,GasPort FSRU,2020-09-01,-0.027069727402126743,-0.2527428076804044,0.19576440265934109,-0.3320920102814022,-0.5960901329346832,-0.06074918020056653
LNGN0132,Gate LNG Terminal,2020-09-01,0.4467755419679689,0.20226873963597194,0.836019309676243,0.16423607497759918,0.007822367095425392,0.3204502133339871
LNGN0142,Gorgon LNG Terminal,2020-09-01,0.27352801902325896,-0.1433792885583956,0.8393620532505506,1.2819740987744142,1.1231815640526,1.4494878983731292
LNGN0166,Hammerfest LNG Snohvit Terminal,2020-09-01,0.5353940914941727,0.33504441698886345,0.8845582622591095,0.7220449156832166,0.5559593286576953,0.8919108093071868
LNGN0168,Hazira LNG Terminal,2020-09-01,-0.6730947199086381,-1.3836568093950885,-0.11343863452013421,-0.02576393800427443,-0.09741904489733769,0.05284400296502916
LNGN0173,Himeji LNG Terminal,2020-09-01,-0.6761469171359682,-1.4606357558384937,-0.0945504746990355,-0.042133972134166975,-0.225762431474784,0.12451967619571346
LNGN0178,Huelva LNG Terminal,2020-09-01,-0.6520581084178263,-1.4269202461340005,-0.06100140501134358,0.08670250048790554,-0.030295829249124114,0.19055906388698302
LNGN0181,Incheon LNG Terminal,2020-09-01,0.24882332076607055,-0.0006577532363207595,0.6686251911256853,0.8325976180315139,0.6442212160053632,1.0064990946361476
LNGN0207,Klaipeda FSRU,2020-09-01,-0.4928999222809758,-1.3783266624132617,0.2471433717689264,-0.2607889130087482,-0.43958874384815594,-0.07557691521032286
LNGN0222,Lysekil LNG Terminal,2020-09-01,0.8210608852713538,0.3812297459502832,1.119762464380444,-0.7791553169174622,-1.0494035849709191,-0.48352576422850063
LNGN0232,Marmara LNG Terminal,2020-09-01,-0.6456507129992317,-1.4276712181391893,-0.06153737695824063,-0.06966694717864613,-0.13758904917561093,0.0019604547070126523
LNGN0241,Mizushima LNG Terminal,2020-09-01,-0.5083814273861844,-1.4347084866257844,0.21172155289655195,-0.09339009749200294,-0.1818179814267496,0.0011334236074196178
LNGN0244,Montoir LNG Terminal,2020-09-01,0.19686492202597505,-0.1646602921186781,0.7697124421150211,0.08474353639895417,-0.0967235870868198,0.250056220497509
LNGN0251,Mundra LNG Terminal,2020-09-01,-0.27363251255663945,-1.421161422403023,0.6885746715293857,-0.11639552174052409,-0.33653315430746467,0.1120897407601108
LNGN0261,Nigeria LNG Terminal,2020-09-01,2.0176246919447207,1.5808776038688162,2.308499738016011,1.4171650941186953,1.2808349497388238,1.540749741714358
LNGN0278,Panigaglia LNG Terminal,2020-09-01,-0.6310525910053887,-1.400497124760371,-0.03406255193996646,-0.43490035283333933,-0.6108415380133925,-0.27964842722248323
LNGN0297,Pluto LNG Terminal,2020-09-01,1.971708339840037,1.525595595579451,2.2590830586090487,0.8934787391960174,0.7388107688489749,1.0602973500244783
LNGN0319,Qidong LNG Terminal,2020-09-01,-0.637590581652943,-1.3742316709333162,-0.04149530670024441,0.014889683551199816,-0.11275695579903408,0.150750894831444
LNGN0322,Queensland Curtis LNG Terminal,2020-09-01,0.4510767497307761,0.18992685511805676,0.9121080871402598,0.8705597477437965,0.6734315740365737,1.0610707427381418
LNGN0324,Quintero LNG Terminal,2020-09-01,-0.6520990685575757,-1.3613395210111945,-0.061109282062850455,-0.08065088770518176,-0.17603646869920966,0.02226007590975169
LNGN0328,Rasgas LNG Terminal 3,2020-09-01,4.482836802653204,1.9255820353996027,6.9578716606696736,1.3036690799510127,1.1900998711459352,1.4176180565102183
LNGN0334,Risavika LNG Terminal,2020-09-01,-0.6757904307310915,-1.3492808886142906,-0.13557430350099586,0.14514587545065377,-0.16023919895021446,0.48127056183080796
LNGN0345,Sabine Pass LNG Terminal,2020-09-01,1.9106483124884286,1.5386163135381012,2.1690161111766098,1.5001215121488993,1.3760541060456306,1.6368446092349445
LNGN0359,Senboku 2 LNG Terminal,2020-09-01,0.6145645477266823,-0.04082312370229612,1.4117243745838002,0.1495798598668999,-0.05627904554162337,0.3343759102175891
LNGN0374,Sines LNG Terminal,2020-09-01,0.20691617825539504,-0.02103123088610124,0.5587735331275819,-0.004783300777900076,-0.07198582647182238,0.06857855584546016
LNGN0378,Skikda LNG Terminal,2020-09-01,0.29627295027308415,-0.22228434377260597,0.6408173662601414,0.725102245706393,0.47117276840671474,0.9872366846315124
LNGN0381,Sodegaura LNG Terminal,2020-09-01,0.2074979648736397,-0.18937076649641954,0.781265345040976,0.5951434216768751,0.31152856490720254,0.8645597235422624
LNGN0385,South Hook LNG Terminal,2020-09-01,-0.6534003460106694,-1.3363539629559682,-0.10298034211561817,0.37425641343246663,0.31091927635273225,0.45084991643814015
LNGN0398,Taichung LNG Terminal,2020-09-01,-0.6800635194447675,-1.3952155194119678,-0.1492790526263028,-0.014098377499149887,-0.10385544788627372,0.08197772166898248
LNGN0426,Tongyoung LNG Terminal,2020-09-01,0.1880470636562359,-0.22615833955412992,0.7417998153500905,0.5562761987031447,0.455105102681635,0.6512196725793763
LNGN0428,Toscana FSRU,2020-09-01,-0.704757262013524,-1.3721543556430729,-0.1722614617186696,-0.0985432781814608,-0.22236906843129406,0.03319895567616228
LNGN0435,Vysotsk LNG Terminal,2020-09-01,0.5384140540867827,0.3391899207162779,0.8803037370723589,0.46850338353004295,0.18430509436136697,0.7724133843002459
LNGN0441,Wheatstone LNG Terminal,2020-09-01,0.45789788762086575,0.19649028678634872,0.8861750845447378,1.10499056300561,0.9381566289994883,1.2776602452900558
LNGN0452,Yamal LNG Terminal,2020-09-01,2.674415928990379,1.800654638048336,3.4222693310822008,1.3141345982351609,1.1820778799625975,1.4623602190878686
LNGN0453,Yanai LNG Terminal,2020-09-01,-0.6538552578622234,-1.3692514512816412,-0.05588032535197957,-0.28898832714029654,-0.38456317017300723,-0.20008137523341418
LNGN0460,Yokkaichi Works LNG Terminal,2020-09-01,0.18969392449572944,-0.19533976186402438,0.7441245012792355,-0.30205051709470093,-0.39735232793863595,-0.21642210438147896
LNGN0463,Yung-An LNG Terminal,2020-09-01,0.4123260286325336,0.16320781529029108,0.8358461077065543,0.12301751428925509,-0.04254528157429115,0.2732902132782525
LNGN0464,Zeebrugge LNG Terminal,2020-09-01,0.22033378503981818,-0.22308686179417792,0.8689836503257216,0.24188247414564315,0.07870481802111347,0.3909989944053868
LNGN0473,Zhuhai LNG Terminal,2020-09-01,0.29238460801760013,-0.10822530778648413,0.8564735704481762,-0.14713131816665317,-0.28171326764027965,-0.009640465721523704
LNGN0474,Świnoujście Polskie LNG Terminal,2020-09-01,-0.6898292881510092,-1.3883561055080011,-0.14219665430737394,-0.053561305566774874,-0.18568573509200234,0.08758864981629098
LNGN0026,Arzew-Bethioua LNG Terminal,2020-10-01,0.6485302031387778,0.44976530587884495,0.9156767404212139,1.0984769606461668,0.9103163940816904,1.2798891726105244
LNGN0027,Atlantic LNG Terminal,2020-10-01,0.8045047527233098,0.3595962959823567,1.048684035771831,1.0301531225883154,0.9292197474846908,1.1225443214274808
LNGN0037,Bilbao LNG Terminal,2020-10-01,-0.6173047269892932,-1.3580915869537271,0.004630313486655529,-0.1616054698833131,-0.2432466206055858,-0.07370867417308703
LNGN0040,Boryeong LNG Terminal,2020-10-01,0.40210938683253855,0.094275801389836,0.8762810747884471,0.30134112598761364,0.21021561498425473,0.3965483579451888
LNGN0044,Brunnsviksholme LNG Terminal,2020-10-01,-0.5442100481922,-1.415401342349243,0.14530050929354754,-0.7465376204866687,-1.0171312133637254,-0.46722304346734306
LNGN0056,Cartagena LNG Terminal (Spain),2020-10-01,-0.6100374523189126,-1.3800677296157808,0.0057160871320272215,0.13869841811891576,-0.003672628101225896,0.26752404799160334
LNGN0070,Corpus Christi LNG Terminal,2020-10-01,1.405358815391822,1.2049543546502055,1.6727368484201484,1.3496841901015324,1.2246478150714046,1.496800422643046
LNGN0085,Das Island LNG Terminal,2020-10-01,-0.7478324890326845,-1.4075621188536247,-0.28099101525649556,0.6792962400974231,0.43142753274766743,0.9175655989688751
LNGN0112,Everett Marine Terminal,2020-10-01,-0.44513299695234526,-1.4054334526738281,0.33611564029888724,-0.10877827565733132,-0.34738188764980765,0.10487847836009948
LNGN0121,Fos Tonkin LNG Terminal,2020-10-01,0.4628022055715406,0.2416236793261625,0.8000815564153902,-0.605001091708738,-0.7796860492080708,-0.45216921326563997
LNGN0124,Freeport LNG Terminal,2020-10-01,1.662578001756363,1.283076602166408,1.898679923925823,1.3668965390709922,1.2385600045099432,1.5170295564861849
LNGN0130,GasPort FSRU,2020-10-01,-0.6529198314643371,-1.4087936532257876,-0.0688442354836323,-0.2462663558139262,-0.45514679325010277,-0.04528688862191773
LNGN0132,Gate LNG Terminal,2020-10-01,0.31689625141995276,-0.08593801422319242,0.8748712759101714,0.23710214457691564,0.14618605923256092,0.32415866900127405
LNGN0142,Gorgon LNG Terminal,2020-10-01,0.8669366919493396,0.42184251390454747,1.4490555818111266,1.3035861402477895,1.1699159964538695,1.4482884139503405
LNGN0168,Hazira LNG Terminal,2020-10-01,1.5346219717581022,1.2901489761642362,1.9413222815346525,0.03416902086541315,-0.041745873514960306,0.11002653764934406
LNGN0170,Higashi Niigata LNG Terminal,2020-10-01,-0.5561243290551461,-1.3803230602736025,0.11045238011895045,0.13071658181616727,-0.04258960215116398,0.2869857297570401
LNGN0178,Huelva LNG Terminal,2020-10-01,-0.6273080544078079,-1.362633585253734,-0.030741104952210045,0.11921570967085905,-0.021502563804119794,0.2446177061387844
LNGN0181,Incheon LNG Terminal,2020-10-01,-0.5992374362777532,-1.3232455999585089,0.0015406087968099348,0.8573597298177865,0.640639823471341,1.052806573165444
LNGN0186,Izmir Aliaga LNG Terminal,2020-10-01,-0.4299854688036468,-1.3470247591454902,0.3670208215267524,0.14206093946829693,0.026577094366927196,0.25004998304385007
LNGN0207,Klaipeda FSRU,2020-10-01,-0.6012508532410338,-1.4109072028139986,0.03739073753903324,-0.2519926863365729,-0.42210091898242535,-0.0808768395993623
LNGN0222,Lysekil LNG Terminal,2020-10-01,-0.45984392309311783,-1.3937323442670255,0.32885763286718656,-0.7703590902452861,-1.0364420370303637,-0.48665802348037457
LNGN0232,Marmara LNG Terminal,2020-10-01,-0.6263399585390689,-1.4086412997047848,-0.019096202648401842,0.028482472181358656,-0.08189739489509884,0.1339395290448894
LNGN0241,Mizushima LNG Terminal,2020-10-01,-0.5660978982777813,-1.385358545887803,0.09643264207628831,-0.08008979444042014,-0.15450278001104092,0.002719627840686156
LNGN0244,Montoir LNG Terminal,2020-10-01,0.42409012804708096,0.21269272627822233,0.816840775459829,0.11048538171754502,-0.09900556018511128,0.3032817748991818
LNGN0251,Mundra LNG Terminal,2020-10-01,-0.6126979946315413,-1.353248485687156,0.0028369174546313426,0.04035112845197764,-0.09512050058431513,0.18410788806247827
LNGN0261,Nigeria LNG Terminal,2020-10-01,2.0497343153662344,1.4726684580183904,2.3999306891024013,1.4434203652727449,1.2883642398356563,1.5883362918143569
LNGN0270,Ohgishima LNG Terminal,2020-10-01,0.6174094351545417,0.21237940633491478,0.8596954157270857,0.22988512180815746,0.12315875472142088,0.32680846768339195
LNGN0297,Pluto LNG Terminal,2020-10-01,0.9808537440872552,0.7429219570583573,1.2381049687984564,0.9098908378307948,0.7741541578133297,1.0548051938592862
LNGN0314,Pyeongtaek LNG Terminal,2020-10-01,-0.41475219930384627,-1.381520257600088,0.3694615033461629,0.6836370576938728,0.46763152126266955,0.8923374701030149
LNGN0319,Qidong LNG Terminal,2020-10-01,0.10832247722008499,-0.42523844683313033,0.4155539959519391,0.05025250718845121,-0.06346112335748394,0.1707912028510297
LNGN0322,Queensland Curtis LNG Terminal,2020-10-01,0.8155910982765016,0.4460200413607956,1.0636463039486987,1.037016572670513,0.900032443669725,1.1749439997986733
LNGN0328,Rasgas LNG Terminal 3,2020-10-01,3.2831535989739136,1.6619670498990051,4.751497429359243,1.3137688517486708,1.2052448996477747,1.4128719211785017
LNGN0345,Sabine Pass LNG Terminal,2020-10-01,2.8040507281519895,1.6906339066778302,3.7815309045826577,1.516862621538258,1.4033607440441938,1.637424107564147
LNGN0359,Senboku 2 LNG Terminal,2020-10-01,-0.43572476760935897,-1.3211254958001646,0.3389155812017503,0.20129296299959532,-0.04730266942721096,0.42760808616934154
LNGN0362,Sergipe FSRU,2020-10-01,-0.5746960584829387,-1.3713304003134899,0.06556329121572778,-0.013351877168921724,-0.18274940939445855,0.1552854201470745
LNGN0363,Shandong LNG Terminal,2020-10-01,-0.4207307203717784,-1.3068717915723238,0.342794774754056,0.241559795972961,0.1477135340050991,0.3417838067550069
LNGN0374,Sines LNG Terminal,2020-10-01,0.2643742851962399,-0.034092040533713924,0.7245454516979133,0.006777039275725634,-0.049839529121576596,0.06848133072999323
LNGN0378,Skikda LNG Terminal,2020-10-01,-0.700202656478479,-1.3912094287317642,-0.17642508109728292,0.7244901401317716,0.4817831893536736,0.9771131412047512
LNGN0381,Sodegaura LNG Terminal,2020-10-01,-0.4941756759160468,-1.4382451204047222,0.22030300907377828,0.5973340787517422,0.3080055952007541,0.8739823125682379
LNGN0385,South Hook LNG Terminal,2020-10-01,0.9132666779209739,0.3230820277184,1.6716674485339067,0.29926437767283603,0.24231712258225407,0.36638552399391466
LNGN0398,Taichung LNG Terminal,2020-10-01,-0.6604368740339449,-1.388258370497563,-0.08918267097755359,-0.005302150826974243,-0.0810979733434844,0.07913332118348022
LNGN0421,Tianjin LNG Terminal (Sinopec),2020-10-01,0.3375290756280368,0.012456550063829005,0.8089597951671564,0.30245958147432644,0.19787220600789499,0.41325533655665003
LNGN0426,Tongyoung LNG Terminal,2020-10-01,-0.6001888405981401,-1.364800269790432,0.019016868250892223,0.584106714946703,0.45342606921214784,0.7005011823579564
LNGN0435,Vysotsk LNG Terminal,2020-10-01,1.4066809349576248,0.8743784370983224,1.7785336369667266,0.2677860911964521,-0.05377112169796738,0.5956735432912226
LNGN0441,Wheatstone LNG Terminal,2020-10-01,1.040009603559592,0.8398236002893583,1.3847071341029562,1.1120890580057938,0.9656837304057343,1.2738889016744916
LNGN0452,Yamal LNG Terminal,2020-10-01,3.3675454513861616,1.7211918655072385,4.8895430259826504,1.2823376786211418,1.1541759015028077,1.4135551868290388
LNGN0460,Yokkaichi Works LNG Terminal,2020-10-01,1.125386396076101,0.7989334896561803,1.3108501135819233,-0.274619530066999,-0.3940625554678884,-0.16083456605813246
LNGN0463,Yung-An LNG Terminal,2020-10-01,0.3001379888008375,-0.07790810353958545,0.8417833512034696,0.2533882385100321,0.07442676176972056,0.411021380575967
LNGN0464,Zeebrugge LNG Terminal,2020-10-01,-0.6406174053094877,-1.3885157172285088,-0.06951837117776884,0.22462414569891617,0.06456117495149886,0.368750800209714
LNGN0473,Zhuhai LNG Terminal,2020-10-01,0.2956296857713616,-0.1008687349956291,0.8653998731982105,-0.05798435497186298,-0.1600699280726563,0.050907472872897964
LNGN0474,Świnoujście Polskie LNG Terminal,2020-10-01,0.10734893007375648,-0.08130413115825628,0.4301858324361935,-0.006692076449067196,-0.11286740437440722,0.10905903893087533
LNGN0026,Arzew-Bethioua LNG Terminal,2020-11-01,1.0093375051827873,0.6993712295516903,1.5036515504014405,1.0997506762001124,0.8968125202242823,1.297014705617717
LNGN0037,Bilbao LNG Terminal,2020-11-01,-0.6837131823853557,-1.4060050697769941,-0.13364676615317525,-0.16033175432936697,-0.22565824983012234,-0.09648647282741565
LNGN0040,Boryeong LNG Terminal,2020-11-01,-0.6428513652780896,-1.3851170126954273,-0.06003080118813125,0.27486491698639365,0.1911611528885722,0.3564880474377641
LNGN0056,Cartagena LNG Terminal (Spain),2020-11-01,-0.627571165512782,-1.3831711992911155,-0.039100082097442784,0.1466047127615754,-0.01917235204978665,0.30234754870274483
LNGN0070,Corpus Christi LNG Terminal,2020-11-01,1.4001755367794708,0.9954115828602577,1.6550303632212802,1.3249793243467354,1.2045502559163468,1.457011108319106
LNGN0085,Das Island LNG Terminal,2020-11-01,-0.7437222580720906,-1.3772688406134268,-0.2791351521137787,0.5733778835475197,0.37206276911436237,0.760629151345453
LNGN0121,Fos Tonkin LNG Terminal,2020-11-01,0.41034126140250493,0.09074071952247846,0.5941061065577734,-0.47332901246589454,-0.715660525237409,-0.25279547513364886
LNGN0124,Freeport LNG Terminal,2020-11-01,2.008824480757583,1.540799751390947,2.333195751993991,1.365157289323941,1.2494219060624394,1.4922633465082327
LNGN0130,GasPort FSRU,2020-11-01,0.28675020625794967,-0.11778563437617623,0.8451268858227036,-0.3220220680552801,-0.5568117811610953,-0.09357509448498487
LNGN0132,Gate LNG Terminal,2020-11-01,0.988168835184124,0.6913807203760367,1.4541413161268166,0.056108727283137844,-0.0672782189958877,0.18071715087536622
LNGN0142,Gorgon LNG Terminal,2020-11-01,1.5106953333018756,1.3198619113754755,1.8281814434328039,1.2982832743279646,1.1821953888789518,1.4273127794510971
LNGN0144,Grain LNG Terminal,2020-11-01,-0.6218438419130419,-1.3786047912057169,-0.022749748611266076,0.08051469517175601,-0.02186618777575339,0.18148887317647852
LNGN0168,Hazira LNG Terminal,2020-11-01,1.4237213706619427,0.982995725843894,1.7324923846477787,-0.01857138543396725,-0.07225005115443973,0.03907213804399021
LNGN0170,Higashi Niigata LNG Terminal,2020-11-01,-0.6713323911725381,-1.4229032076967236,-0.10001399478957533,0.13619535517149875,-0.051114665313589575,0.3170922469530877
LNGN0181,Incheon LNG Terminal,2020-11-01,0.23984550014344738,-0.050928766127276995,0.6807895917320065,0.8225133486845441,0.6211284134923901,1.0220271010534931
LNGN0186,Izmir Aliaga LNG Terminal,2020-11-01,0.6818261627466133,0.09495660323744302,1.3851514931265958,0.1433346550222433,0.051580259091339536,0.2272207414335984
LNGN0195,Jieyang LNG Terminal (PipeChina),2020-11-01,0.25246966024739603,-0.18022917715419626,0.8296107833609597,-0.19371894199391906,-0.3284525492842122,-0.0605612629956063
LNGN0207,Klaipeda FSRU,2020-11-01,-0.6262917077633283,-1.4238834713179473,-0.0008151494054980338,-0.15661710514447905,-0.2727371448923568,-0.044395504456056535
LNGN0222,Lysekil LNG Terminal,2020-11-01,-0.6244279559891293,-1.4358378101733718,0.015444970020913586,-1.0304181412862705,-1.3530510881554987,-0.7095138675319559
LNGN0232,Marmara LNG Terminal,2020-11-01,-0.5616874646724955,-1.4001024523802374,0.09910119719996781,0.029756187735304973,-0.09629646197633342,0.15418155141108722
LNGN0244,Montoir LNG Terminal,2020-11-01,0.28859135284119913,-0.018862650856312727,0.7792839859254242,0.08502225175820137,-0.12648581347730053,0.2846983922002926
LNGN0261,Nigeria LNG Terminal,2020-11-01,1.7495989950328763,1.5422906991435024,2.072242309526819,1.430167516780601,1.2682022297354076,1.5848281632331234
LNGN0270,Ohgishima LNG Terminal,2020-11-01,0.6924110493512995,0.11492143587716698,1.3730576263615004,0.16922700443057417,0.08112880281779228,0.2518397369821925
LNGN0297,Pluto LNG Terminal,2020-11-01,1.28319804462649,0.810396722568055,1.9509193861437868,0.9128361713029688,0.7906895807371568,1.0367693700144378
LNGN0314,Pyeongtaek LNG Terminal,2020-11-01,0.2848130087898289,-0.05685781158996324,0.753862998582184,0.7440249483217963,0.47625552003528304,0.9939713312135353
LNGN0319,Qidong LNG Terminal,2020-11-01,0.21516659617149847,-0.15715388382017134,0.744504119740096,0.0038160962097028646,-0.11333046871907801,0.1181598363033121
LNGN0322,Queensland Curtis LNG Terminal,2020-11-01,0.7138194861043664,0.39625038970676846,0.9302222039919155,0.9691309694623188,0.8385730333973475,1.099514195245061
LNGN0328,Rasgas LNG Terminal 3,2020-11-01,3.7755709222813927,1.8763383459226242,5.551958854310143,1.3261816286058794,1.2167367239045608,1.4259328832839568
LNGN0345,Sabine Pass LNG Terminal,2020-11-01,1.676767063072693,1.4250935680318184,2.055883601956981,1.5100723750981235,1.4043421710369115,1.6137395369976286
LNGN0347,Sagunto LNG Terminal,2020-11-01,-0.6603666435812762,-1.3898103734880842,-0.09432732100815494,0.05239380943089069,0.002131211385782073,0.10468640199669857
LNGN0362,Sergipe FSRU,2020-11-01,-0.6189700168380448,-1.3503734290368048,-0.013586908007375212,0.03330274474977908,-0.09923601796167221,0.165386501006782
LNGN0363,Shandong LNG Terminal,2020-11-01,-0.482643889705127,-1.407505089196774,0.2581958470324238,0.24283351152690733,0.16402424445270955,0.3193361768660008
LNGN0374,Sines LNG Terminal,2020-11-01,0.09809014068428198,-0.10599670993167874,0.43721616313885725,-0.10344081505242662,-0.16200250578201517,-0.0463535610943914
LNGN0378,Skikda LNG Terminal,2020-11-01,0.47693416359422636,0.22750495025656567,0.8739517311804095,0.6429095630665421,0.44667456450548126,0.8327580043760228
LNGN0381,Sodegaura LNG Terminal,2020-11-01,0.6675533451077817,0.15579979250290457,1.3593777566148915,0.6414095815423584,0.3010264467922271,0.9576673103690526
LNGN0385,South Hook LNG Terminal,2020-11-01,-0.4774164387827754,-1.3808164355174524,0.26364659873001045,0.2881810050554411,0.23327070222084142,0.34477879072176987
LNGN0398,Taichung LNG Terminal,2020-11-01,-0.68904338537329,-1.3660098470877462,-0.14262238928032123,-0.0040284352730279496,-0.07124897137734383,0.06595503229081062
LNGN0421,Tianjin LNG Terminal (Sinopec),2020-11-01,0.8526188924655159,0.2856202905029091,1.591087185664396,0.29586336849958933,0.20536122040984686,0.3885314233463093
LNGN0426,Tongyoung LNG Terminal,2020-11-01,-0.6050168609859525,-1.3557682085229312,0.002658830178818221,0.6000406482989562,0.43987788107402165,0.7440595351592322
LNGN0427,Tornio Manga LNG Terminal,2020-11-01,-0.4991125303197636,-1.4360687334474507,0.2613857870879962,-0.6979262744331166,-0.9672060855982344,-0.4172123077382101
LNGN0429,Toyama Shinko LNG Terminal,2020-11-01,-0.6419043691490744,-1.3757931145140494,-0.0549476631253778,-0.281826164016443,-0.4395950583519022,-0.1290453900794496
LNGN0435,Vysotsk LNG Terminal,2020-11-01,1.2497453602367685,0.8464224049623964,1.522295837003679,0.4719009601399576,0.20626403577843502,0.7410666209393989
LNGN0441,Wheatstone LNG Terminal,2020-11-01,1.726031062193961,1.4146339896324993,1.9225745140430506,1.1159492742760964,0.9872580436401579,1.2553725382334868
LNGN0452,Yamal LNG Terminal,2020-11-01,2.7135003466583902,1.6437768405724362,3.6570919865182603,1.2889228855767312,1.1669930773004673,1.413503468947562
LNGN0460,Yokkaichi Works LNG Terminal,2020-11-01,0.6720254900334274,0.09091442536063798,1.4531016739464782,-0.2810233527080956,-0.41086302116024476,-0.14707034234972916
LNGN0464,Zeebrugge LNG Terminal,2020-11-01,0.05866709799308208,-0.20410162009574767,0.3051999189765068,0.18529408568926878,0.022278455167034934,0.33123756087437334
LNGN0472,Zhoushan LNG Terminal,2020-11-01,-0.6538335682319423,-1.4401480525052703,-0.0903825157306128,-0.03283387361830952,-0.1680842090460379,0.1020487473084062
LNGN0026,Arzew-Bethioua LNG Terminal,2020-12-01,-0.36346241439888527,-1.3486857010848226,0.46878137467626885,1.1061761718447016,0.8857308340348694,1.3221761216715537
LNGN0037,Bilbao LNG Terminal,2020-12-01,0.7132364194465909,0.18062774996741998,1.0499013402289226,-0.28422540835232135,-0.40244405062084454,-0.17221150218998926
LNGN0052,Cameroon FLNG Terminal,2020-12-01,-0.5741232772753084,-1.373034110079832,0.07270464220350996,0.7559535814335484,0.6141659717378238,0.9073791829641752
LNGN0070,Corpus Christi LNG Terminal,2020-12-01,2.3441133781650234,1.6955320423746956,2.867645512258081,1.232239867091112,1.1191298747241816,1.3440728537504836
LNGN0081,Dalian LNG Terminal,2020-12-01,-0.6225506135772145,-1.4075175788263417,-0.01984522984812106,0.26510048123178864,0.17280126328624038,0.34765842958622656
LNGN0103,Elba Island LNG Terminal,2020-12-01,-0.37357328987580735,-1.3856098569831143,0.47614543706294987,0.5251351199009545,0.31851435649356963,0.724814983959149
LNGN0124,Freeport LNG Terminal,2020-12-01,2.0177044981029635,1.622499199623308,2.221669138845445,1.3490642767962109,1.2342529836967235,1.4621480434012288
LNGN0132,Gate LNG Terminal,2020-12-01,-0.5923855333510621,-1.3923344599981904,0.035238548938793884,0.05025420291540394,-0.053001325991874876,0.16033341618031233
LNGN0142,Gorgon LNG Terminal,2020-12-01,0.7025136790395496,0.09507603995994239,1.45534400292169,1.2975448452220464,1.190057851912155,1.4042756632864035
LNGN0144,Grain LNG Terminal,2020-12-01,0.15709315459236553,-0.010647734018887942,0.4405188404650554,0.08417951954877775,-0.0027309340359940463,0.16766009071157978
LNGN0168,Hazira LNG Terminal,2020-12-01,-0.5549090588232815,-1.393749476160087,0.10881467334941343,-0.005855344270159221,-0.08306518223004596,0.07801659398429565
LNGN0173,Himeji LNG Terminal,2020-12-01,0.5185320595582724,0.299601752442979,0.8584004862199666,-0.040908125119032086,-0.26442224642303863,0.1823770641420431
LNGN0181,Incheon LNG Terminal,2020-12-01,0.16374024339379975,-0.09249613176795853,0.46528626042013577,0.8526535484489803,0.6146679081055338,1.0812647788159446
LNGN0186,Izmir Aliaga LNG Terminal,2020-12-01,0.3344018481274355,0.00675557041845224,0.805261452767884,0.20078164036753232,0.13763703794537754,0.26720238219371645
LNGN0195,Jieyang LNG Terminal (PipeChina),2020-12-01,1.0337890747588685,0.5098254779009537,1.7034463229623658,-0.23302415840075202,-0.35895257698165456,-0.10889788790503857
LNGN0207,Klaipeda FSRU,2020-12-01,-0.15338059052045783,-1.3661684439687256,0.9154343891754775,-0.16518119981713927,-0.26586673576385933,-0.06926816534896393
LNGN0222,Lysekil LNG Terminal,2020-12-01,-0.35356703377059095,-1.4265827558179895,0.5430397097411892,-1.0370082279045796,-1.3460941845149115,-0.7264103053619123
LNGN0232,Marmara LNG Terminal,2020-12-01,-0.16153144423801966,-1.411415914633105,0.9153854131336879,-0.0661870915708326,-0.1673649250854837,0.03234968605747666
LNGN0244,Montoir LNG Terminal,2020-12-01,0.3076430325904529,0.06456633772262232,0.6977431944742952,0.07776880245181185,-0.14244605969472102,0.2986646785579863
LNGN0248,Mugardos LNG Terminal,2020-12-01,-0.629038675199481,-1.4493740555522523,-0.0178726178443017,-0.24183361148252938,-0.3170198402733897,-0.16974831830758916
LNGN0261,Nigeria LNG Terminal,2020-12-01,2.4738771106698594,1.7810460865581543,3.035922579780457,1.3638724593684342,1.191771628815896,1.5237614081313746
LNGN0270,Ohgishima LNG Terminal,2020-12-01,0.7473238332177305,0.3335513219094155,1.3250297208052186,0.21309641525557982,0.08511939961211433,0.3410253130325218
LNGN0297,Pluto LNG Terminal,2020-12-01,1.5923254036051826,1.3857912097869065,1.9188773291050252,0.9057331716394171,0.795579838579452,1.013406841914256
LNGN0314,Pyeongtaek LNG Terminal,2020-12-01,0.6695416141256947,0.16408716264486511,1.3592244958801172,0.6843092000179977,0.44131668703269755,0.9287381390323696
LNGN0322,Queensland Curtis LNG Terminal,2020-12-01,0.9670688414493195,0.3693629501271952,1.7107026837921218,0.9745788447718813,0.857159607072074,1.0822734462630847
LNGN0328,Rasgas LNG Terminal 3,2020-12-01,1.3554963063046468,0.8968355968420028,1.6240193410834691,1.3090615140883861,1.1954626738445822,1.4168467845418817
LNGN0345,Sabine Pass LNG Terminal,2020-12-01,3.096580840280668,1.7465739556054631,4.30724286443365,1.587791339186019,1.4607418484262262,1.7087991811428607
LNGN0347,Sagunto LNG Terminal,2020-12-01,-0.6166259653523958,-1.4092640270427554,-0.020603462526237057,0.03970976918113081,-0.01452803569674222,0.09704822769100269
LNGN0363,Shandong LNG Terminal,2020-12-01,0.7523308439177968,0.20467343062604765,1.471495269619509,0.23624342490859904,0.17042872804240095,0.3003990700878622
LNGN0374,Sines LNG Terminal,2020-12-01,0.6575981291355499,0.10275733874717048,1.3812092972312118,-0.1054132544868701,-0.16512762438523532,-0.04699100049112292
LNGN0381,Sodegaura LNG Terminal,2020-12-01,1.404656786995491,1.0429149892812855,1.9598132611078358,0.6164752631852874,0.27173506056227836,0.941311847217455
LNGN0382,Sodeshi Shimizu LNG Terminal,2020-12-01,-0.40817725916189873,-1.4345247023237648,0.4177648977857555,-0.21167084261664623,-0.31766555335835,-0.09814451547547483
LNGN0385,South Hook LNG Terminal,2020-12-01,0.6668974490176874,0.1590486034742049,1.3504889967056115,0.2843443062906629,0.2194371049351043,0.3474433040158708
LNGN0398,Taichung LNG Terminal,2020-12-01,-0.6206361731539638,-1.3972601855370392,-0.00866639907430504,-0.010618521891336321,-0.06800395210772368,0.04887673079338877
LNGN0421,Tianjin LNG Terminal (Sinopec),2020-12-01,1.0771046420029644,0.6142883438400564,1.6953696318406297,0.2716457044222765,0.18874616814325665,0.34782858313950693
LNGN0426,Tongyoung LNG Terminal,2020-12-01,-0.5855746801411161,-1.3902130253944875,0.041094122336776485,0.5934505616806479,0.4196137110973244,0.7543779174623026
LNGN0427,Tornio Manga LNG Terminal,2020-12-01,-0.482511107678449,-1.399949608162223,0.2788816565904999,-0.7045163610514246,-0.9577867066709063,-0.44000006882630305
LNGN0435,Vysotsk LNG Terminal,2020-12-01,0.8330263304293029,0.2834061481916141,1.2400127831119743,0.27786532294654753,-0.00021931995717318248,0.5539218535510579
LNGN0441,Wheatstone LNG Terminal,2020-12-01,0.5779124808473233,0.37196827982027686,0.8477573797417989,1.1119932705391267,0.994727428962939,1.2292885824780284
LNGN0452,Yamal LNG Terminal,2020-12-01,3.0874184152637736,1.6257226053740033,4.4480556572757335,1.2774709251539327,1.1694209875482622,1.3876055773039544
LNGN0460,Yokkaichi Works LNG Terminal,2020-12-01,0.7764120522765903,0.2303263158255021,1.1309924406478573,-0.27198924949933573,-0.43219050570222783,-0.10647921914861166
LNGN0464,Zeebrugge LNG Terminal,2020-12-01,-0.5160563077314272,-1.4101601280243816,0.1948217939911155,0.1915072428173041,0.016825390106294264,0.362598006793045
LNGN0472,Zhoushan LNG Terminal,2020-12-01,0.3613568348803264,0.060155894157386564,0.8510857530360386,0.04516183786596938,-0.05531715986798696,0.13830952381670672
LNGN0026,Arzew-Bethioua LNG Terminal,2021-01-01,0.27129757628088585,-0.1738288797708081,0.8877584292809768,0.945550241275532,0.6902416488112615,1.2021470828549212
LNGN0027,Atlantic LNG Terminal,2021-01-01,0.9245950509722862,0.4011702285053907,1.2832687085970038,0.9636790770330838,0.8133348229117116,1.1151018396024521
LNGN0037,Bilbao LNG Terminal,2021-01-01,-0.6009250469915133,-1.4093200750817676,0.02689468431221918,-0.04626284602491669,-0.13070078478976288,0.05449226981182621
LNGN0070,Corpus Christi LNG Terminal,2021-01-01,2.1620718164611312,1.6928753103115557,2.4902149544391823,1.3230154414701085,1.2148278194612034,1.4318897251050777
LNGN0079,Dabhol LNG Terminal,2021-01-01,-0.5599541644029093,-1.3687339052776135,0.10262516420513906,0.022482095002516737,-0.05905810394424692,0.09883788058422721
LNGN0124,Freeport LNG Terminal,2021-01-01,1.690038553042985,1.450879309400521,2.091703298729927,1.3449095739311137,1.230791427687041,1.456929703575434
LNGN0132,Gate LNG Terminal,2021-01-01,-0.559540807395278,-1.4067426994978416,0.1078066921223112,0.00721459510813198,-0.09260046860935847,0.11623184009142459
LNGN0142,Gorgon LNG Terminal,2021-01-01,0.3972999543208398,0.09466219944246321,0.8619702792846212,1.279209727012273,1.1817151301672473,1.373688110168892
LNGN0144,Grain LNG Terminal,2021-01-01,-0.5572101163218465,-1.3957099242195035,0.11714834627061581,0.08501615846105247,-0.008705546468647431,0.1789605507948562
LNGN0168,Hazira LNG Terminal,2021-01-01,-0.5373571554708974,-1.4120957281465165,0.13550206328693368,0.013985985089303302,-0.10788929718187684,0.13616684004094587
LNGN0173,Himeji LNG Terminal,2021-01-01,0.4159525957848272,0.16633932761766532,0.7927427935986622,-0.0382365998427504,-0.2867066936274568,0.2092579120457791
LNGN0178,Huelva LNG Terminal,2021-01-01,0.31652690322950006,-0.03811072485574017,0.8207096473226166,-0.006595032076767952,-0.18653019639302146,0.17395773803608838
LNGN0181,Incheon LNG Terminal,2021-01-01,0.8664801078549376,0.3600641814515406,1.5489853842747043,0.8387326785802405,0.5858290158719326,1.0794883713763275
LNGN0186,Izmir Aliaga LNG Terminal,2021-01-01,1.0964147035371816,0.644850053815527,1.7188498390306854,0.23218010112853932,0.12845763213377503,0.33511998637266543
LNGN0232,Marmara LNG Terminal,2021-01-01,0.7369941840630917,0.39019464415179445,0.9369404167347531,-0.07991934096432039,-0.19408276466109486,0.035415547312134164
LNGN0244,Montoir LNG Terminal,2021-01-01,0.29251213750553273,-0.016187377714890153,0.7682756115265031,0.06403655305832406,-0.17124427695699157,0.3019689175441981
LNGN0248,Mugardos LNG Terminal,2021-01-01,-0.6011848835501247,-1.3859830145035417,0.029874514002286932,-0.25556586087601746,-0.3183362743988364,-0.18510896928627568
LNGN0261,Nigeria LNG Terminal,2021-01-01,2.18878789663148,1.6562357660734057,2.5558375094236294,1.4289648534796615,1.2225309779498337,1.6233789674329886
LNGN0287,Penuelas LNG Terminal,2021-01-01,-0.4017235365786809,-1.4050830944164903,0.4321924064721308,-0.44313046751043184,-0.53677852223883,-0.3425994578977574
LNGN0297,Pluto LNG Terminal,2021-01-01,2.285195622923509,1.4631738412840012,2.9842176053563123,0.8870810929155986,0.7922098055969807,0.9850079082349461
LNGN0312,Punta Europa LNG Terminal,2021-01-01,-0.6295528793805399,-1.3889125344921343,-0.05323674796338441,0.6124601113349079,0.4926240972630412,0.725041244275485
LNGN0314,Pyeongtaek LNG Terminal,2021-01-01,0.7442730318849509,0.23517687237227639,1.432426973095301,0.7240394694551213,0.424884451623973,1.0080275143881807
LNGN0322,Queensland Curtis LNG Terminal,2021-01-01,0.359772430702358,0.152435744188681,0.7094882991810219,1.0765140581828634,0.981610864330027,1.166692435044646
LNGN0328,Rasgas LNG Terminal 3,2021-01-01,2.9251190219286958,1.6306832553665924,4.087290731721643,1.2977776610127039,1.1676160987824902,1.418422660559959
LNGN0345,Sabine Pass LNG Terminal,2021-01-01,3.4506696000203685,1.851067289607404,4.930058392448496,1.5682069988530758,1.4261136934799075,1.696192517371936
LNGN0351,Sakhalin II LNG Terminal,2021-01-01,-0.6903780745774787,-1.3413615611193042,-0.17945429725508372,1.0837644044357888,0.9695499012179726,1.1874897963519873
LNGN0354,Samcheok LNG Terminal,2021-01-01,-0.5751831206071113,-1.3684428748670174,0.0700356568426539,0.30082229047142445,0.20900356442535636,0.3864367376763432
LNGN0359,Senboku 2 LNG Terminal,2021-01-01,-0.5443292502214007,-1.3583379091881969,0.12581453554482472,0.19707115574548276,-0.10234250382079124,0.49563068922446174
LNGN0363,Shandong LNG Terminal,2021-01-01,0.5641261774321349,0.29046209592987654,0.7377379636650855,0.2707692127715445,0.18844286470509286,0.34990583708946743
LNGN0374,Sines LNG Terminal,2021-01-01,0.5995084266056647,0.08062146679371236,1.2893512465049237,-0.11825994616036262,-0.18587737056108716,-0.04623667955344661
LNGN0381,Sodegaura LNG Terminal,2021-01-01,1.2918670503537035,0.8760503883946447,1.846753898440887,0.5895368833415676,0.24344204069748906,0.9251727010367393
LNGN0385,South Hook LNG Terminal,2021-01-01,-0.5911660004844421,-1.38061414979331,0.03166631999002632,0.25618298402028844,0.186573078742485,0.3257748559254729
LNGN0398,Taichung LNG Terminal,2021-01-01,-0.6042260681830237,-1.412831081019333,0.02794698520247265,0.023796945005578517,-0.07822659328293174,0.1285235725906932
LNGN0421,Tianjin LNG Terminal (Sinopec),2021-01-01,1.3707901554323116,0.9616290673547303,1.625247068709556,0.2730140909654445,0.1965709172303211,0.34236917586378113
LNGN0426,Tongyoung LNG Terminal,2021-01-01,0.803822460116605,0.3744055451177278,1.0624297809050693,0.5798430475464997,0.3941698012965766,0.754231027560525
LNGN0427,Tornio Manga LNG Terminal,2021-01-01,-0.14173333382951636,-1.4095165688630684,0.9636429866950148,-0.718248610444913,-0.9521400445318343,-0.4728470399269779
LNGN0435,Vysotsk LNG Terminal,2021-01-01,-0.36517012558202117,-1.416145756426158,0.48087043827555637,0.26503799593632077,0.005891792806073223,0.526615606330749
LNGN0441,Wheatstone LNG Terminal,2021-01-01,0.7444358970732636,0.2052778997103884,1.4221779470846623,1.095364895350337,0.9940269829609075,1.1998632187203153
LNGN0452,Yamal LNG Terminal,2021-01-01,3.484509151407438,1.6976140268546254,5.164892067610522,1.3139477165406295,1.2119329142258324,1.4143855727606607
LNGN0460,Yokkaichi Works LNG Terminal,2021-01-01,1.6416434076827373,1.4188621125218308,1.8910524987572888,-0.3358922912289869,-0.4810419305724528,-0.18999296493404053
LNGN0463,Yung-An LNG Terminal,2021-01-01,0.5288129447266713,0.2769136663908024,0.796166434003964,0.20715000222134522,0.01062605501336531,0.40996306216710415
LNGN0464,Zeebrugge LNG Terminal,2021-01-01,-0.5172673925380596,-1.3885261103572226,0.17539757906019635,0.1649717496774725,-0.017260027220122508,0.34898443829538756
LNGN0026,Arzew-Bethioua LNG Terminal,2021-02-01,1.1507628599311215,0.8328715711466964,1.3563616018474625,0.8431671597197243,0.5776292438307427,1.1136209705515034
LNGN0027,Atlantic LNG Terminal,2021-02-01,0.6160823172208972,0.13264385840720244,0.9495550063981028,0.8978537366204233,0.8020805285200512,1.004917237551028
LNGN0037,Bilbao LNG Terminal,2021-02-01,-0.6564617438393824,-1.3945367134746658,-0.07936762110856192,-0.0787368362270014,-0.15512396683908974,-0.001202848722606564
LNGN0040,Boryeong LNG Terminal,2021-02-01,-0.5559262688210785,-1.4114599822149663,0.12457736889893078,0.26636872617702506,0.1754522988742435,0.3434913786287969
LNGN0070,Corpus Christi LNG Terminal,2021-02-01,1.3484393755327069,1.0886234949955949,1.7790025678645127,1.2364833015492342,1.1318087710999183,1.3387275996280465
LNGN0079,Dabhol LNG Terminal,2021-02-01,-0.6483793996491806,-1.3784938652358283,-0.07150059140188654,0.007095781712032725,-0.07470198063479364,0.0844575198367005
LNGN0085,Das Island LNG Terminal,2021-02-01,-0.7135334984381472,-1.3576906856070223,-0.2317396764018229,0.6480478800915638,0.35509946362616845,0.9459844258635167
LNGN0097,Dunkirk LNG Terminal,2021-02-01,0.34310301073589455,0.009162184947431264,0.8364045903593597,0.17074704135277066,0.10551907544454628,0.23795898660155113
LNGN0124,Freeport LNG Terminal,2021-02-01,1.0496855082227428,0.491597273892165,1.7297919346686266,1.2132972122925891,1.1104103581737386,1.321723268194033
LNGN0130,GasPort FSRU,2021-02-01,-0.657064365207359,-1.3894952350589351,-0.08506278065198813,-0.35773071735756046,-0.554277263372425,-0.1478663224355126
LNGN0132,Gate LNG Terminal,2021-02-01,1.278988759331179,1.0407573771292264,1.6485987526526935,-0.008171718182352026,-0.1091613185670678,0.10158658171034901
LNGN0144,Grain LNG Terminal,2021-02-01,0.26784464454888945,-0.1712390106650849,0.8488537431694211,0.05506095686480586,-0.0359776308112829,0.15368838174831484
LNGN0168,Hazira LNG Terminal,2021-02-01,-0.6244080255588506,-1.365191634420014,-0.025634816728169276,-0.14298243851752365,-0.19822969113815356,-0.0823596595693203
LNGN0178,Huelva LNG Terminal,2021-02-01,-0.6412492245732629,-1.397564298192227,-0.05935794804945026,-0.020621988024273643,-0.19988891445719348,0.15524923514683625
LNGN0186,Izmir Aliaga LNG Terminal,2021-02-01,0.9265973462605619,0.3023153917642192,1.684857887606721,0.19739024546114264,0.1030319972957746,0.2883696856685143
LNGN0232,Marmara LNG Terminal,2021-02-01,0.8371806310745039,0.48002110791780633,1.345840697873565,-0.011923675259337723,-0.1622108264143977,0.1473580352793133
LNGN0241,Mizushima LNG Terminal,2021-02-01,-0.576765711366749,-1.410884172853394,0.07388331987731858,-0.1190288045681612,-0.18147720711795243,-0.05230588107847229
LNGN0244,Montoir LNG Terminal,2021-02-01,0.0837725186861292,-0.1381979971864633,0.33640761107736017,0.05462159335547554,-0.18514744450244083,0.2976232579745694
LNGN0248,Mugardos LNG Terminal,2021-02-01,-0.6411032745302052,-1.4104524869709107,-0.06528910366534488,-0.27095217416650175,-0.33316791185286343,-0.20768912733984232
LNGN0261,Nigeria LNG Terminal,2021-02-01,2.505917287125735,1.591541982370221,3.2687171633482284,1.4215022412656755,1.2110034253114343,1.6195191852706674
LNGN0297,Pluto LNG Terminal,2021-02-01,1.4038407166787077,1.2122486932135574,1.737965835966677,0.8699420906655526,0.7748291078958236,0.9662142313301594
LNGN0314,Pyeongtaek LNG Terminal,2021-02-01,0.3801101760900587,0.02621639707472524,0.8649634407081077,0.7037674690796624,0.40727368112069806,0.9907510979772449
LNGN0322,Queensland Curtis LNG Terminal,2021-02-01,0.7501998552889755,0.3728603796419104,0.9665798887852394,0.8885146487292932,0.7732563576172895,1.0074555322705732
LNGN0328,Rasgas LNG Terminal 3,2021-02-01,5.0695142277795515,1.9082575077140647,8.159980518865897,1.276366729227348,1.1452604210149353,1.39241667278152
LNGN0345,Sabine Pass LNG Terminal,2021-02-01,3.5379148604739687,1.8381652481635664,5.118674445465267,1.494435259883993,1.3651970719357933,1.612059451082952
LNGN0348,Saint John LNG Terminal,2021-02-01,-0.35780330704227586,-1.4130309555917266,0.508853350555978,0.025902061136789795,-0.023122967816925067,0.08157476838666422
LNGN0359,Senboku 2 LNG Terminal,2021-02-01,-0.4478152719069893,-1.3773307584197372,0.3245760117915462,0.19462081317471266,-0.11971116689585187,0.5026418637577627
LNGN0363,Shandong LNG Terminal,2021-02-01,-0.44896113719671377,-1.3787040012205456,0.3247476131016905,0.23509304023357075,0.16087751963606434,0.3047343782589173
LNGN0374,Sines LNG Terminal,2021-02-01,0.6142203406007414,0.2805922414121055,1.0953233712483426,-0.13395591155340492,-0.2063114120185809,-0.0653639366066947
LNGN0381,Sodegaura LNG Terminal,2021-02-01,0.527174588171696,0.34604666246382026,0.8046743596194805,0.5810374071766491,0.22709902957656872,0.9295005567588746
LNGN0385,South Hook LNG Terminal,2021-02-01,0.8990401222498847,0.3396152286002441,1.6289939425672035,0.21532243845040427,0.1519783933956143,0.2774445509779555
LNGN0398,Taichung LNG Terminal,2021-02-01,-0.6481799054562584,-1.367359815809728,-0.07527085822322231,0.008410631715094537,-0.09714329069713493,0.10910634448541974
LNGN0421,Tianjin LNG Terminal (Sinopec),2021-02-01,-0.5718721981942312,-1.3808972328593898,0.08724490943991538,0.25370101113137566,0.17910121045320276,0.3255693287571038
LNGN0426,Tongyoung LNG Terminal,2021-02-01,-0.6391113364618234,-1.3521741832828817,-0.08571181363013221,0.5492210666918121,0.36880830268354187,0.7177746814453346
LNGN0427,Tornio Manga LNG Terminal,2021-02-01,-0.5376146495368306,-1.3893387705145082,0.16568534377166794,-0.7336349237353958,-0.9652603672544906,-0.48481598675306853
LNGN0435,Vysotsk LNG Terminal,2021-02-01,0.650502480657056,0.18630130166043088,0.9499056442406877,0.039181360919074884,-0.3252434689071066,0.4049237044036424
LNGN0441,Wheatstone LNG Terminal,2021-02-01,0.9132281303979424,0.5504575437220688,1.4193890917580139,1.0809283774000233,0.9853113839208224,1.180972804167895
LNGN0452,Yamal LNG Terminal,2021-02-01,1.8104983611015322,1.40730621699413,2.040272380240684,1.286915378209714,1.1879972416582514,1.3895160305008865
LNGN0453,Yanai LNG Terminal,2021-02-01,-0.579182968092797,-1.404848483435878,0.0757133750813632,-0.3146270342164545,-0.47505922937603423,-0.15883132495898575
LNGN0460,Yokkaichi Works LNG Terminal,2021-02-01,0.37014750564805465,0.054678831606337595,0.8448383320272339,-0.289625186208071,-0.47661560948119225,-0.10454129472932498
LNGN0464,Zeebrugge LNG Terminal,2021-02-01,0.30687606410915547,0.09621800552612905,0.6767790762199691,0.14958543638698865,-0.03412618898133357,0.33235398155504303
LNGN0026,Arzew-Bethioua LNG Terminal,2021-03-01,0.8361514973622907,0.3574078145084423,1.4677608465160246,1.2421408913235887,0.9824902488055051,1.498000236280482
LNGN0027,Atlantic LNG Terminal,2021-03-01,0.3785739619494567,0.03739242626605586,0.9186211449255276,0.9133164312662888,0.810539457328612,1.0207009372888898
LNGN0035,Barcelona LNG Terminal,2021-03-01,0.17955244625612918,-0.3558510796843594,0.8551251922087827,0.19875796224339004,-0.13045995496017823,0.5183301432336205
LNGN0037,Bilbao LNG Terminal,2021-03-01,-0.7246481715435755,-1.4045048225761319,-0.2239024681494588,-0.19045160502150582,-0.2534634689335835,-0.1300959882977345
LNGN0040,Boryeong LNG Terminal,2021-03-01,-0.6816048000893029,-1.3928881151091004,-0.14225861595263042,0.2526250848477224,0.16553783075412234,0.3292658367644828
LNGN0056,Cartagena LNG Terminal (Spain),2021-03-01,0.17541277060795163,-0.2933386525712728,0.778227585757224,0.09511688754413225,-0.0854792059847159,0.2705086158577511
LNGN0070,Corpus Christi LNG Terminal,2021-03-01,2.3392441637310304,1.7664566007570144,2.76628082930672,1.2801911523737115,1.1817746179496513,1.3815205412907539
LNGN0079,Dabhol LNG Terminal,2021-03-01,-0.6842212709632385,-1.4078970301408689,-0.14637466540996105,-0.00686601424507131,-0.08615059468501235,0.06697387885972216
LNGN0085,Das Island LNG Terminal,2021-03-01,-0.735320347107425,-1.3652169619555719,-0.24780033600867418,0.6385560775688262,0.34786728068707745,0.9374183681540048
LNGN0097,Dunkirk LNG Terminal,2021-03-01,0.6585376395016388,0.01889940246891255,1.4649439186709616,0.1565766739221582,0.08773037241256348,0.2345207079813266
LNGN0121,Fos Tonkin LNG Terminal,2021-03-01,0.965377614355666,0.7469312473536333,1.322220550233666,-0.635628206346929,-0.8632834078727699,-0.4309325307284303
LNGN0124,Freeport LNG Terminal,2021-03-01,1.2788509305906313,0.8538861976613833,1.86578406551552,1.2841953768628718,1.1873846264389574,1.3867809957521524
LNGN0130,GasPort FSRU,2021-03-01,-0.7066779721922029,-1.3852003858805824,-0.16627834504655822,-0.37169251331466446,-0.5726095907758475,-0.15377951827061123
LNGN0132,Gate LNG Terminal,2021-03-01,0.6331576899410617,0.032053624982410225,1.3845907421523465,0.015958956686330947,-0.07850329961237393,0.11902004359588471
LNGN0144,Grain LNG Terminal,2021-03-01,0.8058008963950326,0.24654757798629864,1.5289364185081342,0.067832161789717,-0.03189757099412926,0.16461384039008276
LNGN0168,Hazira LNG Terminal,2021-03-01,1.0405964652982096,0.8252558626940282,1.4238849569152021,-0.30357369373043486,-0.39556240320569197,-0.2004463286413139
LNGN0178,Huelva LNG Terminal,2021-03-01,-0.689432653406182,-1.3666957262034087,-0.14799165414730167,-0.046484587439224845,-0.21202733837846796,0.11693454848378758
LNGN0186,Izmir Aliaga LNG Terminal,2021-03-01,-0.599689151936188,-1.3962450390394863,0.014920136631605735,0.19974411524010915,0.09942139219615369,0.29098349594224066
LNGN0195,Jieyang LNG Terminal (PipeChina),2021-03-01,0.14347239303676035,-0.3327630617768072,0.7806472678529461,-0.30670143232771174,-0.4247865516274122,-0.18975808485861737
LNGN0199,Kagoshima LNG Terminal,2021-03-01,-0.6903062633122415,-1.4193182315884416,-0.13023620239564818,-0.698563082840454,-0.8220882864001864,-0.5878689872806993
LNGN0207,Klaipeda FSRU,2021-03-01,0.23058243142020782,0.026299737607384743,0.609587975526724,-0.2078967572559435,-0.2956365515032835,-0.12296553681994923
LNGN0210,Krk FSRU,2021-03-01,-0.7434527718813535,-1.4451920860729504,-0.2528083734302458,-0.3004526060300712,-0.44201778495074995,-0.15435664130044957
LNGN0222,Lysekil LNG Terminal,2021-03-01,-0.7075959776603226,-1.4034743889370036,-0.15746068558825632,-1.0800885865456566,-1.3663612631447422,-0.7748475748988535
LNGN0232,Marmara LNG Terminal,2021-03-01,0.21477077000732284,-0.2408381973484731,0.822606453324165,-0.045413457152723734,-0.17695736137217197,0.08058922848566541
LNGN0237,Mejillones LNG Terminal,2021-03-01,0.21243734452420843,-0.24167096982249736,0.7963414318100365,-0.40687801243976307,-0.5013110797695622,-0.3202619025653126
LNGN0244,Montoir LNG Terminal,2021-03-01,0.25893027332618457,-0.15485704768409864,0.8601604999888335,0.031104589733944456,-0.1979354345519732,0.25223917328635864
LNGN0248,Mugardos LNG Terminal,2021-03-01,0.1643695168981693,-0.19390461902232084,0.6791754761143975,-0.2723836204411403,-0.3366324500007849,-0.21586973385421174
LNGN0251,Mundra LNG Terminal,2021-03-01,-0.718803737279591,-1.4238474370295426,-0.19052552044653512,-0.15485401078129946,-0.31176050477403494,0.014946120101020486
LNGN0261,Nigeria LNG Terminal,2021-03-01,2.4633450229400173,1.7440660138325979,3.0319799887048062,1.3748024496642635,1.1908905322239076,1.5467248606452202
LNGN0270,Ohgishima LNG Terminal,2021-03-01,0.26960694351437925,-0.11590881150433303,0.8524426660504762,0.1990534555633367,0.042465675853443983,0.35507155031938364
LNGN0297,Pluto LNG Terminal,2021-03-01,1.737022013015661,1.3391531211248588,1.9728899115292113,0.861035434334432,0.7635268497957419,0.9583642157146569
LNGN0314,Pyeongtaek LNG Terminal,2021-03-01,-0.6375744908673084,-1.3832324636715874,-0.05579361903109189,0.6658714832224695,0.39358108356258387,0.9327614441630093
LNGN0319,Qidong LNG Terminal,2021-03-01,0.6635262818692432,0.05085473208120581,1.4188989558939336,-0.03774825852221574,-0.11565993415064402,0.04916830025097514
LNGN0322,Queensland Curtis LNG Terminal,2021-03-01,0.42652694138898317,0.21807253541126853,0.6863794668910349,0.8738424702121105,0.7465423820908348,0.999807366466583
LNGN0328,Rasgas LNG Terminal 3,2021-03-01,3.391877508764081,1.5474335275156905,5.113244677607671,1.256403545156912,1.1364749777019136,1.3662302265726147
LNGN0345,Sabine Pass LNG Terminal,2021-03-01,2.0499701902860967,1.7341590588521312,2.242097153490803,1.5205907171436446,1.3949244341423452,1.641938591310779
LNGN0347,Sagunto LNG Terminal,2021-03-01,0.14604617821098942,-0.13857811453251306,0.5808627464003508,-0.0033705894599451005,-0.06908328414772062,0.055844838298730444
LNGN0359,Senboku 2 LNG Terminal,2021-03-01,-0.6159107819134503,-1.3460598658641347,-0.003524823494226673,0.11428890532958334,-0.14546483063801807,0.3658596650229207
LNGN0363,Shandong LNG Terminal,2021-03-01,0.40446725557617536,0.19852107753804157,0.7070827253980212,0.19316306626752333,0.13667852512126225,0.25310565080512254
LNGN0374,Sines LNG Terminal,2021-03-01,-0.6812113942120717,-1.3933605467782313,-0.12928923322738312,-0.14875371482504052,-0.2124029376291932,-0.08614420535700162
LNGN0378,Skikda LNG Terminal,2021-03-01,-0.0155115667643462,-0.32601109381955756,0.4352624587938592,0.685501742673131,0.5003910551194322,0.890210853950292
LNGN0381,Sodegaura LNG Terminal,2021-03-01,0.2694860205459734,-0.18231623405983857,0.9177842432688734,0.5534992587486117,0.22688982634132723,0.8823197401135149
LNGN0385,South Hook LNG Terminal,2021-03-01,-0.3413138668991724,-0.9552746644563006,0.1022265854548444,0.23842031462119218,0.15985838184418943,0.30387697489025267
LNGN0398,Taichung LNG Terminal,2021-03-01,0.1572222684911552,-0.3520570935177479,0.8270064147834586,-0.053698880532412285,-0.11799949430288577,0.002488832617548934
LNGN0421,Tianjin LNG Terminal (Sinopec),2021-03-01,-0.5308758132826782,-1.381469967321063,0.14984402418209913,0.2566389727126447,0.17566095063884435,0.32971708744538447
LNGN0426,Tongyoung LNG Terminal,2021-03-01,0.603888296423247,0.40196239008807544,0.8825194855584554,0.5503702030395727,0.36740956404229774,0.7162823287264082
LNGN0427,Tornio Manga LNG Terminal,2021-03-01,-0.6542166569816185,-1.3699377620399755,-0.05629327448982344,-0.7475967196925002,-0.983129411052025,-0.489070500088751
LNGN0435,Vysotsk LNG Terminal,2021-03-01,1.026750399188289,0.7375389434760059,1.4763830898659736,0.23717992305858246,-0.01694003353134607,0.5163669301963841
LNGN0441,Wheatstone LNG Terminal,2021-03-01,1.7501990207458333,1.5578752906020294,2.06117375308266,1.0635473670405153,0.96601679416702,1.172884156383898
LNGN0452,Yamal LNG Terminal,2021-03-01,1.6384255604369633,1.3639360938096678,1.8226449699605143,1.2714323192390382,1.1740943591153725,1.3825275321409787
LNGN0453,Yanai LNG Terminal,2021-03-01,-0.6894755218674022,-1.3803619061935097,-0.14366695245671218,-0.3285888301735587,-0.48219403787858595,-0.18265253595386743
LNGN0460,Yokkaichi Works LNG Terminal,2021-03-01,0.21904420558341797,-0.2544795378741978,0.8687047993661318,-0.3034960638547798,-0.4771358334750688,-0.12599816632290153
LNGN0464,Zeebrugge LNG Terminal,2021-03-01,0.17723767350993958,-0.010872445744585906,0.5138209830672026,0.16145665958602723,-0.030085113008251015,0.3498111500910369
LNGN0473,Zhuhai LNG Terminal,2021-03-01,-0.6574794360225369,-1.3648145888589678,-0.08608696830890238,-0.11690836006235455,-0.19277860344961406,-0.042665687758111574
LNGN0026,Arzew-Bethioua LNG Terminal,2021-04-01,0.49619372249311283,0.2643351487655878,0.8727147313827393,1.1564863093919613,0.9052280197705912,1.4142227744956972
LNGN0027,Atlantic LNG Terminal,2021-04-01,0.4529890194455826,0.20572565668432638,0.8256535294894359,0.8815795768248413,0.7492153946610077,1.0054845795652656
LNGN0035,Barcelona LNG Terminal,2021-04-01,0.21387833127708955,-0.24173611156434643,0.835680356053548,0.18434620202163796,-0.12504836058717417,0.4854950618857682
LNGN0037,Bilbao LNG Terminal,2021-04-01,-0.7195312114449511,-1.360755056330629,-0.21316393576420287,-0.10149485885628134,-0.15709584544867872,-0.05557486055703523
LNGN0040,Boryeong LNG Terminal,2021-04-01,0.2704197246328376,-0.15319754140358566,0.8747577755456969,0.24351203304852892,0.16663078471231096,0.3151706089161869
LNGN0056,Cartagena LNG Terminal (Spain),2021-04-01,-0.6802601830508705,-1.3600745885096432,-0.14073900322741098,0.07973640566879765,-0.07908571654199255,0.2376278736704365
LNGN0070,Corpus Christi LNG Terminal,2021-04-01,1.8095979112863718,1.55241126567706,2.2173657395794093,1.2723362773348572,1.1755328206641928,1.3771317151631621
LNGN0079,Dabhol LNG Terminal,2021-04-01,-0.6134133016989786,-1.3868160319666152,0.01687512224086646,-0.015870351675541173,-0.08913428941820936,0.05455352458297691
LNGN0085,Das Island LNG Terminal,2021-04-01,0.3918197797238283,0.1639148735739416,0.7159234082684195,0.5149112116159602,0.3119661825265597,0.7390532772301085
LNGN0097,Dunkirk LNG Terminal,2021-04-01,0.3340529020756881,0.009860241771546215,0.7947212460232468,0.13221254807160276,0.038665749100721035,0.23011367633767565
LNGN0121,Fos Tonkin LNG Terminal,2021-04-01,0.1802770595891709,-0.29362024786693786,0.8213963421692361,-0.5456585893920745,-0.7804431756735001,-0.322297500217211
LNGN0124,Freeport LNG Terminal,2021-04-01,1.8257583574141043,1.5640219445351167,2.0608141964945474,1.2778355112351016,1.1797626914328276,1.3872264126787568
LNGN0130,GasPort FSRU,2021-04-01,-0.7108718066519216,-1.4222963621472307,-0.17732795765993695,-0.3804887399868403,-0.6013949245519096,-0.14671418924942434
LNGN0132,Gate LNG Terminal,2021-04-01,1.3426157844707745,0.9773231120648371,1.8778406398809055,0.055912545997890944,-0.029229725649267572,0.14563847204338218
LNGN0142,Gorgon LNG Terminal,2021-04-01,1.809139980797254,1.3798300988982795,2.0762722467675534,1.2333680629775476,1.1325173573928013,1.3496542218177203
LNGN0144,Grain LNG Terminal,2021-04-01,0.8837397489003506,0.308512352679598,1.6199796537160496,0.06100282958592982,-0.030433363119335862,0.15176025954076391
LNGN0168,Hazira LNG Terminal,2021-04-01,0.38693093067837636,0.16440135543762904,0.7206256817681204,-0.11471925048662975,-0.16786454188484365,-0.07034046326103757
LNGN0178,Huelva LNG Terminal,2021-04-01,-0.7204230338092202,-1.4090053961210265,-0.2047892103042058,-0.055280814111400456,-0.20027114994776954,0.09795867727100324
LNGN0181,Incheon LNG Terminal,2021-04-01,0.7710838696314329,0.5422767710102315,1.1813436915825126,0.764046676752985,0.5489695564435803,0.9678605016721886
LNGN0195,Jieyang LNG Terminal (PipeChina),2021-04-01,0.195186664700524,-0.25752733625727364,0.7803646837147084,-0.29038182890887515,-0.41622957728666277,-0.1660371948206876
LNGN0210,Krk FSRU,2021-04-01,-0.737584160961139,-1.410998141893372,-0.23192069317259847,-0.3092488327022468,-0.4561865204877734,-0.15216898914616045
LNGN0232,Marmara LNG Terminal,2021-04-01,-0.5445433515649498,-1.379515266173924,0.1310589765802649,-0.0210259431994172,-0.15194225086993163,0.11048937290967584
LNGN0244,Montoir LNG Terminal,2021-04-01,0.7531212905220018,-0.05993446064708673,1.7788228466269653,0.030415358926386003,-0.186370064665823,0.24119522225600623
LNGN0248,Mugardos LNG Terminal,2021-04-01,-0.723893971789966,-1.4266899658792374,-0.19333391278746942,-0.28349112110078734,-0.35578009149832746,-0.214408280895281
LNGN0251,Mundra LNG Terminal,2021-04-01,-0.7239599868807782,-1.3602780712705966,-0.22224843549400117,-0.030230158235932413,-0.1355632098734548,0.0854608441653454
LNGN0261,Nigeria LNG Terminal,2021-04-01,2.2994535177462945,1.7654844418462536,2.6870183694581424,1.377423292287388,1.199429470099915,1.5456087244854069
LNGN0270,Ohgishima LNG Terminal,2021-04-01,-0.6104513405827342,-1.41372169991448,0.014275925151919609,0.13354559976811456,0.02573726013497608,0.23318322297826888
LNGN0297,Pluto LNG Terminal,2021-04-01,1.4485981021317906,1.167942563443546,1.8872303083371966,0.851897637883426,0.7421816997946905,0.9608946068515212
LNGN0309,Prelude FLNG Terminal,2021-04-01,-0.7793690820989881,-1.373210778854043,-0.344282780153922,0.7598132253432496,0.6044494758962475,0.9197284110752246
LNGN0312,Punta Europa LNG Terminal,2021-04-01,-0.7911467456436284,-1.3433493260182248,-0.3843264098626508,0.6328533691853476,0.4953145372339788,0.7659668597302353
LNGN0314,Pyeongtaek LNG Terminal,2021-04-01,0.19362136669733504,-0.3276134113372558,0.8982660841217637,0.6857559305702321,0.40857752480724363,0.9455115913588227
LNGN0319,Qidong LNG Terminal,2021-04-01,-0.06353861587584134,-0.3665166552085461,0.15596837707736338,-0.04916833314557761,-0.14090579110533677,0.054485249929468155
LNGN0322,Queensland Curtis LNG Terminal,2021-04-01,-0.8048682282964481,-1.3812629201057403,-0.4000159226829495,0.9243322831965677,0.808047265474979,1.038983199126674
LNGN0324,Quintero LNG Terminal,2021-04-01,-0.5451927261330796,-1.4247209270485703,0.14952128288003103,-0.4489895926422139,-0.6337950065280137,-0.2729585193853894
LNGN0328,Rasgas LNG Terminal 3,2021-04-01,4.145391684874294,1.8766230644213242,6.275788947937438,1.2589739566410194,1.1460038868476816,1.3594279388143862
LNGN0331,Revithoussa LNG Terminal,2021-04-01,-0.7260458044421715,-1.4020264285746882,-0.2321115120233193,-0.05523057953539914,-0.156350141998669,0.04218928586032222
LNGN0345,Sabine Pass LNG Terminal,2021-04-01,2.359864866495477,1.8454539258581386,2.7004666865248237,1.5131547850019376,1.398299340110311,1.6261458053599775
LNGN0347,Sagunto LNG Terminal,2021-04-01,-0.6091306040373147,-1.3603860134856847,-0.0004013854816456653,-0.036596906462210414,-0.08701330387052385,0.00947200452963401
LNGN0359,Senboku 2 LNG Terminal,2021-04-01,-0.6806954269457159,-1.3814397167364492,-0.13120382205783732,0.10118313016146181,-0.14007232759553698,0.339042073111437
LNGN0363,Shandong LNG Terminal,2021-04-01,-0.6826388226685212,-1.3606952575190674,-0.13927530974283853,0.21239955255216816,0.1513130174647187,0.27473221676122217
LNGN0374,Sines LNG Terminal,2021-04-01,0.5528451953193781,-0.04387750920923673,1.2868944747751996,-0.16231892207972062,-0.21821996206541638,-0.10459014745535745
LNGN0378,Skikda LNG Terminal,2021-04-01,0.5853554350278188,0.20270790768046082,0.8218380777484807,0.5472706488664661,0.3183378466931784,0.8028829826912962
LNGN0381,Sodegaura LNG Terminal,2021-04-01,-0.5903206597782453,-1.3544888555968804,0.0197683437524062,0.5571823805385177,0.2366164357661177,0.8758549587687927
LNGN0385,South Hook LNG Terminal,2021-04-01,-0.12785603100479354,-0.3392064139103394,0.13849821700793746,0.2509395892514036,0.1684817019153054,0.3142091738857754
LNGN0398,Taichung LNG Terminal,2021-04-01,0.19029782729598801,-0.30097170780250876,0.8286604533815904,-0.03428176155614909,-0.10530706392095704,0.030552239783513273
LNGN0421,Tianjin LNG Terminal (Sinopec),2021-04-01,1.2725378899008788,0.8938675140259092,1.8065777675671764,0.24889449658347682,0.17130752070450062,0.3265424341538314
LNGN0427,Tornio Manga LNG Terminal,2021-04-01,-0.5769977477752002,-1.3983364938689298,0.08798618443945208,-0.7563929463646756,-1.00685219468638,-0.48261592143656507
LNGN0435,Vysotsk LNG Terminal,2021-04-01,0.6328715476024576,0.034672360170081504,1.3629291907320022,0.2664957708536973,0.009274249035622626,0.5472892956474998
LNGN0441,Wheatstone LNG Terminal,2021-04-01,0.7502838320756354,0.2688623325175216,1.397075574753078,1.0567485215510617,0.943558258475573,1.1780868427337772
LNGN0452,Yamal LNG Terminal,2021-04-01,1.6610892814026479,1.4736788997706818,1.9675782356550735,1.26072893326776,1.1428753586024154,1.388338452387639
LNGN0453,Yanai LNG Terminal,2021-04-01,-0.6816917115158109,-1.4178828568402413,-0.12178746769556979,-0.3373850568457341,-0.47264670397234115,-0.21178368172576806
LNGN0460,Yokkaichi Works LNG Terminal,2021-04-01,-0.6181506668679181,-1.4208246534156848,0.0038068101791436794,-0.3301898903675761,-0.4759518898579629,-0.18581268624602834
LNGN0463,Yung-An LNG Terminal,2021-04-01,1.7210284745843292,1.4949194215988812,2.1021677980732436,0.1793335935930148,-0.0004628513184042615,0.36053014030480834
LNGN0464,Zeebrugge LNG Terminal,2021-04-01,0.35589525306145986,0.07420807360719824,0.840923461126637,0.14436402752680944,-0.022691692399320354,0.3162052881119324
LNGN0472,Zhoushan LNG Terminal,2021-04-01,-0.7140372492225739,-1.375535884896241,-0.1887333197451336,-0.09130054554986945,-0.20298544417642375,0.03140061800497355
LNGN0473,Zhuhai LNG Terminal,2021-04-01,0.2874038734845618,-0.08271419688442289,0.8060907182555647,-0.21029469662416816,-0.305013231908185,-0.1090750294014958
LNGN0474,Świnoujście Polskie LNG Terminal,2021-04-01,0.204012196597759,-0.26030197824562135,0.8407407458906416,-0.07023145048219957,-0.1510126127120056,0.018445300701834044
LNGN0026,Arzew-Bethioua LNG Terminal,2021-05-01,1.1843704597103686,0.8750808016573107,1.6754595767785054,1.1113252720111335,0.9076817851738956,1.3340755075495592
LNGN0027,Atlantic LNG Terminal,2021-05-01,0.7904069413696782,0.28063748279345474,1.4694095661537803,0.8567437948348506,0.6887149927003899,1.0089701388444132
LNGN0035,Barcelona LNG Terminal,2021-05-01,0.032312434450034004,-0.2945121671122838,0.5106077299839392,0.19647895742485677,-0.09635357590922893,0.4926764314402135
LNGN0037,Bilbao LNG Terminal,2021-05-01,-0.7370080134012207,-1.406777196452979,-0.23095308444436885,-0.1027685744102275,-0.15139673586748065,-0.05708821343383671
LNGN0040,Boryeong LNG Terminal,2021-05-01,-0.6935809362986307,-1.382892025301762,-0.17018995281076504,0.2147351064556697,0.1346027828134397,0.3025924568066765
LNGN0056,Cartagena LNG Terminal (Spain),2021-05-01,-0.7121226543549991,-1.357105775083546,-0.20157757387194092,0.066595379964751,-0.07072532864658881,0.2087164912430231
LNGN0070,Corpus Christi LNG Terminal,2021-05-01,1.4339147249431088,0.9846590673904253,2.042690447988901,1.278931470206887,1.172648647811233,1.4014449702346536
LNGN0085,Das Island LNG Terminal,2021-05-01,1.0936700743139296,0.4492864905470805,1.905892593655515,0.8067539553967596,0.6011644010745902,1.0073679473467116
LNGN0097,Dunkirk LNG Terminal,2021-05-01,-0.6864950644850467,-1.4117957884333754,-0.16234294420994747,0.12006821368018865,-0.0014075225747941602,0.24213108299936612
LNGN0121,Fos Tonkin LNG Terminal,2021-05-01,0.6827319040256922,0.11757387235022704,1.4184637001411493,-0.48538432926508535,-0.7493681380557586,-0.23628717960600648
LNGN0124,Freeport LNG Terminal,2021-05-01,1.3154935245545891,0.8170265162068968,1.9490876894099782,1.2848541654124839,1.1744019350232664,1.4127775274139838
LNGN0130,GasPort FSRU,2021-05-01,0.3746660454509902,0.023539119833444606,0.5978737967751155,-0.18625650986657202,-0.38128865498319875,0.019553673993675164
LNGN0132,Gate LNG Terminal,2021-05-01,0.7681993897663704,0.049618203240293236,1.6304280755651055,0.050193545102556136,-0.06229433465673241,0.15719101747164677
LNGN0142,Gorgon LNG Terminal,2021-05-01,0.8866879696104409,0.6323514241541861,1.2989441440204184,1.242476122813831,1.1182792222572717,1.3749902978932136
LNGN0144,Grain LNG Terminal,2021-05-01,0.2997569610843144,-0.036419277010517406,0.7969699822184232,0.04448892949532968,-0.06087999162539769,0.14563090229549344
LNGN0150,Guangxi LNG Terminal,2021-05-01,-0.6635061838335033,-1.3942290087961309,-0.0931534974998089,-0.25058281514553854,-0.38579480354150947,-0.10640138020740295
LNGN0168,Hazira LNG Terminal,2021-05-01,0.523130692983133,-0.21404965143161855,1.400823778330456,-0.16796333246931808,-0.2619607174407163,-0.0629373007652326
LNGN0173,Himeji LNG Terminal,2021-05-01,-0.7179591198423743,-1.408751572216828,-0.19592989562729785,-0.24068788524203716,-0.42909410759910394,-0.051950428473553655
LNGN0178,Huelva LNG Terminal,2021-05-01,-0.6889159584352732,-1.4220133476362717,-0.13757996537996747,-0.05655452966534673,-0.19000710373858723,0.07601071069418071
LNGN0181,Incheon LNG Terminal,2021-05-01,0.009478080208401978,-0.2700998321176302,0.451530705411686,0.7657924717455631,0.5697471637881181,0.9581585866513285
LNGN0191,Jebel Ali FLNG Terminal,2021-05-01,-0.738468011141703,-1.397300897419562,-0.23949338649867133,-0.2315535184528657,-0.45802532700941717,0.016792872216034534
LNGN0195,Jieyang LNG Terminal (PipeChina),2021-05-01,0.17129585426504818,-0.07182484657798249,0.5345690291674742,-0.3371448000853025,-0.4848795479380328,-0.18399641712431614
LNGN0210,Krk FSRU,2021-05-01,-0.7336938520207876,-1.4099647789135736,-0.2260570734658293,-0.3105225482561933,-0.47612371968773615,-0.13695372328687408
LNGN0232,Marmara LNG Terminal,2021-05-01,-0.6166163303889974,-1.3891862394687815,-0.013142192198842592,-0.11933739243803046,-0.19329095160407583,-0.04386564521231032
LNGN0244,Montoir LNG Terminal,2021-05-01,0.1501815657023231,-0.24431250473399704,0.7031156173502751,0.03722459270714099,-0.16416280483954654,0.2431361792861817
LNGN0248,Mugardos LNG Terminal,2021-05-01,-0.736719329165454,-1.39757118148053,-0.22930055335817764,-0.26874059131754474,-0.35252673462125994,-0.18922032371253925
LNGN0251,Mundra LNG Terminal,2021-05-01,-0.7202801730812192,-1.3833957305717035,-0.20190125985301774,-0.03150387378987873,-0.1560819309468321,0.09733929771478729
LNGN0261,Nigeria LNG Terminal,2021-05-01,2.2906339294780063,1.6353443300900306,2.7539916086818,1.3809062338059694,1.221733533411752,1.5313334901454796
LNGN0270,Ohgishima LNG Terminal,2021-05-01,0.6555492946420474,0.026596009605668536,1.4174300869772183,0.012753859586974791,-0.0672087499719594,0.08720660238194682
LNGN0278,Panigaglia LNG Terminal,2021-05-01,-0.6338929167560283,-1.3989961851793182,-0.013104812027872743,-0.4845707980927237,-0.6856294799755126,-0.29747668672049765
LNGN0297,Pluto LNG Terminal,2021-05-01,2.1314283392078828,1.5577968321336062,2.5416831846484307,0.8425158791397716,0.713702661604057,0.9754924260487153
LNGN0309,Prelude FLNG Terminal,2021-05-01,-0.8376034507869832,-1.3884850513707034,-0.44650248880093935,0.7599081665205549,0.5847937561897051,0.9407073281300368
LNGN0314,Pyeongtaek LNG Terminal,2021-05-01,1.0282163107400208,0.6776904888230282,1.532098788015008,0.6686958583263464,0.4210837793958418,0.9078288422067721
LNGN0319,Qidong LNG Terminal,2021-05-01,0.7633257886760447,0.2969938104493571,1.379496039157881,-0.05566863262804914,-0.1677673011451611,0.061039390448991766
LNGN0324,Quintero LNG Terminal,2021-05-01,0.6435670577800017,0.059537072196202516,1.4105715303026136,-0.4502633081961596,-0.6630242271766128,-0.26289743538364363
LNGN0328,Rasgas LNG Terminal 3,2021-05-01,4.361492497573566,1.9606999338083289,6.654320963022958,1.2498413967766966,1.1548643667354976,1.3434979790518966
LNGN0331,Revithoussa LNG Terminal,2021-05-01,-0.7030019034062368,-1.3504974433645445,-0.17157242589660573,-0.09532930914339653,-0.15002122144865182,-0.037510688470922704
LNGN0334,Risavika LNG Terminal,2021-05-01,-0.7647073323708743,-1.3954698398188665,-0.30518671007014087,-0.11976855846375384,-0.44821629189625467,0.19615550835818424
LNGN0345,Sabine Pass LNG Terminal,2021-05-01,2.852209464053384,1.8640391238110585,3.7437197325990934,1.471866294461047,1.3648002055080937,1.5886446050406662
LNGN0347,Sagunto LNG Terminal,2021-05-01,-0.6918132372187713,-1.38022559987249,-0.15353611214582136,-0.1814070506141249,-0.3580479720573123,0.00832151659471483
LNGN0363,Shandong LNG Terminal,2021-05-01,-0.7304418506491007,-1.3668219811488016,-0.25148426797116885,0.2472926417487868,0.1766590354980293,0.31842710315597594
LNGN0374,Sines LNG Terminal,2021-05-01,-0.7205222055003561,-1.3828190221496877,-0.20641659445748964,-0.15599307069421206,-0.2197391638012321,-0.09206803409090436
LNGN0378,Skikda LNG Terminal,2021-05-01,0.8985945879417414,0.6517283630520772,1.2696107584021439,0.6714519550793635,0.4464057456361162,0.9110298174438259
LNGN0381,Sodegaura LNG Terminal,2021-05-01,0.821094297583933,0.1893511739342897,1.6232123653755528,0.37147911962305996,0.09089828510884788,0.6424890404840441
LNGN0385,South Hook LNG Terminal,2021-05-01,-0.19260848066210493,-0.5131564834146994,0.022766548509130766,0.24021432314403526,0.17552750313144783,0.30001038567108557
LNGN0398,Taichung LNG Terminal,2021-05-01,-0.73544728531189,-1.3492028005458485,-0.23366687705471048,-0.015403902878426716,-0.08577953536001426,0.05579616615885583
LNGN0421,Tianjin LNG Terminal (Sinopec),2021-05-01,-0.6922186394459238,-1.3545892075453725,-0.17538016829916345,0.23553874192715232,0.1479456866604095,0.3286535971962508
LNGN0427,Tornio Manga LNG Terminal,2021-05-01,-0.6671020017457463,-1.4103936181006194,-0.10792035710000103,-0.7576666619186221,-1.0248927440666435,-0.46695176534257293
LNGN0435,Vysotsk LNG Terminal,2021-05-01,0.7271972776527038,0.25625335587983616,1.350362345097954,0.2917932324155244,0.020809705732288786,0.5680680863459799
LNGN0441,Wheatstone LNG Terminal,2021-05-01,1.0575949221033383,0.5465743122913426,1.715487706455064,1.0434252296770914,0.9022248245331099,1.1940910075927957
LNGN0452,Yamal LNG Terminal,2021-05-01,1.9995051140853721,1.3533387703578346,2.5042647456288747,1.259393906651469,1.1132095359778593,1.411856929560876
LNGN0453,Yanai LNG Terminal,2021-05-01,-0.7219708997347075,-1.4491697130615837,-0.20471006720774218,-0.3355012911635111,-0.4496215486743595,-0.22661357573844787
LNGN0460,Yokkaichi Works LNG Terminal,2021-05-01,-0.7250729229499806,-1.4121865871777775,-0.21178166697577122,-0.5593844594317026,-0.6494955703732093,-0.468565815442373
LNGN0463,Yung-An LNG Terminal,2021-05-01,0.5725493594529412,-0.12599548695465496,1.4765796934618112,0.16105818784204154,0.010966660127914162,0.3144067042387482
LNGN0464,Zeebrugge LNG Terminal,2021-05-01,0.3012179068753653,0.12103369511838782,0.5739043309272741,0.1476332120955481,-0.007039172833627235,0.3097600843559385
LNGN0472,Zhoushan LNG Terminal,2021-05-01,0.28053453519660904,-0.13687300724897347,0.8178219875674563,-0.007663723628701797,-0.11738241866727794,0.10349895947551994
LNGN0473,Zhuhai LNG Terminal,2021-05-01,-0.7494455825086486,-1.3888622903802499,-0.25920269277018776,-0.1537814646106337,-0.25020821454619513,-0.05568841945423962
LNGN0474,Świnoujście Polskie LNG Terminal,2021-05-01,-0.7447042209574206,-1.3894483423952098,-0.266257602089225,-0.07453634689877084,-0.17366908560746122,0.028029910759154564
LNGN0026,Arzew-Bethioua LNG Terminal,2021-06-01,0.6338751109970142,0.4176965205889275,0.9138042407102922,1.1782895434775764,0.97479228051659,1.3907616338576783
LNGN0035,Barcelona LNG Terminal,2021-06-01,-0.7578026205674293,-1.4176233428352232,-0.29484277378766705,0.16821160570040256,-0.08594453352209751,0.4399429187942561
LNGN0037,Bilbao LNG Terminal,2021-06-01,0.27474882673708145,0.04761511690691743,0.6574872179601987,-0.19393146062931954,-0.2772515422293375,-0.1153276612457108
LNGN0040,Boryeong LNG Terminal,2021-06-01,0.22672105447292207,-0.23200325098184843,0.83014804822705,0.24914522923990864,0.15683257516569926,0.34603828633926603
LNGN0056,Cartagena LNG Terminal (Spain),2021-06-01,-0.7307308184968792,-1.355063982729168,-0.24398026887275448,0.07318546658305929,-0.045250518347963446,0.20167708485168423
LNGN0070,Corpus Christi LNG Terminal,2021-06-01,2.02840014904523,1.7756325989335104,2.2347865317671833,1.2672958927199418,1.1257938396064964,1.4171372255954349
LNGN0083,Damietta SEGAS LNG Terminal,2021-06-01,-0.5615868513565719,-1.3944555603032318,0.0923729651320179,0.8400155791513829,0.7249854612748716,0.9505716932171646
LNGN0085,Das Island LNG Terminal,2021-06-01,0.7235513814920128,0.1748417947075656,1.42455039871603,0.8991131392742449,0.6586377894495021,1.1184811624111495
LNGN0097,Dunkirk LNG Terminal,2021-06-01,0.11380662352583722,-0.26889401892740306,0.6761195608722319,0.1072818149021584,-0.04581682171947273,0.2569696624333051
LNGN0121,Fos Tonkin LNG Terminal,2021-06-01,0.1600868035848817,-0.12228291840861126,0.6080615569440188,-0.5315157059062461,-0.740250867582019,-0.3301579629657217
LNGN0124,Freeport LNG Terminal,2021-06-01,0.3080469288630111,0.11419401543804746,0.6125735208061661,1.3136476120917402,1.1929423809275281,1.4558136380099072
LNGN0130,GasPort FSRU,2021-06-01,-0.7341231309910771,-1.3607022883411184,-0.2468727142032038,-0.3434555043467352,-0.5792887633518178,-0.09973000838199897
LNGN0132,Gate LNG Terminal,2021-06-01,0.05930583902756554,-0.28732458515974557,0.5683641087689103,0.05678363172086455,-0.0777637726008397,0.1786732839143494
LNGN0136,Gibraltar LNG Terminal,2021-06-01,-0.5828640120251898,-1.44476504309973,0.07956365206382447,-0.6907657370851203,-0.911180753995625,-0.46400872501196416
LNGN0142,Gorgon LNG Terminal,2021-06-01,1.027972252914471,0.5531449357004772,1.674804470059114,1.247975700891904,1.0985681685555553,1.3990915255740743
LNGN0148,Guanabara Bay FSRU,2021-06-01,-0.7220253067095364,-1.4320026461706046,-0.22421727465871275,0.09842387808477217,0.02704915582907855,0.16639736612144965
LNGN0150,Guangxi LNG Terminal,2021-06-01,0.23440929605660452,-0.21755537471639436,0.8875571165157644,-0.2422117660723716,-0.39095578952046706,-0.08678375978299818
LNGN0168,Hazira LNG Terminal,2021-06-01,0.7280307957589991,0.1691393156049938,1.4717485645847408,-0.0810090460997847,-0.14446967533821672,-0.018754920768901832
LNGN0173,Himeji LNG Terminal,2021-06-01,0.13547056381585545,-0.31586960162488703,0.7508033482199338,-0.23409779862372876,-0.40202991749383493,-0.06140924473726934
LNGN0178,Huelva LNG Terminal,2021-06-01,0.5063387452767225,-0.2640176141421111,1.4387061528516694,-0.04996444304703844,-0.16512471548412433,0.0663071050294498
LNGN0181,Incheon LNG Terminal,2021-06-01,0.13058083461048248,-0.293425288104481,0.7258752774737671,0.7834442137060853,0.5942201236247316,0.9670203830598274
LNGN0186,Izmir Aliaga LNG Terminal,2021-06-01,-0.5686200890032458,-1.4237909782454652,0.0740421429083816,0.0901843541550453,-0.03437582782993058,0.20305659622658767
LNGN0191,Jebel Ali FLNG Terminal,2021-06-01,0.15525607429071275,-0.3577322421547453,0.822382957543144,-0.22496343183455741,-0.4724047842382573,0.03805923778564645
LNGN0195,Jieyang LNG Terminal (PipeChina),2021-06-01,0.9542644463588289,0.18084815504369384,1.9279632142122567,-0.3390758094507705,-0.5010001237236457,-0.1680860873094889
LNGN0207,Klaipeda FSRU,2021-06-01,-0.6485077989103225,-1.4342787722001256,-0.06703405275329818,-0.21925251188653186,-0.3447376789704078,-0.0899377085420597
LNGN0222,Lysekil LNG Terminal,2021-06-01,-0.6525063024012809,-1.4375636891792272,-0.05509677932512025,-0.8099964308145137,-1.063437044487517,-0.5255619310741955
LNGN0232,Marmara LNG Terminal,2021-06-01,-0.5714480941608323,-1.3486232459734422,0.08190208969166286,-0.11274730581972198,-0.17529496730279348,-0.043387008614891386
LNGN0244,Montoir LNG Terminal,2021-06-01,-0.734751724650299,-1.4126084991116672,-0.2268229595070083,0.03717994179055794,-0.1385128777340094,0.2196129297733709
LNGN0248,Mugardos LNG Terminal,2021-06-01,-0.7362403083819153,-1.4199095929433005,-0.24378172341184692,-0.2883938257314193,-0.39020363889668835,-0.18658260743968588
LNGN0261,Nigeria LNG Terminal,2021-06-01,2.187472599240736,1.7517893098450723,2.489998883191353,1.3758301890421307,1.242059478475731,1.5136733012241477
LNGN0270,Ohgishima LNG Terminal,2021-06-01,0.25838799985626143,-0.11760963744371038,0.8072865683037848,0.060058445476935146,-0.0225603333746993,0.1443301717724576
LNGN0297,Pluto LNG Terminal,2021-06-01,1.080333733721706,0.6287988741507553,1.6636840934274078,0.8539163272101404,0.7120353591535311,1.002735468151491
LNGN0309,Prelude FLNG Terminal,2021-06-01,-0.771946420958999,-1.3726421042517958,-0.3232452261385915,0.7669062804169285,0.5771448962073101,0.9651426259583417
LNGN0314,Pyeongtaek LNG Terminal,2021-06-01,0.5798451954879951,0.3407281192780468,0.8279909500407445,0.5302900127400474,0.3146716204485604,0.7442834503723157
LNGN0319,Qidong LNG Terminal,2021-06-01,-0.053293585166895384,-0.3350433714166934,0.3918376548322014,-0.04696630463032426,-0.17216250433101501,0.08164496711842444
LNGN0328,Rasgas LNG Terminal 3,2021-06-01,4.189106102550162,1.9403860696628477,6.295400339848983,1.2612590762308173,1.167288974814006,1.3622212468068038
LNGN0331,Revithoussa LNG Terminal,2021-06-01,-0.6388672236619274,-1.412956273215585,-0.057654723345080885,-0.05137044280883442,-0.11507599826838548,0.02278338679847984
LNGN0345,Sabine Pass LNG Terminal,2021-06-01,2.0432824677719426,1.8096472379716513,2.2888035269656326,1.525118527789958,1.4001420832278628,1.6503223039449022
LNGN0347,Sagunto LNG Terminal,2021-06-01,0.14558150044237575,-0.15297529014533337,0.5920191481040669,-0.1748169639958165,-0.37417698919969555,0.032685638503190416
LNGN0363,Shandong LNG Terminal,2021-06-01,0.36152936524572193,0.0898470693077774,0.5747128341643667,-0.03949490697575944,-0.24916333580819455,0.1414760069442478
LNGN0374,Sines LNG Terminal,2021-06-01,0.15980140664674228,-0.24014873808377948,0.7224659304426555,-0.15700255101535848,-0.23963270211049906,-0.07836624728932184
LNGN0378,Skikda LNG Terminal,2021-06-01,0.7890633179056821,0.28921522965979546,1.414202289377249,0.6741595079260778,0.4274498078001374,0.9386873117174359
LNGN0381,Sodegaura LNG Terminal,2021-06-01,0.732658380119448,0.30106842302453923,1.3232249953722752,0.4254502089335257,0.14094438785522706,0.700072860353363
LNGN0385,South Hook LNG Terminal,2021-06-01,-0.7343609494016228,-1.3895078782564054,-0.23294376080261886,0.2542587532927588,0.18422498353685507,0.32463447994139205
LNGN0398,Taichung LNG Terminal,2021-06-01,-0.05532854755591509,-0.36011461200151484,0.37110334271463397,-0.05717873614022582,-0.1362157358683421,0.02144312251076543
LNGN0421,Tianjin LNG Terminal (Sinopec),2021-06-01,-0.6326999151031837,-1.3539811957444114,-0.0423428354155012,0.17808269757966058,0.03709036872680856,0.3133455111053184
LNGN0425,Tobata LNG Terminal,2021-06-01,-0.3767004740097279,-1.4134731051978093,0.48037185348185757,0.01607793870329308,-0.1786008792492548,0.2202616094235984
LNGN0426,Tongyoung LNG Terminal,2021-06-01,0.9366446979375165,0.5566582932624276,1.4928562349172139,0.5319472148834292,0.40621420707791583,0.648225616779058
LNGN0427,Tornio Manga LNG Terminal,2021-06-01,-0.64326518263171,-1.4042517134911228,-0.042710889333953124,-0.7510765753003141,-1.029701350121254,-0.4364340871614979
LNGN0435,Vysotsk LNG Terminal,2021-06-01,1.2138600646349214,0.9927871545870014,1.4446196659047714,0.2946375499692095,-0.001262383758398335,0.5921198247669982
LNGN0441,Wheatstone LNG Terminal,2021-06-01,0.2542852220407731,-0.051691382830485834,0.7335926748810344,1.047162090590051,0.8898831924049204,1.2162896684591717
LNGN0452,Yamal LNG Terminal,2021-06-01,2.679864756067319,1.7599726524029853,3.4919569175539262,1.2641975451002174,1.094534299537328,1.4352278442255844
LNGN0453,Yanai LNG Terminal,2021-06-01,-0.6955066908417513,-1.4202613845592462,-0.14818333397326786,-0.33206868578137233,-0.43505091519595207,-0.24300880161584631
LNGN0460,Yokkaichi Works LNG Terminal,2021-06-01,-0.7316593002597561,-1.4404612341025989,-0.22576155451281768,-0.46678207706409125,-0.5561142976010051,-0.3792253830179635
LNGN0463,Yung-An LNG Terminal,2021-06-01,0.35874069603735337,0.07751291394845931,0.791454534830665,0.20125808713609875,0.04112085175204001,0.36857926777163214
LNGN0464,Zeebrugge LNG Terminal,2021-06-01,0.20620724675545957,-0.2940695322104115,0.8611643077501999,0.14826341865418577,0.01572417531717941,0.28851539675714993
LNGN0472,Zhoushan LNG Terminal,2021-06-01,-0.7411290641458079,-1.3714129602888132,-0.2360678606410008,-0.0317890055521722,-0.15863734237099936,0.09671058615164202
LNGN0474,Świnoujście Polskie LNG Terminal,2021-06-01,0.12297855798235212,-0.37303378999018394,0.806698920642929,-0.05856866176231876,-0.17053334027932276,0.054218181828364936
LNGN0026,Arzew-Bethioua LNG Terminal,2021-07-01,1.401930089284549,1.200874334631699,1.6735554091728566,1.1400513333129356,0.9518169295257831,1.3386572355887199
LNGN0037,Bilbao LNG Terminal,2021-07-01,-0.7237111274288117,-1.3923420647342146,-0.22676100804368182,-0.17519842479439762,-0.26957226492620473,-0.08905195875270824
LNGN0040,Boryeong LNG Terminal,2021-07-01,-0.6629661457007738,-1.357642210206215,-0.10633740962631015,0.2616151550152651,0.15705835231613036,0.37032002830160404
LNGN0056,Cartagena LNG Terminal (Spain),2021-07-01,0.8728632566193365,0.27026370227301194,1.6396855766159537,0.0858735469862171,-0.027887786488725357,0.19617336301808125
LNGN0070,Corpus Christi LNG Terminal,2021-07-01,1.102118124693581,0.44397440378501335,1.9092305830944087,1.3105944242417042,1.1787953418396648,1.4593557778982413
LNGN0081,Dalian LNG Terminal,2021-07-01,-0.725778694263723,-1.3885815205830483,-0.2210050833174251,0.20946406476396937,0.12985043369561236,0.29668153174437367
LNGN0083,Damietta SEGAS LNG Terminal,2021-07-01,0.17304563364741518,-0.3744805160658037,0.9154827867012045,0.9246771512067867,0.8183167750062392,1.0391792543094676
LNGN0085,Das Island LNG Terminal,2021-07-01,0.5824428526895744,-0.2563316865491558,1.6089271118921855,0.9154386821644781,0.6763779029615777,1.1299261971670806
LNGN0097,Dunkirk LNG Terminal,2021-07-01,-0.7033021075056828,-1.4367012210521972,-0.16749323517282327,0.13867563280821268,-0.012881070581637939,0.28851737958036355
LNGN0103,Elba Island LNG Terminal,2021-07-01,-0.5776635639013282,-1.3746327156442957,0.04510893389648233,0.7272139231912634,0.5304670772816572,0.924870915172699
LNGN0121,Fos Tonkin LNG Terminal,2021-07-01,-0.602473629572884,-1.4148220314587276,0.028484118411691402,-0.5211744566230526,-0.7187871687578458,-0.3286877676042966
LNGN0124,Freeport LNG Terminal,2021-07-01,1.5813907398907565,1.3555829559335282,1.9600011714677563,1.308227643976408,1.1686756003567051,1.4648676257781763
LNGN0130,GasPort FSRU,2021-07-01,0.18825557593450712,-0.31246316613404035,0.8125956649018647,-0.3624842885193206,-0.6252626437677343,-0.08734174413565442
LNGN0132,Gate LNG Terminal,2021-07-01,0.5314222801459807,-0.08414106530174557,1.2919133446528737,0.05616940863919762,-0.09332227147608298,0.18991903304283425
LNGN0136,Gibraltar LNG Terminal,2021-07-01,0.17633476516632834,-0.27351018265827554,0.8071673267147508,-0.6955644273421554,-0.9248704582258876,-0.45485994796406837
LNGN0142,Gorgon LNG Terminal,2021-07-01,1.1559212859479377,0.7993390692550766,1.6527305953758926,1.2526123315949447,1.090116563328445,1.422893441198961
LNGN0148,Guanabara Bay FSRU,2021-07-01,-0.6658508558928463,-1.375776083082486,-0.09857452512732333,0.10965084213023367,0.02800913864945317,0.19359486918332267
LNGN0150,Guangxi LNG Terminal,2021-07-01,-0.7290989394740484,-1.3820923611862743,-0.2300088521492198,-0.1418650535093658,-0.2768796156669915,-0.0036398892445382368
LNGN0168,Hazira LNG Terminal,2021-07-01,1.0889698254576778,0.8788769062882318,1.3606267393614324,-0.0549647834723041,-0.12361993365179855,0.01781703254064072
LNGN0173,Himeji LNG Terminal,2021-07-01,0.8926420775331034,0.4922208355843456,1.436632535080462,-0.05136464449227989,-0.2441077756774348,0.1280170632072011
LNGN0178,Huelva LNG Terminal,2021-07-01,-0.710882971228231,-1.424972854259398,-0.19782052524016633,-0.02760069644024126,-0.13764423689388824,0.07883739937046354
LNGN0181,Incheon LNG Terminal,2021-07-01,-0.13559300667067556,-0.31199456881850907,0.17943046207680888,0.7656954207145713,0.6091832907290976,0.9273393846744719
LNGN0186,Izmir Aliaga LNG Terminal,2021-07-01,-0.668666170863708,-1.3706673630553636,-0.10532532108175192,0.10287243455820315,-0.03140014605618282,0.22142254083194807
LNGN0191,Jebel Ali FLNG Terminal,2021-07-01,-0.7325488019339257,-1.3829324058141237,-0.2506498369138452,-0.013315178966980236,-0.11516204024876558,0.08851813274276703
LNGN0195,Jieyang LNG Terminal (PipeChina),2021-07-01,0.7037220920766939,-0.07443034041092902,1.6532536972464713,-0.2829355065375014,-0.4443039658909436,-0.12051192912113586
LNGN0207,Klaipeda FSRU,2021-07-01,-0.6842997164942121,-1.4207837268202763,-0.11917248066666558,-0.19789366522535468,-0.3285773549975512,-0.0633860164252036
LNGN0232,Marmara LNG Terminal,2021-07-01,-0.6440126956642779,-1.3462255447163014,-0.06123376073592284,-0.10005922541656434,-0.16277881566202296,-0.030190919748579535
LNGN0244,Montoir LNG Terminal,2021-07-01,-0.69282442474181,-1.365375561522157,-0.1638351383898731,0.05671165965526047,-0.12141941524798981,0.23050081536532205
LNGN0261,Nigeria LNG Terminal,2021-07-01,1.330215589653696,1.1188070425738843,1.646347316366335,1.4010506678892969,1.2602202218608167,1.5358968093977694
LNGN0270,Ohgishima LNG Terminal,2021-07-01,0.6564468824385886,0.08393875307510931,1.3795515598112327,0.17893563893782802,0.10074111244258528,0.2605852893795899
LNGN0297,Pluto LNG Terminal,2021-07-01,1.6078065075543524,1.352918266495212,2.0029511851159176,0.868360110716718,0.7152574764527112,1.0338323423621254
LNGN0314,Pyeongtaek LNG Terminal,2021-07-01,0.5788660516036777,-0.09801925420605602,1.4353483760447066,0.6851304594384094,0.46609333971326,0.9036633700332761
LNGN0319,Qidong LNG Terminal,2021-07-01,0.737528568970539,0.1619070304658699,1.5148486659880114,-0.012817237416048998,-0.14350928907367602,0.1226294379765339
LNGN0322,Queensland Curtis LNG Terminal,2021-07-01,0.16486601383747235,-0.38054300244995953,0.8806426655922738,1.001371526777386,0.8516308405291906,1.1557621996342153
LNGN0328,Rasgas LNG Terminal 3,2021-07-01,5.298513359784197,2.031095846836443,8.491844107363272,1.2713491546381932,1.167227334643592,1.385900825649655
LNGN0345,Sabine Pass LNG Terminal,2021-07-01,2.7667163780460564,1.7979576734549139,3.607110608291451,1.550964501135661,1.422349686578766,1.6759078313271396
LNGN0347,Sagunto LNG Terminal,2021-07-01,-0.708444794500864,-1.372217710720497,-0.19431556953294288,-0.03259210909587471,-0.13257760675310168,0.06564218224224884
LNGN0359,Senboku 2 LNG Terminal,2021-07-01,0.21880682942525997,-0.272109335318425,0.8787820225968035,0.1636991701626771,-0.05813525202144608,0.3814364327772035
LNGN0372,Shin-Sendai LNG Terminal,2021-07-01,-0.70600423445777,-1.4490991389008452,-0.16811528829816624,-0.26670437099393407,-0.4150471637518831,-0.12170951723379346
LNGN0374,Sines LNG Terminal,2021-07-01,0.5515712596874665,-0.16714495522272665,1.445756697443158,-0.13690126834189106,-0.23004029118796399,-0.051584674870753744
LNGN0381,Sodegaura LNG Terminal,2021-07-01,1.005365707930943,0.37071426004901936,1.7820289774943792,0.5918958070775673,0.2955424528817818,0.8867220165524136
LNGN0385,South Hook LNG Terminal,2021-07-01,-0.7293879347364965,-1.4131395444793935,-0.2304238872075626,0.2705494055666448,0.18728595820214516,0.3470931407330457
LNGN0398,Taichung LNG Terminal,2021-07-01,-0.7343859965398294,-1.3752595317512841,-0.24252144842114434,-0.029045563741648923,-0.11382937715389076,0.060208386291869094
LNGN0421,Tianjin LNG Terminal (Sinopec),2021-07-01,0.2067811929303055,-0.24610958955543183,0.8185041615326433,0.2292731002650195,0.1028207805729562,0.3676257051797915
LNGN0425,Tobata LNG Terminal,2021-07-01,-0.6974978238482274,-1.3717526655837287,-0.15976535964890062,-0.06774701074525964,-0.22513547303343429,0.09954483232072987
LNGN0426,Tongyoung LNG Terminal,2021-07-01,-0.671814732327699,-1.3638712595465918,-0.12239808403781038,0.5183920266338486,0.4305377757349346,0.615202333306744
LNGN0427,Tornio Manga LNG Terminal,2021-07-01,-0.4873232109492804,-1.4253152232694863,0.2807243264014856,-0.7383884948971562,-1.0194204829059619,-0.4231728793719505
LNGN0435,Vysotsk LNG Terminal,2021-07-01,0.4959314605028634,0.18332951475045084,0.700278888071889,0.4245516048613103,0.12697692673487676,0.7346443199735102
LNGN0441,Wheatstone LNG Terminal,2021-07-01,0.90264577646357,0.025552315388173368,1.9554171086531265,1.0591854936339047,0.8832672260938965,1.24444315411229
LNGN0452,Yamal LNG Terminal,2021-07-01,3.070489086827432,1.8887358195409152,4.12187918492739,1.2524655222477346,1.093097491646016,1.4122146354345175
LNGN0453,Yanai LNG Terminal,2021-07-01,-0.6711843238266005,-1.4081008906627184,-0.09889408330608579,-0.31622312414204495,-0.4107646914916281,-0.23590806668446074
LNGN0460,Yokkaichi Works LNG Terminal,2021-07-01,0.7498964563288351,-0.05700312019385499,1.7525644413110655,-0.26877267819296224,-0.40396291559945724,-0.13602214265357238
LNGN0463,Yung-An LNG Terminal,2021-07-01,1.1149583561417213,0.4641055745968162,1.9027924064058221,0.14938126615406735,0.037838721506856306,0.2605996303395167
LNGN0464,Zeebrugge LNG Terminal,2021-07-01,0.013646457884943489,-0.3228044039769719,0.5609244259008479,0.1854356407888222,0.045237324097490615,0.3288292744453482
LNGN0472,Zhoushan LNG Terminal,2021-07-01,-0.7397009269843757,-1.406338878334128,-0.23751395618619744,0.011614443392764342,-0.11938391561850846,0.15102337822439738
LNGN0474,Świnoujście Polskie LNG Terminal,2021-07-01,-0.7380138263995414,-1.4041310891333192,-0.25073604730430316,-0.05489158721453105,-0.1774371719611901,0.07108654669804812
LNGN0026,Arzew-Bethioua LNG Terminal,2021-08-01,0.7634231638965285,0.32702310408216373,1.3306386604976745,1.0987986857836578,0.9311284942694686,1.279652933971997
LNGN0027,Atlantic LNG Terminal,2021-08-01,0.4191121717090463,0.12971687197758622,0.8502837163949817,0.9717095930460343,0.8282823723800544,1.107667631157397
LNGN0037,Bilbao LNG Terminal,2021-08-01,-0.7268613004533672,-1.3962954072732323,-0.2317489298083935,-0.13574033910952213,-0.21980199759565455,-0.05303837816025123
LNGN0040,Boryeong LNG Terminal,2021-08-01,0.6756044127832285,0.07214060965969482,1.414348968869958,0.27721962293355057,0.17904589017296754,0.3888150451688205
LNGN0056,Cartagena LNG Terminal (Spain),2021-08-01,-0.7435444695028636,-1.4073428802536485,-0.27400516920771556,0.058729801674015744,-0.04141948013424347,0.1552659139947944
LNGN0070,Corpus Christi LNG Terminal,2021-08-01,1.6684785036327046,1.4493432050910557,2.026264109373939,1.314437609617919,1.1684905195303925,1.4741083149959944
LNGN0085,Das Island LNG Terminal,2021-08-01,0.6686475167397923,0.18388259783127958,1.3224567169017791,0.9400799146725427,0.6914007356504729,1.1633440342424015
LNGN0097,Dunkirk LNG Terminal,2021-08-01,-0.7040372760756936,-1.3964662796002663,-0.19040710038911512,0.13535620859579992,-0.025353282625403074,0.29663288070268795
LNGN0103,Elba Island LNG Terminal,2021-08-01,-0.7106140527279402,-1.383235595868244,-0.2028526909464619,0.7098677031367546,0.49998264892254185,0.9251431052436933
LNGN0121,Fos Tonkin LNG Terminal,2021-08-01,0.9336582023245749,0.4056116577081764,1.6426424226214644,-0.7576631275169071,-0.9001926909851994,-0.61389411200572
LNGN0124,Freeport LNG Terminal,2021-08-01,1.8535397781579135,1.5216106961012483,2.0555315225478745,1.2410399659427973,1.0835067517973482,1.404285702300447
LNGN0132,Gate LNG Terminal,2021-08-01,0.6726599451904183,0.06727841636949684,1.4485033037536317,0.09141866376693276,-0.038595726258150435,0.21880887274798883
LNGN0136,Gibraltar LNG Terminal,2021-08-01,0.17880940964115694,-0.13959790654352533,0.6519303461632725,-0.6629029880121075,-0.8899132992222526,-0.422345300553413
LNGN0142,Gorgon LNG Terminal,2021-08-01,1.4065274262289715,0.9158277472480763,2.0841341251546335,1.272888278822321,1.1126063551640069,1.4429491217457342
LNGN0150,Guangxi LNG Terminal,2021-08-01,-0.7070550692112472,-1.4091583235202423,-0.1782063201966773,-0.11382132530770789,-0.24673342977326537,0.025525756073328024
LNGN0168,Hazira LNG Terminal,2021-08-01,0.18171467859323143,-0.1996468494578739,0.7106795309275913,-0.03689251186395261,-0.10743632332384184,0.04139376731358018
LNGN0173,Himeji LNG Terminal,2021-08-01,0.2536192727035577,-0.11320579587681845,0.7350265666259606,-0.010938046322822397,-0.22526715501381891,0.1797958021684776
LNGN0178,Huelva LNG Terminal,2021-08-01,-0.008376299704432112,-0.21783681493313395,0.3722789677476201,-0.02189004935339667,-0.12602068616342524,0.07745877533863592
LNGN0181,Incheon LNG Terminal,2021-08-01,0.5352297460806967,-0.15919450689059383,1.338339905164269,0.8158862294465127,0.6359854080359874,0.9844482212747061
LNGN0186,Izmir Aliaga LNG Terminal,2021-08-01,-0.5792680379126497,-1.4022784404940896,0.05202399145536422,0.2290104128223853,0.17492085154653936,0.28914721051906256
LNGN0191,Jebel Ali FLNG Terminal,2021-08-01,-0.7277124144750169,-1.4055267931547295,-0.21816004101751216,-0.19688903814091563,-0.46598778684382397,0.07550114032415904
LNGN0195,Jieyang LNG Terminal (PipeChina),2021-08-01,0.9355104540398577,0.31664786439753473,1.695760524276218,-0.25165839344183566,-0.4040909712292341,-0.08943666030547895
LNGN0232,Marmara LNG Terminal,2021-08-01,0.33638394844460606,-0.0415746202681054,0.886243928660125,-0.08467291212608029,-0.1532832245927949,-0.014438084697374865
LNGN0237,Mejillones LNG Terminal,2021-08-01,-0.7322328924346919,-1.4475816675465898,-0.22118638334147858,-0.3834967905308381,-0.5222940307651436,-0.23386396907844223
LNGN0244,Montoir LNG Terminal,2021-08-01,-0.63343131199143,-1.3480113542816008,-0.05446757203992761,0.049310432105050414,-0.11937833841216265,0.20653451103293155
LNGN0261,Nigeria LNG Terminal,2021-08-01,1.8225105612725534,1.5064132658969895,2.031653387246008,1.3612603701184058,1.235117322300455,1.4802329182278704
LNGN0270,Ohgishima LNG Terminal,2021-08-01,0.2831933921185796,-0.14551940820762876,0.9133803262521176,0.17836432022890414,0.10867971868819122,0.2447814845725663
LNGN0297,Pluto LNG Terminal,2021-08-01,1.293572679268959,0.7709432697851826,1.9827189117988253,0.8871806149744701,0.7377561615120453,1.0497028634499976
LNGN0314,Pyeongtaek LNG Terminal,2021-08-01,-0.0077036825935068364,-0.2908937947488024,0.46376275690577845,0.6881996826837949,0.47556179842812424,0.8986768717780224
LNGN0319,Qidong LNG Terminal,2021-08-01,0.7833523619355159,0.06851275157720015,1.653095450136019,-0.01373385269259639,-0.14804802031509162,0.1315321969501832
LNGN0322,Queensland Curtis LNG Terminal,2021-08-01,-0.7581332347951211,-1.3711529036716588,-0.30097453964639487,1.0106270126656567,0.8570573732095329,1.1681632823337147
LNGN0324,Quintero LNG Terminal,2021-08-01,-0.7233342092026053,-1.3901275619647104,-0.21556411481023754,-0.4083576181969956,-0.6246841965743816,-0.19370447584461936
LNGN0328,Rasgas LNG Terminal 3,2021-08-01,4.6711872465030675,1.9079852524050567,7.340005470000326,1.2895922466517857,1.1812565916193898,1.4048979464452878
LNGN0345,Sabine Pass LNG Terminal,2021-08-01,2.7420495953859603,1.9087465512359876,3.4477758738855084,1.4961803161079006,1.3623348378240019,1.6336860767143786
LNGN0347,Sagunto LNG Terminal,2021-08-01,0.15278922834526912,-0.12351615727554138,0.6415293169917085,-0.12540551062992422,-0.24220964999086986,-0.01110720074601077
LNGN0359,Senboku 2 LNG Terminal,2021-08-01,-0.7359595680693792,-1.3762924438163664,-0.23722817343475405,0.2190088970430903,-0.042871885254760024,0.45435115504684126
LNGN0372,Shin-Sendai LNG Terminal,2021-08-01,-0.7451322107539546,-1.379397788707698,-0.24404662261612417,-0.281772120762315,-0.42854353443142673,-0.12387639831898871
LNGN0374,Sines LNG Terminal,2021-08-01,0.5207806751093227,-0.15418869772414914,1.3246383388374368,-0.11114320897291463,-0.19825710081195969,-0.02348367815370663
LNGN0381,Sodegaura LNG Terminal,2021-08-01,0.4481324244085178,0.17934615069427465,0.8961825396452322,0.5978701452977047,0.3007451431848079,0.8784795126273011
LNGN0385,South Hook LNG Terminal,2021-08-01,-0.7366206588497303,-1.4022381547923464,-0.24315152511821955,0.2859357188571284,0.20286789818530968,0.36819047584338943
LNGN0398,Taichung LNG Terminal,2021-08-01,-0.7467119912943367,-1.3611803661839268,-0.2712478173270526,-0.02910434244658407,-0.11980839484726588,0.07057183389891675
LNGN0421,Tianjin LNG Terminal (Sinopec),2021-08-01,-0.6890035186759649,-1.4170075825724395,-0.14004892877724145,0.28070575132008396,0.16801589392097588,0.4038667087254883
LNGN0427,Tornio Manga LNG Terminal,2021-08-01,-0.6862271180886987,-1.4445364350206888,-0.10783547128492703,-0.7230021816066721,-1.0089732012541366,-0.406196247888397
LNGN0435,Vysotsk LNG Terminal,2021-08-01,1.702609895548479,1.255254186961899,1.9722400948437917,0.31133072238838705,-0.016681735307817528,0.6381513483550109
LNGN0441,Wheatstone LNG Terminal,2021-08-01,0.607299993944683,-0.10306339144130842,1.4791070184025392,1.0852175489164242,0.9133906107476166,1.2684703791544139
LNGN0452,Yamal LNG Terminal,2021-08-01,1.7814439300715563,1.5711746754649676,2.1249745559718076,1.2512443683780776,1.1096194415096452,1.4063265636141375
LNGN0460,Yokkaichi Works LNG Terminal,2021-08-01,0.727555713594281,0.18715570079956112,1.4461405940845296,-0.2627770024736402,-0.39400532415632034,-0.13587148442780536
LNGN0463,Yung-An LNG Terminal,2021-08-01,0.9260653531690671,0.5359865111183859,1.4446920445784937,0.21911791880045983,0.07057799419811593,0.3553078002931376
LNGN0464,Zeebrugge LNG Terminal,2021-08-01,0.1900708725790446,-0.31511267173242363,0.8115464168067582,0.2105636192889456,0.06142086985439751,0.3513280108883362
LNGN0472,Zhoushan LNG Terminal,2021-08-01,0.22796566581814057,-0.2374480617189682,0.875743491293197,-0.01588791432241868,-0.1551384189917935,0.1377375223200883
LNGN0474,Świnoujście Polskie LNG Terminal,2021-08-01,-0.7373368068531166,-1.348622352364974,-0.25172776115330997,-0.030494268068677013,-0.1538420299536144,0.09836633206050789
LNGN0026,Arzew-Bethioua LNG Terminal,2021-09-01,0.8741215743984567,0.23609866677559976,1.7123715757678468,1.1519251047055246,0.96557848909094,1.335851233736844
LNGN0027,Atlantic LNG Terminal,2021-09-01,-0.5446544476070998,-1.3644813019604776,0.12255616653662169,0.9513652653408461,0.8129054500312256,1.0778024969535602
LNGN0035,Barcelona LNG Terminal,2021-09-01,0.1924707549341661,-0.33179238475377826,0.8781057334357607,0.23673931208822946,-0.0461589243654583,0.49476290438626147
LNGN0037,Bilbao LNG Terminal,2021-09-01,0.2868930003395853,-0.12093871568099127,0.8312443300356537,-0.02402557031501765,-0.08126578099919367,0.038074731271821045
LNGN0040,Boryeong LNG Terminal,2021-09-01,0.3038518586611142,-0.08974731229406067,0.8341967628995491,0.27420192448785113,0.17981934356079732,0.38361082141164193
LNGN0070,Corpus Christi LNG Terminal,2021-09-01,1.8976250484437538,1.687860873029766,2.2217314198542937,1.3304712451995757,1.1940301869806944,1.4827599592266523
LNGN0085,Das Island LNG Terminal,2021-09-01,0.9316075740406575,0.3128119830096419,1.7174525089056814,0.9542601207281483,0.6915712492457021,1.1869962231986797
LNGN0097,Dunkirk LNG Terminal,2021-09-01,-0.694819692876047,-1.3951679056558948,-0.15892719851188863,0.14931800455290412,-0.00017152270590979063,0.3019809075131486
LNGN0121,Fos Tonkin LNG Terminal,2021-09-01,1.087779230597801,0.6580151172027415,1.6572682308493516,-0.5112888794162639,-0.7107968265237564,-0.3342834557189116
LNGN0124,Freeport LNG Terminal,2021-09-01,0.9387721716897676,0.2824706638513126,1.7414980181838036,1.262749780547592,1.125495015062634,1.4158715258300854
LNGN0132,Gate LNG Terminal,2021-09-01,-0.707409169065022,-1.4142201739131974,-0.1774246259339069,0.10157607002435966,-0.019061283160406988,0.22561182750469402
LNGN0142,Gorgon LNG Terminal,2021-09-01,1.3048779549195042,0.9146034058548984,1.8518806500546932,1.283740531213076,1.1305490304692747,1.44572220811755
LNGN0150,Guangxi LNG Terminal,2021-09-01,-0.6799196958714459,-1.3973758745150568,-0.12421489223282772,-0.10539001898531135,-0.23571068505617918,0.030595794905257503
LNGN0168,Hazira LNG Terminal,2021-09-01,0.8880084784590246,0.03652088576508855,1.9024336207866877,-0.11933705620026361,-0.23895278568988715,0.00678343734884738
LNGN0173,Himeji LNG Terminal,2021-09-01,0.6402163328868313,0.01321538951651361,1.3972987538096662,-0.04441364640456286,-0.23431275143383465,0.12739481109548756
LNGN0178,Huelva LNG Terminal,2021-09-01,0.5285911373887217,-0.04058836957880722,1.2072669355487307,0.017214601969901523,-0.09873499290900567,0.12223781414432211
LNGN0181,Incheon LNG Terminal,2021-09-01,-0.6874929591797903,-1.3800949606030073,-0.1731689158011506,0.8170805537749274,0.6380920061567273,0.9905614417905213
LNGN0186,Izmir Aliaga LNG Terminal,2021-09-01,0.9381216272417523,0.1409512653117701,1.9363192739476223,0.132220543805791,0.013746705220985743,0.24795049900624055
LNGN0191,Jebel Ali FLNG Terminal,2021-09-01,-0.7197240497466962,-1.4002240710733347,-0.2102793155897362,-0.1829272421838114,-0.4519927780777907,0.0736859683935023
LNGN0195,Jieyang LNG Terminal (PipeChina),2021-09-01,-0.7392456452364587,-1.4103074112441383,-0.23636401791974684,-0.24938861663495,-0.3995093917326041,-0.08823108341707722
LNGN0222,Lysekil LNG Terminal,2021-09-01,0.7022614448022472,0.15822306992880536,1.070858432718044,-1.0415322525027235,-1.3900842897777648,-0.6825045035453504
LNGN0232,Marmara LNG Terminal,2021-09-01,0.5928967928596882,-0.08612605538489342,1.3954567608742074,-0.013279215337618585,-0.09553928069418273,0.05657811509534209
LNGN0244,Montoir LNG Terminal,2021-09-01,0.16559837840940334,-0.16974760378030512,0.6441868522577399,0.08605976890284844,-0.10405343368082376,0.25930416211894664
LNGN0261,Nigeria LNG Terminal,2021-09-01,1.7704180135044123,1.4240311351211168,2.249044514807092,1.3518985026659627,1.2332413049301134,1.4676567966196485
LNGN0270,Ohgishima LNG Terminal,2021-09-01,0.6216787924013626,0.10593354592041361,1.2921593503071906,0.20222112362080077,0.11340355291121523,0.27946877886866495
LNGN0287,Penuelas LNG Terminal,2021-09-01,-0.32419260363770197,-1.4158404888678293,0.5880393350167887,-0.4339222427150872,-0.5825029764929225,-0.26553389246268433
LNGN0297,Pluto LNG Terminal,2021-09-01,1.9417227678005577,1.7192322358409406,2.2031079669121367,0.8977076636020157,0.750340190151928,1.0578260394796932
LNGN0307,Porto do Açu FSRU,2021-09-01,-0.6965975004760973,-1.4053297842182464,-0.15773532748479588,0.03202444053806684,-0.12017452358870587,0.19804430255586236
LNGN0312,Punta Europa LNG Terminal,2021-09-01,-0.7618157361750059,-1.3259345029447775,-0.3126770789194278,0.7431806096562346,0.6082909355681835,0.8780504137964649
LNGN0314,Pyeongtaek LNG Terminal,2021-09-01,0.8846663719867128,0.2713238676352585,1.65861389408383,0.7112096843334137,0.48152515425390263,0.9249962663053045
LNGN0319,Qidong LNG Terminal,2021-09-01,0.35719322987179425,-0.1395743732160171,0.9963513987081211,0.012639035840070463,-0.10974981117385996,0.14273300439797476
LNGN0322,Queensland Curtis LNG Terminal,2021-09-01,0.992495745048375,0.39153538442305996,1.7358185487034898,1.0232858854984699,0.8736400387833224,1.1702078387248422
LNGN0324,Quintero LNG Terminal,2021-09-01,-0.7071180753007864,-1.3691783373934472,-0.18573159505156606,-0.39641374324607304,-0.6069160432107988,-0.18385366297010408
LNGN0328,Rasgas LNG Terminal 3,2021-09-01,5.486151375104286,2.0017177277412124,8.88479240306047,1.2905995928268335,1.180392963080321,1.401976508788408
LNGN0345,Sabine Pass LNG Terminal,2021-09-01,2.9316296582858112,1.8056928914850998,3.889174660360122,1.4541467884459813,1.3288404016261663,1.5903652637897836
LNGN0347,Sagunto LNG Terminal,2021-09-01,0.24496616495405624,-0.1882896842665982,0.838108036866393,0.0107556542528975,-0.07539445124333288,0.0976155638104137
LNGN0359,Senboku 2 LNG Terminal,2021-09-01,-0.6959863039001024,-1.4171181879855264,-0.16397753845471874,0.18978477243184003,-0.050044251442816504,0.4035177726612797
LNGN0363,Shandong LNG Terminal,2021-09-01,0.3140615495108274,-0.06700063716055811,0.8445659269003708,0.2972123679414432,0.22000215394946562,0.3912006665478513
LNGN0374,Sines LNG Terminal,2021-09-01,0.19707283811332854,-0.18793954571474672,0.7423411302478651,-0.10964876522176563,-0.19043007557235506,-0.025344455908352898
LNGN0378,Skikda LNG Terminal,2021-09-01,-0.7568294290131283,-1.3982435476303774,-0.28068765256514405,0.5164208313120057,0.21645003752398684,0.8148124699980526
LNGN0381,Sodegaura LNG Terminal,2021-09-01,0.19989106348095373,-0.28382804652221855,0.8705950343662031,0.5872346344373318,0.3015339734480763,0.8622447365449285
LNGN0385,South Hook LNG Terminal,2021-09-01,-0.7066161647235555,-1.3601353695083125,-0.2022434217048373,0.29989751481423255,0.23335438889834928,0.3735551482143732
LNGN0398,Taichung LNG Terminal,2021-09-01,0.09609389385998152,-0.3070133267601667,0.6881297519370977,-0.015142546489480043,-0.0989885989865412,0.07442416147146375
LNGN0421,Tianjin LNG Terminal (Sinopec),2021-09-01,0.2805246374423733,-0.11804385040548805,0.8315880348725625,0.294879103603889,0.19273289339399416,0.4146458554146427
LNGN0427,Tornio Manga LNG Terminal,2021-09-01,-0.5624969589616737,-1.3838411446195964,0.12434833119632314,-0.709040385649568,-0.9906688460859935,-0.39722613637461
LNGN0435,Vysotsk LNG Terminal,2021-09-01,0.5262344359671444,0.3168389932502743,0.8811851625629853,0.22769757302179072,-0.11223672570239807,0.5699330399686192
LNGN0452,Yamal LNG Terminal,2021-09-01,1.9382896823738462,1.6461905590072408,2.1239813840137134,1.2565098282767408,1.1192361572619711,1.404482053287337
LNGN0460,Yokkaichi Works LNG Terminal,2021-09-01,0.5668678307722356,-0.08031827670179824,1.3793920264427524,-0.2767021306796258,-0.3978277595262244,-0.16586518847138382
LNGN0463,Yung-An LNG Terminal,2021-09-01,0.3612380146094399,0.020231147891292788,0.8461452561405977,0.210552326339671,0.06877911116093448,0.3387777390865588
LNGN0464,Zeebrugge LNG Terminal,2021-09-01,0.2619697756807641,-0.07965292082830491,0.7668028357435382,0.21478375003641023,0.06092616255927657,0.3519261997150764
LNGN0472,Zhoushan LNG Terminal,2021-09-01,-0.6670023670097271,-1.3731354322835072,-0.11478320086930893,0.009751577107997065,-0.11838269400479567,0.14844941771882936
LNGN0474,Świnoujście Polskie LNG Terminal,2021-09-01,-0.7278726338909606,-1.4130083066434254,-0.24222354014585576,-0.016532472111572976,-0.1295839170078932,0.10487408882004022
LNGN0026,Arzew-Bethioua LNG Terminal,2021-10-01,0.6499598804851597,0.04844881160519403,1.4294048131832497,1.1095558954845677,0.9138251325312854,1.3004121664083739
LNGN0027,Atlantic LNG Terminal,2021-10-01,-0.4823354573538198,-1.3792332293023113,0.24881542488017158,0.8107792002884671,0.6117093137667696,1.0002072025065394
LNGN0035,Barcelona LNG Terminal,2021-10-01,0.26431821796712984,-0.1634341658570477,0.848965749290993,0.24988286598888518,-0.058417507267727306,0.5292723276369814
LNGN0037,Bilbao LNG Terminal,2021-10-01,0.7527340376743449,-0.06369481975880684,1.7131131572358875,-0.01384463407161894,-0.07042858462705918,0.044321118142060176
LNGN0040,Boryeong LNG Terminal,2021-10-01,0.8178986487909748,0.07653182043044741,1.7367245035450003,0.271344156374855,0.18137961950721598,0.3720676142645483
LNGN0070,Corpus Christi LNG Terminal,2021-10-01,1.9361311915832065,1.672395349334455,2.1766252111138185,1.337457733337555,1.215205693351851,1.477985546722298
LNGN0085,Das Island LNG Terminal,2021-10-01,0.6474053583800404,0.02908201266356979,1.409337423055408,0.9566925421574729,0.6868265112024707,1.2088102836539456
LNGN0097,Dunkirk LNG Terminal,2021-10-01,0.5215471833316404,-0.10616845270336023,1.283046505587318,0.15811423122507973,0.02311086174104675,0.2921841158845032
LNGN0108,Ennore LNG Terminal,2021-10-01,-0.64962285307558,-1.3881134303571234,-0.08822032505380613,0.05150551341133167,-0.06864726693764892,0.17642962507160506
LNGN0121,Fos Tonkin LNG Terminal,2021-10-01,1.1509858948685476,0.7608032878965032,1.705230110582726,-0.4844003978366415,-0.7083424329810802,-0.27759088308698243
LNGN0124,Freeport LNG Terminal,2021-10-01,2.0775630627762,1.8089148124611418,2.2963351358753963,1.3457560409290397,1.2199355125202604,1.4929115510724005
LNGN0130,GasPort FSRU,2021-10-01,-0.6363295404688238,-1.402648706556296,-0.023898378095954558,-0.3243399525995565,-0.5715519031773449,-0.0784852128298195
LNGN0132,Gate LNG Terminal,2021-10-01,0.7391336057391258,0.02952248669356449,1.5715914644244366,0.12322052693575321,0.02338909049115988,0.2259463928912169
LNGN0142,Gorgon LNG Terminal,2021-10-01,1.7164474263696934,1.4852966873138669,2.0901074714326016,1.3008019574850256,1.1726126542383857,1.440310224879298
LNGN0144,Grain LNG Terminal,2021-10-01,0.6090558112342673,0.028780909971596075,1.3410011006186684,0.08722473532126165,-0.02383468402409282,0.19716731040241753
LNGN0150,Guangxi LNG Terminal,2021-10-01,-0.6794530760006279,-1.4151264337523357,-0.13215988820554794,-0.19699288576714277,-0.3464547531997312,-0.04627686333443793
LNGN0168,Hazira LNG Terminal,2021-10-01,0.28872679911869903,-6.34229131318221e-05,0.7414712066510406,-0.0044986741444476225,-0.061182889167350436,0.05781408265872561
LNGN0173,Himeji LNG Terminal,2021-10-01,0.5305708151813073,-0.17937122597258132,1.4104333180500197,-0.03417597423436323,-0.2387516400266423,0.1567972710106111
LNGN0178,Huelva LNG Terminal,2021-10-01,0.3583367588387692,0.03482974321856933,0.8428941034683459,0.03600971184625746,-0.09446252314982415,0.1583302539010061
LNGN0181,Incheon LNG Terminal,2021-10-01,0.8781768216829176,0.014375791139535939,1.8973833651152299,0.8201954641402678,0.6276365098849898,1.0041201779000055
LNGN0186,Izmir Aliaga LNG Terminal,2021-10-01,0.7410769673241022,0.2757169133545661,1.3553627329631022,0.226781564870524,0.17223591550273562,0.2814492943236468
LNGN0191,Jebel Ali FLNG Terminal,2021-10-01,-0.6898273363979468,-1.4318542293121972,-0.14441093794582543,-0.174131015511636,-0.4284825182161628,0.06898860123970318
LNGN0195,Jieyang LNG Terminal (PipeChina),2021-10-01,0.19288254282559678,-0.2674706687525933,0.7890650513010848,-0.2593488716126042,-0.40669657984101837,-0.10890625603454339
LNGN0222,Lysekil LNG Terminal,2021-10-01,-0.5509537189159808,-1.3814839164249735,0.13812016848602338,-0.7591640144915921,-1.0113551855265661,-0.49185671916641394
LNGN0232,Marmara LNG Terminal,2021-10-01,0.6876708933684276,0.35928744078463964,0.8945953360772726,0.015314299401656734,-0.09043818658899923,0.11658300821321813
LNGN0244,Montoir LNG Terminal,2021-10-01,-0.584884033038846,-1.3856290634111303,0.0625142551573203,0.08801235811347931,-0.11573628749925625,0.27687685535808515
LNGN0248,Mugardos LNG Terminal,2021-10-01,0.2293125896877469,-0.18088923540684926,0.7985538381179546,-0.23103095109368785,-0.3200670682085636,-0.12822486650157572
LNGN0261,Nigeria LNG Terminal,2021-10-01,1.9582262890213444,1.764593631505566,2.2849603249301036,1.4345843906278044,1.2771319341921987,1.5818404458039295
LNGN0270,Ohgishima LNG Terminal,2021-10-01,0.8452591226310765,0.15140567140734623,1.7049709155428616,0.21223618584235673,0.11387692234076059,0.3076019794236068
LNGN0287,Penuelas LNG Terminal,2021-10-01,-0.24691116766199647,-1.420594657331142,0.7363739507285517,-0.4251260160429119,-0.568637886292867,-0.2730556558762696
LNGN0297,Pluto LNG Terminal,2021-10-01,1.5454457731527655,1.1218277968169543,2.154147697949559,0.9068950898984887,0.7745920148609944,1.0483037159855237
LNGN0307,Porto do Açu FSRU,2021-10-01,-0.6438292159424613,-1.485937972879128,-0.06910964106665805,0.041457211474954556,-0.10195940792242711,0.1890079398268575
LNGN0314,Pyeongtaek LNG Terminal,2021-10-01,0.42880410641149314,-0.0263203331211018,1.0814168826805772,0.7252492336747285,0.47675927964715703,0.9564054365017646
LNGN0319,Qidong LNG Terminal,2021-10-01,0.5418563891776189,-0.12427725969848737,1.4032518065213149,0.022641741233045267,-0.08744785673120561,0.14003618372513604
LNGN0322,Queensland Curtis LNG Terminal,2021-10-01,-0.5993601588765233,-1.3509131786138195,0.014392836280017154,0.9812239080817473,0.8413533524130832,1.1162306417754861
LNGN0328,Rasgas LNG Terminal 3,2021-10-01,4.736521000514739,1.8870834248934552,7.48182799445141,1.307665672206802,1.2023773970480058,1.4051308452663755
LNGN0345,Sabine Pass LNG Terminal,2021-10-01,2.3918525571166906,1.8330082751757635,2.826139027371518,1.565285702423763,1.446988946521136,1.6852321038284728
LNGN0347,Sagunto LNG Terminal,2021-10-01,0.6207082781737286,0.06548488271835534,1.3179809046402733,0.0642064713194922,0.00869718406086785,0.12093687107572809
LNGN0359,Senboku 2 LNG Terminal,2021-10-01,-0.6446509202934814,-1.3486020710263271,-0.07832893593955667,0.15733191754874523,-0.07324679154113808,0.36862698886710515
LNGN0363,Shandong LNG Terminal,2021-10-01,0.6001367792337183,0.19535889653298985,0.8573272165610738,0.2791573118585026,0.20294528420163863,0.36335088645302394
LNGN0374,Sines LNG Terminal,2021-10-01,0.5431196711878093,-0.023865815569701864,1.26609309957818,-0.09875693242212745,-0.16130768405638166,-0.026554591399168426
LNGN0378,Skikda LNG Terminal,2021-10-01,-0.0052243736557728414,-0.27624413282205956,0.4389732872347513,0.5253880796725041,0.24324048390684358,0.8097121855572088
LNGN0381,Sodegaura LNG Terminal,2021-10-01,0.7386466949806644,0.06470664004552991,1.5984614614250456,0.5962899097614117,0.2987284233976424,0.8790849097856424
LNGN0385,South Hook LNG Terminal,2021-10-01,-0.6086667586707861,-1.412242802902152,0.02159531951033266,0.30869374148640816,0.25447260212009115,0.37047760196841245
LNGN0398,Taichung LNG Terminal,2021-10-01,-0.6827731026466604,-1.3622456242032672,-0.13317279603648283,0.013604488243622865,-0.05369370197878258,0.08370509225259759
LNGN0421,Tianjin LNG Terminal (Sinopec),2021-10-01,-0.6631683714622469,-1.3917704562809499,-0.09342899803371311,0.29310864500560396,0.1934357600945872,0.40037701106623463
LNGN0426,Tongyoung LNG Terminal,2021-10-01,0.6384047705648654,0.17440718074259037,1.2921611429120339,0.5662476141821078,0.44080913913297537,0.6824398565597702
LNGN0427,Tornio Manga LNG Terminal,2021-10-01,-0.3962477779379927,-1.3540301348242305,0.4332423379271104,-0.7002441589773919,-0.9759071727299908,-0.4076415853209502
LNGN0435,Vysotsk LNG Terminal,2021-10-01,0.6451923894647803,0.23279473593493347,0.9326772865460157,0.24164830640259644,-0.08019568231019904,0.5685289622367614
LNGN0452,Yamal LNG Terminal,2021-10-01,2.6098376737236006,1.7715164242209551,3.324482905382068,1.3862547226908395,1.2645195836018575,1.5207272609189488
LNGN0460,Yokkaichi Works LNG Terminal,2021-10-01,0.26122240330929636,-0.13617143247613606,0.8071651433982243,-0.2817291854460675,-0.40460326934998647,-0.16622312792501986
LNGN0463,Yung-An LNG Terminal,2021-10-01,1.45854614034952,1.0419910631959004,2.0152182797796314,0.19176027710259227,0.05034300700255745,0.3172719065142882
LNGN0464,Zeebrugge LNG Terminal,2021-10-01,0.31407481772486934,-0.08179141657062704,0.8868239951002084,0.2279131136897467,0.058162447865285585,0.38033392249928893
LNGN0472,Zhoushan LNG Terminal,2021-10-01,-0.5838238594939087,-1.3704283357232772,0.07467272075122679,0.04911954098939714,-0.06469996156083473,0.169800186413539
LNGN0474,Świnoujście Polskie LNG Terminal,2021-10-01,-0.6809327021695878,-1.4181561388651587,-0.14011317152409625,-0.00773624543939734,-0.10844051890992229,0.10173622710353494
LNGN0026,Arzew-Bethioua LNG Terminal,2021-11-01,0.27180993378371865,-0.179429311877406,0.8484004561238915,1.157274097115231,0.939506576602166,1.3670343065036048
LNGN0027,Atlantic LNG Terminal,2021-11-01,0.44012350090223673,0.1887143486309799,0.8627360821074579,0.8120529158424128,0.6335371721796906,0.9855909241616762
LNGN0035,Barcelona LNG Terminal,2021-11-01,0.5589404705151999,-0.03626096615837509,1.2997083409193728,0.24561549909893496,-0.07507335390533486,0.5488068048343335
LNGN0037,Bilbao LNG Terminal,2021-11-01,0.45746392584140705,-0.2144089039004292,1.3232180330994994,-0.09358781492782953,-0.14746329565634142,-0.030644622572436324
LNGN0040,Boryeong LNG Terminal,2021-11-01,-0.7144547100350939,-1.3913885063560374,-0.2012700719026174,0.2729098240486897,0.1962057399875815,0.3480316874207217
LNGN0056,Cartagena LNG Terminal (Spain),2021-11-01,0.533297255101693,-0.17711457756934737,1.411686113598388,0.1350918213133226,-0.02638370910789849,0.2913324351390845
LNGN0070,Corpus Christi LNG Terminal,2021-11-01,1.3184132850396215,0.8269613590978597,1.9469929317586336,1.3327341477130552,1.2176754768014393,1.4548199611188093
LNGN0083,Damietta SEGAS LNG Terminal,2021-11-01,0.2466677663603486,-0.2310680938628032,0.8691414676157487,0.7920718861345909,0.6490313837714838,0.9452614704479826
LNGN0085,Das Island LNG Terminal,2021-11-01,0.7811356526978851,0.25454992032016577,1.4738283826136727,0.954825542361396,0.6703872889537035,1.2202889550904106
LNGN0097,Dunkirk LNG Terminal,2021-11-01,0.17059902722159787,-0.32372826267779403,0.8303950270792816,0.185790731623555,0.0843007491568559,0.2848025478731975
LNGN0121,Fos Tonkin LNG Terminal,2021-11-01,1.2751022651913562,0.8400019083657448,1.8548474689433294,-0.5014181782556023,-0.7315906371240352,-0.2908781370471413
LNGN0124,Freeport LNG Terminal,2021-11-01,1.4835242872639922,0.9715258472797647,2.110304619289227,1.3466203811271629,1.2303497035706938,1.4737451147387637
LNGN0130,GasPort FSRU,2021-11-01,0.1642455247003493,-0.3124876326108563,0.8095764426116219,-0.3230662370456103,-0.5525581079237462,-0.09982022389129552
LNGN0132,Gate LNG Terminal,2021-11-01,0.3767405737407572,-0.13530264016823015,1.0905339084492567,0.11696748943417364,0.032481133102048955,0.20605060894058982
LNGN0142,Gorgon LNG Terminal,2021-11-01,1.1225730653667119,0.9311081982724889,1.47929114045823,1.2976360378003176,1.1835637716494567,1.4182837811204358
LNGN0144,Grain LNG Terminal,2021-11-01,0.043770180241028536,-0.22219995871709505,0.4866102069391914,0.12652610585269042,0.04044526155248625,0.20776423904204888
LNGN0150,Guangxi LNG Terminal,2021-11-01,-0.6194823258804119,-1.3687601532467708,-0.009412232740431816,-0.089789587124482,-0.19989999835576575,0.014981770391346115
LNGN0168,Hazira LNG Terminal,2021-11-01,0.18416502086988917,-0.31373817462151865,0.8241821447374831,-0.10926711397414177,-0.2009922036188309,-0.020873024736399078
LNGN0170,Higashi Niigata LNG Terminal,2021-11-01,0.22402745363177962,-0.2280228902050651,0.8618152605760727,0.1337986713257064,-0.058922880509905455,0.31996819983507624
LNGN0173,Himeji LNG Terminal,2021-11-01,0.3159909039890129,0.04258797219022207,0.7444670512461016,0.039885548784595486,-0.23541564652360647,0.30261606805250535
LNGN0178,Huelva LNG Terminal,2021-11-01,0.3719098338090262,0.04001727613233499,0.8839553016633744,0.04755779726051624,-0.11056787849087485,0.19899399706289292
LNGN0181,Incheon LNG Terminal,2021-11-01,0.4940833956449223,-0.24397970936531105,1.3745396477450502,0.8461969871403158,0.6224580185246635,1.057022995918311
LNGN0186,Izmir Aliaga LNG Terminal,2021-11-01,0.709615925971227,0.02029575084542685,1.5885489476120094,0.2247315585938454,0.16181680994829548,0.28502303502611653
LNGN0195,Jieyang LNG Terminal (PipeChina),2021-11-01,-0.7415369579949241,-1.4235701404991068,-0.2518350684494115,-0.21983619892538647,-0.3520090507579407,-0.08778016781848304
LNGN0222,Lysekil LNG Terminal,2021-11-01,-0.6810226636094182,-1.3758093848819262,-0.10814329727071971,-1.0314623102766007,-1.3472738151483103,-0.7143336855297948
LNGN0232,Marmara LNG Terminal,2021-11-01,0.3923688547260781,0.06300245461344892,0.8419896301730541,0.001874942374051682,-0.11227703729754909,0.11612174945937127
LNGN0244,Montoir LNG Terminal,2021-11-01,-0.661772326253169,-1.3851802585985042,-0.10331808809473639,0.07334217028827635,-0.14212874378115353,0.27285236557889264
LNGN0248,Mugardos LNG Terminal,2021-11-01,-0.7439573290557587,-1.4145945169204623,-0.24600362475272025,-0.21026344411520337,-0.2841614630512451,-0.13247732833684864
LNGN0261,Nigeria LNG Terminal,2021-11-01,1.7565540743236594,1.405231124364051,2.273085336705297,1.4525950622210015,1.263427968077885,1.6271952100404228
LNGN0270,Ohgishima LNG Terminal,2021-11-01,0.4831062953629866,0.00438964996726699,1.1154292483515413,0.23539249418016045,0.1012796730027734,0.3581407530066473
LNGN0297,Pluto LNG Terminal,2021-11-01,0.800085064628092,0.4718073206470242,1.304919870044407,0.9084284593368674,0.7905393968422146,1.0282790679557041
LNGN0314,Pyeongtaek LNG Terminal,2021-11-01,0.28837901794198323,0.09126615864955816,0.6253527506783356,0.7110268027747838,0.45804027874178393,0.9526187316857367
LNGN0319,Qidong LNG Terminal,2021-11-01,-0.7074718859739317,-1.3959132423635392,-0.195846030636862,0.027795788919409082,-0.07525335125382086,0.12897929904651326
LNGN0322,Queensland Curtis LNG Terminal,2021-11-01,-0.5416731290344986,-1.3589064620945934,0.11580971129918334,0.9849107739113834,0.8618226420448905,1.1036002314014346
LNGN0328,Rasgas LNG Terminal 3,2021-11-01,4.060666235336141,1.9538492580771016,6.04918466991238,1.3069357322159159,1.2029104113085882,1.402649657802568
LNGN0345,Sabine Pass LNG Terminal,2021-11-01,2.0022109675873603,1.7364819739835469,2.2238605704459093,1.5288256811955963,1.4241737373357377,1.6337382500179147
LNGN0347,Sagunto LNG Terminal,2021-11-01,-0.34421720016989943,-1.3772124944846043,0.531227835107153,0.0298963429976602,-0.02056190207062167,0.08474843827763594
LNGN0363,Shandong LNG Terminal,2021-11-01,-0.3503138650437774,-1.424288058102478,0.5266137340737167,0.2696512273581512,0.20281154792910885,0.33766248118377407
LNGN0378,Skikda LNG Terminal,2021-11-01,0.7016019990751472,0.12985076281294108,1.4038022886778114,0.5264907735381271,0.2605899421221168,0.7898501793779258
LNGN0381,Sodegaura LNG Terminal,2021-11-01,0.46113667855872054,-0.0666019604887773,1.1418020506184428,0.6124223816383948,0.28598357170022887,0.9216131993652751
LNGN0385,South Hook LNG Terminal,2021-11-01,0.5698483367616943,0.002142835766015655,1.2846231998179483,0.3099674570403545,0.2456191964165636,0.3727686197439753
LNGN0421,Tianjin LNG Terminal (Sinopec),2021-11-01,0.20090361601489637,-0.2693588577057338,0.8396145926035354,0.3048320091408532,0.22000460129859237,0.387827514504378
LNGN0426,Tongyoung LNG Terminal,2021-11-01,-0.34106321402065276,-1.3569363054688435,0.5326924849807595,0.5918609897916243,0.4304395309740401,0.7359462718926106
LNGN0427,Tornio Manga LNG Terminal,2021-11-01,-0.6696564242523098,-1.4568517976814561,-0.1065770434090691,-0.6989704434234457,-0.9632505593949469,-0.42390599000534185
LNGN0435,Vysotsk LNG Terminal,2021-11-01,1.6929344458195903,1.2185059045221875,1.9848698263475455,0.12163129633471818,-0.23576238403870786,0.4827846013376606
LNGN0441,Wheatstone LNG Terminal,2021-11-01,0.43101269654096513,0.13624555855952047,0.9430659555425588,1.0901366764214377,0.9584182275469877,1.2320906469870119
LNGN0452,Yamal LNG Terminal,2021-11-01,2.799793567631137,1.763027735388376,3.735141907895907,1.3785824530883808,1.2653490301252188,1.4936542399739936
LNGN0463,Yung-An LNG Terminal,2021-11-01,0.4683230671375653,0.08040984442651165,1.0224638534804855,0.23428039936127973,0.049688039164568404,0.4080377297509875
LNGN0464,Zeebrugge LNG Terminal,2021-11-01,0.06303291643598241,-0.29882360518382856,0.550979898926696,0.22025054325519766,0.03938246529434594,0.3907134593296378
LNGN0472,Zhoushan LNG Terminal,2021-11-01,-0.7365646153664422,-1.372961107147615,-0.23986749730521123,-0.03387804260863968,-0.1627429212536902,0.09550075805602593
LNGN0474,Świnoujście Polskie LNG Terminal,2021-11-01,0.02912822090637001,-0.2897169641932388,0.5345908563093011,-0.0064625298854510535,-0.1022699665307093,0.08464788278949348
LNGN0026,Arzew-Bethioua LNG Terminal,2021-12-01,0.1659137884544349,-0.3878222302124874,0.8861045875463254,1.145689647078642,0.9180517642049,1.3685653399917912
LNGN0027,Atlantic LNG Terminal,2021-12-01,-0.7662595044914593,-1.3788637532588606,-0.32651685839955036,1.0206513746271801,0.8928217623075805,1.140669422787425
LNGN0035,Barcelona LNG Terminal,2021-12-01,0.4952282845124326,-0.18910782450135616,1.3339530156230373,0.20824002288610982,-0.10590647865722917,0.5102025344361362
LNGN0037,Bilbao LNG Terminal,2021-12-01,-0.7326103579300074,-1.3993132731196931,-0.22591063933555058,-0.03772235317547309,-0.1098573362830221,0.042722933081094344
LNGN0040,Boryeong LNG Terminal,2021-12-01,0.14219006280526378,-0.15358721631657482,0.6109608738874704,0.29434444937145043,0.2143899848047269,0.3686549416845264
LNGN0044,Brunnsviksholme LNG Terminal,2021-12-01,-0.700308554406249,-1.3979159768752851,-0.1489146786799377,-0.7528981605413604,-0.9826342139848241,-0.5093847401018559
LNGN0056,Cartagena LNG Terminal (Spain),2021-12-01,0.6088965305241254,0.23086351387956025,1.1198336392097046,0.13266591688656929,-0.0431693256770472,0.31642264348398247
LNGN0070,Corpus Christi LNG Terminal,2021-12-01,1.8619210177065482,1.6276936470385681,2.253669385436767,1.2542202190525946,1.15119564617734,1.355629500241829
LNGN0083,Damietta SEGAS LNG Terminal,2021-12-01,0.15446910838722525,-0.40516305585874723,0.8860492245662244,0.8157749275613885,0.7057371659503409,0.9274740238425996
LNGN0085,Das Island LNG Terminal,2021-12-01,0.5208153499099164,-0.2524395421706984,1.4445654482402408,0.7413156030791755,0.48128814621983357,0.9978807426653497
LNGN0097,Dunkirk LNG Terminal,2021-12-01,0.48383348433018947,-0.12532838540405955,1.230561044432521,0.1793363296160756,0.09361149116149717,0.26104290953870773
LNGN0121,Fos Tonkin LNG Terminal,2021-12-01,0.8419594392500864,0.5007806370487486,1.3083271429268621,-0.47732461243418234,-0.7408544655111141,-0.22770754701622442
LNGN0124,Freeport LNG Terminal,2021-12-01,1.4867686090679335,1.0995498580976324,2.014259969328405,1.328075786576891,1.2193967501306648,1.432434452261834
LNGN0130,GasPort FSRU,2021-12-01,-0.7161912072224499,-1.4115950362170735,-0.19849895529758774,-0.1717040260610725,-0.304118564660362,-0.042499028276681665
LNGN0132,Gate LNG Terminal,2021-12-01,0.9527775838491293,0.3266718853329529,1.7165032563064204,0.09439752219721109,0.01616302445343476,0.175711632941345
LNGN0142,Gorgon LNG Terminal,2021-12-01,0.9822123449952225,0.5231969705283013,1.6322205487779606,1.2792897245875263,1.1730185375793196,1.3865489726532632
LNGN0144,Grain LNG Terminal,2021-12-01,0.4994045261959545,-0.19960331054246125,1.369700864312915,0.09805620999773013,0.018357383433773057,0.18376508551552392
LNGN0168,Hazira LNG Terminal,2021-12-01,0.015537208832655953,-0.3523176188418375,0.5587943164197078,-0.01439828460197121,-0.09152016894220544,0.06989932466238269
LNGN0173,Himeji LNG Terminal,2021-12-01,-0.6396998283999309,-1.405608976891393,-0.06048691137169218,-0.005897121895477722,-0.2602811286766267,0.2454068862286853
LNGN0178,Huelva LNG Terminal,2021-12-01,0.20759224602058848,-0.29330789963503806,0.8772541100196104,-0.01440178245583357,-0.15581637329769776,0.12585039743393062
LNGN0181,Incheon LNG Terminal,2021-12-01,0.9352930004213763,0.6779529814880778,1.1776908477517087,0.849055731488265,0.6062484245564972,1.0798837002870363
LNGN0186,Izmir Aliaga LNG Terminal,2021-12-01,1.1314260964763363,0.49767737847771554,1.926714091676561,0.24539159572856614,0.1465841007943363,0.3406589509381062
LNGN0195,Jieyang LNG Terminal (PipeChina),2021-12-01,-0.7553220859084869,-1.4231858722730184,-0.2814006979003224,-0.26466524267696656,-0.3912071658886902,-0.14409132323518184
LNGN0222,Lysekil LNG Terminal,2021-12-01,-0.5915642523188892,-1.4129838448655478,0.07103658650713957,-1.0380523968949091,-1.3419161970979612,-0.7321236743403258
LNGN0232,Marmara LNG Terminal,2021-12-01,0.16195021451875477,-0.316906940849244,0.8048208890213424,-0.004715144244256703,-0.12898137748659255,0.1322445504717661
LNGN0244,Montoir LNG Terminal,2021-12-01,0.22039002858795187,-0.1664579425423908,0.7457109299110547,0.06675208366996803,-0.15290914493568278,0.28980831685825914
LNGN0248,Mugardos LNG Terminal,2021-12-01,0.15790138642566012,-0.3608594419060252,0.7876925651612099,-0.24287778047285954,-0.3133657422665313,-0.17254025873798684
LNGN0261,Nigeria LNG Terminal,2021-12-01,1.9506242337983357,1.7000148953620902,2.234365317138622,1.3871454711544606,1.1977087108559228,1.5620606273713697
LNGN0270,Ohgishima LNG Terminal,2021-12-01,0.23622244894962274,-0.11474605317885007,0.737718166920612,0.23079509637616993,0.08130707997188939,0.3756110658801843
LNGN0297,Pluto LNG Terminal,2021-12-01,1.2952785455281495,1.0639659126911547,1.6666208594038765,0.9035662224942879,0.7959182612930501,1.0065346900578165
LNGN0314,Pyeongtaek LNG Terminal,2021-12-01,0.5493196760603734,-0.18429346892901122,1.4370745017865758,0.7194502780504538,0.442169996959243,0.9828833523890428
LNGN0322,Queensland Curtis LNG Terminal,2021-12-01,0.5134131021054041,0.30162997379372136,0.8586148712849782,0.9196689035907529,0.7849395045340118,1.0372337977585016
LNGN0328,Rasgas LNG Terminal 3,2021-12-01,4.083071754911113,1.8900261876798579,6.166735411988059,1.1198486214412136,1.0101323042765697,1.2226478323144918
LNGN0331,Revithoussa LNG Terminal,2021-12-01,-0.6870126337492578,-1.4008222643546613,-0.14040744341684955,-0.14646441616088338,-0.2271886213441386,-0.07439564480155217
LNGN0345,Sabine Pass LNG Terminal,2021-12-01,2.7578716113992088,1.9092188941495891,3.4554272583607855,1.5114037734393153,1.4018248154332096,1.6143541700706725
LNGN0347,Sagunto LNG Terminal,2021-12-01,0.19106870772769335,-0.2876548989889159,0.857005969054119,0.03825858427752852,-0.020316665692630315,0.10205783483828115
LNGN0351,Sakhalin II LNG Terminal,2021-12-01,-0.5311947894641792,-1.3657859441739677,0.12391818762060812,0.9568047390311627,0.8289481965249078,1.0759469671782733
LNGN0362,Sergipe FSRU,2021-12-01,-0.7188601041545649,-1.3443679412309901,-0.20634189700021557,0.023994345212472366,-0.0884655056918129,0.13428292111415244
LNGN0363,Shandong LNG Terminal,2021-12-01,-0.5721490585551898,-1.400613881656058,0.10732129042435336,0.23519925591826932,0.17536539932719175,0.2960036121232831
LNGN0378,Skikda LNG Terminal,2021-12-01,0.6028346760315114,0.28236153294955924,1.0663213109105298,0.6420482373213967,0.4363748041080906,0.8417951417449033
LNGN0381,Sodegaura LNG Terminal,2021-12-01,0.8549070077402926,0.4253464208967878,1.41587212502995,0.6082093072579906,0.2636913598975236,0.935648010699563
LNGN0385,South Hook LNG Terminal,2021-12-01,1.1184632491497462,0.3295566607505718,2.050357479998128,0.28245815757786713,0.21518321641211377,0.3487764646697884
LNGN0421,Tianjin LNG Terminal (Sinopec),2021-12-01,0.24046661886043386,-0.006137828049614788,0.6286500148506355,0.2981474028850014,0.21680503600132198,0.37170986142675794
LNGN0426,Tongyoung LNG Terminal,2021-12-01,0.5130200645369887,-0.26893831973953897,1.4267486836846122,0.5122895507339684,0.38832987954597165,0.6474451278496914
LNGN0427,Tornio Manga LNG Terminal,2021-12-01,-0.6235742794740412,-1.3944121999546673,-0.013806017369128738,-0.7055605300417545,-0.9542464676471228,-0.4467311288570115
LNGN0435,Vysotsk LNG Terminal,2021-12-01,1.1940595854208094,0.808530868832643,1.4061616787094866,0.23117742862960394,-0.058539046620543086,0.5193695816631151
LNGN0441,Wheatstone LNG Terminal,2021-12-01,0.22487763479084155,-0.2341125974362358,0.8495900898037403,1.1109475139931204,0.9990125165728229,1.2225016316610762
LNGN0452,Yamal LNG Terminal,2021-12-01,1.56480035035852,1.3290471298035667,1.939695615395697,1.2842764983733619,1.183179359447728,1.3842064025069094
LNGN0453,Yanai LNG Terminal,2021-12-01,-0.7062593041055385,-1.409949190542012,-0.18209750938190122,-0.2865526405228133,-0.4345977886160162,-0.1351053351369842
LNGN0463,Yung-An LNG Terminal,2021-12-01,0.7506632969032252,0.2343333250645577,1.4207894680132112,0.21907974760924295,0.030458190616172245,0.4118687001561871
LNGN0464,Zeebrugge LNG Terminal,2021-12-01,0.13628583569765937,-0.15855101311140454,0.6034288478567463,0.20071624305152183,0.016910412789450997,0.38624776501711094
LNGN0472,Zhoushan LNG Terminal,2021-12-01,-0.7526551228314756,-1.3998022560103212,-0.26347683576591074,0.06112236077950063,-0.03218885892106764,0.14318850457313398
LNGN0474,Świnoujście Polskie LNG Terminal,2021-12-01,0.1312992216899963,-0.39286028545162743,0.7943800991371923,-0.019399034159278173,-0.10190974838172154,0.06216701675940766
LNGN0026,Arzew-Bethioua LNG Terminal,2022-01-01,0.252281038078386,-0.12871585058300727,0.7988990774684924,1.1286571286569536,0.8885314314770949,1.368893748635621
LNGN0027,Atlantic LNG Terminal,2022-01-01,-0.7519206271911398,-1.361018672529494,-0.29536740025214536,0.9794883887228355,0.8086685237017242,1.148973737754768
LNGN0035,Barcelona LNG Terminal,2022-01-01,-0.6744219374485905,-1.3514424198365562,-0.13827925244762332,0.2068217898519152,-0.1225179250118174,0.5358961063859571
LNGN0037,Bilbao LNG Terminal,2022-01-01,0.619203652529704,-0.04899531165923129,1.4259058388999715,-0.1080025314526327,-0.2016727081799522,-0.007525097061069207
LNGN0040,Boryeong LNG Terminal,2022-01-01,0.2830382976305661,-0.009810158316046928,0.728916209161247,0.2635896509006329,0.18481012159912932,0.3354392440667767
LNGN0050,Calcasieu Pass LNG Terminal,2022-01-01,1.4450247727664696,1.0424378065848248,1.9939344769266814,1.1862638344703647,1.0780354436469621,1.2974341951121624
LNGN0052,Cameroon FLNG Terminal,2022-01-01,-0.7298755404468734,-1.3565240264173595,-0.24933812384071558,0.768932752849157,0.6396437426286685,0.8983554803796295
LNGN0056,Cartagena LNG Terminal (Spain),2022-01-01,0.2181890202500417,-0.23827371576292986,0.8328811639161418,0.10188964847050255,-0.07770415387864851,0.28634922675531554
LNGN0070,Corpus Christi LNG Terminal,2022-01-01,2.0049861880171167,1.7338028710322875,2.2391688948372446,1.306978588345166,1.2007293556048697,1.4103583194913507
LNGN0085,Das Island LNG Terminal,2022-01-01,0.8006082904154227,0.3323237509807661,1.4474375486017885,0.7280584489293966,0.4520509973761328,1.0059854889401567
LNGN0097,Dunkirk LNG Terminal,2022-01-01,0.2842697727590273,-0.08147983099980742,0.8049120841380962,0.17322935539094902,0.10839672496953097,0.23744797366260273
LNGN0121,Fos Tonkin LNG Terminal,2022-01-01,1.2173397943645492,0.744429058148253,1.8360993965145296,-0.5092697600170778,-0.7774824187326986,-0.25514576664876454
LNGN0124,Freeport LNG Terminal,2022-01-01,1.5028502375806692,1.07583179244457,2.072535333903387,1.3061032940040171,1.203721080234874,1.4037845632878192
LNGN0130,GasPort FSRU,2022-01-01,-0.684306208994193,-1.3939059834370966,-0.13644015548966473,-0.29451208663899936,-0.47922598801763816,-0.1172588650047752
LNGN0132,Gate LNG Terminal,2022-01-01,0.49856746242887623,-0.1475074390412651,1.2733551586476979,0.08722121474355328,0.017081655497610027,0.16133385578763512
LNGN0142,Gorgon LNG Terminal,2022-01-01,1.3296945767323982,0.9450211285560971,1.905553720804191,1.279286543507046,1.1780601598726401,1.3725531776634619
LNGN0144,Grain LNG Terminal,2022-01-01,0.4755801669758082,-0.17472793028025968,1.282922197410403,0.10071681194413624,-0.007437381384175007,0.2049589778348277
LNGN0168,Hazira LNG Terminal,2022-01-01,0.8778587093401916,0.6184346524301768,1.3138209752070382,-0.06555646344314506,-0.13527207295049024,0.017497611052351175
LNGN0173,Himeji LNG Terminal,2022-01-01,0.18773229521182958,-0.24389608040918762,0.778894131492228,-0.05568454350284997,-0.30064489122751475,0.19259359267858903
LNGN0178,Huelva LNG Terminal,2022-01-01,0.5245764190859432,-0.10785788427439344,1.299657061085912,0.03630090267436257,-0.1539392190399149,0.22489313712772283
LNGN0181,Incheon LNG Terminal,2022-01-01,0.17454995504936877,-0.2844979828812234,0.7890238866371867,0.8058067619499354,0.5661021924297065,1.0406192172033382
LNGN0186,Izmir Aliaga LNG Terminal,2022-01-01,0.9559097125467673,0.5318892398424823,1.5865214760219501,0.19169343405162145,0.10574119799648589,0.281943272544917
LNGN0207,Klaipeda FSRU,2022-01-01,-0.5805429579134719,-1.4118475621292674,0.08437451815690308,-0.33152931060782026,-0.4934008440141138,-0.1679119041092265
LNGN0232,Marmara LNG Terminal,2022-01-01,-0.6984852896371687,-1.3886033011152288,-0.1729844017906313,0.016624977280585037,-0.15101523487995078,0.19730980251706456
LNGN0244,Montoir LNG Terminal,2022-01-01,0.5849285841282915,0.06169838136016327,1.2718451694522936,0.06325094168394295,-0.17986418279026808,0.30846617952716343
LNGN0248,Mugardos LNG Terminal,2022-01-01,-0.690063929766969,-1.423074847093356,-0.14107903113898249,-0.25007957155153754,-0.3158491028275146,-0.18231438326327445
LNGN0251,Mundra LNG Terminal,2022-01-01,-0.6882030739434114,-1.43858413690348,-0.14019503623089472,-0.13975945056230632,-0.26236416272876534,-0.02027686238527792
LNGN0261,Nigeria LNG Terminal,2022-01-01,2.335666424318205,1.6204237077514427,2.9241652812463035,1.4187200821867123,1.2142262502146821,1.6128160602303927
LNGN0270,Ohgishima LNG Terminal,2022-01-01,0.24284907123788022,-0.18203412949199285,0.7961010158015173,0.19764473547443354,0.04978270912087786,0.34698132826522754
LNGN0297,Pluto LNG Terminal,2022-01-01,1.4839556849879971,1.2793612980991595,1.8410271163855219,0.890365409896248,0.7952080616872309,0.986976287264431
LNGN0314,Pyeongtaek LNG Terminal,2022-01-01,0.9143589132759282,0.584858580015563,1.4098005040449426,0.7064449173843527,0.4106016457612913,0.991328043911509
LNGN0322,Queensland Curtis LNG Terminal,2022-01-01,0.3098344232840223,-0.09293643647980808,0.9191152876704809,0.9024004475157293,0.782685334625841,1.0127058043414148
LNGN0328,Rasgas LNG Terminal 3,2022-01-01,4.212428275632362,1.9025091050856933,6.445849995824627,1.0950008556310045,0.9864574948219106,1.201417509495019
LNGN0331,Revithoussa LNG Terminal,2022-01-01,0.19188677505312146,-0.03819857602616832,0.5846343833937837,-0.16019666555437126,-0.24008228218988364,-0.08091719933526641
LNGN0345,Sabine Pass LNG Terminal,2022-01-01,3.0052249630564236,1.941460376761486,3.947217520611787,1.4913072254290272,1.372469157219779,1.600203253746363
LNGN0347,Sagunto LNG Terminal,2022-01-01,0.1752684551884515,-0.09618929182904523,0.6211455622206858,0.04515785086164223,-0.04250194368800683,0.1370071860357314
LNGN0351,Sakhalin II LNG Terminal,2022-01-01,-0.7357558069340541,-1.3736520190342232,-0.24888043597014595,0.8030150399531307,0.6251488764509542,0.9838099073820977
LNGN0374,Sines LNG Terminal,2022-01-01,0.767297624644815,0.416207932309031,0.970124429130938,-0.11178138297882018,-0.19099881347215697,-0.027494195956128537
LNGN0378,Skikda LNG Terminal,2022-01-01,0.13177950855500822,-0.27671412264396805,0.7073249258245634,0.6195551224022776,0.4291699503711687,0.8156290591347743
LNGN0381,Sodegaura LNG Terminal,2022-01-01,0.6507986707942859,0.25814483252429726,1.2138903754635106,0.6116278369457373,0.24405959810002303,0.9685080392105244
LNGN0385,South Hook LNG Terminal,2022-01-01,1.0030224294086334,0.34215505564245596,1.8585844917790428,0.2726636953800295,0.19299774990597723,0.35029032572890695
LNGN0421,Tianjin LNG Terminal (Sinopec),2022-01-01,-0.6755645187391502,-1.3720412511769626,-0.1233955139070726,0.23894637067030378,0.17578779692794314,0.30283699471455505
LNGN0427,Tornio Manga LNG Terminal,2022-01-01,-0.4354328321375859,-1.4290067949329233,0.3721484795095294,-0.7192927794352426,-0.9476028146639137,-0.4803891255036469
LNGN0428,Toscana FSRU,2022-01-01,0.2771287557434052,-0.13037442975711816,0.8294776489164324,-0.14655892343873214,-0.22480374762928232,-0.07130132539015155
LNGN0435,Vysotsk LNG Terminal,2022-01-01,0.651106652304682,0.16640851284747268,0.9379684904781525,0.3320694071782247,0.09859652956028656,0.5725501232633786
LNGN0441,Wheatstone LNG Terminal,2022-01-01,0.1942457194158626,-0.3451352077282426,0.9362407521719758,1.0835931762739224,0.9859209466736217,1.1832848185678122
LNGN0452,Yamal LNG Terminal,2022-01-01,1.7357571083103316,1.4772344738951206,1.9114599750152952,1.297118927785203,1.1921192912957836,1.3981529494464282
LNGN0460,Yokkaichi Works LNG Terminal,2022-01-01,0.22161875316195595,-0.1266734957805623,0.7184940737870525,-0.275239339926613,-0.465381228649903,-0.08079833244658113
LNGN0463,Yung-An LNG Terminal,2022-01-01,1.4204304430013472,1.0689537822401602,1.939421810955303,0.207473156327742,0.002350539708733573,0.41734178466179095
LNGN0464,Zeebrugge LNG Terminal,2022-01-01,0.3849435260380216,0.06173234566639547,0.9027105280770173,0.18698399365803403,-0.011271038688560848,0.38793289082899574
LNGN0474,Świnoujście Polskie LNG Terminal,2022-01-01,-0.69943931008115,-1.358503358788405,-0.18726576883009688,-0.036521333559303114,-0.10256048069877303,0.02981893502468411
LNGN0026,Arzew-Bethioua LNG Terminal,2022-02-01,-0.7062336123483184,-1.3539769155806092,-0.21892832120009306,1.119553682727862,0.8723455270349748,1.3645319790714814
LNGN0027,Atlantic LNG Terminal,2022-02-01,0.5625068629737485,0.3904783601525302,0.8420092296027143,0.8585133485186018,0.7234410239380313,0.9964359927151855
LNGN0035,Barcelona LNG Terminal,2022-02-01,0.434084724182156,0.19115744124955453,0.8490284583622945,0.21903701117819993,-0.13489190263908066,0.5650869933300648
LNGN0037,Bilbao LNG Terminal,2022-02-01,0.22743056021713676,-0.2547593304633727,0.8696111562116342,-0.06328066864962831,-0.1540734634223702,0.034018293839694305
LNGN0050,Calcasieu Pass LNG Terminal,2022-02-01,2.0729286389664967,1.6591588217468383,2.3273887477733006,1.1384693190319946,1.0280800559890626,1.2573712160779695
LNGN0056,Cartagena LNG Terminal (Spain),2022-02-01,0.5473666527591633,-0.07279419343528216,1.3050663862008718,-0.035861509018721864,-0.23180619015773654,0.15050746880849547
LNGN0070,Corpus Christi LNG Terminal,2022-02-01,2.2873619629664392,1.8646846542542799,2.5707240061557215,1.2861626652994567,1.1819086241531032,1.3843322107735718
LNGN0074,Costa Norte LNG Terminal,2022-02-01,-0.6870788993848076,-1.4127986884129182,-0.14271402689620888,-0.45611189811508185,-0.6093742621027998,-0.2944398085084097
LNGN0085,Das Island LNG Terminal,2022-02-01,-0.47880147788799576,-1.3531607856337815,0.239510422636565,0.5243407267575592,0.23559555908109497,0.8341883260994449
LNGN0097,Dunkirk LNG Terminal,2022-02-01,0.7399276103521264,0.1263505235634867,1.4812744229598482,0.1426073305592527,0.07919473550269324,0.21475153049024534
LNGN0121,Fos Tonkin LNG Terminal,2022-02-01,0.9537077666270107,0.7006732809648023,1.3364589444510437,-0.6310842128624088,-0.901765688677528,-0.3616635630662573
LNGN0124,Freeport LNG Terminal,2022-02-01,1.772553134653865,1.5206024758581296,2.18560974219815,1.2863265254800436,1.186401102449148,1.3832891221913235
LNGN0130,GasPort FSRU,2022-02-01,-0.665773453449125,-1.3858393881305853,-0.08901454979747869,-0.3098983999294839,-0.4826873439781439,-0.12606334851771578
LNGN0132,Gate LNG Terminal,2022-02-01,0.8332930086327072,0.14407920116051692,1.6791576769766094,0.06853083824017184,-0.002232502895870399,0.14611395197124902
LNGN0142,Gorgon LNG Terminal,2022-02-01,1.8342823976771516,1.5341561811716082,2.073779097395675,1.2577840609733744,1.1619043711761698,1.3514496017320923
LNGN0168,Hazira LNG Terminal,2022-02-01,-0.6514910817002307,-1.3949188432307296,-0.06514677985879551,-0.06189771367297683,-0.14347100008657118,0.024778121802360387
LNGN0170,Higashi Niigata LNG Terminal,2022-02-01,-0.5057921471238995,-1.3631155621582862,0.21123847048665859,0.12368216881413212,-0.12016832606439716,0.3652959519286923
LNGN0173,Himeji LNG Terminal,2022-02-01,-0.5825402627854562,-1.40094838253566,0.06940095911604448,-0.04765524232085004,-0.3118002613818504,0.21737517083812455
LNGN0178,Huelva LNG Terminal,2022-02-01,0.2191723712084096,-0.1577635179773638,0.7876695331345286,0.011296286653204786,-0.17690108439852384,0.19175324545098818
LNGN0181,Incheon LNG Terminal,2022-02-01,-0.6008949066001904,-1.3467816091051306,-0.0049901808056884685,0.8059147419650255,0.5557561848471864,1.0473007277473656
LNGN0186,Izmir Aliaga LNG Terminal,2022-02-01,0.9713564102346809,0.6713128571681166,1.423072289552883,0.0440819424407475,-0.05228465238262338,0.13352223643419844
LNGN0207,Klaipeda FSRU,2022-02-01,-0.39406818729740456,-1.3707080561384315,0.42018994697239875,-0.38300794144323236,-0.5674967436636377,-0.18861521956346888
LNGN0232,Marmara LNG Terminal,2022-02-01,0.9861388549225029,0.6693473284175971,1.4582870959093712,-0.13867339748154284,-0.30768250912266976,0.03162917107795425
LNGN0244,Montoir LNG Terminal,2022-02-01,-0.06764344523989735,-0.5277806214515458,0.19341308004386765,0.0532457932121918,-0.1937853279858592,0.30186658761754176
LNGN0248,Mugardos LNG Terminal,2022-02-01,-0.6891527099664785,-1.4024099301454576,-0.1418407502618687,-0.2594659934743664,-0.3295169107494904,-0.19047296420073306
LNGN0261,Nigeria LNG Terminal,2022-02-01,1.9761207067419408,1.6031656048503733,2.1897848674851725,1.403139561446244,1.1961865673711565,1.5948541236516565
LNGN0270,Ohgishima LNG Terminal,2022-02-01,0.28246257115462925,-0.15402273175647516,0.878158695466819,0.21992497222622157,0.04017565746173525,0.39373276105583843
LNGN0297,Pluto LNG Terminal,2022-02-01,1.4962573709584892,1.268597227415316,1.9080996562683084,0.873429189193383,0.7826975361425678,0.9627386344039014
LNGN0312,Punta Europa LNG Terminal,2022-02-01,0.7456358811263435,0.408281132217586,0.9521613791844501,0.8314421764422204,0.6959891180164854,0.9547422506579007
LNGN0314,Pyeongtaek LNG Terminal,2022-02-01,0.808059374312894,0.10181272848113736,1.7062908050225443,0.6677121571710812,0.38754075668935717,0.9430605548616043
LNGN0322,Queensland Curtis LNG Terminal,2022-02-01,-0.47315268323423254,-1.33076876174991,0.23585619140872363,0.9402159450335362,0.8455044928532484,1.0355847562388103
LNGN0324,Quintero LNG Terminal,2022-02-01,-0.4952341804403302,-1.3780415576562222,0.23193842195783204,-0.09195631194474514,-0.17338567147435802,-0.00975079535270855
LNGN0328,Rasgas LNG Terminal 3,2022-02-01,3.209457586608038,1.733126968907318,4.5715841268780055,0.8915540224407177,0.7114279850290803,1.0604211551837275
LNGN0331,Revithoussa LNG Terminal,2022-02-01,-0.6199575854954079,-1.3839724529945383,-0.019631977332453185,-0.07591986848145936,-0.17939968841840778,0.031554144537102084
LNGN0345,Sabine Pass LNG Terminal,2022-02-01,2.3632333374363115,1.7268347203262264,2.8613984722003964,1.4705157254245282,1.3522887577237837,1.5820021681468184
LNGN0347,Sagunto LNG Terminal,2022-02-01,-0.6269124764862982,-1.3798240302516274,-0.014257572154663372,0.028817407651471356,-0.06094140852830297,0.1131307740802828
LNGN0359,Senboku 2 LNG Terminal,2022-02-01,-0.6890401394628263,-1.3832630333388618,-0.1604512033241586,0.17310181556496415,-0.1338930786405203,0.475900728353971
LNGN0374,Sines LNG Terminal,2022-02-01,0.4731771551887576,-0.05450918302660464,1.1573061592303218,-0.12382534054203184,-0.19993883032806045,-0.05195604083487896
LNGN0378,Skikda LNG Terminal,2022-02-01,-0.6955143916013478,-1.4016838347151803,-0.16744699981141822,0.6147359999530706,0.43828202984160686,0.7987422560481516
LNGN0381,Sodegaura LNG Terminal,2022-02-01,0.792674714197591,0.03270214964522789,1.6963317134375264,0.5575737354150496,0.21616580821262601,0.8996599213864845
LNGN0385,South Hook LNG Terminal,2022-02-01,0.7240296196045323,0.11346735896625228,1.4661032672381002,0.20030216164814318,0.1092207804586829,0.2879440869812086
LNGN0427,Tornio Manga LNG Terminal,2022-02-01,-0.5985408269919505,-1.4487227660859472,0.05071478915690255,-0.7346790927257264,-0.9598019019124066,-0.4911266246900588
LNGN0435,Vysotsk LNG Terminal,2022-02-01,0.568661247537338,0.09396433936527045,0.9407645713684752,0.18704777217536364,-0.08049291452429203,0.4825127015626243
LNGN0441,Wheatstone LNG Terminal,2022-02-01,0.586042539254916,0.36743683757849593,0.8834524173892162,1.0691740698842256,0.9743473021782719,1.168752487570489
LNGN0452,Yamal LNG Terminal,2022-02-01,1.5568629817734343,1.3002925568168848,1.8366384806721185,1.2814452229023559,1.183237370248647,1.381399304752308
LNGN0460,Yokkaichi Works LNG Terminal,2022-02-01,0.42841196807819965,0.22682131786848259,0.7635415449069052,-0.31699456535851905,-0.4913803843393163,-0.14150561412660437
LNGN0463,Yung-An LNG Terminal,2022-02-01,-0.6215884989818201,-1.3796730615955997,-0.02548885364594205,0.1486939036267635,-0.028911662485978033,0.32803723738975055
LNGN0464,Zeebrugge LNG Terminal,2022-02-01,0.07170251954419839,-0.15267835692670792,0.4353846710990007,0.17224463291890582,-0.028624932255598614,0.3731166847325083
LNGN0473,Zhuhai LNG Terminal,2022-02-01,-0.49176212996253515,-1.4165587919254463,0.24418589144534086,-0.1487126313680566,-0.2121424117372742,-0.08856266664904805
LNGN0474,Świnoujście Polskie LNG Terminal,2022-02-01,0.22980486766047875,-0.2072456435957566,0.7992600846013601,-0.04217117918773134,-0.1076221940012745,0.020213609402938044
LNGN0008,Al Zour LNG Import Terminal,2022-03-01,0.3556496898764382,0.013754504823558137,0.88389138894397,0.23938165314008122,-0.024022766225696008,0.49907181449085025
LNGN0026,Arzew-Bethioua LNG Terminal,2022-03-01,1.067409024081195,0.608137871782274,1.6783672571945107,1.1916592290631032,0.9363597932634025,1.4475624040024209
LNGN0027,Atlantic LNG Terminal,2022-03-01,1.4002990765916923,1.0307108018008608,1.890748938351981,0.8768236965860506,0.7611516780186894,0.9926536928840133
LNGN0035,Barcelona LNG Terminal,2022-03-01,0.39184973548592406,-0.27507572691078597,1.2638533998330321,0.19684963042019904,-0.14062118846714752,0.5226976032612053
LNGN0037,Bilbao LNG Terminal,2022-03-01,0.6560286320869015,-0.07251705582281459,1.5367009034887924,-0.0771606098540775,-0.1622062257190471,-0.0016408733352330672
LNGN0050,Calcasieu Pass LNG Terminal,2022-03-01,1.4214364345284087,0.9753116232824393,1.999608944508536,1.148649861300016,1.0398349624415837,1.2669406477172687
LNGN0056,Cartagena LNG Terminal (Spain),2022-03-01,0.2566108999101496,-0.13444060936326516,0.8178016253479288,-0.05977281051626536,-0.2338716886787103,0.11793917264468465
LNGN0070,Corpus Christi LNG Terminal,2022-03-01,1.7326135990713363,1.3545570796624142,2.230778368605545,1.2575223685885375,1.1634492662120997,1.3565452684567627
LNGN0085,Das Island LNG Terminal,2022-03-01,0.7135129540785466,0.10851154161701011,1.4869164934038888,0.7328992544615376,0.44865478973759954,1.021608968000047
LNGN0097,Dunkirk LNG Terminal,2022-03-01,0.6478108418846881,-0.05543854434284723,1.504778703269628,0.14012765776058045,0.07356234890094684,0.21684074309729112
LNGN0098,Dörtyol FSRU,2022-03-01,-0.6847666964564182,-1.4388386355521312,-0.13381911207250186,0.10065535288118092,0.033455375270607275,0.17137829666485388
LNGN0103,Elba Island LNG Terminal,2022-03-01,0.3241748666599705,-0.04347044013435385,0.8762798790216256,0.5830634886677472,0.419494243724035,0.7398861441890666
LNGN0121,Fos Tonkin LNG Terminal,2022-03-01,1.0970454041941644,0.5217245504011773,1.8447451418077874,-0.6514943099966902,-0.9156765168196156,-0.38818290223395313
LNGN0124,Freeport LNG Terminal,2022-03-01,1.4877481749682737,1.0591773967859632,2.0908671077189522,1.2928088136444562,1.1888234353849216,1.3938862162653305
LNGN0130,GasPort FSRU,2022-03-01,-0.23693604907336327,-0.5639829499574363,-0.05759809133294624,-0.17723073663078032,-0.32206821714222267,-0.016174141626141017
LNGN0132,Gate LNG Terminal,2022-03-01,0.8600969135880668,0.11741803153242689,1.7998921104147998,0.06380350387637523,-0.008270669630872685,0.14165964206687426
LNGN0136,Gibraltar LNG Terminal,2022-03-01,-0.7424248095402423,-1.4021999727711811,-0.22747475820186094,-0.6873683897796818,-0.8662846995029458,-0.5144321629537109
LNGN0142,Gorgon LNG Terminal,2022-03-01,1.8837413005168437,1.619184758604155,2.0871957663862757,1.2497666873007445,1.157422738784453,1.3446116852659873
LNGN0156,Gwangyang LNG Terminal,2022-03-01,-0.6882062859584687,-1.3821283138473943,-0.14951896874898848,0.023345028330391898,-0.05261539877222161,0.09143658181001786
LNGN0168,Hazira LNG Terminal,2022-03-01,0.2293235439640759,-0.1393089278654531,0.7458797957757558,-0.038398592142572935,-0.1414025853339849,0.058288766360354495
LNGN0173,Himeji LNG Terminal,2022-03-01,-0.7053415602309534,-1.3863552733294242,-0.1716664836006995,-0.08503265275043811,-0.32819096964246863,0.1557635355156425
LNGN0178,Huelva LNG Terminal,2022-03-01,0.4140414467542859,0.11079333054342387,0.871238569821443,-0.005870575845529402,-0.18093221910441576,0.16220464134202245
LNGN0181,Incheon LNG Terminal,2022-03-01,0.334237234949632,-0.17678857316921692,1.0235193347409357,0.8078917376579802,0.5540660546790946,1.0464578094740045
LNGN0186,Izmir Aliaga LNG Terminal,2022-03-01,0.3760426476828275,0.04551161641897584,0.8528068357387653,0.05160496503976644,-0.04700960390135928,0.14903454936893284
LNGN0195,Jieyang LNG Terminal (PipeChina),2022-03-01,-0.7328133566574273,-1.410659422510335,-0.22411395228634512,-0.3077456013180421,-0.4201484097435545,-0.19531595662270107
LNGN0207,Klaipeda FSRU,2022-03-01,0.33219026474775787,0.008630626561539779,0.8244326126626988,-0.396969737400336,-0.5846784301409219,-0.19588703217280737
LNGN0232,Marmara LNG Terminal,2022-03-01,0.9480410660763099,0.6129028582110517,1.4280522585412543,-0.18054127777272402,-0.32046583381777044,-0.03905789818752453
LNGN0244,Montoir LNG Terminal,2022-03-01,0.10716788409147048,-0.10834986831939167,0.4860705788279592,0.029539402047872882,-0.2070421285036884,0.2578280997227118
LNGN0248,Mugardos LNG Terminal,2022-03-01,-0.7318813530532224,-1.3437921689932324,-0.22894290350110313,-0.2597148180817531,-0.33222176184472874,-0.19591132135582512
LNGN0261,Nigeria LNG Terminal,2022-03-01,1.1549366031056645,0.45249005629614863,1.9872821384941237,1.3787247970840881,1.1861419506545348,1.5580100644129795
LNGN0270,Ohgishima LNG Terminal,2022-03-01,0.5991239774055702,-0.06221178508153255,1.391568833486518,0.18034188162509585,0.03267532480641858,0.3257543471453853
LNGN0297,Pluto LNG Terminal,2022-03-01,1.6829723475207061,1.3731762294285257,1.9221338960030867,0.8534622686600113,0.7584478999369817,0.9482951605525529
LNGN0314,Pyeongtaek LNG Terminal,2022-03-01,-0.03126224775577324,-0.3367081720984208,0.4372129074238364,0.6641399967175181,0.3873917414257451,0.9364829530567281
LNGN0322,Queensland Curtis LNG Terminal,2022-03-01,-0.7750435662978349,-1.4271268155915386,-0.3352043915597642,0.9352403286519994,0.8382771761401141,1.034178236857796
LNGN0328,Rasgas LNG Terminal 3,2022-03-01,4.401520268568861,1.9191762738544538,6.7867634279288716,1.0583419727053813,0.9593556751936644,1.1615254539761595
LNGN0345,Sabine Pass LNG Terminal,2022-03-01,2.7624790457397683,1.959800034894088,3.4742136597353284,1.461542047702129,1.3478671691193702,1.5720174991164455
LNGN0347,Sagunto LNG Terminal,2022-03-01,0.8377843278379701,0.623765216892678,1.1025802680470502,0.01511575472751481,-0.06969604079354913,0.0915375004559021
LNGN0359,Senboku 2 LNG Terminal,2022-03-01,-0.6409599638853528,-1.382747679280797,-0.07020027928118633,0.15018426939857757,-0.140346656752772,0.43360384807492147
LNGN0363,Shandong LNG Terminal,2022-03-01,-0.7332917017802297,-1.3966888714190129,-0.2346660877653621,0.19211889727719328,0.13394945305161227,0.24615826305616245
LNGN0374,Sines LNG Terminal,2022-03-01,0.5212433363943159,-0.030189441072378982,1.2058056994552988,-0.13583317340977635,-0.20487241970554412,-0.07441728659092504
LNGN0378,Skikda LNG Terminal,2022-03-01,0.005170518065721859,-0.5123905526795278,0.6353906512037423,0.5747443228038809,0.3698418503137793,0.7941505331079267
LNGN0381,Sodegaura LNG Terminal,2022-03-01,-0.644550114228331,-1.3886811160413792,-0.08452716751767957,0.5572465459580691,0.22176198710612632,0.8948815997760025
LNGN0385,South Hook LNG Terminal,2022-03-01,0.5391967095398331,-0.008052235874225377,1.227235255641932,0.2557830739589278,0.1662386146419223,0.3289638990599327
LNGN0398,Taichung LNG Terminal,2022-03-01,-0.7370483713789749,-1.4018979962724911,-0.24927229478911678,-0.054743049522742344,-0.12445672387422566,0.006204784960867943
LNGN0426,Tongyoung LNG Terminal,2022-03-01,0.14538420045285647,-0.26170579806437894,0.7344324118686529,0.5517211852130348,0.360618393635633,0.724632439604511
LNGN0427,Tornio Manga LNG Terminal,2022-03-01,-0.6461038708358522,-1.3909306082820254,-0.05479143550729793,-0.7486408886828309,-0.9798995027746993,-0.4974634760852841
LNGN0435,Vysotsk LNG Terminal,2022-03-01,1.4599393586738907,1.2280964471306286,1.8377804550006258,0.16474507008278153,-0.12092694504922316,0.47462806278501984
LNGN0441,Wheatstone LNG Terminal,2022-03-01,-0.5272716398052266,-1.319270257713498,0.14894444935931483,1.0663125588299642,0.9697983550610487,1.1681624543924094
LNGN0452,Yamal LNG Terminal,2022-03-01,1.5179142492100082,1.2932008698430495,1.7465499357559044,1.2063459505538983,1.1138547023645633,1.313211275751079
LNGN0460,Yokkaichi Works LNG Terminal,2022-03-01,-0.6740838498421936,-1.410335009067771,-0.11801391465299721,-0.34483703577576,-0.5008813200324398,-0.19352617247382686
LNGN0463,Yung-An LNG Terminal,2022-03-01,1.3671333698679102,0.9079784023764997,1.9932373306680913,0.1144495148998046,-0.04892660147584801,0.277484578002205
LNGN0464,Zeebrugge LNG Terminal,2022-03-01,0.7135662643914835,0.36446618749571463,1.2359967479128222,0.15026463840548165,-0.04198624810941901,0.3414718184520034
LNGN0472,Zhoushan LNG Terminal,2022-03-01,-0.7027543434312679,-1.4259836217943191,-0.17012116552266626,-0.08354848786802394,-0.1755548369892134,0.01878549887232959
LNGN0474,Świnoujście Polskie LNG Terminal,2022-03-01,0.47609529751907,-0.2969397095923456,1.3771701936850378,-0.07642971511384293,-0.14427649554827984,-0.005982296190564971
LNGN0008,Al Zour LNG Import Terminal,2022-04-01,1.3282668313786024,1.0689752122814795,1.7723114164663336,0.437438851408784,0.3278898545874796,0.5486222325859149
LNGN0026,Arzew-Bethioua LNG Terminal,2022-04-01,0.5308909336718302,-0.11313506083907027,1.361658238089148,1.1650327456718939,0.9262484115817146,1.4100303154110456
LNGN0027,Atlantic LNG Terminal,2022-04-01,0.49913800826756394,0.26705438911189555,0.9041499487704139,0.938474150091136,0.8089621370669539,1.0750348119124942
LNGN0035,Barcelona LNG Terminal,2022-04-01,0.534789034526938,-0.20752994866874733,1.4510230346938184,0.19440855676454877,-0.12960477370491846,0.5081947319363084
LNGN0037,Bilbao LNG Terminal,2022-04-01,0.6667964114056962,0.1334166819246194,1.3732116306858992,-0.1585417025639852,-0.21926503889912793,-0.10086639188389343
LNGN0040,Boryeong LNG Terminal,2022-04-01,-0.48702806254894443,-1.3682014989984899,0.25365193316641643,0.16982034102000473,0.09075544590846264,0.2516627241953119
LNGN0050,Calcasieu Pass LNG Terminal,2022-04-01,1.183568652968039,0.5576068544548813,1.9931920843731084,1.1380450308133783,1.017567472219208,1.2726849704829992
LNGN0056,Cartagena LNG Terminal (Spain),2022-04-01,0.32036349105543355,0.08532344721849587,0.7096806700412336,0.07869223667846742,-0.08657474843071511,0.243140172993012
LNGN0070,Corpus Christi LNG Terminal,2022-04-01,1.3189561203192723,0.7082141012073924,2.0885288697872904,1.2647405222138302,1.1707421023763094,1.365525699504108
LNGN0079,Dabhol LNG Terminal,2022-04-01,0.23345875560685647,-0.23232546537322257,0.8549923769779242,-0.015779109278784047,-0.09044107474471672,0.05558726296530102
LNGN0083,Damietta SEGAS LNG Terminal,2022-04-01,0.5646800358720813,-0.15671724008344942,1.4323664209765263,0.733605214203031,0.6090259302827246,0.8689661214183728
LNGN0085,Das Island LNG Terminal,2022-04-01,0.7972434587995259,0.49314780992418206,1.2753385365737206,0.5852830106882515,0.3938381951280781,0.7869481949737255
LNGN0097,Dunkirk LNG Terminal,2022-04-01,1.0887607892070712,0.5244673367013138,1.8505264101613845,0.14244801435954207,0.0607888195862054,0.22870804783782825
LNGN0101,Egyptian LNG Terminal,2022-04-01,-0.735707088862335,-1.3457090213719558,-0.2694923887990304,0.7776936487805824,0.5905456876802008,0.9750343204811223
LNGN0103,Elba Island LNG Terminal,2022-04-01,0.5572246126619287,-0.18510991208903563,1.545296037912288,0.573032313404519,0.3961899994465923,0.7489077099388488
LNGN0121,Fos Tonkin LNG Terminal,2022-04-01,1.3488595969576167,1.038292336429376,1.8535285766491743,-0.5248496095152465,-0.7825837347749725,-0.2836696648042167
LNGN0124,Freeport LNG Terminal,2022-04-01,0.880466499538727,0.16644273510731405,1.7519434919560704,1.2733254817077018,1.176925755413475,1.378740840557049
LNGN0130,GasPort FSRU,2022-04-01,-0.190222544513272,-0.58422617409443,0.04544880336928827,-0.276946678522928,-0.4346308405290977,-0.11229331371808635
LNGN0132,Gate LNG Terminal,2022-04-01,1.091582383820355,0.5142009012349941,1.8556241002391027,0.04563709580234725,-0.03774095519095148,0.1329173347776874
LNGN0142,Gorgon LNG Terminal,2022-04-01,1.7036964576505491,1.4808961060358001,1.9767858852603006,1.242800393931416,1.1490824783031968,1.3483054910755239
LNGN0144,Grain LNG Terminal,2022-04-01,0.9718620868433391,0.448913774639307,1.6390409106855548,0.07533018881167562,-0.02112580235820429,0.17148520812593943
LNGN0156,Gwangyang LNG Terminal,2022-04-01,-0.25915725162105674,-1.394862123505299,0.6999018464757732,0.01136902173917959,-0.05002951191147213,0.061322027944413326
LNGN0168,Hazira LNG Terminal,2022-04-01,0.2590501957361618,0.021481270327872688,0.48904660334247235,-0.16773378590570187,-0.23767220539633818,-0.09177726267060993
LNGN0173,Himeji LNG Terminal,2022-04-01,0.21030377334082298,0.03711892355840473,0.5179370909598168,-0.09382887942261373,-0.32014569908263546,0.12248105376974865
LNGN0178,Huelva LNG Terminal,2022-04-01,0.5384022393734614,-0.06351657468769545,1.2893744954419553,-0.0008066791484478902,-0.16246139553950056,0.1599117246177501
LNGN0181,Incheon LNG Terminal,2022-04-01,-0.6327353718488286,-1.3723163099945188,-0.06162309087414363,0.7671803023303043,0.5437954248442297,0.9766220225569991
LNGN0195,Jieyang LNG Terminal (PipeChina),2022-04-01,1.1342138992065867,0.8186429645746232,1.5728217162252218,-0.31654182799021774,-0.4370979676914192,-0.1922582581704049
LNGN0207,Klaipeda FSRU,2022-04-01,0.8903147241559137,0.25706285404785884,1.6543535942731005,-0.22522511682839697,-0.3172814688673727,-0.1344560789708626
LNGN0232,Marmara LNG Terminal,2022-04-01,0.6482737370094077,0.0018590806095121098,1.4444583308590915,-0.07218955945592073,-0.18793740565346437,0.036319607664940405
LNGN0244,Montoir LNG Terminal,2022-04-01,0.26070861361615116,0.002130179777464372,0.6621870348688986,0.022751094984168864,-0.19899309246569677,0.23853795774842973
LNGN0248,Mugardos LNG Terminal,2022-04-01,-0.6878467562365114,-1.3720572217053595,-0.14040195524327825,-0.29475436578611175,-0.3642827147825954,-0.22618616726705473
LNGN0251,Mundra LNG Terminal,2022-04-01,-0.6835375033923643,-1.3719940405095041,-0.12805002271607044,-0.3124658796920996,-0.5098312562024244,-0.09748410318423532
LNGN0261,Nigeria LNG Terminal,2022-04-01,2.26305734537242,1.7391800615672388,2.6149690799657557,1.368991266089539,1.1911227243801108,1.5385690480241605
LNGN0270,Ohgishima LNG Terminal,2022-04-01,0.8315872190928681,0.09320169790154242,1.7338169405002641,0.15375928102384567,0.029246262484162535,0.2714916541605074
LNGN0297,Pluto LNG Terminal,2022-04-01,1.8473362291553954,1.4703412124402488,2.0733413960260534,0.8468818571484982,0.7418702615501463,0.9518274194172819
LNGN0314,Pyeongtaek LNG Terminal,2022-04-01,-0.6295205517382143,-1.3782806822863518,-0.055724992877220374,0.6628129546279761,0.3969825010669889,0.9182443763927753
LNGN0319,Qidong LNG Terminal,2022-04-01,-0.04087431563276648,-0.482846820742042,0.20265830087374337,-0.047588654184721524,-0.1329554863728976,0.047349678158760844
LNGN0322,Queensland Curtis LNG Terminal,2022-04-01,-0.7420544256876649,-1.3343332337479339,-0.28767966260954747,0.9748891557930326,0.873915211905807,1.073177992377128
LNGN0328,Rasgas LNG Terminal 3,2022-04-01,5.437852698390459,2.005596666080578,8.841420520815051,1.058536686098164,0.9547010049058515,1.1627856940815486
LNGN0345,Sabine Pass LNG Terminal,2022-04-01,2.9744750899676604,1.904200499461946,3.9151050223444854,1.4480099883560427,1.3482482857497435,1.5521364878407542
LNGN0347,Sagunto LNG Terminal,2022-04-01,0.21608709608405927,-0.2272466219759811,0.8137647154278382,-0.01833938074561287,-0.07373232177793558,0.026084892571297782
LNGN0359,Senboku 2 LNG Terminal,2022-04-01,-0.6555360493099561,-1.4348660486300593,-0.09182821328386882,0.10316017101590255,-0.14584521605640527,0.3488944118494491
LNGN0374,Sines LNG Terminal,2022-04-01,0.5043563169060489,-0.01563098714423024,1.2091290128734915,-0.13891172040042155,-0.1962928323548434,-0.08077584026510273
LNGN0378,Skikda LNG Terminal,2022-04-01,0.3374493858632989,0.14861266455075514,0.6785828032905147,0.46796700630438653,0.22639122220605642,0.7352762464646069
LNGN0381,Sodegaura LNG Terminal,2022-04-01,0.6345532912527193,0.04832180230485342,1.3572132125067797,0.5153891836166703,0.2115265676365479,0.8242363546112171
LNGN0385,South Hook LNG Terminal,2022-04-01,0.41087423850738813,0.017729595236354315,0.9835651038650279,0.24809220311951757,0.1668833996545648,0.3097404459763884
LNGN0398,Taichung LNG Terminal,2022-04-01,0.0872685689927644,-0.20718670054261754,0.568452707456454,-0.06353927619491807,-0.12213235007605132,-0.013992227650689781
LNGN0426,Tongyoung LNG Terminal,2022-04-01,-0.6380511522817444,-1.3569118749624982,-0.058794429464731526,0.5234215289320209,0.3613309334175824,0.6726632098205356
LNGN0427,Tornio Manga LNG Terminal,2022-04-01,-0.63621362717311,-1.4136487358819205,-0.03164102549183319,-0.7574371153550064,-1.000553092653501,-0.4894906945916323
LNGN0435,Vysotsk LNG Terminal,2022-04-01,0.8180458330677673,0.4685447794634472,1.014219524841197,0.31755112976091227,0.08682745672762372,0.5708512819801953
LNGN0452,Yamal LNG Terminal,2022-04-01,1.4843899742800173,1.196080426154999,1.9346045878538656,1.2617037001576064,1.1514796727109582,1.382442463909007
LNGN0460,Yokkaichi Works LNG Terminal,2022-04-01,-0.705307295117295,-1.3890358736104345,-0.172222652287915,-0.2885138000198025,-0.4691410141834494,-0.09686420425705057
LNGN0463,Yung-An LNG Terminal,2022-04-01,-0.6882757701544088,-1.4159156239194024,-0.14147834187654842,0.16384597712219426,-0.012694294363151025,0.3412286794158813
LNGN0464,Zeebrugge LNG Terminal,2022-04-01,0.7668170123479198,0.5831591478300704,1.0866853143190074,0.14596961663587538,-0.028722490750242986,0.32413980454521596
LNGN0474,Świnoujście Polskie LNG Terminal,2022-04-01,-0.6895738781009005,-1.403922978356538,-0.14975983860157915,-0.0785132953676084,-0.1541309885643233,0.004362975321112708
LNGN0008,Al Zour LNG Import Terminal,2022-05-01,0.7878739366075124,0.13801971993051435,1.6231433849852144,0.4515878545696328,0.3253940680924306,0.5725138065812594
LNGN0026,Arzew-Bethioua LNG Terminal,2022-05-01,0.45031293838555464,-0.0815137319893387,1.1481792980001297,1.1103400804913448,0.9037558005703674,1.3357944683474654
LNGN0027,Atlantic LNG Terminal,2022-05-01,0.3879963269358251,0.048643432989001006,0.8934983754591745,0.9101567511489598,0.7501805367449292,1.063513704926274
LNGN0035,Barcelona LNG Terminal,2022-05-01,0.5671100245634491,-0.16846437740377837,1.46352710769303,0.1866119001186349,-0.10759722809555329,0.48753511716965026
LNGN0040,Boryeong LNG Terminal,2022-05-01,0.23530564481767433,-0.2245963527048475,0.8291204289670825,0.23931577988511335,0.16881456887093513,0.3162005351831857
LNGN0050,Calcasieu Pass LNG Terminal,2022-05-01,0.9091034431329131,0.2656301360566871,1.6733562099722654,1.124470783031757,0.9760137750161284,1.2752080891920416
LNGN0056,Cartagena LNG Terminal (Spain),2022-05-01,0.6087234322861717,-0.06181767906797883,1.4140953137266057,0.05050963569044866,-0.08681156360228971,0.1920948822051181
LNGN0070,Corpus Christi LNG Terminal,2022-05-01,1.4731986805109492,0.87397520800952,2.243360640293601,1.262153339823497,1.1528401847066685,1.3857717494020225
LNGN0083,Damietta SEGAS LNG Terminal,2022-05-01,0.9013208232359866,0.22557903865733686,1.724805844390878,0.7292833053681349,0.6205530881769722,0.8281490718916504
LNGN0085,Das Island LNG Terminal,2022-05-01,-0.0012895613278948858,-0.2754515644717611,0.43166705638617336,0.6393663294498757,0.4405446012217246,0.8459104384399253
LNGN0097,Dunkirk LNG Terminal,2022-05-01,0.707993070485876,-0.008193719670918852,1.5766590216187724,0.1346065517899941,0.02955721294429798,0.24049303678118536
LNGN0101,Egyptian LNG Terminal,2022-05-01,0.41457564807503117,0.12437410886816164,0.864986353092771,0.6683603267404805,0.48685389496013093,0.8199086879907856
LNGN0121,Fos Tonkin LNG Terminal,2022-05-01,1.3431352665033882,1.006728093487951,1.8466772226585746,-0.5175418628053414,-0.7689049840306346,-0.28574689711107576
LNGN0124,Freeport LNG Terminal,2022-05-01,1.031122997149231,0.5457656326192545,1.7069388180984157,1.2615436004541356,1.1445565867740939,1.391626412388767
LNGN0130,GasPort FSRU,2022-05-01,-0.7296961714507249,-1.4288330656491035,-0.23511417302425086,-0.18778550899753066,-0.3762373853289773,0.012900943433544086
LNGN0132,Gate LNG Terminal,2022-05-01,1.423472943846787,1.2092452778867102,1.7918734722940868,0.05801819761858132,-0.04077946222053372,0.1548927379660959
LNGN0142,Gorgon LNG Terminal,2022-05-01,1.55486023992419,1.2682046345756166,1.9866145972200588,1.2413797971821043,1.1234638749302026,1.3667213467416839
LNGN0168,Hazira LNG Terminal,2022-05-01,0.8128473870961668,0.5164372993356406,1.2524612795617336,-0.16958290266639678,-0.25822692399608976,-0.06963830448537824
LNGN0173,Himeji LNG Terminal,2022-05-01,-0.7243112350712041,-1.3849471141754686,-0.21711080338196048,-0.09433740441531563,-0.2987945634337158,0.11226819715966059
LNGN0178,Huelva LNG Terminal,2022-05-01,0.48126059240237234,-0.29581039116147756,1.4752728718937325,-0.0006132216109199177,-0.14219603582076346,0.14576456560199527
LNGN0181,Incheon LNG Terminal,2022-05-01,-0.08558616043862122,-0.33695945407569877,0.345387011391693,0.7617287922087078,0.564421367440237,0.9575089760545178
LNGN0195,Jieyang LNG Terminal (PipeChina),2022-05-01,0.7571705923338935,0.2029035127611051,1.4820528842986989,-0.3380807684747376,-0.48078050629967317,-0.19229791611757877
LNGN0207,Klaipeda FSRU,2022-05-01,0.7696262026619803,-9.286243667640343e-06,1.6707539937758016,-0.22232906213647163,-0.3301831959472296,-0.11274529668421562
LNGN0210,Krk FSRU,2022-05-01,-0.7648472727938824,-1.440048860353543,-0.28598607263611153,-0.31156671724652363,-0.47187884127221896,-0.14522595664713564
LNGN0232,Marmara LNG Terminal,2022-05-01,0.7004954652201043,0.22003273570318035,1.3841374356623477,-0.036913954439742054,-0.15265460885366197,0.07780410734745395
LNGN0244,Montoir LNG Terminal,2022-05-01,0.34318076258237823,-0.08859923901466629,0.9585149239928228,0.025618627704121988,-0.17684468786491217,0.23420503006453003
LNGN0248,Mugardos LNG Terminal,2022-05-01,0.16714585080492725,-0.3455953837087001,0.8656254588713588,-0.26978476030787507,-0.3488948434099574,-0.1972005649081006
LNGN0261,Nigeria LNG Terminal,2022-05-01,1.6573926689175462,1.3015035456513835,2.174590562402046,1.3670168441152335,1.209259240164913,1.5189107230086862
LNGN0270,Ohgishima LNG Terminal,2022-05-01,-0.6906818298134417,-1.3790804508758558,-0.16203978110973385,0.16194128303516958,0.053147789572510803,0.2730853238907371
LNGN0274,Oman Qalhat LNG Terminal,2022-05-01,-0.6794270235922448,-1.3896808564710599,-0.17680074710536486,1.145022618823003,1.0049252304948915,1.2857523782433145
LNGN0278,Panigaglia LNG Terminal,2022-05-01,-0.6480197696650211,-1.4415465207328861,-0.042615921058190016,-0.48561496708305296,-0.6943717692837339,-0.2921020658754355
LNGN0297,Pluto LNG Terminal,2022-05-01,1.5922204784597431,1.3251813360140219,2.0245462038424225,0.8449381626366751,0.7226362445949244,0.9683939451776218
LNGN0314,Pyeongtaek LNG Terminal,2022-05-01,0.13307013339658083,-0.3209674897842095,0.7516529881372231,0.6103027780420724,0.3820797298884014,0.8334040746368941
LNGN0319,Qidong LNG Terminal,2022-05-01,-0.7334344396527859,-1.3983107859083186,-0.23801861872030936,-0.04541985758966564,-0.14928985398544772,0.060627752947787585
LNGN0322,Queensland Curtis LNG Terminal,2022-05-01,0.7702976662073046,0.25717742752224354,1.4812739853085137,0.9165182766863065,0.7811095373620274,1.0452671898301045
LNGN0324,Quintero LNG Terminal,2022-05-01,-0.7534818774308956,-1.3492765456546203,-0.2778049830477268,-0.13199085915256054,-0.1976169671880499,-0.06645754350392051
LNGN0328,Rasgas LNG Terminal 3,2022-05-01,4.355216660980422,1.8640455606689867,6.754829647613559,1.0588719445200283,0.9446274048899167,1.1674771585697101
LNGN0345,Sabine Pass LNG Terminal,2022-05-01,3.4611957969908462,1.978480549573757,4.822695989012861,1.4441324256726333,1.3410851128280752,1.558608892097489
LNGN0347,Sagunto LNG Terminal,2022-05-01,0.23589720366324995,-0.22658240871701893,0.9046677940934553,-0.0040760594438266715,-0.05237996256817004,0.042221499552300056
LNGN0359,Senboku 2 LNG Terminal,2022-05-01,0.6729624317683862,0.1680822931878738,1.3119978010997015,0.09886524561718539,-0.12677811045254636,0.3328464722292942
LNGN0374,Sines LNG Terminal,2022-05-01,0.16675829289082478,-0.22339399905133658,0.7325333450082258,-0.14590311563589822,-0.20064665888098637,-0.09125615707802683
LNGN0378,Skikda LNG Terminal,2022-05-01,0.6802846942427956,0.264780126248325,1.2532128136562097,0.5688799399981326,0.33480254580506713,0.8176055487859288
LNGN0381,Sodegaura LNG Terminal,2022-05-01,0.7137655547538465,0.21417228318629192,1.4137960624604962,0.5493458752460821,0.23775356667336445,0.8617884041974552
LNGN0385,South Hook LNG Terminal,2022-05-01,-0.318765533268263,-0.7227202526630209,-0.04938526314142659,0.249295009512503,0.18035321408128763,0.30901575634941086
LNGN0398,Taichung LNG Terminal,2022-05-01,0.4271136017391915,-0.3107876563044395,1.3211922601594452,-0.049367899753445195,-0.10838219022600712,0.010639916669962652
LNGN0421,Tianjin LNG Terminal (Sinopec),2022-05-01,-0.3682636743949389,-1.3852902295642902,0.48919755883515215,0.20936859020868856,0.11923592771239634,0.3057391832338454
LNGN0426,Tongyoung LNG Terminal,2022-05-01,0.25104704369810604,-0.018013466209469062,0.6584964843580812,0.4646340624973869,0.3503863913321413,0.5740115646079209
LNGN0427,Tornio Manga LNG Terminal,2022-05-01,-0.3816352587209329,-1.4088416669364943,0.49349165189468736,-0.7587108309089525,-1.0197010791514667,-0.47264298045694353
LNGN0435,Vysotsk LNG Terminal,2022-05-01,-0.5411864487491447,-1.3747705052244368,0.14028633063286575,0.21287396283265306,-0.08801694794130643,0.5000433275871454
LNGN0452,Yamal LNG Terminal,2022-05-01,1.475931383924626,1.1430957351173623,1.9917824068458818,1.2617825541248358,1.1238846450172841,1.4048077112727122
LNGN0460,Yokkaichi Works LNG Terminal,2022-05-01,-0.7285869706124551,-1.375059296282985,-0.21778436393341846,-0.3166257690246225,-0.45717723884417183,-0.17178576065771842
LNGN0463,Yung-An LNG Terminal,2022-05-01,0.166281620051152,-0.38250029620244214,0.8523959580790053,0.20705362410844888,0.018833169754261584,0.40206247823041696
LNGN0464,Zeebrugge LNG Terminal,2022-05-01,0.37481135631022316,-0.1289795482484418,1.047095025761421,0.13773833802785881,-0.021546868516475266,0.3034061267129942
LNGN0473,Zhuhai LNG Terminal,2022-05-01,0.15713206931178214,-0.3705861104496864,0.8472508996839972,-0.17274436955128258,-0.26970842846293497,-0.07772030343076539
LNGN0474,Świnoujście Polskie LNG Terminal,2022-05-01,0.08303251462274575,-0.3163692079934814,0.6468704899852117,-0.08715629649141451,-0.18232590246145888,0.011353019657325622
LNGN0008,Al Zour LNG Import Terminal,2022-06-01,0.5520094506116956,-0.27725610458628225,1.5694104175582129,0.4459405211934624,0.2931957342519262,0.5938569098884066
LNGN0026,Arzew-Bethioua LNG Terminal,2022-06-01,1.035374382708846,0.46239426767451425,1.733930659441222,1.151920249076267,0.955350504026023,1.363472471062896
LNGN0027,Atlantic LNG Terminal,2022-06-01,1.3143852249048593,1.0394169586647863,1.7382875499353931,0.7953487528349615,0.6141566855856587,0.9586464314683416
LNGN0035,Barcelona LNG Terminal,2022-06-01,0.6073185206025715,-0.296788110943406,1.6637275092715669,0.16835650783981487,-0.09333696083489702,0.44746987551364553
LNGN0040,Boryeong LNG Terminal,2022-06-01,0.1664810685222756,-0.36721532122586564,0.8283758697379642,0.22005032634088176,0.12346491193679011,0.319618900012474
LNGN0050,Calcasieu Pass LNG Terminal,2022-06-01,1.674765240149271,1.440863175522634,2.043426674007626,1.1043569062508105,0.9298472234891206,1.2836566681524193
LNGN0056,Cartagena LNG Terminal (Spain),2022-06-01,-0.7489562374138345,-1.371620379461749,-0.27301209078136096,0.06402205333905782,-0.056448945361383444,0.1912117941164078
LNGN0070,Corpus Christi LNG Terminal,2022-06-01,1.5653801686801114,1.2307298530729132,2.1266168995421912,1.2158639212558502,1.0830920595584563,1.3601357302732884
LNGN0083,Damietta SEGAS LNG Terminal,2022-06-01,0.20426855469310806,-0.30420734584696,0.9034041272852761,0.8123378803661231,0.6924579555126432,0.9336126625519895
LNGN0085,Das Island LNG Terminal,2022-06-01,1.3599474701206526,0.8892865249156471,1.9776934151613337,0.6021081160120142,0.435455753732694,0.7782890538070191
LNGN0097,Dunkirk LNG Terminal,2022-06-01,0.5112686772444277,-0.02321985837862917,1.2108067531742808,0.14058655949987228,0.013908655625629025,0.26120788073234863
LNGN0101,Egyptian LNG Terminal,2022-06-01,-0.7946246158805906,-1.3984519536813849,-0.37308348192011165,0.7294009051589754,0.574026896697556,0.8816834915202729
LNGN0121,Fos Tonkin LNG Terminal,2022-06-01,0.5377344503330534,-0.01558582426362906,1.2567739584872286,-0.5356880277072351,-0.7505844473624493,-0.3291902206773015
LNGN0124,Freeport LNG Terminal,2022-06-01,-0.8284826015968186,-1.3730830090789867,-0.4665486467126388,1.1707308412936102,1.0117320134791972,1.3319393276028326
LNGN0130,GasPort FSRU,2022-06-01,-0.7717584809999406,-1.378481239748035,-0.31960838159453636,-0.1807105922385939,-0.3891789015726104,0.03328379489299151
LNGN0132,Gate LNG Terminal,2022-06-01,0.7209907155824564,0.41600943436009463,1.1881860402442255,0.05793020325664268,-0.06911348975359906,0.17230029430093383
LNGN0142,Gorgon LNG Terminal,2022-06-01,1.8646587401541104,1.654104429441581,2.229400875969009,1.2401975902621738,1.092613764626543,1.3891009088282322
LNGN0168,Hazira LNG Terminal,2022-06-01,0.7740601994191293,0.28858685769248793,1.405652435927309,-0.14512154369611555,-0.24089541195311456,-0.04605474242423831
LNGN0173,Himeji LNG Terminal,2022-06-01,0.33231915989380956,0.035306008210131405,0.8076181480629049,-0.08851250835825172,-0.27346140075335107,0.10006566467030163
LNGN0178,Huelva LNG Terminal,2022-06-01,0.4436466368246341,-0.17048795922484725,1.1897702884028845,-0.06415823425020528,-0.19631406484940248,0.06719868445339883
LNGN0181,Incheon LNG Terminal,2022-06-01,0.2378741385347152,-0.16804162884321214,0.8008840540971013,0.7578266235020784,0.5835975982708484,0.9390216643097815
LNGN0186,Izmir Aliaga LNG Terminal,2022-06-01,0.16229487989341357,-0.3653134310055031,0.8162893250763608,0.019094185436035693,-0.15584966336027217,0.1916998113792892
LNGN0195,Jieyang LNG Terminal (PipeChina),2022-06-01,1.0569497977301643,0.4691439141682027,1.767315528409881,-0.3431407187159931,-0.4996331658715069,-0.17822373201483419
LNGN0207,Klaipeda FSRU,2022-06-01,0.2338947816842454,-0.19662847815062967,0.8202475697025388,-0.21681018768533847,-0.3365130732674756,-0.09750032975271836
LNGN0210,Krk FSRU,2022-06-01,-0.8088462686994587,-1.400374958859767,-0.3715313889121798,-0.2779237041728274,-0.4461523015694565,-0.10437568148460674
LNGN0232,Marmara LNG Terminal,2022-06-01,0.1870433058555282,-0.32683412128519407,0.8775282178501006,-0.07698254640299994,-0.14996245573786812,-0.0016907765403009632
LNGN0244,Montoir LNG Terminal,2022-06-01,0.43947327211884707,-0.3905238734249316,1.431627628867903,0.03240864510956808,-0.1478126816661302,0.22217085787714358
LNGN0248,Mugardos LNG Terminal,2022-06-01,-0.7688486131457235,-1.4373586462034034,-0.29365459950164075,-0.2829075364069394,-0.37845658857137343,-0.1898437706377172
LNGN0261,Nigeria LNG Terminal,2022-06-01,1.9270953598999983,1.7100958535914015,2.2036249087092656,1.2877727990653531,1.159735600866451,1.4175524484373525
LNGN0270,Ohgishima LNG Terminal,2022-06-01,0.9512907768766411,0.08021132721974956,2.0281387534848427,0.1385650549460563,0.06282514040360367,0.22032186154791683
LNGN0272,Old Harbour FSRU,2022-06-01,-0.7140517284738683,-1.4271706226202594,-0.19697992831975825,-0.2661477672575365,-0.4765797794352155,-0.045411602401930005
LNGN0274,Oman Qalhat LNG Terminal,2022-06-01,-0.8001985532510273,-1.3800524100277363,-0.39018367478250043,0.9638321105368266,0.8442421812811046,1.077999921419911
LNGN0278,Panigaglia LNG Terminal,2022-06-01,-0.6565325845809428,-1.3844435913972144,-0.0760485284687854,-0.4790248804647456,-0.6655748318316989,-0.29500424114980134
LNGN0297,Pluto LNG Terminal,2022-06-01,1.1152475592666007,0.5292186939246021,1.8740854379856784,0.8514552745151371,0.7131155662524296,0.9948495707951759
LNGN0309,Prelude FLNG Terminal,2022-06-01,-0.838631998561736,-1.3722687743041626,-0.45483318004892037,0.7648908147061231,0.5808622186911954,0.9570022432935179
LNGN0314,Pyeongtaek LNG Terminal,2022-06-01,0.9741338045056561,0.38964716911213504,1.713484020929224,0.6367048167787791,0.4281125787261607,0.8546727610369534
LNGN0319,Qidong LNG Terminal,2022-06-01,-0.802880468564124,-1.3970063206280168,-0.35634031438284824,-0.042272283120359445,-0.1589930902891712,0.07569816813710946
LNGN0322,Queensland Curtis LNG Terminal,2022-06-01,0.17830144910923976,-0.3556557149489142,0.9074512930653071,0.9850366702244486,0.8501368645466657,1.1234130308167403
LNGN0328,Rasgas LNG Terminal 3,2022-06-01,4.482412784781546,1.946968459338426,6.907657875408938,1.058619259006497,0.9354519537813585,1.1825294926629415
LNGN0331,Revithoussa LNG Terminal,2022-06-01,0.14262076204254967,-0.38298639592659117,0.8267034263484788,-0.0770614161549633,-0.13366629552794398,-0.019694101363792745
LNGN0345,Sabine Pass LNG Terminal,2022-06-01,2.0876010915086853,1.7412693856690609,2.2825720892148778,1.4097486340839784,1.2799791345808584,1.542230689215907
LNGN0359,Senboku 2 LNG Terminal,2022-06-01,-0.7726085572145055,-1.4044056153624114,-0.30364845600795315,0.14974007703405037,-0.08627508102523576,0.38843688035027374
LNGN0363,Shandong LNG Terminal,2022-06-01,-0.7886186747284278,-1.346561027624541,-0.3425788434587505,0.18863904166937967,0.08795220437454652,0.28650926516138464
LNGN0374,Sines LNG Terminal,2022-06-01,0.10944377465921673,-0.3440078327318128,0.7048332506687031,-0.13666880732978487,-0.20693732362091313,-0.07282000275048434
LNGN0378,Skikda LNG Terminal,2022-06-01,0.5870935383617762,0.06640286909903945,1.2430418968867163,0.6866620801979343,0.4540319984665566,0.9345925365448897
LNGN0381,Sodegaura LNG Terminal,2022-06-01,0.8780569638818592,0.17237025675605772,1.7523652048626626,0.5478044267809031,0.2583214200435102,0.8433757648208743
LNGN0385,South Hook LNG Terminal,2022-06-01,-0.7397244796477689,-1.4256394792640552,-0.25962963386658877,0.1975636458056955,0.10299842838924957,0.2787269198043069
LNGN0398,Taichung LNG Terminal,2022-06-01,-0.050730529645946015,-0.454136844321379,0.5271438868877052,-0.030152138170723694,-0.09909845389092695,0.03772182750200298
LNGN0421,Tianjin LNG Terminal (Sinopec),2022-06-01,-0.7470729596960405,-1.3843906342447299,-0.25707937445001505,0.11485628984256903,-0.07051419087027858,0.2877677077842592
LNGN0426,Tongyoung LNG Terminal,2022-06-01,0.12550011206907924,-0.4396159014146153,0.8416224613564561,0.5274285347782679,0.3992704499504227,0.6478520050682006
LNGN0427,Tornio Manga LNG Terminal,2022-06-01,-0.45686112224826503,-1.3933099136672429,0.332046809422481,-0.7521207442906439,-1.025454759341342,-0.4447594797304595
LNGN0435,Vysotsk LNG Terminal,2022-06-01,-0.6204052781813254,-1.401219492345194,-0.004971897913734147,0.17710029690355064,-0.16153064438415,0.5141665442361782
LNGN0441,Wheatstone LNG Terminal,2022-06-01,0.7064296974673075,-0.182596627338423,1.735273491481654,1.0482468731554588,0.8984013239630602,1.2105774099121345
LNGN0452,Yamal LNG Terminal,2022-06-01,1.6505177551263253,1.1374521787591396,2.0132113432523466,1.2045443363845416,1.0489799201104733,1.3678795252749067
LNGN0460,Yokkaichi Works LNG Terminal,2022-06-01,0.5272771885772755,-0.19521724185985004,1.4101182131471652,-0.35052267864977554,-0.4555156789590468,-0.25634765248166763
LNGN0463,Yung-An LNG Terminal,2022-06-01,0.9091901785188092,0.25374018481764304,1.7363852105835649,0.19278964799501655,0.03364774001529748,0.3582102500487474
LNGN0464,Zeebrugge LNG Terminal,2022-06-01,-0.023512669822101304,-0.2309346442756076,0.3118794114230237,0.17543975371617532,0.02297910332106355,0.3380086037378025
LNGN0473,Zhuhai LNG Terminal,2022-06-01,-0.7725176312225901,-1.3442319793346316,-0.31245838625874783,-0.18343159157599562,-0.2965137968773602,-0.06830802047411651
LNGN0474,Świnoujście Polskie LNG Terminal,2022-06-01,0.0820656678824846,-0.49616088153775006,0.8039136544561559,-0.08000266960269861,-0.19032203648750534,0.03062735192622446
LNGN0008,Al Zour LNG Import Terminal,2022-07-01,0.7893360826170468,0.21389245846341862,1.5196375902606838,0.4408564684720946,0.2704450222602545,0.6179665577711719
LNGN0026,Arzew-Bethioua LNG Terminal,2022-07-01,0.8746708026184552,0.5425278717883613,1.3439726167105572,1.1898529966712041,0.9912783862009168,1.396918661400736
LNGN0027,Atlantic LNG Terminal,2022-07-01,0.9771480330006977,0.3614994030975297,1.7364089451737175,0.924022613420377,0.7962510072032059,1.0470154340520144
LNGN0035,Barcelona LNG Terminal,2022-07-01,0.505927396110939,-0.26116609657987416,1.4527492168517915,0.1871731876895597,-0.07537019708303565,0.4480582514030884
LNGN0037,Bilbao LNG Terminal,2022-07-01,-0.7094132358658569,-1.4101176408654408,-0.17528083435847766,-0.1497032249371629,-0.22634722046725772,-0.07807242759942512
LNGN0040,Boryeong LNG Terminal,2022-07-01,-0.7462388978007506,-1.369300773778252,-0.2623823793335244,0.26170108717381557,0.16359645984979232,0.3628896661359384
LNGN0050,Calcasieu Pass LNG Terminal,2022-07-01,1.4877837392207647,1.08952633683205,2.0599037742684816,1.1795826007800951,1.0187695645629502,1.3558986565631035
LNGN0056,Cartagena LNG Terminal (Spain),2022-07-01,-0.6664837745360247,-1.3538030611794616,-0.11900651480968466,0.08482937799588687,-0.03449043644955832,0.20161830618193127
LNGN0070,Corpus Christi LNG Terminal,2022-07-01,2.3732296859800046,1.8377179634941767,2.7288606055356825,1.2884697411245258,1.1528258225706782,1.4410131420351602
LNGN0083,Damietta SEGAS LNG Terminal,2022-07-01,0.35494403509698247,-0.007607569043046664,0.8797137374761667,0.8188536174927791,0.7041988121529025,0.9283353689293907
LNGN0085,Das Island LNG Terminal,2022-07-01,0.8510564632273108,0.23991681830778896,1.65860525272084,0.6994709970084996,0.4997348650908164,0.8946546496160873
LNGN0097,Dunkirk LNG Terminal,2022-07-01,1.4418648618432328,1.2347166980350925,1.75452977712459,0.16117711027352033,0.03132120403677006,0.29342268710322345
LNGN0103,Elba Island LNG Terminal,2022-07-01,0.10473684323346788,-0.4683681545748899,0.8506204911152234,0.6010421258990551,0.3827209403581184,0.8121177486998555
LNGN0108,Ennore LNG Terminal,2022-07-01,-0.7157347782173528,-1.4151650030289857,-0.20207888278071118,-0.09656502913763466,-0.27201274887240867,0.07919061100531008
LNGN0121,Fos Tonkin LNG Terminal,2022-07-01,1.08723087008496,0.5283347590214666,1.8234285326849096,-0.5386415278493484,-0.735733971422851,-0.35108659615583626
LNGN0130,GasPort FSRU,2022-07-01,-0.7465991940036304,-1.3838233021191166,-0.26240531799162964,-0.16802251183543598,-0.38421982065209587,0.05202564566891716
LNGN0132,Gate LNG Terminal,2022-07-01,0.8508048484396085,0.13019507388747276,1.7771678035131322,0.21769097880205385,0.12211727575561866,0.31040376842249073
LNGN0142,Gorgon LNG Terminal,2022-07-01,0.6388236583740691,0.34485162359169075,1.1117895443934276,1.2513359182624086,1.0948857719235154,1.4141232561689252
LNGN0166,Hammerfest LNG Snohvit Terminal,2022-07-01,0.7077638966436518,-0.0883968147157357,1.6475540958797075,0.6822236287336252,0.5162013254296163,0.8556045751650316
LNGN0168,Hazira LNG Terminal,2022-07-01,0.7663565901837786,0.11017199002519396,1.586078723549325,-0.15873187030350377,-0.28473738157723166,-0.03033123133835859
LNGN0173,Himeji LNG Terminal,2022-07-01,0.1738174271823039,-0.33657403309571776,0.8712409696933435,-0.07436317342088854,-0.25958584627356746,0.0989061294800066
LNGN0178,Huelva LNG Terminal,2022-07-01,0.15410320413832235,-0.387001855646592,0.8607437413407781,0.09161619913329355,-0.04222855960477965,0.21909855516992388
LNGN0181,Incheon LNG Terminal,2022-07-01,0.6215968719655784,-0.03641447195245301,1.4819161238690075,0.7889776805584833,0.6111150164050837,0.9673428595487895
LNGN0186,Izmir Aliaga LNG Terminal,2022-07-01,-0.6184678509934093,-1.3345938647556748,-0.009275966411138946,0.17509852314347943,0.10773451841861624,0.2376577769800797
LNGN0195,Jieyang LNG Terminal (PipeChina),2022-07-01,0.7671088864907109,-0.005237996168749344,1.7841302604943376,-0.28421658361059826,-0.4389322013517139,-0.12752208717286267
LNGN0207,Klaipeda FSRU,2022-07-01,0.19230776491801455,-0.2898024541748223,0.8129923841433507,-0.23264736456721355,-0.36715750698419847,-0.09277355045153274
LNGN0232,Marmara LNG Terminal,2022-07-01,-0.6208918040607534,-1.3825905939068364,-0.01605066297418191,-0.03189752379134611,-0.1156641684122764,0.04728001164128505
LNGN0244,Montoir LNG Terminal,2022-07-01,0.6931810471443631,-0.05869504863773732,1.6239679967030032,0.05626872802214684,-0.12910601911423847,0.23746812381900842
LNGN0248,Mugardos LNG Terminal,2022-07-01,-0.761266509662126,-1.4082763059721317,-0.30861804204466653,-0.2767499143185913,-0.3837225917668527,-0.16695379179971215
LNGN0251,Mundra LNG Terminal,2022-07-01,-0.7068341415750011,-1.4191523232878764,-0.17367661393623146,-0.14899191004246112,-0.3748012095808873,0.07567847446585543
LNGN0261,Nigeria LNG Terminal,2022-07-01,1.8317015339064597,1.6450974144314292,2.1495138737891177,1.3472039281280839,1.2199436969482438,1.4723520591063293
LNGN0270,Ohgishima LNG Terminal,2022-07-01,0.7244360692650996,0.2653719611390196,1.3121469243939128,0.1920978290072689,0.09936736817762455,0.2894259981095259
LNGN0272,Old Harbour FSRU,2022-07-01,-0.6787242790247139,-1.3867382587056374,-0.1403633886918669,-0.2534596868543788,-0.4751482031062031,-0.022290248430381132
LNGN0274,Oman Qalhat LNG Terminal,2022-07-01,0.6571535266350045,-0.2667891075278869,1.7407260264421474,1.0311695831124381,0.9045997155233805,1.160107266746066
LNGN0297,Pluto LNG Terminal,2022-07-01,1.1696299595783468,0.5821663702132762,1.9316146572341926,0.8708221747705147,0.7250584280719949,1.0271988627016622
LNGN0314,Pyeongtaek LNG Terminal,2022-07-01,0.0823334333438376,-0.41742939164699294,0.7826700073994518,0.6619799375358356,0.4543321176433709,0.8772807153231932
LNGN0319,Qidong LNG Terminal,2022-07-01,-0.7515862409711901,-1.4008216179051327,-0.2628647151037493,-0.0295842027172017,-0.15615415659832735,0.10379369449870847
LNGN0322,Queensland Curtis LNG Terminal,2022-07-01,0.6537545365125882,0.1389178420238427,1.3185445382244816,0.9358169526038258,0.7715592565525718,1.096597976171177
LNGN0328,Rasgas LNG Terminal 3,2022-07-01,5.115928684410875,1.929931853250519,8.230555364359857,1.074512946008961,0.9361083031783762,1.2073540828876312
LNGN0331,Revithoussa LNG Terminal,2022-07-01,0.753638485761726,0.022788270357840274,1.648961406522697,-0.039887260463263206,-0.10434227966986404,0.025343934177084384
LNGN0345,Sabine Pass LNG Terminal,2022-07-01,2.1645303276879613,1.9062171530869851,2.3936590138665452,1.4752745673003371,1.3486048004075888,1.6112920014604968
LNGN0359,Senboku 2 LNG Terminal,2022-07-01,0.1593070684423475,-0.31636879657794276,0.7822030596300635,0.18916906353124552,-0.059610751155029174,0.43085637953778244
LNGN0374,Sines LNG Terminal,2022-07-01,1.0443294771021678,0.6427184282480765,1.604575346193254,-0.040192464494820876,-0.10239850437387121,0.026822633557715456
LNGN0378,Skikda LNG Terminal,2022-07-01,-0.010799192807277666,-0.5367132086643073,0.6791209942042388,0.5882984890176797,0.320891845172284,0.8646847139834842
LNGN0381,Sodegaura LNG Terminal,2022-07-01,1.075588434147964,0.2605636203284332,2.030778961220861,0.5477318792451351,0.2751889178752476,0.8295924124669041
LNGN0385,South Hook LNG Terminal,2022-07-01,-0.7133708143041814,-1.398326414191309,-0.21470388283300085,0.34281996620421795,0.27390838969219505,0.4127996678493553
LNGN0398,Taichung LNG Terminal,2022-07-01,0.45714089859346463,-0.25975572043388356,1.335671099531611,-0.030259235404588705,-0.1098363928716439,0.05314735681178258
LNGN0421,Tianjin LNG Terminal (Sinopec),2022-07-01,-0.7754221072330144,-1.3754964408114303,-0.31613356959331806,0.18972660899248786,0.04718753812742543,0.3358089042798876
LNGN0423,Tiga Malaysia LNG Terminal,2022-07-01,-0.5684521397885227,-1.4322684768267224,0.08063188874611096,0.9101763747537888,0.7813688458379167,1.0510112872357222
LNGN0426,Tongyoung LNG Terminal,2022-07-01,0.15279544563610603,-0.3775999560087744,0.857735907586626,0.5587654559562849,0.43127522466909374,0.6812259507941552
LNGN0427,Tornio Manga LNG Terminal,2022-07-01,-0.5947620851087032,-1.4307285559289769,0.062213368962761355,-0.739432663887487,-1.0150082870863244,-0.4300621180555969
LNGN0428,Toscana FSRU,2022-07-01,-0.754155660978575,-1.382845955001884,-0.2624167283207282,-0.1840836123803103,-0.32207528747754854,-0.03562687143255425
LNGN0435,Vysotsk LNG Terminal,2022-07-01,0.608947636583625,0.383233957407046,0.8746489379653041,0.18978837730670853,-0.1579624328753709,0.5396931870515398
LNGN0441,Wheatstone LNG Terminal,2022-07-01,0.9779492628588013,0.43933071572694365,1.6667613000983823,1.0679630361461547,0.9057212072032496,1.245193009441351
LNGN0452,Yamal LNG Terminal,2022-07-01,1.658527842872251,1.327471959760053,2.150603449825794,1.307841913797371,1.154641539752976,1.465766903477209
LNGN0460,Yokkaichi Works LNG Terminal,2022-07-01,0.23142036964789933,-0.22794906165441836,0.8604555263946623,-0.3353764669173578,-0.4311858370609319,-0.25040204754970685
LNGN0463,Yung-An LNG Terminal,2022-07-01,0.2438927630070073,-0.043496114617305966,0.7241447913063711,0.17090047688603355,0.041203713411675384,0.3054252817110302
LNGN0464,Zeebrugge LNG Terminal,2022-07-01,-0.39558991646793856,-0.7928835763193071,-0.12924716727711724,0.16277277613654847,0.029920570316717257,0.29859443533286495
LNGN0473,Zhuhai LNG Terminal,2022-07-01,-0.7696186804772418,-1.452465026186471,-0.31086970939717423,-0.15346620252981652,-0.2698832624873855,-0.03508326563084611
LNGN0474,Świnoujście Polskie LNG Terminal,2022-07-01,0.11953382161902665,-0.43187255041282474,0.8101836348233615,-0.056661218011546985,-0.17404544294345803,0.06521168020730918
LNGN0008,Al Zour LNG Import Terminal,2022-08-01,0.7762842787365747,0.04662801725459367,1.6667696762558863,0.46198532751558974,0.30018258009613996,0.6358679724184617
LNGN0026,Arzew-Bethioua LNG Terminal,2022-08-01,0.9028751337776447,0.4970456311305844,1.477855523943497,1.1369191397580898,0.9509587827610403,1.3266651867794008
LNGN0027,Atlantic LNG Terminal,2022-08-01,1.3993085017612796,1.192951727183102,1.758201501649772,0.9412821451290546,0.7996928824445939,1.074751047290203
LNGN0035,Barcelona LNG Terminal,2022-08-01,0.5492817161649179,-0.19264578241723593,1.4495128917742162,0.2211338882883237,-0.05788554764670097,0.48328625365528993
LNGN0037,Bilbao LNG Terminal,2022-08-01,0.5827760278892405,-0.13129808779839872,1.5065414790786225,-0.134316911646679,-0.20914332051850612,-0.05568766699729398
LNGN0040,Boryeong LNG Terminal,2022-08-01,-0.7482246622036612,-1.3702803059052384,-0.2634848066461485,0.27829607271445816,0.18713938461554913,0.38343719249569513
LNGN0050,Calcasieu Pass LNG Terminal,2022-08-01,1.676314394671422,1.309924178077478,2.1925643652233204,1.1641918852883861,0.988581308348776,1.3525173505876924
LNGN0052,Cameroon FLNG Terminal,2022-08-01,-0.8255581793777492,-1.3688387265357997,-0.44293622550182576,0.7019783252155646,0.5035626306247414,0.9048929066454687
LNGN0056,Cartagena LNG Terminal (Spain),2022-08-01,-0.7384217627103541,-1.4273503627030908,-0.244210946178479,0.100215691286371,-0.02623811585740813,0.21826386953569132
LNGN0070,Corpus Christi LNG Terminal,2022-08-01,1.464421321141759,0.8769941382782636,2.241694940901278,1.3017137773165184,1.1617250673335127,1.4581606747062168
LNGN0083,Damietta SEGAS LNG Terminal,2022-08-01,0.12944066603448734,-0.4419395203073171,0.8608342140388886,0.9141018735185378,0.8013055070823943,1.023792382260062
LNGN0085,Das Island LNG Terminal,2022-08-01,0.5349793002533604,-0.060934571375405054,1.255109268015481,0.9070495058232514,0.672972419288665,1.1165219051352075
LNGN0097,Dunkirk LNG Terminal,2022-08-01,0.4905801331997402,-0.20128180533146994,1.3293729449070357,0.15326429460867227,0.01472073881119353,0.29850634750108185
LNGN0121,Fos Tonkin LNG Terminal,2022-08-01,0.9735731870448069,0.1372427890182402,1.9802681791188579,-0.4851067933834089,-0.7100908874974682,-0.2814888241146704
LNGN0130,GasPort FSRU,2022-08-01,-0.1946478734049648,-0.3697942976556998,0.1258676554870709,-0.15263619854495217,-0.3658182149103533,0.06773976488776694
LNGN0132,Gate LNG Terminal,2022-08-01,1.1900151883567438,0.5789837013167052,1.9628886689810263,0.23225973033110076,0.14105280504589937,0.32780970902191814
LNGN0142,Gorgon LNG Terminal,2022-08-01,2.0967624536085436,1.6865418126375082,2.3623358763555973,1.1291246015424243,0.9673652109854353,1.297409291665038
LNGN0163,Hainan Shennan LNG Storage Facility,2022-08-01,0.2296504684278744,-0.20580260913844503,0.8082729368005185,-0.6479933286475038,-0.8420059536463596,-0.4365889835123789
LNGN0166,Hammerfest LNG Snohvit Terminal,2022-08-01,0.22558818465328567,-0.059180593420345276,0.6427836970466047,0.6536343044883078,0.47849509413913216,0.8228041302887102
LNGN0168,Hazira LNG Terminal,2022-08-01,0.21546958241733752,-0.101396690298432,0.6943141015763171,-0.08590322574025333,-0.17171484334937873,0.005192180925584315
LNGN0173,Himeji LNG Terminal,2022-08-01,0.11828872904747677,-0.3830723717683778,0.7876748818193724,-0.03702250019212602,-0.24066340587607465,0.14357938213485338
LNGN0178,Huelva LNG Terminal,2022-08-01,0.22519766341356354,-0.2509641045009334,0.8850734802136329,0.10627015251876626,-0.02882039701790086,0.2320512035680046
LNGN0181,Incheon LNG Terminal,2022-08-01,0.6545571616111281,-0.1763443476094084,1.6949165293059638,0.7984759702182127,0.6260930142171811,0.967001855352988
LNGN0195,Jieyang LNG Terminal (PipeChina),2022-08-01,-0.03148676373505926,-0.38599372571897184,0.4875729575436594,-0.2504888737129065,-0.3975310268560432,-0.09270512421045038
LNGN0207,Klaipeda FSRU,2022-08-01,-0.522762952708915,-1.4263912771433207,0.19522272160219564,-0.216977539839229,-0.3570592115521636,-0.06831318268801313
LNGN0232,Marmara LNG Terminal,2022-08-01,-0.5881249919861566,-1.40375298236628,0.04071214371940661,-0.08571708111641037,-0.1561733544331938,-0.017166300382575092
LNGN0244,Montoir LNG Terminal,2022-08-01,0.4054343965652644,-0.11070236224967522,1.1321802701984285,0.05816660054168277,-0.12293561604873578,0.22534693869199535
LNGN0261,Nigeria LNG Terminal,2022-08-01,1.1775780321583673,0.44405968096059995,2.0402173406549227,1.3581755978874253,1.230011599805596,1.480363400710048
LNGN0270,Ohgishima LNG Terminal,2022-08-01,0.5809174390137731,-0.11871478659819912,1.4455048474956147,0.1814635808907767,0.1033312678205654,0.2558845349877602
LNGN0274,Oman Qalhat LNG Terminal,2022-08-01,0.8070126411022133,0.016323579570951773,1.7604080042452184,1.13486339614386,1.028984019077603,1.2346208487647767
LNGN0297,Pluto LNG Terminal,2022-08-01,2.0794543862060992,1.741970225502272,2.2727347677887795,0.8841784566494095,0.7387228659199324,1.041994519638016
LNGN0312,Punta Europa LNG Terminal,2022-08-01,-0.5866387817623705,-1.3386761503846922,0.037929016437062035,0.6936255382648024,0.5419842856861513,0.8398029993637033
LNGN0314,Pyeongtaek LNG Terminal,2022-08-01,-0.7155008415158975,-1.3483369408603045,-0.22241518505131047,0.7023161696479665,0.47152262131962813,0.9231054515009328
LNGN0319,Qidong LNG Terminal,2022-08-01,-0.7549466252645748,-1.3906576064350695,-0.2851308434311468,0.0436401482957325,-0.0751370203022234,0.1702508751356148
LNGN0322,Queensland Curtis LNG Terminal,2022-08-01,-0.8269029216125307,-1.3635298976334973,-0.45119110776500015,0.9505156874113074,0.7879348893776181,1.1072484152318165
LNGN0328,Rasgas LNG Terminal 3,2022-08-01,4.8991731045262865,2.0409818648803766,7.721404975929632,1.286096591388702,1.1803212964774092,1.3965305603426248
LNGN0331,Revithoussa LNG Terminal,2022-08-01,0.1463076503690706,-0.3827325737422959,0.7956864802233958,-0.04626037094798626,-0.10486116513493972,0.007269492765180491
LNGN0345,Sabine Pass LNG Terminal,2022-08-01,2.6694425365917067,1.931613191080997,3.264339111793408,1.4997586336074387,1.3735131567678838,1.6332749484621458
LNGN0347,Sagunto LNG Terminal,2022-08-01,1.0193561061364151,0.5456492275550091,1.6076002318028773,0.03406199922612309,-0.03242628048120828,0.10744180901672186
LNGN0354,Samcheok LNG Terminal,2022-08-01,0.15841533597454188,-0.35403430915634804,0.8063247957384113,0.2787849819914736,0.1894706138694454,0.3756243514747627
LNGN0359,Senboku 2 LNG Terminal,2022-08-01,0.15439552378525728,-0.35599817371017856,0.8581485102578772,0.15699592735701542,-0.06151464388244373,0.36245303503573145
LNGN0374,Sines LNG Terminal,2022-08-01,0.7325115378138237,-0.09450845219660832,1.7147337006049164,-0.024133392229150213,-0.08996447097684249,0.04537279719274729
LNGN0378,Skikda LNG Terminal,2022-08-01,0.6439401541602471,0.006154331078702787,1.4713150210437833,0.6253687420817947,0.3724473572940996,0.88208968941135
LNGN0381,Sodegaura LNG Terminal,2022-08-01,0.8214573932967633,0.14487546455140904,1.6383184382543887,0.5791014018592889,0.2852683098421846,0.860390541318851
LNGN0385,South Hook LNG Terminal,2022-08-01,-0.24680324307389345,-0.533878619970507,-0.02402262317551789,0.2930376309366304,0.2192786224183999,0.3678355809361416
LNGN0398,Taichung LNG Terminal,2022-08-01,0.30874197683998045,-0.3368285597727588,1.133627704639384,-0.02196060257892576,-0.10367563235714217,0.06885060763515172
LNGN0421,Tianjin LNG Terminal (Sinopec),2022-08-01,-0.7683499861123971,-1.392502346121393,-0.3154212258984058,0.2440330705206388,0.12247258629166752,0.37745541112923564
LNGN0423,Tiga Malaysia LNG Terminal,2022-08-01,-0.8415108229498804,-1.3829649146953316,-0.45381710082230214,0.95157687468184,0.8342991842248821,1.0727120547818056
LNGN0426,Tongyoung LNG Terminal,2022-08-01,1.2319292418882553,0.9560949941035604,1.432672752447414,0.574151769246769,0.4497577220664156,0.6895240717670879
LNGN0427,Tornio Manga LNG Terminal,2022-08-01,-0.5538661988184597,-1.4244190370190202,0.14859912727987248,-0.7240463505970027,-1.0037314720813508,-0.4140242868638613
LNGN0428,Toscana FSRU,2022-08-01,-0.6752880392831568,-1.421475783386772,-0.13353300416957345,-0.2612228713750326,-0.42926077809494867,-0.10072729167077589
LNGN0435,Vysotsk LNG Terminal,2022-08-01,0.26385527018102867,-0.10887690564249788,0.7567221632218192,0.2205965807635372,-0.12326301438563973,0.5558570335506461
LNGN0441,Wheatstone LNG Terminal,2022-08-01,1.1400814717268217,0.5816249827098225,1.865366147391367,1.0872743804431024,0.9241351880373867,1.2627761630479
LNGN0452,Yamal LNG Terminal,2022-08-01,1.395041680933529,0.9511403184345151,1.9941132053642148,1.2688578561389965,1.1222358033397246,1.4229534377229969
LNGN0460,Yokkaichi Works LNG Terminal,2022-08-01,0.4996051271301615,-0.18646681316879804,1.3731319159892117,-0.27332460833770206,-0.40270157215475366,-0.15014144048073885
LNGN0463,Yung-An LNG Terminal,2022-08-01,0.2414580043428237,-0.18479438968914075,0.8422059807679138,0.2005878410591095,0.057323121763301614,0.33187959354698854
LNGN0464,Zeebrugge LNG Terminal,2022-08-01,0.2959778418632933,-0.0828060363157906,0.810484055635977,0.2207845345649867,0.05520364496770246,0.37347925646862123
LNGN0473,Zhuhai LNG Terminal,2022-08-01,-0.7552422809127188,-1.3868937642940453,-0.27800369544145626,-0.13807988923933237,-0.25717576584090146,-0.011115754008262266
LNGN0474,Świnoujście Polskie LNG Terminal,2022-08-01,-0.02019168350287706,-0.3992396136821286,0.5181326086668415,-0.04054944291437719,-0.15738848833347238,0.08536401382572947
LNGN0008,Al Zour LNG Import Terminal,2022-09-01,-0.040651173201009326,-0.3799146606113148,0.423809790325595,0.4776418027904716,0.32543099067493103,0.6351081918799865
LNGN0026,Arzew-Bethioua LNG Terminal,2022-09-01,1.1340525956648717,0.752542604364664,1.701137501938064,1.1914452277850582,0.9838235381215873,1.394123271922427
LNGN0027,Atlantic LNG Terminal,2022-09-01,0.9001965615954286,0.20309500443024928,1.7521815518453399,0.9009026696233244,0.7571301444380677,1.036260548054451
LNGN0037,Bilbao LNG Terminal,2022-09-01,0.5106769033950017,-0.24579426256508982,1.447730138245641,-0.14317322989430242,-0.22032029795465702,-0.061462409787542076
LNGN0040,Boryeong LNG Terminal,2022-09-01,0.8192128562343143,0.4522657055961886,1.3400489224766534,0.21413054192781955,0.09535318481264124,0.3410892521447499
LNGN0050,Calcasieu Pass LNG Terminal,2022-09-01,1.7312849497712202,1.3624061865125778,2.246118111606187,1.1371881759979408,0.9691705672633628,1.3149207002880208
LNGN0052,Cameroon FLNG Terminal,2022-09-01,-0.8548200209291518,-1.3975424937695018,-0.49499311092996,0.7058911043330125,0.5151519695916033,0.9062563339095527
LNGN0056,Cartagena LNG Terminal (Spain),2022-09-01,0.18076665043944407,-0.30335532850480584,0.8250655596724092,0.1205267080531141,-0.016246269741532336,0.2413805256062454
LNGN0070,Corpus Christi LNG Terminal,2022-09-01,2.073781123348128,1.6852583538308898,2.3235694071982405,1.310536601861913,1.1752242818310301,1.4641708942601952
LNGN0083,Damietta SEGAS LNG Terminal,2022-09-01,0.45285886975210854,-0.38786761227182126,1.4823829694952857,0.8493436834941696,0.7413860764026874,0.9555643412655935
LNGN0085,Das Island LNG Terminal,2022-09-01,0.9188072047670113,0.11127308627963096,1.8993335355066585,0.7368469985439678,0.5173840651049346,0.9377619487079769
LNGN0097,Dunkirk LNG Terminal,2022-09-01,0.9647243114784051,0.30623384491360534,1.7810095829969002,0.20598974187781127,0.09675778833432516,0.32733363625964806
LNGN0121,Fos Tonkin LNG Terminal,2022-09-01,0.7266054327124783,0.3578306202434513,1.2604999239764398,-0.4724692171570887,-0.7026205008079972,-0.26184649971560126
LNGN0130,GasPort FSRU,2022-09-01,-0.09928456884196793,-0.3699987463319879,0.30627909694492245,-0.08296465855201268,-0.2466322603872089,0.0833379929557636
LNGN0132,Gate LNG Terminal,2022-09-01,1.7030246888347589,1.3273262103545553,1.9006863444083575,0.24452010953220138,0.1639579890014471,0.33455581461509715
LNGN0142,Gorgon LNG Terminal,2022-09-01,2.12030217729089,1.6586583209148429,2.421081723016598,1.2853031382369458,1.1392070012313715,1.439400509920174
LNGN0144,Grain LNG Terminal,2022-09-01,0.854842559264107,0.1435189273326178,1.7449544641841241,0.30876618247486964,0.24959491409145865,0.36818615896026863
LNGN0163,Hainan Shennan LNG Storage Facility,2022-09-01,-0.7715253660010643,-1.4321741491723106,-0.2752299253962387,-0.7252938878562654,-0.9458904426550793,-0.5087941648424923
LNGN0166,Hammerfest LNG Snohvit Terminal,2022-09-01,1.0225513713183365,0.39227213786146886,1.8044878639427075,0.715141295828118,0.5535984926307486,0.8769831905445079
LNGN0168,Hazira LNG Terminal,2022-09-01,0.13195110719613107,-0.4351640647078404,0.8552564779870531,-0.12070033921029433,-0.23701077480679053,0.0014988721624386065
LNGN0173,Himeji LNG Terminal,2022-09-01,-0.7587638886125818,-1.3636670189022422,-0.28670694388413476,-0.0031583032120633026,-0.22586573302283067,0.2021121245211565
LNGN0178,Huelva LNG Terminal,2022-09-01,-0.7703601609699243,-1.378320616642083,-0.30886869196766703,0.04580732860461189,-0.08404116704588116,0.16186057497060977
LNGN0181,Incheon LNG Terminal,2022-09-01,1.3207978072091489,0.8984527215142324,1.8529832685895373,0.8166890016920133,0.6323946318005962,0.9952122910332529
LNGN0195,Jieyang LNG Terminal (PipeChina),2022-09-01,0.39705434578690973,-0.23754661276091935,1.1745486908616096,-0.3994332980794146,-0.5914888700670998,-0.21448928433023612
LNGN0207,Klaipeda FSRU,2022-09-01,-0.6806443426836487,-1.356393191609738,-0.1382511066963765,-0.26287725098940873,-0.431399838872855,-0.09149873136312114
LNGN0232,Marmara LNG Terminal,2022-09-01,0.7304890998354078,0.16780941098673746,1.4955740571118463,-0.07175528515930636,-0.14775631096913183,-0.0010992826654410582
LNGN0244,Montoir LNG Terminal,2022-09-01,-0.7488350077032363,-1.3435089870514982,-0.2710435138067775,0.07712787107293252,-0.11456252108263966,0.252596505858864
LNGN0261,Nigeria LNG Terminal,2022-09-01,1.4340759767051725,1.0417738060801007,1.9758053545840861,1.3641971294721436,1.2350777269928643,1.4891254245279697
LNGN0270,Ohgishima LNG Terminal,2022-09-01,0.18660566423494865,-0.2969504851453398,0.7995924668473711,0.19532184482609816,0.10481748282519507,0.2765728285379185
LNGN0274,Oman Qalhat LNG Terminal,2022-09-01,-0.5782030804709308,-1.3293381809783384,0.03719707976876954,1.0733281676069646,0.9674731009770816,1.166036838949031
LNGN0297,Pluto LNG Terminal,2022-09-01,1.835550089637225,1.5021351925247484,2.068259310548574,0.8938558945163665,0.7513945347485992,1.0489494936600319
LNGN0312,Punta Europa LNG Terminal,2022-09-01,-0.7999164071751788,-1.3563462535839463,-0.39773579877892723,0.8550321256129507,0.7404941789674598,0.9797854694440015
LNGN0314,Pyeongtaek LNG Terminal,2022-09-01,0.4618119755025278,-0.336405393654285,1.4373399854936213,0.7318666681150138,0.4769152648685713,0.9628372481724711
LNGN0319,Qidong LNG Terminal,2022-09-01,-0.7531459588274083,-1.3923060558146665,-0.2735129717954938,-0.00023609346961363334,-0.11860008715030226,0.1305104858568704
LNGN0322,Queensland Curtis LNG Terminal,2022-09-01,0.2162063802472132,-0.2817424835437892,0.8896226034014154,0.980718378052088,0.8328105190163596,1.122381904996476
LNGN0324,Quintero LNG Terminal,2022-09-01,-0.7009349465892935,-1.405081598830346,-0.1664158163504354,-0.06736177385891685,-0.14741933807687985,0.02220882267644849
LNGN0328,Rasgas LNG Terminal 3,2022-09-01,3.840351851945305,1.9065648668196555,5.660768243715209,1.1030125107326254,0.9765825711325403,1.225941456288687
LNGN0331,Revithoussa LNG Terminal,2022-09-01,-0.738205748246178,-1.3961851444497886,-0.2393291186810579,-0.009646717751631461,-0.08685302956926211,0.05672553093280826
LNGN0345,Sabine Pass LNG Terminal,2022-09-01,1.6463090384281303,1.355264198335384,2.066965632574531,1.4556304240812934,1.3391770548821482,1.5844313932777738
LNGN0347,Sagunto LNG Terminal,2022-09-01,-0.6950568185049601,-1.3877962364045298,-0.16903200779311578,0.03999593091208714,-0.023515326466807453,0.11011844865703747
LNGN0354,Samcheok LNG Terminal,2022-09-01,-0.7569283292677905,-1.3643859189425083,-0.27659878392003434,0.3084200316179315,0.2365643001917499,0.3968137815641209
LNGN0359,Senboku 2 LNG Terminal,2022-09-01,-0.6675913341790831,-1.3531441302585725,-0.12478035138271999,0.14901756637127586,-0.07080315971424839,0.34746415056417046
LNGN0363,Shandong LNG Terminal,2022-09-01,0.40691757205584317,0.09231127836448251,0.9060842657938161,0.29475603219627095,0.2227223632600426,0.38443456401248144
LNGN0374,Sines LNG Terminal,2022-09-01,0.15605706799387822,-0.2793396328664009,0.796101563618567,-0.013782422285322499,-0.07290137022922209,0.050355634705059105
LNGN0378,Skikda LNG Terminal,2022-09-01,-0.8094030277339427,-1.4147038446820452,-0.37509501366665465,0.7729206825082717,0.5715206328720319,0.9873923272506421
LNGN0381,Sodegaura LNG Terminal,2022-09-01,0.8154605560724376,0.037204439222429844,1.7531809842762018,0.5850161447161284,0.2917116526312035,0.8658153506786254
LNGN0385,South Hook LNG Terminal,2022-09-01,0.11003620139855902,-0.4299169527552665,0.8044077013654132,0.2385271341095525,0.16051400150959458,0.32052627523404736
LNGN0398,Taichung LNG Terminal,2022-09-01,-0.7726091403747093,-1.4039621165704972,-0.29994780606739363,0.007058972431918398,-0.06459666860996278,0.08605419994377426
LNGN0421,Tianjin LNG Terminal (Sinopec),2022-09-01,-0.0057510842481633025,-0.37568599105155664,0.5242142075872402,0.25799486647774217,0.1495734291965333,0.3806223584842042
LNGN0423,Tiga Malaysia LNG Terminal,2022-09-01,0.674684736704817,0.48552584542412885,0.9844229075100903,0.9768771349379951,0.8723124854158768,1.0885776462273693
LNGN0425,Tobata LNG Terminal,2022-09-01,-0.5563709595143519,-1.3801894684772607,0.11800549976040862,-0.23618895914790622,-0.4584700243699092,-0.0358254526400654
LNGN0426,Tongyoung LNG Terminal,2022-09-01,0.21063741055884908,-0.2505250991149158,0.8439639713272316,0.5299399973093216,0.4333693292917737,0.6252633980785558
LNGN0427,Tornio Manga LNG Terminal,2022-09-01,-0.6824854011879831,-1.3753916749947024,-0.12151500057653292,-0.7100845546398982,-0.9860089910617267,-0.4039628871428704
LNGN0428,Toscana FSRU,2022-09-01,-0.41506587740682765,-1.4200629872604726,0.3832539215463084,-0.26711997742448024,-0.4285097978512158,-0.10851790499787306
LNGN0435,Vysotsk LNG Terminal,2022-09-01,0.8764901696977769,0.4769251168791916,1.4810579370408072,0.242855830231563,-0.08199397076729129,0.5684124606256891
LNGN0441,Wheatstone LNG Terminal,2022-09-01,0.8013314063986074,0.3016420473192757,1.4797135252631781,1.0985753791730883,0.9431343849729126,1.260105575452923
LNGN0452,Yamal LNG Terminal,2022-09-01,1.837352500622191,1.6291777174973574,2.1549852854506586,1.2574874007330734,1.1029901976984857,1.4135026790129617
LNGN0453,Yanai LNG Terminal,2022-09-01,-0.756500540472169,-1.4494601793154804,-0.27585942338708097,-0.29107666512095687,-0.3996220532544983,-0.190573654006881
LNGN0463,Yung-An LNG Terminal,2022-09-01,0.8406731875091045,0.23970795579533422,1.625058596687492,0.03783098875814767,-0.06661776059767724,0.1344286435450787
LNGN0464,Zeebrugge LNG Terminal,2022-09-01,0.41928418375640175,0.06766752001213137,0.934105882499067,0.20829998832367325,0.05101603929264539,0.34863651308523735
LNGN0473,Zhuhai LNG Terminal,2022-09-01,-0.7879862802260824,-1.4642547666861834,-0.3206617842910683,-0.270747552538036,-0.42440352271566545,-0.1171347676958272
LNGN0474,Świnoujście Polskie LNG Terminal,2022-09-01,0.32158416263149586,-0.33900758741184606,1.157726383404051,-0.023923058757421872,-0.13243995215652457,0.09191263258751729
LNGN0008,Al Zour LNG Import Terminal,2022-10-01,0.6761836388479356,-0.2069850435524473,1.6846015804320804,0.45618226951695506,0.296249337344739,0.6087030782591291
LNGN0026,Arzew-Bethioua LNG Terminal,2022-10-01,1.0026183933103483,0.16583966455517754,2.0512645997811165,1.1859348448632583,0.9665828030947691,1.3925441942446835
LNGN0027,Atlantic LNG Terminal,2022-10-01,-0.6275070950004976,-1.3934882194187803,-0.028741175499983698,0.9053745759015918,0.7424588301857303,1.0472780520218294
LNGN0037,Bilbao LNG Terminal,2022-10-01,0.042524506078646794,-0.4495399896306039,0.672333489014933,-0.0884107634769419,-0.13606707028843404,-0.035485782983886015
LNGN0040,Boryeong LNG Terminal,2022-10-01,-0.784444535765938,-1.4171331189290692,-0.32761066288018476,0.27172327897622117,0.18833315759399183,0.36524458039517604
LNGN0050,Calcasieu Pass LNG Terminal,2022-10-01,2.157685636800412,1.7975080890468238,2.360506605712844,1.2051252599153295,1.0573696307047369,1.367491259271336
LNGN0052,Cameroon FLNG Terminal,2022-10-01,-0.86908352794752,-1.4010010781990012,-0.523827558641795,0.7262096423868086,0.5576678287195442,0.9079955671783216
LNGN0056,Cartagena LNG Terminal (Spain),2022-10-01,0.5688642956897194,-0.0015975148467181949,1.2762258620121274,0.11380682321119838,-0.031990959739135696,0.24311708485265326
LNGN0070,Corpus Christi LNG Terminal,2022-10-01,1.8037057437149537,1.5328933858962357,2.2022285079108443,1.3166589776681,1.1952158754825677,1.4558055678992239
LNGN0083,Damietta SEGAS LNG Terminal,2022-10-01,0.17110083649870547,-0.20798566094698753,0.6835879042928875,0.8462279014495966,0.7432474834307915,0.9402281376911424
LNGN0085,Das Island LNG Terminal,2022-10-01,0.6461661633973929,-0.2877617241274491,1.749108745565629,0.7780387205526791,0.524221634698446,1.0250371740597335
LNGN0097,Dunkirk LNG Terminal,2022-10-01,0.41530791199166994,-0.4255764128873169,1.4175387225052352,0.1928979221507859,0.08716053681813804,0.30188042927593756
LNGN0098,Dörtyol FSRU,2022-10-01,-0.7758792551179603,-1.4119010759447324,-0.3332188059588721,0.14868205528018705,0.04279319336928657,0.25879916415129256
LNGN0103,Elba Island LNG Terminal,2022-10-01,-0.6327332529214226,-1.396701768881009,-0.05228554965971451,0.6400808362270646,0.44641347932573583,0.8310318032677074
LNGN0108,Ennore LNG Terminal,2022-10-01,-0.7874446119318746,-1.4225034525760263,-0.33986746778519716,0.050461344421001524,-0.06325573339925103,0.17080888557397453
LNGN0121,Fos Tonkin LNG Terminal,2022-10-01,1.075604391140193,0.3194560626921028,1.9575363193899369,-0.47317214336222035,-0.7135242977043281,-0.2512326380320893
LNGN0130,GasPort FSRU,2022-10-01,-0.7874334605129594,-1.405907145350831,-0.3265125954142236,-0.05681327851654623,-0.19690683058413647,0.08425546923395154
LNGN0132,Gate LNG Terminal,2022-10-01,1.3461400976476368,0.7860698268275023,2.0465036383047503,0.24722299589975444,0.17794176771993545,0.3171778288863104
LNGN0142,Gorgon LNG Terminal,2022-10-01,1.2102634462567132,0.38305334238884925,2.2561714361029885,1.1465389940683062,0.9986955609672995,1.283806067923181
LNGN0144,Grain LNG Terminal,2022-10-01,0.533412576005831,-0.2588561886387443,1.4938800313289415,0.3209558542985073,0.25291194328912836,0.38841924317456095
LNGN0166,Hammerfest LNG Snohvit Terminal,2022-10-01,0.7762284431666605,0.02372804654291389,1.7151289110396772,0.7303160426901069,0.5894990153277186,0.8734755661110476
LNGN0168,Hazira LNG Terminal,2022-10-01,0.48395193646907547,-0.27900049380095965,1.448757533850935,-0.009944800903145522,-0.06590866294199377,0.05079836547142157
LNGN0178,Huelva LNG Terminal,2022-10-01,0.10231293958013868,-0.489292440602935,0.8662198256992474,0.13733230566039528,-0.02621505974207536,0.28786602153678836
LNGN0181,Incheon LNG Terminal,2022-10-01,0.05754062178572159,-0.2989665681736965,0.5713039899802399,0.8295306286656648,0.6235741152718796,1.0233303605592712
LNGN0186,Izmir Aliaga LNG Terminal,2022-10-01,-0.8078507121001387,-1.3906769522096294,-0.39294279625022865,0.022669034082990723,-0.084782454306211,0.1301939952907182
LNGN0195,Jieyang LNG Terminal (PipeChina),2022-10-01,0.5808712094413405,-0.08350311019856932,1.3828813817413914,-0.25628203200244304,-0.39819199120163123,-0.11254599692083803
LNGN0207,Klaipeda FSRU,2022-10-01,-0.8064531204301415,-1.4408403374006997,-0.3629832915728397,-0.25408102431723334,-0.41118671210871116,-0.09452948875445807
LNGN0232,Marmara LNG Terminal,2022-10-01,0.14505257880712327,-0.29048585162185264,0.7270641510651755,-0.02810807534838756,-0.11881996712992668,0.05729912525431528
LNGN0244,Montoir LNG Terminal,2022-10-01,-0.2072542000250933,-0.4648320540154691,0.03496706682995888,0.07102428574399998,-0.1379211310704064,0.2575267822543231
LNGN0248,Mugardos LNG Terminal,2022-10-01,-0.7862250933099123,-1.3581459748799554,-0.33081969513446263,-0.3257250684342678,-0.4300766459266291,-0.2166481891572748
LNGN0261,Nigeria LNG Terminal,2022-10-01,1.742116362399357,1.4501699840933622,2.1549856429144727,1.3695917919402818,1.2266696410147373,1.506334856522761
LNGN0270,Ohgishima LNG Terminal,2022-10-01,0.542459819499458,-0.1422874113808068,1.3985922632579555,0.2110638668186791,0.10617872710619497,0.31138403092448486
LNGN0274,Oman Qalhat LNG Terminal,2022-10-01,0.13874668604884957,-0.41645956761813785,0.8688030555995543,1.1760376215918362,1.0401145693469913,1.291717473433483
LNGN0293,Pinghu LNG Terminal,2022-10-01,-0.46132735972229216,-1.4066109503807365,0.3164185998662558,-0.47967228667442074,-0.7004591155727271,-0.251300161079597
LNGN0297,Pluto LNG Terminal,2022-10-01,1.5526273011429927,1.3231421196028557,1.9263913969859938,0.9036553391388297,0.7746149867283422,1.0388895859358016
LNGN0312,Punta Europa LNG Terminal,2022-10-01,0.3352009360002359,-0.036472809050521374,0.8748656099746893,0.7979629237213491,0.6758319731760398,0.9163760817865413
LNGN0314,Pyeongtaek LNG Terminal,2022-10-01,0.2737252264301394,-0.0841704778530089,0.792250623020262,0.7098546773189144,0.4686591836561305,0.9427766933210271
LNGN0319,Qidong LNG Terminal,2022-10-01,-0.20502859440476776,-0.40014901315727525,0.13459422209850055,0.0663981709250122,-0.03581363120143798,0.1693370812584651
LNGN0322,Queensland Curtis LNG Terminal,2022-10-01,0.08241712788389077,-0.5427381077534023,0.8647060660321698,0.9883295739077463,0.8573722511552635,1.1189516728843276
LNGN0324,Quintero LNG Terminal,2022-10-01,-0.6390792113187383,-1.3783377624945747,-0.037288718599983534,-0.39388497424526053,-0.585450454797736,-0.19872523910646894
LNGN0328,Rasgas LNG Terminal 3,2022-10-01,4.812271475989077,2.0138141619584244,7.5151028693233,1.1146635860009855,0.9976095573653979,1.2264615675824344
LNGN0331,Revithoussa LNG Terminal,2022-10-01,-0.747546559638639,-1.4171517748918032,-0.2568214405679225,-0.11694254447375689,-0.19738119465594162,-0.03326532686679529
LNGN0345,Sabine Pass LNG Terminal,2022-10-01,2.5402686410492357,1.8656122902918382,3.0493483957054366,1.5109238348479856,1.3991307156213506,1.6249069102441653
LNGN0347,Sagunto LNG Terminal,2022-10-01,-0.7442152471797673,-1.3616484402527693,-0.26455932831488455,0.042937802264832674,-0.014533634354746954,0.10208446434069221
LNGN0359,Senboku 2 LNG Terminal,2022-10-01,-0.7721973806758188,-1.387881651929334,-0.3296343449816275,0.15628774855841523,-0.08126826745739467,0.37412798779789247
LNGN0363,Shandong LNG Terminal,2022-10-01,-0.79388455605655,-1.408761951632562,-0.37145021011651447,0.23444171793890178,0.14816634074725812,0.3229215846252083
LNGN0374,Sines LNG Terminal,2022-10-01,0.11170144515459969,-0.3667914896166759,0.7362367488284565,-0.002829175908598955,-0.054003340179745174,0.05340554130371841
LNGN0378,Skikda LNG Terminal,2022-10-01,0.08240998294433947,-0.11466058754956673,0.43077455052111335,0.5243439106821736,0.24872693399250084,0.8035492746101016
LNGN0381,Sodegaura LNG Terminal,2022-10-01,1.182760353654422,0.4754518032167349,2.0786353538309714,0.6045840268694133,0.29288118962886606,0.8990822720426745
LNGN0385,South Hook LNG Terminal,2022-10-01,0.5905081808862193,-0.19245286925498023,1.5334023656738658,0.30643683489233586,0.2541855181651025,0.3671217631746996
LNGN0398,Taichung LNG Terminal,2022-10-01,-0.7981915900695831,-1.378471597036933,-0.3686048138466494,-0.007390488807634559,-0.07468936931352664,0.06627001497770223
LNGN0421,Tianjin LNG Terminal (Sinopec),2022-10-01,0.0708719304426777,-0.48947002429484215,0.7880607361885079,0.28062173046111183,0.18748740511403916,0.3851863483221214
LNGN0423,Tiga Malaysia LNG Terminal,2022-10-01,-0.6209700647284928,-1.3562499694899675,-0.042254623230396214,0.9720788504194834,0.8709614487174598,1.0770921956395527
LNGN0425,Tobata LNG Terminal,2022-10-01,-0.7791382819079541,-1.373184853376324,-0.3235247438215507,-0.16551565678022945,-0.3616121240832518,0.02008819325013947
LNGN0426,Tongyoung LNG Terminal,2022-10-01,0.10776159069263343,-0.16224900052140978,0.5828363022769348,0.5450435258538583,0.43347414862646283,0.6595356565783121
LNGN0427,Tornio Manga LNG Terminal,2022-10-01,-0.5931899653151954,-1.389688713638346,0.06290356312940554,-0.701288327967723,-0.9723239768759765,-0.4136478669225802
LNGN0435,Vysotsk LNG Terminal,2022-10-01,0.4602476143660279,0.2607888195983321,0.7498790413105092,0.2727893747134162,-0.03335915799913858,0.5810945969753634
LNGN0441,Wheatstone LNG Terminal,2022-10-01,0.9230001587101813,0.24463059174047694,1.7462941220443577,1.1066352812659448,0.9713271453548844,1.255376305873955
LNGN0452,Yamal LNG Terminal,2022-10-01,1.4156548172763601,1.102200571496142,1.916578160496329,1.3728683314444796,1.2518877820917487,1.5028304257455638
LNGN0463,Yung-An LNG Terminal,2022-10-01,0.9561512330061908,0.15403128491730156,1.897183024094267,0.18176713110716214,0.034182068525290224,0.3108597437651233
LNGN0464,Zeebrugge LNG Terminal,2022-10-01,0.5557729064706581,-0.03410901044811617,1.3114074977707142,0.22769934050360083,0.05081577830629835,0.38710153903363637
LNGN0472,Zhoushan LNG Terminal,2022-10-01,-0.8137693086253515,-1.4144048664689335,-0.3971966740490978,-0.034523157445545676,-0.17049489475728893,0.10044586234021116
LNGN0474,Świnoujście Polskie LNG Terminal,2022-10-01,0.07476557576964318,-0.48582518812534453,0.7875253702254651,-0.018153260900080417,-0.11492153491892408,0.08801614610862935
LNGN0008,Al Zour LNG Import Terminal,2022-11-01,-0.78681753959681,-1.4056657285736198,-0.3579435147576427,0.4838824373204369,0.3666064187220227,0.6051811122095003
LNGN0026,Arzew-Bethioua LNG Terminal,2022-11-01,0.9457709962794475,0.18176065184777446,1.806095745710831,1.3846453028345396,1.076484319548225,1.6673407079155755
LNGN0027,Atlantic LNG Terminal,2022-11-01,1.0949220789184053,0.3250485956974174,2.0490666748797044,0.8366672506202814,0.6789319483507339,0.9846823233407519
LNGN0035,Barcelona LNG Terminal,2022-11-01,0.5646597985363268,-0.1494293737671684,1.453102268945236,0.24634006952211432,-0.0824445602003441,0.5568707438789774
LNGN0037,Bilbao LNG Terminal,2022-11-01,-0.7874112235698809,-1.4243682612984752,-0.3336657307960984,-0.09231089694578663,-0.14695123773565202,-0.0317346747111573
LNGN0040,Boryeong LNG Terminal,2022-11-01,-0.7304891389365509,-1.3964305309435296,-0.24922200635221595,0.2998903669994283,0.22723680162722296,0.3753075144725837
LNGN0050,Calcasieu Pass LNG Terminal,2022-11-01,1.574682266245196,1.3302825366054354,1.889417176521134,1.2112669602794048,1.0803300435289263,1.35052687103261
LNGN0052,Cameroon FLNG Terminal,2022-11-01,-0.6002321019061282,-1.3902700313781804,0.010215460923827729,0.7274833579407549,0.572577129168938,0.8950831787065259
LNGN0056,Cartagena LNG Terminal (Spain),2022-11-01,0.42704395042598264,-0.2880963840957782,1.2851183140549043,0.11561514675337428,-0.0439667882684928,0.26715713109854217
LNGN0070,Corpus Christi LNG Terminal,2022-11-01,1.8866687614201556,1.5391319121214873,2.1034387893958995,1.3228988824079069,1.2151575812236073,1.4407021382486318
LNGN0081,Dalian LNG Terminal,2022-11-01,-0.7764806238707826,-1.375937623130568,-0.3318350517785081,0.2696022298694368,0.18136479460892801,0.3513043742000155
LNGN0083,Damietta SEGAS LNG Terminal,2022-11-01,0.4692483491083381,-0.22015180418926147,1.3419274388575355,0.8462834142571151,0.7497011707271897,0.9285862425504904
LNGN0085,Das Island LNG Terminal,2022-11-01,0.1586829225294246,-0.3809981239464996,0.8764097455049795,0.9358725624546432,0.6538744679502813,1.1932360771811297
LNGN0097,Dunkirk LNG Terminal,2022-11-01,0.7502272555774887,-0.025059809857344267,1.6865330234954112,0.1926974740792708,0.09976956846438663,0.2815643735897055
LNGN0103,Elba Island LNG Terminal,2022-11-01,-0.860867351698357,-1.3805790915955265,-0.501128175930662,0.65384546989831,0.4768132246233178,0.829929538428379
LNGN0108,Ennore LNG Terminal,2022-11-01,-0.7660575483803672,-1.386706056960487,-0.2983408049548837,0.051735059974947796,-0.053773927789937934,0.15055286446512214
LNGN0121,Fos Tonkin LNG Terminal,2022-11-01,0.5357426039200894,0.153056911355175,1.098825962486623,-0.4589799110160462,-0.7262603173562736,-0.21366420183410867
LNGN0122,Fredrikstad LNG Terminal,2022-11-01,-0.44878561850204535,-1.4210064375798335,0.35951918781676856,-0.7701448980330041,-0.9748961117172862,-0.5553549161203765
LNGN0130,GasPort FSRU,2022-11-01,-0.7646241561213839,-1.3798589571699236,-0.30222647371433525,-0.1286044603617261,-0.3080281744853369,0.043480808681293864
LNGN0132,Gate LNG Terminal,2022-11-01,1.3104372669761146,0.6621457334569157,2.1111271932953324,0.2542326568801894,0.19755322775640363,0.3108583398411915
LNGN0142,Gorgon LNG Terminal,2022-11-01,1.4673115383686357,1.140100302237274,1.987798597021593,1.2975075413609725,1.1823051531655118,1.412223455832183
LNGN0144,Grain LNG Terminal,2022-11-01,0.5140382996831716,-0.029354930205942306,1.1920617744186248,0.32606895885480813,0.24017713117151465,0.40766668465249317
LNGN0166,Hammerfest LNG Snohvit Terminal,2022-11-01,0.8212007819067313,0.12388981774029133,1.6612021417460674,0.7629385314601029,0.6506241711266657,0.8733717354016871
LNGN0168,Hazira LNG Terminal,2022-11-01,0.2111045130834194,-0.16241790450865928,0.7506174874635095,-0.07676704937909493,-0.13512499074080722,-0.012313531519336424
LNGN0178,Huelva LNG Terminal,2022-11-01,-0.43427809938956147,-1.3650920685787264,0.3441970502049076,0.13140009630054805,-0.04248794886764973,0.29985815555211826
LNGN0181,Incheon LNG Terminal,2022-11-01,0.3929864427630609,-0.2655528211861056,1.2166144973527295,0.84613590338447,0.6173375176656196,1.061624150651864
LNGN0186,Izmir Aliaga LNG Terminal,2022-11-01,0.4607370072383885,-0.24679419759874682,1.358714957191616,0.09361437485241146,0.04074058513835526,0.14840531396424939
LNGN0195,Jieyang LNG Terminal (PipeChina),2022-11-01,-0.221132766799268,-0.9944987593249438,0.42903468193103844,-0.2509023197639015,-0.38429965380176173,-0.11970898439971994
LNGN0207,Klaipeda FSRU,2022-11-01,-0.6484549575515727,-1.385842472711038,-0.04958726901595636,-0.1603146499772194,-0.2653495160952967,-0.059121557551459605
LNGN0210,Krk FSRU,2022-11-01,-0.795365840450415,-1.4044494207041622,-0.3540121519949496,-0.2528704987513475,-0.41607046557611516,-0.09701589938385138
LNGN0232,Marmara LNG Terminal,2022-11-01,0.9612755126392415,0.71003932642617,1.329280170474276,-0.018927301209988295,-0.13131212972026296,0.08920626511738551
LNGN0244,Montoir LNG Terminal,2022-11-01,0.14216942644646474,-0.1727056868151452,0.6343802883062595,0.07777462943030455,-0.14705235809482006,0.2882337515053976
LNGN0248,Mugardos LNG Terminal,2022-11-01,-0.027749461105103523,-0.4381009159122143,0.4964860310393599,-0.3092803086458558,-0.39494477212069207,-0.22390961517428398
LNGN0261,Nigeria LNG Terminal,2022-11-01,1.591444244077081,1.219969674663019,2.0965874167061007,1.4462449301320164,1.2561011183338335,1.6221184739755012
LNGN0270,Ohgishima LNG Terminal,2022-11-01,0.7411610178010417,0.4167032778470528,1.2038939691059893,0.21144952837769285,0.08756330424694724,0.32592995851962897
LNGN0272,Old Harbour FSRU,2022-11-01,0.1842361714670534,-0.3175749756982063,0.8263621730497344,-0.21404163538066873,-0.4025563717111945,-0.03220217621453469
LNGN0274,Oman Qalhat LNG Terminal,2022-11-01,-0.8213274321834756,-1.3723096991428059,-0.43139431722522753,1.0846596969448739,0.959033698635996,1.1973853209169607
LNGN0278,Panigaglia LNG Terminal,2022-11-01,-0.6226731544941251,-1.3750056368437533,-0.020281700441119967,-0.4269187485878778,-0.6443385919471826,-0.22652158092389882
LNGN0297,Pluto LNG Terminal,2022-11-01,0.829006576428513,0.1260187963925824,1.6762059012361061,0.9212299267401788,0.8117756899969845,1.0324571033376029
LNGN0312,Punta Europa LNG Terminal,2022-11-01,0.3206544378579131,-0.0529588215355949,0.8939785899072719,0.8780766910419356,0.7536205338152291,0.9922509088868511
LNGN0314,Pyeongtaek LNG Terminal,2022-11-01,0.48629352176975127,0.026353733999137367,1.104215666639629,0.7108101358011201,0.4512329973873118,0.9592386508885263
LNGN0319,Qidong LNG Terminal,2022-11-01,0.08052012826128142,-0.18673098553163,0.5075611750819586,0.018797293601140394,-0.07788386276695064,0.1168247871959838
LNGN0322,Queensland Curtis LNG Terminal,2022-11-01,0.353037896238737,-0.032679489230807414,0.9314000708181152,1.0431373195244509,0.9317500733951993,1.149763146172847
LNGN0328,Rasgas LNG Terminal 3,2022-11-01,5.251217996367775,2.038666329369409,8.385621624621702,1.3136735680938763,1.2032859810013783,1.4155089640696898
LNGN0331,Revithoussa LNG Terminal,2022-11-01,-0.7639717191498367,-1.393394733526601,-0.28524690684473936,-0.0302183775122149,-0.11426836867055779,0.05556969518127507
LNGN0345,Sabine Pass LNG Terminal,2022-11-01,1.65178535179718,1.2600737089740028,2.2279752204442165,1.5205710390354499,1.417053436894133,1.6250154429066754
LNGN0347,Sagunto LNG Terminal,2022-11-01,-0.7527223846966836,-1.3675695120069535,-0.28211910881390767,0.044211517818778925,-0.00833719205782641,0.0967107847148701
LNGN0351,Sakhalin II LNG Terminal,2022-11-01,0.144743201692284,-0.43756993049952664,0.8761003366945427,0.8754349063119762,0.7045623254003125,1.0318749255548325
LNGN0359,Senboku 2 LNG Terminal,2022-11-01,0.19552199814265422,-0.2707002260513811,0.7970877180585514,0.15756146411236144,-0.09667079107750454,0.39588597905562944
LNGN0363,Shandong LNG Terminal,2022-11-01,-0.7985502633126221,-1.4070984662526886,-0.37514240122795844,0.26693218989587786,0.20512472127330994,0.33112281124895016
LNGN0374,Sines LNG Terminal,2022-11-01,0.4936222658235115,-0.2842750273479783,1.414995786322215,-0.0007744130211108935,-0.06026111822926043,0.06342020939839874
LNGN0378,Skikda LNG Terminal,2022-11-01,0.30916751028248196,-0.10456956106988667,0.9089853531406479,0.7242999673628031,0.5029423857563147,0.9451823737087058
LNGN0381,Sodegaura LNG Terminal,2022-11-01,0.4711330676077877,-0.3190793944415173,1.3890001961332772,0.5992149392949243,0.27319541410255477,0.9074077356087399
LNGN0385,South Hook LNG Terminal,2022-11-01,1.2263206789363588,0.7837980436202283,1.8628854526620877,0.30223332378132345,0.24216587373435014,0.3630483041907689
LNGN0398,Taichung LNG Terminal,2022-11-01,-0.7899255588934847,-1.4482261503213578,-0.351302197775623,-0.006116773253688269,-0.06409427187287264,0.05388997535468198
LNGN0421,Tianjin LNG Terminal (Sinopec),2022-11-01,-0.8014649527849136,-1.4010185628781118,-0.3634983228040706,0.2880643630613601,0.2062159704082381,0.3652765553181715
LNGN0423,Tiga Malaysia LNG Terminal,2022-11-01,-0.8652198736812687,-1.3494243005238158,-0.521535215576595,0.9756086128650637,0.8741524924426975,1.063468108989857
LNGN0426,Tongyoung LNG Terminal,2022-11-01,0.19057793163237208,-0.27903113215422953,0.8184964825053664,0.58675684960021,0.4219385535355798,0.7333549769547562
LNGN0429,Toyama Shinko LNG Terminal,2022-11-01,0.14997031277952422,-0.36264818894914175,0.8275277606227638,-0.2462629853039356,-0.3814351458709687,-0.10969635749938048
LNGN0435,Vysotsk LNG Terminal,2022-11-01,-0.604626662468939,-1.3737053167124704,0.012033507296091836,0.18118483351115758,-0.14999089542180183,0.5107149960590005
LNGN0441,Wheatstone LNG Terminal,2022-11-01,1.8077060996257164,1.626780630468714,2.06616556287182,1.108144886690889,0.988392584331123,1.2402553435508767
LNGN0452,Yamal LNG Terminal,2022-11-01,1.5380209651139156,1.3433612705852152,1.847717572997578,1.3457310772261923,1.2297442928329008,1.464178212843444
LNGN0460,Yokkaichi Works LNG Terminal,2022-11-01,-0.7686144904133411,-1.4116362190298977,-0.29222817577246835,-0.26701517482244586,-0.4254603882118962,-0.11111902610736742
LNGN0463,Yung-An LNG Terminal,2022-11-01,0.8899508087789727,0.10590607453349518,1.818718942353716,0.2226846893586422,0.038297116961000785,0.3972196211606153
LNGN0464,Zeebrugge LNG Terminal,2022-11-01,0.4226569628876889,-0.1263300645332666,1.0998328942633369,0.21996749968687107,0.03190818585479083,0.39732497906773084
LNGN0474,Świnoujście Polskie LNG Terminal,2022-11-01,-0.7877689729658427,-1.402883616883225,-0.34608937075968255,-0.016517704731151238,-0.10812951679274485,0.07315342592392875
LNGN0008,Al Zour LNG Import Terminal,2022-12-01,-0.7707126695843514,-1.3741958248777795,-0.3280095589233791,0.2814178427908272,0.011410304547355553,0.5465667660754997
LNGN0026,Arzew-Bethioua LNG Terminal,2022-12-01,1.0985110615327478,0.576401570028696,1.7734798318483638,1.2159207091231592,0.9617475320389941,1.4613957511065014
LNGN0027,Atlantic LNG Terminal,2022-12-01,0.9675833058968806,0.33248723608828107,1.7363350931390924,0.958530257201017,0.831350985955868,1.0817388727285675
LNGN0035,Barcelona LNG Terminal,2022-12-01,0.22376473066862862,-0.24984875494489384,0.8525861510264698,0.21105389277798445,-0.11259207135943776,0.5216398235736108
LNGN0037,Bilbao LNG Terminal,2022-12-01,-0.7768149976335078,-1.4231152007808499,-0.3244018784399815,-0.11035839522601283,-0.1739815000470076,-0.04374374337903582
LNGN0040,Boryeong LNG Terminal,2022-12-01,-0.7023673225758472,-1.4139964086895762,-0.18799833495325174,0.22065275734292608,0.15191572574926537,0.29019704220217024
LNGN0050,Calcasieu Pass LNG Terminal,2022-12-01,1.7302300887310351,1.2672741758661337,2.326037935824093,1.2552892240827604,1.1432008500818187,1.3733717950159192
LNGN0052,Cameroon FLNG Terminal,2022-12-01,-0.8035023459474169,-1.3860558132970264,-0.37535878126571315,0.7016020152369439,0.5533170669350298,0.8537830580585329
LNGN0056,Cartagena LNG Terminal (Spain),2022-12-01,0.48731050808153764,-0.258082878470282,1.3840779930672427,0.12533814520311234,-0.051391078276959254,0.31251842358882315
LNGN0070,Corpus Christi LNG Terminal,2022-12-01,1.9725280394263878,1.7154389482586883,2.400526638626862,1.3140895356058642,1.2075289188670368,1.412908142338759
LNGN0081,Dalian LNG Terminal,2022-12-01,-0.76166132458926,-1.3791670709963628,-0.29335915769748894,0.2625760789895981,0.1604392103594481,0.3539760181650315
LNGN0083,Damietta SEGAS LNG Terminal,2022-12-01,0.9129086460849328,0.2421477926712827,1.7713774274412162,0.8395253895614053,0.740921579550144,0.9312650618745096
LNGN0085,Das Island LNG Terminal,2022-12-01,0.6597056843944105,0.04605557927716269,1.4110344478117278,0.7402499165960512,0.4721152769762386,1.0051573235182427
LNGN0097,Dunkirk LNG Terminal,2022-12-01,1.1902169539555325,0.5890534476722431,1.9418427578693533,0.18460890899809737,0.10778038764296807,0.25742701273637414
LNGN0103,Elba Island LNG Terminal,2022-12-01,0.09167689197653897,-0.509390385610485,0.8480370134008747,0.5719232683387013,0.39230341089514875,0.7399464831949462
LNGN0121,Fos Tonkin LNG Terminal,2022-12-01,0.866813793145948,0.3053899764053495,1.6021996416669873,-0.5031222428616512,-0.7546462523227969,-0.2611465010794863
LNGN0130,GasPort FSRU,2022-12-01,-0.1629938533851811,-0.3930295532819945,0.20345525494988975,-0.13519454698003458,-0.2996523301756221,0.02358643372544884
LNGN0132,Gate LNG Terminal,2022-12-01,1.1253665364292975,0.6043881172319587,1.7801166491258318,0.23641993865335442,0.17825470734426066,0.29645772249952207
LNGN0142,Gorgon LNG Terminal,2022-12-01,2.0830897430615094,1.6990418480904874,2.3119604792963937,1.1772906560023755,1.067445678415868,1.2713904346183464
LNGN0144,Grain LNG Terminal,2022-12-01,0.578430855588885,0.016828113762666744,1.3037914182706831,0.31573178621143116,0.21713634993574743,0.4166288944638503
LNGN0166,Hammerfest LNG Snohvit Terminal,2022-12-01,0.4657024577579355,0.027104891339688072,1.0420134158806678,0.7851273950488892,0.67893821209924,0.890758094399309
LNGN0168,Hazira LNG Terminal,2022-12-01,-0.7899435188319497,-1.419237823254971,-0.3476506131947427,-0.11690136958278022,-0.18633883169363127,-0.04934974177245725
LNGN0173,Himeji LNG Terminal,2022-12-01,1.0764434270771328,0.5801490072336457,1.70873656695566,-0.026592688429922618,-0.27565683832462173,0.21806400288140684
LNGN0178,Huelva LNG Terminal,2022-12-01,0.5235105702666413,-0.1730820329644654,1.2990881062390167,0.1137408536183518,-0.06738017569476393,0.3013322966515105
LNGN0181,Incheon LNG Terminal,2022-12-01,0.8170482461251681,-0.05847382552626454,1.8745298682081362,0.817537180734674,0.5910861641687621,1.0434952603577978
LNGN0186,Izmir Aliaga LNG Terminal,2022-12-01,0.6702867761912328,0.1950490799015218,1.3152027802606108,0.09049243212849004,0.020351553417499398,0.1596564089820501
LNGN0195,Jieyang LNG Terminal (PipeChina),2022-12-01,0.22602859170897466,-0.22675466181362489,0.8385630537465852,-0.27739631991677144,-0.4014567537251043,-0.15987294258909612
LNGN0207,Klaipeda FSRU,2022-12-01,0.12870264276270127,-0.06994653602320083,0.4298899634035675,-0.25939739538159534,-0.3875244226711776,-0.13638926638184823
LNGN0210,Krk FSRU,2022-12-01,-0.7717502664293185,-1.3932615366811554,-0.29948001368724153,-0.2594605853696552,-0.4068756050338587,-0.11702585603165762
LNGN0232,Marmara LNG Terminal,2022-12-01,-0.6631186364096976,-1.4274636227882398,-0.08900136410405118,-0.06731826527658356,-0.1813219096834698,0.047334853054262424
LNGN0244,Montoir LNG Terminal,2022-12-01,0.4598314836200677,-0.06891956156036756,1.1393790528828154,0.06715402575152324,-0.16061664419111008,0.29707304694339687
LNGN0261,Nigeria LNG Terminal,2022-12-01,1.0864358933182399,0.36541046137220634,1.961852146126305,1.3887752482378741,1.2005379790168904,1.5672222092975
LNGN0270,Ohgishima LNG Terminal,2022-12-01,0.484956874865982,-0.29629151727885095,1.4369490112638417,0.1837135013658547,0.06421431977694828,0.30630398114245677
LNGN0274,Oman Qalhat LNG Terminal,2022-12-01,1.1059540065015943,0.6046003064722586,1.7649540538643085,0.9905603331590479,0.8676647486390141,1.1098368395983078
LNGN0297,Pluto LNG Terminal,2022-12-01,1.62846596435941,1.2887043497695452,2.145548707074406,0.9029432229660543,0.8000278649552124,1.0003310005463895
LNGN0312,Punta Europa LNG Terminal,2022-12-01,-0.8329619581084228,-1.3411322853693202,-0.4594321467992411,0.7843626343780308,0.6566368762272801,0.9156666690327813
LNGN0314,Pyeongtaek LNG Terminal,2022-12-01,0.3146643600821495,-0.18590754960576983,0.9758919764544147,0.6853818360680234,0.42468986154397603,0.9419246847811797
LNGN0319,Qidong LNG Terminal,2022-12-01,0.13911727579931002,-0.3462315618039974,0.8182105808549615,-0.01841804185681164,-0.11072665834791885,0.07375323475044286
LNGN0322,Queensland Curtis LNG Terminal,2022-12-01,0.22780584128667636,-0.2796652087455307,0.8441924727545771,1.0380963602013877,0.9411139525708758,1.12489477229705
LNGN0328,Rasgas LNG Terminal 3,2022-12-01,4.673450536522012,1.9581830347283153,7.288076156960795,1.1117359090579237,1.0017410367807476,1.213220302149431
LNGN0331,Revithoussa LNG Terminal,2022-12-01,0.48580557225846727,-0.19568399702942652,1.3525831091219016,-0.022603289527496424,-0.13069668304832585,0.09308777374704807
LNGN0345,Sabine Pass LNG Terminal,2022-12-01,2.0055117219466427,1.7694937128429389,2.3027786733390423,1.5510147964274497,1.4262989215667112,1.6641891910666435
LNGN0347,Sagunto LNG Terminal,2022-12-01,0.6411575713799983,-0.25453512040544457,1.7092949905467816,0.05891478890260578,-0.01911067478794563,0.14347615592676677
LNGN0351,Sakhalin II LNG Terminal,2022-12-01,-0.8419653270235815,-1.4098928934268775,-0.45814775156169296,0.7461693519837614,0.5345403271147171,0.9404502108278922
LNGN0359,Senboku 2 LNG Terminal,2022-12-01,-0.7338558847745118,-1.3595423255826613,-0.2442861771524783,0.15249742197908953,-0.1111590086013104,0.41254288100057346
LNGN0363,Shandong LNG Terminal,2022-12-01,-0.7804679582614239,-1.3883260627819318,-0.35148106258418876,0.26034210327756907,0.1963766679528832,0.3214606660698061
LNGN0374,Sines LNG Terminal,2022-12-01,-0.7701116252127811,-1.4401441905421568,-0.2920372480068661,-0.008458226207647428,-0.08351193881485416,0.07321914561956956
LNGN0378,Skikda LNG Terminal,2022-12-01,-0.20235058261542832,-0.42064050909230644,0.09880315192073222,0.7207553442753213,0.5123375623239157,0.9240470891989634
LNGN0381,Sodegaura LNG Terminal,2022-12-01,0.6073943090553254,-0.051167774407185826,1.4327204273492218,0.6072649588468624,0.25500021139161433,0.9404889199733063
LNGN0385,South Hook LNG Terminal,2022-12-01,0.7831737245754447,0.14573078547963017,1.599101645914268,0.3064142444489623,0.2306550909301844,0.3809605376151612
LNGN0398,Taichung LNG Terminal,2022-12-01,0.0319453935391797,-0.45439017532897286,0.6667790984874948,-0.012706859871996655,-0.07483384835584403,0.054108830611612556
LNGN0421,Tianjin LNG Terminal (Sinopec),2022-12-01,1.2626162379361114,0.9258211914120889,1.730419968893818,0.2614747220855562,0.18889119503721039,0.3314231104147045
LNGN0423,Tiga Malaysia LNG Terminal,2022-12-01,-0.7853358791936647,-1.3915236980934642,-0.3727578751780112,0.9451405517465962,0.840269262091835,1.0284020213298914
LNGN0426,Tongyoung LNG Terminal,2022-12-01,0.2562215737651503,-0.11650194100122639,0.8036368919182646,0.5205903887191722,0.3854119286156284,0.6609630155006018
LNGN0428,Toscana FSRU,2022-12-01,0.21788970373972164,-0.27322833812288677,0.8505613250083532,-0.24378121981011483,-0.35732107123806,-0.13321064723632856
LNGN0435,Vysotsk LNG Terminal,2022-12-01,-0.5896638322921892,-1.4155171559900206,0.05344464716542944,0.0943858871252497,-0.257737967832109,0.43112571855896603
LNGN0441,Wheatstone LNG Terminal,2022-12-01,0.594170139944918,0.38050827879701016,0.8637644068427316,1.1056024823968569,0.994991317067584,1.2126979816929067
LNGN0452,Yamal LNG Terminal,2022-12-01,1.1908083664162392,0.9668988804641235,1.571333766023961,1.3273707587223817,1.2212972900505994,1.4340211978402804
LNGN0460,Yokkaichi Works LNG Terminal,2022-12-01,-0.7555282269062388,-1.40812476330643,-0.2681035401017094,-0.3006589994675472,-0.45777967682666465,-0.14244125523413834
LNGN0463,Yung-An LNG Terminal,2022-12-01,0.6503470354719455,-0.270303702236415,1.7256891059769457,0.24026765274994616,0.02360235183084492,0.45325091088220926
LNGN0464,Zeebrugge LNG Terminal,2022-12-01,0.40398638642489365,-0.09972941906549734,1.0720672634433008,0.21036229397742223,0.016552681206565723,0.41152504260737083
LNGN0473,Zhuhai LNG Terminal,2022-12-01,-0.7900978785509419,-1.3933326950052611,-0.337452357731325,-0.07608568415885486,-0.15276401384715227,0.00583279804248143
LNGN0474,Świnoujście Polskie LNG Terminal,2022-12-01,0.08522217095604531,-0.4410163682948225,0.7353254188770801,-0.014096785494089579,-0.09287330623859576,0.061783835020702296
LNGN0008,Al Zour LNG Import Terminal,2023-01-01,-0.7434368258903963,-1.37719552038501,-0.2698024734613095,0.26768559339733905,0.015655532217963952,0.5067062116789179
LNGN0026,Arzew-Bethioua LNG Terminal,2023-01-01,1.2714302824718253,0.7963646695109198,1.8601459424607494,1.219089913112505,0.9549397675306939,1.4841306939170655
LNGN0027,Atlantic LNG Terminal,2023-01-01,1.1673283835400667,0.7334314436479102,1.780078273907064,0.9307878917398898,0.7680793903302132,1.1027570631743835
LNGN0037,Bilbao LNG Terminal,2023-01-01,0.15933860213412576,-0.37306323201904823,0.8230809555906189,-0.12409064461950062,-0.20261638442384902,-0.042544681919904064
LNGN0050,Calcasieu Pass LNG Terminal,2023-01-01,2.1585669547528337,1.7447734035981501,2.4116534276923813,1.1166724388246663,0.9980004588128927,1.234172051246145
LNGN0052,Cameroon FLNG Terminal,2023-01-01,-0.7883349944841966,-1.4148092557441236,-0.365385839191857,0.7056877273869953,0.5775786150545347,0.8361548244542244
LNGN0056,Cartagena LNG Terminal (Spain),2023-01-01,-0.6835671209216182,-1.4108899818355687,-0.14938954103903093,0.11378867196822737,-0.08167764448753159,0.31566728552768086
LNGN0070,Corpus Christi LNG Terminal,2023-01-01,1.6032926985108384,1.120061744401636,2.22575909566967,1.2463950382864808,1.1470101125784133,1.3341127522368976
LNGN0079,Dabhol LNG Terminal,2023-01-01,-0.648997974324004,-1.428615791001548,-0.0705940706923397,-0.12366997758159362,-0.22040603928086036,-0.027908177315894536
LNGN0083,Damietta SEGAS LNG Terminal,2023-01-01,0.896108061761524,0.30497312901869106,1.6628783018850062,0.8286407221601099,0.7255219699762001,0.914647757522887
LNGN0085,Das Island LNG Terminal,2023-01-01,0.6504083669904794,0.020168237060082143,1.4627217537606167,0.9339198928262893,0.6005185465235484,1.236491873376292
LNGN0097,Dunkirk LNG Terminal,2023-01-01,1.1853786940786966,0.7448734205214861,1.7721994245343413,0.15953877171516764,0.09674122980629754,0.22205126739853934
LNGN0103,Elba Island LNG Terminal,2023-01-01,0.10330797946069507,-0.5153896287862542,0.9118359959429542,0.6269652548589875,0.4738826931832631,0.7679889988023284
LNGN0121,Fos Tonkin LNG Terminal,2023-01-01,0.5760086269592172,-0.1557172935403367,1.4600556533841658,-0.5264053679270627,-0.7943389322902509,-0.2765223367153486
LNGN0130,GasPort FSRU,2023-01-01,-0.7393082179560788,-1.3721017728805665,-0.2543629066135898,-0.08577921984785902,-0.18134502915670161,0.01303759542657877
LNGN0132,Gate LNG Terminal,2023-01-01,0.8548073981301892,0.12459220568348471,1.7834668226303827,0.24471143589616598,0.16911291757901936,0.3239574054018899
LNGN0142,Gorgon LNG Terminal,2023-01-01,1.2383780496883048,0.5782794316902806,2.0692417430628054,1.2784658803389635,1.1756042243723643,1.3733808879766174
LNGN0144,Grain LNG Terminal,2023-01-01,0.6941932130864823,-0.07271404595044026,1.598220642041375,0.30758864544579,0.19290295998817467,0.42625751174966664
LNGN0166,Hammerfest LNG Snohvit Terminal,2023-01-01,0.9630369379981073,0.09185142353484817,1.977470596785636,0.7346636141890194,0.6481028695519031,0.8191371361893905
LNGN0168,Hazira LNG Terminal,2023-01-01,-0.7665668720111865,-1.415888325238314,-0.2982099610076161,-0.1296844632076999,-0.19339123295171548,-0.06865664772602904
LNGN0170,Higashi Niigata LNG Terminal,2023-01-01,-0.6712068853959786,-1.3755786952108482,-0.1256361393720936,0.1137846811790422,-0.11680812260425644,0.3464842206570253
LNGN0173,Himeji LNG Terminal,2023-01-01,-0.757122086137183,-1.387492098145058,-0.29087917316813977,-0.017866982476176515,-0.29817212121825803,0.26297656991699514
LNGN0178,Huelva LNG Terminal,2023-01-01,0.6124881158441442,-0.21442483489036407,1.6186057614157259,0.11171671814003789,-0.09028801586533408,0.3191101984504655
LNGN0181,Incheon LNG Terminal,2023-01-01,1.2306251902533645,0.9425087786611895,1.671177858617619,0.816475363472051,0.5634016763644955,1.0603504104654735
LNGN0186,Izmir Aliaga LNG Terminal,2023-01-01,1.1246358693106282,0.4304046099763233,1.9675414125321076,0.15003513415947836,0.0718775499129995,0.23552319671431116
LNGN0195,Jieyang LNG Terminal (PipeChina),2023-01-01,0.12244112950369432,-0.21722141548334042,0.6071021491493829,-0.30506344087435255,-0.4142670217714635,-0.19928391928341688
LNGN0207,Klaipeda FSRU,2023-01-01,0.166832578967211,-0.3201972911246789,0.7956265362524936,-0.2372959780059217,-0.32959398696574915,-0.15133149254214454
LNGN0208,Kochi LNG Terminal,2023-01-01,-0.7511784389645771,-1.43217745742599,-0.2706026187386012,-0.1302532770071235,-0.23040297573866697,-0.030965201077820834
LNGN0210,Krk FSRU,2023-01-01,-0.7598120541424659,-1.432802394779599,-0.2853557908408861,-0.27319283476314365,-0.4000740063397028,-0.15019458146184636
LNGN0230,Map Ta Phut LNG Terminal 2,2023-01-01,-0.74736038958463,-1.3696250225299835,-0.2513529467940486,0.17147359734745515,0.08816278202112653,0.25794271716226475
LNGN0232,Marmara LNG Terminal,2023-01-01,0.6208708994952375,0.10755842684711422,1.3298563695322012,-0.08200767894498069,-0.20789332538824667,0.04675766381269628
LNGN0244,Montoir LNG Terminal,2023-01-01,-0.158708463762968,-0.5047289383168273,0.0593084506397392,0.06658053907572105,-0.18841642773028647,0.3184113897669822
LNGN0261,Nigeria LNG Terminal,2023-01-01,1.9599587913800973,1.7754393981037278,2.2367719345834822,1.26654179024413,1.0867485708263767,1.442532944848076
LNGN0270,Ohgishima LNG Terminal,2023-01-01,0.599646431613908,-0.08945701733094522,1.4642516534395682,0.19727582788143191,0.04304339918468505,0.3550140515709552
LNGN0274,Oman Qalhat LNG Terminal,2023-01-01,-0.8305456225963026,-1.3515677714500887,-0.4636646837943775,1.0817760278964625,0.9150580209264023,1.2337972525244258
LNGN0297,Pluto LNG Terminal,2023-01-01,0.9297037311671047,0.10519056032501552,1.9195915329800797,0.8868607824255901,0.7911435889002528,0.9797645512339429
LNGN0314,Pyeongtaek LNG Terminal,2023-01-01,1.201258608428378,0.496932234626804,2.0321445386712806,0.6759048014979399,0.39706660353969236,0.9540204990819241
LNGN0319,Qidong LNG Terminal,2023-01-01,-0.042733564532696014,-0.38893813164484914,0.4750950582844552,-0.027700735742403677,-0.10127737287678991,0.0410658152341365
LNGN0322,Queensland Curtis LNG Terminal,2023-01-01,0.6104751534122526,-0.08334946828080037,1.454748516271717,0.9675693618850119,0.8764477626847739,1.0595168236463177
LNGN0328,Rasgas LNG Terminal 3,2023-01-01,5.298219906069066,2.0365002403220864,8.514823038612617,1.2899529652056392,1.1494075418376692,1.4167173893237475
LNGN0331,Revithoussa LNG Terminal,2023-01-01,-0.7354617743544876,-1.435526480118102,-0.2420232929084193,-0.05690730982682587,-0.16817378233336072,0.06820908460566304
LNGN0345,Sabine Pass LNG Terminal,2023-01-01,1.5020228574977714,0.9101443480493595,2.2143409657763944,1.4274849489393082,1.3189230507781293,1.531381677338951
LNGN0354,Samcheok LNG Terminal,2023-01-01,-0.6893544015600808,-1.3806688692374123,-0.164416641804846,0.24770870674164064,0.18012195619168941,0.31529756299836303
LNGN0359,Senboku 2 LNG Terminal,2023-01-01,-0.6711624654901122,-1.3828610493616196,-0.12118578887980709,0.1372391281005651,-0.1402861592094137,0.4164174714209152
LNGN0363,Shandong LNG Terminal,2023-01-01,-0.7694599967373452,-1.4073875367426143,-0.3133485031960046,0.24660985388408135,0.17061089040678915,0.31921089634121097
LNGN0374,Sines LNG Terminal,2023-01-01,0.4746387468806332,-0.32891467521848117,1.3853428443767726,-0.008186292415609163,-0.10607705303566389,0.10492316826529353
LNGN0381,Sodegaura LNG Terminal,2023-01-01,0.9147508193063646,0.06604444176602378,1.9063858465663515,0.5692718544497611,0.2213945058783418,0.9114776001876222
LNGN0385,South Hook LNG Terminal,2023-01-01,0.7744270410880951,0.10233772075459226,1.6325047747074835,0.23440495978352027,0.14644584245368272,0.32003735679082523
LNGN0398,Taichung LNG Terminal,2023-01-01,-0.07442840821078525,-0.2883751144856478,0.27438889691652646,-0.006488301204557313,-0.09628128655962767,0.087910439055667
LNGN0421,Tianjin LNG Terminal (Sinopec),2023-01-01,0.4888498222772215,-0.2516496045649859,1.357112247929327,0.2491905398156925,0.18163116119254022,0.31059718258475555
LNGN0423,Tiga Malaysia LNG Terminal,2023-01-01,-0.5615100716763449,-1.3736322697747225,0.08431021386305376,0.972228979805684,0.8463480788880152,1.079906223032603
LNGN0426,Tongyoung LNG Terminal,2023-01-01,0.5183242127417906,0.32941614494797594,0.8275042619651259,0.5302594807693801,0.3670898985064806,0.6963463303020508
LNGN0427,Tornio Manga LNG Terminal,2023-01-01,-0.6531921240707768,-1.4468748715583986,-0.0489771963212134,-0.7203369484255725,-0.9430655847959932,-0.48747891401146737
LNGN0435,Vysotsk LNG Terminal,2023-01-01,1.1511350997365086,0.8366712450856929,1.3669929208334515,0.15023230906629925,-0.14546629694707738,0.4529884987431876
LNGN0441,Wheatstone LNG Terminal,2023-01-01,0.96918875243383,0.34491384001131975,1.735011495906925,1.0989243982162742,1.0040894782064094,1.1912148568412726
LNGN0449,Xintian Tangshan LNG Terminal,2023-01-01,-0.7401714267500471,-1.3962349690809186,-0.2610059844136109,0.008496682220532025,-0.09369840093618421,0.10659543041821581
LNGN0452,Yamal LNG Terminal,2023-01-01,1.304908785378438,1.0706270887413332,1.6805339491830225,1.2499294786086597,1.160775166564816,1.3368062358407746
LNGN0460,Yokkaichi Works LNG Terminal,2023-01-01,0.2755618979528915,-0.09055851198319832,0.8170724064836281,-0.31873888278470436,-0.4843334494377817,-0.1470577543513414
LNGN0463,Yung-An LNG Terminal,2023-01-01,0.5784662992870182,-0.1319359984671104,1.4553196736729521,0.21538959153211826,-0.004034545883292735,0.4382055546981957
LNGN0464,Zeebrugge LNG Terminal,2023-01-01,0.40573582301454436,-0.1467767241214051,1.1254528381585251,0.18929652436160171,-0.017851974001838525,0.40043879207431343
LNGN0472,Zhoushan LNG Terminal,2023-01-01,-0.7783612453980586,-1.3756084436447382,-0.3072624053974943,-0.05524454761076613,-0.1409529177379527,0.03308531165496191
LNGN0473,Zhuhai LNG Terminal,2023-01-01,-0.7733973180505778,-1.404626403273876,-0.31222374457151186,-0.13437048706790283,-0.19629585464215,-0.06918562490212683
LNGN0474,Świnoujście Polskie LNG Terminal,2023-01-01,0.7242516102627841,-0.07255124525419764,1.6821340218387544,-0.041118589187532174,-0.10393134662980832,0.02068688625548702
LNGN0008,Al Zour LNG Import Terminal,2023-02-01,-0.8138985817340252,-1.364538636510333,-0.4228415399926412,0.49777945177230387,0.4081657209535992,0.5796973758217424
LNGN0026,Arzew-Bethioua LNG Terminal,2023-02-01,0.6592059374792694,0.30229181188468635,1.1743182948836777,1.0825691897547307,0.8122393248443225,1.3555476511487599
LNGN0027,Atlantic LNG Terminal,2023-02-01,0.318956052210286,0.08667909277830271,0.5706164082073544,0.9366668189409457,0.7904491665917249,1.0883201192393313
LNGN0037,Bilbao LNG Terminal,2023-02-01,0.5299968700490877,0.13462252109451878,1.0914633310323667,-0.1731700122230136,-0.271486568679543,-0.07616039633772755
LNGN0044,Brunnsviksholme LNG Terminal,2023-02-01,-0.6964532856299146,-1.408028582154967,-0.15802810379957957,-0.7830608922156622,-0.9836608355533836,-0.5668900614893512
LNGN0050,Calcasieu Pass LNG Terminal,2023-02-01,1.7427725921553254,1.4148154645158804,2.220936204439822,1.1681405004406298,1.0690747802547698,1.273896205370752
LNGN0052,Cameroon FLNG Terminal,2023-02-01,0.06215698400144053,-0.5657715200275562,0.8283511808355761,0.6903014140965106,0.5676426784905027,0.8180424263442522
LNGN0056,Cartagena LNG Terminal (Spain),2023-02-01,-0.8176917686525936,-1.4190981896482286,-0.4094768005712205,0.08853878016731656,-0.09939024893626923,0.28237239359084665
LNGN0070,Corpus Christi LNG Terminal,2023-02-01,1.2839388618846115,0.6660186083918155,2.0453649423757976,1.286950366543754,1.1784917518011913,1.3891036538303139
LNGN0079,Dabhol LNG Terminal,2023-02-01,0.06514051515438271,-0.5364542157673103,0.8569544773988409,-0.1390562908720776,-0.2290226197348135,-0.04470168759298908
LNGN0083,Damietta SEGAS LNG Terminal,2023-02-01,1.2204483898767697,0.6109163500034348,1.9632677832586773,0.6453551133784856,0.5184621075197309,0.7707804926052945
LNGN0085,Das Island LNG Terminal,2023-02-01,0.09969405771682642,-0.47810985684450674,0.864894014418849,0.7221401236493098,0.4381457954955996,1.0150263267670996
LNGN0097,Dunkirk LNG Terminal,2023-02-01,0.5476777169051631,0.3045284405139748,0.9466266482236579,0.1575207292173911,0.1001950725029608,0.21742858997716444
LNGN0103,Elba Island LNG Terminal,2023-02-01,-0.8751300587828857,-1.41064233389829,-0.5199440560863023,0.5524634063059302,0.38818104704104817,0.7056574852110874
LNGN0121,Fos Tonkin LNG Terminal,2023-02-01,1.0137916582172786,0.23959598799828483,1.965609717759478,-0.6086588438575703,-0.9059013801662686,-0.320111202544608
LNGN0130,GasPort FSRU,2023-02-01,-0.01711137971498758,-0.5563094694368153,0.7160263811686498,-0.16431310966400633,-0.3052036213645113,-0.01886822029979629
LNGN0132,Gate LNG Terminal,2023-02-01,1.010230776730777,0.2578819139239486,1.89999084087642,0.21407658151371095,0.13844565843478646,0.2891405467862672
LNGN0142,Gorgon LNG Terminal,2023-02-01,1.2462615576902358,0.7786278821927375,1.9217198731515674,1.2652037478502727,1.1611210928005344,1.3584141319749803
LNGN0144,Grain LNG Terminal,2023-02-01,0.5505137517745389,-0.44850258294653705,1.734857608983602,0.28417874493164125,0.16854696415405113,0.3965982681887201
LNGN0164,Hakodate LNG Terminal,2023-02-01,-0.807420705180432,-1.433235000757156,-0.35394335195562715,-0.6617959391497034,-0.7735851747807223,-0.549654862097879
LNGN0166,Hammerfest LNG Snohvit Terminal,2023-02-01,0.3360072586773714,-0.4880594461551854,1.3311879977093317,0.7096844149029612,0.627520030768278,0.7944834110879363
LNGN0168,Hazira LNG Terminal,2023-02-01,0.16935594898573866,-0.29803446920853066,0.7960716285660222,-0.14507077649818426,-0.20789281434178242,-0.08639594093462077
LNGN0173,Himeji LNG Terminal,2023-02-01,-0.7972817736150344,-1.4026637707916216,-0.3407966251472099,-0.030945493890160082,-0.3162651556153643,0.2521384852825143
LNGN0178,Huelva LNG Terminal,2023-02-01,0.06601477913126577,-0.5748785670905521,0.9008597934256055,0.09371542969916434,-0.10572985318740945,0.2952424425176817
LNGN0181,Incheon LNG Terminal,2023-02-01,0.7462084117612512,-0.20320176542658858,1.8767533474069509,0.7825207911530195,0.540626580302772,1.0183226213837828
LNGN0186,Izmir Aliaga LNG Terminal,2023-02-01,0.5725221824109538,0.1667349047839237,1.1346944985843197,0.08316609956571847,-0.020027501055683242,0.17901420348154004
LNGN0195,Jieyang LNG Terminal (PipeChina),2023-02-01,0.1607996955498203,-0.49664529226486104,0.9839619360979888,-0.30165619945629,-0.40781323364640454,-0.2032063432369023
LNGN0207,Klaipeda FSRU,2023-02-01,0.3662075766290567,0.06757678344308923,0.8172168180429669,-0.22740012290223366,-0.3041328742955881,-0.1519858573152551
LNGN0208,Kochi LNG Terminal,2023-02-01,-0.8327711119857766,-1.3839634975819257,-0.4311432117917977,-0.11910543057505936,-0.1914830694998474,-0.038483426636473445
LNGN0210,Krk FSRU,2023-02-01,0.28344750105362254,-0.4568555361471274,1.1738082920897088,-0.28857914805362744,-0.4139840084891892,-0.16940079241017347
LNGN0230,Map Ta Phut LNG Terminal 2,2023-02-01,0.10099452604516759,-0.48498599381438606,0.8901239383035895,0.08826996830157299,-0.003248137257617815,0.18705782000564747
LNGN0232,Marmara LNG Terminal,2023-02-01,0.11365713451406848,-0.47449503867309784,0.8467105007800758,-0.04521274172587391,-0.1905723231384892,0.10493461250691112
LNGN0244,Montoir LNG Terminal,2023-02-01,-0.20693596066321573,-0.48930527000939783,0.23312868742803777,0.042065980128024254,-0.20245979780301773,0.2945282451073982
LNGN0248,Mugardos LNG Terminal,2023-02-01,-0.024776601088445236,-0.5556127003117295,0.6357566026582757,-0.3707934849845623,-0.4409258229809702,-0.30429835916582754
LNGN0261,Nigeria LNG Terminal,2023-02-01,1.5038145081646208,0.876908609937944,2.277670330492408,1.3073034942564759,1.1148454097087432,1.4922983598892512
LNGN0270,Ohgishima LNG Terminal,2023-02-01,0.8935561884692553,0.0751060371940333,1.8520459461670717,0.18288288817988557,0.027087037757196702,0.33860674735400953
LNGN0274,Oman Qalhat LNG Terminal,2023-02-01,-0.896064562629047,-1.3977421698048855,-0.5558316525917104,1.085892420842753,0.9078399038763896,1.2548925162890698
LNGN0297,Pluto LNG Terminal,2023-02-01,1.207347813303247,0.6769099181781192,1.8858097175156967,0.8703861107309787,0.7812791695060874,0.9578953616332829
LNGN0309,Prelude FLNG Terminal,2023-02-01,0.4348205766905276,-0.4062162337307697,1.4413280156969779,0.7804829099918694,0.656445674469191,0.9070589644372593
LNGN0314,Pyeongtaek LNG Terminal,2023-02-01,1.208160171965148,0.8409237275174055,1.7514885801507203,0.6824872153821508,0.3876878416009908,0.9716021320849629
LNGN0319,Qidong LNG Terminal,2023-02-01,-0.8458301267020161,-1.3952646207923263,-0.4627567683629812,-0.009949424569388405,-0.07530901084026727,0.05170822345631202
LNGN0322,Queensland Curtis LNG Terminal,2023-02-01,0.6083007548919345,-0.08231538684103781,1.4730323550121474,1.0070826780834554,0.9223357998855157,1.0938349298524994
LNGN0328,Rasgas LNG Terminal 3,2023-02-01,5.260334027654406,2.0703261522713987,8.395128027419915,1.0797564228055843,0.972079542485458,1.1914876133006085
LNGN0331,Revithoussa LNG Terminal,2023-02-01,-0.8264304671197129,-1.4231218557528613,-0.4082893656492604,-0.2980069374778982,-0.38412466153918917,-0.2232223647839938
LNGN0345,Sabine Pass LNG Terminal,2023-02-01,2.143243029379291,1.8319277385458612,2.360736408899482,1.47748569228459,1.3510484855317029,1.5924337725178948
LNGN0359,Senboku 2 LNG Terminal,2023-02-01,-0.7482306663044186,-1.4809667047164674,-0.271062117145547,0.1901792590053953,-0.1378001720541559,0.5098127108536874
LNGN0374,Sines LNG Terminal,2023-02-01,0.5453715468525544,-0.4687469186778314,1.6725353034650372,-0.10377362205013753,-0.19362357659538318,-0.017840693205054357
LNGN0381,Sodegaura LNG Terminal,2023-02-01,0.10889215713986118,-0.4605458664343764,0.9089265534334471,0.5718791231866579,0.20708987165488899,0.9296346029303549
LNGN0385,South Hook LNG Terminal,2023-02-01,0.6377585690552996,-0.17434484278650358,1.6124535306205205,0.2235487008638015,0.12868622716096687,0.31319339621754555
LNGN0398,Taichung LNG Terminal,2023-02-01,-0.8438830074451822,-1.3864820881800684,-0.4519241697260182,-0.048792060726948194,-0.12120647923364826,0.023111059711632558
LNGN0421,Tianjin LNG Terminal (Sinopec),2023-02-01,-0.844638447526778,-1.3680670297555688,-0.4620672140087963,0.23823497039583416,0.16612336495515823,0.3027361596973879
LNGN0423,Tiga Malaysia LNG Terminal,2023-02-01,0.6563433573278881,-0.14031364158766582,1.5655308931865437,0.9390003076520577,0.8224917539481418,1.0382809348868238
LNGN0426,Tongyoung LNG Terminal,2023-02-01,0.41797629138714254,-0.4079508037866488,1.403222378462328,0.5361013855533492,0.3521849440410609,0.7089472796416194
LNGN0427,Tornio Manga LNG Terminal,2023-02-01,-0.7754265014571462,-1.4411207316465933,-0.30891475622821996,-0.7357232617160565,-0.9543434365703225,-0.4984862025507316
LNGN0435,Vysotsk LNG Terminal,2023-02-01,0.6730378175943299,0.23603817221462134,1.2864522936835505,0.2271447260669749,-0.02302086940087231,0.4973641429447121
LNGN0441,Wheatstone LNG Terminal,2023-02-01,0.6711039177734849,-0.23184633276241748,1.7488549945306844,1.0738255130123804,0.9848366600144001,1.166357153362809
LNGN0442,Wilhelmshaven FSRU,2023-02-01,0.1013256883473631,-0.5015393393077192,0.8865577135866994,0.00873481276202841,-0.09350462024916394,0.1085450382369694
LNGN0449,Xintian Tangshan LNG Terminal,2023-02-01,-0.8517581664160624,-1.3796992220183253,-0.47000887483271303,-0.015282196320800356,-0.11844187960120406,0.08225200167669357
LNGN0452,Yamal LNG Terminal,2023-02-01,1.4282769576146879,1.1801588659316318,1.8183563100069893,1.2875575520221012,1.1878407037024168,1.3865736478788064
LNGN0460,Yokkaichi Works LNG Terminal,2023-02-01,0.4907818410186234,-0.29877081830236585,1.4316575623216734,-0.33258401559920864,-0.5037447850072105,-0.16311627357427363
LNGN0463,Yung-An LNG Terminal,2023-02-01,0.8279082876398324,0.2253319366226575,1.6361285460807018,0.17945844557090623,-0.02630267160353116,0.3823092047827486
LNGN0464,Zeebrugge LNG Terminal,2023-02-01,0.3926069720742686,-0.09477174242017049,1.0020590179858402,0.18191946772508544,-0.03324455797168525,0.39349138668960576
LNGN0473,Zhuhai LNG Terminal,2023-02-01,-0.8417680084448034,-1.398576582619091,-0.4617693187729977,-0.14975680035838695,-0.2126687817381776,-0.09153519532630874
LNGN0474,Świnoujście Polskie LNG Terminal,2023-02-01,0.03644104640913004,-0.5664610442529201,0.7817381504957678,-0.07453830221449168,-0.1347388579274215,-0.015918497844791
LNGN0008,Al Zour LNG Import Terminal,2023-03-01,-0.1426548410164052,-0.6207119987866377,0.4717208056266865,0.23833748414975095,-0.018587641496089047,0.4907694106418451
LNGN0026,Arzew-Bethioua LNG Terminal,2023-03-01,0.7717891217369822,-0.2194569671176959,1.931257147754923,1.1890726519059425,0.9286167835866919,1.452297220341125
LNGN0027,Atlantic LNG Terminal,2023-03-01,0.6861433629942427,0.08634384402967543,1.4823698284645557,0.8797419012574799,0.7613729699109422,1.007921305862756
LNGN0035,Barcelona LNG Terminal,2023-03-01,0.8526880137957532,0.12131047448012322,1.7312090574770553,0.19970274809941244,-0.1462786383730208,0.534903460851449
LNGN0037,Bilbao LNG Terminal,2023-03-01,0.22094049970519503,-0.4383258098987537,1.0324484276669232,-0.0871168487039841,-0.17202032463857572,-0.010844844117135448
LNGN0040,Boryeong LNG Terminal,2023-03-01,-0.8618677526455241,-1.4345627805634098,-0.48835549684925805,0.17757239870185032,0.1180113049676437,0.23849168323606637
LNGN0044,Brunnsviksholme LNG Terminal,2023-03-01,0.295968923673616,0.09940932139189781,0.6846069328166452,-0.7970226881727659,-1.006373706489687,-0.5695131687263503
LNGN0050,Calcasieu Pass LNG Terminal,2023-03-01,1.790010431758735,1.4617047192963717,2.262892342005189,1.1490288752005446,1.0444713328029542,1.2634944291644228
LNGN0052,Cameroon FLNG Terminal,2023-03-01,-0.8959643976828519,-1.4042207687579091,-0.5684733766280448,0.6678111993445067,0.5309889700843214,0.806898607115525
LNGN0056,Cartagena LNG Terminal (Spain),2023-03-01,0.3645615359562095,-0.4315089525999247,1.2802044051134762,0.0944423150585202,-0.09936726242186956,0.283336443512107
LNGN0070,Corpus Christi LNG Terminal,2023-03-01,1.7087984842342796,1.233389727250288,2.348791086971033,1.2661094458604447,1.1717215982714961,1.361597319862207
LNGN0079,Dabhol LNG Terminal,2023-03-01,-0.8232598031515566,-1.3941613075906392,-0.41415823977662913,-0.019233587266341234,-0.09577836398624624,0.05224659676838934
LNGN0083,Damietta SEGAS LNG Terminal,2023-03-01,1.015669249318559,0.5160026017200758,1.6619809933182061,0.7781434391130136,0.6820722303697165,0.8719446873602429
LNGN0085,Das Island LNG Terminal,2023-03-01,0.9774496446726645,0.2733572338327102,1.8674962773954138,0.8795706996924972,0.5839736928688166,1.1527543195994923
LNGN0097,Dunkirk LNG Terminal,2023-03-01,1.07563279284578,0.40571927111526324,1.9452529259345728,0.15217123829898552,0.09282937102213729,0.21822898758275996
LNGN0098,Dörtyol FSRU,2023-03-01,0.07840976824570672,-0.515963921380055,0.8431752528365072,0.0036258977841142352,-0.09404339778804394,0.12150458902173536
LNGN0100,Eemshaven FSRU,2023-03-01,0.60752522683701,-0.23557947628978357,1.591370283211252,0.004580668104948033,-0.09007490083605599,0.11052049395827461
LNGN0101,Egyptian LNG Terminal,2023-03-01,-0.01480327576382311,-0.7223705200705728,0.8597518563752824,0.9834523136381387,0.855009118636898,1.0973382206200204
LNGN0103,Elba Island LNG Terminal,2023-03-01,0.23582626066553142,-0.25239820150723474,0.8760385368068558,0.6021576393255291,0.4549304555791972,0.7484102160696464
LNGN0121,Fos Tonkin LNG Terminal,2023-03-01,-0.10350155050660047,-0.5853588100767159,0.5302314872141813,-0.5134992372451013,-0.7934296439052244,-0.2467432982828073
LNGN0124,Freeport LNG Terminal,2023-03-01,0.4798981189694367,-0.5295093097679554,1.6736234383072708,1.2809503140320322,1.178286362925831,1.380255253171046
LNGN0130,GasPort FSRU,2023-03-01,-0.25067060516734285,-0.59877289026799,0.26530426131284635,-0.09116568942695655,-0.17354312788209028,-0.000324063133512995
LNGN0132,Gate LNG Terminal,2023-03-01,0.9119911841627713,0.23865640502123683,1.7565847679277173,0.19582820069978127,0.12862039312606635,0.25707820174929347
LNGN0142,Gorgon LNG Terminal,2023-03-01,1.2698692765477966,0.7217632055345992,2.0060289949980126,1.2521583161565228,1.1560229963744768,1.3429077131044846
LNGN0144,Grain LNG Terminal,2023-03-01,1.007703855671072,0.05525748143345616,2.1405318455824105,0.2798161655836904,0.16453812270549484,0.38847336495779683
LNGN0166,Hammerfest LNG Snohvit Terminal,2023-03-01,0.460054944288968,-0.23090039290554845,1.3311564194835195,0.7283523528903846,0.6424856133305062,0.8095980062248074
LNGN0168,Hazira LNG Terminal,2023-03-01,-0.21604859372330168,-0.39209143623840137,0.06280079840438595,-0.15998172822385628,-0.21684642400220802,-0.10155126732587508
LNGN0173,Himeji LNG Terminal,2023-03-01,0.16425459073693136,-0.3274307806606805,0.8090303231302508,-0.08607682174076849,-0.3368285200523353,0.16154658784056614
LNGN0175,Hong Kong FSRU,2023-03-01,-0.865722647259808,-1.3920383282503868,-0.5057233977755783,0.016619500793221435,-0.08234776964584566,0.1268036864674272
LNGN0178,Huelva LNG Terminal,2023-03-01,0.6088473739995847,-0.3354677063792106,1.7572079633023152,0.08172965104116361,-0.11550799864929333,0.2718992883843406
LNGN0181,Incheon LNG Terminal,2023-03-01,-0.19441492892694184,-0.5900459060494334,0.3784015873516157,0.7766913329237285,0.5374276555395726,1.0107619316793273
LNGN0182,Inkoo FSRU,2023-03-01,-0.569732877879414,-1.3795942308178675,0.0993581084631045,-0.39477446620474094,-0.693528883830388,-0.0693519040326104
LNGN0186,Izmir Aliaga LNG Terminal,2023-03-01,0.007273074543184427,-0.37319046993600213,0.5323958749115129,0.120369031012035,0.04285841802110113,0.19046448683160505
LNGN0191,Jebel Ali FLNG Terminal,2023-03-01,0.036733277565963014,-0.448446467321825,0.6670421824530979,-0.2235719142074041,-0.40774906800526206,-0.024577450164261008
LNGN0195,Jieyang LNG Terminal (PipeChina),2023-03-01,0.6049319602253408,-0.2670194115570925,1.6398099557146926,-0.28220297133529326,-0.38772677869302924,-0.18458163473955586
LNGN0206,Kiyanly LNG Terminal,2023-03-01,-0.8891053106150635,-1.4119184730756587,-0.5528089360361836,0.3113545368519748,0.16825552316803644,0.44553000631722217
LNGN0207,Klaipeda FSRU,2023-03-01,-0.7025513003518673,-1.4024755608544908,-0.1774326013938905,-0.22068045041628162,-0.29661685380164554,-0.14416696434004225
LNGN0210,Krk FSRU,2023-03-01,-0.8611234686702335,-1.3874646993666555,-0.47824870186512086,-0.30720101734830135,-0.4362752536060396,-0.17494146439414823
LNGN0230,Map Ta Phut LNG Terminal 2,2023-03-01,0.7131966005272125,-0.06427053917044075,1.677781435532855,0.043866646919884414,-0.06604853837142478,0.17124472930393952
LNGN0232,Marmara LNG Terminal,2023-03-01,0.04354983411241235,-0.44269058497734837,0.666292842020812,-0.06332543516535581,-0.19957764558126043,0.06931884520236417
LNGN0244,Montoir LNG Terminal,2023-03-01,-0.8401991566748009,-1.3653613260154693,-0.45751989803464743,0.03018602057926917,-0.2154060631412697,0.2676212964019993
LNGN0248,Mugardos LNG Terminal,2023-03-01,0.03654873393547333,-0.6388955010932337,0.8818460945960552,-0.27718211895073674,-0.3458353004926653,-0.21750596018263507
LNGN0261,Nigeria LNG Terminal,2023-03-01,1.6565964205806623,1.223771694432747,2.2232809895138206,1.2968274218932436,1.1108721666920949,1.4735080492531
LNGN0270,Ohgishima LNG Terminal,2023-03-01,0.019193761743867357,-0.4645521865050083,0.6978733496232883,0.13562391270096083,0.005754759980841956,0.2646392108666211
LNGN0274,Oman Qalhat LNG Terminal,2023-03-01,0.11334989336843088,-0.4799049568782781,0.813622671500471,1.0721721185717183,0.9072247108899549,1.2284559209092107
LNGN0287,Penuelas LNG Terminal,2023-03-01,-0.11358775789772908,-0.5942257899361582,0.5146957757712776,-0.47456691473868046,-0.558828705008679,-0.3832468886470888
LNGN0297,Pluto LNG Terminal,2023-03-01,1.155413114858115,0.3972700425188799,2.1024569947040987,0.8535398238885764,0.7630791479186328,0.9443928218946224
LNGN0308,Portovaya LNG Terminal,2023-03-01,-0.7015564718790832,-1.3884756702996692,-0.17825077382557636,0.3178745593452727,0.00831075769478707,0.6496420946784683
LNGN0309,Prelude FLNG Terminal,2023-03-01,0.5930698887159365,-0.11423932866020857,1.4787377413957694,0.763606282142135,0.6309015286634294,0.9034827072204337
LNGN0312,Punta Europa LNG Terminal,2023-03-01,-0.9168773668363728,-1.3718072381282418,-0.6125340815135402,0.6772442386467163,0.5879759259741558,0.7695268721532185
LNGN0314,Pyeongtaek LNG Terminal,2023-03-01,0.5275441050622092,-0.4560657008721931,1.6493625331101454,0.656773709152013,0.3772876258026895,0.9321353827914396
LNGN0322,Queensland Curtis LNG Terminal,2023-03-01,0.16200783758612858,-0.41357586541256025,0.9254449509090438,0.9355452529136865,0.8461598953195573,1.02738161298252
LNGN0324,Quintero LNG Terminal,2023-03-01,0.12035682670862385,-0.41386662112395045,0.8558086547538039,-0.4422817039506989,-0.5950292848366738,-0.2868429737718413
LNGN0328,Rasgas LNG Terminal 3,2023-03-01,4.492169359153446,2.029645526616576,6.855845327773833,1.253763991434816,1.1234590969226912,1.3720450210152093
LNGN0331,Revithoussa LNG Terminal,2023-03-01,-0.8246894563175329,-1.358634214668069,-0.4265234414984616,-0.05030073368690542,-0.18046550846256654,0.07523241947099649
LNGN0345,Sabine Pass LNG Terminal,2023-03-01,1.8309321955383526,1.4816347102427254,2.3389911613897616,1.455635380259326,1.3407653693767874,1.5640105922902785
LNGN0347,Sagunto LNG Terminal,2023-03-01,0.5981549688129649,-0.37659063124689096,1.7156156813852614,0.0007773872828924861,-0.08104590056896639,0.07182521199233144
LNGN0374,Sines LNG Terminal,2023-03-01,0.15544860237132702,-0.4603831291552615,0.9421828079339737,-0.047289269676922686,-0.13303296089233715,0.02906881983831469
LNGN0378,Skikda LNG Terminal,2023-03-01,0.9117626436057024,0.34424186141640456,1.6469506284945332,0.5737001538135502,0.3739639542944632,0.7866272729202572
LNGN0381,Sodegaura LNG Terminal,2023-03-01,0.7028103850722638,-0.10120102322512038,1.6618272200294597,0.5484552514477683,0.21083041101060476,0.8893434640422604
LNGN0385,South Hook LNG Terminal,2023-03-01,1.034453786591249,0.4474713028986101,1.7465949775622456,0.26012683315462043,0.16793765729581756,0.3356271704701088
LNGN0398,Taichung LNG Terminal,2023-03-01,-0.8677326217596018,-1.3729836438008902,-0.49862031330750867,-0.05578721851307258,-0.1310958924712799,0.009903477309959548
LNGN0421,Tianjin LNG Terminal (Sinopec),2023-03-01,-0.8579773238428513,-1.400026472836917,-0.4942553406627479,0.21839436344448013,0.15196580574318036,0.2809770401702517
LNGN0423,Tiga Malaysia LNG Terminal,2023-03-01,0.605702067199895,-0.08283892503918172,1.4206534403096205,0.925742811108005,0.8157111646232117,1.0165450845444677
LNGN0426,Tongyoung LNG Terminal,2023-03-01,-0.862527019728509,-1.3518089263156636,-0.5066553043085347,0.5191057367989302,0.34850904809407307,0.6816346899086945
LNGN0427,Tornio Manga LNG Terminal,2023-03-01,-0.8231416551317974,-1.4099438772389916,-0.3903445017491007,-0.7496850576731603,-0.9763286780600692,-0.5056991209661967
LNGN0435,Vysotsk LNG Terminal,2023-03-01,0.9612384726803964,0.4765359726658732,1.5900589213455625,0.21746526797025154,-0.031963627524165525,0.5003550113044304
LNGN0437,Wenzhou LNG Terminal,2023-03-01,-0.8716075750141431,-1.3858180844094203,-0.49386593476474105,-0.23839068859667306,-0.37419879128593947,-0.09572339524562276
LNGN0441,Wheatstone LNG Terminal,2023-03-01,-0.04379880156862364,-0.6184391631819349,0.7291304927987907,1.0575920157916943,0.9607666567039137,1.1558531088986823
LNGN0449,Xintian Tangshan LNG Terminal,2023-03-01,0.2355928752265489,-0.5070952316501933,1.0808292980723186,-0.029243992277904376,-0.13109580769430382,0.0833374806627676
LNGN0452,Yamal LNG Terminal,2023-03-01,1.2285241063445986,0.7910387778583648,1.8398208086465262,1.282194281853053,1.1877617477806264,1.37832675822518
LNGN0460,Yokkaichi Works LNG Terminal,2023-03-01,0.38830130887396647,-0.36070009410424686,1.2540999462673028,-0.3331910617141636,-0.4993410071721835,-0.16684302257969147
LNGN0463,Yung-An LNG Terminal,2023-03-01,-0.8460565659599143,-1.4095237503983622,-0.47523122133772905,0.1330284975457108,-0.04822179573991744,0.31015539383032953
LNGN0464,Zeebrugge LNG Terminal,2023-03-01,0.42439337740304,-0.01165763228607998,1.020381415066492,0.1572951586743912,-0.04534653867840663,0.35745377355390745
LNGN0473,Zhuhai LNG Terminal,2023-03-01,0.1869736002827663,-0.3057036021428258,0.851837776449945,-0.16371859631549068,-0.227623247222041,-0.10225430358701382
LNGN0474,Świnoujście Polskie LNG Terminal,2023-03-01,-0.862341657134488,-1.3949893506312034,-0.5061280223335648,-0.0670761518624344,-0.13023910396095142,-0.0043523625765089224
LNGN0008,Al Zour LNG Import Terminal,2023-04-01,0.09007616231064683,-0.41116352927588545,0.7623163074661768,0.39898931313934144,0.2693021264776781,0.5329560218232259
LNGN0025,Arun LNG Import Terminal,2023-04-01,-0.5454425829985572,-1.3518200517769803,0.1429720910592314,-0.2214991383863817,-0.3123587503285682,-0.12806715784318098
LNGN0026,Arzew-Bethioua LNG Terminal,2023-04-01,1.1626316134830907,0.4695895421629082,1.9944313647976075,1.2742138790969813,0.9987987557200264,1.545895059398183
LNGN0027,Atlantic LNG Terminal,2023-04-01,0.9277994341168271,0.32590390378089507,1.687679271905291,0.9199276433380803,0.7885300831246312,1.0592304681935232
LNGN0035,Barcelona LNG Terminal,2023-04-01,0.06092768709981197,-0.5893690536683139,0.8661947170477329,0.1692953609856491,-0.14875717577888542,0.4809650727804487
LNGN0037,Bilbao LNG Terminal,2023-04-01,0.7603569324664172,0.2603532365447707,1.4098269919916397,-0.08990426841669003,-0.16217657339689465,-0.02623748334514259
LNGN0040,Boryeong LNG Terminal,2023-04-01,0.40324401628244544,-0.37515256646488737,1.3288963365127318,0.24162090448700865,0.15873807671508067,0.3135431700810212
LNGN0044,Brunnsviksholme LNG Terminal,2023-04-01,-0.8269839672914207,-1.4240978550744923,-0.4086853951949309,-0.7846158208464805,-0.9850296563546431,-0.5580755022218485
LNGN0050,Calcasieu Pass LNG Terminal,2023-04-01,1.3796468109072664,0.8993809207042013,1.996964726593687,1.151866510020629,1.0367672688920655,1.2784539648697162
LNGN0052,Cameroon FLNG Terminal,2023-04-01,-0.9072280085844303,-1.3553392823891055,-0.5894197553777579,0.6675433914672309,0.5222088107747151,0.8124822677813598
LNGN0056,Cartagena LNG Terminal (Spain),2023-04-01,0.07344741181234742,-0.5083688712488563,0.8920863240496545,0.03218350150642352,-0.11863786349777314,0.181265107256074
LNGN0070,Corpus Christi LNG Terminal,2023-04-01,1.5704922111319592,1.0453248933344077,2.1970696447799436,1.2549340850785398,1.1634238927575102,1.3526498691923006
LNGN0079,Dabhol LNG Terminal,2023-04-01,-0.8220539253059157,-1.4038009658234545,-0.4179546989336122,-0.1618143135013574,-0.26680663667044285,-0.04075156219506919
LNGN0083,Damietta SEGAS LNG Terminal,2023-04-01,0.8383059942386584,-0.07473708147788309,1.9017953239301624,0.6793898946853619,0.5572192729432738,0.8193724166038543
LNGN0085,Das Island LNG Terminal,2023-04-01,0.41560869243715426,-0.07171830441153625,1.0722174072758623,0.8584681595362486,0.595333841857008,1.1037523504930384
LNGN0097,Dunkirk LNG Terminal,2023-04-01,0.7699255341042096,-0.006267388173656276,1.7304250278044315,0.1306188915064016,0.05122753314842752,0.21316308742259424
LNGN0098,Dörtyol FSRU,2023-04-01,-0.7459154478593167,-1.3801880391741843,-0.25761842428977194,0.05666508247973547,-0.02432584061180942,0.14930793390225958
LNGN0100,Eemshaven FSRU,2023-04-01,-0.006938522492446939,-0.3917779705673491,0.5500542901727168,-0.008167224909527038,-0.11361694756124072,0.11612391747861947
LNGN0103,Elba Island LNG Terminal,2023-04-01,-0.70376022592178,-1.3850036914720676,-0.1863326139219804,0.5928663665066569,0.42617888130212633,0.7547330998905223
LNGN0121,Fos Tonkin LNG Terminal,2023-04-01,0.5181898848442309,-0.1824602882248384,1.3968237771918206,-0.4857481811598897,-0.7719065145010849,-0.2063804576994008
LNGN0124,Freeport LNG Terminal,2023-04-01,1.3180007907205702,0.7001937311891953,2.1347696792757396,1.2517905467484323,1.1551341745002015,1.3582186532224907
LNGN0130,GasPort FSRU,2023-04-01,-0.8348927224538376,-1.4046609115525746,-0.4505199034280746,-0.12392355576762268,-0.2346015216985529,-0.0030935967987307596
LNGN0132,Gate LNG Terminal,2023-04-01,0.7093852840942453,-0.33698845402048894,1.9149035096051292,0.20161739480086938,0.13721395557017324,0.25156451024261706
LNGN0142,Gorgon LNG Terminal,2023-04-01,1.689216758777632,1.3878464414607943,2.1403088009480253,1.1134844813115365,1.009059744605972,1.229374244745857
LNGN0144,Grain LNG Terminal,2023-04-01,0.07498996429274472,-0.4530941575943909,0.7528643579544833,0.2650443916527157,0.16478794516423367,0.3547552198231827
LNGN0166,Hammerfest LNG Snohvit Terminal,2023-04-01,0.7250847217860058,-0.23016165607807684,1.8285973341486563,0.7317239283632643,0.6289127685577183,0.8382727163081451
LNGN0168,Hazira LNG Terminal,2023-04-01,0.6629970910623788,-0.06854583062795401,1.520969655777939,-0.17230250038658168,-0.23944452594316634,-0.09761626471274129
LNGN0173,Himeji LNG Terminal,2023-04-01,-0.8379744862919313,-1.388696532385423,-0.43692718117317025,-0.09269186185465342,-0.3262050879077665,0.1328285936724986
LNGN0175,Hong Kong FSRU,2023-04-01,-0.8569446029424057,-1.4108374009869147,-0.4779422040262034,0.007823274121045831,-0.10008051382248936,0.13732593361516982
LNGN0178,Huelva LNG Terminal,2023-04-01,0.3706397869808338,-0.4350909800304797,1.3711624624899528,0.05827715536600125,-0.11331486059561438,0.2275437573965411
LNGN0181,Incheon LNG Terminal,2023-04-01,0.6428744253459351,0.03161879325691596,1.4404228356002367,0.7507671197303485,0.5317840911811113,0.9632059747993554
LNGN0186,Izmir Aliaga LNG Terminal,2023-04-01,-0.7764792585592903,-1.357368180066515,-0.3244907769317411,0.045964138701907124,-0.043583674653794195,0.14266920622945595
LNGN0191,Jebel Ali FLNG Terminal,2023-04-01,-0.797433377657831,-1.3706497828094917,-0.3689357057674305,-0.06185031263447729,-0.11635702679502086,0.0009638529220883727
LNGN0195,Jieyang LNG Terminal (PipeChina),2023-04-01,0.4860370273745327,-0.33504890921382574,1.478425796886217,-0.28947179308967147,-0.40715023695140207,-0.17937660247311038
LNGN0206,Kiyanly LNG Terminal,2023-04-01,0.008391743394889871,-0.6274744465315129,0.8210227557614627,0.2837314658754681,0.12667692478062836,0.42721076294275184
LNGN0207,Klaipeda FSRU,2023-04-01,0.06236663438203249,-0.37288337910370944,0.6712890764535389,-0.31127398069484663,-0.4311389307214041,-0.18016499931523508
LNGN0210,Krk FSRU,2023-04-01,-0.8480396826889397,-1.3920865367234612,-0.46333609857954866,-0.3113371706829076,-0.4454366494013853,-0.16492830574850434
LNGN0230,Map Ta Phut LNG Terminal 2,2023-04-01,0.24097235119774804,-0.4781524535346901,1.0981112503089465,0.07804691124776779,-0.027095591789644855,0.20101682423979653
LNGN0232,Marmara LNG Terminal,2023-04-01,0.40406465438743705,-0.4773053419020595,1.43267613279671,-0.08148299200368096,-0.2000648897657693,0.02881812901049517
LNGN0244,Montoir LNG Terminal,2023-04-01,-0.7962502954164411,-1.429823412145755,-0.3701798769838009,0.04524532715638428,-0.19581893332766628,0.2755808190319522
LNGN0248,Mugardos LNG Terminal,2023-04-01,-0.8425835662971873,-1.426777600540699,-0.4605050267365177,-0.281517905536397,-0.3460718979230452,-0.223027302501241
LNGN0251,Mundra LNG Terminal,2023-04-01,-0.689789514677323,-1.3780921465702223,-0.16505427392467056,-0.03231849621659275,-0.12621079993913042,0.06922862836274127
LNGN0261,Nigeria LNG Terminal,2023-04-01,1.4341915304873047,0.8144284264391153,2.227132381028086,1.2839878881908677,1.118449573367534,1.4467504880810285
LNGN0270,Ohgishima LNG Terminal,2023-04-01,-0.8170211214775801,-1.4202742061445932,-0.40887491556010697,0.1302432892200381,0.012933505745641623,0.24209305529033137
LNGN0278,Panigaglia LNG Terminal,2023-04-01,-0.7726016630420035,-1.435951052439013,-0.2854449812080684,-0.48538542051943845,-0.7184844678651979,-0.2782641785367516
LNGN0285,Pengerang Johor LNG Terminal,2023-04-01,-0.807671127591062,-1.3713605387906784,-0.39965618740095327,-0.17005950412515572,-0.26112139188758654,-0.07135825684045646
LNGN0297,Pluto LNG Terminal,2023-04-01,1.5376081343124555,1.0991208461677173,2.1230038668705102,0.8497773272371286,0.7519730105703835,0.9486225689975073
LNGN0309,Prelude FLNG Terminal,2023-04-01,-0.8846415553860206,-1.4179176011360255,-0.5398554111826894,0.7302921530543038,0.5721183591750804,0.8922298904729631
LNGN0312,Punta Europa LNG Terminal,2023-04-01,0.2212588455716213,-0.23214049815880317,0.834422431188936,0.6787185987886815,0.5788882603773453,0.7723782808056546
LNGN0314,Pyeongtaek LNG Terminal,2023-04-01,0.6399295457847114,0.09532352269117804,1.3363589319700173,0.6513693001043815,0.3836805447963229,0.9087494143909086
LNGN0322,Queensland Curtis LNG Terminal,2023-04-01,-0.8130264865677674,-1.4024057885343078,-0.42238920923089945,0.8790306290696155,0.7524038276568152,0.9960711688163736
LNGN0324,Quintero LNG Terminal,2023-04-01,-0.7269521518744995,-1.4038660924265585,-0.21770567531721977,-0.4478607503831402,-0.6204588504755726,-0.2842212244819828
LNGN0328,Rasgas LNG Terminal 3,2023-04-01,4.366223863161543,1.9826216944716126,6.622408806581147,1.2494581080682232,1.1309578905147963,1.3553907256855862
LNGN0331,Revithoussa LNG Terminal,2023-04-01,0.7307683752405842,-0.08972299913937665,1.7009434880294922,-0.1993851704644652,-0.2707291317915152,-0.1237962904158707
LNGN0345,Sabine Pass LNG Terminal,2023-04-01,2.077186373123295,1.704935835835894,2.3123036798443364,1.4517982809797767,1.350087989663194,1.5564661930376695
LNGN0347,Sagunto LNG Terminal,2023-04-01,-0.8337143147668525,-1.4266079741795403,-0.43692812285910165,-0.037999217647617024,-0.09046693197010716,0.005471881028152179
LNGN0363,Shandong LNG Terminal,2023-04-01,0.03195686744191483,-0.5804279536736988,0.7918971610842284,0.22694518596506985,0.1490249333340041,0.2916029970644138
LNGN0374,Sines LNG Terminal,2023-04-01,0.5760850768091604,-0.4110347102307308,1.6951208344351287,-0.05963057667529474,-0.1307403207246539,-0.00028771068643707916
LNGN0378,Skikda LNG Terminal,2023-04-01,0.739184561546977,0.18980826263330033,1.4609877090994141,0.6800833945666623,0.4922185264662347,0.8855504796894986
LNGN0381,Sodegaura LNG Terminal,2023-04-01,0.3412325762263476,-0.0030242873621893034,0.8172093109340692,0.5326836125677216,0.2140377135419466,0.8552965825341057
LNGN0385,South Hook LNG Terminal,2023-04-01,0.5911559232324977,-0.0774207747331995,1.419742995185124,0.30741643764378956,0.21999123318918523,0.38293090278269426
LNGN0398,Taichung LNG Terminal,2023-04-01,-0.8431948579717705,-1.4250920157271727,-0.4458932315446682,-0.06458344518524826,-0.12585397435440626,-0.013687384654191307
LNGN0421,Tianjin LNG Terminal (Sinopec),2023-04-01,0.025776000474751728,-0.5940002354871055,0.770718116878301,0.20959813677230454,0.1407633570475266,0.28176161122790366
LNGN0423,Tiga Malaysia LNG Terminal,2023-04-01,0.15394904663522438,-0.21317735710283242,0.6872103520566591,0.9131331721464738,0.8199978247923017,1.002189818779463
LNGN0426,Tongyoung LNG Terminal,2023-04-01,0.11002181162941699,-0.4951729787431901,0.8989648387211309,0.5057911310170464,0.3510346676369836,0.6489098285854569
LNGN0435,Vysotsk LNG Terminal,2023-04-01,0.34422800195118547,0.1296125476764696,0.698721906391111,0.22696195374018088,-0.03768192449462904,0.500491657896793
LNGN0437,Wenzhou LNG Terminal,2023-04-01,0.36177078532701223,-0.49556783875753385,1.393278491615335,-0.19918798971325435,-0.3324186754829273,-0.05739254473106052
LNGN0441,Wheatstone LNG Terminal,2023-04-01,0.06932806923202496,-0.12849060336952636,0.3762249954591511,1.037164214067414,0.9279190272946083,1.1549227747128192
LNGN0449,Xintian Tangshan LNG Terminal,2023-04-01,-0.8411537241292351,-1.4177466767151872,-0.4554155721474709,-0.03384437940258745,-0.14344659498314766,0.0921087196364039
LNGN0452,Yamal LNG Terminal,2023-04-01,1.3297548317383252,0.9561102163985548,1.8840943176838432,1.2921912625527832,1.2001942602353992,1.3909057547679826
LNGN0463,Yung-An LNG Terminal,2023-04-01,0.07067952486186319,-0.5538582809582363,0.8512070437593462,0.20770801877391737,-0.008832698454009585,0.4223877046812714
LNGN0464,Zeebrugge LNG Terminal,2023-04-01,0.7417661094267045,0.24346626276946542,1.3514843924322844,0.14291199631107276,-0.03782292429103498,0.3276974797506283
LNGN0472,Zhoushan LNG Terminal,2023-04-01,-0.7846744668329491,-1.398295542459444,-0.35329378218426966,-0.09338888353052978,-0.19086967876866184,0.014021114429850712
LNGN0473,Zhuhai LNG Terminal,2023-04-01,-0.8501410100603348,-1.355434207821814,-0.46903594196984344,-0.14966508367405335,-0.2229199854464127,-0.08140800627366002
LNGN0474,Świnoujście Polskie LNG Terminal,2023-04-01,0.2469332630583012,-0.5257070350341914,1.2018161181661864,-0.06597337080734113,-0.13734256063662348,0.005649459641149956
LNGN0008,Al Zour LNG Import Terminal,2023-05-01,0.057278071816842344,-0.5308673248714961,0.8444868310328804,0.41249162610419665,0.2708910174644128,0.5502467144198788
LNGN0025,Arun LNG Import Terminal,2023-05-01,-0.7242640795452651,-1.400027068973077,-0.19847689905094065,-0.2845112488008016,-0.4150288237207103,-0.13670514848400764
LNGN0026,Arzew-Bethioua LNG Terminal,2023-05-01,1.3291572126257882,0.5519484804104426,2.2716049636927655,1.2930316384653817,1.0206858546957782,1.5556853308418555
LNGN0027,Atlantic LNG Terminal,2023-05-01,0.09297216351073519,-0.5285179119291236,0.8914691529915942,0.883633640088046,0.7583386891851585,0.9980664607175028
LNGN0035,Barcelona LNG Terminal,2023-05-01,-0.8636303653546067,-1.392636735164935,-0.5034947788938088,0.18098414848703132,-0.1180585834374266,0.48757597325725005
LNGN0037,Bilbao LNG Terminal,2023-05-01,0.35116083171274215,-0.4941274513020628,1.3078915977488468,-0.10276127410790702,-0.14988035788918855,-0.0523317412230061
LNGN0040,Boryeong LNG Terminal,2023-05-01,-0.8428919433788047,-1.3618152447246963,-0.4722050331606581,0.21253150963442177,0.143128024975492,0.2866220146415682
LNGN0044,Brunnsviksholme LNG Terminal,2023-05-01,0.3485872739460685,0.026806177013611703,0.8479518357220637,-0.8070926303988895,-1.0434487570023063,-0.5371578044521225
LNGN0050,Calcasieu Pass LNG Terminal,2023-05-01,1.0234793056879519,0.15635796098974178,2.02048450049434,1.131511700305515,0.9922742501986638,1.2732036048144
LNGN0052,Cameroon FLNG Terminal,2023-05-01,0.015420303397438682,-0.6930218145913423,0.836105078371162,0.6592311938509079,0.4969354725846164,0.8243764248215087
LNGN0056,Cartagena LNG Terminal (Spain),2023-05-01,0.6715449179585244,-0.2810631382221889,1.8001465533456613,0.06414606701655451,-0.08627370380641952,0.21941680687280318
LNGN0070,Corpus Christi LNG Terminal,2023-05-01,1.562111225047674,0.9592723216462118,2.3170886999542706,1.2590043277161012,1.1544623445925843,1.3765187724571615
LNGN0083,Damietta SEGAS LNG Terminal,2023-05-01,0.5565811870919141,-0.17860883007590603,1.4605395108376242,0.819842372840294,0.7243455559149465,0.9103846702863787
LNGN0085,Das Island LNG Terminal,2023-05-01,0.3612420986323033,-0.5662446024759252,1.440066366679562,0.8285691827098375,0.5967509642643439,1.0503500231782965
LNGN0097,Dunkirk LNG Terminal,2023-05-01,0.946320248205541,0.1203326550692625,1.9554000793961523,0.1327527489533043,0.033567341354531814,0.23223181161842024
LNGN0100,Eemshaven FSRU,2023-05-01,0.058461844282653504,-0.47953532093601947,0.7988619013863272,-0.005867503347690032,-0.13331613260569053,0.13055531505463872
LNGN0103,Elba Island LNG Terminal,2023-05-01,-0.9297420274255499,-1.3479180903125232,-0.6354174877273762,0.6384587779709079,0.4672304536790938,0.8124312729963933
LNGN0121,Fos Tonkin LNG Terminal,2023-05-01,0.46888076156755015,-0.28178503155560997,1.372481681195123,-0.5143584685690841,-0.777186679591522,-0.27319228189579314
LNGN0124,Freeport LNG Terminal,2023-05-01,1.768589797465459,1.5086106848581462,2.1571980101191737,1.27433833304318,1.1720785282867268,1.3926131118619818
LNGN0130,GasPort FSRU,2023-05-01,-0.3856713643966051,-0.5777231928440368,-0.016638604649507387,-0.3349743071030399,-0.5393015160959178,-0.11550028364823679
LNGN0132,Gate LNG Terminal,2023-05-01,1.2943877691391859,0.6342286605022016,2.092603324106378,0.18672666900287369,0.11798346287691068,0.2503113479639385
LNGN0136,Gibraltar LNG Terminal,2023-05-01,0.13452419027812776,-0.5652990246057735,1.0178375760920948,-0.6975331948793099,-0.8989590972917109,-0.500908372387261
LNGN0142,Gorgon LNG Terminal,2023-05-01,1.3689997343443325,0.8394701773635689,2.0822467369839126,1.239507346670549,1.1286900980528722,1.359280415127564
LNGN0144,Grain LNG Terminal,2023-05-01,0.39754810762073245,-0.4155663669087398,1.3716780646483442,0.27060636532229365,0.1868280239139039,0.35180134318945944
LNGN0166,Hammerfest LNG Snohvit Terminal,2023-05-01,0.3014282649640025,-0.6670614838304014,1.4304918180814064,0.6932488738671431,0.5758012323199734,0.8083460216027714
LNGN0168,Hazira LNG Terminal,2023-05-01,0.8689268048752516,0.015374005186717167,1.887474726672486,-0.2402598461389442,-0.31964435566228494,-0.16065937844664924
LNGN0170,Higashi Niigata LNG Terminal,2023-05-01,-0.7061582341295309,-1.3345677421538829,-0.19407668218396684,0.07301411484986993,-0.11111823685757802,0.26594755638054945
LNGN0173,Himeji LNG Terminal,2023-05-01,-0.8283724060659082,-1.3754577993704178,-0.4204992845245507,-0.09614676396689009,-0.3062596109369706,0.11758984186148128
LNGN0178,Huelva LNG Terminal,2023-05-01,0.4947290561293237,-0.30021752572516625,1.444746067727679,0.0660336142438043,-0.0916020878393138,0.22868134300359763
LNGN0181,Incheon LNG Terminal,2023-05-01,-0.11547726694454613,-0.5373669321352997,0.4805155351887954,0.7646838269180903,0.5584104582895197,0.9672178670604947
LNGN0186,Izmir Aliaga LNG Terminal,2023-05-01,0.41547548188752226,-0.41189810822457773,1.399503792820862,-0.035797637848569215,-0.140190623534341,0.06310105335035399
LNGN0191,Jebel Ali FLNG Terminal,2023-05-01,-0.0348220842770454,-0.45567933398039534,0.5203212609405721,-0.249512366402306,-0.47814791728636613,1.1016403182610756e-06
LNGN0195,Jieyang LNG Terminal (PipeChina),2023-05-01,0.2600358696136243,-0.414831579120526,1.0726795817366988,-0.30071737538234705,-0.4305040899081173,-0.1700717169403475
LNGN0207,Klaipeda FSRU,2023-05-01,-0.26742323410080826,-0.4718843029097742,0.10184583374237093,-0.26803992786469955,-0.3829403661868912,-0.14743403923934018
LNGN0208,Kochi LNG Terminal,2023-05-01,-0.14643153079514862,-0.5236579980665478,0.40414081492006043,-0.2604407361629314,-0.4027990090612156,-0.11449912480988823
LNGN0210,Krk FSRU,2023-05-01,0.07426278037201317,-0.5437906468903072,0.8829812156942372,-0.3126108862368531,-0.4676091783113786,-0.15351955819073126
LNGN0230,Map Ta Phut LNG Terminal 2,2023-05-01,0.47720543212387717,-0.08011197185997362,1.2433961915994183,0.04623719400720879,-0.1007756798586998,0.20112187030130593
LNGN0244,Montoir LNG Terminal,2023-05-01,0.08607132804147498,-0.5095231233019696,0.8179076908670051,0.012557613812439923,-0.18926561729184554,0.22041254692337045
LNGN0248,Mugardos LNG Terminal,2023-05-01,-0.8303698755247789,-1.4059615049786043,-0.41216838672587847,-0.2970722503303875,-0.37858631527119174,-0.21832382018083873
LNGN0261,Nigeria LNG Terminal,2023-05-01,1.685502942945578,1.2706877089550155,2.2706334601798206,1.2832216254910327,1.1370115289254485,1.423200455521343
LNGN0270,Ohgishima LNG Terminal,2023-05-01,-0.8686186913774661,-1.3888072079019118,-0.5029309762827829,0.1309307993374177,0.033242159706518545,0.231037261088911
LNGN0278,Panigaglia LNG Terminal,2023-05-01,-0.7273149491938311,-1.4219775457901673,-0.21223281746857395,-0.486659136073384,-0.7031140585919551,-0.2867274450303734
LNGN0293,Pinghu LNG Terminal,2023-05-01,-0.8229562044123219,-1.4009970496143096,-0.3941048593212502,-0.5381389586059804,-0.7438614470212658,-0.31830693873101024
LNGN0297,Pluto LNG Terminal,2023-05-01,1.1393903825545306,0.4387369093800697,2.006731092702072,0.8442538911786456,0.7276945915021136,0.9602517728247381
LNGN0309,Prelude FLNG Terminal,2023-05-01,0.21611987568000998,-0.28813692682529957,0.8741934578112736,0.7578198285398948,0.5946292116247296,0.9250828528196064
LNGN0314,Pyeongtaek LNG Terminal,2023-05-01,0.0968813309491981,-0.5224955855651637,0.8702292602071522,0.6475675911570649,0.39861996883214235,0.8907122572080329
LNGN0319,Qidong LNG Terminal,2023-05-01,-0.8678051453497486,-1.3940463769559432,-0.4834714053654828,-0.06711878721611365,-0.17016042275130208,0.0411470368859271
LNGN0324,Quintero LNG Terminal,2023-05-01,1.0824146688199667,0.8654802995018783,1.4349896900444425,-0.45235164617682017,-0.6564879906376966,-0.27533116543588987
LNGN0328,Rasgas LNG Terminal 3,2023-05-01,5.249333701713178,2.037970637904823,8.342457838721014,1.24182456953831,1.149606512157043,1.3363195960839782
LNGN0331,Revithoussa LNG Terminal,2023-05-01,-0.8485457957554027,-1.4235311444990713,-0.4651459506232405,-0.09463026066832497,-0.16280966092728222,-0.025348374642507582
LNGN0345,Sabine Pass LNG Terminal,2023-05-01,1.9329820887763034,1.7421694714769071,2.2579918732919193,1.4552617812744038,1.3460351563908575,1.5657599067865835
LNGN0347,Sagunto LNG Terminal,2023-05-01,0.04808035623526912,-0.5981798510261399,0.8664986014841258,-0.015528869666727332,-0.06125975349762415,0.029889180113517457
LNGN0359,Senboku 2 LNG Terminal,2023-05-01,-0.8234838612897071,-1.411837625975639,-0.42889576688955156,0.10075197885597074,-0.13361255215060802,0.34335356756971475
LNGN0363,Shandong LNG Terminal,2023-05-01,-0.8684629354765027,-1.4266874806358592,-0.48609443489162046,0.1894116189380195,0.11638958416257708,0.2601719776916768
LNGN0374,Sines LNG Terminal,2023-05-01,0.39922264944469255,-0.2621341655647464,1.2391292033456205,-0.06284900573236392,-0.10931102555451214,-0.013539303320322296
LNGN0378,Skikda LNG Terminal,2023-05-01,0.41497031091726394,-0.2962314934829277,1.2818850375810273,0.6960035250835747,0.503885103717312,0.90368210427184
LNGN0381,Sodegaura LNG Terminal,2023-05-01,0.8952950630123684,0.055769342774462626,1.8375694033432162,0.515276161440343,0.21208129288420205,0.8216048734247753
LNGN0385,South Hook LNG Terminal,2023-05-01,-0.3502439190856012,-0.5770432640739699,0.028333690422282943,0.2559921266217304,0.1908283879230043,0.3087164020030865
LNGN0398,Taichung LNG Terminal,2023-05-01,-0.0187289211986407,-0.5774655821509938,0.6618100424445997,-0.06585716073919452,-0.11977018814588532,-0.010977550166841023
LNGN0421,Tianjin LNG Terminal (Sinopec),2023-05-01,-0.7600699001337156,-1.4233113107697826,-0.2876634123163565,0.19139769669806325,0.09683243994974702,0.28843778703030326
LNGN0423,Tiga Malaysia LNG Terminal,2023-05-01,-0.06178983423086355,-0.25740895396183117,0.2656201146544015,0.9206422864770385,0.8324970055088786,1.0088971888784017
LNGN0426,Tongyoung LNG Terminal,2023-05-01,-0.8571042646963438,-1.3427303762903595,-0.5004119880602761,0.5100370721759548,0.366214242154593,0.6427641212907452
LNGN0428,Toscana FSRU,2023-05-01,0.34535308557157,-0.5400185676677806,1.450492897462162,-0.2969315206773126,-0.4321923353326984,-0.1638581114759221
LNGN0435,Vysotsk LNG Terminal,2023-05-01,0.6203437252643125,-0.07071853144103618,1.4704359302477175,0.23892359526695875,-0.04272756392438566,0.5194583581878528
LNGN0437,Wenzhou LNG Terminal,2023-05-01,0.0429433469625076,-0.5492427196873919,0.7673225833736664,-0.22739913502604514,-0.38396056856122573,-0.058298880861175364
LNGN0441,Wheatstone LNG Terminal,2023-05-01,0.2548089713921713,-0.21304692074141585,0.8628513725811617,1.0508253055033465,0.9267774528614842,1.1843065453886248
LNGN0442,Wilhelmshaven FSRU,2023-05-01,-0.859558586347487,-1.4014685358695271,-0.47319606570996064,-0.014038113664008934,-0.14801833353092625,0.12966686456469345
LNGN0449,Xintian Tangshan LNG Terminal,2023-05-01,0.618189022848648,-0.19227660942034364,1.5523633125246874,-0.039313934504026274,-0.17089708821345292,0.09976810667891883
LNGN0452,Yamal LNG Terminal,2023-05-01,1.7568065216798625,1.520182466901438,1.9726438274525084,1.2629561612652633,1.1336990431163543,1.3971707503859971
LNGN0463,Yung-An LNG Terminal,2023-05-01,0.5145126738878311,-0.25834817326781895,1.483773520410656,0.17123211023898516,-9.017687554955628e-05,0.3470543964593625
LNGN0464,Zeebrugge LNG Terminal,2023-05-01,0.15566859868320201,-0.11742487360433637,0.5973858392203362,0.13979814842678576,-0.026215406681302657,0.31238550063247045
LNGN0472,Zhoushan LNG Terminal,2023-05-01,-0.8695086956382722,-1.3919435472191788,-0.5122148963899099,-0.09298982937710565,-0.21312808287739798,0.03371511106922723
LNGN0473,Zhuhai LNG Terminal,2023-05-01,-0.8706866032684718,-1.347674457711977,-0.4985863496551565,-0.1737885385416128,-0.2643170419969592,-0.08362238154836628
LNGN0474,Świnoujście Polskie LNG Terminal,2023-05-01,0.45369802307967555,-0.4077966360575229,1.4442457236135802,-0.07661993283164036,-0.16421427894507173,0.012311968223729996
LNGN0008,Al Zour LNG Import Terminal,2023-06-01,0.4341293109074169,0.10688081686714314,0.8811838060909702,0.39144224678818973,0.20671685948680188,0.5681964755965186
LNGN0025,Arun LNG Import Terminal,2023-06-01,-0.8005929266729677,-1.474314050721424,-0.3734787242334648,-0.2671740084806078,-0.40746574543123526,-0.1167602565497788
LNGN0026,Arzew-Bethioua LNG Terminal,2023-06-01,1.5270507226922352,1.07557432611169,2.1412283524436106,1.1695429716128163,0.9434599705956433,1.4020263404799607
LNGN0027,Atlantic LNG Terminal,2023-06-01,1.5114632463281326,1.2064684583006602,1.9976793873159422,0.9141603304305367,0.7893932578760187,1.027641121296884
LNGN0035,Barcelona LNG Terminal,2023-06-01,0.06135541613711718,-0.5677642309726895,0.8721862622741866,0.18742868577400926,-0.0953166073097102,0.4789737502756026
LNGN0037,Bilbao LNG Terminal,2023-06-01,-0.17492860744567,-0.46626849771924506,0.25550642879731617,-0.15339258023406507,-0.2081746591609519,-0.0968375943342129
LNGN0040,Boryeong LNG Terminal,2023-06-01,0.0724600616000032,-0.5473292892015214,0.8357807856720237,0.24705689125924868,0.1654843182998802,0.3325285419258352
LNGN0050,Calcasieu Pass LNG Terminal,2023-06-01,1.667950523229451,1.2638573292465722,2.2379033816144687,1.2103275401487172,1.0706349094142322,1.3704161216682023
LNGN0052,Cameroon FLNG Terminal,2023-06-01,-0.8825132410987832,-1.378610692576232,-0.5514705409277831,0.6920715533062967,0.5183903102385713,0.8657442767603717
LNGN0056,Cartagena LNG Terminal (Spain),2023-06-01,-0.8067363181564293,-1.3568583310378675,-0.35763980378249655,0.039464147464716826,-0.07868222235163251,0.1631958225941871
LNGN0070,Corpus Christi LNG Terminal,2023-06-01,1.0825288771633224,0.20020888485322252,2.139964603735734,1.2602071153444132,1.1304176532900394,1.3981569534556726
LNGN0076,Cove Point LNG Import Terminal,2023-06-01,-0.8160933246995826,-1.3884002924916414,-0.4093955548209155,0.24399110319447118,0.01160714497568791,0.4839284747613842
LNGN0081,Dalian LNG Terminal,2023-06-01,-0.6948670752353382,-1.4120357844767912,-0.1620103191318944,0.07279888736458245,-0.06712120995065897,0.20260035340330568
LNGN0085,Das Island LNG Terminal,2023-06-01,0.47139429491905316,-0.34276693863744884,1.4532686668314179,0.8612671856368452,0.6233058669108842,1.0815077232098684
LNGN0097,Dunkirk LNG Terminal,2023-06-01,0.6695787703708012,-0.10385114077404894,1.5297402752450713,0.14416597375753631,0.026599331191863133,0.25636387437750957
LNGN0100,Eemshaven FSRU,2023-06-01,0.6729653938398642,-0.08491225451451047,1.561282437938272,0.0009245464208439835,-0.14705099235115032,0.15090528443334839
LNGN0101,Egyptian LNG Terminal,2023-06-01,-0.8917389289108566,-1.3791527655865565,-0.5447372698591458,1.0363491839798837,0.9160083799312747,1.1557031695950475
LNGN0121,Fos Tonkin LNG Terminal,2023-06-01,0.49710253944821325,-0.30394919823157474,1.463998099508907,-0.5051678089987978,-0.7478991097858374,-0.2719993368593762
LNGN0124,Freeport LNG Terminal,2023-06-01,2.2227551152610596,1.7886824037016327,2.5247921188343745,1.2743637733796898,1.146603744625978,1.4156799190059093
LNGN0130,GasPort FSRU,2023-06-01,-0.8320090506858371,-1.4209284334305778,-0.41860929210225223,-0.13185702757447787,-0.29478800072352396,0.03152004578847541
LNGN0132,Gate LNG Terminal,2023-06-01,1.2731893280379551,0.5576385148455612,2.1405926908540662,0.20729055063460086,0.13205649256026017,0.2801149005583073
LNGN0136,Gibraltar LNG Terminal,2023-06-01,-0.8185936477041866,-1.3926989671230428,-0.38957498964243464,-0.6944283147145429,-0.9041762503289865,-0.4823637297091013
LNGN0142,Gorgon LNG Terminal,2023-06-01,1.0165226470517426,0.36753387585318653,1.806407245653727,1.242939922700689,1.1058839078388387,1.381723617442897
LNGN0163,Hainan Shennan LNG Storage Facility,2023-06-01,-0.8009417722861644,-1.4263342531477845,-0.3458897048990548,-0.6382196738309072,-0.8123366615446913,-0.462077968300494
LNGN0166,Hammerfest LNG Snohvit Terminal,2023-06-01,0.486074345492663,-0.18682066706761655,1.3272144126761327,0.7460505265498847,0.6096362035834517,0.8871425910420865
LNGN0168,Hazira LNG Terminal,2023-06-01,1.0586768414757064,0.3792079270479796,1.9056876576110982,-0.09092494543947388,-0.14735204595265544,-0.03441424473666477
LNGN0170,Higashi Niigata LNG Terminal,2023-06-01,-0.8505687756584106,-1.3653070588982568,-0.4751078579614406,0.08095671632364057,-0.08828549077030676,0.2601313529494485
LNGN0173,Himeji LNG Terminal,2023-06-01,-0.8123734474735843,-1.3754046709440055,-0.3842875095005925,-0.2361861366043894,-0.41838455724204743,-0.05109742360159576
LNGN0178,Huelva LNG Terminal,2023-06-01,0.39967561790366235,-0.4673702053547383,1.4451638532206619,0.0729231409747707,-0.06786259132526795,0.22042202625646834
LNGN0181,Incheon LNG Terminal,2023-06-01,0.37675442552307126,0.11781408591960443,0.759631169439293,0.7650978232690797,0.5793188554536299,0.954064958192547
LNGN0182,Inkoo FSRU,2023-06-01,-0.8283785945157919,-1.4059318929697717,-0.4313198858321109,-0.18311375190588194,-0.36184767906424337,0.0030256396930446075
LNGN0186,Izmir Aliaga LNG Terminal,2023-06-01,-0.7939928383577649,-1.433464221584137,-0.36257588467995994,0.10896006131984327,0.015298988543783861,0.19198258879891555
LNGN0191,Jebel Ali FLNG Terminal,2023-06-01,-0.01976503199992307,-0.41006482592883464,0.5624822201737867,-0.2319726953194485,-0.47286336471479806,0.02394215658891676
LNGN0195,Jieyang LNG Terminal (PipeChina),2023-06-01,0.004552320714120914,-0.45016959031331427,0.6270522045657646,-0.28195732986072536,-0.41941569970073667,-0.14140507481380127
LNGN0207,Klaipeda FSRU,2023-06-01,-0.6957165172193113,-1.324170542028111,-0.1746298213929874,-0.31035167207452663,-0.4684151502987262,-0.1408876335601789
LNGN0210,Krk FSRU,2023-06-01,-0.8550084572606393,-1.3958575013409522,-0.4556096422718519,-0.2951574112481667,-0.46092534680533065,-0.12354822250627069
LNGN0230,Map Ta Phut LNG Terminal 2,2023-06-01,0.9643281150771255,0.3600281287351932,1.6778236029406586,0.054406149701631414,-0.11007721466717689,0.22009288888700726
LNGN0237,Mejillones LNG Terminal,2023-06-01,-0.8399099817157683,-1.3721025479908349,-0.43833512840378797,-0.4128855929901928,-0.5366608153442657,-0.29308935448579887
LNGN0244,Montoir LNG Terminal,2023-06-01,0.04500602587517415,-0.2745576199237136,0.5694299651197706,0.03176362892798983,-0.15479236489663611,0.22891123889356305
LNGN0248,Mugardos LNG Terminal,2023-06-01,-0.8366356422514148,-1.3852015887335194,-0.4428692567219747,-0.29048216371207924,-0.3824429109585409,-0.19835112853800965
LNGN0261,Nigeria LNG Terminal,2023-06-01,1.521541909401956,1.1008629017187332,2.105906649306965,1.2987126064854462,1.1634007369900685,1.4315506113589378
LNGN0274,Oman Qalhat LNG Terminal,2023-06-01,-0.896570461537534,-1.3380692214183314,-0.5876698358588667,1.0503019624029348,0.9491694365424062,1.1485987860315592
LNGN0278,Panigaglia LNG Terminal,2023-06-01,0.05107019382956654,-0.39537498851013453,0.6647061752774798,-0.4800690494550755,-0.6739947655007676,-0.2891397453327901
LNGN0287,Penuelas LNG Terminal,2023-06-01,-0.8255244370460442,-1.3708445014704325,-0.4002913825196095,-0.33677433020781095,-0.4109752526387192,-0.2666549072477397
LNGN0288,Peru LNG Terminal,2023-06-01,-0.6817846527686252,-1.3947181038957317,-0.1399002313587377,0.7452358628566603,0.5841795212891675,0.9180224008482646
LNGN0293,Pinghu LNG Terminal,2023-06-01,-0.7999649458943737,-1.4327314187472768,-0.34402639313917505,-0.5315488719876723,-0.7476292618430129,-0.2989297357067416
LNGN0297,Pluto LNG Terminal,2023-06-01,1.2502390674260246,0.6097214503701265,2.0334805184331493,0.8509368992810074,0.7164627111099924,0.9872386461549267
LNGN0308,Portovaya LNG Terminal,2023-06-01,-0.6809782712632253,-1.3996337088612976,-0.12649280508768407,0.31439470373745837,-0.057112399069498956,0.6981380322296262
LNGN0309,Prelude FLNG Terminal,2023-06-01,-0.8958651527564272,-1.3925301835911927,-0.5642518139027628,0.7519822230094491,0.5688317687472887,0.9455502031086243
LNGN0319,Qidong LNG Terminal,2023-06-01,0.034287779436348594,-0.5097904760703404,0.7354890216989814,-0.04331645211068962,-0.15405453153253995,0.06798673681401579
LNGN0324,Quintero LNG Terminal,2023-06-01,-0.766531438320253,-1.3771764844149652,-0.30556912182040785,-0.3343990328552151,-0.48588879093803417,-0.19595684963374754
LNGN0328,Rasgas LNG Terminal 3,2023-06-01,4.208686142168805,2.019951890951964,6.3108932752469515,1.2464819975847956,1.1527083850163784,1.3421877382555711
LNGN0331,Revithoussa LNG Terminal,2023-06-01,-0.1161854729830394,-0.5180773223813709,0.4567882893593879,-0.052736615352744785,-0.12832673161063235,0.03259613817638746
LNGN0345,Sabine Pass LNG Terminal,2023-06-01,1.2572194183881942,0.5103481803602977,2.203881208688442,1.447931562595102,1.3250451789274735,1.5788268306978828
LNGN0347,Sagunto LNG Terminal,2023-06-01,-0.0030876325540024102,-0.43764642026378175,0.5845947333693206,-0.04957757256852006,-0.12912929946514254,0.030642621610167793
LNGN0351,Sakhalin II LNG Terminal,2023-06-01,0.23312202923318062,-0.2349564141625282,0.8578670580744256,0.8339631129941888,0.6445330907303654,1.0181644776865473
LNGN0359,Senboku 2 LNG Terminal,2023-06-01,-0.8442547082045122,-1.4162669151310263,-0.4427030389756322,-0.039197086165872884,-0.24902357968508657,0.16722902851603347
LNGN0374,Sines LNG Terminal,2023-06-01,0.05483201094334496,-0.4797700561246868,0.7324495766730633,-0.1273480905523923,-0.18671929887165145,-0.07231731156748569
LNGN0378,Skikda LNG Terminal,2023-06-01,1.0223484565672054,0.3554494650980674,1.8620075490345163,0.6008130714164739,0.3551815058111073,0.8525096279797507
LNGN0381,Sodegaura LNG Terminal,2023-06-01,0.6304121824466555,-0.24575619964594905,1.6569119002350055,0.4311840800767529,0.14206738183303902,0.7075144971236886
LNGN0385,South Hook LNG Terminal,2023-06-01,-0.8385084991417865,-1.3976957496024922,-0.44636954440547627,0.32548514494000214,0.25676055498106487,0.3888353272893346
LNGN0391,Summit FSRU,2023-06-01,0.06487275596233484,-0.5229981519244997,0.818793195854458,-0.1760285791156927,-0.3276524436913629,-0.018262032911747637
LNGN0398,Taichung LNG Terminal,2023-06-01,0.22740510638357445,-0.44797659896363395,1.1244196541182352,-0.07166872022823197,-0.1418689403273688,5.000380682287148e-06
LNGN0421,Tianjin LNG Terminal (Sinopec),2023-06-01,0.5833240227344324,0.03263668711469135,1.3057404635855037,0.22968259627825105,0.132916020178347,0.3308443381348322
LNGN0423,Tiga Malaysia LNG Terminal,2023-06-01,0.55034202366662,-0.13331892906814274,1.3693055321867487,0.8147452677317375,0.6996378605203633,0.9258845377924285
LNGN0426,Tongyoung LNG Terminal,2023-06-01,-0.5285277540668616,-1.3793249393684195,0.16409746818386992,0.3156015564071941,0.20566303238841296,0.42140878954109684
LNGN0427,Tornio Manga LNG Terminal,2023-06-01,-0.811675049313524,-1.3813696157300381,-0.3806585179678439,-0.7531649132809739,-1.02120816856143,-0.4530848722994211
LNGN0428,Toscana FSRU,2023-06-01,0.41032757017698124,-0.43470015056671635,1.4789454178279178,-0.1445177248347481,-0.25221601214882,-0.03838711103846855
LNGN0435,Vysotsk LNG Terminal,2023-06-01,-0.16993895348261695,-0.36324412548201296,0.07530828938005747,0.23535474067735868,-0.06817120967274078,0.5446490445111425
LNGN0437,Wenzhou LNG Terminal,2023-06-01,-0.8526803404944794,-1.3614072716200774,-0.4573492425436426,-0.21244314349313073,-0.3809366326294118,-0.03404038971217289
LNGN0441,Wheatstone LNG Terminal,2023-06-01,1.227710790693807,0.6622291318525112,1.9151698559954755,1.0506882493289793,0.9074704316127749,1.2049645873933814
LNGN0442,Wilhelmshaven FSRU,2023-06-01,0.08761117999639836,-0.5428473555699589,0.8723264275285265,-0.008318415114762279,-0.16360606258045793,0.14851899118372472
LNGN0449,Xintian Tangshan LNG Terminal,2023-06-01,0.00281870377138193,-0.550908189341399,0.7329655188937171,-0.006898214291841925,-0.1444649629141436,0.1399050510815271
LNGN0452,Yamal LNG Terminal,2023-06-01,1.4329515605613083,1.1416914284392483,1.9334492725091321,1.29552477160559,1.159087929453366,1.4331285077650673
LNGN0460,Yokkaichi Works LNG Terminal,2023-06-01,0.4046192059522093,0.12859659734962528,0.8637697789471527,-0.4673754678047441,-0.5680129589188908,-0.37068095341597296
LNGN0463,Yung-An LNG Terminal,2023-06-01,0.4334492517178566,-0.29090079841029864,1.358800845173424,0.1703854065576928,0.019597308209042635,0.3259036926848853
LNGN0464,Zeebrugge LNG Terminal,2023-06-01,0.8629526720746035,0.2499219674205674,1.6387864237125742,0.14372283870693078,-0.002230365455423568,0.2954408240346279
LNGN0472,Zhoushan LNG Terminal,2023-06-01,0.08384979633247176,-0.4250272261280176,0.7620383683882886,-0.04605064599672075,-0.16355152427259018,0.0736068385788854
LNGN0473,Zhuhai LNG Terminal,2023-06-01,-0.8187441486211338,-1.3887692198169812,-0.39846887602048287,-0.16719845192330446,-0.2720493330211192,-0.06333077139109
LNGN0474,Świnoujście Polskie LNG Terminal,2023-06-01,0.30975604438920723,-0.41186824440927183,1.1409356487811555,-0.07747098408071973,-0.18017309831679051,0.023654464932061012
LNGN0008,Al Zour LNG Import Terminal,2023-07-01,0.2576761603403131,-0.10915382213071656,0.7925086745017605,0.40782753010449374,0.22072986158930027,0.5971271931622751
LNGN0026,Arzew-Bethioua LNG Terminal,2023-07-01,0.5102136481121926,-0.05875162234204324,1.2110491129642833,1.238492949260787,1.010294910291099,1.4624924758749513
LNGN0027,Atlantic LNG Terminal,2023-07-01,1.0237929992430668,0.48418370861890075,1.7355837230800801,0.9225554719486397,0.7897813099386339,1.0411007652445474
LNGN0035,Barcelona LNG Terminal,2023-07-01,-0.050931323806220695,-0.553236027967644,0.6014658643508598,0.09214626243444277,-0.17765867706845712,0.35467805661454105
LNGN0037,Bilbao LNG Terminal,2023-07-01,0.08796722586448713,-0.5085833816907984,0.8468713770167101,-0.1342037108384281,-0.19947502017938354,-0.0726886227955678
LNGN0045,Brunsbüttel FSRU,2023-07-01,-0.7776164640085461,-1.3933031410516377,-0.33814051328550276,-0.12827928108585146,-0.29345659540114855,0.045918978902963425
LNGN0050,Calcasieu Pass LNG Terminal,2023-07-01,1.7142865325194243,1.4123790312931253,2.138887421502499,1.165649631633518,1.003748584552093,1.3386874295351825
LNGN0052,Cameroon FLNG Terminal,2023-07-01,-0.8463355754082035,-1.3904161364503749,-0.48078051926068394,0.719993109607156,0.5399879725350664,0.9035352194047134
LNGN0056,Cartagena LNG Terminal (Spain),2023-07-01,0.06642349012773913,-0.5295501778474901,0.8277854760638821,-0.19793017728560588,-0.3102243056106736,-0.07084992766309346
LNGN0070,Corpus Christi LNG Terminal,2023-07-01,1.603951347822492,1.2806799920657592,2.089050655752593,1.2946212486374353,1.16843375001795,1.4390190628077548
LNGN0081,Dalian LNG Terminal,2023-07-01,0.08655951835587473,-0.49184227717698265,0.8420444537769322,0.08548696776774016,-0.0647004135540716,0.2194405932716318
LNGN0085,Das Island LNG Terminal,2023-07-01,0.3883064634575579,-0.5104060333215492,1.4506467652054496,0.8586157722690081,0.6357659980315553,1.0632584899675324
LNGN0097,Dunkirk LNG Terminal,2023-07-01,0.46925969829615893,-0.3052359702171711,1.450050667569347,0.17417070354027545,0.059389877152531995,0.2960232352067783
LNGN0100,Eemshaven FSRU,2023-07-01,0.3987135588737079,-0.45060912861191094,1.4011658819940436,-0.2837940835267026,-0.5506606990383132,-0.02663948480253128
LNGN0121,Fos Tonkin LNG Terminal,2023-07-01,-0.2731570446306633,-0.4963324378024058,-0.01980310385034905,-0.608723952874836,-0.828760075278635,-0.3933758528281879
LNGN0124,Freeport LNG Terminal,2023-07-01,1.311117249174265,0.5815032326099387,2.1534955646142238,1.2917708432875588,1.1577233083594287,1.4436119046881024
LNGN0130,GasPort FSRU,2023-07-01,-0.21716910975519288,-0.5504099884852978,0.27907568716670345,-0.16906668082576626,-0.37838743558493365,0.04443010911455364
LNGN0132,Gate LNG Terminal,2023-07-01,0.5413340438967519,0.054464152710728304,1.2232246573846897,0.22461778332246907,0.1415876338634611,0.30615604767342025
LNGN0142,Gorgon LNG Terminal,2023-07-01,0.9666219607565063,0.18773047336865098,1.8881958891303225,1.1267050550480437,0.9574866196319661,1.2897439804177973
LNGN0166,Hammerfest LNG Snohvit Terminal,2023-07-01,1.5379893269710665,1.2994187186890582,1.8882810093652889,0.6307717725129809,0.45501951301394467,0.8014593785683188
LNGN0168,Hazira LNG Terminal,2023-07-01,0.7715158947238412,0.2715780523247795,1.4497615265293633,-0.06607800220826915,-0.1275562512811226,-0.0025288753644478875
LNGN0170,Higashi Niigata LNG Terminal,2023-07-01,-0.7847297610285633,-1.3851138290505627,-0.35140393146574606,0.1299999923808649,-0.055522380403181575,0.313058478207698
LNGN0173,Himeji LNG Terminal,2023-07-01,-0.5151899855772718,-1.3832519003645216,0.1978232550755859,-0.07686859694542411,-0.26761611799932217,0.10275563356267593
LNGN0178,Huelva LNG Terminal,2023-07-01,0.0670165640053406,-0.5405628519112379,0.8247614750245513,0.028962749281421375,-0.09668102657246336,0.15300344235634497
LNGN0181,Incheon LNG Terminal,2023-07-01,-0.11119754000677434,-0.4983271417274908,0.4374749346606912,0.7656237536865644,0.5975357704731176,0.9390854547406122
LNGN0182,Inkoo FSRU,2023-07-01,-0.7780709216162282,-1.3727021550406695,-0.3376875964356581,-0.1753832738580506,-0.3622890922273039,0.020238543375214763
LNGN0186,Izmir Aliaga LNG Terminal,2023-07-01,-0.6723260764938025,-1.3844500047721058,-0.11273293318500514,-0.016519470827103103,-0.1561091709820885,0.11046869490529442
LNGN0191,Jebel Ali FLNG Terminal,2023-07-01,-0.1877060052739252,-0.3883503298256445,0.15671751447224916,-0.21928461491629103,-0.4739482913607588,0.04560037043879023
LNGN0195,Jieyang LNG Terminal (PipeChina),2023-07-01,0.9912804749367452,0.18110658330881424,1.9819781369683316,-0.332727362186673,-0.49089690354251764,-0.16458434061537394
LNGN0206,Kiyanly LNG Terminal,2023-07-01,-0.0162164006030479,-0.4914020577780554,0.6307632054091965,0.3215104810722807,0.14092315582326906,0.5094294759827349
LNGN0207,Klaipeda FSRU,2023-07-01,-0.7818878756209364,-1.3733178950580796,-0.3165087827796079,-0.2932695292273271,-0.4559310929789756,-0.11703957269650599
LNGN0210,Krk FSRU,2023-07-01,0.04772452986809,-0.544274783264037,0.7639931278710496,-0.48883866488960137,-0.733730739885369,-0.25161454241150594
LNGN0230,Map Ta Phut LNG Terminal 2,2023-07-01,0.6048825378773587,-0.34566526090825195,1.7295409926761696,0.09569863482977115,-0.06257479581889869,0.2618512124349184
LNGN0244,Montoir LNG Terminal,2023-07-01,0.5240801962074619,-0.12651809209561865,1.3198974197825128,0.041097815673957455,-0.13994682321658317,0.2175856109223843
LNGN0248,Mugardos LNG Terminal,2023-07-01,-0.8360760961125022,-1.400070096730338,-0.4157169468969603,-0.27779408330892186,-0.3798077963043318,-0.1722347330641608
LNGN0261,Nigeria LNG Terminal,2023-07-01,1.3524883956947213,0.9275565643370424,1.924756977630125,1.3259200172510093,1.1986643133367736,1.4515653427084563
LNGN0274,Oman Qalhat LNG Terminal,2023-07-01,0.8605842533209568,0.13419199620488823,1.7540647541372747,0.9906428863471464,0.8928261206593161,1.0852103241679385
LNGN0278,Panigaglia LNG Terminal,2023-07-01,0.20610932664756224,-0.09755936103468321,0.7162873716427932,-0.45504739450731935,-0.638233856935937,-0.2744260360248646
LNGN0287,Penuelas LNG Terminal,2023-07-01,-0.7833215251235732,-1.4039304533585286,-0.31306097267186833,-0.66086463561755,-0.8690015523446482,-0.45807710604347485
LNGN0297,Pluto LNG Terminal,2023-07-01,1.5225114776650583,1.085217573276269,2.124706881359921,0.8614906523858038,0.7168141665366632,1.0150598620436047
LNGN0309,Prelude FLNG Terminal,2023-07-01,0.4626354270672698,-0.3336044953769859,1.412749470276995,0.7770979955613604,0.581024172121606,0.9790131971729418
LNGN0312,Punta Europa LNG Terminal,2023-07-01,-0.6625730587409409,-1.399164560551138,-0.11760157221451521,0.7287051555425837,0.5965773833818565,0.8555299854238119
LNGN0319,Qidong LNG Terminal,2023-07-01,0.4996631785069002,0.1064169926331435,1.0665644782298962,-0.047840620194647555,-0.17275457966416533,0.08418832704274753
LNGN0322,Queensland Curtis LNG Terminal,2023-07-01,-0.6653632505075919,-1.3431322424380316,-0.11458435234566096,0.7868587521674342,0.5708208657550411,0.9875334991682485
LNGN0324,Quintero LNG Terminal,2023-07-01,-0.518032917835885,-1.3850895045268743,0.19402180781691264,-0.3353205063179542,-0.49693687922982066,-0.1841396092157339
LNGN0328,Rasgas LNG Terminal 3,2023-07-01,3.9178144225468174,1.9275393543804413,5.771013381037833,1.2623307108742743,1.1605554455659597,1.366462182410845
LNGN0345,Sabine Pass LNG Terminal,2023-07-01,2.0062390919847353,1.7712403536576486,2.356669556799276,1.468444008985798,1.3403977882302351,1.6015887230706858
LNGN0347,Sagunto LNG Terminal,2023-07-01,0.48333805421432935,-0.298947289695541,1.44566932723986,-0.15815799536690012,-0.2736562104599584,-0.04408586950098444
LNGN0351,Sakhalin II LNG Terminal,2023-07-01,-0.8729885062443344,-1.3765599813632525,-0.531544301050645,0.7305846338368182,0.4836699962199447,0.9730979042668159
LNGN0359,Senboku 2 LNG Terminal,2023-07-01,-0.7866405213421063,-1.444346021489232,-0.33889137323279533,0.1877789040322926,-0.067463855387856,0.4361543772397166
LNGN0372,Shin-Sendai LNG Terminal,2023-07-01,-0.840284422894097,-1.4535765731023949,-0.42356289290050075,-0.2992467720334597,-0.43772324825258113,-0.1608701056799709
LNGN0374,Sines LNG Terminal,2023-07-01,0.49178421609310913,-0.14388151820098605,1.29415638940894,-0.04163124136826111,-0.09832425045407345,0.01965791775869078
LNGN0378,Skikda LNG Terminal,2023-07-01,0.06946870786149353,-0.3675802767781545,0.7291083005024148,0.6248630190623604,0.3749895137180708,0.8800940090788001
LNGN0381,Sodegaura LNG Terminal,2023-07-01,1.0314510533852117,0.5226700879944437,1.6759945744101576,0.573196064529657,0.27347158482310036,0.8712050264993432
LNGN0385,South Hook LNG Terminal,2023-07-01,-0.8273310332412778,-1.4161128163078758,-0.4295384022058574,0.23513619048249793,0.14271664410567608,0.31426688276473747
LNGN0398,Taichung LNG Terminal,2023-07-01,-0.0027354790714378156,-0.5376067329398487,0.7264939324246141,-0.03998954845979214,-0.11548688259914383,0.038694126579862015
LNGN0421,Tianjin LNG Terminal (Sinopec),2023-07-01,0.07343388257764343,-0.5321422661628314,0.8479328405651014,0.20182351427860742,0.07235050013630367,0.33314930001078985
LNGN0423,Tiga Malaysia LNG Terminal,2023-07-01,-0.8631066971687409,-1.347428500372911,-0.5321306456345413,0.9021262227065034,0.7981289082892408,0.9932709797719987
LNGN0426,Tongyoung LNG Terminal,2023-07-01,0.7775072722516913,-0.0006996576330127286,1.7404470006308579,0.5522462664838867,0.4238222075810637,0.6775871982006325
LNGN0427,Tornio Manga LNG Terminal,2023-07-01,-0.7993687608175426,-1.464878150277858,-0.32453784363911725,-0.7404768328778163,-1.010872021661451,-0.4386009025350069
LNGN0428,Toscana FSRU,2023-07-01,-0.7828891980498276,-1.3820300859715533,-0.3303585964610506,-0.27444292263620074,-0.4315817879885787,-0.12766799278600136
LNGN0435,Vysotsk LNG Terminal,2023-07-01,0.9994869775744445,0.766005149433181,1.3832049021240993,0.17561524081697288,-0.16312019197572328,0.5106923405014437
LNGN0437,Wenzhou LNG Terminal,2023-07-01,-0.058277107127371046,-0.46618663610835676,0.5257445889658717,-0.1811835382457342,-0.3522627895486823,-0.003014991479864441
LNGN0441,Wheatstone LNG Terminal,2023-07-01,0.6063300236375891,-0.08496954251393282,1.4483529922079008,1.0670340760222043,0.910013897599009,1.238217002097772
LNGN0449,Xintian Tangshan LNG Terminal,2023-07-01,0.05882780513112638,-0.5338748835604209,0.7882969139922785,0.02090450751116282,-0.12621934221900766,0.17804647345779567
LNGN0452,Yamal LNG Terminal,2023-07-01,1.9980281475464838,1.736014039431288,2.259686860652988,1.2456285377603025,1.0991672140536055,1.3948514166563535
LNGN0460,Yokkaichi Works LNG Terminal,2023-07-01,-0.8176906406768993,-1.4159160813698493,-0.3916706317704304,-0.3351766694249962,-0.439973883288022,-0.2430810266931493
LNGN0463,Yung-An LNG Terminal,2023-07-01,1.0694808588257914,0.339114121348934,1.970353446960984,0.2059044254699887,0.04511030605236721,0.3632375769852162
LNGN0464,Zeebrugge LNG Terminal,2023-07-01,0.21533094358862429,-0.14802013748165485,0.7188004303336144,0.1697495322068772,0.026328218268186206,0.31380454022888327
LNGN0473,Zhuhai LNG Terminal,2023-07-01,-0.040845903045301,-0.36979864450480215,0.4584840680352612,-0.10978847324767078,-0.21224754720325928,-0.003956687726308485
LNGN0474,Świnoujście Polskie LNG Terminal,2023-07-01,-0.09352018033252034,-0.5246573274764373,0.5137534084720452,-0.05889325482093573,-0.17044212109085427,0.05615004296074486
LNGN0008,Al Zour LNG Import Terminal,2023-08-01,0.32699961553539636,-0.14728072902656442,0.6616711982256933,0.4326143273070985,0.2553506403354986,0.6168165194691152
LNGN0026,Arzew-Bethioua LNG Terminal,2023-08-01,1.60545683032789,1.3033784205738441,2.052660282387376,1.2236698885702315,1.0014377297772297,1.4399777729521068
LNGN0027,Atlantic LNG Terminal,2023-08-01,0.33360741979842456,-0.05312806473566613,0.8897235064597285,0.9758174380977335,0.8673445891198629,1.0849032296526973
LNGN0035,Barcelona LNG Terminal,2023-08-01,0.12216830029211705,-0.40544076059525264,0.7812756234717205,0.10017020344664576,-0.16735021289445257,0.3535310964004748
LNGN0037,Bilbao LNG Terminal,2023-08-01,0.4260545410561551,-0.2110112669695891,1.1923071288571438,-0.05305764419862827,-0.11091327559085629,0.006691754856689809
LNGN0045,Brunsbüttel FSRU,2023-08-01,-0.7882699561657789,-1.460499036469046,-0.3386713180642887,-0.2189806991606507,-0.4462838805734341,0.01896608416191002
LNGN0050,Calcasieu Pass LNG Terminal,2023-08-01,1.477005471219735,0.9626916542916946,2.1626024929554717,1.145097104222336,0.9767623219090198,1.3228515334974045
LNGN0052,Cameroon FLNG Terminal,2023-08-01,0.12602867919381033,-0.4600443753636033,0.8537580124919947,0.7353794228976398,0.553342283472391,0.9209361215974782
LNGN0070,Corpus Christi LNG Terminal,2023-08-01,1.7480194035423142,1.3775152900976149,2.2363157514938177,1.3029449918894729,1.168281452908735,1.4522191097301869
LNGN0085,Das Island LNG Terminal,2023-08-01,0.45841030656575954,-0.37477923033886856,1.443858540739912,0.8794344267987435,0.6502112809411295,1.078459054030095
LNGN0097,Dunkirk LNG Terminal,2023-08-01,0.7974113356967213,0.15174541777091574,1.5745997132466139,0.1751479997753063,0.05494185171641011,0.302329337298408
LNGN0098,Dörtyol FSRU,2023-08-01,-0.75853270068984,-1.4138921364834083,-0.27731691875594405,-0.0542433010810767,-0.22387633318396102,0.10967752040175485
LNGN0100,Eemshaven FSRU,2023-08-01,0.4210128150453334,-0.27968490141602803,1.2775560862147877,0.02917136207306184,-0.12464963628313055,0.19271225373337092
LNGN0102,El Musel LNG Terminal,2023-08-01,-0.783866746865711,-1.4298619335583327,-0.331017913629642,0.025885535007473554,-0.13611005728557035,0.1975642728305248
LNGN0121,Fos Tonkin LNG Terminal,2023-08-01,0.751367678119036,-0.027688421555662503,1.7391866891410435,-0.6001261443778918,-0.8197241062436555,-0.38817986171358754
LNGN0124,Freeport LNG Terminal,2023-08-01,1.9592555177581592,1.7564330599211764,2.290244089051874,1.2584664981908198,1.122973276280555,1.4122172375880224
LNGN0130,GasPort FSRU,2023-08-01,-0.7617260045856589,-1.4150138365582499,-0.29647029403903613,-0.09053279100961896,-0.2470685088156071,0.07491772634597203
LNGN0132,Gate LNG Terminal,2023-08-01,0.872731841310094,0.07415835596777566,1.847843748014995,0.24305680872587415,0.16560904365640275,0.3270118015587157
LNGN0142,Gorgon LNG Terminal,2023-08-01,1.797289712257596,1.5980975469853635,2.109784770933131,1.2653378696400759,1.114799562265921,1.4282659028731515
LNGN0144,Grain LNG Terminal,2023-08-01,0.1318313593432915,-0.39267949339005664,0.8028713782465933,0.21197542781997863,0.09735036390093293,0.3182067532047613
LNGN0166,Hammerfest LNG Snohvit Terminal,2023-08-01,0.6636555661232874,-0.14945575691060228,1.6487128515735314,0.7685453989686043,0.6179490304052698,0.9304335536811912
LNGN0168,Hazira LNG Terminal,2023-08-01,0.10780606867961154,-0.4422567425717413,0.8304516530003002,-0.028567333801198722,-0.08698293839598448,0.036416051118297384
LNGN0173,Himeji LNG Terminal,2023-08-01,-0.8076245672017736,-1.3901432250336034,-0.3750438877927595,-0.057182452989458656,-0.25365266890562477,0.11828042385272469
LNGN0178,Huelva LNG Terminal,2023-08-01,-0.784158731332832,-1.3608290542124077,-0.3403557080984006,0.09587453970773577,-0.041594562587566886,0.22395881869048748
LNGN0181,Incheon LNG Terminal,2023-08-01,0.5209526560865047,-0.0692951886714901,1.2645795115850902,0.8094302694190666,0.6214152832489969,0.9874678164051172
LNGN0182,Inkoo FSRU,2023-08-01,-0.7863026852989524,-1.396228181170742,-0.3116342768643804,-0.48537588734950277,-0.7982299064449135,-0.17174571502036778
LNGN0186,Izmir Aliaga LNG Terminal,2023-08-01,-0.7441125441345231,-1.3927850246091302,-0.2608677378748587,-0.11843672494126499,-0.30483484369843244,0.056412675885562036
LNGN0191,Jebel Ali FLNG Terminal,2023-08-01,0.09135626405835964,-0.31496315004456327,0.656289133275781,-0.20189043834121778,-0.46189449373851676,0.0604463919611112
LNGN0195,Jieyang LNG Terminal (PipeChina),2023-08-01,-0.016404668013852187,-0.4689452489155081,0.5695599285064129,-0.36448167933780745,-0.5456048778727572,-0.19527228601137833
LNGN0206,Kiyanly LNG Terminal,2023-08-01,-0.881745914490258,-1.3815385144410297,-0.53151533753204,0.32274128720667716,0.1327405611203016,0.5169336836422407
LNGN0207,Klaipeda FSRU,2023-08-01,0.4765679499519585,-0.1885354569116718,1.2817891965292068,-0.2778832159368433,-0.4431846110261111,-0.10215119029791381
LNGN0208,Kochi LNG Terminal,2023-08-01,-0.8044284370083785,-1.3729306702934798,-0.3829769438814583,-0.1084726884463352,-0.251226336176524,0.041321409484359785
LNGN0210,Krk FSRU,2023-08-01,-0.7965309787913589,-1.3855591478436111,-0.34963863139618656,-0.45869470902865517,-0.6967536297355654,-0.22663296517522324
LNGN0230,Map Ta Phut LNG Terminal 2,2023-08-01,0.7446857595353843,0.3170009592948165,1.341037086399632,0.04279110554340957,-0.11695779606894693,0.21165236767308812
LNGN0244,Montoir LNG Terminal,2023-08-01,0.3095125210626556,-0.22110054740814505,1.0142709910519183,0.056950140937826854,-0.13075024676022548,0.22984754478127598
LNGN0248,Mugardos LNG Terminal,2023-08-01,0.14176871923940215,-0.39121401409557577,0.8783631761430332,-0.2342256743751679,-0.3274961298570256,-0.1320995734133182
LNGN0261,Nigeria LNG Terminal,2023-08-01,1.1826997281452991,0.5523185470334306,1.9924371699615928,1.328754940708976,1.2053815479900227,1.4501471807551602
LNGN0270,Ohgishima LNG Terminal,2023-08-01,0.5889257632429339,-0.016188676162639144,1.3376525596691118,0.20190177277106214,0.10505353043095941,0.2949921012291202
LNGN0274,Oman Qalhat LNG Terminal,2023-08-01,0.09571965227193495,-0.32889737901748567,0.6571565385185492,1.0055604806530265,0.906334336209643,1.098172194503822
LNGN0278,Panigaglia LNG Terminal,2023-08-01,-0.6352568819499008,-1.3913524394539507,-0.026687710647220985,-0.4396610812168348,-0.6259097190567321,-0.267489248124561
LNGN0285,Pengerang Johor LNG Terminal,2023-08-01,-0.7626373040020432,-1.389172856313529,-0.29865943210076906,-0.12004626809288844,-0.25159107608924286,0.01777416735376358
LNGN0297,Pluto LNG Terminal,2023-08-01,0.7765861263542561,0.05602004353085988,1.665264748154191,0.8781369554134506,0.7341398751982665,1.033704683743533
LNGN0312,Punta Europa LNG Terminal,2023-08-01,0.3370636640368885,-0.05084409557381634,0.9017917023428206,0.8400261606655175,0.7161170150036709,0.9652413014173179
LNGN0324,Quintero LNG Terminal,2023-08-01,-0.6346955216345799,-1.4318489782472001,-0.0308034102560044,-0.2778736844805653,-0.4310908257014281,-0.12855804523758863
LNGN0328,Rasgas LNG Terminal 3,2023-08-01,4.413874981970351,1.9189970981145255,6.804433267637456,1.2699485443052643,1.1668364048030717,1.3822435442963301
LNGN0345,Sabine Pass LNG Terminal,2023-08-01,2.172127580316168,1.8046434004319771,2.417613565061652,1.5113022153486484,1.3967400803935783,1.6345114672327474
LNGN0347,Sagunto LNG Terminal,2023-08-01,0.17831925951139946,-0.3390755303509968,0.8850490346491021,-0.08204937963392366,-0.17247677516391036,0.005381801959065672
LNGN0351,Sakhalin II LNG Terminal,2023-08-01,0.33007774687221036,-0.03200659535789171,0.8663354310135579,0.7154511378847931,0.451409229004488,0.980531949056741
LNGN0359,Senboku 2 LNG Terminal,2023-08-01,-0.7773373704697351,-1.4515899555599843,-0.31278340655802944,0.13248555693880523,-0.0801364658142748,0.3336972763363609
LNGN0374,Sines LNG Terminal,2023-08-01,0.46802743614855274,-0.25051105694979753,1.3342952355909488,-0.03031863929276731,-0.09369032785269685,0.035941353413671336
LNGN0378,Skikda LNG Terminal,2023-08-01,0.3454014685100839,-0.021355345870931828,0.9012962921584373,0.6309175340330268,0.37400215276495136,0.8910617975803453
LNGN0381,Sodegaura LNG Terminal,2023-08-01,1.0673328656703014,0.30844498500661066,2.012912086466741,0.5469432346153177,0.2636548229007217,0.824802326477972
LNGN0398,Taichung LNG Terminal,2023-08-01,-0.26234403264790174,-0.45950595417302575,0.1164690594671906,-0.011454569053785271,-0.0848021653807261,0.07158671748469267
LNGN0421,Tianjin LNG Terminal (Sinopec),2023-08-01,-0.6216373181463896,-1.3587740257266714,-0.020953159354396213,0.22606217701001308,0.10455573924148606,0.35689069148336955
LNGN0423,Tiga Malaysia LNG Terminal,2023-08-01,0.5511773627665032,0.038319494268070686,1.1830342736355075,0.8862303811898693,0.7370666770311415,1.049050058975968
LNGN0426,Tongyoung LNG Terminal,2023-08-01,0.2944778251141388,-0.02254453949368559,0.8150641053619447,0.5079170227785713,0.4202616739832757,0.6048504063737066
LNGN0427,Tornio Manga LNG Terminal,2023-08-01,-0.6879234670113967,-1.4283110434199124,-0.11903825191474733,-0.7250905195873324,-0.9984897429085652,-0.42053259376958496
LNGN0435,Vysotsk LNG Terminal,2023-08-01,0.20540181618840603,-0.173785248180664,0.7409118926178367,0.27291562406223113,-0.03622351562310817,0.5824416737745214
LNGN0437,Wenzhou LNG Terminal,2023-08-01,-0.784566419656253,-1.384970519422235,-0.33488766934265657,-0.17764612712269398,-0.3512910704256371,0.010214506931042396
LNGN0441,Wheatstone LNG Terminal,2023-08-01,0.9412215493605857,0.29227336253126684,1.7816255376986132,1.0804078744755388,0.9186486978983376,1.2505999322722965
LNGN0449,Xintian Tangshan LNG Terminal,2023-08-01,-0.08936353570161712,-0.4463542195691197,0.43248351037455335,0.03629082080164681,-0.11284562851508317,0.19292814132699018
LNGN0452,Yamal LNG Terminal,2023-08-01,1.6081243634226705,1.2717160532683758,2.105500389686367,1.3628182500952934,1.238021013867602,1.4996863554901652
LNGN0460,Yokkaichi Works LNG Terminal,2023-08-01,0.5688927328919386,-0.12205655558581066,1.4112771156988708,-0.2561672042521287,-0.40960242087631105,-0.1080656616124295
LNGN0463,Yung-An LNG Terminal,2023-08-01,0.2293269910334009,-0.21010786803693468,0.8021499675644925,0.10274208384883203,-0.04479789318113325,0.23818138940602931
LNGN0464,Zeebrugge LNG Terminal,2023-08-01,0.5539704101618567,0.04888942974589665,1.1940896376872272,0.1957949036129395,0.039566501735889055,0.34398580381167604
LNGN0474,Świnoujście Polskie LNG Terminal,2023-08-01,0.7370179392835641,-0.05018538527963642,1.646747360531339,-0.03892902370485607,-0.15006710707778642,0.07903654528315923
LNGN0008,Al Zour LNG Import Terminal,2023-09-01,0.31756864721229405,-0.12753605806608112,0.9300274299577306,0.3994188084081516,0.19291265519599193,0.6065091728477362
LNGN0026,Arzew-Bethioua LNG Terminal,2023-09-01,1.169023225606972,0.5166434008964074,1.9617796471353122,1.1194625577821977,0.9037563281449578,1.3199516157841762
LNGN0027,Atlantic LNG Terminal,2023-09-01,0.7864058069986232,0.26113402710605643,1.4991994771908124,0.9624369364731393,0.817881806194548,1.0908163912542224
LNGN0035,Barcelona LNG Terminal,2023-09-01,0.2722889668554233,0.07135176581685533,0.5984593752692753,0.11734740670292335,-0.16046950933132456,0.3771882683467311
LNGN0037,Bilbao LNG Terminal,2023-09-01,0.6986794411273536,0.12007931342559709,1.449036451966312,-0.1117736963983754,-0.16816603698419155,-0.04413455879155781
LNGN0040,Boryeong LNG Terminal,2023-09-01,0.10809935691537002,-0.44901766945388316,0.8462175893321686,0.26135305790683133,0.17423515597918585,0.3634817354537308
LNGN0050,Calcasieu Pass LNG Terminal,2023-09-01,0.7534260700964488,-0.23901309113005717,1.938288449163037,1.1070536329002574,0.9367352486392354,1.2822706585320442
LNGN0052,Cameroon FLNG Terminal,2023-09-01,-0.8396761568643523,-1.389530600794865,-0.4655040233977025,0.7065227312437321,0.5213566400243885,0.9020325441607934
LNGN0070,Corpus Christi LNG Terminal,2023-09-01,1.4191749037978363,0.9109439305533645,2.076644844854156,1.2534187275298394,1.1203007818937591,1.3987506702926913
LNGN0085,Das Island LNG Terminal,2023-09-01,0.4375333051862785,-0.06306204379509382,1.1452063296373194,0.9395596118179216,0.6735714195905701,1.17533431452716
LNGN0097,Dunkirk LNG Terminal,2023-09-01,0.7199339335096978,0.2472930145323253,1.3304538953807075,0.1841264538631258,0.07287631357272996,0.3073061654075855
LNGN0100,Eemshaven FSRU,2023-09-01,-0.005966493901160395,-0.4732067837710654,0.5962727792634209,-0.2507608557238985,-0.5082544421869478,0.0019989937205884705
LNGN0121,Fos Tonkin LNG Terminal,2023-09-01,0.5549153453561709,-0.26542970746737493,1.5578402071846886,-0.5971158494491005,-0.8140733532445772,-0.3844185660756503
LNGN0124,Freeport LNG Terminal,2023-09-01,1.7269684003640267,1.4468214240669828,2.1550367283102565,1.2727751081477252,1.1410347197079855,1.4167988058173655
LNGN0130,GasPort FSRU,2023-09-01,-0.8326567339760774,-1.374454168937285,-0.43313992992876,-0.1397185715781782,-0.3413063582628889,0.06446524480531027
LNGN0132,Gate LNG Terminal,2023-09-01,1.3320280613877917,0.7772746163810822,2.0624300268484124,0.23881470586441622,0.16080418621918308,0.32529879175791226
LNGN0136,Gibraltar LNG Terminal,2023-09-01,0.5754426487982702,-0.25727442446947213,1.5516799007350501,-0.686447978624495,-0.9103250406603355,-0.45031869304696676
LNGN0142,Gorgon LNG Terminal,2023-09-01,1.5781621985551813,1.3089111990200792,1.9748968079694968,1.2620797737915699,1.1109701044757256,1.421393891134917
LNGN0143,Gorontalo FSRU,2023-09-01,-0.815677962885529,-1.3978096703994403,-0.39667711276581796,-0.6906014271671321,-0.9448949398429676,-0.4265115520351354
LNGN0144,Grain LNG Terminal,2023-09-01,0.418782478147418,-0.3692451743303922,1.3760192719140407,0.2896896318017019,0.22982957399388051,0.3520122529087278
LNGN0166,Hammerfest LNG Snohvit Terminal,2023-09-01,1.0855443918187104,0.35128124006927425,1.9953882142492554,0.6742016349484172,0.5096805834744264,0.8370680456955807
LNGN0168,Hazira LNG Terminal,2023-09-01,-0.8355176875312732,-1.3730409158015822,-0.453543507002706,-0.01996647819044506,-0.0793258262032817,0.040894711860030394
LNGN0173,Himeji LNG Terminal,2023-09-01,-0.7743308676457619,-1.432871205678919,-0.31090037934140313,-0.15298041506013949,-0.3662471905220673,0.04936741338502763
LNGN0178,Huelva LNG Terminal,2023-09-01,-0.79868834193297,-1.3780463579812159,-0.37058594164140163,0.0688401262955664,-0.07461582419005135,0.19515590914582243
LNGN0181,Incheon LNG Terminal,2023-09-01,0.558182327744183,-0.18150615815486407,1.4419822316832447,0.8179997236433648,0.6265083748164414,1.0028312715541283
LNGN0182,Inkoo FSRU,2023-09-01,-0.8426499506015961,-1.397287987413391,-0.4346047398176375,-0.3848021934378718,-0.6620991304234137,-0.11604956352836086
LNGN0186,Izmir Aliaga LNG Terminal,2023-09-01,0.06103051637503814,-0.5346502823740574,0.8145836979092642,-0.104474928984161,-0.2798232042870427,0.061449062567262444
LNGN0191,Jebel Ali FLNG Terminal,2023-09-01,-0.6614201171577808,-1.3815689804571019,-0.0942034603403576,-0.18993650566870293,-0.451974116504728,0.06080952141736781
LNGN0195,Jieyang LNG Terminal (PipeChina),2023-09-01,0.3192616829639772,-0.34833731117057165,1.1866724160117845,-0.35998557871843706,-0.5343037474961887,-0.19037547700181623
LNGN0206,Kiyanly LNG Terminal,2023-09-01,-0.8990105782556812,-1.4324165979750794,-0.5614617159913808,0.1856515864536161,-0.061738498296035206,0.4444933308232273
LNGN0207,Klaipeda FSRU,2023-09-01,0.39871475812399076,-0.43833223829161444,1.4338806657456777,-0.20343008738045712,-0.33354973424591977,-0.06991164689588698
LNGN0208,Kochi LNG Terminal,2023-09-01,-0.011193457824751913,-0.40557223036083645,0.23913512471956405,-0.09451089248923111,-0.23423646557527175,0.04428696699737717
LNGN0210,Krk FSRU,2023-09-01,0.05193433343875017,-0.570110211138131,0.7984668401417877,-0.45949055564201313,-0.6957121736174918,-0.2257466714880307
LNGN0230,Map Ta Phut LNG Terminal 2,2023-09-01,0.38163027002819905,-0.392208594340135,1.313894133830473,0.015074021331558485,-0.1553826801151788,0.18979394457484144
LNGN0237,Mejillones LNG Terminal,2023-09-01,-0.7538636028867882,-1.4013218521873616,-0.27258366544576657,-0.3775531763452218,-0.5024772727780504,-0.23902891703808868
LNGN0244,Montoir LNG Terminal,2023-09-01,-0.1804234732773792,-0.4684080990488401,0.2676429581447874,0.07573260288265354,-0.12370051474529514,0.25761890046440594
LNGN0248,Mugardos LNG Terminal,2023-09-01,-0.8490417672732191,-1.4449901149439297,-0.4458690306270716,-0.24191551574652384,-0.33420354918041345,-0.13457558479393056
LNGN0261,Nigeria LNG Terminal,2023-09-01,1.8444238490173863,1.579350478903797,2.271699836704573,1.2188201138926253,1.0956170757279253,1.3312078501282876
LNGN0270,Ohgishima LNG Terminal,2023-09-01,0.47227318927740747,-0.2518208024836907,1.3502883270490562,0.10478248406298069,0.007245190513717779,0.1905154126504516
LNGN0274,Oman Qalhat LNG Terminal,2023-09-01,0.5872057692640585,-0.10220532890482185,1.4329888625039737,1.0483587625247885,0.9298193792301679,1.1528730262796099
LNGN0285,Pengerang Johor LNG Terminal,2023-09-01,-0.8126820957457798,-1.4001855343543972,-0.39599412146287244,-0.1951020215958568,-0.3629093076850562,-0.02508471604872861
LNGN0288,Peru LNG Terminal,2023-09-01,-0.9083042112517734,-1.3751580774698806,-0.583094118072601,0.8699446387631815,0.7416977831890939,1.0012332485753759
LNGN0297,Pluto LNG Terminal,2023-09-01,1.0249989656280125,0.5015890338595593,1.7673586447450444,0.8961045479660523,0.7598051377568236,1.0413493438581052
LNGN0312,Punta Europa LNG Terminal,2023-09-01,0.5366011761483755,-0.22511165300841526,1.4184472636833343,0.8448087238114007,0.7347248360047673,0.96698660683627
LNGN0324,Quintero LNG Terminal,2023-09-01,-0.7515871386254452,-1.387595736140039,-0.2548677130193586,-0.06840594284924702,-0.14361999930013972,0.016850866572351283
LNGN0328,Rasgas LNG Terminal 3,2023-09-01,4.2767257762478605,1.9717969120646828,6.435299609213135,1.2760826922084676,1.1681132437008312,1.383941379137886
LNGN0345,Sabine Pass LNG Terminal,2023-09-01,1.8341042655462676,1.4765975979165824,2.3484983346151913,1.4693219297936013,1.3609295136207924,1.5905833576784187
LNGN0347,Sagunto LNG Terminal,2023-09-01,0.2803057095712225,-0.39509273885718565,1.0982044523063401,-0.13056565060314967,-0.23511815705242442,-0.020656297155069763
LNGN0351,Sakhalin II LNG Terminal,2023-09-01,-0.8512548708831029,-1.364857552155788,-0.4833748924734383,0.7498104572304823,0.5067096970677054,0.9902495591506615
LNGN0359,Senboku 2 LNG Terminal,2023-09-01,-0.7590074005566052,-1.3508398061199234,-0.306414750095541,0.07037359232381916,-0.18688190453793396,0.3048629301934485
LNGN0374,Sines LNG Terminal,2023-09-01,0.6699215009184449,-0.30423413587696596,1.8329357907476809,-0.009001621992103005,-0.06319582206269066,0.04707457875005991
LNGN0378,Skikda LNG Terminal,2023-09-01,0.6831118363793316,-0.3135389412485776,1.8032019250390985,0.5696018604213717,0.30426430871645177,0.8402892573938661
LNGN0381,Sodegaura LNG Terminal,2023-09-01,0.7592938810564517,-0.04855403760103679,1.7256587990847856,0.4775154320665834,0.18579935294871483,0.7522672976269543
LNGN0398,Taichung LNG Terminal,2023-09-01,-0.8552599075373426,-1.3745772803637537,-0.47333890639584797,-0.006584191137044983,-0.07686125566489081,0.0714969609763719
LNGN0405,Tanjung Benoa FSRU,2023-09-01,-0.8242627381296815,-1.460212155474059,-0.394169737315743,-0.7015734696710832,-0.9382229796825361,-0.44101247195549026
LNGN0421,Tianjin LNG Terminal (Sinopec),2023-09-01,-0.8318123249931042,-1.4116766749278988,-0.4539480806644675,0.15584831050298467,-0.012403635641584514,0.32859796002585745
LNGN0423,Tiga Malaysia LNG Terminal,2023-09-01,0.4824967902643598,-0.10639100739521959,1.2166441690968737,0.9629612717907654,0.8558910178802571,1.0742963954007134
LNGN0426,Tongyoung LNG Terminal,2023-09-01,0.3586424067117642,-0.4966696936968451,1.3706925342930132,0.35432416131058325,0.2502538277558235,0.45754659921563234
LNGN0427,Tornio Manga LNG Terminal,2023-09-01,-0.8296801185710885,-1.4213348530951566,-0.39592344812585367,-0.7111287236302279,-0.9813491360374599,-0.4107272562486547
LNGN0435,Vysotsk LNG Terminal,2023-09-01,0.6569137557585513,0.2368738203876338,1.2558469391778035,0.1926658921367459,-0.1434029899229927,0.5349490936598071
LNGN0437,Wenzhou LNG Terminal,2023-09-01,0.04654802764001637,-0.5459308438561752,0.784753322466322,-0.1518354289981464,-0.31706218880316817,0.022498471392971807
LNGN0441,Wheatstone LNG Terminal,2023-09-01,0.37984289998830423,-0.40477794599162376,1.3889880903097462,1.09669406913571,0.9476689150882347,1.2534420254893188
LNGN0442,Wilhelmshaven FSRU,2023-09-01,-0.765649401835698,-1.3953501698842514,-0.3021226198848486,0.03415425009493729,-0.11844893547454717,0.19990752655418684
LNGN0449,Xintian Tangshan LNG Terminal,2023-09-01,0.049680327835093706,-0.5477407855189771,0.8452340810074661,0.02338209788928751,-0.11979773156832048,0.17613375316494997
LNGN0452,Yamal LNG Terminal,2023-09-01,1.8566426110944996,1.6184689450107625,2.218646508465092,1.2944667027564558,1.1693010921365967,1.4317342888020292
LNGN0460,Yokkaichi Works LNG Terminal,2023-09-01,0.9304970103615502,0.34977446380940874,1.6360311638946496,-0.38803167197458066,-0.5151594526176022,-0.2635942070149707
LNGN0463,Yung-An LNG Terminal,2023-09-01,0.6816040353068099,-0.08631915212262457,1.5933582581281056,0.037792682016606176,-0.07348516513908004,0.14072580232250248
LNGN0464,Zeebrugge LNG Terminal,2023-09-01,0.8726079610614986,0.027338970158169235,1.8992866416125804,0.21569077243960758,0.04679974500123328,0.36868263535165124
LNGN0474,Świnoujście Polskie LNG Terminal,2023-09-01,0.07131977959657652,-0.5076314104681344,0.8088619535513224,-0.033464275120770326,-0.1395610197973112,0.07861360245785648
LNGN0008,Al Zour LNG Import Terminal,2023-10-01,-0.7529730591050751,-1.366409706886301,-0.2670020545590198,0.44386518047787443,0.2821918856035146,0.6009302968369561
LNGN0026,Arzew-Bethioua LNG Terminal,2023-10-01,1.4057990772387043,0.8290197458331718,2.169187583668134,1.2001274017024715,0.9683518457887377,1.4154009799093408
LNGN0027,Atlantic LNG Terminal,2023-10-01,1.034255796770589,0.44820306828692374,1.7188827115363046,0.9225877077604705,0.7872721705469997,1.0464877877796497
LNGN0035,Barcelona LNG Terminal,2023-10-01,0.6527023337417757,-0.424289910906961,1.8530356762441096,0.12735131422023158,-0.13582371557439904,0.3735989646094409
LNGN0037,Bilbao LNG Terminal,2023-10-01,0.3679136295418257,-0.5389390216047577,1.4279034894062963,-0.10299963193506494,-0.14783692151062833,-0.04506439087439817
LNGN0039,Bontang LNG Terminal,2023-10-01,-0.6854187590546689,-1.348988709389424,-0.16914702668956993,0.8978883350775303,0.786042831184435,0.9974727333505452
LNGN0040,Boryeong LNG Terminal,2023-10-01,0.062081312523090265,-0.5755813684801279,0.8701174573708657,0.2989572239742527,0.22755398803143606,0.37437642891993306
LNGN0044,Brunnsviksholme LNG Terminal,2023-10-01,-0.8336119384534798,-1.4431975838751254,-0.4139867516851723,-0.749670127457659,-1.0032728441167913,-0.4846000623386899
LNGN0050,Calcasieu Pass LNG Terminal,2023-10-01,1.369660427801974,0.699682473996126,2.1786961622646763,1.2127759827997602,1.0711736124762954,1.3706576972410514
LNGN0052,Cameroon FLNG Terminal,2023-10-01,-0.8336487146813399,-1.3615817600698712,-0.4607746362543906,0.716653696792137,0.5514092597459682,0.8937894256538806
LNGN0056,Cartagena LNG Terminal (Spain),2023-10-01,0.33655161910617276,-0.4953454035583531,1.300348118764522,0.05653785390386152,-0.07476554508943382,0.17709279838118563
LNGN0070,Corpus Christi LNG Terminal,2023-10-01,1.755392816946053,1.32564495130496,2.381927882029087,1.2627514447082928,1.146884694320147,1.3897570550567035
LNGN0081,Dalian LNG Terminal,2023-10-01,0.11657816955756327,-0.45816183747070177,0.8545458327746038,0.22371403819117955,0.16813567198753543,0.28347839647637113
LNGN0085,Das Island LNG Terminal,2023-10-01,-0.019350004687089993,-0.5405097396943888,0.6660064913242317,0.9128466342209723,0.6527722288371351,1.1452854773512566
LNGN0097,Dunkirk LNG Terminal,2023-10-01,0.7324174465017399,-0.2615327793997295,1.90517084532152,0.19123547225763465,0.09162794388890064,0.2940193624950679
LNGN0100,Eemshaven FSRU,2023-10-01,0.10924729656367717,-0.4417092137795195,0.829132591105781,-0.2410328440589651,-0.48621807685698604,-0.00012257207991073644
LNGN0121,Fos Tonkin LNG Terminal,2023-10-01,0.6853034691483576,-0.23008078715332014,1.7719932659511841,-0.4797568132364559,-0.7213650333383858,-0.25428621401347495
LNGN0124,Freeport LNG Terminal,2023-10-01,1.682205996018663,1.1781820584561937,2.333693741319234,1.277826495732971,1.158316650663244,1.4094222016625413
LNGN0130,GasPort FSRU,2023-10-01,-0.8508333131640641,-1.404708710245385,-0.47000356789664577,-0.13092234490600252,-0.32090826962601154,0.057314822880118466
LNGN0132,Gate LNG Terminal,2023-10-01,0.8638593386322051,-0.03066274362811683,1.9495523838982274,0.2530710935891149,0.19189956757902596,0.3158817996328548
LNGN0136,Gibraltar LNG Terminal,2023-10-01,0.030375518283995002,-0.596473262695632,0.7863281124792147,-0.6484732212910299,-0.8551333805904678,-0.4319980877949725
LNGN0142,Gorgon LNG Terminal,2023-10-01,0.9683824672121364,0.260746508770423,1.844885754015244,1.2745150052415235,1.1437512262396543,1.4091208090167562
LNGN0144,Grain LNG Terminal,2023-10-01,0.3587798134780056,-0.4830631648248572,1.380566536085566,0.24727889763890437,0.16303951708595316,0.3266567551522135
LNGN0166,Hammerfest LNG Snohvit Terminal,2023-10-01,0.6520827232580404,-0.03056492309430631,1.4945786754503636,0.7452198834676598,0.6114959227508712,0.8831831546410074
LNGN0168,Hazira LNG Terminal,2023-10-01,0.8242600118534466,0.46651618760959324,1.3544217803261278,-0.11168001174018012,-0.20908154506010002,-0.01238566243316219
LNGN0173,Himeji LNG Terminal,2023-10-01,0.5455147615707673,-0.1806774345253162,1.431903035136849,-0.03442443036017903,-0.25547052815133486,0.16885218751094275
LNGN0178,Huelva LNG Terminal,2023-10-01,0.0643384358980165,-0.5652757441968398,0.8753413544695577,0.05743141899754561,-0.09073040223054915,0.19169493838121857
LNGN0181,Incheon LNG Terminal,2023-10-01,0.09785411438331128,-0.5409249767825269,0.8906317496513655,0.8283017452538953,0.6151322023259689,1.0272937766427375
LNGN0182,Inkoo FSRU,2023-10-01,-0.5399401584313056,-1.3317495618776123,0.14978052685991003,-0.3769293444449165,-0.6393976930045702,-0.12101209247082559
LNGN0191,Jebel Ali FLNG Terminal,2023-10-01,-0.8572999493797792,-1.3979422662883392,-0.4826085998861206,-0.1920898634610763,-0.45281558386429743,0.051939488059623284
LNGN0195,Jieyang LNG Terminal (PipeChina),2023-10-01,0.942860289165831,0.244165771002958,1.7546985180388035,-0.2413215212162058,-0.3750543636289523,-0.10436139159822583
LNGN0207,Klaipeda FSRU,2023-10-01,-0.8408235532948137,-1.402395052278281,-0.4361505969920438,-0.1823681115153298,-0.2932150366542119,-0.06651724190106921
LNGN0208,Kochi LNG Terminal,2023-10-01,0.30247870089766576,0.0012522587406268836,0.7811461307770169,-0.07767230126268013,-0.1984793999795634,0.04660342642669046
LNGN0210,Krk FSRU,2023-10-01,-0.8464539630618999,-1.3899854325166996,-0.46238821286011356,-0.2400153781331838,-0.3961774720441625,-0.08039488338132426
LNGN0230,Map Ta Phut LNG Terminal 2,2023-10-01,0.04746152405377596,-0.40157718557420136,0.6274543558383928,0.1364627269598014,-0.002052478728600928,0.27815015119206693
LNGN0232,Marmara LNG Terminal,2023-10-01,0.035126248054382414,-0.4947706830662025,0.6836955401370688,-0.06400322747746094,-0.15162584269904836,0.014332669441154551
LNGN0237,Mejillones LNG Terminal,2023-10-01,-0.7900320520172792,-1.4131061500747248,-0.33107114747249483,-0.3687569496730462,-0.48233212110738616,-0.24284997514026285
LNGN0244,Montoir LNG Terminal,2023-10-01,0.2264851926164799,-0.4637740392098185,1.1186746534135839,0.0775385812943771,-0.13919893747324769,0.2761860943862383
LNGN0248,Mugardos LNG Terminal,2023-10-01,-0.8373836600489537,-1.3994777106506977,-0.43585200837459254,-0.23964974738915829,-0.32268202722658085,-0.14557815349331965
LNGN0261,Nigeria LNG Terminal,2023-10-01,1.5339759447261296,0.9576485921144078,2.240231053697429,1.2717822599391173,1.1286788051959793,1.3998506389504657
LNGN0270,Ohgishima LNG Terminal,2023-10-01,0.6987509890317817,-0.16320140808354325,1.7410372893563153,0.21037845990198212,0.0991777739995783,0.3162455671703593
LNGN0274,Oman Qalhat LNG Terminal,2023-10-01,-0.8386942744896033,-1.3896721177911178,-0.4778483313331899,1.1253425761082634,0.985689754053971,1.2458322057210982
LNGN0285,Pengerang Johor LNG Terminal,2023-10-01,-0.8042344289558372,-1.3940195792404413,-0.3663661129219227,-0.24777009250417587,-0.44711381362668706,-0.04024070293764667
LNGN0294,Piombino FSRU,2023-10-01,0.07492326928373125,-0.5408842662899852,0.864175176658211,-0.0835796604680244,-0.23392583823066096,0.07204114070214436
LNGN0297,Pluto LNG Terminal,2023-10-01,1.481867096048548,0.9006744074866601,2.202936188995921,0.9055258588243413,0.7833754567191238,1.0338472724092445
LNGN0314,Pyeongtaek LNG Terminal,2023-10-01,0.8031949273699477,-0.10443206306162728,1.8589125606264845,0.7218965345599248,0.46068864136174853,0.9645795194175273
LNGN0322,Queensland Curtis LNG Terminal,2023-10-01,0.5518347680805367,-0.19408082956384864,1.4517010913764417,1.0432420606933885,0.923331693212039,1.1653892897828129
LNGN0324,Quintero LNG Terminal,2023-10-01,-0.7877168384963747,-1.421639731174267,-0.3283437179713556,-0.2971761703981904,-0.4363763719354589,-0.15770826039922983
LNGN0328,Rasgas LNG Terminal 3,2023-10-01,4.269709791260345,1.7318834178656601,6.721179901307689,1.2945095227987908,1.1934255383313628,1.3906762542617292
LNGN0345,Sabine Pass LNG Terminal,2023-10-01,1.7473769874893998,1.30473543076928,2.3679175111587116,1.5122348681325841,1.4059566891197368,1.6242103631807465
LNGN0347,Sagunto LNG Terminal,2023-10-01,0.7427902179729583,-0.12764101744526113,1.7974003611961005,0.03068363316058494,-0.02389537591177396,0.08859345948611133
LNGN0351,Sakhalin II LNG Terminal,2023-10-01,-0.911508063994523,-1.3584036363091059,-0.6012697089986783,0.865073383113355,0.6816662277518643,1.0436059099636894
LNGN0359,Senboku 2 LNG Terminal,2023-10-01,0.13533238666773728,-0.3856683623348219,0.8218921024346525,0.1552435795680849,-0.0892897433736513,0.3797070665058338
LNGN0374,Sines LNG Terminal,2023-10-01,0.26924250610610706,-0.4771552377771311,1.1838596043382617,0.004711483645547896,-0.05173165909209347,0.058864357661267956
LNGN0378,Skikda LNG Terminal,2023-10-01,0.6543414329072216,-0.10420653586314753,1.5608896715479674,0.6071987281231354,0.37718590851054246,0.8405882815974475
LNGN0381,Sodegaura LNG Terminal,2023-10-01,0.6577378507087607,-0.14634402207305608,1.638461172135988,0.603638658378486,0.284165425583101,0.9054492340505235
LNGN0385,South Hook LNG Terminal,2023-10-01,0.6517696316237638,-0.21989327365686814,1.6977598249991432,0.3127899902374607,0.2615735453930348,0.3703614871245283
LNGN0398,Taichung LNG Terminal,2023-10-01,0.3320911924501425,-0.49236791822100384,1.3073119528602457,-0.008434657797964732,-0.0701411420306291,0.05914427442835898
LNGN0405,Tanjung Benoa FSRU,2023-10-01,-0.8414362461373881,-1.412798534277551,-0.4153700763900404,-0.6927772429989066,-0.9196073189628824,-0.4476054828002238
LNGN0421,Tianjin LNG Terminal (Sinopec),2023-10-01,0.3248097539951795,-0.48488095392620095,1.3008964580312237,0.2657469241595881,0.1742551358419335,0.36770507692529975
LNGN0423,Tiga Malaysia LNG Terminal,2023-10-01,0.5573062670793938,-0.10443182898849131,1.4057157676068595,0.9978133935704762,0.8980824541668535,1.0901867519532016
LNGN0427,Tornio Manga LNG Terminal,2023-10-01,-0.7955360146052703,-1.4462062853545974,-0.3349766665266733,-0.7023324969580518,-0.9676088904030103,-0.419982288755207
LNGN0428,Toscana FSRU,2023-10-01,0.3733898691000128,0.04208873665299456,0.8280222066122803,-0.1522691696568221,-0.27461648854558757,-0.023883183450861805
LNGN0435,Vysotsk LNG Terminal,2023-10-01,0.4943149440663086,0.17226067511033535,1.0084044624682433,0.27781289787352165,-0.01938541594604401,0.5754847393574319
LNGN0437,Wenzhou LNG Terminal,2023-10-01,0.414097742366049,-0.39280914927527905,1.4109165508253603,-0.16161072717020938,-0.32736010698418855,0.005967506586323582
LNGN0441,Wheatstone LNG Terminal,2023-10-01,0.6226832421578922,-0.3310697763965613,1.7336945825600458,1.1001255719180607,0.9691901132042389,1.246357151919501
LNGN0449,Xintian Tangshan LNG Terminal,2023-10-01,0.37426147617034816,-0.46758526275736434,1.3442971577420049,0.06449278505563767,-0.06964733942020078,0.20037024216545538
LNGN0452,Yamal LNG Terminal,2023-10-01,2.063761335944277,1.812545859819014,2.2851126812790215,1.3736014402609678,1.2602864712700104,1.495562905512326
LNGN0460,Yokkaichi Works LNG Terminal,2023-10-01,0.5135772638456715,-0.229826035373069,1.4084993161630224,-0.30831896661521535,-0.42816560602928155,-0.19770737977023972
LNGN0463,Yung-An LNG Terminal,2023-10-01,0.6611912248590348,-0.2398370750951195,1.7544998068624924,0.22869549095290925,0.051410727469890866,0.38979884943562126
LNGN0464,Zeebrugge LNG Terminal,2023-10-01,0.8596742004357681,0.0952251982210657,1.7631041999810562,0.2055960108126251,0.02820377708565405,0.36113974928948833
LNGN0473,Zhuhai LNG Terminal,2023-10-01,-0.8572199419874732,-1.398248320714625,-0.47732315116410445,-0.11636603560038296,-0.21069964959438264,-0.014903001170987733
LNGN0474,Świnoujście Polskie LNG Terminal,2023-10-01,0.024785694224303587,-0.5952007167875629,0.8316405057691423,-0.019561051082113486,-0.11227091483363595,0.0821392069903604
LNGN0008,Al Zour LNG Import Terminal,2023-11-01,-0.8775696339458,-1.402192758265381,-0.5237557093088345,0.14033430116299772,-0.15158643784813866,0.4298041482633499
LNGN0026,Arzew-Bethioua LNG Terminal,2023-11-01,1.033207226548111,0.12219277490197385,2.1074441965834176,1.1712128068456276,0.9378478570147295,1.3957541746198403
LNGN0027,Atlantic LNG Terminal,2023-11-01,0.8029563573594076,0.30680138058970063,1.4586014363405655,0.9483803273438722,0.805155080955135,1.0741778981562626
LNGN0035,Barcelona LNG Terminal,2023-11-01,0.15985176778071372,-0.5015721918640362,0.986065359079257,0.11322262491228743,-0.20220078144723835,0.4071001575628394
LNGN0037,Bilbao LNG Terminal,2023-11-01,-0.8582664464219116,-1.4214854299300828,-0.475569916515816,-0.07740701301106699,-0.14480099822104178,-0.003159265118294722
LNGN0039,Bontang LNG Terminal,2023-11-01,-0.7209708570039606,-1.3730419950889174,-0.23788641159711757,0.860902041894652,0.7487629705755983,0.9594067731526803
LNGN0040,Boryeong LNG Terminal,2023-11-01,0.44906839234850643,-0.3891260881921276,1.4815729288203647,0.3001720140053928,0.2271394738883293,0.37366564348879533
LNGN0044,Brunnsviksholme LNG Terminal,2023-11-01,-0.6132962385088735,-1.3970188803089632,0.028541909856632658,-0.7483964119037136,-0.98488555642713,-0.5032973188035813
LNGN0050,Calcasieu Pass LNG Terminal,2023-11-01,1.4291907631874525,0.8886320570547529,2.1227829513974266,1.125703293936525,0.9843971652494556,1.263747379886542
LNGN0052,Cameroon FLNG Terminal,2023-11-01,-0.9106926027283284,-1.375625228229192,-0.6047097072434258,0.7594111610808661,0.618122317588526,0.9170081425694211
LNGN0056,Cartagena LNG Terminal (Spain),2023-11-01,-0.6043741546813338,-1.3922550257751005,0.02784169163481608,6.17981084959106e-05,-0.15635212069320273,0.1505427356455112
LNGN0070,Corpus Christi LNG Terminal,2023-11-01,1.750606397494928,1.3273824931130762,2.2967202697516615,1.3197417927051773,1.209856460709236,1.4316173066519442
LNGN0085,Das Island LNG Terminal,2023-11-01,0.4599127028098647,-0.3383442285688466,1.4302763780291545,0.9232241182055189,0.63810059080371,1.1792169548829705
LNGN0097,Dunkirk LNG Terminal,2023-11-01,0.676468573702006,-0.29949309314121214,1.8099777817083267,0.19153284617139354,0.10558946319093118,0.27368983608575315
LNGN0098,Dörtyol FSRU,2023-11-01,0.0430400946383546,-0.6117564704721092,0.8775159615553617,-0.06505139335147747,-0.21419184846208283,0.08226760107589973
LNGN0100,Eemshaven FSRU,2023-11-01,-0.07485472341546237,-0.621199979850319,0.6196076067841348,0.0530106389501069,-0.07073604010572002,0.17613090181296676
LNGN0102,El Musel LNG Terminal,2023-11-01,-0.8770920049100981,-1.4147687194628324,-0.5110085055859569,0.04991727319069934,-0.08118738351910662,0.1790984927502182
LNGN0103,Elba Island LNG Terminal,2023-11-01,0.39717093509231177,-0.48149521834615655,1.4263983674863283,0.5607975522113794,0.3619442010922099,0.750521243963043
LNGN0121,Fos Tonkin LNG Terminal,2023-11-01,1.1216531165424406,0.5107324518497378,1.89011290557048,-0.5879169892603803,-0.8298936485982485,-0.3360681670965471
LNGN0124,Freeport LNG Terminal,2023-11-01,1.4590951264156626,0.870599503784207,2.230977349346245,1.2270927012090307,1.1135641606713529,1.341615909872431
LNGN0130,GasPort FSRU,2023-11-01,-0.02288756823779431,-0.5520137848727241,0.7055412514178373,-0.12964862935205634,-0.3043105643464568,0.03692249706900682
LNGN0132,Gate LNG Terminal,2023-11-01,0.7565634797946051,-0.2768781307961795,1.9771553385128817,0.24616935989367325,0.1918786727650454,0.3032843123707773
LNGN0136,Gibraltar LNG Terminal,2023-11-01,0.5299034042046318,-0.37303639146681605,1.5840574655567559,-0.6466727987489443,-0.8411860422546724,-0.44951177738426207
LNGN0142,Gorgon LNG Terminal,2023-11-01,1.109574231556461,0.36878555036283844,2.058899970688686,1.2890676327191806,1.1785749110868162,1.401276625958244
LNGN0144,Grain LNG Terminal,2023-11-01,0.06291884130190929,-0.49827626221267013,0.7754114987146199,0.31872271555304477,0.23061311557341962,0.4036941342395262
LNGN0163,Hainan Shennan LNG Storage Facility,2023-11-01,-0.3457811472572284,-0.6488249446472782,0.10688172397626725,-0.5861135419540389,-0.7399212551981436,-0.42449410533578275
LNGN0166,Hammerfest LNG Snohvit Terminal,2023-11-01,0.9440318212612123,0.13952121927201178,1.9132173098052354,0.6359100562645549,0.49259155932742554,0.7755454724211014
LNGN0168,Hazira LNG Terminal,2023-11-01,0.448364093635119,0.09464770099531303,0.9744262372131838,-0.011902995306150152,-0.08459691096854455,0.06846567544340862
LNGN0173,Himeji LNG Terminal,2023-11-01,0.45267778407031933,-0.2727002429657901,1.3167476093284187,-0.03851227856218682,-0.2692289663826332,0.1808195619795428
LNGN0175,Hong Kong FSRU,2023-11-01,-0.8862760998887808,-1.3943224540021912,-0.5201625260996787,0.10437579598392577,-0.018096885391756638,0.22237873603598723
LNGN0178,Huelva LNG Terminal,2023-11-01,0.032984934514930044,-0.6298791153021757,0.8487866436520255,0.12925772171166197,-0.05077502420460864,0.30360736705917596
LNGN0181,Incheon LNG Terminal,2023-11-01,0.48046179713780474,-0.31802329838472804,1.4459787564459734,0.8274251593838774,0.6027191546804672,1.0415954114268349
LNGN0182,Inkoo FSRU,2023-11-01,0.07128457315146439,-0.5264416194332898,0.7739957781781732,-0.346148189935687,-0.6774552456735402,-0.014031514192690357
LNGN0195,Jieyang LNG Terminal (PipeChina),2023-11-01,0.5079886588828686,-0.3645178855728637,1.5542606092378255,-0.2503656928025091,-0.3766675023234777,-0.12549629167973192
LNGN0207,Klaipeda FSRU,2023-11-01,0.12481521622133265,-0.41300380805971404,0.8287740006452317,-0.1617236201698213,-0.26035255251098033,-0.06640374149319245
LNGN0208,Kochi LNG Terminal,2023-11-01,-0.8790847695137645,-1.3964189826781859,-0.5246892544014491,-0.09652336793988972,-0.21762977656008317,0.020008503711560183
LNGN0210,Krk FSRU,2023-11-01,-0.886572098700936,-1.4095172513413394,-0.5047188587226628,-0.4494206134158922,-0.6608979141927523,-0.24868832362353493
LNGN0230,Map Ta Phut LNG Terminal 2,2023-11-01,-0.8721127599976584,-1.3537563733883864,-0.5242065760905108,0.1375562664236897,0.013779042944160814,0.2590607846782731
LNGN0232,Marmara LNG Terminal,2023-11-01,0.06049371367925895,-0.5587704587421052,0.9091754239871864,-0.15642398892276732,-0.27434254953197246,-0.04174677431578029
LNGN0238,Melaka FSRU,2023-11-01,-0.8365139098164263,-1.3745918015356715,-0.42858584291752355,-0.13662541594758318,-0.2354153636613638,-0.03482195637750848
LNGN0244,Montoir LNG Terminal,2023-11-01,0.20578088747823306,-0.25206254955318763,0.8072073539762951,0.08580254510877557,-0.15133463278617398,0.3067796680913893
LNGN0248,Mugardos LNG Terminal,2023-11-01,-0.8748649338267269,-1.4125572227719594,-0.5210492965997962,-0.23837603183521178,-0.3066224068491309,-0.16457037857027146
LNGN0261,Nigeria LNG Terminal,2023-11-01,1.0714218420489159,0.2867258133726671,2.0543928750864167,1.2526075069439493,1.0831473403185665,1.4090048942233206
LNGN0268,Nusantara Regas Satu Terminal,2023-11-01,-0.6031769903647053,-1.4496213906546183,0.025967857032644443,-0.2672075460134409,-0.4092564573282584,-0.13227223511051214
LNGN0270,Ohgishima LNG Terminal,2023-11-01,0.23619384639377158,-0.23272774595329768,0.8679674874310288,0.21982896805684385,0.08418882170534646,0.3436949222402016
LNGN0274,Oman Qalhat LNG Terminal,2023-11-01,0.03057996845317166,-0.6425260789265272,0.8651252879522802,0.9461061041966142,0.8488332248973183,1.0433733135316166
LNGN0278,Panigaglia LNG Terminal,2023-11-01,-0.828922347372418,-1.4355786077460573,-0.4087226817103995,-0.42796291757820804,-0.6520985588175211,-0.22112125319489082
LNGN0285,Pengerang Johor LNG Terminal,2023-11-01,0.21402696172073865,-0.22763498913997743,0.8372134662533834,-0.24649637695022927,-0.43609700719148103,-0.06464669490500588
LNGN0290,Philippines LNG Terminal,2023-11-01,-0.860283432830723,-1.3657330348142662,-0.5052067256789617,0.059377222955058366,-0.06409540085487624,0.17512633479606218
LNGN0294,Piombino FSRU,2023-11-01,0.08946212795637926,-0.4957894522191204,0.8440495534809459,-0.3216275016517751,-0.538088737269704,-0.11634464610633805
LNGN0297,Pluto LNG Terminal,2023-11-01,1.4897096018948166,1.051181010612135,2.081712027477138,0.8952951700357195,0.7828976427436212,1.0076857519557165
LNGN0308,Portovaya LNG Terminal,2023-11-01,-0.7307971880459344,-1.375761861805752,-0.22853525156238996,0.3665008356143264,0.013112333164698762,0.7232721152242448
LNGN0309,Prelude FLNG Terminal,2023-11-01,0.09146557851951259,-0.51981943393451,0.8747631468264924,0.8117436892164821,0.6526188877253574,0.9739074909620737
LNGN0314,Pyeongtaek LNG Terminal,2023-11-01,0.7667562288556672,0.13567460395945988,1.5312116305519894,0.7004056186012764,0.4407872191559235,0.9508429537328521
LNGN0319,Qidong LNG Terminal,2023-11-01,-0.8921390290051741,-1.433512025252803,-0.5380370522494059,0.06662771748862827,-0.02454869190260843,0.15155135069362533
LNGN0322,Queensland Curtis LNG Terminal,2023-11-01,-0.921147027134935,-1.3917967753315368,-0.6408318921821606,0.8970673625597887,0.7516001221471644,1.0313747754352933
LNGN0328,Rasgas LNG Terminal 3,2023-11-01,3.8828025737451792,1.9712830551511689,5.646928998736981,1.28718431924556,1.180471471514919,1.3870802018705566
LNGN0334,Risavika LNG Terminal,2023-11-01,-0.7268389938148213,-1.3874618292000873,-0.22592236214954542,0.15208331070578482,-0.11749288184315489,0.42748724565164603
LNGN0345,Sabine Pass LNG Terminal,2023-11-01,1.9553046674014145,1.7185028038262042,2.3368957557326393,1.4244975117955239,1.3195888959900832,1.519971423267502
LNGN0347,Sagunto LNG Terminal,2023-11-01,-0.8879496006025507,-1.4252107722786975,-0.5299284170887559,-0.10374148348925472,-0.16806414948412216,-0.03803294319417921
LNGN0351,Sakhalin II LNG Terminal,2023-11-01,0.10852977173023795,-0.5016504162899591,0.8527203566251773,0.7868171166695307,0.5787186369846078,0.9748305713578855
LNGN0359,Senboku 2 LNG Terminal,2023-11-01,-0.8397161709702933,-1.3691022697310204,-0.464793703804902,0.1587034820850806,-0.1035644705065936,0.4054477677361315
LNGN0374,Sines LNG Terminal,2023-11-01,-0.07441646829202667,-0.5064423645838315,0.5573349090448341,-0.06359931746520396,-0.11875630460925726,-0.00395797675297875
LNGN0378,Skikda LNG Terminal,2023-11-01,0.4141129342300509,-0.2804717940289826,1.2829536669734745,0.648269235813101,0.414355451588175,0.872142530808537
LNGN0381,Sodegaura LNG Terminal,2023-11-01,0.1383648527919937,-0.43025171268648243,0.9594167834656497,0.6173081698938996,0.2704534655428571,0.9431482193591039
LNGN0385,South Hook LNG Terminal,2023-11-01,0.9197647925617712,0.2657393055542509,1.724259067674884,0.29568089642070966,0.23953245674824533,0.3573198766972088
LNGN0398,Taichung LNG Terminal,2023-11-01,-0.08323209041108322,-0.6814281681128302,0.6349598441864979,-0.02732373297010271,-0.0831299891339229,0.029766270283132945
LNGN0421,Tianjin LNG Terminal (Sinopec),2023-11-01,1.0600694932971033,0.1912294810784031,2.0816338849326907,0.27932997352857325,0.2033998221896556,0.35538428747863304
LNGN0423,Tiga Malaysia LNG Terminal,2023-11-01,0.5071309164627353,-0.4800283233640854,1.601904209220364,0.9501369676450672,0.8509922710246797,1.041245905553682
LNGN0427,Tornio Manga LNG Terminal,2023-11-01,-0.8590226100976666,-1.4422724687252468,-0.4655506320184035,-0.7010587814041068,-0.9526535716618587,-0.4376065639044862
LNGN0435,Vysotsk LNG Terminal,2023-11-01,0.5575625588700132,0.08966545695924576,1.1939202215743165,0.2971959928153885,0.0308615861954069,0.571225227018371
LNGN0437,Wenzhou LNG Terminal,2023-11-01,0.3187769447667943,-0.6076653646492858,1.3901953948032977,-0.13565009465772043,-0.2849446476610848,0.01056346824642656
LNGN0441,Wheatstone LNG Terminal,2023-11-01,0.8125482141232955,0.3101399590525198,1.4704559981402077,1.106336918629534,0.9913227199976015,1.2307046695037438
LNGN0449,Xintian Tangshan LNG Terminal,2023-11-01,-0.2918781336068192,-0.6429185542818635,0.2083380881937996,0.0492470097942,-0.0757464804542309,0.16871081396791504
LNGN0452,Yamal LNG Terminal,2023-11-01,1.7148725529040276,1.5009907725796727,2.091301370651127,1.37480857968032,1.2680286456831307,1.4817418896471308
LNGN0460,Yokkaichi Works LNG Terminal,2023-11-01,0.023899604500425182,-0.5813547778194488,0.7841971799922246,-0.2969721581734395,-0.4404912454273165,-0.1533882685751645
LNGN0463,Yung-An LNG Terminal,2023-11-01,-0.790244234167172,-1.3982581798591873,-0.3532284416954919,0.22319349115982595,0.03043562818758191,0.4041135793092738
LNGN0464,Zeebrugge LNG Terminal,2023-11-01,0.4525549940174891,-0.20806459638331282,1.2650456919950306,0.20901363609580795,0.01658825104000397,0.3888748432900546
LNGN0473,Zhuhai LNG Terminal,2023-11-01,-0.8877050284146446,-1.3975523288484142,-0.5354439385379677,-0.11509232004643678,-0.20067599861845142,-0.027803477873324045
LNGN0474,Świnoujście Polskie LNG Terminal,2023-11-01,-0.8429002775664937,-1.381622015083118,-0.4690891090830563,-0.01828733552816716,-0.10472154106939104,0.06532850949033148
LNGN0008,Al Zour LNG Import Terminal,2023-12-01,-0.8746377845715686,-1.3789042855062288,-0.5441048870516559,0.2803736738004962,0.016838202967597644,0.5399910892383429
LNGN0026,Arzew-Bethioua LNG Terminal,2023-12-01,0.9490882085309477,0.01350051833823307,2.0756140584911025,1.2478078955102838,0.9683552171729135,1.5179315205157926
LNGN0027,Atlantic LNG Terminal,2023-12-01,1.121789110083466,0.4754235913089621,1.9300312452228976,1.0087070156376237,0.887779363020084,1.124174540648517
LNGN0037,Bilbao LNG Terminal,2023-12-01,-0.41278281170347497,-0.6478099943239168,-0.145989625152701,-0.05275078051402007,-0.12950083419581435,0.03244107381935463
LNGN0039,Bontang LNG Terminal,2023-12-01,-0.7495866667955282,-1.3328192062484479,-0.30080459311728264,0.8543119552763435,0.7299965873126085,0.9530555439045724
LNGN0040,Boryeong LNG Terminal,2023-12-01,-0.8894882505647441,-1.392968388469879,-0.5219935010263286,0.24623693923294093,0.18466174319424564,0.30830604446230714
LNGN0044,Brunnsviksholme LNG Terminal,2023-12-01,-0.8349539442472522,-1.4152789039170186,-0.4211727303842228,-0.7038769442340986,-0.8856948962662574,-0.5060146818667843
LNGN0045,Brunsbüttel FSRU,2023-12-01,-0.8764971615720856,-1.4208923210772009,-0.5172303443687674,-0.09670475686853447,-0.22727787303654548,0.034311150545986664
LNGN0050,Calcasieu Pass LNG Terminal,2023-12-01,1.3391623908568002,0.5537493661808575,2.2570035323623734,1.2014031589539542,1.0877916640343346,1.3163505308255448
LNGN0052,Cameroon FLNG Terminal,2023-12-01,-0.9004949077274497,-1.3305754071206015,-0.5934925411994195,0.7528210744625583,0.6268951722116346,0.8936800751058329
LNGN0056,Cartagena LNG Terminal (Spain),2023-12-01,0.48568457217445665,-0.3643230037876219,1.4931982051958237,0.057192028315424824,-0.10700296901929278,0.21348159747442652
LNGN0070,Corpus Christi LNG Terminal,2023-12-01,1.7415054545423132,1.364499755988652,2.2751972331857937,1.3180105752524303,1.2164847322687413,1.417476891842462
LNGN0085,Das Island LNG Terminal,2023-12-01,0.8864693909644694,0.26208991924791575,1.7024666668859085,0.7373602613498265,0.4641475848373813,1.0070023286396563
LNGN0097,Dunkirk LNG Terminal,2023-12-01,0.4501974857937242,-0.4215814809520033,1.4955256587762369,0.17327846253107876,0.09857896403039451,0.24649923230049828
LNGN0098,Dörtyol FSRU,2023-12-01,0.6056433552476796,-0.058678621483033024,1.4355359959523808,0.10878375499165462,0.028970354465790323,0.18593289878036925
LNGN0100,Eemshaven FSRU,2023-12-01,-0.0037519962620082416,-0.6659985344233385,0.7996510443419841,0.046322846934838804,-0.062264137629541125,0.15303436049102012
LNGN0101,Egyptian LNG Terminal,2023-12-01,0.7765281624636977,-0.03152899307420562,1.7500284339752727,0.8926568973995714,0.7969606440993745,0.9777618601432637
LNGN0103,Elba Island LNG Terminal,2023-12-01,0.184800678914216,-0.3319631756928485,0.8768437043194212,0.6608774936331983,0.5080849132487917,0.8092670901583119
LNGN0112,Everett Marine Terminal,2023-12-01,-0.8474078041063435,-1.392336676123077,-0.47674111930628665,-0.11722715369268386,-0.3999574550811225,0.15135186175373364
LNGN0121,Fos Tonkin LNG Terminal,2023-12-01,0.836719530274155,-0.10632778836939051,1.9406387404867445,-0.4755483872573599,-0.7569981049310534,-0.2105184414403138
LNGN0122,Fredrikstad LNG Terminal,2023-12-01,-0.8750203963546564,-1.3960796017158215,-0.5138726681941462,-0.7777791536416429,-0.9607970850237874,-0.5741718102545904
LNGN0124,Freeport LNG Terminal,2023-12-01,1.9232016412245894,1.6601589487577877,2.3273965297030035,1.327793002142494,1.2214659163428194,1.4306392844165359
LNGN0130,GasPort FSRU,2023-12-01,-0.2872478242379634,-0.6580632367534233,0.23798901325871905,-0.04912949977621083,-0.14748172721227656,0.048517377312002556
LNGN0132,Gate LNG Terminal,2023-12-01,1.109223975076465,0.32179128967814646,2.054465688902625,0.2495675201027449,0.18583032410129022,0.315576000411908
LNGN0136,Gibraltar LNG Terminal,2023-12-01,0.3695017514983768,-0.48145355536703416,1.3845925607193152,-0.6571585374737353,-0.8420612522150305,-0.4780855838946993
LNGN0142,Gorgon LNG Terminal,2023-12-01,1.1868613249353752,0.46279210978621116,2.0179898945621737,1.293911750628896,1.1905317998827283,1.3877175565399484
LNGN0144,Grain LNG Terminal,2023-12-01,0.08105974518737877,-0.5208113822802063,0.8774277207602451,0.32434438651357206,0.21477023957323851,0.4355459912945381
LNGN0166,Hammerfest LNG Snohvit Terminal,2023-12-01,0.6198546241253147,-0.5122374711753949,1.8906974611984109,0.8108306362216828,0.7090408159912,0.8995713567799152
LNGN0168,Hazira LNG Terminal,2023-12-01,-0.021755848346219877,-0.4262822317837244,0.5126506795802781,-0.07287252625103746,-0.1301240402255332,-0.00928169962555237
LNGN0173,Himeji LNG Terminal,2023-12-01,-0.008283297225242634,-0.6876071706948381,0.8304799310419804,0.002166822732792499,-0.27408260556058156,0.27541084126513643
LNGN0175,Hong Kong FSRU,2023-12-01,0.013324288428026992,-0.6724164653527909,0.8543573897902842,0.05865569044396729,-0.05592953057660357,0.17034254848436423
LNGN0178,Huelva LNG Terminal,2023-12-01,-0.0085144157843482,-0.6401641606475352,0.7507643609514469,0.1226676350933537,-0.06660460616122604,0.32116036159222894
LNGN0181,Incheon LNG Terminal,2023-12-01,-0.8491607067744135,-1.408735921630236,-0.49963921315776494,0.820708592782662,0.5839626247545262,1.0531199542622607
LNGN0186,Izmir Aliaga LNG Terminal,2023-12-01,0.6200798451244692,-0.44111156409647273,1.8285808110665132,0.1932787260194998,0.11793149726514746,0.2749915903018856
LNGN0195,Jieyang LNG Terminal (PipeChina),2023-12-01,0.6478174489535907,-0.41075918649713494,1.8313530694152862,-0.24761139206193136,-0.35612602745675176,-0.1404640351610146
LNGN0199,Kagoshima LNG Terminal,2023-12-01,-0.7720279888905909,-1.418931421250781,-0.2786885080726193,-0.6601657754572372,-0.7881459690630872,-0.5256573908594951
LNGN0206,Kiyanly LNG Terminal,2023-12-01,-0.05933131865442537,-0.5746495291242395,0.6112897801176082,0.3436120283038824,0.1954445277722316,0.5007954576234928
LNGN0207,Klaipeda FSRU,2023-12-01,-0.8806162714553797,-1.3947437407851575,-0.5270862346327931,-0.20663029496368573,-0.30016331799139095,-0.11766182935990221
LNGN0208,Kochi LNG Terminal,2023-12-01,-0.8882004049314217,-1.4154376704154223,-0.5367270424035723,-0.09103103688141762,-0.18568487956947302,-2.7230347036917637e-05
LNGN0210,Krk FSRU,2023-12-01,-0.26065614859844244,-0.6543247979883478,0.2885191199964882,-0.26050475435998555,-0.4014999092233283,-0.12520247434087542
LNGN0230,Map Ta Phut LNG Terminal 2,2023-12-01,0.5871519771091731,-0.23521503362655272,1.5265643404734666,0.1163443619952147,0.003963033839049298,0.22411653927054348
LNGN0232,Marmara LNG Terminal,2023-12-01,-0.0008144837319330974,-0.5720421452966661,0.7103323024228188,-0.00036127774684548554,-0.14244084560434064,0.15251403308064018
LNGN0238,Melaka FSRU,2023-12-01,-0.88633422395813,-1.38736845091115,-0.5370360394622383,-0.17294023133114347,-0.2737641163289623,-0.07671347874154567
LNGN0244,Montoir LNG Terminal,2023-12-01,-0.8642386966503672,-1.4161527811571277,-0.5049143092844253,0.08028099344251974,-0.16457739919484932,0.32247142250828953
LNGN0248,Mugardos LNG Terminal,2023-12-01,-0.8966975047012101,-1.4085397421347912,-0.5470352634429028,-0.24496611845352026,-0.30546387450789936,-0.1738542178676428
LNGN0261,Nigeria LNG Terminal,2023-12-01,1.6990983264470567,1.2242793521294841,2.331294941624172,1.2586566396148495,1.0951083019970775,1.4202267275992115
LNGN0268,Nusantara Regas Satu Terminal,2023-12-01,-0.6183973256131875,-1.3804813365673263,-0.008876296885027297,-0.27379763263174883,-0.3975232005432595,-0.15198868433771412
LNGN0270,Ohgishima LNG Terminal,2023-12-01,1.0314284475499746,0.3760943626656783,1.8182950934600335,0.1808555080207612,0.055171687702488634,0.30788050567559466
LNGN0274,Oman Qalhat LNG Terminal,2023-12-01,-0.9514339949195709,-1.3765177364911891,-0.6988821985967185,1.0394070244523204,0.8890284059425567,1.1834165750949948
LNGN0285,Pengerang Johor LNG Terminal,2023-12-01,-0.8188407455427118,-1.4198224595976139,-0.4069308016530665,-0.16504582819756858,-0.27899879690066165,-0.0539901795072543
LNGN0294,Piombino FSRU,2023-12-01,-0.8902867155470682,-1.391247427108873,-0.550967044725343,-0.10618731347495237,-0.23991294625961895,0.028664832271293048
LNGN0297,Pluto LNG Terminal,2023-12-01,2.110441813849833,1.8343014508672484,2.3182684905046065,0.8916950787325697,0.7909376342897703,0.988934282485576
LNGN0308,Portovaya LNG Terminal,2023-12-01,-0.8991079205448117,-1.4202451343263178,-0.567117771006814,0.29082622227380045,-0.10039606442168751,0.6876695571324931
LNGN0309,Prelude FLNG Terminal,2023-12-01,0.15099623617582178,-0.3858482567881166,0.8267468100644904,0.7912376139963638,0.6401113590976646,0.9395059853281702
LNGN0312,Punta Europa LNG Terminal,2023-12-01,-0.9336170566654749,-1.3757660748134772,-0.6508827254450433,0.7654830633874702,0.6472057053881706,0.8891792768936914
LNGN0314,Pyeongtaek LNG Terminal,2023-12-01,0.9579275880064954,0.10655686101825355,1.9997929961259542,0.6770424828664634,0.4133294007474659,0.935924790595035
LNGN0322,Queensland Curtis LNG Terminal,2023-12-01,0.2392062706815599,-0.24901655276656362,0.8663246685647724,0.9961832546713144,0.899136187296411,1.0846323787189078
LNGN0328,Rasgas LNG Terminal 3,2023-12-01,3.306477534554546,1.9355794247731233,4.544006161239014,1.0982481165546967,0.9884455153810314,1.198873965963651
LNGN0345,Sabine Pass LNG Terminal,2023-12-01,1.581873749384056,1.1473360104728914,2.187075561827911,1.5542891456230872,1.425184803411429,1.6707961345811284
LNGN0347,Sagunto LNG Terminal,2023-12-01,-0.8260687109778864,-1.4000434486849924,-0.43507554259044134,0.056107775387930436,-0.02600636662287095,0.14594056427608407
LNGN0351,Sakhalin II LNG Terminal,2023-12-01,-0.9090026630126192,-1.3979410656439117,-0.6185903478142161,0.9782434346525971,0.8622651649263965,1.0855192617308893
LNGN0359,Senboku 2 LNG Terminal,2023-12-01,-0.8866302633458457,-1.4006123564379958,-0.540092812495905,0.1499272085037229,-0.11999355488024226,0.4148203457485515
LNGN0363,Shandong LNG Terminal,2023-12-01,0.03549440864942614,-0.610311482159155,0.8245573215914008,0.2415828552707164,0.18459320933636206,0.30197412970984483
LNGN0374,Sines LNG Terminal,2023-12-01,-0.8481062724158439,-1.3719233872850405,-0.4704990209072554,-0.010193418524490001,-0.08903970506217761,0.07740702595394694
LNGN0378,Skikda LNG Terminal,2023-12-01,-0.14022303966089872,-0.7926203464437145,0.7149546339100494,0.6415047307137189,0.4264756999642797,0.8459385338155916
LNGN0381,Sodegaura LNG Terminal,2023-12-01,0.01610233311011308,-0.6582186663084962,0.8578831227723791,0.6067163862988042,0.2462375792330929,0.9471249780449705
LNGN0385,South Hook LNG Terminal,2023-12-01,0.6179653004858681,-0.22122165742580932,1.643138715770732,0.35651021360939644,0.2638068451043884,0.451088038157962
LNGN0398,Taichung LNG Terminal,2023-12-01,-0.8857266821751743,-1.4305497838101127,-0.5306767084588407,0.005987082511132328,-0.07314827712947206,0.09230622885333939
LNGN0421,Tianjin LNG Terminal (Sinopec),2023-12-01,0.19237045173243872,-0.2773127202350284,0.8144139789040954,0.26580999465720606,0.19776994813988089,0.33340835324199375
LNGN0423,Tiga Malaysia LNG Terminal,2023-12-01,-0.0948592463731692,-0.37971783265383285,0.3511979083708171,0.9736917598216184,0.8604689301636178,1.068215962857015
LNGN0426,Tongyoung LNG Terminal,2023-12-01,0.3008295863425119,-0.6234364133099647,1.3976175229559629,0.5590321553634845,0.39343307229359775,0.7196397023110536
LNGN0427,Tornio Manga LNG Terminal,2023-12-01,-0.8829925189089719,-1.3775602635673971,-0.5144499383256126,-0.7076488680224151,-0.9458749865912598,-0.4588438155283626
LNGN0435,Vysotsk LNG Terminal,2023-12-01,0.7992748474633311,0.4096504749193261,1.3310372729702251,0.3949748957732927,0.1681567519820312,0.6179824133092527
LNGN0437,Wenzhou LNG Terminal,2023-12-01,-0.888089219319738,-1.427842920184281,-0.5312476618467508,-0.11568831757908067,-0.2470528910561135,0.009163056992905103
LNGN0441,Wheatstone LNG Terminal,2023-12-01,0.6711226554741707,0.0594006208936684,1.4724257469975621,1.1016491666347832,0.992491792062029,1.203339807582307
LNGN0442,Wilhelmshaven FSRU,2023-12-01,0.09026768695842718,-0.5011079585722055,0.8222795013229922,0.03573039203708101,-0.08188742207515011,0.15024583505901515
LNGN0449,Xintian Tangshan LNG Terminal,2023-12-01,-0.8446632023916347,-1.3817299331521902,-0.4632025806478884,0.030895095746463413,-0.08266757175353485,0.13663829517546022
LNGN0452,Yamal LNG Terminal,2023-12-01,1.7336778617399564,1.525595970840497,1.9539562975940359,1.3409473130168834,1.2349547093540694,1.4368859024758756
LNGN0460,Yokkaichi Works LNG Terminal,2023-12-01,-0.7551281531025819,-1.3759208173888728,-0.2760724739304626,-0.30455585514153827,-0.46627967269220655,-0.14240022573295866
LNGN0463,Yung-An LNG Terminal,2023-12-01,0.916573801413778,0.10792725793723904,1.8817542591372534,0.1615830992499934,-0.010819878793920445,0.330448634836556
LNGN0464,Zeebrugge LNG Terminal,2023-12-01,0.5039374466285523,-0.09447985938438179,1.3200551493662518,0.1910219407734765,-0.0058867627487575284,0.38633273779355676
LNGN0473,Zhuhai LNG Terminal,2023-12-01,-0.8843656292933643,-1.395552815705214,-0.5346924297889725,-0.12168240666474513,-0.1945265547322196,-0.04910831983814554
LNGN0474,Świnoujście Polskie LNG Terminal,2023-12-01,0.3058665263730507,-0.6219942214792769,1.3854630001907882,-0.036473256677808735,-0.10925838445580244,0.03645854289146914
LNGN0008,Al Zour LNG Import Terminal,2024-01-01,-0.30896289103130065,-0.656988116840893,0.18129490971150125,0.26664142440700905,0.021062161789981687,0.500551322111834
LNGN0026,Arzew-Bethioua LNG Terminal,2024-01-01,0.8823972249333434,0.1520571997074575,1.7943246509766597,1.1138115002178874,0.8650100556874657,1.3654175439093388
LNGN0027,Atlantic LNG Terminal,2024-01-01,0.7487908653453647,0.1788865017831602,1.5430083432517185,0.9840634279834687,0.8560722022781198,1.1068407666333437
LNGN0037,Bilbao LNG Terminal,2024-01-01,-0.2206086856194355,-0.5540072544377929,0.25479217333615317,-0.0706179252083784,-0.16220015772959034,0.028184403907357002
LNGN0039,Bontang LNG Terminal,2024-01-01,-0.7346633414435576,-1.392697007034519,-0.2672466511567119,0.8405797058828555,0.7107370219046614,0.9540713467016507
LNGN0040,Boryeong LNG Terminal,2024-01-01,-0.8606562697305541,-1.4280879868794645,-0.4775155125413737,0.2788406871243202,0.1799593955148667,0.37014158248434753
LNGN0044,Brunnsviksholme LNG Terminal,2024-01-01,-0.8008567740739906,-1.4549443945142866,-0.35825713235098294,-0.7687187479155088,-0.9713491230670848,-0.5553303898887771
LNGN0045,Brunsbüttel FSRU,2024-01-01,-0.8735988503861675,-1.3674518343661652,-0.5160414400932996,-0.11043700626202226,-0.22402249361381793,-0.0033487359978645053
LNGN0050,Calcasieu Pass LNG Terminal,2024-01-01,2.084126539161324,1.8171580798453788,2.3450425644434816,1.1888325027617135,1.0913702272163006,1.2881547798917805
LNGN0052,Cameroon FLNG Terminal,2024-01-01,-0.8542212573123783,-1.372151728745332,-0.4769847828356911,0.7200008261997994,0.5998609293512318,0.8480821534384689
LNGN0055,Cartagena FSRU (Colombia),2024-01-01,-0.8649329241420457,-1.3812719690537212,-0.4945375739169794,-0.44383423143467665,-0.6089298372498148,-0.2827944220635518
LNGN0056,Cartagena LNG Terminal (Spain),2024-01-01,-0.8684813812971826,-1.3879941406664982,-0.5015968828572867,-0.034466897806935674,-0.21188806873695226,0.14027606075181287
LNGN0070,Corpus Christi LNG Terminal,2024-01-01,1.5333346987026144,0.9779565380299508,2.2481529057876948,1.2537661319225586,1.1561698690617985,1.3448830084742145
LNGN0076,Cove Point LNG Import Terminal,2024-01-01,-0.8741211553575363,-1.4022152551378906,-0.5055613234434125,0.22752924281778894,-0.04582470639965044,0.49946604168057623
LNGN0085,Das Island LNG Terminal,2024-01-01,0.45044135508983013,-0.39685563708921456,1.4782793124531348,0.8948183127444761,0.58697040228268,1.1721447003123586
LNGN0097,Dunkirk LNG Terminal,2024-01-01,0.2274237356165353,-0.3996402379983485,0.9715123591426795,0.15682251209847323,0.09839095888123348,0.2157805662922047
LNGN0098,Dörtyol FSRU,2024-01-01,-0.8565445587494432,-1.4025781776842565,-0.49688048722822475,-0.015300114323945575,-0.10061049305414874,0.07087038308000636
LNGN0103,Elba Island LNG Terminal,2024-01-01,-0.8545159019069242,-1.3792377984165547,-0.481437845086166,0.6252036074593245,0.47840796592437795,0.7623599740812754
LNGN0108,Ennore LNG Terminal,2024-01-01,-0.8766718128264362,-1.3965300347153713,-0.5337618307535646,0.004738799435786551,-0.06715636982085423,0.07358000085209618
LNGN0112,Everett Marine Terminal,2024-01-01,-0.8420751248626085,-1.3521342433866967,-0.4598522375851607,-0.13095940308617157,-0.43499623222556594,0.1642711054808806
LNGN0121,Fos Tonkin LNG Terminal,2024-01-01,0.7696433000299101,-0.26574616484162406,1.963735067014998,-0.5856687700454389,-0.8790816078181195,-0.2997385317950823
LNGN0124,Freeport LNG Terminal,2024-01-01,1.3531887264712934,0.6263150363953482,2.2566858782585526,1.3132984803143373,1.2013012406384136,1.42196645192165
LNGN0130,GasPort FSRU,2024-01-01,-0.3707040045083456,-0.635706617453588,0.07969369306515878,-0.08682338883818913,-0.17741749784191174,0.005427739515154072
LNGN0132,Gate LNG Terminal,2024-01-01,0.5631719237880969,-0.375083002186703,1.661476897813105,0.23646552513633015,0.15874431295573094,0.3195866673425183
LNGN0136,Gibraltar LNG Terminal,2024-01-01,0.4933444142881382,-0.5091931851026189,1.6465110338816011,-0.7147388359964079,-0.8964276776710279,-0.5397406134788941
LNGN0142,Gorgon LNG Terminal,2024-01-01,1.1671296672539324,0.47680844420954677,2.0371541977495404,1.2651601882749801,1.1608986164175694,1.3586049698005322
LNGN0144,Grain LNG Terminal,2024-01-01,-0.8741762910726382,-1.3760495660860446,-0.5162049169857911,0.3081489391345846,0.18665578506747227,0.43162265622634194
LNGN0166,Hammerfest LNG Snohvit Terminal,2024-01-01,0.9315905019691824,0.16877838475245502,1.8975174435441096,0.749510380995467,0.6604592505122945,0.8284935008558786
LNGN0168,Hazira LNG Terminal,2024-01-01,0.40840088317687856,0.156967342048497,0.8118799536469348,-0.05714016189124687,-0.14608588689254454,0.04880226139534648
LNGN0170,Higashi Niigata LNG Terminal,2024-01-01,0.0105594022402211,-0.6447305801216866,0.8032315603622918,0.112740512188712,-0.12516863793504576,0.35223978891119706
LNGN0173,Himeji LNG Terminal,2024-01-01,-0.8573059776411731,-1.4386099610835121,-0.49878120213725474,-0.00044806902355577603,-0.30108348960991893,0.2976562716797043
LNGN0175,Hong Kong FSRU,2024-01-01,0.359174513666689,-0.4815376118629781,1.330737521844832,0.10534731529044071,0.01862079638990423,0.19124128196198523
LNGN0178,Huelva LNG Terminal,2024-01-01,0.3066189642028326,-0.5370907192468864,1.2851740202638926,0.1051774578532045,-0.10107066771803752,0.3123128144388451
LNGN0181,Incheon LNG Terminal,2024-01-01,0.293570632138867,-0.13959410259336597,0.8898544416983178,0.8350314040291531,0.5647392031209436,1.0911225060305902
LNGN0186,Izmir Aliaga LNG Terminal,2024-01-01,0.5980742797973526,-0.45046295296957517,1.8161689444333464,0.08477072251683886,-0.010951864949888429,0.1770646802597002
LNGN0191,Jebel Ali FLNG Terminal,2024-01-01,0.052694981269919006,-0.5157547014784916,0.7784281983085924,-0.20546106258925992,-0.39948088395547615,-0.005450433631654836
LNGN0195,Jieyang LNG Terminal (PipeChina),2024-01-01,0.7433113455471889,-0.23440349514294284,1.8983638501210855,-0.25713769437764644,-0.3537855550991642,-0.17148842797884623
LNGN0199,Kagoshima LNG Terminal,2024-01-01,-0.8791087151874212,-1.4059907843459354,-0.512354694962522,-0.668121389305696,-0.8207660971492595,-0.5167632901846698
LNGN0206,Kiyanly LNG Terminal,2024-01-01,-0.9199542085151815,-1.4001249120198855,-0.6379425531131226,0.32714804219871063,0.18169277037129747,0.4806259262682543
LNGN0207,Klaipeda FSRU,2024-01-01,-0.7999295507216737,-1.4070221637750335,-0.36733819878864954,-0.18007194812726587,-0.2476537634123582,-0.10794497624631788
LNGN0208,Kochi LNG Terminal,2024-01-01,0.07928150727275945,-0.4168684341212923,0.7595359807991429,-0.10476328627490553,-0.17991089418847778,-0.02855192015883626
LNGN0210,Krk FSRU,2024-01-01,-0.8907508897529548,-1.4333399877359871,-0.5251069392134278,-0.46176768361118786,-0.6351002566241264,-0.2897845058129713
LNGN0230,Map Ta Phut LNG Terminal 2,2024-01-01,0.6430474965792801,-0.2244399559928342,1.6577169756554608,0.12059529098667317,0.03431191860209866,0.2033017637587941
LNGN0232,Marmara LNG Terminal,2024-01-01,0.7328696507321897,0.17563510028696402,1.5052001586137724,-0.1767463249345637,-0.3250369324030044,-0.022753004493980142
LNGN0238,Melaka FSRU,2024-01-01,-0.8896531115291395,-1.416226943439985,-0.5400087260518698,-0.18667248072463147,-0.2695536498926212,-0.10427407418913782
LNGN0244,Montoir LNG Terminal,2024-01-01,0.00864439070165632,-0.44028977134240965,0.6207790963784121,0.05093149629581982,-0.2044319395218322,0.30819427170024977
LNGN0248,Mugardos LNG Terminal,2024-01-01,-0.05973971721498978,-0.6407329543555285,0.6695760422922289,-0.25869836784700817,-0.32545742427919927,-0.1828429736780866
LNGN0261,Nigeria LNG Terminal,2024-01-01,1.6862275723713205,1.2850659670192477,2.264451781135113,1.3355627835969284,1.138686294336645,1.5199429816921257
LNGN0268,Nusantara Regas Satu Terminal,2024-01-01,-0.6048671699679922,-1.4021462198125927,0.017789944641858214,-0.2875298820252369,-0.3932016977345317,-0.18139388125164388
LNGN0270,Ohgishima LNG Terminal,2024-01-01,0.10384887865322001,-0.4815836582397182,0.9151901824305166,0.1577586735336476,0.020289948363920684,0.2967949644704666
LNGN0274,Oman Qalhat LNG Terminal,2024-01-01,-0.9326035306866115,-1.3558524892786235,-0.6438752673101888,1.1122807969896387,0.9294499142761473,1.2876884301064568
LNGN0285,Pengerang Johor LNG Terminal,2024-01-01,-0.01242590813496498,-0.5359682999689027,0.6776081767299369,-0.20247575411670005,-0.3100145791920292,-0.0951474065967658
LNGN0291,Pichilingue LNG Terminal,2024-01-01,-0.8781821630783969,-1.4401762561761375,-0.517103322978034,-0.4929081411091469,-0.6483522168230723,-0.345540242176843
LNGN0294,Piombino FSRU,2024-01-01,0.4332662687096998,-0.38696080562494567,1.4003981220785946,-0.26778042460005114,-0.4122997994468062,-0.12304305000275137
LNGN0297,Pluto LNG Terminal,2024-01-01,1.9775416229289358,1.7371589766098328,2.3133873385965225,0.8775440231605237,0.781402875601404,0.9685161201096606
LNGN0308,Portovaya LNG Terminal,2024-01-01,-0.9284345908487501,-1.3693485734985984,-0.6338626535741477,0.19512308415498783,-0.10261290342576336,0.47715913505311747
LNGN0309,Prelude FLNG Terminal,2024-01-01,0.43981110956771613,-0.3999781330084098,1.4008418743193556,0.7962287732078865,0.6744865698327412,0.9219379690558941
LNGN0312,Punta Europa LNG Terminal,2024-01-01,0.10644303288243762,-0.47559256941675243,0.8447299470309844,0.7702654758994876,0.6197373375546461,0.9203065901398407
LNGN0314,Pyeongtaek LNG Terminal,2024-01-01,0.5251022021946683,0.05078512921210107,1.1366726605640045,0.6779117767545283,0.3911633697432119,0.9636743433116157
LNGN0322,Queensland Curtis LNG Terminal,2024-01-01,0.5369958352554659,-0.20091936415662695,1.4441387857079717,0.9872441381274352,0.9020773676554429,1.0724951910998919
LNGN0328,Rasgas LNG Terminal 3,2024-01-01,4.106629561780485,1.9987474119740054,6.131961622155267,1.2840948175940634,1.1384858872078454,1.4124240884654056
LNGN0331,Revithoussa LNG Terminal,2024-01-01,-0.8691402436122725,-1.3766341001451154,-0.4887943251548498,-0.17288705616198824,-0.28535726329002425,-0.051268266914234695
LNGN0345,Sabine Pass LNG Terminal,2024-01-01,1.6912428024477026,1.1894074249287487,2.331317727423394,1.4975595462419373,1.3692766725072965,1.6122933455035453
LNGN0347,Sagunto LNG Terminal,2024-01-01,0.35257995870271086,-0.46697188043792814,1.3591097723317442,-0.1411291759694976,-0.20394331379224243,-0.08541980098896391
LNGN0351,Sakhalin II LNG Terminal,2024-01-01,-0.8558488993300161,-1.3588029356690416,-0.4899001014244288,0.8352694529557491,0.6976043215218575,0.9833125751641328
LNGN0359,Senboku 2 LNG Terminal,2024-01-01,-0.784478916670529,-1.3897495089142278,-0.34235755618010094,0.13619495911023494,-0.1488757252825028,0.4210659277224662
LNGN0363,Shandong LNG Terminal,2024-01-01,-0.8791948976188381,-1.3966082103231263,-0.5555898396093518,0.2059117544590641,0.14659120858752653,0.2688114301007898
LNGN0374,Sines LNG Terminal,2024-01-01,-0.1824328682556487,-0.5653738351229807,0.3559289629524747,-0.029554120293546936,-0.12070735424352817,0.07308756582716903
LNGN0378,Skikda LNG Terminal,2024-01-01,0.43602094871941866,-0.266307409460122,1.300191856571629,0.5530299294460514,0.34833747360069955,0.7631252421670938
LNGN0381,Sodegaura LNG Terminal,2024-01-01,0.3122326316171591,-0.6185397176553666,1.4221613650869396,0.5680632266284271,0.21339391965219207,0.9164258472165261
LNGN0385,South Hook LNG Terminal,2024-01-01,0.5037780504501816,-0.3443741921034515,1.5058992755813823,0.28251859977806726,0.19393265769677157,0.3702377125206322
LNGN0398,Taichung LNG Terminal,2024-01-01,-0.8994894239810359,-1.4177471710291392,-0.5398172189811123,-0.02748327825581469,-0.10755688624969433,0.0652077436942599
LNGN0405,Tanjung Benoa FSRU,2024-01-01,-0.8518504777398588,-1.4379759766418492,-0.4735472684664458,-0.7186268305597076,-0.908336746215426,-0.5153657450344531
LNGN0421,Tianjin LNG Terminal (Sinopec),2024-01-01,0.6876384137135609,-0.1506701575209518,1.68036080934187,0.2449248229284015,0.17659003226798078,0.3088759227055347
LNGN0423,Tiga Malaysia LNG Terminal,2024-01-01,0.31843526829777175,-0.5652719611283529,1.3478147916282892,0.885439215152443,0.7793759824644924,0.9743315131033587
LNGN0426,Tongyoung LNG Terminal,2024-01-01,0.7289835867817959,-0.11941304337035934,1.7328741518036375,0.5464531972240017,0.36643743167952614,0.7242065369467964
LNGN0427,Tornio Manga LNG Terminal,2024-01-01,-0.8224486851463965,-1.3967284386690553,-0.40380782694156786,-0.7213811174159023,-0.9385283549280725,-0.49277700852407524
LNGN0435,Vysotsk LNG Terminal,2024-01-01,0.5394499716608656,-0.149380046035725,1.3707215208240622,0.27367078016462504,0.037509940113343174,0.5084502119685521
LNGN0437,Wenzhou LNG Terminal,2024-01-01,0.11643609395181029,-0.42712012197407306,0.7885996664377359,-0.1620878227838207,-0.28045421844770063,-0.04878135844303238
LNGN0441,Wheatstone LNG Terminal,2024-01-01,0.014820318835310226,-0.6540695693466784,0.8490006430977631,1.0706529963387095,0.9752088236706763,1.166533364633091
LNGN0449,Xintian Tangshan LNG Terminal,2024-01-01,-0.8465701570146054,-1.3641383742124322,-0.47425672665613067,-0.0009400520206464941,-0.1023053612243671,0.09200776034458755
LNGN0452,Yamal LNG Terminal,2024-01-01,1.2329483788744222,0.7397198499747559,1.8813412107900618,1.3268055689679081,1.2167142533177289,1.4240282548745717
LNGN0460,Yokkaichi Works LNG Terminal,2024-01-01,-0.8774337140865807,-1.417817965503985,-0.5040137487327054,-0.32760814387460924,-0.4942146172389215,-0.15472476749089537
LNGN0463,Yung-An LNG Terminal,2024-01-01,0.4639345341836643,-0.35671741924821154,1.432115117838531,0.2046568808034325,-0.013444140259923385,0.42775580399729624
LNGN0464,Zeebrugge LNG Terminal,2024-01-01,-0.05304375974498095,-0.29163355102595995,0.328588494958239,0.18320845651817128,-0.029882892398226144,0.39831687134863547
LNGN0473,Zhuhai LNG Terminal,2024-01-01,-0.882534292742927,-1.363083945833665,-0.5269807687612162,-0.09069275778575707,-0.17923164721493814,0.0032342468029116413
LNGN0474,Świnoujście Polskie LNG Terminal,2024-01-01,0.37113268700536806,-0.06478778954086344,0.9580499159766317,-0.041767426398045884,-0.10342032873785012,0.018752423645744146
LNGN0008,Al Zour LNG Import Terminal,2024-02-01,-0.861614882333884,-1.3990145901554578,-0.5039349688654587,0.40189089679705586,0.29123507743067933,0.5119307997612131
LNGN0026,Arzew-Bethioua LNG Terminal,2024-02-01,0.9575620993496803,0.024930367194687372,2.0103761690467787,1.1940876227794097,0.9259187872109155,1.467559261511005
LNGN0027,Atlantic LNG Terminal,2024-02-01,1.4321732986071323,0.8679805358538165,2.1637592796879623,0.97635326220103,0.8445024599310119,1.10520509661589
LNGN0035,Barcelona LNG Terminal,2024-02-01,0.6445348298383837,-0.14366181942961673,1.5569036337934061,0.2093003183912211,-0.15428040173019128,0.5663655391220506
LNGN0037,Bilbao LNG Terminal,2024-02-01,0.0436542682041721,-0.5576479794565544,0.7768729173721676,-0.0745322361464261,-0.1722817924515512,0.02556587877399723
LNGN0044,Brunnsviksholme LNG Terminal,2024-02-01,-0.8045426229568124,-1.388846031505732,-0.36693044149716314,-0.7329955069180705,-0.893553958469452,-0.5589851126863512
LNGN0050,Calcasieu Pass LNG Terminal,2024-02-01,1.2505578799248256,0.40777648149970547,2.2379597503380473,1.1605092149667222,1.0658315656456716,1.2641053854754039
LNGN0052,Cameroon FLNG Terminal,2024-02-01,-0.7117435089098747,-1.3678134307769607,-0.22355266519922845,0.7237025117785862,0.602379011624835,0.8498160684918803
LNGN0055,Cartagena FSRU (Colombia),2024-02-01,0.5689443722173919,-0.3336977805060588,1.6112752282610685,-0.2655305793661089,-0.36515229184944986,-0.15806263071974935
LNGN0056,Cartagena LNG Terminal (Spain),2024-02-01,0.3498030754274585,-0.47362824679537474,1.363320319977501,0.14364998017461136,-0.09665558869563123,0.3818655767812853
LNGN0070,Corpus Christi LNG Terminal,2024-02-01,1.5357837855824283,1.0793345657958753,2.1157364630180404,1.237506497631864,1.1391190062364775,1.3278936236056975
LNGN0074,Costa Norte LNG Terminal,2024-02-01,-0.8736230553683134,-1.4146943503537823,-0.5018082347299626,-0.35858347491542913,-0.4711238880311867,-0.25694298366590845
LNGN0076,Cove Point LNG Import Terminal,2024-02-01,-0.579890221220153,-1.4077218606233115,0.059523867616085864,0.17958474065899324,-0.08227497225988435,0.44102016037818265
LNGN0083,Damietta SEGAS LNG Terminal,2024-02-01,0.23801868166639528,-0.2023798210199073,0.8168638287199055,0.84684747781342,0.7117472678484811,0.9705715010833339
LNGN0085,Das Island LNG Terminal,2024-02-01,0.40122632760917165,-0.4574955785696445,1.4184926441482406,0.9129622400538419,0.5891340652565833,1.2178966868314778
LNGN0097,Dunkirk LNG Terminal,2024-02-01,0.502814072896976,-0.20433972850801613,1.3571236869440402,0.1325552218130313,0.07629121054939453,0.1960703353584581
LNGN0098,Dörtyol FSRU,2024-02-01,0.3007937306477541,-0.06455292883765076,0.8368885000762893,0.016543524750888182,-0.07299308969740373,0.11268998165948949
LNGN0102,El Musel LNG Terminal,2024-02-01,-0.8577899082220407,-1.4121382118943704,-0.48989251432451686,0.014208623888419153,-0.08157259743696774,0.10828767492929352
LNGN0103,Elba Island LNG Terminal,2024-02-01,-0.9174555033747136,-1.3707510287975806,-0.6146548904104575,0.49133421153994894,0.31846839593797704,0.6588110669725811
LNGN0112,Everett Marine Terminal,2024-02-01,-0.8591914489212077,-1.3797734718463222,-0.4588349053088671,-0.10883883780608518,-0.42817303319069666,0.20842028994304104
LNGN0121,Fos Tonkin LNG Terminal,2024-02-01,0.7616184046548499,-0.005817916004663427,1.6618695914573502,-0.5974219241558759,-0.89885227906086,-0.3135637499044212
LNGN0124,Freeport LNG Terminal,2024-02-01,0.8301051696154634,-0.022216295187868558,1.8665436070158898,1.231058776543371,1.137058741506933,1.321102385501205
LNGN0130,GasPort FSRU,2024-02-01,-0.37709678884761644,-0.6022699683122351,0.0182998044587807,-0.1022097021286732,-0.18489081504916496,-0.011495340836134923
LNGN0132,Gate LNG Terminal,2024-02-01,0.8400617237564725,-0.13596528392174084,2.006487800372787,0.22551363809450184,0.14046431479529053,0.3073080631040446
LNGN0136,Gibraltar LNG Terminal,2024-02-01,-0.6947286784712411,-1.3977732476626237,-0.14504051948971436,-0.6796371346310889,-0.8490046985747167,-0.5242723897561976
LNGN0142,Gorgon LNG Terminal,2024-02-01,1.3845321936764547,0.7852691637321876,2.1251165545105546,1.2425532328759006,1.1420393230859474,1.33364629153488
LNGN0144,Grain LNG Terminal,2024-02-01,0.02464692534463966,-0.6276890996750077,0.881760360910348,0.29375664195151485,0.16815953680772633,0.4139075686300749
LNGN0156,Gwangyang LNG Terminal,2024-02-01,-0.8445556527314849,-1.4070765126514666,-0.4567941892835853,0.035218486306835606,-0.058055816644789426,0.12526514955375434
LNGN0166,Hammerfest LNG Snohvit Terminal,2024-02-01,0.9461747241081607,0.13593879381668802,1.911495573618507,0.6918923837421155,0.6106722874764684,0.7754607002316578
LNGN0168,Hazira LNG Terminal,2024-02-01,1.1576243507635362,0.46419958816742346,2.0672389659632584,-0.026163152113714918,-0.14722332911210806,0.09905927975371329
LNGN0178,Huelva LNG Terminal,2024-02-01,0.03018104053192988,-0.6430598497340876,0.852696802832449,0.0832747025490693,-0.11814835374605978,0.2901767986898311
LNGN0182,Inkoo FSRU,2024-02-01,-0.13594412230650937,-0.6413282617364623,0.19342279253742467,-0.2541052199309739,-0.43195061715945954,-0.06785368870960846
LNGN0186,Izmir Aliaga LNG Terminal,2024-02-01,0.3451758563909456,-0.4590765145503941,1.2701090938860788,0.0866843132488948,-0.023677333117884718,0.1904339857192135
LNGN0191,Jebel Ali FLNG Terminal,2024-02-01,-0.8753299739605939,-1.3801500778885945,-0.5125536838289368,-0.21816428444179672,-0.4009659502811913,-0.024980588499322092
LNGN0195,Jieyang LNG Terminal (PipeChina),2024-02-01,0.013072837966300052,-0.5534302601100053,0.724244238290631,-0.3064788608282248,-0.4077371365110565,-0.21215137090432
LNGN0207,Klaipeda FSRU,2024-02-01,0.055053228642497905,-0.5549675287858975,0.8161082395241294,-0.28956012705589707,-0.383520012076517,-0.18586485614553042
LNGN0208,Kochi LNG Terminal,2024-02-01,-0.7344943124734687,-1.354301246508726,-0.22375190970780748,-0.05502590309213391,-0.10932168302417922,0.0024884151863729005
LNGN0210,Krk FSRU,2024-02-01,-0.8447699720075794,-1.3944465192481958,-0.4570669657916014,-0.2896233170439576,-0.41008804361293755,-0.17554152865681735
LNGN0230,Map Ta Phut LNG Terminal 2,2024-02-01,0.7342579251094926,-0.2492403295423046,1.9007519603706917,0.11178688940316732,0.028344495623786978,0.19649851433488982
LNGN0232,Marmara LNG Terminal,2024-02-01,0.31224059729085063,-0.4681204009756651,1.2616208470837913,-0.03992638316266948,-0.19437945272528823,0.11918028437256006
LNGN0238,Melaka FSRU,2024-02-01,-0.8749464733100861,-1.396150651253343,-0.5093023761822527,-0.15119476371760462,-0.2075403418155587,-0.097617259191355
LNGN0244,Montoir LNG Terminal,2024-02-01,0.3117924890625941,-0.5382330116546864,1.304496596406551,0.03690083136565002,-0.21195851151189896,0.2942416368886544
LNGN0248,Mugardos LNG Terminal,2024-02-01,-0.875013598401859,-1.394771746446522,-0.5144151033547885,-0.264264491983963,-0.33820875274713474,-0.1863707206832927
LNGN0261,Nigeria LNG Terminal,2024-02-01,2.649813984636926,1.948730999317095,3.193517550633615,1.3293608637096042,1.1287128864658615,1.5223383258636416
LNGN0270,Ohgishima LNG Terminal,2024-02-01,0.3931186816634217,-0.44168001017456393,1.442661895663228,0.20586723257823134,0.023619314624278322,0.38065746471732886
LNGN0272,Old Harbour FSRU,2024-02-01,0.037247724439543856,-0.6226527448070485,0.8833113409253656,-0.38387258258321044,-0.5463718704287879,-0.21136833124885193
LNGN0274,Oman Qalhat LNG Terminal,2024-02-01,0.21085497601554168,-0.29361720710265776,0.8969095348116572,1.02224854871449,0.8546188740843372,1.1929690838870435
LNGN0278,Panigaglia LNG Terminal,2024-02-01,-0.7392371397741496,-1.4218292244213282,-0.235239843859138,-0.4636715668804878,-0.7269463475974041,-0.21521091566375228
LNGN0285,Pengerang Johor LNG Terminal,2024-02-01,-0.854286775389214,-1.4212691710785936,-0.46627062740867026,-0.25897241501374635,-0.3829781333280464,-0.12408209396578991
LNGN0294,Piombino FSRU,2024-02-01,0.015570951511030948,-0.6224552080361833,0.8070618915472139,-0.14160211410414736,-0.254034542509906,-0.030353155466228285
LNGN0297,Pluto LNG Terminal,2024-02-01,1.5121546420596579,1.0051104295606406,2.172244054213775,0.8755013744822785,0.7806704763042716,0.9671095108359873
LNGN0308,Portovaya LNG Terminal,2024-02-01,-0.829349342076221,-1.3845068008852712,-0.4538142212367423,0.38003880573106913,0.17734622416934978,0.5761672131221428
LNGN0309,Prelude FLNG Terminal,2024-02-01,-0.8849426665744045,-1.32643645954779,-0.5683584153486904,0.7700909507958035,0.6490654462651426,0.8943646301754254
LNGN0312,Punta Europa LNG Terminal,2024-02-01,-0.9155543069385078,-1.433339008017983,-0.6019283831536576,0.732794228173673,0.6057042113725518,0.866031535754196
LNGN0314,Pyeongtaek LNG Terminal,2024-02-01,0.067303362363357,-0.5297478623402823,0.7837929046910702,0.671344615708635,0.37791620979187174,0.9620142406602837
LNGN0319,Qidong LNG Terminal,2024-02-01,-0.8787227108897675,-1.4337220011509775,-0.5223352250518409,-0.02691896953610218,-0.08781205267925957,0.03043982132385113
LNGN0322,Queensland Curtis LNG Terminal,2024-02-01,0.13741782911645187,-0.4291343004528031,0.8483184040341317,1.0104259422722133,0.9239785208758123,1.094495648714091
LNGN0328,Rasgas LNG Terminal 3,2024-02-01,3.4695678632100666,1.8678246978807047,4.902484337601256,1.2724290469370803,1.1257107149065906,1.4019443526067197
LNGN0331,Revithoussa LNG Terminal,2024-02-01,-0.829815531957419,-1.3560291701261713,-0.4477534370444062,-0.03738310672013156,-0.18062451662755769,0.11653835954253976
LNGN0334,Risavika LNG Terminal,2024-02-01,-0.9261839854146012,-1.3468296516529183,-0.6217115056917588,0.18362959322652614,-0.0008763160564940798,0.3843407737720676
LNGN0345,Sabine Pass LNG Terminal,2024-02-01,2.188384333795889,1.83484607000873,2.4237883320709104,1.4724390843602047,1.3417639740006686,1.5871443043755293
LNGN0347,Sagunto LNG Terminal,2024-02-01,-0.09715633702370385,-0.6302330007462875,0.559294497998122,-0.15981186701141376,-0.2211984469137399,-0.10279857739614713
LNGN0351,Sakhalin II LNG Terminal,2024-02-01,-0.8793411081490249,-1.3461410257272641,-0.5521249106917577,0.8420963361159269,0.715961859973161,0.9681564875638036
LNGN0359,Senboku 2 LNG Terminal,2024-02-01,0.17741790159862603,-0.3509239128371607,0.8535438762488612,0.12511819431569693,-0.16480902946769868,0.4173998883135236
LNGN0363,Shandong LNG Terminal,2024-02-01,0.4779223935399774,-0.3005020842386643,1.4213996896406593,0.23017937160326735,0.1449447028579368,0.3090789025624701
LNGN0374,Sines LNG Terminal,2024-02-01,0.4819691048673488,-0.5097197410517281,1.6001875673992165,-0.04089015823820722,-0.13492200740469718,0.05683140369217792
LNGN0378,Skikda LNG Terminal,2024-02-01,0.4347283988450981,-0.21624963602849248,1.2339002984376506,0.687383331151219,0.5132353814063474,0.8746659462704358
LNGN0381,Sodegaura LNG Terminal,2024-02-01,0.13002571711735153,-0.42150607516161476,0.8436513172998377,0.5767726586908735,0.20342017019641556,0.9461518660362417
LNGN0385,South Hook LNG Terminal,2024-02-01,1.035106857933428,0.19618027767447377,2.0068330499578506,0.32278043008497515,0.21771968394976857,0.4288932569901956
LNGN0398,Taichung LNG Terminal,2024-02-01,-0.09258146427992739,-0.6339620788727091,0.6032020915122661,-0.04286959154629866,-0.12575711794676922,0.04096550035468023
LNGN0405,Tanjung Benoa FSRU,2024-02-01,0.17143943010553914,-0.31098587388890025,0.8195203066553233,-0.7272121767472407,-0.9067645669928022,-0.5290761638104476
LNGN0421,Tianjin LNG Terminal (Sinopec),2024-02-01,-0.8763011971502705,-1.3849385029413663,-0.5075224824045571,0.21507352661022103,0.15183836288472985,0.2734233965925525
LNGN0423,Tiga Malaysia LNG Terminal,2024-02-01,0.4932166144958948,-0.059796383776531875,1.213444720284338,0.767928470818186,0.6834960376741703,0.85961260080801
LNGN0426,Tongyoung LNG Terminal,2024-02-01,-0.8548428683901329,-1.374012512016364,-0.5037918764045504,0.5132918674988397,0.33932753413258515,0.6838872558668838
LNGN0435,Vysotsk LNG Terminal,2024-02-01,0.006367146283063655,-0.3649923302128968,0.5636458250806867,0.2616737805225634,0.03723816191039757,0.4946176151856032
LNGN0437,Wenzhou LNG Terminal,2024-02-01,0.016599657156342366,-0.6051042727257663,0.7967367263857009,-0.22466606177536752,-0.35069973704998086,-0.09365494909411781
LNGN0441,Wheatstone LNG Terminal,2024-02-01,0.27540614190239104,-0.15205549590787248,0.8677474512570013,1.0755519867715213,0.9859625085167785,1.163379986557172
LNGN0449,Xintian Tangshan LNG Terminal,2024-02-01,-0.8546158514689983,-1.389954864354064,-0.45418569807543807,-0.01632636531113051,-0.11215497452187595,0.07464565310455244
LNGN0452,Yamal LNG Terminal,2024-02-01,1.4132817918790146,1.087975067759315,1.6076252166512512,1.2835742541418582,1.1822810065443865,1.3790179375750207
LNGN0460,Yokkaichi Works LNG Terminal,2024-02-01,0.6511269453877448,0.021128833363891836,1.412924941356925,-0.33516936506551837,-0.5119813818566272,-0.16143845573249496
LNGN0463,Yung-An LNG Terminal,2024-02-01,0.9403234258384653,0.2935839676612407,1.7846267648088812,0.18375491762919446,-0.03213451319258319,0.39559777062172424
LNGN0464,Zeebrugge LNG Terminal,2024-02-01,0.21983592638635524,-0.048842706471685975,0.46489151417243907,0.15030156394266028,-0.05359486383701342,0.35200797527560834
LNGN0473,Zhuhai LNG Terminal,2024-02-01,0.08449427722810239,-0.49941213419080926,0.8464836005252283,-0.15080096934871698,-0.21430014950871856,-0.09018099917897693
LNGN0474,Świnoujście Polskie LNG Terminal,2024-02-01,0.2034823883826216,-0.5811639431087079,1.1650499659403009,-0.04619791625170757,-0.11364548695447772,0.017277333331046255
LNGN0008,Al Zour LNG Import Terminal,2024-03-01,0.36578752626359917,-0.38851774400349764,1.2960280426046786,0.09066385590361334,-0.17109926992942598,0.37023841577350197
LNGN0013,American LNG Hialeah Terminal,2024-03-01,-0.8672183462836474,-1.3729339365258795,-0.49810498860606367,0.11595799364815834,-0.10871129621654313,0.34674764963532656
LNGN0026,Arzew-Bethioua LNG Terminal,2024-03-01,0.960604613309226,0.20953882098756782,1.859281282010517,1.2073846453783872,0.9357715436056168,1.4787309106634763
LNGN0027,Atlantic LNG Terminal,2024-03-01,0.9292406653282285,0.26713480884125457,1.7830261430689998,0.9407465684898563,0.8125374711599491,1.0709107996880667
LNGN0035,Barcelona LNG Terminal,2024-03-01,0.4170580169498313,-0.404789865241485,1.404562904801728,0.16326473762512783,-0.17187277402488582,0.4872316128490031
LNGN0037,Bilbao LNG Terminal,2024-03-01,-0.20438423032818226,-0.5014196074930451,0.2336043290197899,-0.11144515732484289,-0.19104829108075383,-0.0369473781012765
LNGN0044,Brunnsviksholme LNG Terminal,2024-03-01,-0.8502057096083205,-1.3982498691686391,-0.44528821850706857,-0.7980668571630971,-1.0011610438249041,-0.5760222986480775
LNGN0050,Calcasieu Pass LNG Terminal,2024-03-01,1.537592114212557,1.0252941891363363,2.2296990476040683,1.1173148638543162,1.0134416441804557,1.2304641493843613
LNGN0052,Cameroon FLNG Terminal,2024-03-01,-0.8339118650102827,-1.3719643183658858,-0.4454861068726302,0.7096538141702453,0.5899255647402232,0.8330122530992655
LNGN0055,Cartagena FSRU (Colombia),2024-03-01,-0.8389605440650448,-1.4456764034758356,-0.44489661633053396,-0.37846602636110593,-0.4999453195147881,-0.2489293342954333
LNGN0056,Cartagena LNG Terminal (Spain),2024-03-01,0.025170937775995383,-0.478359028684186,0.6994643411499047,0.04495755199041454,-0.13481616871473714,0.21717116334248196
LNGN0070,Corpus Christi LNG Terminal,2024-03-01,2.1870768736188877,1.8382476624378514,2.404292797355355,1.2659228727556489,1.169105543640096,1.3609161453192453
LNGN0074,Costa Norte LNG Terminal,2024-03-01,0.02640650015152223,-0.6006483499001579,0.8466145247720283,-0.4708041556910923,-0.6183976440922924,-0.3177270255783164
LNGN0076,Cove Point LNG Import Terminal,2024-03-01,-0.8587480853867016,-1.3542440274856584,-0.49179936943740693,0.10952706987194548,-0.1311883896168921,0.3454344278676261
LNGN0079,Dabhol LNG Terminal,2024-03-01,-0.8622561121020732,-1.3916524803620804,-0.4958144234777751,-0.03127538993261816,-0.10408611347913188,0.03578135833606514
LNGN0083,Damietta SEGAS LNG Terminal,2024-03-01,-0.8222930520323452,-1.3487695650160556,-0.4342762085623601,0.7911357198431725,0.6921134234459863,0.880235483837872
LNGN0085,Das Island LNG Terminal,2024-03-01,0.5910755819281663,-0.25157645557816916,1.5774931372164178,0.884895467923159,0.5770099185650543,1.1700860205746866
LNGN0097,Dunkirk LNG Terminal,2024-03-01,0.08150165681166495,-0.5117454015504812,0.869678585932856,0.1281344378928456,0.06655688199051463,0.19344500000039438
LNGN0098,Dörtyol FSRU,2024-03-01,0.6160609492325907,0.3564980028018727,0.8541575710882424,0.07753650270642773,0.018522290906231198,0.14316290830222533
LNGN0100,Eemshaven FSRU,2024-03-01,0.3927364596976903,-0.35460369259330937,1.3236617652495375,-0.0027719187173807177,-0.09205041170026712,0.09654841706087382
LNGN0102,El Musel LNG Terminal,2024-03-01,-0.8550312793394579,-1.383372782707638,-0.4616305726979138,0.0002468279313151135,-0.09530143744379804,0.10628586270813496
LNGN0103,Elba Island LNG Terminal,2024-03-01,0.38498690761369053,-0.5175100020299542,1.4583490036034645,0.4905502286442708,0.3156866233198834,0.6590295157500312
LNGN0112,Everett Marine Terminal,2024-03-01,-0.8085697357962216,-1.3745302739941905,-0.3838890308902216,-0.16030751233375984,-0.45795119090204106,0.1268408944810821
LNGN0121,Fos Tonkin LNG Terminal,2024-03-01,0.8310166460875189,0.057542241239048796,1.7499468620852303,-0.5796967946431838,-0.8434164068742994,-0.3361511751145154
LNGN0124,Freeport LNG Terminal,2024-03-01,1.5692201175781286,1.2132359877311762,2.085522529267496,1.2023754237295663,1.1145819065070777,1.2960179741281797
LNGN0130,GasPort FSRU,2024-03-01,-0.8550189221846315,-1.4692499451715413,-0.4625241539205071,-0.12942134095699445,-0.22646164519386147,-0.02284246461546409
LNGN0132,Gate LNG Terminal,2024-03-01,0.829943206989493,-0.0765013658210173,1.887473224006351,0.20898003998949613,0.13052534833152168,0.27914079567421896
LNGN0136,Gibraltar LNG Terminal,2024-03-01,0.8950676839649714,0.10101388335399367,1.8279007598891877,-0.757524386610863,-0.9434398290606957,-0.564141968954285
LNGN0142,Gorgon LNG Terminal,2024-03-01,1.0500220060892436,0.21399118938265024,2.0143058275339576,1.2345292472296483,1.1399623372310095,1.3250707142200546
LNGN0150,Guangxi LNG Terminal,2024-03-01,-0.8562299638572924,-1.406388685718394,-0.4904105602510909,-0.14154837036452653,-0.23153724416053317,-0.05460672950557981
LNGN0156,Gwangyang LNG Terminal,2024-03-01,0.3501283346357072,0.0007435350659735547,0.883425174318607,-0.17424925532448274,-0.26469110343169533,-0.08327981973787374
LNGN0166,Hammerfest LNG Snohvit Terminal,2024-03-01,1.1658788389570667,0.6355706720795604,1.8468423470539028,0.6437808227468856,0.5513876401977419,0.7361106282534575
LNGN0168,Hazira LNG Terminal,2024-03-01,0.34820179357402165,-0.40523405015188335,1.246003002118829,-0.07294476240846594,-0.16489156314421224,0.011838563252681612
LNGN0178,Huelva LNG Terminal,2024-03-01,-0.8137942309552969,-1.3681273483392964,-0.39918962603875796,0.07023583263157737,-0.12868340267912873,0.26366858138075644
LNGN0182,Inkoo FSRU,2024-03-01,-0.23703281917818966,-0.9254044673842314,0.30031997173671904,-0.23870969625319272,-0.398270885370561,-0.06949152027184331
LNGN0186,Izmir Aliaga LNG Terminal,2024-03-01,0.07100821559760676,-0.5444495091077819,0.8836183274511364,0.15775576486963505,0.06696307458565924,0.24672238297146443
LNGN0191,Jebel Ali FLNG Terminal,2024-03-01,-0.8669893320534909,-1.3890705773094132,-0.5020446913118073,0.02301820984546354,-0.06707836478917598,0.1072593757484149
LNGN0195,Jieyang LNG Terminal (PipeChina),2024-03-01,0.6853235106042087,-0.2922456013626308,1.8164158461047781,-0.3059050240215078,-0.40767712403452044,-0.20690800090182723
LNGN0207,Klaipeda FSRU,2024-03-01,-0.830162842356232,-1.3626403873152209,-0.4224150425570466,-0.24366041590571755,-0.31740976118888253,-0.1684630164272879
LNGN0208,Kochi LNG Terminal,2024-03-01,-0.8484586091822809,-1.4077453575872663,-0.467285695900395,-0.1606455552450415,-0.2507433170879608,-0.05738901017564091
LNGN0210,Krk FSRU,2024-03-01,-0.8648478898271327,-1.395732497373602,-0.4999538772646109,-0.30358511300106156,-0.42628277265861125,-0.17797263704287283
LNGN0230,Map Ta Phut LNG Terminal 2,2024-03-01,0.5553131759335502,-0.35924198383939443,1.6158246828373526,0.0896320597399238,0.0059138458171186245,0.18724847614788317
LNGN0232,Marmara LNG Terminal,2024-03-01,0.6441081438140029,0.02718832328089519,1.4451615415871402,-0.02821319901444556,-0.1923658898002389,0.13393572058755526
LNGN0244,Montoir LNG Terminal,2024-03-01,0.42409019441368784,-0.37263014326781263,1.3182784505359444,0.042174812587460336,-0.21673908340912124,0.29411006038531784
LNGN0248,Mugardos LNG Terminal,2024-03-01,-0.8615456093613003,-1.476919764464749,-0.4811790778980389,-0.28804647709459597,-0.3550724263952345,-0.22850033082533855
LNGN0251,Mundra LNG Terminal,2024-03-01,-0.7997307609086212,-1.3987101521128862,-0.3592082323341204,-0.002266763205940532,-0.08231002245445598,0.080960753755605
LNGN0261,Nigeria LNG Terminal,2024-03-01,1.5768045363641576,1.0815256964462976,2.2369384044101572,1.3101792043161935,1.116030276165355,1.493529228277568
LNGN0270,Ohgishima LNG Terminal,2024-03-01,0.41342579106189725,-0.35174203049684954,1.303856428501341,0.16046716971536112,0.010204290323871573,0.3056696561461174
LNGN0274,Oman Qalhat LNG Terminal,2024-03-01,-0.8946462176690698,-1.361372077838606,-0.5666515580059874,1.0323752378324575,0.9027167502432132,1.1613944147428388
LNGN0278,Panigaglia LNG Terminal,2024-03-01,-0.8025082763569273,-1.3979104806941138,-0.3731067974984438,-0.47763336283759267,-0.7293016979140015,-0.24267836876939974
LNGN0285,Pengerang Johor LNG Terminal,2024-03-01,-0.8464325597909771,-1.3605610361950788,-0.4722681541105305,-0.2961668222096137,-0.44283613663113147,-0.13373917467595448
LNGN0294,Piombino FSRU,2024-03-01,-0.8567313925426623,-1.4050946021316557,-0.47905694084206435,-0.14098526465503491,-0.25297525202866983,-0.023009571970389806
LNGN0297,Pluto LNG Terminal,2024-03-01,1.0891188424770841,0.2848457948576678,2.0188658554442758,0.8524723098531214,0.7631186073393126,0.939534935827241
LNGN0308,Portovaya LNG Terminal,2024-03-01,-0.8314921578048339,-1.3678321595420222,-0.4229447754574546,0.3706656441952285,0.1648527690146022,0.5714136999197907
LNGN0309,Prelude FLNG Terminal,2024-03-01,-0.9096314466002786,-1.3871092801116738,-0.5829443381252157,0.743984518207183,0.6092663645845562,0.8845582195673511
LNGN0314,Pyeongtaek LNG Terminal,2024-03-01,-0.09216872214189994,-0.5749786221532136,0.5289891827268282,0.5129211842822101,0.2385063675251584,0.782066542887691
LNGN0319,Qidong LNG Terminal,2024-03-01,-0.8789373659744477,-1.4098986922744579,-0.4828178577377767,-0.334139684004821,-0.5084216632240676,-0.15917640137612668
LNGN0322,Queensland Curtis LNG Terminal,2024-03-01,-0.8881974238730692,-1.3745789364572392,-0.5574849661454649,0.8210815308778409,0.6931197003495326,0.9456585047314582
LNGN0328,Rasgas LNG Terminal 3,2024-03-01,3.8441851897293646,1.9430784079272734,5.5854622181459685,1.2537764881242643,1.1159846593384786,1.377199016074125
LNGN0334,Risavika LNG Terminal,2024-03-01,-0.9440927971861648,-1.4280735808422909,-0.6510450675780755,-0.09660584556863053,-0.36196690708240087,0.1637282715985572
LNGN0345,Sabine Pass LNG Terminal,2024-03-01,2.1726655729951294,1.8843222260506405,2.3778171663675507,1.418190984454406,1.3050445464273157,1.5259950186772446
LNGN0347,Sagunto LNG Terminal,2024-03-01,-0.07342157708850988,-0.5702885540091306,0.5624680320419814,-0.0012297382998712897,-0.08780624923364463,0.07300372020772912
LNGN0359,Senboku 2 LNG Terminal,2024-03-01,0.7236582007017356,0.1775761625055881,1.38800591245674,0.10903303682569616,-0.17422789917397768,0.37918497072064544
LNGN0374,Sines LNG Terminal,2024-03-01,-0.8392305396529297,-1.3888193479492312,-0.46482022686095115,-0.06282109773593053,-0.1453245019509446,0.012875034087176164
LNGN0378,Skikda LNG Terminal,2024-03-01,0.36570605549174556,-0.08092388488903599,0.9642707174954754,0.6754550070385101,0.4986203707046765,0.8700125728757477
LNGN0381,Sodegaura LNG Terminal,2024-03-01,0.8246539276162187,-0.14629493126179882,1.9789478044048507,0.5372382118065476,0.19808844432634504,0.8813212479256315
LNGN0385,South Hook LNG Terminal,2024-03-01,-0.018492834146948293,-0.6182679793449225,0.7584655301113113,0.24666441515632664,0.1535192376773233,0.3201046129632842
LNGN0398,Taichung LNG Terminal,2024-03-01,0.05902599151334895,-0.5435559545025654,0.8322815747603338,-0.02153148251124556,-0.12414655831114858,0.0772458743675171
LNGN0405,Tanjung Benoa FSRU,2024-03-01,0.38018531896756236,-0.3376065812886184,1.2368802879794283,-0.7380923190747695,-0.9242652960959231,-0.5397354633996887
LNGN0421,Tianjin LNG Terminal (Sinopec),2024-03-01,0.5924322542868499,-0.13362140733666975,1.479137265654671,0.21735019445414996,0.15121969779163275,0.27656087209890334
LNGN0423,Tiga Malaysia LNG Terminal,2024-03-01,0.6965590426140804,-0.03972598077049324,1.608500593533897,0.8449158945154641,0.7523750090713274,0.9309253792092689
LNGN0426,Tongyoung LNG Terminal,2024-03-01,-0.8487862119526789,-1.4130950314753972,-0.47157660276081576,0.3517317503943677,0.16642385248077662,0.535392636888806
LNGN0435,Vysotsk LNG Terminal,2024-03-01,0.9581486414954369,0.6018216951311982,1.4371983126307533,0.15064902444497066,-0.1314597832070708,0.4403458305325113
LNGN0437,Wenzhou LNG Terminal,2024-03-01,-0.024479717699843032,-0.38248551244256246,0.16481178738038543,-0.21132685603493231,-0.33360620334031205,-0.08089684477943399
LNGN0441,Wheatstone LNG Terminal,2024-03-01,0.753329986702473,-0.0775562364746206,1.7220274116610235,1.016658552851275,0.9158864602094718,1.127142701814462
LNGN0442,Wilhelmshaven FSRU,2024-03-01,-0.8330188389581498,-1.3764955646607406,-0.4463580633743398,-0.005882728497278873,-0.10103273963189036,0.10000628252392925
LNGN0449,Xintian Tangshan LNG Terminal,2024-03-01,-0.8416288055785275,-1.3828095456176828,-0.4597726330976991,-0.03028816126823454,-0.12635000810189256,0.07548364070729974
LNGN0452,Yamal LNG Terminal,2024-03-01,1.3920683265661429,1.063393610346158,1.8731853592738865,1.2758350971130152,1.1806881892739043,1.3687981958832527
LNGN0460,Yokkaichi Works LNG Terminal,2024-03-01,-0.7992993972920327,-1.3859919819969742,-0.3614765734220822,-0.3308860788009839,-0.5068971419625307,-0.1532718607955401
LNGN0463,Yung-An LNG Terminal,2024-03-01,0.8508344642776089,0.12583024301968346,1.704986581980337,0.147640533879744,-0.04829259259952428,0.33724693758272944
LNGN0464,Zeebrugge LNG Terminal,2024-03-01,0.28495856624634996,-0.03518251532270732,0.8147911397710961,0.13671012197349156,-0.0630262252679869,0.33862086560669896
LNGN0472,Zhoushan LNG Terminal,2024-03-01,-0.7240800494977108,-1.4291155180050026,-0.21609861325809201,-0.08396405614131386,-0.16379791353394815,0.004880695438065965
LNGN0473,Zhuhai LNG Terminal,2024-03-01,-0.8314769418867624,-1.4172416926728548,-0.41213816628013,-0.16502658799254283,-0.22920234156204608,-0.10636956045429101
LNGN0474,Świnoujście Polskie LNG Terminal,2024-03-01,0.010419435115258955,-0.6248007553549708,0.8082280368442608,-0.06759415959584855,-0.13191010573584508,-0.008659160077075354
LNGN0008,Al Zour LNG Import Terminal,2024-04-01,0.44345184463370346,-0.36347780467742496,1.3977738040067527,0.30691484018459875,0.19022306496159327,0.4316379061097553
LNGN0013,American LNG Hialeah Terminal,2024-04-01,0.7308568430555789,0.16795821127333824,1.4769283001399063,0.2443600184098856,0.059210226770880926,0.41873417284981734
LNGN0026,Arzew-Bethioua LNG Terminal,2024-04-01,1.5674954937824892,1.1111116156294973,2.155612509839513,1.0916710012745496,0.8578031156836772,1.328731237265859
LNGN0027,Atlantic LNG Terminal,2024-04-01,1.107877451389043,0.5640701957023074,1.812352732132064,0.9508817032718665,0.8033725636312844,1.1072773317446043
LNGN0035,Barcelona LNG Terminal,2024-04-01,0.028404633456340055,-0.6533589967300243,0.8110995872403901,0.05817409869331125,-0.24715363318748026,0.36002342225638695
LNGN0037,Bilbao LNG Terminal,2024-04-01,0.016270901294000696,-0.6118150955474043,0.7759999614104864,-0.16816123154296272,-0.22513527426814214,-0.11791075798416553
LNGN0040,Boryeong LNG Terminal,2024-04-01,0.5144363931856013,-0.23277161719141728,1.406984829489606,0.20223809891202257,0.1416693335575264,0.2601853563151054
LNGN0044,Brunnsviksholme LNG Terminal,2024-04-01,-0.854009588168531,-1.420785648155587,-0.4466623531949561,-0.8068630838352724,-1.0194831184688056,-0.5632366634588332
LNGN0050,Calcasieu Pass LNG Terminal,2024-04-01,1.9906169696646627,1.7871104621127225,2.338468168493719,1.1222794121654236,1.0100277641893676,1.2440610693116165
LNGN0052,Cameroon FLNG Terminal,2024-04-01,-0.8918117004152132,-1.3429879292236828,-0.5576613487484925,0.7277809230726905,0.597375194800551,0.8532249686876122
LNGN0055,Cartagena FSRU (Colombia),2024-04-01,0.036685445814157586,-0.4614614204592607,0.7111547522212562,-0.40559216940003423,-0.5494194556081325,-0.24939918799516686
LNGN0056,Cartagena LNG Terminal (Spain),2024-04-01,0.04708845854578284,-0.597066042002256,0.841361251914248,0.00785131193265349,-0.14521573335749294,0.15523455098146483
LNGN0070,Corpus Christi LNG Terminal,2024-04-01,1.505606436414636,0.9434419694612447,2.208351473196737,1.2644215875433003,1.1713901428959654,1.3590947814423857
LNGN0076,Cove Point LNG Import Terminal,2024-04-01,0.024282027223245038,-0.6672058309536145,0.8972914359449164,0.151790819664026,-0.08649374777664579,0.3878302971644723
LNGN0085,Das Island LNG Terminal,2024-04-01,0.8698113738846788,-0.022632377174249513,1.9569137338626041,0.9023431375932401,0.5969706166461956,1.1853592445331065
LNGN0097,Dunkirk LNG Terminal,2024-04-01,0.6315218041045388,0.023759333083798156,1.3736472800971786,0.125371406322164,0.05099037805197772,0.20348147900770344
LNGN0098,Dörtyol FSRU,2024-04-01,-0.8659166805379419,-1.3644862036415837,-0.5000807948211416,0.017163329922435137,-0.08157789880070906,0.12239633589863999
LNGN0100,Eemshaven FSRU,2024-04-01,0.4953131674033632,-0.29048137129870244,1.4225257766904231,-0.009426631790281149,-0.10927550937724416,0.10751763045702857
LNGN0102,El Musel LNG Terminal,2024-04-01,-0.8640005205899105,-1.3748292873509875,-0.4991300537875384,-0.00854939874086052,-0.11400228929671881,0.11590112363873122
LNGN0103,Elba Island LNG Terminal,2024-04-01,0.03775826112415979,-0.6288041904756458,0.8533161948457147,0.4925622617541322,0.3026273691698156,0.6776284170603598
LNGN0121,Fos Tonkin LNG Terminal,2024-04-01,1.0549038641268713,0.19393197047524222,2.0960327989511995,-0.6653909975387887,-0.9119260214532141,-0.41672177727461684
LNGN0124,Freeport LNG Terminal,2024-04-01,0.38238044154375816,-0.5183673544088335,1.4126238628348475,1.2185715673597577,1.1259293185462869,1.3199935733355554
LNGN0130,GasPort FSRU,2024-04-01,-0.8564569291648397,-1.4222842323003684,-0.4843322929390094,-0.18811530128361606,-0.33749001599682943,-0.02059177771582154
LNGN0132,Gate LNG Terminal,2024-04-01,1.0306326654344924,0.14025195284291078,2.074864095480973,0.19936940284913077,0.13137788963997654,0.25309124008451533
LNGN0142,Gorgon LNG Terminal,2024-04-01,1.4104057626922821,0.844799826347801,2.1323018825707933,1.2204614805558327,1.1277195006430525,1.322441058678597
LNGN0150,Guangxi LNG Terminal,2024-04-01,0.3604479598964454,-0.544139615781401,1.413770778986578,-0.15587508667140962,-0.24324265041637677,-0.07065833343494649
LNGN0156,Gwangyang LNG Terminal,2024-04-01,-0.8668672513831394,-1.3833327827391064,-0.51154105954637,0.08846442401068846,-0.035028689235355064,0.21400205726464247
LNGN0166,Hammerfest LNG Snohvit Terminal,2024-04-01,1.4748990919957579,0.9873486036230912,2.1504095584288017,0.5796958041755256,0.4535506066607228,0.7084962342807524
LNGN0168,Hazira LNG Terminal,2024-04-01,0.5303011460532994,-0.056683157745123,1.2691151502163032,-0.09677316553778681,-0.1636728267053705,-0.04039764775036484
LNGN0170,Higashi Niigata LNG Terminal,2024-04-01,0.09246237846709836,-0.48643659405566286,0.8120362529200323,0.14673852101849325,-0.1133363852541915,0.41239115261890275
LNGN0178,Huelva LNG Terminal,2024-04-01,-0.09132387460491384,-0.6050070918370096,0.6299265457245826,0.05889024632225489,-0.12035152037979037,0.23592511898513696
LNGN0180,Ichthys FLNG Terminal,2024-04-01,-0.9069688560966347,-1.3965814009057171,-0.5851769043772,1.0432619647944168,0.9350886455044622,1.1584569746660551
LNGN0181,Incheon LNG Terminal,2024-04-01,0.45592432064988014,-0.3252473887755181,1.3683824772454,0.7900293728887089,0.5405167405717597,1.021716912588649
LNGN0182,Inkoo FSRU,2024-04-01,-0.8578017707774558,-1.4132041417355206,-0.4822225110719564,-0.23984184225139685,-0.40280929323120623,-0.059059605123297165
LNGN0186,Izmir Aliaga LNG Terminal,2024-04-01,-0.862904999672551,-1.39112650990154,-0.4944098766679619,0.03827257906487677,-0.03620718926402296,0.10685576293676688
LNGN0195,Jieyang LNG Terminal (PipeChina),2024-04-01,0.26701627925206767,-0.5515988089378824,1.24749823578827,-0.29578992425908135,-0.4090936015989039,-0.18936810040009752
LNGN0207,Klaipeda FSRU,2024-04-01,-0.8519484375079055,-1.3898452501988783,-0.4671187940742839,-0.31231814968517707,-0.427105870664463,-0.1869272713485905
LNGN0208,Kochi LNG Terminal,2024-04-01,0.31947004068563556,-0.25533478831563355,1.063448339836326,-0.14290762219466907,-0.23003591419344746,-0.04449859483968097
LNGN0210,Krk FSRU,2024-04-01,0.25407651341568804,-0.12233035810240188,0.8130024467119418,-0.31238133967323717,-0.44006171385819115,-0.17179456561741657
LNGN0219,Le Havre FSRU,2024-04-01,-0.8755572312853955,-1.404062842749503,-0.5022949804751595,-0.15362797040038353,-0.2751164698055264,-0.020468566380899476
LNGN0230,Map Ta Phut LNG Terminal 2,2024-04-01,0.22118256128156125,-0.554080891666938,1.1654154633410971,0.08244311424203414,-0.013418290206402145,0.19605356707276045
LNGN0232,Marmara LNG Terminal,2024-04-01,0.49282146500222457,-0.2965580428726842,1.4259312741975172,-0.04302704760375378,-0.18422284683549078,0.09539094688544394
LNGN0244,Montoir LNG Terminal,2024-04-01,-0.282398212985848,-0.5680359186837635,0.15117976581014164,0.023558069971954136,-0.2145622074771848,0.2532631849036059
LNGN0248,Mugardos LNG Terminal,2024-04-01,-0.8673025378044207,-1.4022197580874434,-0.5105717366570299,-0.2686606081235019,-0.3398974945949616,-0.20936839180339759
LNGN0250,Mukran FSRU,2024-04-01,-0.8573067964302464,-1.419699205884174,-0.48010862085252864,0.06994356193950756,-0.1065356011594346,0.2599084689429424
LNGN0251,Mundra LNG Terminal,2024-04-01,-0.8822591112891991,-1.3708995186135668,-0.5537079203749714,-0.021957054168005773,-0.10779577347538384,0.0683537176299847
LNGN0261,Nigeria LNG Terminal,2024-04-01,1.144492970162577,0.24266799683823204,2.2418580972943474,1.271895205477008,1.0964771708942085,1.4420603880887695
LNGN0270,Ohgishima LNG Terminal,2024-04-01,0.13783770033780024,-0.40674014401585407,0.8881263706247958,0.14153401721322018,0.012194745931247392,0.26557798684948797
LNGN0274,Oman Qalhat LNG Terminal,2024-04-01,0.046115750841681756,-0.61332600393878,0.8738752494623665,1.0541973353918659,0.9101107754390878,1.1917586330263525
LNGN0278,Panigaglia LNG Terminal,2024-04-01,-0.6979928171170113,-1.394641207298714,-0.15792780992380326,-0.4864295895097682,-0.7261620254386313,-0.27238681738883175
LNGN0288,Peru LNG Terminal,2024-04-01,-0.030489316151953605,-0.7427919827646527,0.8300982250378394,0.7659829452709846,0.660775612805458,0.8756587776005682
LNGN0294,Piombino FSRU,2024-04-01,-0.8772677956780658,-1.4111757132757865,-0.5194849124668316,-0.14077261684563822,-0.2601844761494878,-0.009735699213818417
LNGN0297,Pluto LNG Terminal,2024-04-01,1.3911832589659372,0.7764450011291085,2.1732024618073145,0.8286750897607211,0.7286497545334271,0.9296789244209657
LNGN0308,Portovaya LNG Terminal,2024-04-01,0.053927032621544795,-0.550892657003722,0.8345710931463514,0.3618694175230528,0.1378103032444229,0.5808611060620367
LNGN0309,Prelude FLNG Terminal,2024-04-01,0.03890586123207455,-0.6182740674560268,0.8046723728500816,0.7441337727203912,0.5977555102796167,0.8912951234119041
LNGN0314,Pyeongtaek LNG Terminal,2024-04-01,0.4833942720651575,-0.2903493823334055,1.4119374314164925,0.6355802041719182,0.36918825327479887,0.8938050249744625
LNGN0319,Qidong LNG Terminal,2024-04-01,-0.8616388280109284,-1.388738516028161,-0.4862119660721394,-0.04967699216538188,-0.12236218848563117,0.03141334721043673
LNGN0322,Queensland Curtis LNG Terminal,2024-04-01,0.14682212616133483,-0.42254621202896103,0.8855711395598643,0.8509855747384968,0.721191697235473,0.97358603938523
LNGN0328,Rasgas LNG Terminal 3,2024-04-01,3.597340679653962,1.977399332823796,5.121654653033484,1.2400625012032893,1.1215338823846353,1.3462281676701233
LNGN0334,Risavika LNG Terminal,2024-04-01,-0.7267312806035168,-1.3760518035690588,-0.2319277446512053,0.18785684627080854,-0.008253150188473628,0.3929424056316444
LNGN0345,Sabine Pass LNG Terminal,2024-04-01,0.8440761059347265,-0.15884890706717233,2.0084362722837623,1.4297468660096326,1.3232188504680404,1.5351223873273883
LNGN0347,Sagunto LNG Terminal,2024-04-01,-0.030924881838863563,-0.5354885093798438,0.6595729325057149,-0.13911747143385422,-0.19481398988186088,-0.08132234477174156
LNGN0374,Sines LNG Terminal,2024-04-01,0.2846881675538734,-0.5199618465579159,1.2738952445559228,-0.1263502399156333,-0.1874397018688266,-0.07002827492344174
LNGN0378,Skikda LNG Terminal,2024-04-01,0.09338854925162303,-0.3364222361526768,0.6442390193467089,0.591392533250027,0.3880673903228617,0.8091395891215507
LNGN0385,South Hook LNG Terminal,2024-04-01,0.6331343254627052,-0.26214785675807917,1.6722492689017288,0.25901732812045364,0.1674403622792431,0.3327683982950615
LNGN0398,Taichung LNG Terminal,2024-04-01,-0.1963990659740257,-0.661678447962348,0.3680749336309817,-0.06587479866199328,-0.1311659339882008,-0.011054220369825729
LNGN0405,Tanjung Benoa FSRU,2024-04-01,0.4048606521393646,-0.28655882885567224,1.2968302513481018,-0.755065902166009,-0.9576773258185336,-0.5353380510182505
LNGN0421,Tianjin LNG Terminal (Sinopec),2024-04-01,0.5229466247066158,-0.45266022768314895,1.6437013010199804,0.20217383439837786,0.13710161944992463,0.2707888364058786
LNGN0423,Tiga Malaysia LNG Terminal,2024-04-01,0.1766863111577124,-0.26051449620032197,0.7666297785584908,0.7913131097430705,0.7065954729601882,0.8773627768259867
LNGN0426,Tongyoung LNG Terminal,2024-04-01,-0.8638744221107882,-1.3867974243032493,-0.5045118529188255,0.538239838753865,0.35453412725364586,0.7088765418795108
LNGN0427,Tornio Manga LNG Terminal,2024-04-01,-0.8207911498745075,-1.4389484374734207,-0.3990329067875257,-0.7595254533356659,-0.9902942326725163,-0.506648161675289
LNGN0435,Vysotsk LNG Terminal,2024-04-01,0.599255775046368,0.09185877904520855,1.258167684766404,0.23716933229530104,-0.015113171762976262,0.4986539473792971
LNGN0437,Wenzhou LNG Terminal,2024-04-01,-0.8899866935204876,-1.3802688782740722,-0.5449676332204064,-0.2080097740613668,-0.3340685437658677,-0.07142715364643437
LNGN0441,Wheatstone LNG Terminal,2024-04-01,0.4704672520764172,-0.2441999151860735,1.3593594052673148,1.037216193185048,0.9335065825588196,1.148112091151054
LNGN0442,Wilhelmshaven FSRU,2024-04-01,-0.8008831101547357,-1.404386675185186,-0.36295829189818757,-0.013808567100392768,-0.12006093761238847,0.10995425489892638
LNGN0449,Xintian Tangshan LNG Terminal,2024-04-01,-0.8768354850451536,-1.3985411100134064,-0.5188975462094672,-0.039084387940410165,-0.1433291987250401,0.08108621530565077
LNGN0452,Yamal LNG Terminal,2024-04-01,1.650466713186092,1.3954009076473952,2.0699985570807136,1.2129796900080498,1.1217066330256702,1.3134212864201837
LNGN0460,Yokkaichi Works LNG Terminal,2024-04-01,0.4705871010138455,-0.3400332411424968,1.435456749116266,-0.2902571745907867,-0.48659522385101633,-0.08535346111657091
LNGN0463,Yung-An LNG Terminal,2024-04-01,0.9355781666984345,0.2955710107961157,1.7054914906100003,0.1751526529529351,-0.022721933446392808,0.375297429196371
LNGN0464,Zeebrugge LNG Terminal,2024-04-01,0.45585649583748333,-0.14995234527183923,1.2530059339704231,0.13211160992134216,-0.0518372849662387,0.31631640701114905
LNGN0472,Zhoushan LNG Terminal,2024-04-01,-0.8638337759057105,-1.4011244941919476,-0.4831824419686016,-0.09913147174466737,-0.19353455873378342,0.00295713375481261
LNGN0473,Zhuhai LNG Terminal,2024-04-01,-0.8001663167547953,-1.4186544883914551,-0.3525424940824098,-0.21342720359515885,-0.29326818699390494,-0.1307912892603976
LNGN0474,Świnoujście Polskie LNG Terminal,2024-04-01,0.031569407893624876,-0.30675678887475294,0.5384433195163981,-0.0760285456530414,-0.1428501727320707,-0.007802036045114144
LNGN0008,Al Zour LNG Import Terminal,2024-05-01,-0.24503483131629678,-0.4293356305270896,0.051601942455064435,0.41139545340478234,0.2781277364947568,0.5408001589050841
LNGN0013,American LNG Hialeah Terminal,2024-05-01,-0.6217159422880913,-1.3804792216663422,-0.01648598887722104,0.21784768199150756,0.009497342698539505,0.4206614925699457
LNGN0025,Arun LNG Import Terminal,2024-05-01,-0.7784929891733399,-1.3994826782148269,-0.32160667183525216,-0.1579441652416742,-0.25494602502096725,-0.06549127739177417
LNGN0026,Arzew-Bethioua LNG Terminal,2024-05-01,1.5736690202832724,1.164216347450189,2.1588465598980986,1.1512680862271305,0.925111849020276,1.386622082466487
LNGN0027,Atlantic LNG Terminal,2024-05-01,1.4277644955802207,1.0753841761656797,1.9118886340881969,0.9076652336969471,0.8022783243641554,1.011444026247473
LNGN0035,Barcelona LNG Terminal,2024-05-01,0.6508503695695748,-0.03394377248199917,1.5075962448909461,0.04226380614734078,-0.239305449172694,0.3264439670043994
LNGN0037,Bilbao LNG Terminal,2024-05-01,-0.7448913542596458,-1.3816493447832552,-0.2509967265408046,-0.12151509955096472,-0.16841090849215065,-0.0729822600712716
LNGN0044,Brunnsviksholme LNG Terminal,2024-05-01,-0.6704103228053322,-1.4076233898595203,-0.08578660129641039,-0.8081367993892187,-1.038391523351283,-0.5454549044118585
LNGN0050,Calcasieu Pass LNG Terminal,2024-05-01,0.23697817118170922,-0.018570074186328535,0.6508173994356132,1.1492994592297345,1.0207759394122258,1.2818182927202386
LNGN0056,Cartagena LNG Terminal (Spain),2024-05-01,-0.017229924081379112,-0.5035461297836801,0.685025144069606,-0.10213191363714534,-0.23129007949314145,0.02864501140088574
LNGN0070,Corpus Christi LNG Terminal,2024-05-01,1.3661322268131788,0.9172577931308256,2.0120617543616386,1.2729064422946812,1.177692295351587,1.3801925550621608
LNGN0076,Cove Point LNG Import Terminal,2024-05-01,-0.761671662701454,-1.3865324064475684,-0.29543843794074637,0.2297645716240426,-0.02262432840163804,0.4889149158357997
LNGN0085,Das Island LNG Terminal,2024-05-01,0.1695562446076624,-0.3911851018369337,0.8578800247565954,0.6860246492722476,0.44418093133335373,0.9275726642930517
LNGN0097,Dunkirk LNG Terminal,2024-05-01,0.1516756113051917,-0.274344742388864,0.7581838396075101,0.12112734073374047,0.020614240318558994,0.22042938285853644
LNGN0100,Eemshaven FSRU,2024-05-01,-0.8086922780687638,-1.3906623823739055,-0.3827326995291481,-0.01696262962605276,-0.14290360372256308,0.11759243796047958
LNGN0108,Ennore LNG Terminal,2024-05-01,-0.787348739895614,-1.3996866607449225,-0.33500712741156535,-0.03489577421232475,-0.13674003782152336,0.06723458199194957
LNGN0121,Fos Tonkin LNG Terminal,2024-05-01,0.5622561760753805,0.12170995190888846,1.156258507005994,-0.6129237665820486,-0.8645567016109441,-0.36199649295302616
LNGN0124,Freeport LNG Terminal,2024-05-01,1.3899050788236447,0.9846100473838754,1.9348520958924293,1.214860233494387,1.109066257288873,1.3264292149131975
LNGN0130,GasPort FSRU,2024-05-01,-0.7911804821517996,-1.3845201911087361,-0.3588088525711286,-0.1893890168375626,-0.3618914827041854,-0.0017487441216203188
LNGN0132,Gate LNG Terminal,2024-05-01,0.8788148221561566,0.07053919102574228,1.8522867862855614,0.1930891071621314,0.13202231082355645,0.24752900827587965
LNGN0142,Gorgon LNG Terminal,2024-05-01,0.28359976612278287,0.03937033345847531,0.6876659942264475,1.229381135819786,1.119242120864579,1.3479327457090127
LNGN0166,Hammerfest LNG Snohvit Terminal,2024-05-01,0.8597753683916177,0.2218428463653466,1.6298265228680544,0.5918140028231016,0.44770949340191996,0.7311068352558344
LNGN0168,Hazira LNG Terminal,2024-05-01,-0.7987426830145957,-1.346710380367255,-0.36252696397987544,-0.08801778983686315,-0.1401717666843288,-0.03604053112303298
LNGN0178,Huelva LNG Terminal,2024-05-01,-0.7180755895012326,-1.4122307936088527,-0.20891768914910389,0.060996499267657815,-0.10087389195361338,0.22936138165096745
LNGN0181,Incheon LNG Terminal,2024-05-01,0.10663939514541439,-0.38861348554240427,0.7480556715660945,0.7347680713402946,0.5401031757086373,0.9360429469892649
LNGN0182,Inkoo FSRU,2024-05-01,-0.7396644352467082,-1.3899147123525082,-0.24918992152624467,-0.22782561814016825,-0.40401864919072983,-0.03900600794553025
LNGN0195,Jieyang LNG Terminal (PipeChina),2024-05-01,-0.7966682302252647,-1.3874900715973988,-0.35909127853473327,-0.3140861670998873,-0.4391144392766878,-0.18805618408270647
LNGN0208,Kochi LNG Terminal,2024-05-01,0.13584328104851814,-0.3711564602014052,0.8327597518168568,-0.15037881898818747,-0.2644371222423025,-0.027055192509912306
LNGN0210,Krk FSRU,2024-05-01,0.08910133644391269,-0.4676766280447982,0.80840174542006,-0.5024168603342606,-0.7174802793125539,-0.29146597672221347
LNGN0230,Map Ta Phut LNG Terminal 2,2024-05-01,-0.10636092520386876,-0.4753312128080365,0.4112786368704483,0.08373144713389964,-0.03630902181270376,0.2091625167981622
LNGN0232,Marmara LNG Terminal,2024-05-01,0.18625973961605777,-0.33269240438737596,0.8452123152931827,-0.19776929188723288,-0.31010842328126903,-0.07732927208172943
LNGN0238,Melaka FSRU,2024-05-01,0.5552976063856456,-0.12163295899530305,1.361397699926476,-0.22609053219834127,-0.33834766107731734,-0.1023044203742235
LNGN0244,Montoir LNG Terminal,2024-05-01,-0.10868540929425452,-0.3797648563946973,0.3119781923832434,0.018955295457096236,-0.19573009134019337,0.23906871881958053
LNGN0248,Mugardos LNG Terminal,2024-05-01,0.46856920653940554,-0.3306045491070813,1.414605710281455,-0.2981164193207179,-0.3746966513715904,-0.2256279539042416
LNGN0250,Mukran FSRU,2024-05-01,-0.770447080508155,-1.3865494470410191,-0.3135302234514541,0.06866984638556126,-0.13413601235300507,0.27208323306325954
LNGN0261,Nigeria LNG Terminal,2024-05-01,1.992056798022762,1.6673183045476245,2.176310441225379,1.3129286837693017,1.1492008177551187,1.4735976995544409
LNGN0270,Ohgishima LNG Terminal,2024-05-01,0.40127573897229796,0.1703495972768411,0.8039767083923625,0.1509469650692301,0.0359044726553301,0.2712499927340481
LNGN0274,Oman Qalhat LNG Terminal,2024-05-01,-0.8553666190253483,-1.3341404378209076,-0.503229494112008,1.0350122139846265,0.9236955286526549,1.1539317831554938
LNGN0278,Panigaglia LNG Terminal,2024-05-01,-0.7565047778901707,-1.4389139781211977,-0.25553553473535934,-0.487703305063714,-0.7118563479001765,-0.2813528241853112
LNGN0287,Penuelas LNG Terminal,2024-05-01,-0.7589842105719204,-1.4162021841150703,-0.2873721289605846,-0.4856810259551315,-0.5933542626125666,-0.3582711560531328
LNGN0294,Piombino FSRU,2024-05-01,0.14406967743474405,-0.3928551956201665,0.8476287265025683,-0.2906486662277278,-0.4710690654689037,-0.10676831035277014
LNGN0297,Pluto LNG Terminal,2024-05-01,1.7261579256782167,1.5243809870646,2.0329915916373373,0.8242828313493843,0.7063706332814295,0.9443369602613748
LNGN0309,Prelude FLNG Terminal,2024-05-01,-0.86610034274974,-1.363709466290231,-0.5086121892536397,0.550719759803925,0.33049212873383105,0.7526789096545246
LNGN0312,Punta Europa LNG Terminal,2024-05-01,-0.6152549703714651,-1.3427739423947984,-0.023215823112148176,0.7075158927487689,0.5965492172990982,0.8106587673218547
LNGN0314,Pyeongtaek LNG Terminal,2024-05-01,-0.4406853404683425,-1.3571674089029908,0.3153471804073959,0.6585799431860523,0.39896390255789904,0.9113663856920081
LNGN0319,Qidong LNG Terminal,2024-05-01,0.3502240048271867,0.15558678737707896,0.6645371373988084,-0.09397077286115194,-0.20131543128732712,0.018983491979438757
LNGN0322,Queensland Curtis LNG Terminal,2024-05-01,-0.8310417568031315,-1.360000949715612,-0.4466986757923268,0.764864990535155,0.5783762266736469,0.9354612984851616
LNGN0324,Quintero LNG Terminal,2024-05-01,0.16276617925886772,-0.3397426568183852,0.8480151067899128,-0.3556428423297506,-0.49327570974075585,-0.2362834946556502
LNGN0328,Rasgas LNG Terminal 3,2024-05-01,4.797860026732,2.020595747552474,7.517107815274685,1.0426504310714422,0.931655278711683,1.1496412182633031
LNGN0334,Risavika LNG Terminal,2024-05-01,-0.6291784210212623,-1.4231817307750707,-0.029627227735750824,-0.1012961386810361,-0.4018092532701351,0.2206591543434927
LNGN0345,Sabine Pass LNG Terminal,2024-05-01,1.6999649695684749,1.305158983517667,2.2454385100119247,1.4703505840177196,1.373893143117957,1.5737625948161524
LNGN0351,Sakhalin II LNG Terminal,2024-05-01,-0.8056206748718218,-1.411807983879348,-0.3896713984751288,0.727157267123282,0.5126544142839365,0.9206620724730882
LNGN0354,Samcheok LNG Terminal,2024-05-01,-0.5722072244300588,-1.3859187908118957,0.0886392765490882,0.1908885889273796,0.1147259455676309,0.2626504478799967
LNGN0374,Sines LNG Terminal,2024-05-01,-0.7762588624007806,-1.371150209549402,-0.32550005816105465,-0.05784713930858454,-0.11297607747790729,-0.001048308784548882
LNGN0378,Skikda LNG Terminal,2024-05-01,0.4381128854054683,-0.046465210950064395,1.0858470914747076,0.6685236143586503,0.45722485672046087,0.893649809533812
LNGN0385,South Hook LNG Terminal,2024-05-01,-0.7335011376584654,-1.377696082270036,-0.24497114938649808,0.3023882830041733,0.22754675270237018,0.36702574805715443
LNGN0398,Taichung LNG Terminal,2024-05-01,-0.7830166196842563,-1.3603251760310786,-0.3375386115719899,-0.05145623773410552,-0.11050558052948486,0.005852797209570311
LNGN0405,Tanjung Benoa FSRU,2024-05-01,-0.7882135486112539,-1.4373203068186642,-0.3203935561186223,-0.7513458605234484,-0.9673355042244328,-0.5088594938185195
LNGN0423,Tiga Malaysia LNG Terminal,2024-05-01,0.25046870581259256,-0.21778783081953076,0.8731893675817703,0.7895333853583755,0.6925241003159421,0.8812411110580013
LNGN0426,Tongyoung LNG Terminal,2024-05-01,0.4282857507371031,0.25019909499865634,0.6939935571035942,0.5034732464727701,0.36023488778395396,0.6413247460638303
LNGN0427,Tornio Manga LNG Terminal,2024-05-01,-0.748021822778682,-1.4209533180875136,-0.24125661573237,-0.7607991688896131,-1.0081524524689205,-0.48532421374885976
LNGN0435,Vysotsk LNG Terminal,2024-05-01,0.7976254548139224,0.38917967752080584,1.3737696586661596,0.23090426192103228,-0.0464395062735853,0.5115763515471381
LNGN0437,Wenzhou LNG Terminal,2024-05-01,-0.7966409070209378,-1.3796145987023374,-0.3701302537185938,-0.20150587425753072,-0.34562763307089617,-0.05276185595346324
LNGN0441,Wheatstone LNG Terminal,2024-05-01,-0.7936955136725644,-1.3738328942265254,-0.39011100856308456,1.0184211228753632,0.8850668319254615,1.16480723557019
LNGN0442,Wilhelmshaven FSRU,2024-05-01,-0.4521855582602313,-1.3984858497700083,0.31421406453787193,-0.029709183907143746,-0.1653609402480586,0.11377783257793288
LNGN0452,Yamal LNG Terminal,2024-05-01,1.8866629486400128,1.5596457172143072,2.0719755705232226,1.2049813440503312,1.0832249334085573,1.3262386315516668
LNGN0460,Yokkaichi Works LNG Terminal,2024-05-01,-0.8029885339155775,-1.425182129684383,-0.3706886386746473,-0.30741263686436826,-0.4684974008407654,-0.1387464702263298
LNGN0463,Yung-An LNG Terminal,2024-05-01,0.7608910242423516,0.3569716496487616,1.3315007386326692,0.14324795315020122,-0.016846059405130242,0.3103480352521212
LNGN0464,Zeebrugge LNG Terminal,2024-05-01,-0.47254894965546707,-1.1337812048613911,0.027000187645378954,0.12873936760393212,-0.040929591968215294,0.30504259594755434
LNGN0473,Zhuhai LNG Terminal,2024-05-01,0.16439689327832976,-0.28946468275417864,0.7819996251921958,-0.13028015401638296,-0.21022955688206818,-0.051950507354139155
LNGN0474,Świnoujście Polskie LNG Terminal,2024-05-01,0.6327865229041216,-0.1399294013403831,1.5907813605384762,-0.07601207669635576,-0.15763718296363224,0.006669856251097946
LNGN0008,Al Zour LNG Import Terminal,2024-06-01,0.32079816446996867,-0.017750384389537945,0.8539794835742007,0.2236981439145316,0.007941673901261275,0.431166981781514
LNGN0025,Arun LNG Import Terminal,2024-06-01,0.6630498332066943,0.3685814106493104,0.8574554099087103,-0.15215959051373232,-0.26064852267833033,-0.046740117017723334
LNGN0026,Arzew-Bethioua LNG Terminal,2024-06-01,0.9703068659184544,0.3551684925305432,1.7377701086576403,1.024232126987928,0.8081528986702367,1.2429778467150319
LNGN0027,Atlantic LNG Terminal,2024-06-01,0.8936110470515566,0.49798699795598894,1.4575414633295796,0.9090446890823112,0.7646870803008222,1.0401681854278542
LNGN0035,Barcelona LNG Terminal,2024-06-01,0.12738017037943414,-0.3164815681603333,0.752440407056909,-0.06374121786953046,-0.32537054463401804,0.19833811865394746
LNGN0037,Bilbao LNG Terminal,2024-06-01,0.231328618149654,-0.022014567414705498,0.6356677822709931,-0.20595060149429925,-0.27936482497677695,-0.1378171301183698
LNGN0050,Calcasieu Pass LNG Terminal,2024-06-01,-0.4268296047193902,-1.3280408883022672,0.3288995815329591,1.0926561452693788,0.9324419466203244,1.2637211100257946
LNGN0056,Cartagena LNG Terminal (Spain),2024-06-01,0.22536761727049764,-0.1607958863377508,0.8016261175282445,-0.0777273231083057,-0.19526302542069984,0.04285341617084188
LNGN0070,Corpus Christi LNG Terminal,2024-06-01,-0.6104546850763407,-1.37287057414661,-0.037991033942434825,1.2086980112621855,1.077214149647043,1.3466845837019026
LNGN0076,Cove Point LNG Import Terminal,2024-06-01,-0.5781407964072776,-1.4027479071493523,0.0631625861810984,0.16214308909407565,-0.04745321132548645,0.3796391023805013
LNGN0085,Das Island LNG Terminal,2024-06-01,1.0832496169448294,0.5719652468463475,1.7870619612607943,0.8762582647779662,0.622275255771491,1.1061431286821692
LNGN0097,Dunkirk LNG Terminal,2024-06-01,-0.0047600795540556256,-0.3711923729271573,0.19945156932911248,0.12543216868695828,0.006181035212764925,0.24219956754815822
LNGN0100,Eemshaven FSRU,2024-06-01,-0.7008285189656996,-1.3971988379494749,-0.15745196659852168,-0.2753446215101361,-0.522304163919584,-0.03532496612950672
LNGN0109,Escobar FSRU,2024-06-01,-0.314279470305008,-1.361772183861908,0.620296348360314,-0.37355293590472577,-0.6335438071043524,-0.14587824571353922
LNGN0124,Freeport LNG Terminal,2024-06-01,0.3034318268544824,-0.11834374720816644,0.9303093848125743,1.210938723481504,1.0760047400178776,1.354870728960838
LNGN0130,GasPort FSRU,2024-06-01,-0.7003072514904037,-1.3653179525245485,-0.16505224947043035,-0.18279893021925417,-0.3760286388450257,0.020230684884389248
LNGN0132,Gate LNG Terminal,2024-06-01,1.530671919430916,1.222372427321875,1.9908049509814205,0.1913530269117676,0.11218631551911054,0.268803249283206
LNGN0136,Gibraltar LNG Terminal,2024-06-01,-0.31402080652477354,-1.369143924630097,0.6001566765723179,-0.6964613826017737,-0.9005415275672921,-0.4912808525185466
LNGN0142,Gorgon LNG Terminal,2024-06-01,0.3203733223633467,0.08230638210896236,0.7245357909841083,1.2437400007078339,1.1157685528362213,1.3755554726811563
LNGN0144,Grain LNG Terminal,2024-06-01,-0.6558002639002157,-1.3933772985669295,-0.10347616843570778,0.23022560734569172,0.15647810668870343,0.29891132004812515
LNGN0166,Hammerfest LNG Snohvit Terminal,2024-06-01,0.9148063889265736,0.5276245450280942,1.5104819155443836,0.5765676260797331,0.40137215873002524,0.7451737490205963
LNGN0168,Hazira LNG Terminal,2024-06-01,-0.3077254775338543,-1.3388508135923054,0.5917880551063285,-0.16355659705343167,-0.25932538647823583,-0.061234694345652506
LNGN0175,Hong Kong FSRU,2024-06-01,-0.715813377729241,-1.3916205282053913,-0.18799347937720687,0.04076673609813644,-0.09128197744115178,0.17982007003861225
LNGN0181,Incheon LNG Terminal,2024-06-01,-0.0014616302558425086,-0.48872065606277404,0.3183201435944078,0.7850983929154403,0.5790519477300093,0.9879413055884942
LNGN0191,Jebel Ali FLNG Terminal,2024-06-01,-0.1412169698366904,-0.5666336776095825,0.11447448630013866,-0.2317555708295106,-0.465591040918112,0.016834456414129544
LNGN0195,Jieyang LNG Terminal (PipeChina),2024-06-01,0.7584331698157136,0.25363485137771197,1.3856920101532701,-0.3133137949065162,-0.4497046349681283,-0.17528057464408278
LNGN0208,Kochi LNG Terminal,2024-06-01,-0.13587263646325692,-0.5477802461274764,0.08320868168951931,-0.059558618468311446,-0.14351224733582973,0.02586571086260295
LNGN0210,Krk FSRU,2024-06-01,0.5681821197508675,0.31650148735637007,0.8322198369690882,-0.4878132717126269,-0.7213488512034856,-0.26910414108391795
LNGN0230,Map Ta Phut LNG Terminal 2,2024-06-01,1.2736165210678265,0.9824290148822181,1.6879515126654587,0.09055728872387506,-0.04796438839303672,0.23127421365280243
LNGN0238,Melaka FSRU,2024-06-01,0.42094479220929176,0.17521782043540843,0.8441333091226116,-0.20782808807052716,-0.3316135886131489,-0.07762938695081366
LNGN0244,Montoir LNG Terminal,2024-06-01,0.19257644538156204,-0.29799960824310556,0.8119789365742331,0.006280211803775718,-0.17770422976690498,0.19671488492039718
LNGN0248,Mugardos LNG Terminal,2024-06-01,-0.7174953496318273,-1.393803990827506,-0.19767275355749991,-0.2726844035444288,-0.35661232792136266,-0.19383625008954247
LNGN0250,Mukran FSRU,2024-06-01,-0.6597231244230041,-1.3872659555366564,-0.09655642140248423,0.1786164569614169,0.03156431529685527,0.3255417430717825
LNGN0261,Nigeria LNG Terminal,2024-06-01,2.268791126017583,1.6260350158617471,2.7749432836229095,1.2627966569226527,1.1377772759355995,1.3954486017158
LNGN0270,Ohgishima LNG Terminal,2024-06-01,0.3113643273300698,-0.08824673618400858,0.8976486428587857,0.14842459398407978,0.053793701008472944,0.2525158262071574
LNGN0274,Oman Qalhat LNG Terminal,2024-06-01,-0.4268902772982429,-1.3003078025796462,0.34356103878456107,0.9861989768283248,0.8778264998885408,1.0950463572436897
LNGN0285,Pengerang Johor LNG Terminal,2024-06-01,-0.6262406850414105,-1.3905503956338339,-0.04031187991168534,-0.24452945199965365,-0.40400761725324513,-0.073852082645698
LNGN0297,Pluto LNG Terminal,2024-06-01,1.3735587653209453,0.9754151842922876,1.9238644513569807,0.8297132710649748,0.6928250651841076,0.9745406392768413
LNGN0309,Prelude FLNG Terminal,2024-06-01,1.2645730996476163,0.9326410077254685,1.7462010245130386,0.761997089436621,0.5890982447923614,0.9427742919999516
LNGN0312,Punta Europa LNG Terminal,2024-06-01,-0.7252718860769037,-1.3424509884178741,-0.25127093185977595,0.7448768089428116,0.6270187398590885,0.8626586333277542
LNGN0314,Pyeongtaek LNG Terminal,2024-06-01,0.25710178178069865,-0.1944315193083706,0.8693156329117827,0.6900309011880355,0.4283491247265378,0.9504522950247635
LNGN0322,Queensland Curtis LNG Terminal,2024-06-01,0.5668340817780517,0.36903691445655706,0.8951377136913345,0.7660684324147597,0.5666435369702114,0.9529197608040176
LNGN0328,Rasgas LNG Terminal 3,2024-06-01,3.6009937051324226,1.82147812611975,5.257656602092303,1.239243827309665,1.1456631962305905,1.334152943899608
LNGN0345,Sabine Pass LNG Terminal,2024-06-01,1.921445735320381,1.5750265700690609,2.120440963355342,1.3860990268297233,1.2603275737283386,1.5122779949306688
LNGN0351,Sakhalin II LNG Terminal,2024-06-01,0.4859355569513066,0.2635932097323358,0.8610486602239102,0.7099233077083336,0.4633580886412691,0.938870222043219
LNGN0374,Sines LNG Terminal,2024-06-01,-0.614171047107546,-1.3707550866798928,0.0029264522819091106,-0.06238208514894852,-0.11020768893614494,-0.011519950020673903
LNGN0405,Tanjung Benoa FSRU,2024-06-01,0.4034444904309723,0.1437830171542642,0.6677287191037822,-0.7589457460270672,-0.9976070551897385,-0.4907990575043412
LNGN0423,Tiga Malaysia LNG Terminal,2024-06-01,0.4005577673536878,0.08171525274901344,0.869405998204442,0.7849238763224645,0.6632409686889834,0.8973185202318631
LNGN0435,Vysotsk LNG Terminal,2024-06-01,0.4416093266776489,0.18546596024725104,0.8663218590090308,0.12197110514863686,-0.22226563294354792,0.46325738973449276
LNGN0442,Wilhelmshaven FSRU,2024-06-01,0.8623059759153274,0.43983749112409615,1.4895438846587243,-0.02311909728883538,-0.17698823225202368,0.1331016587266091
LNGN0452,Yamal LNG Terminal,2024-06-01,2.54716357307399,1.480964554893107,3.4634925133885104,1.2855554963561822,1.1488064709855443,1.4225971955681103
LNGN0463,Yung-An LNG Terminal,2024-06-01,0.8377777012088778,0.4130443458159486,1.4100974587062511,0.16142330947857553,0.009928401884775014,0.3202678051890604
LNGN0464,Zeebrugge LNG Terminal,2024-06-01,0.17244195652573502,-0.3360310066293832,0.5270292805873122,0.1226920151626809,-0.02320918330479954,0.2754397449011134
LNGN0473,Zhuhai LNG Terminal,2024-06-01,-0.1286162420965274,-0.41708617102145656,0.10557278637011053,-0.18551992955665603,-0.2886765717733353,-0.08231447821073928
LNGN0474,Świnoujście Polskie LNG Terminal,2024-06-01,0.3171554400354068,-0.025891855645420122,0.8320630039150269,-0.08829832439538175,-0.18896513211552574,0.0121377478278225
LNGN0008,Al Zour LNG Import Terminal,2024-07-01,-0.20109387510384127,-0.5717930186830642,0.027710458835917245,0.2684344153699691,0.05413771278060418,0.4641218572366766
LNGN0025,Arun LNG Import Terminal,2024-07-01,-0.7497149161867207,-1.4363719568820335,-0.2663461040503087,-0.1760648626779976,-0.2927578198917731,-0.056783257089462386
LNGN0026,Arzew-Bethioua LNG Terminal,2024-07-01,0.8114841136323101,0.4645557106867533,1.342150316415732,0.924490218058221,0.707942567849861,1.151264689744739
LNGN0027,Atlantic LNG Terminal,2024-07-01,-0.7463389127647219,-1.3975645541458597,-0.26215628105887256,0.7806050830206283,0.577371176225266,0.9605562061759197
LNGN0035,Barcelona LNG Terminal,2024-07-01,0.43231345344443073,0.1394892938300875,0.592811698146307,0.0074568396364958775,-0.27595640490170986,0.27295843341198905
LNGN0037,Bilbao LNG Terminal,2024-07-01,-0.774036773931679,-1.3931573688935674,-0.3118584007711352,-0.14997735260170167,-0.2156543975817428,-0.08439210750711534
LNGN0050,Calcasieu Pass LNG Terminal,2024-07-01,0.8613731619554159,0.40781451286976683,1.4413112049365402,1.0591117174823943,0.877193442678337,1.2492475716451854
LNGN0056,Cartagena LNG Terminal (Spain),2024-07-01,0.3744579484746329,0.18352657611037188,0.7030422838025568,-0.18234281010979372,-0.3048088061923854,-0.06396058938243425
LNGN0076,Cove Point LNG Import Terminal,2024-07-01,0.9348814144810705,0.5678295786609666,1.478092752655918,0.10563016229254842,-0.08513983215491835,0.3019531564705997
LNGN0085,Das Island LNG Terminal,2024-07-01,0.0008257150167463499,-0.2780315343820491,0.4959839352237255,0.8726388219906043,0.6352849329398816,1.0863887894542807
LNGN0097,Dunkirk LNG Terminal,2024-07-01,-0.06609176116673039,-0.40115370365906217,0.11456581480679273,0.10950899185026271,-0.03729921125892191,0.25687321784075673
LNGN0101,Egyptian LNG Terminal,2024-07-01,0.44103907947419335,0.1762508446289475,0.8480519951696179,0.6386864832921485,0.43217599852413885,0.8308132082819177
LNGN0103,Elba Island LNG Terminal,2024-07-01,0.166637249780726,-0.3762149494909937,0.868494203149254,0.5312407746600104,0.2986245634976363,0.751813560945791
LNGN0124,Freeport LNG Terminal,2024-07-01,0.23395894263678163,-0.237997281752461,0.8350965914434986,1.1654229388475554,1.0109899571277374,1.3250016722960436
LNGN0132,Gate LNG Terminal,2024-07-01,0.6673902020375404,0.044647569529799105,1.4369950336490673,0.1937821929583201,0.09696425339222534,0.28825572410093
LNGN0136,Gibraltar LNG Terminal,2024-07-01,0.872946473318244,0.509238880475123,1.3653506879546689,-0.7502703449184959,-0.9862656123970348,-0.5052870322793934
LNGN0142,Gorgon LNG Terminal,2024-07-01,0.3832131342788512,0.0609952533023499,0.8425819380798347,1.1892963990615348,1.0039063440758016,1.3762812098073878
LNGN0144,Grain LNG Terminal,2024-07-01,-0.41775590781438193,-1.3847802512042058,0.3895053818089085,0.2890030707897548,0.23071311731849012,0.35279835652583813
LNGN0156,Gwangyang LNG Terminal,2024-07-01,-0.419001051927539,-1.4148066703749578,0.3840501601613771,-0.25470417755967273,-0.425682641968421,-0.08345040288875882
LNGN0166,Hammerfest LNG Snohvit Terminal,2024-07-01,0.537878815431626,-0.18838619151561845,1.4248221458052381,0.5606777446200258,0.37010858837249583,0.7456819723243603
LNGN0181,Incheon LNG Terminal,2024-07-01,-0.2627085565243659,-0.4598496533719002,0.029269658884230516,0.762875177828034,0.5899533302698489,0.9414597100364669
LNGN0191,Jebel Ali FLNG Terminal,2024-07-01,0.34839961619918514,0.08849537098249369,0.7856872015918139,-0.21832092062203198,-0.4649873153050767,0.038014387763115456
LNGN0208,Kochi LNG Terminal,2024-07-01,-0.7367960079498599,-1.421554966285912,-0.25733203122091025,-0.12527565198705118,-0.26428800511006634,0.015882774019214882
LNGN0210,Krk FSRU,2024-07-01,-0.07336980896317452,-0.34872071413726136,0.1273784996949385,-0.4823184011247498,-0.7209093400958452,-0.2542834710147692
LNGN0230,Map Ta Phut LNG Terminal 2,2024-07-01,1.1716392082036517,0.5895076648639588,1.593877472187614,0.08421416092342816,-0.07093627212066754,0.2459792399240041
LNGN0238,Melaka FSRU,2024-07-01,0.09531986754107218,-0.39806971922503087,0.7182733466125311,-0.22694811973746037,-0.38303362945376673,-0.06371311232329535
LNGN0248,Mugardos LNG Terminal,2024-07-01,0.15824827175088035,-0.38619755737181793,0.8300576780674584,-0.2788382522992516,-0.3749384676709706,-0.17935171922638238
LNGN0261,Nigeria LNG Terminal,2024-07-01,1.6336037679994753,1.4096315199737959,2.029576928888838,1.1322741716576383,0.9958572270350952,1.258979150268997
LNGN0270,Ohgishima LNG Terminal,2024-07-01,1.2452334630293658,0.8914405671270896,1.7843657814516845,-0.04786271166704094,-0.16182466191688918,0.06350490885856655
LNGN0274,Oman Qalhat LNG Terminal,2024-07-01,-0.8117375307496069,-1.3397947074441154,-0.4203849962944863,0.9557665155038739,0.8309925898287457,1.076746334562682
LNGN0285,Pengerang Johor LNG Terminal,2024-07-01,-0.6031916910426752,-1.3643955011916966,0.025093202330536343,-0.17543520722348233,-0.3088860275633453,-0.03414439412668093
LNGN0297,Pluto LNG Terminal,2024-07-01,1.8621530068198975,1.614376751979672,2.114221246975107,0.839813633094659,0.6917070235578061,0.9987197155878034
LNGN0299,Pori LNG Terminal,2024-07-01,-0.7521273605292175,-1.414620550479324,-0.236721432303647,-0.879631490366198,-1.175559801603748,-0.5563438975488105
LNGN0308,Portovaya LNG Terminal,2024-07-01,0.43553707183870227,0.1675979721594913,0.8791184172114535,0.08743370221962235,-0.31861837791222064,0.47157670327549595
LNGN0309,Prelude FLNG Terminal,2024-07-01,-0.7712890907835304,-1.3404744733646514,-0.32867512289655865,0.7567874016053593,0.5606542399599298,0.9607494015908993
LNGN0322,Queensland Curtis LNG Terminal,2024-07-01,-0.7676677846674196,-1.3781571263964145,-0.3327618573622518,0.6898259225535232,0.4296239219883646,0.9258113424184179
LNGN0328,Rasgas LNG Terminal 3,2024-07-01,3.8120408665323953,1.8046407146350958,5.750019461607397,1.2456942997871345,1.1445240543705708,1.3538939664476857
LNGN0345,Sabine Pass LNG Terminal,2024-07-01,1.9699245184914222,1.4967033527849753,2.2690268860212033,1.36188993702332,1.2123582408291063,1.5024962253065075
LNGN0347,Sagunto LNG Terminal,2024-07-01,0.15516373169365713,-0.2999989999757995,0.7862687363993667,-0.18569069822250867,-0.3145143925494593,-0.0720410978435642
LNGN0351,Sakhalin II LNG Terminal,2024-07-01,-0.5380591154163449,-1.4120457294473658,0.13112075567241127,0.5944659962255446,0.27049937964289933,0.8947652605184732
LNGN0374,Sines LNG Terminal,2024-07-01,0.10609866272386506,-0.19420544324860406,0.5710821629367584,-0.04969400474579081,-0.10498401487625192,0.01031787808863853
LNGN0405,Tanjung Benoa FSRU,2024-07-01,-0.4261416400300498,-1.3919001011357481,0.388257543369177,-0.7364294823799308,-0.972217550498938,-0.4727707727993165
LNGN0423,Tiga Malaysia LNG Terminal,2024-07-01,0.37294362622630384,-0.17886513847378105,0.7991214562949455,0.7020056384383213,0.5373981614982944,0.8634268999888988
LNGN0435,Vysotsk LNG Terminal,2024-07-01,0.8355336389919649,0.6159310026220175,1.1630750526547609,0.14130497557731864,-0.2081438797837853,0.4929694011182961
LNGN0442,Wilhelmshaven FSRU,2024-07-01,-0.6705908150352312,-1.4004744267405012,-0.11256145692149516,-0.08418358152386046,-0.25680032371121975,0.08651914748090897
LNGN0452,Yamal LNG Terminal,2024-07-01,2.4124953334077017,1.617585278098706,3.0763306809228803,1.1612692419350317,0.9933613047061727,1.319477471051541
LNGN0463,Yung-An LNG Terminal,2024-07-01,0.820831336678359,0.4474784412637468,1.3384771922101268,0.13023891720073405,0.009656019927063334,0.2542716378434848
LNGN0464,Zeebrugge LNG Terminal,2024-07-01,0.8715751228323809,0.4739368688931496,1.4564801799080007,0.14517202525128411,0.0045678966040873705,0.28841274286343976
LNGN0473,Zhuhai LNG Terminal,2024-07-01,-0.7772305129892987,-1.43398031535646,-0.32318612911815014,-0.14418504748049812,-0.24894792295529106,-0.039853689539007066
LNGN0474,Świnoujście Polskie LNG Terminal,2024-07-01,0.31162508242104014,0.004674730595648402,0.7900469676853504,-0.09425747616652162,-0.20964376384033553,0.027252958363957913
LNGN0008,Al Zour LNG Import Terminal,2024-08-01,-0.2489899148630091,-0.7387218193816221,0.09626592791798526,0.3925149588298599,0.1876591604863237,0.5962432288456244
LNGN0026,Arzew-Bethioua LNG Terminal,2024-08-01,0.7185739268360762,0.13501758775560124,1.4308608550553261,0.9522492691025619,0.7849537989774105,1.1357278138083324
LNGN0035,Barcelona LNG Terminal,2024-08-01,-0.5384655568038406,-1.428814839713278,0.15290346366338653,-0.06542525553791646,-0.2834340298565949,0.15173463361818754
LNGN0037,Bilbao LNG Terminal,2024-08-01,-0.7605514758370813,-1.4004710131307487,-0.304859458507339,-0.23119601116635224,-0.3349537104964057,-0.12824868752438096
LNGN0039,Bontang LNG Terminal,2024-08-01,0.4412649236388648,0.18224844178326335,0.8609715299914998,0.8358261347210961,0.724160743222406,0.9556468755254517
LNGN0040,Boryeong LNG Terminal,2024-08-01,-0.6892464113972079,-1.4414859895333987,-0.1577595868400906,0.1980804079900553,0.08368725839077153,0.31898103667898564
LNGN0044,Brunnsviksholme LNG Terminal,2024-08-01,-0.6923713014313609,-1.4231655690328138,-0.11705071944580955,-0.7734723190772691,-1.0323593241617104,-0.49183296320411535
LNGN0050,Calcasieu Pass LNG Terminal,2024-08-01,1.2681599595464652,0.9279395379910448,1.7709535742170441,1.0362304512448195,0.8448070681927234,1.2335853666484848
LNGN0056,Cartagena LNG Terminal (Spain),2024-08-01,-0.7576031517715732,-1.370398631886962,-0.28623791063032966,-0.07482920996824181,-0.1760121212253254,0.02317261638695856
LNGN0076,Cove Point LNG Import Terminal,2024-08-01,0.8677437827743194,0.5750720961976165,1.3024045866997271,0.19149618860110876,-0.030258314353635983,0.3983122435414112
LNGN0085,Das Island LNG Terminal,2024-08-01,0.45820578346352436,-0.2236126656702507,1.2594195275353264,0.8574631513549773,0.6257959059389112,1.0562214281069562
LNGN0097,Dunkirk LNG Terminal,2024-08-01,0.025242669242924853,-0.37528642725921213,0.26561735308301065,0.12489530514074673,-0.021132172698578224,0.27156102872126175
LNGN0101,Egyptian LNG Terminal,2024-08-01,-0.7526542101090434,-1.3782146393728247,-0.300870132563677,0.8621584024432911,0.7290713488720115,0.9926507904524396
LNGN0103,Elba Island LNG Terminal,2024-08-01,-0.8003488517655876,-1.4013412704160362,-0.37560305963251167,0.5706583453259839,0.3451130967958111,0.7854959954079697
LNGN0121,Fos Tonkin LNG Terminal,2024-08-01,0.17850302342564148,-0.3130579064925409,0.8392480839999542,-0.562276420997025,-0.8001535073145535,-0.33976294515259853
LNGN0124,Freeport LNG Terminal,2024-08-01,-0.560901512824015,-1.3670387984168149,0.0746152366285523,1.1764527093527817,1.0216101053325133,1.3351330721917767
LNGN0132,Gate LNG Terminal,2024-08-01,0.5487890998961319,-0.04929064651966109,1.320035749741802,0.2017752035490559,0.1017791143675511,0.30322702349120906
LNGN0136,Gibraltar LNG Terminal,2024-08-01,-0.4190235268519546,-1.42742964674942,0.385200510874967,-0.6823141289846825,-0.8991177599633048,-0.45265193701988027
LNGN0142,Gorgon LNG Terminal,2024-08-01,-0.0014938837644266675,-0.44633164419726984,0.5999234931585559,1.1194381433454688,0.9472726798262128,1.286413997119027
LNGN0144,Grain LNG Terminal,2024-08-01,-0.757719915822562,-1.3938543333363513,-0.26952018366200053,0.2898809625180087,0.2323228013676102,0.34841656982515606
LNGN0156,Gwangyang LNG Terminal,2024-08-01,-0.6955519160233808,-1.3720367046838742,-0.1705480793484659,-0.04381191859497401,-0.1646394112342309,0.07423053239949019
LNGN0166,Hammerfest LNG Snohvit Terminal,2024-08-01,0.3613084453958288,0.003894916296316309,0.8739986467102108,0.6403242811073645,0.46223765818629864,0.8139932388558366
LNGN0181,Incheon LNG Terminal,2024-08-01,0.447042071337115,0.24476083364099133,0.7878952450493741,0.8094141760015168,0.6154350287743076,0.993151589230438
LNGN0186,Izmir Aliaga LNG Terminal,2024-08-01,0.5845981565833064,0.3744347359023346,0.8991816455610002,0.08733906145721579,0.018470123807644383,0.15755006081717304
LNGN0191,Jebel Ali FLNG Terminal,2024-08-01,-0.767395674444884,-1.4137128740231666,-0.29836075041171634,-0.20753154231307236,-0.4653534003554303,0.052307742184621954
LNGN0206,Kiyanly LNG Terminal,2024-08-01,-0.7078412355690819,-1.3671876947539765,-0.20186153949967384,0.3169246011268576,0.13087833595776482,0.5078412711920677
LNGN0208,Kochi LNG Terminal,2024-08-01,-0.3555294932181519,-0.8873042996286999,-0.0092322152029307,-0.10951685743666532,-0.24660781134971793,0.034354850192789825
LNGN0210,Krk FSRU,2024-08-01,-0.07139099797659497,-0.40066579869949265,0.4183709124069584,-0.47137722572550417,-0.7099166005161963,-0.24089158889955772
LNGN0230,Map Ta Phut LNG Terminal 2,2024-08-01,1.151169442694744,0.6799995539978476,1.8230364993391448,0.0034680200353173754,-0.17621121364042672,0.18001799500785887
LNGN0238,Melaka FSRU,2024-08-01,0.052795066319121134,-0.4146877665637862,0.687770667440535,-0.16170132312113936,-0.2840526997628421,-0.029499696115784804
LNGN0261,Nigeria LNG Terminal,2024-08-01,2.2970710332777307,1.319289900039658,3.128797358845323,1.222052497288422,1.1005804371782109,1.3348985734796373
LNGN0268,Nusantara Regas Satu Terminal,2024-08-01,0.3125778135756232,-0.03620532188061843,0.8258379840451416,-0.5855423716986116,-0.8537921604687221,-0.31156766057454327
LNGN0270,Ohgishima LNG Terminal,2024-08-01,-0.786986634673098,-1.3813615288431065,-0.3304299358273653,0.19457977355510447,0.09465788104842342,0.28899999548640465
LNGN0285,Pengerang Johor LNG Terminal,2024-08-01,0.3291498179694896,0.061339738071230436,0.771750370240267,-0.21010798654329108,-0.3784936830596404,-0.034303091109945304
LNGN0297,Pluto LNG Terminal,2024-08-01,1.7735137253855062,1.5647084793930182,2.1127087987583812,0.8900662099227808,0.7557314604755405,1.0323163417871173
LNGN0299,Pori LNG Terminal,2024-08-01,-0.7295152259876583,-1.4241289194319404,-0.21301787654249782,-0.8642451770757138,-1.1603595101681494,-0.5408333066650518
LNGN0308,Portovaya LNG Terminal,2024-08-01,-0.5781088755272652,-1.3668258368407162,0.06519024912351862,0.25070612742043674,-0.0823354867795527,0.5936570293099288
LNGN0309,Prelude FLNG Terminal,2024-08-01,0.4719130217689323,-0.2077354295065762,1.3202755149504468,0.7685790562930125,0.5707174930871047,0.9770316498932099
LNGN0328,Rasgas LNG Terminal 3,2024-08-01,3.6997591849789093,1.7216081542912134,5.586684403584861,1.2546122228372554,1.148009012458922,1.371601828288486
LNGN0345,Sabine Pass LNG Terminal,2024-08-01,2.5806583246156864,1.6917603051454806,3.339668085990379,1.3602071796338702,1.2089416192038132,1.501490201873059
LNGN0347,Sagunto LNG Terminal,2024-08-01,0.22959996848589498,0.00713918496155025,0.597672876074253,-0.11207035641560563,-0.20405432545683444,-0.016937972913909857
LNGN0351,Sakhalin II LNG Terminal,2024-08-01,-0.7589483751328505,-1.4008356476905524,-0.3032573633695539,0.7178427604699658,0.4608774457044808,0.9745095705214268
LNGN0374,Sines LNG Terminal,2024-08-01,-0.05942166643089922,-0.3421266135676187,0.16623475895225895,-0.1388934868322432,-0.2229326929090518,-0.060699855569541515
LNGN0378,Skikda LNG Terminal,2024-08-01,0.2992892473419227,0.0784604840350838,0.6718613833911625,0.5403386945326645,0.2617987633737642,0.8237913610699199
LNGN0381,Sodegaura LNG Terminal,2024-08-01,-0.7289993801530051,-1.3554368524368963,-0.25001341316748266,0.5703993801611416,0.2671045317394813,0.8621363309136096
LNGN0385,South Hook LNG Terminal,2024-08-01,0.4468290266498919,0.23633285385314207,0.8037829815503553,0.2583649686766414,0.18530104944779782,0.32644606761816075
LNGN0405,Tanjung Benoa FSRU,2024-08-01,-0.7570678897513853,-1.4160047532028632,-0.26982630016989945,-0.7157688939260995,-0.9487283206667038,-0.4488153735046146
LNGN0421,Tianjin LNG Terminal (Sinopec),2024-08-01,-0.7516737033304277,-1.4224217192417368,-0.2747926406627267,0.27766776398663656,0.18643647747883707,0.3828880251488521
LNGN0423,Tiga Malaysia LNG Terminal,2024-08-01,0.4130840918646911,-0.2296073375017589,1.1984607555703608,0.7657902223131883,0.6286696408794402,0.896663628732314
LNGN0428,Toscana FSRU,2024-08-01,-0.7617218283325979,-1.4044984541878078,-0.27628945808732336,-0.3433131927154169,-0.5342082472300418,-0.15215446508291997
LNGN0435,Vysotsk LNG Terminal,2024-08-01,1.3878612368766383,1.1857794201125795,1.6717748481933112,0.25559530871744246,-0.058106668166676256,0.5747244282342205
LNGN0442,Wilhelmshaven FSRU,2024-08-01,-0.6106343888699414,-1.3452133432995022,0.015890760830660634,-0.06546487653138372,-0.23453230290661903,0.10788399058035796
LNGN0452,Yamal LNG Terminal,2024-08-01,2.6503083810901833,1.6006309634409144,3.5509540416985117,1.3481532694787968,1.2252284491550975,1.4869079694937282
LNGN0463,Yung-An LNG Terminal,2024-08-01,1.2444141987303246,0.713668522718692,2.012048706553924,0.06760564183642408,-0.06384458610813853,0.18599598185899832
LNGN0464,Zeebrugge LNG Terminal,2024-08-01,0.05389790528025222,-0.21042978839407897,0.47428839736988676,0.16415285320660944,0.013215231495787157,0.3100493222345644
LNGN0474,Świnoujście Polskie LNG Terminal,2024-08-01,-0.7513363574648356,-1.4219517986338706,-0.27749200852671835,-0.06477087184333237,-0.18056282652861858,0.05651166790838229
LNGN0008,Al Zour LNG Import Terminal,2024-09-01,0.1998466512041461,-0.12513736668798942,0.6733132773512569,0.3775453703086278,0.15325731218710428,0.5955513094890357
LNGN0026,Arzew-Bethioua LNG Terminal,2024-09-01,0.5973449849328939,0.323367197633903,0.8481447562008398,1.12637032022112,0.9210531968431968,1.3243332317307364
LNGN0035,Barcelona LNG Terminal,2024-09-01,0.3885019315848944,0.12756914571252706,0.8056636366208625,-0.052650963697284774,-0.28217369795467767,0.17309161604593853
LNGN0037,Bilbao LNG Terminal,2024-09-01,0.29344927696300854,-0.11292547859950243,0.8369003726423095,-0.21723421520924807,-0.31066326270285133,-0.11525879173853855
LNGN0039,Bontang LNG Terminal,2024-09-01,-0.46069980331214966,-1.3149796335043686,0.28800963754832815,0.8508695588723684,0.7444948584252442,0.9627262149981745
LNGN0044,Brunnsviksholme LNG Terminal,2024-09-01,-0.6640310330898835,-1.470239625106315,-0.08424997702094308,-0.759510523120165,-1.015171345017762,-0.48514240125482516
LNGN0050,Calcasieu Pass LNG Terminal,2024-09-01,0.4951973844927473,0.24824064775649843,0.8822116704901177,1.0536888708814862,0.8704775903420959,1.2392017186045374
LNGN0076,Cove Point LNG Import Terminal,2024-09-01,0.6371607977862532,0.42693790956778677,0.8940691854165936,-0.009987585448709023,-0.20017194054452822,0.17891379125877724
LNGN0085,Das Island LNG Terminal,2024-09-01,0.594610883640267,0.024180789302989586,1.33618673121451,0.9228801803975445,0.6623882528193855,1.1531720406804262
LNGN0103,Elba Island LNG Terminal,2024-09-01,-0.4775155541201435,-1.4132551164040534,0.2934303858027884,0.4149674980256532,0.12008861357305002,0.7110651860354843
LNGN0124,Freeport LNG Terminal,2024-09-01,-0.4526767341467534,-1.375667879336602,0.27756362859194583,1.1886090171608927,1.0405036640608063,1.338518756344304
LNGN0130,GasPort FSRU,2024-09-01,-0.7221542554433549,-1.3499358766420966,-0.2098076889106665,-0.13606302301070866,-0.2798690169524718,0.010605924343582374
LNGN0132,Gate LNG Terminal,2024-09-01,0.6341082156140962,0.3116822042135318,1.1182201868994477,0.2190417405024928,0.13441877132217278,0.311796507315129
LNGN0142,Gorgon LNG Terminal,2024-09-01,0.9877416196849615,0.36254630199498816,1.7568758494559054,1.2636666164485628,1.1194524964327772,1.4161090091415731
LNGN0143,Gorontalo FSRU,2024-09-01,-0.653653001923126,-1.3960676274826644,-0.055329513007347134,-0.6009363828099569,-0.8158380535094186,-0.3771297073783126
LNGN0144,Grain LNG Terminal,2024-09-01,-0.2965305769099027,-1.3810570025505893,0.612966011615033,0.3126164565087223,0.24490797624294974,0.37405159656523446
LNGN0156,Gwangyang LNG Terminal,2024-09-01,-0.29808140642502085,-1.321776260952197,0.6232345451141436,0.13346933473300446,0.04238981536772049,0.21158975284657744
LNGN0166,Hammerfest LNG Snohvit Terminal,2024-09-01,-0.4607141519686441,-1.3645741016360151,0.27618225974585786,0.6115250641745672,0.4284743183266293,0.7837531747710234
LNGN0175,Hong Kong FSRU,2024-09-01,0.23806193534504147,-0.23347846621047147,0.8722735601306814,0.01979952655966432,-0.14130555346072515,0.18794369490322824
LNGN0181,Incheon LNG Terminal,2024-09-01,0.5108079749350185,-0.17337067813970744,1.3781429880536427,0.6250724394229058,0.46997455974387053,0.778661165687292
LNGN0186,Izmir Aliaga LNG Terminal,2024-09-01,-0.5638705983598367,-1.3689663030553139,0.10512803197817329,0.06567639057002779,-0.006638297441831908,0.14585760906489625
LNGN0191,Jebel Ali FLNG Terminal,2024-09-01,-0.12355676776583585,-0.4324467950794451,0.07976166440438069,-0.18605974915480214,-0.43729285266755596,0.05409848535088132
LNGN0195,Jieyang LNG Terminal (PipeChina),2024-09-01,0.237030972283811,-0.19236767331615762,0.8732666565248134,-0.2916510307872384,-0.4398114953764558,-0.13699278149360283
LNGN0208,Kochi LNG Terminal,2024-09-01,-0.6873182961464699,-1.386998414436896,-0.14111300870320878,-0.21307124535357386,-0.3629517633655681,-0.06016183021295921
LNGN0210,Krk FSRU,2024-09-01,-0.30128317325222503,-1.3687233315618832,0.6322724742030952,-0.457435458307595,-0.686398199538543,-0.2322991331676982
LNGN0230,Map Ta Phut LNG Terminal 2,2024-09-01,0.06166297848740919,-0.12000181782078145,0.3239345721498756,0.08057606568279832,-0.08031088190437374,0.24899494945206993
LNGN0232,Marmara LNG Terminal,2024-09-01,-0.5081372426085892,-1.4022778779373433,0.21878528949623177,-0.13111988970794503,-0.24023922252208513,-0.03441364201695452
LNGN0238,Melaka FSRU,2024-09-01,-0.5365360702339479,-1.3595764016031076,0.15628154693134302,-0.14773952716403543,-0.26590464978716344,-0.024791952758746776
LNGN0244,Montoir LNG Terminal,2024-09-01,0.33640563254143824,0.04557387408080976,0.7692629485903884,0.025899699118536137,-0.19334830909667056,0.22213177285748964
LNGN0261,Nigeria LNG Terminal,2024-09-01,1.5355779000883267,1.2189599061292815,1.739672160205288,1.1512113966050583,1.0179091372759552,1.2723065548197183
LNGN0268,Nusantara Regas Satu Terminal,2024-09-01,-0.29699125436216645,-1.3571136707647824,0.623281121930715,-0.2708538459027676,-0.4272804830798306,-0.11110298122085893
LNGN0270,Ohgishima LNG Terminal,2024-09-01,1.3511226309969566,0.9936236982474907,1.5368343703838192,0.1000166061676088,-4.651272979739946e-05,0.18912590018973086
LNGN0285,Pengerang Johor LNG Terminal,2024-09-01,0.5161489781893914,-0.014243953687789478,1.1986123114512344,-0.1608863734158321,-0.3014084794642579,-0.016142606021509187
LNGN0297,Pluto LNG Terminal,2024-09-01,1.9597570107897164,1.615890421926424,2.185191918118524,0.8617913685324368,0.7165134314901578,1.0134897511299266
LNGN0308,Portovaya LNG Terminal,2024-09-01,0.5094124893763924,0.3266625985648956,0.7936599396925733,0.20433130895033202,-0.16018587018602248,0.5378458731657668
LNGN0309,Prelude FLNG Terminal,2024-09-01,1.0784086216835898,0.8697735535210415,1.3785047807280868,0.7758603308348099,0.5839469339071744,0.9786655670930352
LNGN0314,Pyeongtaek LNG Terminal,2024-09-01,-0.6928824155843825,-1.368010496578515,-0.17145952875838802,0.6033632248194702,0.3417615073403894,0.847594613463245
LNGN0328,Rasgas LNG Terminal 3,2024-09-01,4.283624929131486,1.8432757198669827,6.6126619337364785,1.261097387954031,1.1507688131942293,1.3700867706644895
LNGN0345,Sabine Pass LNG Terminal,2024-09-01,1.8770083063622978,1.6868222611338433,2.1352510902472277,1.3608430686203146,1.2301445629871186,1.4926899214741698
LNGN0347,Sagunto LNG Terminal,2024-09-01,0.37290270833056066,0.13442510364879742,0.6182735738969372,-0.2474348085708578,-0.4501792152620334,-0.033641601828741596
LNGN0351,Sakhalin II LNG Terminal,2024-09-01,-0.4590941306183271,-1.3629032789834583,0.2796868806838744,0.7493873067971104,0.5117878803445467,0.9853303587053572
LNGN0374,Sines LNG Terminal,2024-09-01,-0.692254797080494,-1.426025051796067,-0.14766494319134577,-0.13744345899973232,-0.21264436176942828,-0.058164923136766924
LNGN0381,Sodegaura LNG Terminal,2024-09-01,-0.6864711416354037,-1.3594813676007227,-0.16637066660498118,0.4433498389464724,0.1597832865083686,0.7125204385498969
LNGN0385,South Hook LNG Terminal,2024-09-01,-0.6969055311056639,-1.3706478125341786,-0.16649680877479736,0.15248205136419835,0.041280028432726976,0.25505646684992844
LNGN0405,Tanjung Benoa FSRU,2024-09-01,0.2806159361438904,-0.0948976566807598,0.8246198954152119,-0.7169095563763215,-0.9548644570456942,-0.45350977709514184
LNGN0423,Tiga Malaysia LNG Terminal,2024-09-01,0.9868910583191308,0.7712168370849557,1.226491559738664,0.8364150173242438,0.7125019020333904,0.950860908634013
LNGN0435,Vysotsk LNG Terminal,2024-09-01,0.8706037638552704,0.5082215499513995,1.0812692237612864,0.2546485782198733,-0.05716388344174907,0.5762761142825394
LNGN0452,Yamal LNG Terminal,2024-09-01,2.471007930290476,1.6566141363091158,3.1364378728060154,1.2324018304353819,1.1050041628540141,1.3622753342373655
LNGN0463,Yung-An LNG Terminal,2024-09-01,0.6518217810274842,0.21439871371316238,1.211603361717117,0.1842752127074467,0.037405485019109765,0.31637262841064784
LNGN0464,Zeebrugge LNG Terminal,2024-09-01,0.6164108904868156,0.21699253898805454,1.1661855571084085,0.14169092607984177,-0.004104782048967708,0.2826947473140819
LNGN0474,Świnoujście Polskie LNG Terminal,2024-09-01,-0.6961051999452026,-1.4325178768428777,-0.15848539096939354,-0.041603122791882136,-0.14595269268723218,0.06789901604463656
LNGN0008,Al Zour LNG Import Terminal,2024-10-01,-0.1054229637763441,-0.37947853113817365,0.09638195813483053,0.3379434641279858,0.18984323154517269,0.49174553275597993
LNGN0025,Arun LNG Import Terminal,2024-10-01,0.3997336445055795,0.12262359861351162,0.8572479851007851,-0.1562435731786264,-0.2619693627337062,-0.04778392412746712
LNGN0026,Arzew-Bethioua LNG Terminal,2024-10-01,1.6304422676096821,1.4514037617846152,1.9016967362079913,0.9230976411991111,0.7231878372372075,1.1382294907054702
LNGN0035,Barcelona LNG Terminal,2024-10-01,0.665874891441574,0.36471350573150085,0.881041608846791,-0.12050618525354963,-0.4106488836533792,0.14507229149967255
LNGN0037,Bilbao LNG Terminal,2024-10-01,-0.6952421014456486,-1.421242757425729,-0.15139136429934663,-0.1385359938510196,-0.1925126682010177,-0.07755379713305795
LNGN0039,Bontang LNG Terminal,2024-10-01,0.6919901314702295,0.15551992160767678,1.0614502706591835,0.8585841573503755,0.753683057982606,0.963874624949568
LNGN0044,Brunnsviksholme LNG Terminal,2024-10-01,-0.5738615075474505,-1.4105719591275687,0.09290969230012104,-0.7507142964479896,-1.0017507521307008,-0.4899026167223447
LNGN0050,Calcasieu Pass LNG Terminal,2024-10-01,0.23112268902760225,-0.22249702996371276,0.8844761520835012,1.0254733111890642,0.8359646669910463,1.2053523001198794
LNGN0070,Corpus Christi LNG Terminal,2024-10-01,0.36879046348823624,0.0019313470804366863,0.8808859046976936,1.2318968513803943,1.116396326113502,1.349498756975294
LNGN0076,Cove Point LNG Import Terminal,2024-10-01,-0.6087815162166971,-1.3533536890414042,0.0072099060483903354,0.14748729364401586,-0.07114583973205844,0.34311945971873
LNGN0085,Das Island LNG Terminal,2024-10-01,-0.613837373138896,-1.3623424372925808,-0.020760733651408975,0.9380417676018896,0.6543340030857123,1.1916863012121603
LNGN0103,Elba Island LNG Terminal,2024-10-01,-0.43665782090423194,-1.374051344974749,0.33452780842710195,0.5090443453158854,0.27732938301232474,0.7314853200876744
LNGN0124,Freeport LNG Terminal,2024-10-01,0.7106848790120777,0.2528703463862618,1.332957326247423,1.1655911615239,1.0199413301406595,1.3030763502925382
LNGN0132,Gate LNG Terminal,2024-10-01,0.3857869068136673,0.06523399997405428,0.9108570004457593,0.24115305601895132,0.1801239129234232,0.3041074193862924
LNGN0142,Gorgon LNG Terminal,2024-10-01,0.336877855299385,-0.02291164319563798,0.8389766754705096,1.1458827046901463,1.0010682866144243,1.2809655687830466
LNGN0166,Hammerfest LNG Snohvit Terminal,2024-10-01,0.20392294895882768,-0.27862821335882254,0.8552387984398592,0.6244045193672653,0.46203387127747964,0.7828940844558997
LNGN0175,Hong Kong FSRU,2024-10-01,-0.7135974930094795,-1.3912222834165628,-0.18642230658068853,0.08439125588467608,-0.046489057667582094,0.21962106054391528
LNGN0178,Huelva LNG Terminal,2024-10-01,0.3022554885528662,-0.08150256030594023,0.8400566252206826,0.05638725000721544,-0.09942866186617913,0.19712303543066675
LNGN0181,Incheon LNG Terminal,2024-10-01,0.17245727520863466,-0.330351941968736,0.8231614457538698,0.857308000437601,0.6162875266199309,1.0748756809659497
LNGN0186,Izmir Aliaga LNG Terminal,2024-10-01,0.2722508169194785,-0.1258204300258529,0.8665010932474023,-0.09672287130231554,-0.2500322428186167,0.05420243696637835
LNGN0191,Jebel Ali FLNG Terminal,2024-10-01,0.19992465679412702,-0.03190420522474412,0.4850375867030025,-0.1801765847022683,-0.4230718071680017,0.04651392718104687
LNGN0195,Jieyang LNG Terminal (PipeChina),2024-10-01,0.11914385589908169,-0.2296764296309404,0.6368605884208879,-0.29111993683673926,-0.4299954727752409,-0.14596711204151214
LNGN0208,Kochi LNG Terminal,2024-10-01,0.1334176045346645,-0.6924200158515347,0.8210079294889345,-0.20406240221203142,-0.34246246105980294,-0.06438340444099905
LNGN0210,Krk FSRU,2024-10-01,-0.7055738558148061,-1.4052286621029364,-0.1772935057480297,-0.4239835492722842,-0.6411753403815595,-0.22421475711063535
LNGN0222,Lysekil LNG Terminal,2024-10-01,-0.7108896826688197,-1.433162497252191,-0.15036223941654286,-1.0358685328015382,-1.3542489030700968,-0.7160112856981037
LNGN0230,Map Ta Phut LNG Terminal 2,2024-10-01,1.365316674946976,1.0317775969999399,1.811114630495208,0.1314880107391363,-0.001587126537194449,0.26686157492482065
LNGN0238,Melaka FSRU,2024-10-01,0.22828384127672544,-0.1900811059953753,0.792189960536352,-0.21657070921538357,-0.37963117004272984,-0.050675911890904896
LNGN0244,Montoir LNG Terminal,2024-10-01,0.07151926882342716,-0.35286331190764253,0.3510676859263914,0.07890849755485341,-0.14640742704250062,0.28498016657729525
LNGN0261,Nigeria LNG Terminal,2024-10-01,0.9353539977087852,0.3878257432390465,1.6264661781829226,1.2799890489521113,1.1292888251109634,1.4137022712995782
LNGN0268,Nusantara Regas Satu Terminal,2024-10-01,-0.4517588650183567,-1.4024186591312504,0.3203489775074078,-0.2695254305577174,-0.41994923454029975,-0.11473975187449449
LNGN0270,Ohgishima LNG Terminal,2024-10-01,1.4765176872549037,1.230239347801617,1.7568179700884385,0.1995771697926297,0.08857354688761136,0.3053944913385004
LNGN0285,Pengerang Johor LNG Terminal,2024-10-01,0.9627331776075926,0.6697324896707967,1.1906352372261162,-0.20530159209162663,-0.3683493052846512,-0.04021844452357498
LNGN0297,Pluto LNG Terminal,2024-10-01,1.629658983184697,1.3268255041325925,2.068097365435339,0.8858131687174599,0.7618022170461313,1.0159036669169046
LNGN0308,Portovaya LNG Terminal,2024-10-01,-0.4419421794622653,-1.3693262082016893,0.33504360293137153,0.20548119182182337,-0.14713759666282056,0.5309984309935643
LNGN0309,Prelude FLNG Terminal,2024-10-01,0.3523778197782585,-0.02381961042980742,0.8925836280702428,0.7808387782032802,0.5981268818398076,0.9683907648048774
LNGN0319,Qidong LNG Terminal,2024-10-01,-0.6938591310615885,-1.399338044395232,-0.16138922443757292,0.0495602419136183,-0.03976910473438249,0.14175913580337976
LNGN0322,Queensland Curtis LNG Terminal,2024-10-01,-0.7093821381830021,-1.388862471114413,-0.20334168969681768,0.8194841187806425,0.6267734764076243,0.9957682550167156
LNGN0328,Rasgas LNG Terminal 3,2024-10-01,3.7228017142178373,1.803714068544273,5.544119142816413,1.2875971966594748,1.184302551233036,1.3835058888374476
LNGN0345,Sabine Pass LNG Terminal,2024-10-01,2.300098815381264,1.5584786944756848,2.910549422140899,1.378769240165188,1.2602663537794567,1.4971005741931553
LNGN0347,Sagunto LNG Terminal,2024-10-01,0.155756071629538,-0.2171500198640221,0.6910033688109759,-0.25816866395409244,-0.417240530198717,-0.09931056808167188
LNGN0351,Sakhalin II LNG Terminal,2024-10-01,-0.43063120866776283,-1.335493414808834,0.33097380515596814,0.7406007830992445,0.49904884706660174,0.9663216435174877
LNGN0374,Sines LNG Terminal,2024-10-01,-0.3055053099897698,-1.3725285568757846,0.6216060748971644,-0.05186134161500905,-0.10311767566139853,0.00011376916687458095
LNGN0381,Sodegaura LNG Terminal,2024-10-01,-0.29379510997887387,-1.410337144968586,0.6195321229900467,0.5694496330232941,0.26084396181725034,0.8627412095201907
LNGN0385,South Hook LNG Terminal,2024-10-01,0.23261265816946836,-0.23941931717261122,0.8672903966898506,0.22114245302792077,0.15653013151035539,0.29693283311020985
LNGN0405,Tanjung Benoa FSRU,2024-10-01,0.40629307756916794,0.1525117159255052,0.7871626980056613,-0.7006223790921874,-0.9285310248258587,-0.4547800728987228
LNGN0423,Tiga Malaysia LNG Terminal,2024-10-01,0.07960453616789019,-0.38809704722068883,0.6967611742089059,0.8364073068990237,0.7230781890288044,0.9439810898423104
LNGN0435,Vysotsk LNG Terminal,2024-10-01,0.9828341020120066,0.6232888582313587,1.1876751618533687,0.10224145787408746,-0.2618306447935971,0.46579608450028226
LNGN0441,Wheatstone LNG Terminal,2024-10-01,0.5765553164949037,0.39042797076303687,0.8985956737215508,1.1100930635588089,0.9858574322964881,1.24783072095108
LNGN0452,Yamal LNG Terminal,2024-10-01,3.631720112218265,1.7480449420404705,5.377576323715858,1.3102698840528253,1.2071470395531119,1.4218688977840708
LNGN0463,Yung-An LNG Terminal,2024-10-01,0.692483488326484,0.11794943094539406,1.4310964701036204,0.1586259372173332,0.006818197080689321,0.2954645166906153
LNGN0464,Zeebrugge LNG Terminal,2024-10-01,-0.0012857440627752196,-0.46577933186554527,0.3169447247974106,0.1882373031084659,0.007837534830646307,0.3459151491182007
LNGN0008,Al Zour LNG Import Terminal,2024-11-01,0.41618823578904157,0.1249895073977194,0.8549270304080254,0.43655537710900677,0.30000797571136417,0.5731852776787888
LNGN0025,Arun LNG Import Terminal,2024-11-01,-0.4706108320186281,-1.3706533954318565,0.29105304290221484,-0.21549375677651128,-0.33171220158699605,-0.09598846499875419
LNGN0026,Arzew-Bethioua LNG Terminal,2024-11-01,1.141480551790955,0.43596860413483524,1.704508795319996,1.0046213261512655,0.7780839302741103,1.2158647707429722
LNGN0037,Bilbao LNG Terminal,2024-11-01,0.36426282809316823,0.1938553825714316,0.6573854627980501,-0.15384446961743148,-0.21255208067197642,-0.0905616465156373
LNGN0044,Brunnsviksholme LNG Terminal,2024-11-01,0.8890437236580944,0.3501192398223573,1.2651592294815612,-0.7494405808940418,-0.9811255875950843,-0.5086127625986275
LNGN0050,Calcasieu Pass LNG Terminal,2024-11-01,1.145486994595608,0.45445265402899926,1.7148137116313589,1.0668193942047617,0.9034882439849152,1.2174677622708336
LNGN0085,Das Island LNG Terminal,2024-11-01,-0.3665690446819239,-1.3761882065844695,0.47629615219584687,0.934576844148166,0.638584151810781,1.2036240461525185
LNGN0097,Dunkirk LNG Terminal,2024-11-01,0.2555497908173438,-0.6007012941168569,0.9615015863867804,0.14697546992253496,0.04298649297408122,0.24867866021910656
LNGN0121,Fos Tonkin LNG Terminal,2024-11-01,0.5180698096037187,0.3401352996407077,0.7989017991076812,-0.6256561945371043,-0.9087181144995592,-0.3313752156553759
LNGN0124,Freeport LNG Terminal,2024-11-01,-0.44048839236598025,-1.378662334573683,0.32086243055942837,1.1512192072892584,1.025840416900933,1.2733631396725813
LNGN0132,Gate LNG Terminal,2024-11-01,0.48768385993491364,0.10453130710596215,0.7063581729514895,0.24864022758981444,0.19387718680658977,0.30623046248507146
LNGN0136,Gibraltar LNG Terminal,2024-11-01,1.3308441674785991,0.3395594881434165,2.151067779705165,-0.6394425481912277,-0.8257892168834868,-0.447321604607589
LNGN0142,Gorgon LNG Terminal,2024-11-01,1.2757314028941686,0.8928447760876421,1.5387229758440142,1.1248855341934878,0.9813388011052405,1.2574322559564464
LNGN0166,Hammerfest LNG Snohvit Terminal,2024-11-01,0.3499781577165063,0.026866515257545787,0.8252182358101059,0.5980458791306708,0.448139757554678,0.7422501030652997
LNGN0178,Huelva LNG Terminal,2024-11-01,-0.4979697003812316,-1.3838836124853846,0.22135266000514678,-0.0444595077813554,-0.19644615840473623,0.09590798344220572
LNGN0186,Izmir Aliaga LNG Terminal,2024-11-01,-0.3426179027854643,-1.4000336130403017,0.5354888421358234,0.09512466923188333,0.032260277958805476,0.1553441749974903
LNGN0190,Jawa Satu FSRU,2024-11-01,-0.34130436916352624,-1.3915921840176404,0.53554556474973,-0.3173246121076823,-0.5074449277126379,-0.13076932832377808
LNGN0195,Jieyang LNG Terminal (PipeChina),2024-11-01,0.5852527593827673,0.1627831663447201,0.8248085272784195,-0.22014779405792406,-0.33433248111727243,-0.10509291820976552
LNGN0206,Kiyanly LNG Terminal,2024-11-01,1.2013287140978806,0.9038943541491874,1.4006207374951694,0.33928963125115125,0.18881245344984002,0.49812056292840723
LNGN0208,Kochi LNG Terminal,2024-11-01,-0.5591655729581109,-1.4045820155331519,0.10737507754972264,-0.1742519690084849,-0.28144209085453115,-0.07095391322296608
LNGN0210,Krk FSRU,2024-11-01,-0.5694417526070713,-1.388613798561379,0.0895012316872988,-0.2549588367320074,-0.40503834840148856,-0.11035090075650987
LNGN0230,Map Ta Phut LNG Terminal 2,2024-11-01,1.3550159788387452,0.5533865382538806,1.9874740374389805,0.12181965256647762,-0.0005981441344451033,0.24328786440410605
LNGN0244,Montoir LNG Terminal,2024-11-01,1.1261604377838264,0.8175292204279463,1.325409270913905,0.06404549408245773,-0.1691161515383339,0.282480914360562
LNGN0261,Nigeria LNG Terminal,2024-11-01,2.2429277865742017,1.0125552086125635,3.3048252772266937,1.22293265212239,1.0482270472357367,1.3838043469296777
LNGN0285,Pengerang Johor LNG Terminal,2024-11-01,1.2494212984241775,0.19649538119579366,2.146344962637054,-0.1707581205631343,-0.2954462103702164,-0.04291105966380314
LNGN0297,Pluto LNG Terminal,2024-11-01,0.5329687205027521,0.09681193560076712,0.7795123042649803,0.8616586394425032,0.7384877435939121,0.9875111430265364
LNGN0308,Portovaya LNG Terminal,2024-11-01,0.7997251158116827,0.3392109980599904,1.06340366055824,0.17360389816230765,-0.16520408936726994,0.49121075238320605
LNGN0309,Prelude FLNG Terminal,2024-11-01,0.7817070248364242,0.3975436974779598,1.0322428372806418,0.8028294896379109,0.6470032965134873,0.9622971962693786
LNGN0328,Rasgas LNG Terminal 3,2024-11-01,3.691216393356506,1.5645277362319077,5.693180024604392,1.2787428075962075,1.1699932620445603,1.3805631411286179
LNGN0345,Sabine Pass LNG Terminal,2024-11-01,2.1833028903158787,1.4618865500418619,2.7415050661110536,1.3552815885833815,1.2436096784798942,1.4609561502363857
LNGN0351,Sakhalin II LNG Terminal,2024-11-01,-0.5037930837911454,-1.317793462203954,0.2007543354990314,0.6211351396730426,0.3292749115383743,0.888789448952695
LNGN0374,Sines LNG Terminal,2024-11-01,0.4830619358291747,0.056364762453089884,0.7703192090130583,-0.09296861928702405,-0.14208588857833676,-0.04333737680865897
LNGN0381,Sodegaura LNG Terminal,2024-11-01,0.809390152828494,0.28791507149856627,1.1602375131470917,0.35781537500926824,0.07304736546514293,0.6288733001784866
LNGN0405,Tanjung Benoa FSRU,2024-11-01,0.5714841157736589,0.1372666736327618,0.8540779500673032,-0.6993486635382413,-0.9125679556759442,-0.46983306629553245
LNGN0423,Tiga Malaysia LNG Terminal,2024-11-01,-0.5299219314499087,-1.4071764431558296,0.15514447338232507,0.7504436475642138,0.6257169008083815,0.8766570023826585
LNGN0435,Vysotsk LNG Terminal,2024-11-01,0.2036169998910792,-0.40767642073493343,0.6272774265424622,0.08823488961755509,-0.26916821295418447,0.4417255813270411
LNGN0441,Wheatstone LNG Terminal,2024-11-01,-0.6182851174773998,-1.3442480094078162,-0.0208008493484013,1.1048496247719104,0.989177898980246,1.223662556036606
LNGN0452,Yamal LNG Terminal,2024-11-01,2.3768553123623355,1.2964618604522913,3.3287939248547205,1.2388840340169267,1.1369815218536097,1.3366574091221723
LNGN0463,Yung-An LNG Terminal,2024-11-01,-0.5226818894439293,-1.3694658569443743,0.16741742009336993,0.23174034254869458,0.02475999537093941,0.4244961207711461
LNGN0464,Zeebrugge LNG Terminal,2024-11-01,0.6745280187948011,0.2367888947461164,0.9813846175557062,0.16026325265704824,-0.021786019081753132,0.327900251545795
LNGN0025,Arun LNG Import Terminal,2024-12-01,-0.3899067301973173,-1.398338122074645,0.43722699043638236,-0.21681890286179709,-0.3179114413983316,-0.11950527466782598
LNGN0026,Arzew-Bethioua LNG Terminal,2024-12-01,0.7038114815453624,0.11866839996440894,1.4727722242710182,1.0167438482670639,0.761814997176552,1.2731518530803698
LNGN0027,Atlantic LNG Terminal,2024-12-01,-0.6366340544296746,-1.3738451775453586,-0.06028512996676148,0.8137878932825205,0.6441338735073588,0.9687051651806106
LNGN0037,Bilbao LNG Terminal,2024-12-01,-0.5839819195360936,-1.39636583869732,0.05285913211876969,-0.2556167513052119,-0.35693208211688826,-0.15440384983660252
LNGN0085,Das Island LNG Terminal,2024-12-01,0.8227088896681085,0.36104232537217634,1.0949714265359656,0.7324808118556431,0.4557314454184463,1.004656236260943
LNGN0097,Dunkirk LNG Terminal,2024-12-01,-0.6159078491461002,-1.3791703872315324,-0.003940824918701128,0.14450598326119524,0.05851349144672821,0.23004973489215397
LNGN0121,Fos Tonkin LNG Terminal,2024-12-01,-0.5597617424172482,-1.3949879845156,0.11438216857840361,-0.7265261036846433,-1.0489252186999831,-0.3947175203961658
LNGN0124,Freeport LNG Terminal,2024-12-01,-0.4045365174193478,-1.3428776280850139,0.3805273637916467,1.1387690694030113,1.021925632700408,1.2441458744148206
LNGN0132,Gate LNG Terminal,2024-12-01,0.8280728864398575,0.20478727923472734,1.2996523547496721,0.19863524075197841,0.13597248909573806,0.2628815506852928
LNGN0136,Gibraltar LNG Terminal,2024-12-01,1.0802875524072681,0.8710425831148756,1.3667651448388987,-0.6581129671615039,-0.8372454036761211,-0.48560232829986766
LNGN0142,Gorgon LNG Terminal,2024-12-01,1.5420174653978107,0.8118244007863186,2.0933137207613695,1.1171951336384027,0.995175606428696,1.2306736704319907
LNGN0144,Grain LNG Terminal,2024-12-01,-0.6113895757216168,-1.3760289436921223,0.005901814124389369,0.23889914788112976,0.14936083336303677,0.3286955131202306
LNGN0166,Hammerfest LNG Snohvit Terminal,2024-12-01,0.7232167136762044,0.3890652700116399,0.9176691304706374,0.5914557925123619,0.4611542310766795,0.7200688642958323
LNGN0186,Izmir Aliaga LNG Terminal,2024-12-01,0.4291265543919681,0.16786575332369205,0.8602263758692414,-0.1020392423666776,-0.21211802365026172,0.009803681173670267
LNGN0190,Jawa Satu FSRU,2024-12-01,-0.14773710335693416,-1.3879397460888954,0.9405768534681171,-0.1565228662419569,-0.27217418451492165,-0.04530631679539841
LNGN0195,Jieyang LNG Terminal (PipeChina),2024-12-01,-0.6174979849670983,-1.3525349985989734,0.00037812830589115565,-0.2587288522881199,-0.3626982973417374,-0.15496127961786305
LNGN0206,Kiyanly LNG Terminal,2024-12-01,0.6476730398875951,0.2872171011984353,0.8749700713438026,0.3404553398460972,0.19592846682617088,0.5022328939301701
LNGN0208,Kochi LNG Terminal,2024-12-01,-0.4873654315812117,-1.3618262338054499,0.26214571684607235,-0.20937877327639356,-0.3215126166859319,-0.10568475923314746
LNGN0210,Krk FSRU,2024-12-01,-0.6228783121480128,-1.3731334548211853,-0.0215413745757877,-0.4570548690245304,-0.6412168249620621,-0.2714242551758112
LNGN0230,Map Ta Phut LNG Terminal 2,2024-12-01,0.6523154027843748,0.4091896717277518,0.8644759536301941,0.10835426147279968,-0.001155896627788793,0.21254616974266324
LNGN0232,Marmara LNG Terminal,2024-12-01,-0.46448367912155436,-1.371882571075862,0.2942325527508081,-0.14113650977589218,-0.29503939615085734,0.018868824883828107
LNGN0244,Montoir LNG Terminal,2024-12-01,0.527407151984428,0.34022212954359826,0.8172269140557816,0.005327859582521855,-0.24517004759212305,0.2456074507152222
LNGN0261,Nigeria LNG Terminal,2024-12-01,1.145535840239572,0.812245213465355,1.629119779334111,1.1254954837595688,0.9488166563893777,1.2961024691533165
LNGN0285,Pengerang Johor LNG Terminal,2024-12-01,0.36986640640985957,-0.07886606186859241,0.6480265388853621,-0.16482112496027745,-0.27154571985354825,-0.060872473757405884
LNGN0297,Pluto LNG Terminal,2024-12-01,1.029047167739206,0.8197584117104483,1.3954520161257746,0.8574448064332078,0.7549565638152269,0.9586743002010099
LNGN0308,Portovaya LNG Terminal,2024-12-01,1.0268882025809536,0.777236580927658,1.4247712906976542,0.1800088370780676,-0.1466873398566864,0.48401067741773807
LNGN0309,Prelude FLNG Terminal,2024-12-01,-0.3471791820133867,-1.3461142512103885,0.4985670093400205,0.8556561923399808,0.7343533425361694,0.98305758206348
LNGN0328,Rasgas LNG Terminal 3,2024-12-01,4.012776299712607,1.633325632229492,6.285115651993329,1.1009921515102634,0.990497216863248,1.2004815665296877
LNGN0345,Sabine Pass LNG Terminal,2024-12-01,3.4473131318624297,1.772876513855897,4.977441714094018,1.3273830192856197,1.2112847466325827,1.437956589109689
LNGN0374,Sines LNG Terminal,2024-12-01,1.0724196797149919,0.6873211899275189,1.6622803321578457,-0.11847656434217989,-0.19333521662202566,-0.03542342716597567
LNGN0381,Sodegaura LNG Terminal,2024-12-01,-0.5076960074631435,-1.3631677400864357,0.18966352982421186,0.44795841820986215,0.1174274535245385,0.7542701620034205
LNGN0405,Tanjung Benoa FSRU,2024-12-01,-0.541498338447435,-1.3863396538229777,0.1667261795942349,-0.7036015175245302,-0.9042403740909875,-0.4878695145562532
LNGN0423,Tiga Malaysia LNG Terminal,2024-12-01,0.004746913445594703,-0.20365505804268288,0.2651421215776786,0.7266725126574887,0.6068211515998392,0.8495229054765103
LNGN0435,Vysotsk LNG Terminal,2024-12-01,0.8787437080510785,0.4679168371977762,1.4312222266458254,0.10543832700666018,-0.23531153298442367,0.42399858063223234
LNGN0442,Wilhelmshaven FSRU,2024-12-01,-0.588094967933283,-1.339002072654861,0.04864787058765659,-0.1036451333531145,-0.24596065209995058,0.03690748166979644
LNGN0452,Yamal LNG Terminal,2024-12-01,3.0265217376982094,1.3299940655361766,4.611751677967538,1.1947551925122162,1.0880061338934155,1.2903368934769361
LNGN0463,Yung-An LNG Terminal,2024-12-01,-0.1345396744682709,-1.3538248553105499,0.9398790801454713,0.24930713121039608,0.010015638735923395,0.48034972737684983
LNGN0464,Zeebrugge LNG Terminal,2024-12-01,0.4422840583253423,0.2561000086556842,0.8125666136519393,0.14052215265906176,-0.04710573033068874,0.32134905068525416
LNGN0473,Zhuhai LNG Terminal,2024-12-01,-0.6170837306632254,-1.3786793454152535,-0.011782196309301326,-0.12272657565507519,-0.18953014006133362,-0.05392661461184009
