node_id,node_name,period_month,factor_mean,factor_q025,factor_q975,factor_mean_mean,factor_mean_q025,factor_mean_q975
CP001,Suez Canal,2020-02-01,-0.05189264120197919,-1.7672162779590215,1.2927615360341431,0.01653043678100479,-0.10875306702374471,0.16042188981730726
CP002,Panama Canal,2020-02-01,-0.05939712922030093,-1.022273292146729,0.9177566330966832,0.022798752141538144,-0.1155142700595333,0.15156346021235317
CP004,Bab el-Mandeb Strait,2020-02-01,0.04728032822411692,-1.4850976195063315,1.6891950317350517,0.01653043678100479,-0.10875306702374471,0.16042188981730726
CP005,Malacca Strait,2020-02-01,0.06821303031066853,-1.5793345955451858,1.888799873359629,0.018000589002773907,-0.10578709745768841,0.15251068294295572
CP006,Strait of Hormuz,2020-02-01,-0.09040164253057732,-2.0419081208231993,1.718997287860823,0.015508616959286146,-0.1143638713989246,0.16505875808941775
CP007,Cape of Good Hope,2020-02-01,0.035153451913730566,-2.098136096983222,2.43752727298831,0.02181373129736452,-0.10998252277052274,0.14691639479496457
CP008,Gibraltar Strait,2020-02-01,0.12434330269673413,-1.6607920089194006,1.8380619885045644,0.017201179129206424,-0.10642512563793015,0.15535173243510292
CP009,Dover Strait,2020-02-01,-0.04023012656031989,-1.434324497859376,1.2006696555843381,0.011019975062249538,-0.16279491094968934,0.20287996161393168
CP010,Oresund Strait,2020-02-01,-0.13425123238688,-0.9439272686553374,0.6666698963263205,-0.002064118001790199,-0.3318541126008509,0.3429528030843762
CP011,Taiwan Strait,2020-02-01,0.5288758769070283,-1.7233700147617657,2.6079261470736945,0.018266937268003523,-0.10744862473754642,0.1496794008247572
CP012,Korea Strait,2020-02-01,0.047271604979236145,-2.2930928549794376,2.441857044113831,0.021635086290641852,-0.10903514375270507,0.14522371426250316
CP013,Tsugaru Strait,2020-02-01,-0.09584423992078177,-0.8402133439342825,0.702343239338571,0.021434272876190052,-0.10877640800928644,0.1447897458264511
CP014,Luzon Strait,2020-02-01,-0.07776311955900912,-0.8135869876072791,0.7783890301792248,0.018758998727766502,-0.10565453440354786,0.1465155883264264
CP015,Lombok Strait,2020-02-01,0.003361450765372077,-2.13442796166365,2.1300193393433267,0.00927390636788366,-0.18540105996570874,0.2183233082988805
CP016,Ombai Strait,2020-02-01,0.0026665102352704277,-1.012103745260056,0.8210290395718863,0.01121193366928362,-0.16083527098816225,0.20083654429752165
CP017,Bohai Strait,2020-02-01,-0.03627804402660539,-0.8163422688429871,0.7102548854356288,0.017917980431211632,-0.10556441488058292,0.15314732949849932
CP019,Sunda Strait,2020-02-01,0.036165522607648215,-1.742810610963263,1.8929440197326135,0.02477574672136145,-0.13484241863389101,0.17056449634444618
CP020,Makassar Strait,2020-02-01,0.08876148008242622,-1.9498717577192861,2.3194706513566317,0.009476107854410745,-0.18284912826906974,0.21700411501686975
CP022,Yucatan Channel,2020-02-01,-0.008134734189214515,-1.7611566456944698,1.792416361660329,0.022574442257958197,-0.11398856169398613,0.1503205669333953
CP027,Mindoro Strait,2020-02-01,0.09519370558739745,-1.5330721975091175,1.9552293907190381,0.009772340007333043,-0.17911046030183442,0.21639155677847613
CP001,Suez Canal,2020-03-01,0.10072648892044589,-2.1510317837711947,2.300977542115151,0.008998254393801468,-0.1226624576283805,0.15507552302572442
CP002,Panama Canal,2020-03-01,0.01922440101509287,-1.115387917490306,1.0419837731977242,0.011337133864976158,-0.10182811212035726,0.11758878324288878
CP004,Bab el-Mandeb Strait,2020-03-01,0.02859950944713279,-1.2789769600625387,1.3300795815543884,0.008998254393801468,-0.1226624576283805,0.15507552302572442
CP005,Malacca Strait,2020-03-01,0.02603162702333549,-1.559735867682037,1.6641915706193393,0.010901509627631603,-0.11724524339834602,0.14697225740746367
CP006,Strait of Hormuz,2020-03-01,-0.11730313581815939,-2.622070275113594,2.182779100885004,0.006371537712571249,-0.14008199930191975,0.16645477569520042
CP007,Cape of Good Hope,2020-03-01,-0.03810434560957791,-0.7845364854017843,0.7000932191500163,0.017394296847641363,-0.16186908753486468,0.17905250524107175
CP008,Gibraltar Strait,2020-03-01,0.19498352275762093,-1.968572244650714,2.234869285154146,0.008365832961741683,-0.10803426946839467,0.138607729684368
CP009,Dover Strait,2020-03-01,-0.06850816292890764,-1.8018484284159462,1.4890945301049643,0.006362767212110733,-0.14018910507076646,0.16656413116430335
CP010,Oresund Strait,2020-03-01,-0.13395670578010613,-0.8845234112541667,0.6489309230415976,-0.021735882422942346,-0.4423639288134077,0.38991793662205537
CP011,Taiwan Strait,2020-03-01,0.5907122928243588,-2.0318023464294455,3.0916106352312522,0.002827353547159537,-0.1524364965486709,0.1493020165578913
CP012,Korea Strait,2020-03-01,0.08662597585602727,-1.728679309399596,2.044335425894285,0.009793206456386308,-0.1183980464583853,0.1389120870706999
CP013,Tsugaru Strait,2020-03-01,0.01894415494581474,-1.820820461580283,1.969926582565945,0.0066480041426598005,-0.11218380194175004,0.13020159605997828
CP014,Luzon Strait,2020-03-01,-0.027231785964440456,-2.3244227978209517,2.495121973383976,0.015113090260880587,-0.1428045429518534,0.1534898232372529
CP015,Lombok Strait,2020-03-01,0.044247230617923655,-1.9914138104302244,2.277066774632633,-0.004885045380452156,-0.22105182576893595,0.20826496124913824
CP016,Ombai Strait,2020-03-01,0.051808424983054484,-0.7137193411023829,0.8052976044391696,0.0015243659760939777,-0.16546529146884845,0.18004578517907285
CP017,Bohai Strait,2020-03-01,0.051566467591189054,-0.8069042995867475,0.7773158410195891,0.00784458318857482,-0.12543523908568582,0.1564374754931335
CP019,Sunda Strait,2020-03-01,0.0012499837768051964,-1.8338794982474442,1.950771438881552,0.018190149124136502,-0.16906836162635644,0.18822823921167975
CP020,Makassar Strait,2020-03-01,0.07727543995575623,-1.55686465497238,1.8967024156794623,0.00482265483606021,-0.1508318886492766,0.185763546651321
CP022,Yucatan Channel,2020-03-01,0.04544723735826185,-1.617688520207863,1.844232754499624,0.01529452077949993,-0.14435210707728316,0.15680301101045166
CP027,Mindoro Strait,2020-03-01,0.133171962325206,-1.0903594992624694,1.3038050098618368,-0.012589847587861849,-0.3135125588542338,0.2836904172485723
CP001,Suez Canal,2020-04-01,0.04647550573904582,-1.3943381166230786,1.5364872740155215,-0.0015476022895549563,-0.11207365729449453,0.09572950710427619
CP002,Panama Canal,2020-04-01,0.061823253783918015,-1.1709337770170458,1.3016855953023916,-0.00404049460357225,-0.1297185750902639,0.1322488056421753
CP004,Bab el-Mandeb Strait,2020-04-01,0.030162330321640472,-1.3074264432542098,1.4378565356704702,0.004671148576125276,-0.16578110088879605,0.16169678868611828
CP005,Malacca Strait,2020-04-01,0.01590015406425309,-1.6288624416046824,1.5874269027312444,0.004133126461634756,-0.16067834393652017,0.15469202536921023
CP006,Strait of Hormuz,2020-04-01,-0.11120354583279918,-2.31039183694556,1.8859182715133909,-0.00451537653470992,-0.12277648095206116,0.12621611963189902
CP007,Cape of Good Hope,2020-04-01,-0.0693750818830155,-0.8157113249202823,0.7265751246471606,0.0021933682493669652,-0.13420223224031044,0.11012677579180039
CP008,Gibraltar Strait,2020-04-01,0.2625133609752372,-2.261618007367434,2.524354654467386,-0.00028031363927420895,-0.11323362739612107,0.0909773916184412
CP009,Dover Strait,2020-04-01,0.14354185103242886,-1.6490137908931404,1.8050517965563357,-0.00023855282505389324,-0.14501680448306803,0.15056290655131732
CP010,Oresund Strait,2020-04-01,-0.0914540853914457,-0.8322563860241622,0.6677531027821205,0.0001255556032269893,-0.1441631278312347,0.14775958869244474
CP011,Taiwan Strait,2020-04-01,0.8818762331355661,-2.4969304933836325,3.9151640516096378,-0.002729219136325977,-0.10211249440510924,0.09487412418720083
CP012,Korea Strait,2020-04-01,0.27367825005174545,-1.1701792393045363,1.7648949028638794,0.003452749038908891,-0.14894582105554385,0.12187645659894562
CP013,Tsugaru Strait,2020-04-01,0.07539388567270114,-1.4427743416311147,1.7209157303898712,-0.009606627779032647,-0.20510984699367124,0.20618657144618893
CP014,Luzon Strait,2020-04-01,-0.00517987442370633,-2.31007867341087,2.4374549652868946,-0.0027236963627605194,-0.10030157335445543,0.09777331976290429
CP015,Lombok Strait,2020-04-01,0.012484102704786606,-0.8363616798033222,0.7942641493805438,-0.010487899536935913,-0.17475286197494053,0.16676465941618676
CP016,Ombai Strait,2020-04-01,-0.09288591141398934,-0.7960814612214306,0.7187219386054827,-0.012422543627245002,-0.1878823461669586,0.1629789498741794
CP017,Bohai Strait,2020-04-01,0.10963615354663693,-1.015904654763674,1.1531680153792516,0.0036773382372238235,-0.15115861407781134,0.12368183432021529
CP019,Sunda Strait,2020-04-01,-0.0626074902534656,-0.9212877925504566,0.6900906357798097,0.01246295577681642,-0.23818770637994546,0.23846469384490843
CP020,Makassar Strait,2020-04-01,0.09992655249485403,-1.2995750636902021,1.7016952419218259,-0.0032326901936205648,-0.15938382434459453,0.172193421630722
CP022,Yucatan Channel,2020-04-01,0.027226991022705014,-1.5073559477273242,1.489221302979635,0.010469924083014972,-0.22023138015662685,0.210854128107586
CP027,Mindoro Strait,2020-04-01,0.19147749255598023,-1.3316583806345006,1.683215281224961,-0.010185536570550057,-0.16976253831401683,0.16387400182341635
CP001,Suez Canal,2020-05-01,-0.05012340303857974,-2.3823366985764145,2.083130226524011,-0.0052914734962184375,-0.17203213485309307,0.13926213804323004
CP002,Panama Canal,2020-05-01,0.027042331813017406,-1.3848028481699408,1.1888252347622656,-0.00823667579250555,-0.1604416093438451,0.11498478217967605
CP004,Bab el-Mandeb Strait,2020-05-01,-0.10590274112837217,-2.1797855384398734,1.5857775940085161,0.00014993351125723375,-0.22461527221360048,0.20996046871562238
CP005,Malacca Strait,2020-05-01,-0.09056335967569658,-1.089045502718718,0.9371026875303854,-0.017676183893278487,-0.14360135316775727,0.10684924434148563
CP006,Strait of Hormuz,2020-05-01,-0.2139090896228678,-2.7433084558689274,2.3808375075697086,-0.017391355886610886,-0.13011431454459724,0.09495901338497094
CP007,Cape of Good Hope,2020-05-01,-0.07387738817107699,-0.8314984023732674,0.6253801086187183,-0.009758588819199767,-0.15688480825660858,0.13338685177144832
CP008,Gibraltar Strait,2020-05-01,0.11389120198426064,-2.0653590942171984,2.140897062155762,-0.009031423729017782,-0.1348942418742456,0.0963417871142454
CP009,Dover Strait,2020-05-01,-0.008941511446807607,-1.3772953729866513,1.2973457841474287,-0.010658388616074375,-0.1433408440210912,0.11991566389506281
CP010,Oresund Strait,2020-05-01,-0.06233010043618237,-0.9605607972347916,0.745628045751091,-0.00479079458566943,-0.19857290824385188,0.18519697086579892
CP011,Taiwan Strait,2020-05-01,0.4884246968897099,-2.077815602473814,2.9895677720386336,-0.011755411917934156,-0.12033985742402988,0.0814670623520645
CP012,Korea Strait,2020-05-01,0.008984351775971428,-0.9869565707259893,0.944319715680049,-0.00032583573639584216,-0.2088653853170835,0.17637474088496144
CP013,Tsugaru Strait,2020-05-01,-0.06556202712084729,-0.7429559497186129,0.6778270995547843,-0.007345305460044634,-0.16985033990345377,0.1250154074037869
CP014,Luzon Strait,2020-05-01,-0.1262808549965125,-0.85784129598519,0.6832540943489482,0.0010662046603039889,-0.2331699256794802,0.21667829010617826
CP015,Lombok Strait,2020-05-01,-0.044065799690425185,-0.8485726838786462,0.6816105110383172,-0.022307851936745695,-0.18069133375690022,0.13937542131315603
CP016,Ombai Strait,2020-05-01,-0.07430737602453143,-0.8525521280531636,0.7215625790113261,-0.03127406485283307,-0.32119414153323633,0.2516668450166073
CP017,Bohai Strait,2020-05-01,-0.03275380345875199,-1.0243178005975146,0.780885154766775,-0.005616875325775032,-0.16431858449008266,0.11906930648261638
CP019,Sunda Strait,2020-05-01,-0.013039638432543618,-0.8141259302805797,0.7056401366980516,-0.0032289004102289613,-0.19738970260924743,0.1422527533551736
CP020,Makassar Strait,2020-05-01,0.09881561656309286,-1.463693865659212,1.9474862430912607,-0.007797433250158437,-0.18804336450157536,0.17658674936722613
CP022,Yucatan Channel,2020-05-01,-0.07701850972452294,-1.1303780108523631,0.9723747193821692,0.005146661911342345,-0.27303894241496923,0.2596192816831465
CP027,Mindoro Strait,2020-05-01,0.07171704877272199,-1.4589136127766027,1.8814079245974664,-0.02645368584719919,-0.24309893278623454,0.187392818785174
CP001,Suez Canal,2020-06-01,0.0829726230666199,-3.0826067158682338,2.900894150330068,-0.002594730569258136,-0.26348451561428987,0.26288698317204573
CP002,Panama Canal,2020-06-01,0.07192062380914527,-1.052935769150416,1.0442427260205958,-0.0018375022962061783,-0.25640139367374637,0.23870812666261423
CP004,Bab el-Mandeb Strait,2020-06-01,-0.07640000388861709,-3.018288688865602,2.564814955061301,-0.0027123890910980453,-0.2617414491346621,0.2621441756597144
CP005,Malacca Strait,2020-06-01,-0.15611471975995855,-2.2855811971820996,1.610090354655519,-0.0026046773623315824,-0.26333715763872517,0.26282418659341217
CP006,Strait of Hormuz,2020-06-01,-0.12035947509991471,-3.730381952489334,3.4224188139881035,-0.0143045807723743,-0.15939475307121886,0.11925306841491848
CP007,Cape of Good Hope,2020-06-01,-0.06592036465998831,-1.101963851062927,0.839433383622864,-0.009688170866603644,-0.2091607760328115,0.15406385354566096
CP008,Gibraltar Strait,2020-06-01,0.1683019427329279,-2.338235692601339,2.623030949621633,-0.005385179236442819,-0.2233457341255371,0.2118777568681024
CP009,Dover Strait,2020-06-01,-0.1020952321187062,-1.246518837085456,0.8089276016767353,-0.010266055858161288,-0.21258463253887588,0.20088429664266802
CP010,Oresund Strait,2020-06-01,-0.06047831837185665,-0.8339202975378585,0.750877703048042,-0.0059812298844690815,-0.24762500426289777,0.2425369114885995
CP011,Taiwan Strait,2020-06-01,-0.028910698928107745,-1.5217420436880467,1.2011708855910095,-0.008009947645989765,-0.1993832038866477,0.17720942726115482
CP012,Korea Strait,2020-06-01,-0.04022684746777441,-0.7852580963690121,0.7124562458674331,4.9684467062940386e-06,-0.29179103754455565,0.28579388539178535
CP013,Tsugaru Strait,2020-06-01,-0.034783951487221604,-1.110932266416623,0.7491561141377006,-0.0013684383105626887,-0.2609223556127653,0.24414483227216957
CP014,Luzon Strait,2020-06-01,-0.06703420659138958,-0.992787322880905,0.6958165494968678,-0.0010211470428536362,-0.2820170533052928,0.27769127503310553
CP015,Lombok Strait,2020-06-01,0.04144000045781349,-2.1679894031574203,2.330417434841562,-0.010244350716061999,-0.24003002529114953,0.22409708304383563
CP016,Ombai Strait,2020-06-01,-0.09772353001142994,-0.8389032117053562,0.7899266390503258,-0.016222591653299877,-0.14999188055862664,0.11386390934544745
CP017,Bohai Strait,2020-06-01,-0.0620297505581094,-0.8073473906957899,0.6734209223640261,-0.01410783528997815,-0.1601124770272033,0.12571878656281726
CP019,Sunda Strait,2020-06-01,0.06395474853226157,-1.6657213105635333,1.8893731979557957,0.004822247819983512,-0.3335386332403412,0.33393362271884086
CP020,Makassar Strait,2020-06-01,0.08251774838103701,-1.8001403531805469,2.288984221280666,-0.0097892780040166,-0.23740687367497254,0.22886087942148142
CP022,Yucatan Channel,2020-06-01,-0.041116737549370806,-0.9588973578531155,0.7691462321940552,-0.0023955953226353194,-0.25316251093463926,0.2312604800857294
CP027,Mindoro Strait,2020-06-01,0.21232080917914092,-0.9091358584971536,1.3151309243664295,-0.034664281466781126,-0.27228514389397057,0.21959336580078007
CP001,Suez Canal,2020-07-01,-0.015896863820833232,-2.145158290045304,1.9125928578254707,-0.007421518688622551,-0.2156779215603388,0.20238353142383897
CP002,Panama Canal,2020-07-01,0.002539428928701672,-0.9740048809308809,0.9889417128787781,-0.009461289920489686,-0.22199853701030436,0.18356263575418394
CP004,Bab el-Mandeb Strait,2020-07-01,0.053757381685170545,-1.2844713297069326,1.5256981106664032,-0.004948151867050734,-0.24016975248324368,0.2392423476660109
CP005,Malacca Strait,2020-07-01,-0.1862178626949052,-2.1920637631958866,1.428507860967465,0.0010340781133721091,-0.30903953978927723,0.33360099638298657
CP006,Strait of Hormuz,2020-07-01,-0.26116562334070376,-3.2755056714389057,2.4623542289034157,-0.008384958941766114,-0.220267050346286,0.22754890740123374
CP008,Gibraltar Strait,2020-07-01,0.06434361409275237,-2.221554596094702,2.1154230297366574,-0.004268987058563209,-0.24682245093587662,0.2399590205530663
CP009,Dover Strait,2020-07-01,-0.1118890000931299,-1.4375078440017364,0.9308793957042648,-0.010474630217364335,-0.20583688912530493,0.2069159050329033
CP010,Oresund Strait,2020-07-01,-0.09939553956894014,-0.8506749168348693,0.6726069739324015,-0.024304736181854553,-0.14575853498478974,0.09936715464267619
CP011,Taiwan Strait,2020-07-01,0.20647098210992304,-1.6721056057943862,1.9157057790472924,-0.008804075646154097,-0.20612470656401793,0.20204821924056887
CP012,Korea Strait,2020-07-01,0.02157433534540368,-0.9131945709119146,1.1144532413147514,-0.004308078147311837,-0.25681988929551064,0.2325204072021458
CP013,Tsugaru Strait,2020-07-01,-0.07705252434306839,-0.9896804319010044,0.7683740528244692,-0.004621500492882362,-0.25361783070347393,0.2280693737463886
CP014,Luzon Strait,2020-07-01,-0.08291475179213359,-0.8925093274333435,0.6782742098376267,-0.0015677407697874046,-0.2733517373143671,0.27028236820232526
CP015,Lombok Strait,2020-07-01,-0.0732035613438936,-0.802533849084505,0.7216253737697063,-0.02427674661380697,-0.15287540049496254,0.11094858432063509
CP016,Ombai Strait,2020-07-01,-0.01812895406480117,-0.7550781268076683,0.7910372590624739,-0.02659609369469402,-0.15576669598834494,0.11399347119260207
CP017,Bohai Strait,2020-07-01,-0.05970386413477343,-1.0761092386133466,0.8415896537557189,-0.001849508776199041,-0.2857081626913446,0.3136514430384591
CP020,Makassar Strait,2020-07-01,0.06070677244415287,-1.7894929197571237,1.8695874433707562,-0.009766327927219766,-0.25973243705743254,0.25893700950191284
CP022,Yucatan Channel,2020-07-01,0.028413030192107572,-1.904741413913899,1.8696648895537051,-0.00842483144285453,-0.22609012449920154,0.18965006911522966
CP027,Mindoro Strait,2020-07-01,-0.002465405366730753,-0.8041183916145946,0.8462730248951843,-0.015292539178840136,-0.20711669943401795,0.1757050030132879
CP001,Suez Canal,2020-08-01,0.07637537704344492,-2.2000032609805373,2.1268685669744523,-0.008185192651769762,-0.19149211966230717,0.15670662643779137
CP002,Panama Canal,2020-08-01,0.1866862016579967,-0.831462975743264,1.3085848787201302,-0.006993662570386647,-0.19874315831957293,0.16847909644753337
CP004,Bab el-Mandeb Strait,2020-08-01,0.03945492586709962,-1.3305585302516911,1.399240671238648,-0.004557587980133833,-0.2059367586207283,0.1985169694372044
CP005,Malacca Strait,2020-08-01,-0.2359574556888578,-2.292178257210189,1.6177342847684466,0.006471624185354629,-0.32228394542116173,0.34860045302697235
CP006,Strait of Hormuz,2020-08-01,-0.30258160509160015,-3.3139363753892175,2.434592637445271,-0.011703638378102866,-0.16524705408842524,0.13862231836341007
CP008,Gibraltar Strait,2020-08-01,0.2927083340711829,-1.8614789280787423,2.2723235141391003,-0.0066396756892528695,-0.19859247178110107,0.16821428181112189
CP009,Dover Strait,2020-08-01,-0.03459399863541947,-1.0359190363008903,0.9914909068243875,-0.010503872542680546,-0.1856377876012101,0.1695861311197967
CP010,Oresund Strait,2020-08-01,-0.033748177235631546,-1.0545527268724493,0.8698025299620339,-0.012316359400577662,-0.22029742837810296,0.18819311924631477
CP011,Taiwan Strait,2020-08-01,-0.03100426764114734,-1.4259753042765773,1.1514631372873922,-0.009688039276861739,-0.18373337010101895,0.15218777433430716
CP012,Korea Strait,2020-08-01,0.012764899083823417,-0.7779063874512987,0.8629539108101326,-0.010813121262364932,-0.16937225472259124,0.14838409996799076
CP013,Tsugaru Strait,2020-08-01,-0.01664116940637569,-0.8683628086625942,0.7568048972982555,-4.4047802689006267e-05,-0.24666583243277335,0.24983462595176578
CP014,Luzon Strait,2020-08-01,-0.16442714867190975,-0.9618300630929401,0.6212943637620261,-0.010402222658613154,-0.1711965709228454,0.1485595555845739
CP015,Lombok Strait,2020-08-01,-0.10108106179313421,-1.1502662837272688,0.7321171585804024,-0.005624847225954195,-0.267349571112451,0.2656628520685071
CP016,Ombai Strait,2020-08-01,-0.07044240644625531,-0.9001231413730452,0.722591959124651,-0.01730865447062811,-0.14673211962799562,0.10890333888389189
CP017,Bohai Strait,2020-08-01,-0.13536289577757332,-0.9114571119745631,0.6522452209947001,0.006297341713291951,-0.32033676758778323,0.3468997261490568
CP020,Makassar Strait,2020-08-01,-0.006441498862049796,-1.0434852200959277,0.7957178534868296,-0.005652443290754622,-0.267573743730261,0.26544164191249253
CP022,Yucatan Channel,2020-08-01,-0.03482458537333272,-0.7945538323059086,0.7073551957145034,-0.014207619955446452,-0.1831434222079682,0.13055056417567223
CP027,Mindoro Strait,2020-08-01,0.06982475429956972,-1.0605552290783393,1.0578906995429396,-0.018089945022115115,-0.16576435030325054,0.13229082679675444
CP001,Suez Canal,2020-09-01,0.13626687710313062,-2.35895644565306,2.4468018989572564,-0.0015699151407792137,-0.1563170923520371,0.14682159407298329
CP002,Panama Canal,2020-09-01,0.001909100600917594,-1.1245922108772548,1.2544348965423961,-0.001973482787613969,-0.14646899172127653,0.14179930379076783
CP004,Bab el-Mandeb Strait,2020-09-01,0.020179488148427762,-2.4531911651057903,2.5349783466380917,0.002057689530856707,-0.1743965673181172,0.1797433775294836
CP005,Malacca Strait,2020-09-01,-0.04652662103278259,-2.4402486562684103,2.256581963217122,0.012513304352753335,-0.2923689421923093,0.31434995060497956
CP006,Strait of Hormuz,2020-09-01,-0.1737308703619212,-2.473544579931389,1.8644230402205995,-0.0015309414182035073,-0.15499390216886025,0.1622823110717041
CP007,Cape of Good Hope,2020-09-01,-0.017015109225793672,-1.8874007699305095,2.0958593376734203,-0.005970185530468225,-0.15243072388748594,0.12344745896353904
CP008,Gibraltar Strait,2020-09-01,0.21815921102310284,-2.786653193098629,3.147801128994983,0.007061380142179195,-0.21254232247605342,0.23740989994769132
CP009,Dover Strait,2020-09-01,-0.14760264475725013,-1.185842857667852,0.650571591608726,0.006624031046634419,-0.2516591303676704,0.2724410895042865
CP010,Oresund Strait,2020-09-01,-0.08997123898483476,-1.0460684320580989,0.6878249058362967,0.0016174379176187872,-0.2383508606458681,0.2391804726799875
CP011,Taiwan Strait,2020-09-01,0.45696636990582995,-1.9277579069946729,2.7340313170753183,-0.0038292715309323076,-0.14426028794625148,0.1258855814167782
CP012,Korea Strait,2020-09-01,0.10387660787542372,-1.3239418973908392,1.4333829815121273,-0.0018095465874296774,-0.16372740198736369,0.15148394274077417
CP013,Tsugaru Strait,2020-09-01,0.07662399883508214,-1.5053775626724615,1.6685671958565762,0.0011826564925185917,-0.19116274101093744,0.19296327438683006
CP014,Luzon Strait,2020-09-01,-0.09188250887058345,-1.0783874157527906,0.8292817864473302,-0.010211481304630314,-0.15831883022231866,0.12851375738817525
CP015,Lombok Strait,2020-09-01,-0.073997901540878,-0.8038680329468313,0.6719122881532118,-0.00665486850208477,-0.16593141488309923,0.14760902025667114
CP016,Ombai Strait,2020-09-01,-0.03922744161048503,-0.8665235928994617,0.7051549450206216,-0.010877614380964318,-0.12224770657779774,0.1054981784028607
CP017,Bohai Strait,2020-09-01,0.013475837516279008,-1.1804665835053103,0.8982776452668193,-0.0023226424524748312,-0.14951734270443173,0.15105510398320515
CP020,Makassar Strait,2020-09-01,0.08319837522087162,-1.655871229295397,1.8592916486040583,0.0006003408412306026,-0.2369988069048739,0.23437496032012364
CP022,Yucatan Channel,2020-09-01,-0.050782714372726655,-1.0745284315514856,0.8517392311744043,0.002628233138526223,-0.17450822876238625,0.18947956632076815
CP027,Mindoro Strait,2020-09-01,0.09896742497281491,-1.5373506429524502,1.8922427015272585,-0.0056184100244496245,-0.17181146129544905,0.1591594530738095
CP001,Suez Canal,2020-10-01,0.1052622866982396,-1.2533363087708518,1.8352338189343473,0.00870470479584478,-0.1475181400313319,0.15378955490242305
CP002,Panama Canal,2020-10-01,0.127115558093795,-1.694630456277576,1.6686585518332422,0.010258009082767427,-0.155535098079399,0.16320350015434384
CP004,Bab el-Mandeb Strait,2020-10-01,-0.01806336258287311,-1.5774886041559455,1.2637963945166295,0.023215123482431987,-0.27379085598590525,0.3248086403774072
CP005,Malacca Strait,2020-10-01,0.055539087485529846,-2.028758935139607,2.086743840402954,0.01089289845518823,-0.14677896744423238,0.1640359348978141
CP006,Strait of Hormuz,2020-10-01,-0.06014158332128904,-2.2087620909303913,1.9637929237369054,0.006234950702002041,-0.11057301196186611,0.11586956649131046
CP007,Cape of Good Hope,2020-10-01,-0.040589403194667605,-2.1995993636980224,2.019166843655232,0.004828756301029351,-0.16306412751737273,0.15398293336979588
CP008,Gibraltar Strait,2020-10-01,0.1942921031961067,-1.8002880393099177,2.081080879832272,0.013145821053334485,-0.16358093478837077,0.18904104377872544
CP009,Dover Strait,2020-10-01,-0.13635147060678016,-1.555015352551861,1.0247388428360755,0.007091592727462869,-0.11346869035792065,0.12127822941424551
CP010,Oresund Strait,2020-10-01,-0.14742039146976205,-1.1769651537058847,0.6632075862373178,0.007916809019295305,-0.1893031920452961,0.18415809842645078
CP011,Taiwan Strait,2020-10-01,0.5563871383406216,-2.474185007678289,3.4162861561287476,0.009487837667991907,-0.13294487184790588,0.14461607587466707
CP012,Korea Strait,2020-10-01,-0.03114468732093945,-0.954028092866042,0.8156817662739104,0.0185440738560794,-0.2138405313419385,0.2540419459148014
CP013,Tsugaru Strait,2020-10-01,0.009944677561866505,-1.0013564599640044,0.9850837926789661,0.007779535627396184,-0.158587414193069,0.15815993776865991
CP014,Luzon Strait,2020-10-01,-0.07101042679545538,-2.226350729353188,1.9133025116567166,0.017345803248226547,-0.2043035710373136,0.23952159361506867
CP015,Lombok Strait,2020-10-01,0.019127693301675172,-2.059960734492128,2.2379286432399668,-0.0038734377804599497,-0.1277717529511869,0.1483138282004228
CP016,Ombai Strait,2020-10-01,-0.057330915435890986,-0.762997582626196,0.6511305290816632,-0.0037120140469531684,-0.12534161799971913,0.14947994577608645
CP017,Bohai Strait,2020-10-01,0.09277558069855651,-1.2685230045174125,1.272326158101614,0.023189673160596516,-0.2735199913525102,0.32447122104800197
CP019,Sunda Strait,2020-10-01,-0.003298454922338168,-2.496821817547342,2.517847910981545,0.0071607878756431,-0.148486373599936,0.14819903890314623
CP020,Makassar Strait,2020-10-01,0.11185755130224379,-1.7889819163694123,2.3712169812670787,0.010636980906127297,-0.18877904349973657,0.19550910741865862
CP022,Yucatan Channel,2020-10-01,0.021191160246542842,-1.7293123939334047,1.4391026555527966,0.008550901002012943,-0.1460225367087384,0.15207633515239963
CP027,Mindoro Strait,2020-10-01,0.05832370565839145,-1.6854982971604475,1.8121329290532628,-0.008019271690913439,-0.1876359349006196,0.19570994836543124
CP001,Suez Canal,2020-11-01,-0.06951510372310585,-1.3023642010890077,1.0148207855560831,0.009390752748108449,-0.15829079138722424,0.17005353616890778
CP002,Panama Canal,2020-11-01,0.03867074887837664,-1.9712250644467606,1.6704668175886135,0.01778133559247062,-0.1162013453786164,0.1374705102108876
CP004,Bab el-Mandeb Strait,2020-11-01,0.05329175666736233,-1.42233043229946,1.6811608796661277,0.016645962091423855,-0.10326743443572832,0.1336347483867278
CP005,Malacca Strait,2020-11-01,0.056867756725498514,-1.4176463708662925,1.426068727282772,0.014362154582659598,-0.07873711260306249,0.11389481413231099
CP006,Strait of Hormuz,2020-11-01,-0.11044574727031395,-1.6737616696561053,1.1406715592086372,0.008382604316858042,-0.10545738610502084,0.15014769808303338
CP007,Cape of Good Hope,2020-11-01,-0.08545708925659229,-0.9136415368183468,0.7552218815148178,0.007559736758773621,-0.16510896058651378,0.18117337384392018
CP008,Gibraltar Strait,2020-11-01,-0.17174220612679608,-1.3930268819784808,0.6837985599613772,0.011773389708995087,-0.09538988546668119,0.1256733147899812
CP009,Dover Strait,2020-11-01,-0.0653017771704326,-0.9233900109767755,0.7070445621686159,0.010503542827149413,-0.10609315209178496,0.14681822804391204
CP010,Oresund Strait,2020-11-01,-0.1148826189440383,-0.7839844734909969,0.6836831172984456,0.012755226680499554,-0.09859576075932806,0.13413758579165466
CP011,Taiwan Strait,2020-11-01,0.6349082825756,-2.062269968707433,3.093586830427491,0.014940249844999982,-0.0801071637395078,0.11309827510351556
CP012,Korea Strait,2020-11-01,-0.06162670322345052,-1.0923600610198945,0.867144469603919,0.024332870252409825,-0.1559160382296886,0.20048868533291692
CP013,Tsugaru Strait,2020-11-01,-0.010032647195895356,-1.3630931577463703,1.0951905500227312,0.01528717568154884,-0.08297475069811813,0.1199715191235007
CP014,Luzon Strait,2020-11-01,-0.10295752699721547,-0.85521343824058,0.6753715021818797,0.007150770505098555,-0.13797844492626526,0.1680962126705029
CP015,Lombok Strait,2020-11-01,0.023998154713828202,-2.038480293312823,2.217405971546769,-0.00012512455782404922,-0.18900700498552703,0.21982476113487384
CP016,Ombai Strait,2020-11-01,-0.031541667220009485,-0.9517514962416143,0.9008927669412006,-0.0004283053638885244,-0.19816432284103455,0.22378790744244187
CP017,Bohai Strait,2020-11-01,0.1655571569327038,-1.1408946325389295,1.4250179123647653,0.025209562647669506,-0.1765810062566977,0.22576769901147622
CP019,Sunda Strait,2020-11-01,0.04216126338781272,-1.9132701039641793,2.0092594820640755,0.01713645745893378,-0.11031191716685686,0.13474154496060778
CP020,Makassar Strait,2020-11-01,0.08410228157490804,-1.7907377088287988,2.1041428461841343,0.014385294128763115,-0.14437338856093063,0.1476202762853748
CP022,Yucatan Channel,2020-11-01,0.062024389059866486,-1.3660568484532156,1.6159290656716647,0.021304628069249456,-0.1258576016204564,0.16152843725178673
CP027,Mindoro Strait,2020-11-01,0.05672324923145246,-1.533454281534179,1.8083937706948943,0.0019477923974026182,-0.16027419083870545,0.2043180836590058
CP001,Suez Canal,2020-12-01,-0.0818216674023338,-1.0944608305968337,0.8574336268472978,0.020819570515661162,-0.08898538607990747,0.13020828751137534
CP002,Panama Canal,2020-12-01,0.24256987005018552,-2.6008110167475262,2.9603034379021125,0.017828369296448668,-0.11976151428382698,0.15672957666525061
CP004,Bab el-Mandeb Strait,2020-12-01,0.006739420510035515,-1.144505125802111,0.899495417350695,0.011750558836549614,-0.19023990484699782,0.20020316844540426
CP005,Malacca Strait,2020-12-01,0.007572293936957345,-1.0492983444307704,1.0402187145783137,0.011907610601643106,-0.16935656446422023,0.18765429168360823
CP006,Strait of Hormuz,2020-12-01,-0.07273452897728448,-0.8958027335434291,0.7805452086858519,0.004277657973896199,-0.22596216298739383,0.24134955857938886
CP007,Cape of Good Hope,2020-12-01,-0.05769971854770122,-0.9504593802689779,0.850938002844555,0.01776690760003326,-0.12954065503821535,0.16499609485448669
CP008,Gibraltar Strait,2020-12-01,-0.13650349769112155,-1.4186843081560363,0.7646850848750906,0.021646908332869863,-0.08937880645993396,0.12892926119529402
CP009,Dover Strait,2020-12-01,0.007834600173962272,-2.046155445888537,2.155211598839522,0.011438884935034997,-0.14566134079714244,0.20291260242996323
CP010,Oresund Strait,2020-12-01,-0.026935497951017837,-0.7478047198196847,0.690441434629449,0.0031508714405761454,-0.24350242694514213,0.2842127538855314
CP011,Taiwan Strait,2020-12-01,0.19886562803563482,-1.3121223526707197,1.7642851941012658,0.019754242491168156,-0.08375808847796318,0.1358611189676128
CP012,Korea Strait,2020-12-01,0.07318885501496784,-1.8745863413896338,1.525670985967241,0.026261562872373228,-0.11753491581612767,0.16576495573864536
CP013,Tsugaru Strait,2020-12-01,0.13006324677504305,-1.686050818608201,1.619364189028409,0.02036168712153672,-0.10947088435973028,0.14185824291385557
CP014,Luzon Strait,2020-12-01,0.09350562254859726,-1.6282068277580264,1.9812322752982967,0.016631020158476915,-0.09391652854671816,0.15155621477858355
CP015,Lombok Strait,2020-12-01,0.01422325817032981,-2.144944771991499,2.2412798779066376,0.010278794717013545,-0.15297014029852424,0.19847716030339518
CP016,Ombai Strait,2020-12-01,0.04209513369506003,-0.7585757950602198,0.7227162698032796,0.004728626648106214,-0.21270734311608017,0.23552974370876434
CP017,Bohai Strait,2020-12-01,-0.02921184154136584,-0.7914738229563187,0.7423270805567902,0.028055877257015274,-0.13245347972174695,0.18085017819775917
CP019,Sunda Strait,2020-12-01,0.09220223874927426,-1.6267725492901697,1.8955777860385488,0.014970975177244763,-0.17287007272446517,0.19977002518005083
CP020,Makassar Strait,2020-12-01,0.08607145045351464,-1.896070892773578,2.265308954574277,0.01753400406032888,-0.1275913786296247,0.17170951409345211
CP022,Yucatan Channel,2020-12-01,0.013144932987847724,-2.2022693191781273,2.1965122322024033,0.023065212130724076,-0.09582110886055084,0.1398427558613958
CP027,Mindoro Strait,2020-12-01,0.1189625377234285,-1.3341588283186547,1.8553625087819674,-0.004231623969573894,-0.3434781480048437,0.3412282947162182
CP001,Suez Canal,2021-01-01,-0.11081188039420241,-0.7859707145697064,0.654565959583755,0.006388124845586974,-0.2992910595007387,0.29002830596994345
CP002,Panama Canal,2021-01-01,0.12953519581239145,-2.2340982228996173,2.268934120273252,0.013696176794912264,-0.19709287777037543,0.21459287939574964
CP004,Bab el-Mandeb Strait,2021-01-01,-0.0749993807509276,-0.8109388961254276,0.7188551161277962,0.008806527960040021,-0.2670125337778872,0.2528976375571308
CP005,Malacca Strait,2021-01-01,0.002992838959407573,-1.1411159725897537,1.1242109921589483,0.021443296539210534,-0.09892102114824411,0.14720069114447035
CP006,Strait of Hormuz,2021-01-01,0.03888435262746985,-1.4012451272569073,1.2357665569386653,6.908994345927189e-05,-0.3272101479145704,0.30642702085486
CP007,Cape of Good Hope,2021-01-01,-0.0543174011146346,-0.794193673899121,0.7418139457419826,0.02957834696047194,-0.13211674474804566,0.18398696137790777
CP008,Gibraltar Strait,2021-01-01,-0.07711291326511822,-1.1353033907281795,1.0102427749526435,0.012522887608762266,-0.19004200866097135,0.20388689444225938
CP009,Dover Strait,2021-01-01,-0.10285336489177023,-0.8616816776984915,0.6551100932489252,0.009616479153847758,-0.18842100782757412,0.2260406480558327
CP011,Taiwan Strait,2021-01-01,0.39157702007533496,-2.099528098773005,2.689727934595767,0.020203576872160497,-0.12745657732801796,0.1701776711020611
CP012,Korea Strait,2021-01-01,0.13437595976497219,-1.7952673230651839,1.7375981261216626,0.025175428791285155,-0.10409244425806098,0.15325301587574497
CP013,Tsugaru Strait,2021-01-01,0.13162580528547732,-1.5927810773911764,1.791490035407783,0.023696803306089347,-0.10388014923015548,0.14709609979781726
CP014,Luzon Strait,2021-01-01,-0.04795001791387161,-0.9163318680579761,0.7061573157708498,0.012625292275234404,-0.2042786081899261,0.21385518029361625
CP015,Lombok Strait,2021-01-01,-0.05844008112595829,-0.8106737345268028,0.7567165920464045,0.005634042410789819,-0.22923367283026108,0.25673687205443274
CP016,Ombai Strait,2021-01-01,-0.0331324897551193,-0.8273645075780542,0.6732695238802545,-0.002783118756158331,-0.33995896608459547,0.3296776168615628
CP017,Bohai Strait,2021-01-01,-0.04377530406786944,-1.2240776148441177,0.8091557480776616,0.018754214872288347,-0.12594985689794283,0.16434583344396156
CP019,Sunda Strait,2021-01-01,0.03947394650991302,-1.5279260216583521,1.6857679839653095,0.024136939952996355,-0.10908835890639573,0.15192418859372123
CP020,Makassar Strait,2021-01-01,0.10019595740610235,-1.5451836789854405,2.0393938282464665,0.012889251754105241,-0.17804151753945668,0.24303680933516822
CP022,Yucatan Channel,2021-01-01,0.08037410128562228,-1.147297149820673,1.4589396207530259,0.01642826256864651,-0.16505345826673554,0.19493727313473797
CP027,Mindoro Strait,2021-01-01,0.09203699627553877,-0.868972511314035,0.9927077603528491,0.00813284937882316,-0.20438951188981416,0.24124989934413907
CP001,Suez Canal,2021-02-01,0.02309758795629396,-1.4992515641513178,1.2433675489611467,-0.004822835123018997,-0.4342139129033857,0.3876945174296036
CP002,Panama Canal,2021-02-01,-0.02020601134699038,-1.1104748602082122,0.969413743343384,0.004952395996264785,-0.27182032792952876,0.2575705361147926
CP004,Bab el-Mandeb Strait,2021-02-01,-0.05862079923471819,-1.2082937330374959,1.0334635875473226,0.009687583563611834,-0.19625959457158085,0.20988311736816076
CP005,Malacca Strait,2021-02-01,-0.13002454167846408,-1.1663583382703322,0.7615171176912834,0.00826609744936371,-0.16942051809117536,0.1878803249248586
CP006,Strait of Hormuz,2021-02-01,-0.14648114658563363,-2.6258392436943008,2.0143974949607837,0.0026899743302714273,-0.2277310025156078,0.22845684048415574
CP007,Cape of Good Hope,2021-02-01,-0.0974477042510084,-0.7760613685009864,0.6627896754382919,0.018898081462265973,-0.11771867163190235,0.15359239974030975
CP008,Gibraltar Strait,2021-02-01,0.08940754782336009,-1.7485663412297903,1.7250531575537245,0.0005650399635269383,-0.2859890896706372,0.261113222522705
CP009,Dover Strait,2021-02-01,0.10721969844726534,-1.4090658662899096,1.496217130159461,0.0032336122483441507,-0.21790099937957186,0.23018605910638876
CP011,Taiwan Strait,2021-02-01,0.13561448970238132,-0.7796363845248491,0.9469890651536255,0.007094510413917274,-0.20891004715044903,0.2003316076528833
CP012,Korea Strait,2021-02-01,-0.053391146134903464,-0.8785178092668783,0.7327185057430795,0.02014933483488752,-0.10776746210166122,0.14093511122640398
CP013,Tsugaru Strait,2021-02-01,-0.07933113814591353,-1.0188274350719653,0.716957173198387,0.014254674551305632,-0.14299222942846151,0.17366322729468103
CP014,Luzon Strait,2021-02-01,0.017105522469161832,-1.8769184484736974,1.9295993748602036,0.010377172193302878,-0.17643797664243097,0.19284782661299363
CP015,Lombok Strait,2021-02-01,0.012512775448585913,-2.277727954890372,2.506330448660825,0.001669665355004768,-0.23641459922610653,0.2447380491712715
CP016,Ombai Strait,2021-02-01,-0.07191567228048025,-0.7618491531162203,0.7173873735341298,-0.003093938711188237,-0.2964787753979045,0.2796627522276883
CP017,Bohai Strait,2021-02-01,-0.09470555695189826,-0.811136476422611,0.6663534874308668,0.022206685554348602,-0.11206077099585765,0.14939370681309855
CP019,Sunda Strait,2021-02-01,-0.08222508908722308,-0.7949511899938698,0.6934066336995236,0.008792611305519341,-0.21430130565730474,0.22711079891955369
CP020,Makassar Strait,2021-02-01,0.07131327353837853,-2.0820045152534155,2.342813129249652,0.00892487469832007,-0.1897988728993675,0.21800648838864306
CP022,Yucatan Channel,2021-02-01,-0.08712437787451893,-1.2863525949669785,0.9738086761362599,0.012103959491816594,-0.17255311707227744,0.1955410936565738
CP027,Mindoro Strait,2021-02-01,0.1241845762591677,-1.7575729120630594,2.27786102079389,-0.007399346324106831,-0.34849925608627147,0.3303060147957062
CP001,Suez Canal,2021-03-01,0.03144016469361454,-1.907725397977838,1.755712341099829,0.0008674098064723376,-0.16254477094916603,0.15720534215811308
CP002,Panama Canal,2021-03-01,0.011383188665665107,-1.3837501875695704,1.2585685659285837,-0.004938786901295399,-0.28089730560855947,0.2637222540985741
CP004,Bab el-Mandeb Strait,2021-03-01,-0.09905535837175418,-1.8518818806879365,1.4089057512578749,0.011750223821423607,-0.12205318870563897,0.14396309298228335
CP005,Malacca Strait,2021-03-01,0.02563301545824338,-1.5934043179983948,1.7655924063071475,0.0009001594084511723,-0.15655108207117682,0.16165204816263512
CP006,Strait of Hormuz,2021-03-01,-0.11827365948072006,-2.566911593629792,1.9215376722856694,0.0032938237758723594,-0.14498407462193233,0.1619651865396873
CP007,Cape of Good Hope,2021-03-01,-0.07882145470144218,-0.8074324091499654,0.6951779640407613,0.0048394200532606724,-0.14222204951176015,0.16208292224196513
CP008,Gibraltar Strait,2021-03-01,0.17961230681374135,-2.4017426004725575,2.377148005268332,0.005246063337428162,-0.12187578615413533,0.14435312617667492
CP009,Dover Strait,2021-03-01,0.01985819178503242,-1.6986719613037222,1.4226813386224864,0.004576382802985423,-0.13744889267876684,0.15918017494161782
CP010,Oresund Strait,2021-03-01,-0.11251782144780813,-0.8553151725741893,0.6908573633826275,-0.012334712597267468,-0.31856345244269724,0.2867901776000699
CP011,Taiwan Strait,2021-03-01,-0.0031412568185873323,-1.451927955825234,1.3349963643272806,-0.004752895960664779,-0.21653870831833638,0.19989883238865672
CP012,Korea Strait,2021-03-01,-0.017372620842949684,-0.9246575009657138,0.7986269220363477,0.0055968224176324854,-0.14983073370906577,0.16488573380029803
CP013,Tsugaru Strait,2021-03-01,-0.04061803727002964,-0.967944898450764,0.8163002353935803,0.003972940732247232,-0.16474159085274828,0.17719641651150528
CP014,Luzon Strait,2021-03-01,-0.06654052073487367,-0.7885192513440743,0.6995145218648618,-0.009271855379952506,-0.31264534488342793,0.27709464779510895
CP015,Lombok Strait,2021-03-01,-0.048388782524457365,-0.773489312548452,0.7005024386161971,-0.010244592078886249,-0.28552928986185433,0.25477936271094676
CP016,Ombai Strait,2021-03-01,0.02235096696936536,-0.8540538644004083,0.9715912101301332,-0.01605416499467246,-0.36093989712347857,0.3289927190047208
CP017,Bohai Strait,2021-03-01,-0.11493784861176987,-0.8679854352862834,0.6268251301889678,0.010206357343962627,-0.11934016259293677,0.14261810249531195
CP019,Sunda Strait,2021-03-01,0.041292254411396036,-1.7759766941479804,1.975849217325907,0.0063941077696698465,-0.13230967705948313,0.14780188428013502
CP020,Makassar Strait,2021-03-01,0.07230312716121884,-1.5917894115139324,1.9751998893406761,0.004265826607700915,-0.15749793695873227,0.19043463514702746
CP022,Yucatan Channel,2021-03-01,-0.0010494067770262898,-1.6940999520602302,1.792009221111182,0.004941384878590888,-0.13295519306921724,0.1488391806786488
CP027,Mindoro Strait,2021-03-01,0.02048024418498623,-1.0274857950072673,0.8838892846235481,-0.012058394414725818,-0.30779936332970453,0.27580156572070846
CP001,Suez Canal,2021-04-01,-0.1311714041910301,-1.4179927703247788,0.8280551426164037,0.001959225259138121,-0.133556852277837,0.11837056052400109
CP002,Panama Canal,2021-04-01,0.108390583276151,-1.854179947988261,1.6538907797150797,-0.003159056863839823,-0.11749064446233322,0.11741621343244238
CP004,Bab el-Mandeb Strait,2021-04-01,-0.10859156762123967,-1.2264376661934278,0.6898417466768673,-0.004365829040143504,-0.10354471467811636,0.1023081718201045
CP005,Malacca Strait,2021-04-01,-0.02469788774625864,-1.1648689430022596,1.124006850832214,-0.0008850637897629377,-0.1174485760907774,0.10832986082103148
CP006,Strait of Hormuz,2021-04-01,-0.1534543910577157,-2.3371525191883635,1.7596461169087299,-0.009261812312909684,-0.14944028031645756,0.13492090816317379
CP007,Cape of Good Hope,2021-04-01,-0.12504571788949836,-0.9277753943252242,0.6538125624390961,0.004491215010060384,-0.14674543963762585,0.12861683146562314
CP008,Gibraltar Strait,2021-04-01,0.02899633836418978,-1.5002393476683746,1.5371481709154378,0.0010498939279194668,-0.12777234396550355,0.11410420617147042
CP009,Dover Strait,2021-04-01,0.0551871407744449,-1.829039550834404,1.730521549412373,-0.004064560556323642,-0.11868327352329562,0.12136272249919094
CP010,Oresund Strait,2021-04-01,-0.038843880409535195,-0.8315051568974338,0.7482434347021395,-0.009268021781761834,-0.15104046459706982,0.13611025379037825
CP011,Taiwan Strait,2021-04-01,0.5904811435639833,-2.3516109935712475,3.4189329297160866,0.0019070150476542737,-0.1272139260911396,0.10983892269051895
CP012,Korea Strait,2021-04-01,0.01732996483679877,-1.0238997756104935,0.9397778846284895,0.0033395833407015713,-0.13788063628523328,0.1154031146043369
CP013,Tsugaru Strait,2021-04-01,-0.054669987449207945,-0.9693168395950429,0.8300609184740432,0.0012411928693152755,-0.1308953357828225,0.11131729748612842
CP015,Lombok Strait,2021-04-01,-0.05439926293447339,-0.7274537264653951,0.6627396751517275,-0.010684674620744326,-0.1779783900393139,0.1688122756847072
CP016,Ombai Strait,2021-04-01,0.0029339851727811744,-0.736017035937079,0.7007735973821378,-0.01690213221114221,-0.24118835955655332,0.2021890487946065
CP017,Bohai Strait,2021-04-01,0.006604969210938545,-1.0116486881216695,1.0230138526705277,0.003864012581657779,-0.15299784628443128,0.12566133317267345
CP019,Sunda Strait,2021-04-01,0.025958782661534466,-1.7326640154575046,1.9886149022032065,0.005709176172545304,-0.1585591086883848,0.142600588727597
CP020,Makassar Strait,2021-04-01,0.058570227779079546,-1.5048600490905157,1.7315417092952043,-0.003429465277428945,-0.16050204922617503,0.17350236432666252
CP022,Yucatan Channel,2021-04-01,0.009742559179702511,-1.4710255210783016,1.518528543237467,-0.0004002636838106433,-0.11874063880127804,0.1058405406365949
CP027,Mindoro Strait,2021-04-01,0.24612319617695996,-1.1023293012257935,1.5249166842000617,-0.014312279292380225,-0.21201022094922728,0.18105781645579874
CP001,Suez Canal,2021-05-01,0.048449539371635535,-1.6410765220677965,1.3529716089085393,-0.009835356825730316,-0.13144613784140954,0.0882927974739631
CP002,Panama Canal,2021-05-01,0.12647116302803152,-1.6471647623156611,1.65417168040315,-0.008226384612821344,-0.16169802126147934,0.12335723805215638
CP004,Bab el-Mandeb Strait,2021-05-01,0.01746609652013559,-1.5513482678094903,1.6775730531721664,-0.00462648857926305,-0.17991120770588304,0.14579519898462587
CP005,Malacca Strait,2021-05-01,-0.17717589482458884,-1.666420118591324,1.0457444920077572,-0.00948675131262848,-0.12908924920486495,0.0938137989741601
CP006,Strait of Hormuz,2021-05-01,-0.23097103224561716,-2.701585635974923,1.8980246261612483,-0.008343093473787732,-0.1592614474645268,0.14064011562133347
CP007,Cape of Good Hope,2021-05-01,-0.1630880775414038,-0.9658176504757151,0.708731629124381,-0.00010727249823959472,-0.2088359201861261,0.1799737340909389
CP008,Gibraltar Strait,2021-05-01,0.03313303751075256,-1.8266658184952618,1.7882476461318608,-0.010522366512284982,-0.12633453126746974,0.09190518752803153
CP009,Dover Strait,2021-05-01,-0.05389592811447226,-1.3718913183474613,1.0762567560784315,-0.01015350906484944,-0.14628610704242423,0.12414688487333618
CP010,Oresund Strait,2021-05-01,-0.0743750189257159,-0.7735780911082808,0.7101622184731989,-0.022787476862640536,-0.1928897720586062,0.15102227629056272
CP011,Taiwan Strait,2021-05-01,0.20301857105250942,-2.032937123590845,2.0875369023660406,-0.002789098231269331,-0.19103270321646396,0.15738156886019183
CP012,Korea Strait,2021-05-01,0.013244516511269278,-1.0260394743770958,1.0355553747472874,-0.002760384796655453,-0.18949616964935007,0.14668543630688638
CP013,Tsugaru Strait,2021-05-01,0.03799754987725499,-1.6621455685951865,1.774412128660432,-0.008927258317887963,-0.15211188756158434,0.11008175690373313
CP015,Lombok Strait,2021-05-01,-0.035303980675162785,-0.7697244970425147,0.6593494961403628,-0.009176672971965732,-0.18536870752218992,0.1775357709964399
CP016,Ombai Strait,2021-05-01,-0.03672847854983616,-0.8015677518328274,0.6996044190863915,-0.021168781195217683,-0.16825855214862648,0.12745174904570983
CP017,Bohai Strait,2021-05-01,-0.12146094298698616,-0.9740421270229616,0.6969721641562135,0.003822104464596356,-0.25778661083756527,0.2457543850540143
CP019,Sunda Strait,2021-05-01,-0.0214889524571871,-2.1496128195368,2.173032413009547,0.0005676715538776861,-0.2151123968842922,0.18662742304211172
CP020,Makassar Strait,2021-05-01,0.07450588211641032,-1.3982767997981227,1.816807897247783,-0.009118811480115292,-0.1854809140085378,0.1768469923696137
CP022,Yucatan Channel,2021-05-01,0.06185708639460702,-1.466687763768248,1.4736830500029463,-0.008772212752939147,-0.16181397728202385,0.1292336552101222
CP027,Mindoro Strait,2021-05-01,0.09520470604358271,-1.5658455158516948,2.1570920116564043,-0.019710889822249784,-0.1637265953297385,0.133626437208135
CP001,Suez Canal,2021-06-01,0.13470870188282072,-1.9732185824914403,1.7830933442016894,-0.006338692700032848,-0.21774852038897527,0.2111377301071479
CP002,Panama Canal,2021-06-01,0.1873159320996052,-1.7466230673365564,2.100773994354006,-0.012403532629987158,-0.18026792407716927,0.13269355794585166
CP004,Bab el-Mandeb Strait,2021-06-01,0.058015636500968845,-1.2331135827954438,1.6733327657244605,-0.01290292972489585,-0.16952885790002734,0.12459706588738224
CP005,Malacca Strait,2021-06-01,0.05493013255630967,-1.0919364614506375,1.3352244007508995,-0.011492718116600329,-0.17854017760809457,0.14067717209536879
CP006,Strait of Hormuz,2021-06-01,-0.17520181419397782,-2.9195090257009366,2.2727770937601743,-0.011995723360833167,-0.1751006021145953,0.14836953616102896
CP007,Cape of Good Hope,2021-06-01,-0.051082706090744924,-1.0302207489607176,0.8159380598473831,-0.012966696200788335,-0.1808104498621834,0.13256996676916646
CP008,Gibraltar Strait,2021-06-01,0.014964841510197658,-2.100760850808254,1.7374998464073208,-0.007361504853256907,-0.21214288067654996,0.20515779420045993
CP009,Dover Strait,2021-06-01,-0.10414476960521692,-1.2913437416408826,0.8074573730560493,-0.01491696494665812,-0.16290563469053668,0.1351113133863783
CP010,Oresund Strait,2021-06-01,-0.12877388653309405,-0.9130233699001408,0.6474267117620932,-0.022680461796354696,-0.1522907177317369,0.11443671269122259
CP011,Taiwan Strait,2021-06-01,0.14336019305569678,-2.769636618285169,2.862938620356166,-0.008255880741824415,-0.19828733100859716,0.17732404968692914
CP012,Korea Strait,2021-06-01,-0.0407703617041241,-1.303766142051744,1.2434490050866822,-0.0027645022599120717,-0.24835959922726752,0.22723049826126684
CP013,Tsugaru Strait,2021-06-01,0.019389453754605997,-1.6926110718283922,1.8948129900653135,-0.009468011078740724,-0.21167250110337668,0.15652444681031297
CP014,Luzon Strait,2021-06-01,-0.13501856015716182,-1.0098140054623617,0.6803444291723336,-0.02131465967581473,-0.15047020479111162,0.12214054073903233
CP015,Lombok Strait,2021-06-01,0.041173635321912656,-1.920459619358329,2.1102211775300503,-0.010481680627623025,-0.241398053574543,0.2216126638662493
CP016,Ombai Strait,2021-06-01,-0.05503791360021582,-0.9220792791466229,0.7391747141684063,-0.02649090977518964,-0.16698961176800098,0.12500233646468534
CP017,Bohai Strait,2021-06-01,-0.12279415007151073,-0.7950521322365682,0.6339331761379239,-0.01706779796179779,-0.151065798518964,0.11884195276633727
CP019,Sunda Strait,2021-06-01,0.02608011576561364,-1.7412071937619022,1.77880536155102,0.00587930806194476,-0.34580444227499135,0.3491010121137732
CP020,Makassar Strait,2021-06-01,0.06769073445773333,-1.8589903340873066,2.1710352533252153,-0.010394480702706883,-0.24089541164959397,0.2225254909276202
CP022,Yucatan Channel,2021-06-01,0.06573036791808988,-1.418719914250512,1.6117902048388484,-0.006726559485945516,-0.2111127046031043,0.17926902171956122
CP024,Mona Passage,2021-06-01,-0.10786567379924723,-0.8496849429718177,0.6728615470938932,-0.023150654733805964,-0.1339480089237248,0.08656410757356456
CP027,Mindoro Strait,2021-06-01,0.08937426952255317,-1.4881164961075062,1.8311366072417883,-0.020068093160431746,-0.1519450461725486,0.11699639224499732
CP001,Suez Canal,2021-07-01,0.12427791452389703,-2.170231634206846,2.2176131528346628,-0.00542154712759538,-0.24038690331270243,0.217669296976292
CP002,Panama Canal,2021-07-01,0.2558138118122962,-1.7453752050777767,2.039570898776411,-0.009007899224835835,-0.22411253787862337,0.18697228260513382
CP004,Bab el-Mandeb Strait,2021-07-01,0.0542548407289028,-1.313228476437155,1.4697123241852044,-0.015440645744502905,-0.19122754358256325,0.1330837847615443
CP005,Malacca Strait,2021-07-01,0.006353292135447082,-2.846261882898353,2.5095483146414446,-0.012486592115494547,-0.18170081939279104,0.1415433426623753
CP006,Strait of Hormuz,2021-07-01,-0.22619226062891237,-2.4349953663292556,1.6855530906380878,-0.018166764002150705,-0.15116488267059092,0.10717817747530699
CP007,Cape of Good Hope,2021-07-01,0.004607352378255169,-1.9163917569048503,2.0874465033526532,-0.005536940551243355,-0.24419089615414968,0.2158715417960369
CP008,Gibraltar Strait,2021-07-01,0.04727214034977904,-2.4422806547427314,2.049176989705341,-0.00445855466553444,-0.2453646996982378,0.2381936261823748
CP009,Dover Strait,2021-07-01,-0.11444091511433521,-1.1387276257255106,0.673823451070844,-0.011787428432199917,-0.18973802726438152,0.18343899178382708
CP010,Oresund Strait,2021-07-01,-0.11190873591905806,-0.8425680630195138,0.6888498813179974,-0.012184561257574745,-0.18337336098964072,0.17291111043706142
CP011,Taiwan Strait,2021-07-01,0.3228081675615016,-2.727854601902475,3.062804461457321,-0.003731560691906887,-0.25222197581092737,0.24552187853556784
CP012,Korea Strait,2021-07-01,-0.0962604252499152,-0.9321902011454029,0.7055976278630376,0.004673950644295271,-0.34134914130525074,0.3602816969589309
CP013,Tsugaru Strait,2021-07-01,-0.10732649899826587,-1.0871697335592767,0.6764740650550969,-0.003262127655328405,-0.2639710970187482,0.2431306841319259
CP014,Luzon Strait,2021-07-01,-0.09332141847622481,-1.468361050812549,0.9089175964294066,-0.00646848071992258,-0.22952739451007304,0.2088515639626717
CP015,Lombok Strait,2021-07-01,0.03628593304885426,-2.040524436919828,2.335385722554553,-0.010227296723971808,-0.26277360471082933,0.25674640541423294
CP016,Ombai Strait,2021-07-01,-0.07341013220287228,-0.8183597226762228,0.6296617799713774,-0.0161329347826385,-0.1814865384539446,0.15450600549338012
CP017,Bohai Strait,2021-07-01,-0.06021283300638821,-0.8965620125426589,0.7190197523560328,0.002861488505206264,-0.3192515638062345,0.3450047893979714
CP018,Torres Strait,2021-07-01,-0.022210890257846835,-2.048749781937949,2.173796244480214,-0.0068925734125398815,-0.2689984003807538,0.27623821398854964
CP019,Sunda Strait,2021-07-01,-0.06434682896891117,-2.105305667008093,2.0224551263874946,0.0005069907300243692,-0.2917950015230817,0.29306352666986973
CP020,Makassar Strait,2021-07-01,0.02363227876398637,-1.7449931895026298,1.825264633056464,-0.00950317428387392,-0.2579963231302966,0.2614681131446429
CP022,Yucatan Channel,2021-07-01,-0.012107641090407321,-1.6165103349861585,1.293323884220655,-0.008254484086832646,-0.2286569246390785,0.19230367854898453
CP023,Windward Passage,2021-07-01,-0.138194584683441,-0.850249639022611,0.681105295257946,0.005716059834756096,-0.35730391443271065,0.3711515502480718
CP024,Mona Passage,2021-07-01,-0.13272623466862807,-0.8405837969665564,0.6571113978586172,-0.02411198476615395,-0.1467983584973278,0.10984846957576547
CP027,Mindoro Strait,2021-07-01,0.08629648592413186,-1.1562817454637142,1.1576313315776625,-0.023542754560037536,-0.15107670862978795,0.10905936620493835
CP001,Suez Canal,2021-08-01,0.015296840568685839,-1.5283637124597254,1.548004504237767,-0.0024286404214480706,-0.22890781294417378,0.22067619484489176
CP002,Panama Canal,2021-08-01,0.0375435455278311,-1.5809917573210333,1.6057430014299254,0.0016923679361936074,-0.2576848667529655,0.26916791793504097
CP004,Bab el-Mandeb Strait,2021-08-01,-0.08334007034749547,-1.7165785062572692,1.3656912550412421,-0.009338363605537173,-0.20153972811478205,0.16802012574725791
CP005,Malacca Strait,2021-08-01,-0.08186137201241488,-2.3601709818763807,2.0722563058308805,-0.0030748786013728817,-0.22059259277385376,0.21533406172644481
CP006,Strait of Hormuz,2021-08-01,-0.1761772831908283,-2.1519553553293402,1.6354764030236253,-0.012381254025908641,-0.1599360638837961,0.12222439842013934
CP007,Cape of Good Hope,2021-08-01,-0.005102414265365897,-0.8950862267261281,0.8488609279016144,-0.014156600819639455,-0.18319763879106615,0.1311955490513441
CP008,Gibraltar Strait,2021-08-01,0.09004387394514289,-2.263556504892588,2.254849851416909,0.001110604063015515,-0.25295761946976125,0.26111740861688293
CP009,Dover Strait,2021-08-01,-0.08802174059115088,-1.0013523641995947,0.7050791846116935,-0.007145638135919105,-0.19159681998790795,0.19476350512174978
CP010,Oresund Strait,2021-08-01,-0.10279493201468767,-0.9991404878770823,0.6889338938622477,-0.00906023940794113,-0.1807701462597139,0.14747227079738634
CP011,Taiwan Strait,2021-08-01,0.4400354792409319,-2.9704887155363897,3.6669292217826914,0.003466462697716212,-0.2907227192384884,0.2946054912822803
CP012,Korea Strait,2021-08-01,0.03817708504875812,-1.7118919610585188,2.0943522055336508,-0.0003086344527846402,-0.24661327389947138,0.24942828278999482
CP013,Tsugaru Strait,2021-08-01,0.033040674284809474,-1.8125519284243166,1.93976835073276,0.0013002023789388643,-0.2565182482916931,0.26643815870957127
CP014,Luzon Strait,2021-08-01,-0.10332319132896846,-1.1214401476440437,0.84467023316545,-0.0003465531114259371,-0.24177933404374063,0.24223251612894314
CP015,Lombok Strait,2021-08-01,0.016060739350094673,-1.886058934608878,2.0520764589121883,-0.0039754345756152845,-0.2645731046201246,0.2790803062305611
CP016,Ombai Strait,2021-08-01,-0.08009001462402632,-0.7989534191912404,0.6844332760762613,-0.011159108825704884,-0.1814070879743216,0.16475775247796706
CP017,Bohai Strait,2021-08-01,-0.10174020474321319,-0.8935384886223575,0.7297901758312054,0.009289836120271367,-0.3533934275381236,0.37405881618126996
CP018,Torres Strait,2021-08-01,-0.12343071634684566,-0.8982538284311471,0.6848645031553253,-0.002620706261444826,-0.2739086548556187,0.2944181685885644
CP019,Sunda Strait,2021-08-01,0.09561188555128163,-1.4534027840388357,1.9485393888242974,0.006493117228926895,-0.30614052624944355,0.3284734777621948
CP020,Makassar Strait,2021-08-01,0.07530497852971019,-1.45546201238236,1.704840130088284,-0.0039754345756152845,-0.2645731046201246,0.2790803062305611
CP022,Yucatan Channel,2021-08-01,-0.04030953597852596,-1.5657905657442106,1.2608498130299879,0.0003988758808261035,-0.24844527444182163,0.2556001489811572
CP027,Mindoro Strait,2021-08-01,0.21508812344280215,-1.2546286422976514,1.7536082196080456,-0.012504894226410788,-0.18537505256792722,0.1612397225757761
CP001,Suez Canal,2021-09-01,-0.019106108412679308,-2.114317171687575,1.868251786292715,0.0005593386324472268,-0.18033666369310258,0.18020199117270955
CP002,Panama Canal,2021-09-01,-0.003886785903033919,-0.9935075981766603,1.1122642754288945,0.006380383530846562,-0.21268308923061469,0.23074576885118234
CP004,Bab el-Mandeb Strait,2021-09-01,-0.12137946136649742,-2.175061385287404,1.654639909659658,-0.0032410091187800396,-0.17597981954574649,0.15266360935866088
CP005,Malacca Strait,2021-09-01,-0.1601386172949862,-2.439566260127857,2.015712904760765,0.006853708465615568,-0.211159975025044,0.23170133679807492
CP006,Strait of Hormuz,2021-09-01,-0.20905796220285341,-2.4950010638672224,1.8894948519466936,-0.005501732120803632,-0.1399642097334803,0.11601218392471024
CP007,Cape of Good Hope,2021-09-01,-0.03258723555669155,-0.7870688016802729,0.716236776086859,0.012161963729747493,-0.2679707487784225,0.3044219517902185
CP008,Gibraltar Strait,2021-09-01,0.11026598535711166,-2.7031767150697195,2.9133208035119456,0.006853050106146746,-0.21115370566063216,0.23169136489659894
CP009,Dover Strait,2021-09-01,-0.11576763409696278,-1.4517823431503485,0.8891262733082194,0.0033306920755999817,-0.19412949289824658,0.2127144866414203
CP010,Oresund Strait,2021-09-01,-0.1006923746423886,-0.8254532265314386,0.6387447239621038,-0.007821813214041344,-0.16041352317385185,0.1379575312911832
CP011,Taiwan Strait,2021-09-01,0.21496822376099609,-2.4202966571328206,2.55829307022117,0.007831796373284539,-0.2250998037060897,0.2427372427354226
CP012,Korea Strait,2021-09-01,0.11255262222801235,-1.2563947237068487,1.6774394056586686,0.0031252861402330176,-0.2028476215431375,0.2054512255410839
CP013,Tsugaru Strait,2021-09-01,0.059171046610869235,-1.6645627156032186,1.927268458443805,-0.0017115200886293953,-0.1951232121287473,0.17202222792640742
CP014,Luzon Strait,2021-09-01,0.027375048426116242,-1.7617231418465087,1.9854022724742564,0.0012838478206416207,-0.17046394841368856,0.17331455973926715
CP015,Lombok Strait,2021-09-01,-0.09537113990567883,-0.9005970549423762,0.696123029758939,0.0016882483163803302,-0.23910870738213771,0.24012343576555933
CP016,Ombai Strait,2021-09-01,-0.032873433037709496,-0.871417987494276,0.7635305220035303,-0.011843379862751417,-0.12456705203996539,0.10911956520804844
CP017,Bohai Strait,2021-09-01,-0.10523231632293642,-1.179243956135264,0.7937452571135961,0.020318696336735803,-0.3665617543438513,0.41231733041037794
CP019,Sunda Strait,2021-09-01,0.04739682133093402,-1.9384501961583855,2.006298531296706,0.012766564508360737,-0.2768319102575148,0.3119853530354145
CP020,Makassar Strait,2021-09-01,0.015666512435619874,-1.9722249966926964,2.044020749291352,0.0016882483163803302,-0.23910870738213771,0.24012343576555933
CP022,Yucatan Channel,2021-09-01,-0.06651651818070536,-1.051200306661282,0.7836702871550081,0.002553661792002698,-0.19060854041470018,0.19370550768501646
CP027,Mindoro Strait,2021-09-01,0.08963684279463861,-1.4269171985397504,1.8568828239784452,-0.0067929979643084224,-0.15521886213215633,0.13162912526169862
CP001,Suez Canal,2021-10-01,0.09611426372779541,-1.05733970574422,1.3818867309967708,0.005295996714492133,-0.12858165643972627,0.12462595857957452
CP002,Panama Canal,2021-10-01,0.058103619104501396,-1.5140643210317373,1.6589035327283441,0.006788142855218966,-0.14612089946318807,0.1463746775529724
CP004,Bab el-Mandeb Strait,2021-10-01,-0.03693241592346365,-2.694749685776299,2.3487326691947654,0.006332455192127278,-0.12431010753921522,0.12623924921764199
CP005,Malacca Strait,2021-10-01,-0.16171387373477558,-2.1994067290536896,1.6745505080926517,0.00573886890867992,-0.11312699825500974,0.11863878645416386
CP006,Strait of Hormuz,2021-10-01,-0.06551509287292104,-2.3924949777143554,2.0574179483473602,0.004520809964048343,-0.09828591562239893,0.101535288084376
CP007,Cape of Good Hope,2021-10-01,0.040997547116355386,-2.3073003639515974,2.466147551507933,0.0057613415567599234,-0.14054503455385933,0.13744220660198272
CP008,Gibraltar Strait,2021-10-01,0.16961747248527315,-2.9869904517223085,3.333778634334518,0.008978544821296583,-0.12758102843869934,0.1380411030395711
CP009,Dover Strait,2021-10-01,-0.10541498680370644,-1.5425108982921802,1.366401269227954,0.008248157963820862,-0.13481048843356191,0.1451849366625129
CP010,Oresund Strait,2021-10-01,-0.11670423344125067,-0.8652195800466485,0.6976860161035892,-0.0012991245111400559,-0.11211907614319093,0.13743767932393194
CP011,Taiwan Strait,2021-10-01,0.34506576242969583,-2.3327883189606067,2.662766202319446,0.01609663532077276,-0.18878378510919014,0.2221609713431279
CP012,Korea Strait,2021-10-01,-0.031963129499561455,-1.00743229010679,0.8009426249675059,0.01268930549748845,-0.15804775782208222,0.18297473285213367
CP013,Tsugaru Strait,2021-10-01,0.08954217545107081,-1.5966280467017373,2.0762944255461973,0.009603433647511702,-0.1609984754313078,0.164552818053271
CP014,Luzon Strait,2021-10-01,-0.006006978609095815,-0.9209750335624883,0.7922779269716057,-0.0007324899474166601,-0.11984407231902024,0.13031018897544583
CP015,Lombok Strait,2021-10-01,-0.021366749461158217,-0.9022061980978325,0.7564957453471776,0.0016648505351463756,-0.12720732077840982,0.1254461055704323
CP016,Ombai Strait,2021-10-01,-0.09073200299183097,-0.8391378702312295,0.6859854603424665,-0.00700184649841334,-0.16864486477260313,0.18147893851393068
CP017,Bohai Strait,2021-10-01,-0.08123604403396124,-0.8966251520581281,0.6903723777571681,0.0235117659831275,-0.27786036643226564,0.3287778751334261
CP019,Sunda Strait,2021-10-01,0.07689205087435877,-1.7470810692104608,2.0324125540404694,0.018084201354041377,-0.20968771302931752,0.24894788572577342
CP020,Makassar Strait,2021-10-01,0.06657506610012101,-1.5327056532482577,1.8037489508861884,0.009597450115545912,-0.18818324439331713,0.1885221211282978
CP022,Yucatan Channel,2021-10-01,-0.10508732442885989,-1.0047114207984313,0.7400765422394278,0.00979506094593299,-0.15058675063804153,0.15749280794526668
CP027,Mindoro Strait,2021-10-01,0.10218158654437658,-1.4022726933466287,1.8210589077250297,-0.007333589793397373,-0.1742034113564014,0.18465896907517604
CP001,Suez Canal,2021-11-01,0.06163285297401186,-2.122791200015512,1.874251952073705,0.014488609034054488,-0.099686099628104,0.12637281209666587
CP002,Panama Canal,2021-11-01,0.05990546486342518,-1.467807297263794,1.7655421153035133,0.010103383655058449,-0.16240702409943167,0.1796353997203775
CP004,Bab el-Mandeb Strait,2021-11-01,0.09094350442025173,-1.1781123418564534,1.628941491837223,0.022089304536552553,-0.12859016378970822,0.17433425375880032
CP005,Malacca Strait,2021-11-01,-0.02144589850855201,-2.2418750248823076,2.119068793380221,0.01290230538902172,-0.10415916910863347,0.1346055287361455
CP006,Strait of Hormuz,2021-11-01,0.02045091672871036,-0.8383082536149348,0.8620340696616088,0.01677248526934637,-0.0962838052142005,0.13213307318460904
CP007,Cape of Good Hope,2021-11-01,0.003515805113355274,-2.2752968042489043,2.2899950390402912,0.013011191734797553,-0.1368903553073499,0.15603924769094407
CP008,Gibraltar Strait,2021-11-01,0.3138541690543141,-3.246575788335864,3.5536612966872725,0.015632590903701896,-0.08568344535388879,0.12172394222408955
CP009,Dover Strait,2021-11-01,-0.09548619843426773,-1.704052394833787,1.2594877400701676,0.010052144521529945,-0.09766465257030442,0.14283783917799941
CP010,Oresund Strait,2021-11-01,-0.09438389019112453,-0.8436972969021266,0.672905350219146,-0.0004101801903280566,-0.19956405323181609,0.22531306287893854
CP011,Taiwan Strait,2021-11-01,-0.024147748636724704,-1.5280166576127154,1.4231532048497653,0.014159987689365888,-0.0773980102323416,0.11230892610684438
CP012,Korea Strait,2021-11-01,0.008908270858340226,-1.0614608159483003,0.8038502745896009,0.01673585050880328,-0.1116325440621397,0.1363715736966047
CP013,Tsugaru Strait,2021-11-01,-0.006199471833669399,-0.9919366640147403,0.8341853182542098,0.01435926688870784,-0.12067634619618037,0.1386323999419553
CP014,Luzon Strait,2021-11-01,0.03505430852293559,-1.1814574188023979,1.4148633441073073,0.013254219432561234,-0.11731921886360658,0.13717893944599502
CP015,Lombok Strait,2021-11-01,-0.05418972326109146,-0.7971190777251919,0.7376295586031912,0.013468945852360316,-0.14952505558455095,0.1554959610668027
CP016,Ombai Strait,2021-11-01,0.034705909372915414,-0.983727580429711,0.9207194091899598,-0.0030237497995603286,-0.23472239298029918,0.25438304220053803
CP017,Bohai Strait,2021-11-01,-0.0006735830647093068,-0.8988091994084457,0.7123773735005038,0.02902927567617596,-0.21309964414325236,0.27673169444843726
CP019,Sunda Strait,2021-11-01,-0.003584976713918326,-1.879741728428072,1.8970850329308389,0.019661800299499703,-0.1299867365865557,0.1589519089149656
CP020,Makassar Strait,2021-11-01,0.02684796784573809,-1.747711421491777,1.9544815791602106,0.013468945852360316,-0.14952505558455095,0.1554959610668027
CP022,Yucatan Channel,2021-11-01,-0.02402038985084852,-1.7906037204531982,1.6167203317443244,0.01094039248593834,-0.14907166382304918,0.16554713838586246
CP027,Mindoro Strait,2021-11-01,0.08218001487906501,-1.796203212591221,2.039341565768888,-0.002360601805734857,-0.2197636145759441,0.24400252002218475
CP001,Suez Canal,2021-12-01,0.061269530946273076,-1.5345605937658051,2.0426582407338487,0.02290989759877685,-0.09547474986172827,0.13857583896591708
CP002,Panama Canal,2021-12-01,0.016676168175794436,-1.1815053598219334,0.9818190012725275,0.007912769289700266,-0.2685294115911393,0.268879113033356
CP004,Bab el-Mandeb Strait,2021-12-01,-0.11691458445643185,-0.9456653598401014,0.6537640809548042,0.014618229777869866,-0.15270867083157635,0.18307996497821957
CP005,Malacca Strait,2021-12-01,-0.13516927086828215,-1.6186140289819735,1.2215259413721544,0.010394782005625,-0.19747900714957853,0.20749406266230938
CP006,Strait of Hormuz,2021-12-01,-0.12493137691192568,-2.0489763045990457,1.6169670070175377,0.009834798187888395,-0.17068626145064072,0.19548484663720783
CP007,Cape of Good Hope,2021-12-01,-0.0714186708131251,-0.8459894224693971,0.7577599812554752,0.01969575410515967,-0.10661207589066946,0.1412840264964456
CP008,Gibraltar Strait,2021-12-01,-0.01697089994254352,-1.9388348000384952,1.7597410116631163,0.018454855779549903,-0.09065015349299763,0.1395477174969603
CP009,Dover Strait,2021-12-01,-0.02296447064742682,-1.6875665110560254,1.3393816423611382,0.014500206953226758,-0.12121443677888313,0.17224776187597854
CP010,Oresund Strait,2021-12-01,-0.07954474724265832,-0.9304445859942152,0.7199426722356399,0.007968224969155856,-0.17226826352918018,0.20887300585564997
CP011,Taiwan Strait,2021-12-01,0.6843222475135418,-2.4056807040747374,3.4101921243253948,0.01727756589365892,-0.1156036715453762,0.15215804923742177
CP012,Korea Strait,2021-12-01,0.015371566219973253,-1.783613221151945,2.0794147717331044,0.02688466124668079,-0.12296247290566649,0.16610458908338177
CP013,Tsugaru Strait,2021-12-01,-0.00610992235685521,-1.8901986233994368,1.831293771426795,0.020315786476381128,-0.10943184235778457,0.14203630275352075
CP014,Luzon Strait,2021-12-01,-0.041542732176912685,-2.1913127312363314,2.295494076638061,0.011644068361791948,-0.16924287567023727,0.18574981454035705
CP015,Lombok Strait,2021-12-01,-0.009562597336093053,-0.7796974746916725,0.7073112354224321,0.0144333336051384,-0.15608189926380378,0.20431301992204706
CP016,Ombai Strait,2021-12-01,-0.07058907692233798,-0.8055004380606164,0.6893357060723264,0.00189385610671293,-0.24785565789614872,0.26275616495057397
CP017,Bohai Strait,2021-12-01,0.014260974320587424,-1.044271061827459,1.1414205989708572,0.029878336909141358,-0.1488235581558981,0.19474927965074273
CP019,Sunda Strait,2021-12-01,0.01834782480419682,-1.897526466193943,2.049942836764258,0.021508641560315525,-0.11096637013916191,0.14717062911010653
CP020,Makassar Strait,2021-12-01,0.07283931804736776,-1.5189619769389848,1.8514340206098676,0.014843045460670402,-0.15232239716626075,0.19962175260895218
CP022,Yucatan Channel,2021-12-01,-0.08869306076387862,-1.0869102876241228,0.7801816208624556,0.013302353373315975,-0.18769964734685793,0.2125445144710912
CP027,Mindoro Strait,2021-12-01,0.09647450183170159,-1.548403682937548,1.8086535941405992,-0.0009865021974247892,-0.28387967129134417,0.2941278866877665
CP001,Suez Canal,2022-01-01,-0.05324511188323178,-0.9586236886728642,0.7420117377666514,0.017335767375240067,-0.11606020580154712,0.16064109539728136
CP002,Panama Canal,2022-01-01,-0.07714155246419681,-0.8049582760006344,0.6629129755619163,0.011826170073048132,-0.2175935910348052,0.22200939375310583
CP004,Bab el-Mandeb Strait,2022-01-01,-0.004282388157282597,-1.813944119593227,1.8311291111667092,0.01388090578319547,-0.1483287162128895,0.17818759054143787
CP005,Malacca Strait,2022-01-01,-0.11301153999023285,-1.3580233928378913,1.1449989725185992,0.0020348156136877618,-0.3162343950652938,0.2890861792023702
CP006,Strait of Hormuz,2022-01-01,-0.07680351704255874,-2.0787966881483815,1.7642774434483426,0.009664371376562678,-0.17865949162338352,0.20928604076308632
CP007,Cape of Good Hope,2022-01-01,-0.08278350317515985,-1.029540644656715,0.7117219136440989,0.018354278736237208,-0.1352694274668324,0.17067098111216014
CP008,Gibraltar Strait,2022-01-01,0.13066325786237798,-2.0449337733826476,2.157839102281827,0.015279789047542848,-0.12407898951072734,0.17223798876642754
CP009,Dover Strait,2022-01-01,-0.1672165068788302,-1.5366103460510485,1.006590839996175,0.013414009495110108,-0.1447795686044726,0.19114285551341328
CP010,Oresund Strait,2022-01-01,-0.1126915499641974,-0.8808011291481065,0.6715993489958139,0.006938654196068207,-0.22074027289225745,0.2558441693234186
CP011,Taiwan Strait,2022-01-01,0.028946124912298275,-1.6792542636100467,1.3955334874916498,0.008543786080019334,-0.22082345538551873,0.21539827233214753
CP012,Korea Strait,2022-01-01,0.06761196413516403,-1.1707017502081971,1.1091066799448221,0.017938837530861812,-0.15315065773863612,0.18850882935345387
CP013,Tsugaru Strait,2022-01-01,0.04552354827708934,-1.782294484718264,2.063048773869715,0.019618618403730873,-0.13238155894334186,0.17344504966213387
CP014,Luzon Strait,2022-01-01,0.03783897384741471,-1.3058069348570174,1.2254236596147106,0.0031783755241412285,-0.31420679395872947,0.2829826343096784
CP015,Lombok Strait,2022-01-01,0.03963163395796957,-2.0041219795825875,2.190003957453592,0.002669005062365152,-0.2580247147876035,0.2741517391344705
CP016,Ombai Strait,2022-01-01,0.05589969995195928,-2.051576926485522,2.3263841101876768,-0.006377404089321731,-0.3939215498038838,0.3696727474223189
CP017,Bohai Strait,2022-01-01,-0.03748502767947305,-0.8977159865234312,0.8044064449118572,0.021781790018674568,-0.10798806334684126,0.15082865654531907
CP019,Sunda Strait,2022-01-01,0.05090788978041373,-1.8105741638858983,2.1381336528894206,0.01538357759879541,-0.1834054199217954,0.21434230598211054
CP020,Makassar Strait,2022-01-01,0.07977908944959633,-1.6361587082400018,1.891601067962387,0.015416958348653741,-0.14786201438983063,0.21175686126154677
CP022,Yucatan Channel,2022-01-01,-0.10537494160509626,-0.8317379541311941,0.6139316109044943,0.010552053799839029,-0.2340250237646428,0.23244637826863596
CP027,Mindoro Strait,2022-01-01,0.20652795584710282,-1.1373389814185213,1.522515494615459,-0.0004125893094414664,-0.3044506230863232,0.30014575424999085
CP001,Suez Canal,2022-02-01,0.051001584343342954,-1.6346842025099975,1.9324645713866475,0.011413231926622787,-0.1350496236395688,0.1713992281691184
CP002,Panama Canal,2022-02-01,-0.043954530294929836,-1.0711842369253206,1.0127296403393544,0.007784483516629941,-0.2064769667350816,0.20669382261115546
CP004,Bab el-Mandeb Strait,2022-02-01,-0.15961798009112332,-1.2048134492192402,0.6534668568850767,0.007958370334578095,-0.17213884933577212,0.18989046565995465
CP005,Malacca Strait,2022-02-01,0.02236117498087184,-1.6915765858271241,1.3241818604300983,0.001046377350497948,-0.27644512892749634,0.2549555384995954
CP006,Strait of Hormuz,2022-02-01,-0.10128938985530908,-1.7153000813124173,1.339953188877729,0.001923110374621727,-0.23768789809214394,0.23769972815727586
CP007,Cape of Good Hope,2022-02-01,-0.1406197436288551,-0.8922023268705649,0.6981801953705965,0.02292437243199345,-0.11628380380369885,0.15295830531738808
CP008,Gibraltar Strait,2022-02-01,0.39653237954900383,-2.313092515874963,2.8069326134355665,0.010813380664412108,-0.138456268795124,0.17720042043035888
CP009,Dover Strait,2022-02-01,-0.11558217444362731,-1.5462882530392148,1.0486901854438724,0.007711023845320929,-0.1718781239489181,0.20374524501519312
CP010,Oresund Strait,2022-02-01,-0.07077044193926399,-0.8397815136837138,0.732746548560407,0.003531367995827544,-0.2552895187111161,0.23490273503650286
CP011,Taiwan Strait,2022-02-01,0.23650244313292165,-1.4096310081833032,1.8153188413709231,-1.2050542929788799e-05,-0.2973345102586055,0.268193764949051
CP012,Korea Strait,2022-02-01,-0.011432065595465,-1.0662078872914746,0.8620731108388302,0.003708733776687075,-0.25386882489496854,0.23349493660610543
CP013,Tsugaru Strait,2022-02-01,0.06486881110687623,-1.7453564943459292,2.1364208600877874,0.015264473539260201,-0.13899479628035336,0.17504059275766148
CP014,Luzon Strait,2022-02-01,-0.0581454866854709,-0.8565716930922778,0.675966019177284,0.0076474888796531195,-0.18513605311224754,0.1933287765874738
CP015,Lombok Strait,2022-02-01,-0.0068392670970874835,-2.101847894927036,2.179668677802866,-0.0036976991412038755,-0.3028104076600747,0.28483509446173166
CP016,Ombai Strait,2022-02-01,-0.022876553051784203,-0.7054477219442271,0.698744765535905,-0.005337684371962595,-0.32704559665009586,0.3092218505849982
CP017,Bohai Strait,2022-02-01,-0.1684498247245447,-0.9097833194081211,0.639024767926965,0.018503944506835724,-0.10592251754968476,0.14796037929453468
CP019,Sunda Strait,2022-02-01,-0.10789575764103619,-0.951367264950272,0.6857602712537401,0.009850600343387294,-0.1955085986779097,0.20989346262693306
CP020,Makassar Strait,2022-02-01,0.026585139459476298,-1.9180833530496009,2.034051835341033,0.009076029335663293,-0.18789841386371103,0.21814779241207696
CP021,Magellan Strait,2022-02-01,-0.10374614870031422,-0.8351379415193354,0.694492702477449,0.01937281734156765,-0.10329519376508221,0.14504277803740956
CP022,Yucatan Channel,2022-02-01,0.05336914662714061,-1.551873462291225,1.8711861905054539,0.007470645532158317,-0.19870814280045598,0.19604452964917132
CP027,Mindoro Strait,2022-02-01,0.016543686164077493,-0.8213525992850661,0.7748337123010277,-0.002517051512650817,-0.2875006428784845,0.27375376119164313
CP001,Suez Canal,2022-03-01,0.07883424764711185,-1.8284026856006943,1.7179196116351656,0.0012099063688330856,-0.16946968344882896,0.1625098441725792
CP002,Panama Canal,2022-03-01,-0.0756632166669137,-1.1221682201944458,0.7478365959927217,0.004632196213933566,-0.14232424234924881,0.16086946709873307
CP004,Bab el-Mandeb Strait,2022-03-01,-0.13214404498544347,-1.6088364857890014,0.9872831490738118,-0.0008630105863935682,-0.19345019373936903,0.17996532084321148
CP005,Malacca Strait,2022-03-01,-0.1421950521425237,-1.8096446121523597,1.193893824822137,-0.0035942395644526044,-0.20685828593233163,0.18946709891632588
CP006,Strait of Hormuz,2022-03-01,-0.1336789516346516,-2.2683897697000983,1.8850976859993844,-0.005330025986361184,-0.22328032795460476,0.20265430639773802
CP007,Cape of Good Hope,2022-03-01,0.00510708503200462,-2.5069350083622646,2.613081717568641,0.0015222651618957144,-0.18079180899236322,0.17442877441314333
CP008,Gibraltar Strait,2022-03-01,0.27108421595509236,-2.8509535039369456,3.072325250583328,0.005414135295746358,-0.12388538142018386,0.14482588331048524
CP009,Dover Strait,2022-03-01,-0.09658094009473966,-2.17493092036505,1.8693861646498535,0.0004932389515008558,-0.17363083424453055,0.1778997460902681
CP010,Oresund Strait,2022-03-01,-0.06673883138500383,-0.9459975975987202,0.7233980631361535,-0.003949167289175927,-0.20999497947052442,0.19479571725108877
CP011,Taiwan Strait,2022-03-01,0.07067025455493585,-1.8774132309400284,1.888361123634697,-0.0032910381659810705,-0.21192808043431052,0.19234217318969313
CP012,Korea Strait,2022-03-01,0.0658856982700468,-1.8338370225003524,2.0402898115443424,0.002245630954304656,-0.19147721083066258,0.19835725908524343
CP013,Tsugaru Strait,2022-03-01,0.007698852099697193,-1.881662608424084,2.1612153996607715,0.003884372895321162,-0.16493340337414725,0.1770012718894782
CP014,Luzon Strait,2022-03-01,-0.07730763983838648,-0.810434109473084,0.703863859402606,-0.0007699251478704051,-0.1749483535672436,0.17131975337576313
CP015,Lombok Strait,2022-03-01,-0.024153999036193457,-2.0910737282760534,2.054439326282915,-0.009778858872270675,-0.28371613626959685,0.25129973722583804
CP016,Ombai Strait,2022-03-01,-0.044628707478448645,-0.7643857052693991,0.6821313172947561,-0.011678836902550801,-0.3001391911396798,0.2739551872556501
CP017,Bohai Strait,2022-03-01,-0.09531045328092964,-0.7904801850576023,0.6196818080284032,0.0032623565606543616,-0.13489306724190525,0.14771275904845482
CP019,Sunda Strait,2022-03-01,-0.010380086511388761,-2.336429700277609,2.4484528406188706,0.008388010376086674,-0.11925984216857258,0.14046657966478765
CP020,Makassar Strait,2022-03-01,0.11626264935941975,-1.5465290728163148,1.960209747312358,0.0031990548425919925,-0.17077969113574482,0.20051047449304255
CP022,Yucatan Channel,2022-03-01,-0.006604852789723005,-1.7489347575822543,1.8440525289802712,-0.0046959300846085,-0.2780088862242202,0.2630611566325804
CP027,Mindoro Strait,2022-03-01,0.18527821180154846,-0.9154844065025999,1.3817131332785302,-0.012630492815503111,-0.31785829318123043,0.2827843873666857
CP001,Suez Canal,2022-04-01,0.13520461385909116,-2.1715358348922034,2.3401307770982744,-0.0025879489554575443,-0.10232292297984509,0.09573352704556004
CP002,Panama Canal,2022-04-01,0.06868157090667733,-1.5670996856632504,1.974581338877897,-0.00499198083348878,-0.1450695465372486,0.15399120424081308
CP004,Bab el-Mandeb Strait,2022-04-01,0.05113215238256675,-1.2681770811171915,1.4350809139881,-0.0030411574916332867,-0.1008026643685084,0.0982261407851984
CP005,Malacca Strait,2022-04-01,-0.04395920316840962,-2.2894121049724263,2.193285917578945,-0.015089030947145447,-0.23203505567559513,0.20768306467876596
CP006,Strait of Hormuz,2022-04-01,-0.20030691535391787,-3.7836355733325187,3.195931444822451,-0.008820277784728039,-0.14575030952783702,0.13254216332863197
CP007,Cape of Good Hope,2022-04-01,-0.0862636169906447,-0.8112960488331022,0.7136333299246257,0.004349748777195709,-0.14897362149306448,0.12734898051400206
CP008,Gibraltar Strait,2022-04-01,0.21932745651161667,-2.2561092096296926,2.5938394789167925,-0.0014203141108357097,-0.11337759242575153,0.10101211225525718
CP009,Dover Strait,2022-04-01,0.12428999284354499,-2.058481656110736,2.219663608770195,-0.004222695768393129,-0.12084424003028792,0.12343739299744165
CP010,Oresund Strait,2022-04-01,-0.07486192196528266,-0.8422128593318242,0.6510437229272726,-0.010595322639273945,-0.17142542240544545,0.15934409759817506
CP011,Taiwan Strait,2022-04-01,0.4201047757564419,-2.0109865260148276,2.7355421540158007,-0.007331261888024205,-0.13044880825917246,0.12152633400265177
CP012,Korea Strait,2022-04-01,-0.03561767191700776,-0.7688240221200261,0.6925767940065115,-0.002205755308502347,-0.10467187602717173,0.10406659242280554
CP013,Tsugaru Strait,2022-04-01,-0.025384967492984047,-2.243662720105613,2.072582932221972,-0.0028218167649946076,-0.13274655658295886,0.13948433226221058
CP014,Luzon Strait,2022-04-01,-0.08241870517115588,-0.9584033405593746,0.6954308664196265,-0.01599769855745594,-0.22936259151398805,0.18931648522992225
CP015,Lombok Strait,2022-04-01,0.009248064788782012,-2.107661487494304,2.148822584479517,-0.016206211206962782,-0.23300360194784786,0.1971834447965453
CP016,Ombai Strait,2022-04-01,-0.04534206210153267,-0.818015395882505,0.7625056941625491,-0.016658792099746824,-0.23743500629789696,0.19944321025320727
CP017,Bohai Strait,2022-04-01,-0.11970043098098884,-0.8152129675949609,0.6034403490157552,-0.0031977944605668454,-0.10007056487189338,0.09645469387974454
CP018,Torres Strait,2022-04-01,-0.10603998808488035,-0.9317711355009188,0.7252698772644057,-0.0017830444048751014,-0.15263495054643197,0.16257860284519124
CP019,Sunda Strait,2022-04-01,0.011765161060685122,-2.0354399638382783,2.081431518093964,-0.0035179297505139474,-0.13220369043243782,0.13474970498084082
CP020,Makassar Strait,2022-04-01,0.03440558443264583,-1.8783512134646556,1.9942122650600709,-0.0037687094756022246,-0.1635785593210502,0.17738422360224443
CP022,Yucatan Channel,2022-04-01,0.0023243391519453564,-1.7859916245382206,2.0127045347829013,-0.01017427322157733,-0.2093105388505363,0.20551326825058128
CP027,Mindoro Strait,2022-04-01,0.14876256400369506,-0.9890051076432362,1.4529300996758348,-0.01913166125728898,-0.2689634169762231,0.22835688470154844
CP001,Suez Canal,2022-05-01,0.007957388480397167,-2.1811508349358446,1.9087995418444141,-0.014113195529849182,-0.10963410552789685,0.0770198172513406
CP002,Panama Canal,2022-05-01,-0.062360292666516805,-1.0654793032502867,0.7472297598167646,-0.013438500176738475,-0.1331140171572329,0.12568569444535863
CP004,Bab el-Mandeb Strait,2022-05-01,0.023365618593366434,-1.2406571843374432,1.3479211661641604,-0.010183290468884876,-0.12626149089042585,0.08762662105861713
CP005,Malacca Strait,2022-05-01,-0.05420138123774991,-1.833851011317102,1.5870530928867355,-0.010527907936180797,-0.12522748820111723,0.08280551620643745
CP006,Strait of Hormuz,2022-05-01,-0.15521008061015631,-3.5791494234870282,2.8150586908898863,-0.013576947340271582,-0.11350016716229219,0.0802909929427811
CP007,Cape of Good Hope,2022-05-01,-0.006434109048235136,-1.91139148094481,1.937680900818803,-0.005119049207086987,-0.17381988318979993,0.12169037038774341
CP008,Gibraltar Strait,2022-05-01,0.21981964744500854,-2.6721730649288475,2.942070165758646,-0.013278827583725427,-0.113904812933372,0.07516344443318683
CP009,Dover Strait,2022-05-01,0.13692986242092287,-1.5616914460093199,2.1235936406923903,-0.009589210585757646,-0.14967142095246322,0.12387226436994753
CP010,Oresund Strait,2022-05-01,-0.09260675688045483,-0.816376568934495,0.6419693723949687,-0.018694474177078462,-0.15052276402261278,0.12272350522644114
CP011,Taiwan Strait,2022-05-01,0.1749012711322167,-2.1859844902643366,2.152278039172939,-0.011248418458459388,-0.12509535395846283,0.07673899148407037
CP012,Korea Strait,2022-05-01,-0.03567998769521796,-0.8911708040086486,0.8079980718885608,-0.012247697234151894,-0.12492129326370796,0.0808314461215195
CP013,Tsugaru Strait,2022-05-01,-0.005675968202416904,-1.9739772000177875,2.0781332524964724,-0.007822868184429572,-0.16423414315840149,0.1192552905680639
CP014,Luzon Strait,2022-05-01,-0.12621647909559922,-0.9283057426901294,0.6513699029661629,-0.01666333551698064,-0.12851979961572663,0.09603883579908715
CP015,Lombok Strait,2022-05-01,0.02205684786317263,-2.0136426624623716,2.098571117361799,-0.028140504446962453,-0.2660613834863428,0.20917243125946766
CP016,Ombai Strait,2022-05-01,-0.020763923351612933,-0.9116894224771356,0.86863558185191,-0.02507972526505214,-0.22392505065922988,0.17406019860057367
CP017,Bohai Strait,2022-05-01,-0.10777695898685831,-1.2244032834877,0.7339846444794779,-0.00800381173381211,-0.14560700678175334,0.10221783022523596
CP018,Torres Strait,2022-05-01,-0.032278986429079004,-2.2481572505863774,2.1024117154828508,-0.006408949114153779,-0.19415159191959405,0.17924326929096687
CP019,Sunda Strait,2022-05-01,-0.12245770215269333,-0.9302091696657783,0.6575603169345934,0.0016947838831601956,-0.2291522721929472,0.2033194332433413
CP020,Makassar Strait,2022-05-01,0.03123344895817619,-1.885505990626029,1.9412910399141012,-0.00880843021931775,-0.18608281329575865,0.17420732575424985
CP022,Yucatan Channel,2022-05-01,-0.11336067519194136,-1.1258444113553026,0.7431943533274147,-0.016861591649540257,-0.16529886049759995,0.14593504874120108
CP027,Mindoro Strait,2022-05-01,0.13472003662218357,-1.3009038046963046,1.8709713109854291,-0.01620878237827942,-0.1395973161328749,0.11776582215849339
CP001,Suez Canal,2022-06-01,-0.04608218138418797,-2.133612689021606,1.8150921684504977,-0.008735466492169625,-0.19518737364192218,0.16729381889814815
CP002,Panama Canal,2022-06-01,-0.0023919010809779523,-1.31058442150731,1.0869462272000705,-0.00890633286843997,-0.20168302913080502,0.15622224363963091
CP004,Bab el-Mandeb Strait,2022-06-01,0.05317789737960624,-1.3342347949085434,1.5033684195900074,-0.019920580896405762,-0.1453149445702608,0.10365943288483982
CP005,Malacca Strait,2022-06-01,-0.159093882489998,-2.2450013082711346,1.575175846616137,-0.009544388200521935,-0.18990101412459964,0.16635467565223877
CP006,Strait of Hormuz,2022-06-01,-0.19763728081877027,-3.1364007806599776,2.5359505138100964,-0.020566332984698635,-0.12410791927982899,0.08156161716997108
CP007,Cape of Good Hope,2022-06-01,-0.0891914334327602,-2.20924256262644,1.9259554685780826,-0.006583764385019696,-0.21249104831007518,0.18140887096042912
CP008,Gibraltar Strait,2022-06-01,-0.02477349617233706,-2.365776060033092,2.154158698425043,-0.008636311958018872,-0.1955174155865704,0.17228931664197303
CP009,Dover Strait,2022-06-01,-0.004747658832218258,-1.5777486518839676,1.2917539321915155,-0.015184502460263176,-0.15484961228996894,0.11902383854795605
CP010,Oresund Strait,2022-06-01,-0.0660879673012025,-0.7871437931335662,0.65285304332217,-0.020347446757041223,-0.12522454467575447,0.08042146140688751
CP011,Taiwan Strait,2022-06-01,0.26024774734239525,-2.2732719181423837,2.6591897397905155,-0.011517689249610939,-0.17579601263058237,0.13304752862405878
CP012,Korea Strait,2022-06-01,3.8290581044842395e-05,-2.039425627757841,1.9981357646622953,-0.01551935734562039,-0.15116439454578634,0.10520776254780055
CP013,Tsugaru Strait,2022-06-01,-0.06405926296684887,-0.7783879083399684,0.6373232916380392,-0.0049707544613538145,-0.23165631157701785,0.19955503968470145
CP014,Luzon Strait,2022-06-01,-0.05249462303766921,-0.8483651271957471,0.8556688136583748,-0.01211071478005373,-0.17607650868256472,0.12790949846004035
CP015,Lombok Strait,2022-06-01,-0.0034176816809728706,-1.7117061572933765,1.7934629462766098,-0.024090631050064374,-0.15961552266058993,0.11347720601078236
CP016,Ombai Strait,2022-06-01,-0.02840604783243998,-1.2266220178099818,0.7205496255012227,-0.022163221109163637,-0.13811449208176027,0.09526820526563498
CP017,Bohai Strait,2022-06-01,-0.12954564888959608,-0.910118044192528,0.6605304027575015,-0.007800242777706301,-0.2418087636648206,0.2341884609670559
CP019,Sunda Strait,2022-06-01,-0.016005301677211387,-2.006028068881989,2.0793433699265074,-4.1339850624526415e-05,-0.2733179776223096,0.26346176845744507
CP020,Makassar Strait,2022-06-01,0.019213540882579674,-2.1158288881476905,2.132773881552629,-0.01099026599782324,-0.24432966538182593,0.21901087884344803
CP022,Yucatan Channel,2022-06-01,-0.030614699356842093,-1.186332990769349,1.0045583502940958,-0.010274908306149334,-0.18938348689038226,0.14488790409138486
CP027,Mindoro Strait,2022-06-01,0.0705089436508652,-1.558613349668361,1.9255092973737895,-0.014663915062808008,-0.19839115678193914,0.17029853061547517
CP001,Suez Canal,2022-07-01,0.08279378247016393,-1.1139270874456264,1.4153871668198736,-0.006795352866416381,-0.2236754633803917,0.20769597217368793
CP002,Panama Canal,2022-07-01,-0.11129901718112394,-1.1778046147984886,0.7921170949721735,-0.009496040248559793,-0.22398867399582292,0.18523543851916674
CP004,Bab el-Mandeb Strait,2022-07-01,-0.10750090627715521,-2.6896506481310256,2.1025659553830374,-0.003470048584065408,-0.2540943694278914,0.25485902554707013
CP005,Malacca Strait,2022-07-01,-0.12316647606905526,-2.498985473451584,2.0011925402129593,-0.013335874623515542,-0.17668612230566227,0.1338335096031749
CP006,Strait of Hormuz,2022-07-01,-0.12249832161366195,-3.045264241956415,2.726619671048219,-0.010101337003183549,-0.20004742032794476,0.1960135552771463
CP007,Cape of Good Hope,2022-07-01,-0.06830699588063764,-2.180051608465085,2.0217849728156394,-0.008423484369441944,-0.22611247547111957,0.18967105333710998
CP008,Gibraltar Strait,2022-07-01,0.30726705502157997,-3.2517355863702972,3.550677793649347,-0.004972755065791565,-0.23998589881230753,0.23908492072704554
CP009,Dover Strait,2022-07-01,0.218243273633985,-1.9401918875520654,2.0606557421597715,-0.008752696623289929,-0.21574913086368896,0.22189195758655297
CP010,Oresund Strait,2022-07-01,-0.08242819060770423,-0.8287907664200326,0.6582809491097807,-0.014522302326807478,-0.16843124358425635,0.13997384602261964
CP011,Taiwan Strait,2022-07-01,0.41758437868629256,-2.4026384869431645,3.101111075830251,-0.006719597176631595,-0.225618893439677,0.20793817354179708
CP012,Korea Strait,2022-07-01,-0.09782255783516529,-0.9322179655848947,0.6643277966718802,-0.0016043604866519791,-0.27672187130555054,0.26227002045166964
CP013,Tsugaru Strait,2022-07-01,-0.12101970041079374,-0.83627592281862,0.6245466733972854,-0.00820134122383872,-0.22895790496337043,0.19290503284715158
CP014,Luzon Strait,2022-07-01,0.054923237222884135,-1.6827551464559292,1.8920020178308525,-0.008268526092450747,-0.21146692953638935,0.18663986412099243
CP015,Lombok Strait,2022-07-01,0.03019145528458824,-2.04410111273589,2.293223191935585,-0.022051017231617964,-0.15885223675492258,0.1242669329042758
CP016,Ombai Strait,2022-07-01,-0.04234603229102536,-0.7014270156446757,0.737579186146153,-0.02043707489555206,-0.1523845682226021,0.11264825058511255
CP017,Bohai Strait,2022-07-01,-0.11042728091442595,-0.9088797900986282,0.7032704268742082,-0.0030128239067624984,-0.27861714682567507,0.31080927549234866
CP019,Sunda Strait,2022-07-01,-0.032132444323832735,-2.125790081516224,2.0108934499154616,-0.00596238808381692,-0.24321039881175963,0.2171799012281109
CP020,Makassar Strait,2022-07-01,0.028638844635057278,-1.869655236549145,1.8779009565804226,-0.008893945618872153,-0.260879595632637,0.264762426843384
CP022,Yucatan Channel,2022-07-01,-0.01727929144010222,-1.9070461369736091,1.8730233504218192,-0.011078995014386753,-0.22274835694826617,0.1739559535275914
CP027,Mindoro Strait,2022-07-01,0.0742394199600027,-1.0072870818868456,1.195003063032494,-0.024723493276967257,-0.15155627365056606,0.10224989082005988
CP001,Suez Canal,2022-08-01,0.0990535545742919,-1.1165935932765945,1.5795807520238219,-0.00471889802665878,-0.20448062438284578,0.19615419091214067
CP002,Panama Canal,2022-08-01,-0.0663148702464705,-1.3882324931569348,0.9372625074925433,-0.00445107820178507,-0.21635503655485233,0.19725302581693585
CP004,Bab el-Mandeb Strait,2022-08-01,0.05281488232744297,-1.26608206543557,1.3025616308951955,-0.0035096964694322874,-0.21497065132417648,0.20521072005086127
CP005,Malacca Strait,2022-08-01,-0.09864587698361986,-2.465137048961527,2.079364874352447,-0.004946570355878148,-0.2033959362679896,0.1910753248778407
CP006,Strait of Hormuz,2022-08-01,-0.052674248578839976,-3.688353172157203,3.285678207467583,-0.004530618726619295,-0.20875770775201155,0.22016068558596483
CP007,Cape of Good Hope,2022-08-01,-0.039353160467722734,-1.9776554007190048,2.0664194604015225,0.005479181924098394,-0.29914453256620266,0.318407128824015
CP008,Gibraltar Strait,2022-08-01,0.40680962216928634,-2.923071877674027,3.587823549622794,-0.0025067011213849217,-0.22442490340838667,0.2280516318941585
CP009,Dover Strait,2022-08-01,-0.024407328140907583,-1.9080818151298953,1.4884769411970449,-0.004867501013293967,-0.21652268038409653,0.2355678331672588
CP010,Oresund Strait,2022-08-01,-0.06487843363238745,-0.7947731516124077,0.6780053874635902,-0.012319823893904675,-0.167607891618615,0.14527445712638143
CP011,Taiwan Strait,2022-08-01,0.005892823719369512,-2.2132880800510195,1.8054015909431549,-0.006576136102486288,-0.19285282780437152,0.16996304740420012
CP012,Korea Strait,2022-08-01,-0.014362460333614458,-1.1924399026068395,0.876712910414712,-0.003599726155046826,-0.22170015773364485,0.20689591904850224
CP013,Tsugaru Strait,2022-08-01,-0.08953928164480852,-0.9597197182554896,0.7891382913605327,0.0011928060918061844,-0.2553397899518387,0.26488340364549745
CP014,Luzon Strait,2022-08-01,-0.05776605403811643,-0.9597023598035401,0.7371301779400634,-0.0067887352729739375,-0.19287167603571917,0.1668131074453397
CP015,Lombok Strait,2022-08-01,0.03297600612142786,-1.8495591923206443,2.0874871783421214,-0.017112068857101415,-0.16166661571967766,0.12320468447303838
CP016,Ombai Strait,2022-08-01,-0.10373624779146838,-1.0814604261166636,0.7240404378260387,-0.017216387593564062,-0.1439627123442608,0.10476187456369254
CP017,Bohai Strait,2022-08-01,-0.13257280359087484,-1.0374313487726718,0.8178193952833651,0.004726071575599058,-0.3047213623001112,0.33384179853297025
CP020,Makassar Strait,2022-08-01,0.04837817291198005,-1.614644976733387,1.8900533314652708,-0.004674567125740945,-0.2625673720631301,0.2747977951892767
CP022,Yucatan Channel,2022-08-01,-0.16997224328657767,-1.0860330746069753,0.5770800192296454,-0.01271946953106474,-0.18615941703802547,0.14316953111487143
CP027,Mindoro Strait,2022-08-01,0.031041736211060798,-1.053570834107606,1.0188675946726928,-0.01187023033360776,-0.19249289047838317,0.1691757127327956
CP001,Suez Canal,2022-09-01,0.1836842804028482,-2.2253808525002308,2.289248926788384,-0.00196143906604309,-0.15015094674224747,0.13974901591096175
CP002,Panama Canal,2022-09-01,-0.10318660027969427,-0.9837382128783879,0.7922489612609577,-0.0008010004664727843,-0.17912007352933837,0.16792812530393803
CP004,Bab el-Mandeb Strait,2022-09-01,0.053230015578010104,-2.191681720710662,2.0904422452886195,-0.0014172983652955494,-0.15270138423094493,0.14707318517693066
CP005,Malacca Strait,2022-09-01,-0.10432754332624221,-2.373574189228681,2.0412508146066655,5.7589369761447386e-05,-0.15907463562562957,0.1629863348738535
CP006,Strait of Hormuz,2022-09-01,-0.10986542502628384,-2.4683508623181374,2.1114370888896583,-0.004213536785679151,-0.14104708004204983,0.12305595759374961
CP007,Cape of Good Hope,2022-09-01,-0.11556480754816517,-0.9156719633742906,0.7075919839029403,-0.0012844770017669718,-0.1578177250556349,0.15119227593352816
CP008,Gibraltar Strait,2022-09-01,0.12993462342435427,-2.799557838590923,2.676971884425157,-0.00012896511067567783,-0.15783975939858833,0.16305466320496018
CP009,Dover Strait,2022-09-01,0.37284385932921343,-2.161922504167257,2.6503443258270902,0.003036537767625615,-0.1976613307025386,0.21462560474601391
CP010,Oresund Strait,2022-09-01,-0.13027771172886116,-0.8654859354038513,0.7051574143948339,-0.011747198685986601,-0.12497379022364069,0.1113185361000126
CP011,Taiwan Strait,2022-09-01,0.3835794797754301,-2.519842361631736,3.0203010274795394,-0.003579767530562174,-0.14586414529946826,0.12940685819120623
CP012,Korea Strait,2022-09-01,0.12393925105612383,-1.286851186822978,1.3037101255645063,0.0021954066073221474,-0.1754236691916561,0.18164751474811489
CP013,Tsugaru Strait,2022-09-01,0.03483523812994863,-1.8521442841095621,1.8993792433380348,0.011305037540595855,-0.25992250904386643,0.29172647381496536
CP014,Luzon Strait,2022-09-01,0.00027758568737160625,-1.7894714884284357,1.6962681605378374,-0.006175209765434619,-0.13714395993568404,0.11020518550613739
CP015,Lombok Strait,2022-09-01,-0.1048426601623775,-1.1378212670322607,0.7211040119983598,-0.011604934450674845,-0.14587106040627582,0.12166807394338794
CP016,Ombai Strait,2022-09-01,-0.052743460886201764,-0.7266762904079073,0.6470352194733813,-0.009299441093375249,-0.12293473475931715,0.10581697993012056
CP017,Bohai Strait,2022-09-01,-0.05157088182991347,-0.8570136303884986,0.694467309342684,0.011135325308240344,-0.2812591634184085,0.2983714822617145
CP020,Makassar Strait,2022-09-01,0.05474421946824538,-1.4709675278957752,1.7687415832095699,0.0011813870700081506,-0.2379578278197051,0.23582891694758895
CP022,Yucatan Channel,2022-09-01,-0.02997121811298102,-1.9722045796873677,1.851481501952871,-0.005364754600995494,-0.17811776451658967,0.15578496184126242
CP027,Mindoro Strait,2022-09-01,0.1933927749609144,-1.3109669063416158,1.5689279695065996,-0.006733386759039442,-0.16286114959913764,0.14002362479903724
CP001,Suez Canal,2022-10-01,0.05018004860858862,-2.4048718876077433,2.320775283281299,0.006520120958931809,-0.1195564422033987,0.11890853413402148
CP002,Panama Canal,2022-10-01,0.01422939111404099,-1.685593843500109,1.7512410908919376,0.003195951206872242,-0.15577540266411402,0.14518569099226025
CP004,Bab el-Mandeb Strait,2022-10-01,-0.05937708754718902,-2.216787090546949,1.9975963569730875,0.01141738726565989,-0.1471892529532145,0.16754586109071518
CP005,Malacca Strait,2022-10-01,0.04987497294716359,-1.2072243414213606,1.3618043506396162,0.012433844605070072,-0.1509485589477167,0.17899632851433234
CP006,Strait of Hormuz,2022-10-01,-0.28099385548127864,-2.763294049180981,2.065622328990758,0.005828528232827191,-0.10564538556232944,0.10954622827529877
CP007,Cape of Good Hope,2022-10-01,-0.10622461008916127,-0.8465373555000891,0.6564347624587146,0.01661125596007255,-0.19563634751393064,0.22851735066192533
CP008,Gibraltar Strait,2022-10-01,0.005970606942684364,-2.569665960911242,2.3214509065896984,0.012788662441257061,-0.15521104129309138,0.18263250781516124
CP009,Dover Strait,2022-10-01,0.05248370728787253,-1.9121050345257133,1.8176184743500334,0.009387889186204954,-0.14046090266225086,0.15573995514225328
CP010,Oresund Strait,2022-10-01,-0.13080441915930888,-0.9648308386021365,0.6827885481732844,-0.0017849649352272275,-0.1019529135915236,0.13020753930441498
CP011,Taiwan Strait,2022-10-01,0.25443625969775113,-2.476299759503661,2.806987335835213,0.00816712751809941,-0.11787015024293797,0.12916026398486682
CP012,Korea Strait,2022-10-01,-0.05208664809446007,-0.9646257213570838,0.7840955383944365,0.009955995424075827,-0.13592513893558308,0.15241306947449015
CP013,Tsugaru Strait,2022-10-01,0.05442995641484259,-1.6620253041581674,1.9466487443250138,0.009533005103835398,-0.16049455897320067,0.16344833453287566
CP014,Luzon Strait,2022-10-01,-0.12942725111309675,-0.8509486945808479,0.6937106360437485,-0.0048846432454118845,-0.15151117614739304,0.16637924291780826
CP015,Lombok Strait,2022-10-01,0.02041362054990797,-2.3068983749733425,2.2940370568559016,-0.0038347064185649954,-0.12724094572239208,0.15527660834385024
CP016,Ombai Strait,2022-10-01,-0.09811880668262908,-0.9967785057831733,0.728192901289494,-0.006620205873976391,-0.16468235715715926,0.17615677810497715
CP017,Bohai Strait,2022-10-01,-0.0695141306913744,-0.9955828794110179,0.6822711333352177,0.021164486885728976,-0.25291390204851033,0.2942635058247667
CP018,Torres Strait,2022-10-01,0.02877735481543706,-2.379596041791677,2.484651359892685,0.010327387944040265,-0.188018631191538,0.19418315460862665
CP019,Sunda Strait,2022-10-01,-0.06563445314455188,-0.8093101366919593,0.6464680143512667,0.02013949356756732,-0.23137944511266703,0.27368321616735414
CP020,Makassar Strait,2022-10-01,0.03841344632385453,-2.1121187290908052,2.280855498364514,0.008692639621834803,-0.18552048956963765,0.18588939594926904
CP022,Yucatan Channel,2022-10-01,-0.047373253485632774,-1.876877709416028,1.8558730522118863,-0.003247051743383072,-0.20536872826150707,0.21965281598717437
CP027,Mindoro Strait,2022-10-01,0.09663999780146676,-1.4894143850801314,1.8846486960305222,0.0048586618469303,-0.1532429357329281,0.14846336873169078
CP001,Suez Canal,2022-11-01,0.018655415983566744,-1.9615214017813736,1.8300065707097564,0.013960918323837845,-0.08533474469921595,0.11394789779107999
CP002,Panama Canal,2022-11-01,-0.03887776741433632,-0.9550701494705407,0.7284659091137592,0.011699471242480426,-0.1470210742878607,0.16310799411106067
CP004,Bab el-Mandeb Strait,2022-11-01,-0.04636266045831523,-1.8612714400538226,1.8056578408475847,0.02088634542426538,-0.12191368539436116,0.16450690326490808
CP005,Malacca Strait,2022-11-01,-0.2342490637381075,-2.4297582426692066,1.9438240011069816,0.01038442668456412,-0.10464251215977183,0.13746143625161386
CP006,Strait of Hormuz,2022-11-01,-0.18560975109147068,-2.646291122730119,1.9725841376199638,0.016924493076253808,-0.09955323565371758,0.13091054995028542
CP007,Cape of Good Hope,2022-11-01,-0.06441812649286432,-0.7857323172063246,0.652475679671459,0.022999017603502467,-0.13845813076053018,0.18729179721292927
CP008,Gibraltar Strait,2022-11-01,0.13783944370001783,-2.6819008462235976,2.7865918491034907,0.017297695096681113,-0.0898783344039765,0.12567511079890983
CP009,Dover Strait,2022-11-01,0.1661441646523385,-2.1241822209065653,2.316864481977203,0.01589670099473775,-0.11042872661017963,0.13834533875379218
CP010,Oresund Strait,2022-11-01,-0.09709595326844218,-0.952076275207103,0.7119644472120977,0.0075179899032254615,-0.11069142712004731,0.1554108264106992
CP011,Taiwan Strait,2022-11-01,0.036304894270222966,-2.078864751373458,1.7386990529367654,0.013313791121634028,-0.07940511175733167,0.1147949000752987
CP012,Korea Strait,2022-11-01,0.03792999810514064,-0.9611227228241753,0.991712465205359,0.018952828585062913,-0.10901526346170767,0.14092981722203052
CP013,Tsugaru Strait,2022-11-01,-0.03914980244267549,-0.7890923683946911,0.7124827969372841,0.018755709308988525,-0.11360714212607577,0.1435036075334987
CP014,Luzon Strait,2022-11-01,0.08706051505447684,-1.5257755535880901,1.8216023488950364,0.013385062324800589,-0.09801106800447555,0.12729652249448928
CP015,Lombok Strait,2022-11-01,-0.028157284189634434,-2.174779001147965,2.185245438542047,-0.0004897891689548923,-0.19205682027483675,0.2347768001273023
CP016,Ombai Strait,2022-11-01,-0.07925796599083594,-1.0812139304860047,0.657146921099722,0.002035932272982618,-0.16240683716670046,0.20285540786691056
CP017,Bohai Strait,2022-11-01,-0.14452166452377826,-0.9146624605721543,0.6772633879552545,0.02505590257176762,-0.17456371735614598,0.22408020880270918
CP018,Torres Strait,2022-11-01,-0.011516188460861436,-1.977089931005026,2.096526159991243,0.015243738132936703,-0.1407413561432826,0.15244304291277472
CP019,Sunda Strait,2022-11-01,-0.06943841268466654,-0.9164204955715655,0.6698124124763606,0.01492525840979154,-0.10762758788625687,0.1310529047403659
CP020,Makassar Strait,2022-11-01,0.07351859867284866,-1.6134726529112904,2.1009594872431148,0.01194771256240555,-0.15711941195249343,0.16176603588456273
CP022,Yucatan Channel,2022-11-01,-0.030298431599097723,-1.9668107666953913,1.9916927349436002,0.006967812975106542,-0.1966949325921483,0.21117320638628378
CP027,Mindoro Strait,2022-11-01,0.0850656563901636,-1.1185880003191948,1.1663228538204995,0.0006824737974754769,-0.17718668243276747,0.22371973689327554
CP001,Suez Canal,2022-12-01,-0.03564320548769145,-1.5573824495671569,1.407372907352996,0.017400042810163944,-0.09630599863133882,0.14860669699681683
CP002,Panama Canal,2022-12-01,-0.095245452333714,-1.2246864222292353,0.7549535580909082,0.014168432138983406,-0.16483333654999605,0.19172291547431175
CP004,Bab el-Mandeb Strait,2022-12-01,0.05137092549220996,-1.3479729888517522,1.6290848627000336,0.013689992577806117,-0.13564939103106216,0.1685229561650583
CP005,Malacca Strait,2022-12-01,-0.028154603853843416,-2.3781892219787157,2.2141841656454755,0.014388262808742485,-0.12046923495879754,0.16675220750872954
CP006,Strait of Hormuz,2022-12-01,-0.13879063523136365,-2.1123628758690867,1.5553146759790848,0.009785854636706233,-0.1654360861839505,0.19624011599001473
CP007,Cape of Good Hope,2022-12-01,-0.04547798623807159,-2.5635027731140547,2.5511654358517335,0.01724596794427744,-0.1356783278982072,0.16943204527210534
CP008,Gibraltar Strait,2022-12-01,0.04572098573996016,-2.8411568184884675,2.329236144201913,0.01786758169156707,-0.08856351520274909,0.1442206660737641
CP009,Dover Strait,2022-12-01,0.2591846462058695,-2.0104785564873473,2.259987595859247,0.01496816514253828,-0.1198412109601814,0.17202490697015788
CP010,Oresund Strait,2022-12-01,-0.0880482995577073,-0.8693320225497906,0.6937310840265833,0.004494845283271271,-0.21415235601052368,0.24484163192574476
CP011,Taiwan Strait,2022-12-01,0.38747741199920627,-2.8398845650178823,3.4021959676758433,0.015761462285866765,-0.10242886868290361,0.15837078676673336
CP012,Korea Strait,2022-12-01,0.07981864466385015,-0.946077267667501,1.0217630278297685,0.017160422259721222,-0.09320477316285716,0.1515370731944075
CP013,Tsugaru Strait,2022-12-01,0.009384209556013465,-1.8769409275794635,2.108595373962505,0.02171567929024321,-0.08004865149018892,0.12550609379269906
CP014,Luzon Strait,2022-12-01,-0.06443586494870034,-0.815144229379381,0.6681545033338077,0.01682928622784643,-0.09444850919709952,0.1523519638462273
CP015,Lombok Strait,2022-12-01,0.005203524197059764,-1.962082695958094,1.9413141504779894,0.004154572195730056,-0.2189915316142725,0.2450092645948767
CP016,Ombai Strait,2022-12-01,-0.048818816654035695,-0.7597696476171911,0.6877876024032294,0.006010466809816174,-0.19616994639181012,0.22600299278298733
CP017,Bohai Strait,2022-12-01,-0.04130153377621401,-1.2406491042978207,1.0803576762306224,0.024539433137817666,-0.10613870294911991,0.14617174390928653
CP019,Sunda Strait,2022-12-01,0.006828169931310008,-2.268113296076533,2.5989467937443576,0.021599093550257967,-0.10285644958586396,0.1423807527310468
CP020,Makassar Strait,2022-12-01,0.06757927460726348,-1.7187892214961926,2.0753364165129455,0.016592073927090573,-0.13364403691436355,0.17971469094354872
CP022,Yucatan Channel,2022-12-01,-0.03949720244538774,-2.0165076462216547,1.9912459685640205,0.008882580695597846,-0.2562446361129504,0.25566816881479065
CP027,Mindoro Strait,2022-12-01,0.08196130438932474,-1.531465661500268,1.8258193343873073,0.012819463804648424,-0.13759368586653434,0.1963544442287402
CP001,Suez Canal,2023-01-01,-0.03297160046628706,-1.9466975441545764,1.4360523925401358,0.019138514009870614,-0.10606476904830153,0.15383113403478835
CP002,Panama Canal,2023-01-01,-0.07726572401698026,-0.9460633438695076,0.8002459026980123,0.01090572867972721,-0.23232707250567106,0.2326103886353208
CP004,Bab el-Mandeb Strait,2023-01-01,-0.09000259398126996,-1.5434893921971595,1.1777436124251823,0.01666514718829862,-0.12886982640436315,0.16394662547779826
CP005,Malacca Strait,2023-01-01,-0.029972219229679648,-2.1592853350473145,2.091275977646625,0.009948260721818506,-0.19985229016550057,0.2056121075795741
CP006,Strait of Hormuz,2023-01-01,-0.18292953596274314,-2.7240010119099103,2.2335738018803797,0.0140753376309964,-0.13537745818885633,0.18145712529208646
CP007,Cape of Good Hope,2023-01-01,-0.052603645752555696,-2.013655067390983,2.0342192531391627,0.022343836236275318,-0.09671525456477902,0.14578591293798576
CP008,Gibraltar Strait,2023-01-01,0.05559479096773407,-2.002505731318052,1.8315656815359496,0.017218289400398143,-0.11127570715623893,0.16492800773245508
CP009,Dover Strait,2023-01-01,0.16034521350848288,-1.8517112075652706,1.8827085005307564,0.015177780422813807,-0.1389609464503411,0.192998973638219
CP010,Oresund Strait,2023-01-01,-0.09020656380189049,-0.9534209227031941,0.6305928797458282,0.002948268552771971,-0.2615135745809679,0.26835826254788087
CP011,Taiwan Strait,2023-01-01,0.6868562422494378,-2.744011580614726,3.885481939141793,0.009543664962166049,-0.1984400696088295,0.20621958267063603
CP012,Korea Strait,2023-01-01,-0.053032912073364046,-1.1932106404842855,0.8647733035354168,0.01725481854189716,-0.12438817474463322,0.16324435840122908
CP013,Tsugaru Strait,2023-01-01,-0.06502196110029516,-0.8109420567209554,0.6316077382545094,0.025223965680111614,-0.10421452804891979,0.15365159565235129
CP014,Luzon Strait,2023-01-01,-0.14215901373870607,-0.8564160808652947,0.637787294756729,0.0022680127858218046,-0.2723192872032354,0.27357849680106794
CP015,Lombok Strait,2023-01-01,0.07304586375326752,-2.020864156512664,2.379005387972138,0.002481356221868251,-0.26028750659419353,0.27630082619840757
CP016,Ombai Strait,2023-01-01,0.002475933664756243,-0.7995322037348367,0.7979328832692627,5.040412612351053e-05,-0.29912372938735543,0.2966683572306021
CP017,Bohai Strait,2023-01-01,-0.018416812933077252,-0.8239862105943815,0.7060916942488088,0.024006034869095846,-0.10459290492746633,0.14374413456666912
CP019,Sunda Strait,2023-01-01,0.02743407508800641,-2.068043402923531,2.1929449218248953,0.015443518954329357,-0.1714859051394341,0.20139252930552792
CP020,Makassar Strait,2023-01-01,0.07583558620093264,-1.8924874307399115,2.1847824228312493,0.014918857953228754,-0.15396526827120482,0.21723189557167685
CP022,Yucatan Channel,2023-01-01,0.01538258878091475,-1.7985764108200994,1.9912983052530935,0.002217763285984188,-0.3717282895962494,0.35850936893861146
CP027,Mindoro Strait,2023-01-01,0.1125310141427782,-1.3864421868122447,1.9568405055035145,-0.0009106897048664296,-0.3079177377127526,0.3075604981404509
CP001,Suez Canal,2023-02-01,0.04732302882875855,-1.3901144515870274,1.545991645972729,0.00239528498960722,-0.2627670089785434,0.24445530849995534
CP002,Panama Canal,2023-02-01,0.009096322203502602,-0.8048389387404167,0.8072706116835521,0.0026040909605628206,-0.30652817845232777,0.2830844037121353
CP004,Bab el-Mandeb Strait,2023-02-01,0.025500655315794978,-1.3125831085500985,1.4263280209271556,0.014762119097510368,-0.10908375085961634,0.15553057635882173
CP005,Malacca Strait,2023-02-01,0.041585342911497264,-2.5405883392191795,2.220396949024806,0.004268828290323947,-0.22297989002069973,0.21854953998216875
CP006,Strait of Hormuz,2023-02-01,-0.10758870434879274,-2.381523082169839,1.9079955577879195,0.008692982784641593,-0.15941355583537778,0.19426509989282717
CP007,Cape of Good Hope,2023-02-01,-0.07383033569163097,-2.4318678411009635,2.2585962245102547,0.015663680392326997,-0.13098355364635894,0.16818954792224916
CP008,Gibraltar Strait,2023-02-01,0.21535891628749948,-2.5812286614937263,2.8112286086766383,0.00513164810106414,-0.20580439692805363,0.20899199112229286
CP009,Dover Strait,2023-02-01,0.06659578338217352,-1.9577493790537026,1.87835594527827,0.007233441668714632,-0.17131526343515918,0.20212875960900376
CP010,Oresund Strait,2023-02-01,-0.08559688618551332,-0.8902230497760595,0.7135286997953196,0.008582862501641102,-0.17023532207405037,0.20494585179350883
CP011,Taiwan Strait,2023-02-01,0.23124004901478717,-1.8522654521480535,1.9963198032877771,0.004243030029217093,-0.22726178946711997,0.2189296450781863
CP012,Korea Strait,2023-02-01,0.06335081186219967,-1.7497030755186613,2.070758215435043,0.010278886208850911,-0.17916039671285247,0.1952701494810239
CP013,Tsugaru Strait,2023-02-01,-0.10666703817673283,-0.8836737328368757,0.6443911082533563,0.018919569492901803,-0.10525089582495327,0.14251648433165895
CP014,Luzon Strait,2023-02-01,-0.009335375054888281,-1.8460723189794468,1.9367643097262295,0.0057326311560848275,-0.2065508945695335,0.2066603965129876
CP015,Lombok Strait,2023-02-01,0.07430708720578089,-2.15046589040854,2.5483538998683555,-0.002930530983406196,-0.291421626272249,0.27689451376316854
CP016,Ombai Strait,2023-02-01,-0.0872860771894816,-0.8331394941644621,0.6780328156477514,-0.004481942500569456,-0.3144390289380572,0.2992211444017369
CP017,Bohai Strait,2023-02-01,-0.12732980290141196,-0.866391332302507,0.6662487290568141,0.019074101578526344,-0.10523187069605885,0.14539766861891332
CP018,Torres Strait,2023-02-01,-0.06753508302420438,-2.4201777994724885,2.0546012383909558,0.01145549528022755,-0.15782256843431092,0.19635654946295392
CP019,Sunda Strait,2023-02-01,-0.016512392915424643,-2.1540538914714316,2.2299825350122617,0.012304994353055536,-0.17748855888019205,0.20260687843613093
CP020,Makassar Strait,2023-02-01,0.09037261329031232,-1.7994796243857591,2.4228819730164255,0.0095069707479543,-0.1824596158196971,0.2167242296436401
CP022,Yucatan Channel,2023-02-01,-0.08989485022051379,-0.8367801555791365,0.696791133650389,-0.002628400468401935,-0.3912880633074471,0.3488282272796775
CP027,Mindoro Strait,2023-02-01,0.10373785349667622,-1.4353405254458622,1.7347532970813662,-0.00210604514502516,-0.28425677209524974,0.2690724880397415
CP001,Suez Canal,2023-03-01,0.03323514725967825,-1.9973007856924494,1.9093115441940491,0.006485608779471648,-0.11424073145691567,0.14155430607065236
CP002,Panama Canal,2023-03-01,-0.06408733490234218,-1.2598465897153797,0.8497508742037482,-0.005993765722753646,-0.2797324273530122,0.25774179099087596
CP004,Bab el-Mandeb Strait,2023-03-01,-0.17281299214638274,-1.9331469387985523,1.4851231272097558,0.004012241957899717,-0.13208500231759762,0.1463000643061686
CP005,Malacca Strait,2023-03-01,0.017713077473087955,-2.5512088635732932,2.2156135709241314,0.002769444635702283,-0.1408542601075033,0.1502887867864806
CP006,Strait of Hormuz,2023-03-01,-0.1747682657892206,-2.7430291716814432,2.0784497545401748,0.0028901409125229984,-0.13940758557560037,0.15457277960252097
CP007,Cape of Good Hope,2023-03-01,-0.11709718677643535,-0.8855009567629316,0.61062015206404,0.011758439914191749,-0.1052412342318614,0.12205774730964254
CP008,Gibraltar Strait,2023-03-01,0.06772816531038262,-2.151698480083075,2.1234091396475514,0.008658201328874396,-0.11319733603431062,0.14637805646361576
CP009,Dover Strait,2023-03-01,0.16449480964996024,-2.1274652569094075,2.1577772755980407,0.007273512407633349,-0.13049629398868637,0.1614693611966999
CP010,Oresund Strait,2023-03-01,-0.04801221662352095,-0.9097454910869522,0.8315579580836463,0.0002851270951505292,-0.16587572780006818,0.1682312960767838
CP011,Taiwan Strait,2023-03-01,0.12329825269831621,-1.5471870665465184,1.853040253395844,-0.0048803554935657485,-0.21738578105436593,0.2021281959173377
CP012,Korea Strait,2023-03-01,-0.06517655461964907,-0.8958164107736379,0.6938013839674849,-0.003474797464944191,-0.23650000595266948,0.22438623971110105
CP013,Tsugaru Strait,2023-03-01,-0.005506363343322684,-1.9562356912599321,2.157474583342012,0.007504460361128737,-0.11403387406179541,0.13560621931848263
CP014,Luzon Strait,2023-03-01,-0.10577935257335531,-0.9208113637530387,0.6379768465874881,-0.004468832302433812,-0.2135042037566261,0.1952001494404169
CP015,Lombok Strait,2023-03-01,0.01026146888909549,-1.901644955099218,1.9531559448752387,-0.009635169836576217,-0.28250045288396036,0.24970338760269517
CP016,Ombai Strait,2023-03-01,-0.07439712745170138,-0.7492319790437307,0.7005079055699819,-0.010154373562501748,-0.2843608594270205,0.25454957286839186
CP017,Bohai Strait,2023-03-01,-0.06016005179584321,-0.8098945227755212,0.6800686905972689,0.012102573905012251,-0.12186783712269919,0.14423172967377454
CP019,Sunda Strait,2023-03-01,-0.06251624811008424,-2.1318316262766386,2.111420251472672,0.009499418242717453,-0.11826315685040746,0.13798536988145726
CP020,Makassar Strait,2023-03-01,0.025821052667556407,-2.178504042988836,2.461451295065241,0.002802331894784261,-0.1757827066967632,0.20314011766748954
CP022,Yucatan Channel,2023-03-01,-0.0077085657587715895,-1.98562487028423,2.0932887033404155,-0.0027412104492361895,-0.24704076406024056,0.2359865067798685
CP027,Mindoro Strait,2023-03-01,0.03341380467976196,-1.9334055124836287,2.0481928211310345,-0.0011454214464695087,-0.2003185616435505,0.20091252525437503
CP001,Suez Canal,2023-04-01,-0.1100462837935932,-1.915014103439683,1.4667364902205164,0.0021943994401577896,-0.12793824216607702,0.10397696493854071
CP002,Panama Canal,2023-04-01,-0.12116931078427857,-1.1001534430169264,0.6732904661868117,-0.007926591265963758,-0.1511426172318253,0.138673797237572
CP004,Bab el-Mandeb Strait,2023-04-01,-0.09957685824784798,-1.8753079049333619,1.5298187271642238,0.0042294330502242105,-0.14889933686058762,0.1319997715124785
CP005,Malacca Strait,2023-04-01,-0.14921509222953308,-2.0535527296572913,1.713663659168067,-0.005756124834025365,-0.11555373910979402,0.10880573936678507
CP006,Strait of Hormuz,2023-04-01,-0.08333529042884064,-2.8753368183869696,2.535802253199809,-0.0009578411296235702,-0.12556058919462385,0.13047632859384603
CP007,Cape of Good Hope,2023-04-01,-0.12076284898321632,-1.0101816256536165,0.7180257239120468,0.00408507335428958,-0.14712737595211658,0.12866639438653762
CP008,Gibraltar Strait,2023-04-01,-0.013836672833623966,-2.075125734949114,1.973792461118604,0.0029947790558003374,-0.13905863111747976,0.12226320024132557
CP009,Dover Strait,2023-04-01,-0.020918336063857942,-2.3322879502269083,1.7176778185676373,-0.0007731799232192539,-0.12911699783249544,0.13551837712826867
CP010,Oresund Strait,2023-04-01,-0.09165172133207464,-1.0276971389843075,0.719095262749122,-0.011264043950049853,-0.21905050593754075,0.2155729237485159
CP011,Taiwan Strait,2023-04-01,0.41570033797224054,-1.8596707113120219,2.48411738716047,-0.005234674402159183,-0.11041417347608899,0.10733554579543281
CP012,Korea Strait,2023-04-01,0.08213631965028675,-1.7415679098410564,2.2170114708049846,-0.002189827720694741,-0.11798640955360137,0.12120275994659167
CP013,Tsugaru Strait,2023-04-01,-0.10054627886952676,-0.8207978028474013,0.757094754364382,-0.001011780717721223,-0.12482242751597937,0.12907177630774624
CP014,Luzon Strait,2023-04-01,-0.032223767613134155,-2.626236317752992,2.604343698300236,-0.019818355646169298,-0.28253373088357353,0.24092164420628373
CP015,Lombok Strait,2023-04-01,-0.014512067067037494,-1.8766262570134002,1.757161973194014,-0.01575107758024943,-0.23186620786025225,0.19457600585693924
CP016,Ombai Strait,2023-04-01,0.004824820411929802,-0.7303931200904995,0.7438653794190582,-0.02132396889657863,-0.3014549645155428,0.25750155826392795
CP017,Bohai Strait,2023-04-01,-0.11611316271956894,-0.9699058937448586,0.6504444404709767,0.006071464076677562,-0.17747927807500802,0.17269285261285236
CP019,Sunda Strait,2023-04-01,-0.04085915597976844,-2.261187567801479,2.1050544158587687,-0.0026997339983400926,-0.11918533686568063,0.12109666662249782
CP020,Makassar Strait,2023-04-01,-0.07270231969873098,-1.0586200544120752,0.9425907802643446,-0.003109247321361433,-0.1586823285630028,0.17137228288245004
CP022,Yucatan Channel,2023-04-01,-0.0574737403329099,-2.1312256070786586,1.8773050144743957,-0.009796992088004268,-0.19263732057310595,0.18328780116218843
CP027,Mindoro Strait,2023-04-01,0.0962284787888984,-1.5857779369186609,2.0646351002820955,-0.01498140806493275,-0.21791830927286537,0.18424192980092727
CP001,Suez Canal,2023-05-01,0.051128446522578926,-1.2023136203644984,1.376046128570636,-0.008197694937116265,-0.14168006788056028,0.10480119318664775
CP002,Panama Canal,2023-05-01,-0.01625824155582807,-0.9751750355072788,0.8917101738647042,-0.012693244032910188,-0.12757618322223221,0.09391215622568445
CP004,Bab el-Mandeb Strait,2023-05-01,-0.14824927247080244,-2.401771456481543,1.8665842930702607,-0.00795035825495028,-0.14353143685980263,0.10665366140034878
CP005,Malacca Strait,2023-05-01,-0.1679094806261191,-2.6674248097162563,1.7561428181069816,-0.012272932049721698,-0.11521456194374959,0.07974867600761361
CP006,Strait of Hormuz,2023-05-01,0.007198280531792449,-0.808518224486023,0.8662226237849656,-0.01118499841297628,-0.12590535945277978,0.0968322765379967
CP007,Cape of Good Hope,2023-05-01,0.006582516392375256,-1.8024843807581914,1.9550382581650387,0.004130264446137401,-0.2613989731184105,0.24897771480628683
CP008,Gibraltar Strait,2023-05-01,0.0724368520360829,-2.7374080906529934,2.8021078232528915,-0.0036377333531164764,-0.18982788271620188,0.16678561623102525
CP009,Dover Strait,2023-05-01,0.07715882220009412,-2.0464368297306397,2.132079170000641,-0.004207425616448086,-0.20485039864635426,0.18698965584628507
CP010,Oresund Strait,2023-05-01,-0.07066105789314854,-0.9096722592298148,0.7347540524621138,-0.01395297286228626,-0.12389026917614948,0.10245953864258969
CP011,Taiwan Strait,2023-05-01,0.044349727968901784,-1.8868449405452221,1.8396149560832256,-0.013428457298966646,-0.11147632696184548,0.0763412205057924
CP012,Korea Strait,2023-05-01,-0.015522298382677296,-1.041416598340074,0.840664619937526,-0.008200120617812673,-0.15248343090748961,0.10050932610937122
CP013,Tsugaru Strait,2023-05-01,0.001918989432043895,-2.0760315655353914,2.1263105835402394,-0.006250667805696191,-0.17426510193837255,0.11945153368064156
CP014,Luzon Strait,2023-05-01,-0.13442517865645104,-0.93596886451931,0.6811509122953182,-0.025369793157410975,-0.22632712577059996,0.17567267732113545
CP015,Lombok Strait,2023-05-01,0.0019282031019392542,-2.0901543249362358,2.176381677541352,-0.019588089641373256,-0.16269813204203395,0.1325864867927841
CP016,Ombai Strait,2023-05-01,-0.03684708367293859,-0.7440098986124536,0.7296725434489106,-0.023467249048818268,-0.20014400218146014,0.15484519444016312
CP017,Bohai Strait,2023-05-01,-0.07540084461807196,-0.998021699582053,0.6900406867855293,-0.0005490742266511974,-0.21907198114341758,0.20474115331410428
CP019,Sunda Strait,2023-05-01,-0.15950983605555474,-0.9504631558662446,0.6478315607617435,-0.006311114147139427,-0.17358842046770745,0.11871638142252249
CP020,Makassar Strait,2023-05-01,0.054129025000748884,-1.9186092204247698,2.226086856170868,-0.00863327602361002,-0.1864224767963171,0.17493099741053192
CP022,Yucatan Channel,2023-05-01,-0.14234305657640886,-0.9043750938149577,0.6515551284184137,-0.010214200211405011,-0.1453882126614049,0.10861284937798243
CP027,Mindoro Strait,2023-05-01,0.06627166427828278,-1.6996741875682186,1.8683472755249886,-0.019980508611265258,-0.16243947314107643,0.12835728364313612
CP001,Suez Canal,2023-06-01,0.0908917439432795,-2.9346863068898954,2.913877069086278,-0.008827501469763334,-0.19462698571926335,0.16735796068224285
CP002,Panama Canal,2023-06-01,-0.07301133518336543,-1.1577636475001174,0.8363127973089963,-0.011753417502860661,-0.17544195844315266,0.12701659569173523
CP004,Bab el-Mandeb Strait,2023-06-01,-0.14653043933818685,-2.663416688992885,2.2342311773036063,-0.008580164787597436,-0.19606874824989592,0.16922766881446022
CP005,Malacca Strait,2023-06-01,-0.027352445192435824,-2.4092712513854635,2.220564234857847,-0.011333739634192418,-0.17741904820076923,0.134473879682665
CP006,Strait of Hormuz,2023-06-01,-0.2090104205030745,-2.545899136946147,1.9657155566888156,-0.013033332884952151,-0.16878640603471545,0.14117307395735285
CP007,Cape of Good Hope,2023-06-01,-0.07202790218111728,-0.9036212315640924,0.6396303613770288,-0.010648768831312447,-0.1865972606684812,0.14086656605567371
CP008,Gibraltar Strait,2023-06-01,-0.015263577262798414,-2.7410713222863765,2.478645647555956,-0.009543249744471242,-0.1899824406671497,0.16510408103617943
CP009,Dover Strait,2023-06-01,0.06313333949202259,-2.827728521528678,2.6691268686774934,-0.008210475700784309,-0.22101682139619405,0.2114826957912284
CP010,Oresund Strait,2023-06-01,-0.019477746148201237,-1.3732187920135135,1.1199793355204273,-0.014685139769825047,-0.16379741856881647,0.13570070325112937
CP011,Taiwan Strait,2023-06-01,0.22982486377283926,-2.139455929206473,2.472790181618423,-0.007447066116926522,-0.2040763088902981,0.18441786676759012
CP012,Korea Strait,2023-06-01,-0.09877342063321434,-1.0551331554848125,0.6916082558705056,-0.01099279398110488,-0.18062848261694228,0.13670317348885785
CP013,Tsugaru Strait,2023-06-01,-0.10983587740511842,-0.9234568850307163,0.6193867810815892,-0.003516846659839,-0.2441877583776567,0.2159166909042106
CP014,Luzon Strait,2023-06-01,-0.10697372872361037,-0.8060467758552509,0.6608438360603639,-0.01375047631288379,-0.16293390323003734,0.10775882150341301
CP015,Lombok Strait,2023-06-01,-0.08349009132499573,-1.3877883331734269,0.8715604779559719,-0.01737143080829631,-0.18764094425228708,0.15353160151639894
CP016,Ombai Strait,2023-06-01,-0.06105428141552017,-0.942720499846524,0.7380253631124926,-0.024298015384884533,-0.14732988471009154,0.09974259704807979
CP017,Bohai Strait,2023-06-01,-0.05589727618583665,-0.9884988985868502,0.6931667192630818,-0.005573022683794743,-0.22167106792999539,0.19277929752966125
CP019,Sunda Strait,2023-06-01,-0.0749823124573995,-0.8485074912228505,0.6447275743921143,-0.0017425891001005465,-0.259519703081038,0.2483699288048739
CP020,Makassar Strait,2023-06-01,0.026028942047064494,-1.6910587541185753,1.9976821595996395,-0.022812837815772008,-0.15339130120491587,0.11470909945724135
CP022,Yucatan Channel,2023-06-01,-0.14279255498034274,-1.0054455829684725,0.6526672857731243,-0.019790635094778602,-0.1462237569278546,0.10897347920773831
CP027,Mindoro Strait,2023-06-01,-0.0314324889468376,-1.0751055733176185,0.8593399679389047,-0.023802184544392088,-0.15965362791495163,0.11168352569426518
CP001,Suez Canal,2023-07-01,-0.0055190252341981594,-2.4196750254144583,2.0545478366019334,-0.004218167883602218,-0.2468989542687525,0.24490577987774545
CP002,Panama Canal,2023-07-01,0.07583533242562704,-1.3687185942448765,1.4198795359467595,-0.011692197788799766,-0.2001965843847409,0.1554643798258526
CP004,Bab el-Mandeb Strait,2023-07-01,0.06720304005420978,-1.1873411091465043,1.519047214565075,-0.01311229267054945,-0.18382500965712364,0.13727850429272384
CP005,Malacca Strait,2023-07-01,-0.000991106712620687,-2.375074766729616,2.0671632346133855,-0.011867783096257453,-0.18525696593522017,0.1465164383522324
CP006,Strait of Hormuz,2023-07-01,-0.06572683835543143,-2.6980761621414446,2.4730622854906485,-0.013289688545148217,-0.17614130882933887,0.15427616308921552
CP007,Cape of Good Hope,2023-07-01,-0.11736245113623134,-1.053743864280046,0.7613214783977327,-0.008719015837084282,-0.21684130481379535,0.18153961540273825
CP008,Gibraltar Strait,2023-07-01,-0.0684501919998683,-1.9966241382926087,1.654911794124662,-0.0068137284716750495,-0.22388074140274272,0.20702321196996398
CP009,Dover Strait,2023-07-01,-0.04644764277034633,-2.0406890509371975,1.5976665706005455,-0.007651872990418242,-0.2249503374913955,0.23516535004053224
CP010,Oresund Strait,2023-07-01,-0.11081775157984693,-0.9356430799330607,0.6860306075745687,-0.019826112927212376,-0.15337640634298733,0.10880513600973742
CP011,Taiwan Strait,2023-07-01,0.2302767281938152,-2.1340227450875653,2.5446980619334814,-0.01002813710697245,-0.19641583720207237,0.1754392989956975
CP012,Korea Strait,2023-07-01,0.007823154695002091,-0.9554298126754975,0.8945420699882174,-0.02024306265132993,-0.1447218980887576,0.09854757307892618
CP013,Tsugaru Strait,2023-07-01,-0.0710830775508222,-0.9715367734307808,0.7089796852968914,-0.0048270196862835795,-0.2450163099298442,0.22882155223783537
CP014,Luzon Strait,2023-07-01,-0.09255211662093944,-0.8923299009114596,0.6975086302333083,-0.01451308337844757,-0.1735823492430822,0.12611475505393474
CP015,Lombok Strait,2023-07-01,0.009603839008407828,-1.871540502329231,1.93804693107165,-0.02101898533629736,-0.16960682089858656,0.13519901554704064
CP016,Ombai Strait,2023-07-01,-0.07922604408862792,-0.9326297395222736,0.6591991413310682,-0.027153181448721284,-0.165658611234494,0.11913741272120199
CP017,Bohai Strait,2023-07-01,-0.08372822788463673,-0.9223330590800083,0.6970305381940626,0.0008370315008983116,-0.3076273156429276,0.33299013938205113
CP020,Makassar Strait,2023-07-01,0.07144100152296246,-1.9019315136135106,2.183752634944052,-0.02044944733589358,-0.1689006645321556,0.13108494513696
CP022,Yucatan Channel,2023-07-01,-0.06514501071969622,-1.1025033650080789,0.9152831966444012,-0.015217282947121259,-0.19843578389429264,0.13865835019697598
CP027,Mindoro Strait,2023-07-01,0.07361548914598237,-1.5206984491506501,1.827408316016834,-0.017481407149989896,-0.19474913386936507,0.15642575682233711
CP001,Suez Canal,2023-08-01,-0.0328495229471183,-1.7429462519198806,1.4631485631760959,-0.007086723618606422,-0.19985517959446195,0.17190134417295652
CP002,Panama Canal,2023-08-01,0.04869335069534528,-1.267045670680831,1.3812160007733163,-0.003068849329217088,-0.22678301953543117,0.21122952561852282
CP004,Bab el-Mandeb Strait,2023-08-01,0.034725268651420005,-1.4352354967713314,1.5870484054646845,-0.00623316957818561,-0.20405226139806254,0.17742007186613454
CP005,Malacca Strait,2023-08-01,0.13147793745246708,-2.4458546059668134,2.5896854317285083,-0.004400799002955389,-0.2116144159067499,0.19603809967639427
CP006,Strait of Hormuz,2023-08-01,-0.11598823112907002,-2.4621905560738715,2.137333720448866,-0.0099135917852398,-0.17324426794431466,0.14781873762059144
CP007,Cape of Good Hope,2023-08-01,-0.06300164835804437,-2.1740080483539854,1.9915400879282612,-0.006213251248837167,-0.20146711841204193,0.1725002527500043
CP008,Gibraltar Strait,2023-08-01,0.03685884599472016,-1.9475425894643956,1.7801073612693419,0.0005319852966990648,-0.24937996857899136,0.25799305654489396
CP009,Dover Strait,2023-08-01,0.11227243072314397,-1.7357464335510309,2.02556204991146,-0.0012780615249334422,-0.25546713645351626,0.2858192353095624
CP010,Oresund Strait,2023-08-01,-0.10275630718755172,-1.1049463251575804,0.7553157925621212,-0.014613147788393089,-0.18849257371119793,0.14921798029246133
CP011,Taiwan Strait,2023-08-01,0.1493150975742099,-2.1362367103617133,2.2283167479125154,-0.008895566282785781,-0.19174011717401915,0.1607479099362895
CP012,Korea Strait,2023-08-01,0.16408060183086637,-1.4362905794821192,1.714729757200018,-0.008514726176424894,-0.19108583322435643,0.15517422973154943
CP013,Tsugaru Strait,2023-08-01,0.05310913077355019,-1.6160533222664262,1.8699808795044561,-0.0029682132965685518,-0.22342891286347918,0.2138238170758105
CP014,Luzon Strait,2023-08-01,-0.030233204711497787,-0.7977445491474319,0.7151383435300778,-0.009906446217227737,-0.1837534168239408,0.14095814763857603
CP015,Lombok Strait,2023-08-01,-0.04362315036583089,-0.8323668020736475,0.7032704237109338,-0.01091368974927466,-0.21547730263292794,0.19089160201398522
CP016,Ombai Strait,2023-08-01,-0.05517218385700682,-0.8013626267778057,0.6988955265633747,-0.018751134927063227,-0.14017854038461122,0.10655116100305514
CP017,Bohai Strait,2023-08-01,-0.09686395292191442,-0.8614916677207323,0.667461189611738,0.008964643733440502,-0.34993699426994157,0.37222907753177686
CP020,Makassar Strait,2023-08-01,-0.00010810371122813001,-1.7527140790551825,1.8187245224585085,-0.015442339569846971,-0.1715657439746534,0.13252347098860276
CP021,Magellan Strait,2023-08-01,-0.11217911908242321,-0.78867513836922,0.6512844767887054,0.005587061279513111,-0.31261644336300004,0.33992890539161785
CP022,Yucatan Channel,2023-08-01,0.041327296062195415,-1.6278549200896681,1.7923157235548925,-0.0037109216757863655,-0.2219455073891271,0.20418810653050815
CP023,Windward Passage,2023-08-01,-0.13861239644105572,-0.8817942704927277,0.6449395272866094,0.011811937200197433,-0.378838035488818,0.403647969594651
CP027,Mindoro Strait,2023-08-01,-0.07115504453436067,-1.2620939261741575,0.8354000541575808,-0.020678223364343603,-0.15109173480932356,0.10975058382416904
CP001,Suez Canal,2023-09-01,0.07807549075862748,-1.1446725183049486,1.486490946614074,-0.0059423094248221555,-0.16345568520180218,0.1377940152120812
CP002,Panama Canal,2023-09-01,0.015118421776663024,-1.0033381474469842,1.0789091688953396,0.0009287939254232212,-0.18300991204497633,0.18253758230486675
CP004,Bab el-Mandeb Strait,2023-09-01,0.043316209889689504,-1.2403013914486747,1.421129592405237,3.2568857905614784e-05,-0.16803802488869415,0.1655929944996491
CP005,Malacca Strait,2023-09-01,0.06613803362705613,-3.0229512119113777,2.9136210309287067,3.1774327203995375e-05,-0.1608948299700688,0.15841433988294729
CP006,Strait of Hormuz,2023-09-01,-0.19222082035552923,-3.3423074216931608,2.7600556269573744,-0.005181294059530214,-0.13197353003285459,0.1210674520239029
CP007,Cape of Good Hope,2023-09-01,-0.03156158939353787,-2.1436841076224242,2.132447024606896,0.0004316933168037949,-0.16966112890654803,0.1670436276386858
CP008,Gibraltar Strait,2023-09-01,0.04842424947105025,-3.1485962054137233,2.95680057183338,-0.0013341021286053041,-0.1535180954543926,0.14793782732599065
CP009,Dover Strait,2023-09-01,0.06782841107983593,-2.222455150140677,2.1722144264968644,0.0042321341637437705,-0.22536948724631606,0.23931775177586975
CP010,Oresund Strait,2023-09-01,-0.10917671900701094,-0.994497817358438,0.6700912775452065,-0.00994938503561182,-0.11433889484458357,0.09775157698447508
CP011,Taiwan Strait,2023-09-01,0.29132178642739004,-2.0048759535836314,2.3411898838131813,-0.003694001669824637,-0.14145426427663418,0.12847771913099545
CP012,Korea Strait,2023-09-01,0.004023270501537535,-0.9616824371019014,0.9112480389236414,-0.0025436330038214818,-0.15066499380416903,0.14024641257461465
CP013,Tsugaru Strait,2023-09-01,-0.008736773049065708,-0.9545537499681543,0.8939637568159451,0.01350232260695903,-0.2849699312017364,0.32116983651343056
CP014,Luzon Strait,2023-09-01,-0.07226613695474442,-0.919295453366805,0.685871149735201,-0.0027934321303349475,-0.14999671981855237,0.13816173095902565
CP015,Lombok Strait,2023-09-01,-0.1445230936476698,-1.016018609532251,0.6962680252457155,-0.008820671601170373,-0.16457732331245076,0.13616748341685192
CP016,Ombai Strait,2023-09-01,-0.10048373145461972,-0.8980772887011848,0.6987643269519909,-0.01725309996921027,-0.1833611310930439,0.16667775002879892
CP017,Bohai Strait,2023-09-01,-0.07075666517589958,-0.8331654211135883,0.7469999353117368,0.0019740051141588265,-0.17371010973159343,0.1808299258685238
CP020,Makassar Strait,2023-09-01,-0.07976670059379118,-1.1190940409105585,0.8091435232687342,-0.008493110516925497,-0.14009361746865404,0.11644866569583695
CP022,Yucatan Channel,2023-09-01,-0.12962128621836214,-0.950656552197028,0.635953701132872,-0.008254838068919915,-0.19673265379328353,0.16682420337836656
CP027,Mindoro Strait,2023-09-01,0.10998417224638893,-1.4966753053848743,1.937014414927363,-0.005525070331021757,-0.15950306961317665,0.13930405998299963
CP001,Suez Canal,2023-10-01,-0.03274294697736424,-1.567321359695522,1.2797171449973046,0.013656267291830733,-0.1644006213248205,0.1944138798951547
CP002,Panama Canal,2023-10-01,-0.04507818186579172,-1.104714270323952,1.0352568375136557,0.004171723875908272,-0.14314076010008805,0.1366569535131812
CP004,Bab el-Mandeb Strait,2023-10-01,0.03023670865208442,-1.4855101929269638,1.5957038601501863,0.010455439640361696,-0.14228777610364693,0.15729640606175418
CP005,Malacca Strait,2023-10-01,-0.15953237988813132,-2.255447948646596,1.5701872455698893,0.005934428978441172,-0.11434005102791034,0.11803206917817885
CP006,Strait of Hormuz,2023-10-01,-0.22574170392255874,-2.1497874083037223,1.3192309666845392,0.0057698221846086825,-0.11433421753766464,0.11622767943710885
CP007,Cape of Good Hope,2023-10-01,-0.08473516530698467,-0.8287656827922472,0.7263667394739326,0.018557276541729856,-0.2172046351165504,0.25432784711756395
CP008,Gibraltar Strait,2023-10-01,0.0321935798575419,-2.1714395446333516,2.121945043216442,0.01293921027198835,-0.15732707281272415,0.1858109744251408
CP009,Dover Strait,2023-10-01,-0.12295074991206877,-1.8581212126716602,1.4396576784716582,0.010523473056794885,-0.165970689437612,0.18083770101476745
CP010,Oresund Strait,2023-10-01,-0.08967561773519411,-0.8041114508126379,0.6850165701151516,-0.0007384296814907897,-0.093306095753341,0.12379814566479352
CP011,Taiwan Strait,2023-10-01,0.4127874331679669,-2.1947713490541747,2.654078970192592,0.006247915678612401,-0.11936744802654586,0.12111545794648938
CP012,Korea Strait,2023-10-01,-0.052454326296391435,-1.0323433862947937,0.727284635341928,0.010022074731293875,-0.15118655935264097,0.16027827420124915
CP013,Tsugaru Strait,2023-10-01,0.025280568813109375,-1.8814942641128338,1.9842834552176782,0.015403082936745938,-0.1827737022078812,0.21464935109725894
CP014,Luzon Strait,2023-10-01,-0.0027150044980646035,-1.8614964419290319,1.9802385903860074,7.124759130891126e-06,-0.10104039573753641,0.120599557337389
CP015,Lombok Strait,2023-10-01,-0.11524117411436095,-1.0690558717701777,0.6716596090461161,-0.0025484840834590697,-0.14459718710331906,0.165249793136095
CP016,Ombai Strait,2023-10-01,-0.02419529360729992,-0.7972780192862033,0.7272807843851331,-0.00756524782877733,-0.17720912211012338,0.18767672490010465
CP017,Bohai Strait,2023-10-01,-0.03959432709122966,-1.1017448600705604,0.8346054584941907,0.021804263212205546,-0.2605357609462567,0.30446949072544505
CP019,Sunda Strait,2023-10-01,0.03982996140662037,-1.7439979104483356,2.02506411600941,0.0077778538325635835,-0.16100007265477545,0.16039256666977114
CP020,Makassar Strait,2023-10-01,0.025275300403042576,-0.8838584303637881,0.8331082681635003,0.007325273926366299,-0.19008361073086377,0.1817185657995634
CP022,Yucatan Channel,2023-10-01,0.01258759530445304,-1.8691533712904858,2.080146777577872,0.002770150532956452,-0.1633552257223308,0.15163959095148402
CP027,Mindoro Strait,2023-10-01,0.07233585201394716,-1.6232185245917612,1.888019717446614,-0.003270474070218488,-0.1232477657635923,0.15376272948524866
CP001,Suez Canal,2023-11-01,-0.016557164847172595,-1.7928895290745466,1.7971975620001084,0.011318099123826687,-0.127533239400627,0.14710032528085523
CP002,Panama Canal,2023-11-01,-0.05705350936138201,-1.0003467600186962,0.7707015322546036,0.009329772471506728,-0.16342197204735578,0.1780963006153606
CP004,Bab el-Mandeb Strait,2023-11-01,0.025194557893402064,-1.3783242011929029,1.4845509853453165,0.015799257835883432,-0.09741833098372031,0.1266792780706751
CP005,Malacca Strait,2023-11-01,-0.06316272147270094,-2.2571939435339368,1.8887365879008473,0.016536906059319963,-0.08804076503802537,0.11991518245787203
CP006,Strait of Hormuz,2023-11-01,-0.19016885492380048,-2.360545333590536,1.7179645497798441,0.008852116750981371,-0.0982963401642179,0.14755225442362108
CP007,Cape of Good Hope,2023-11-01,-0.06118733702673168,-0.7596263709762279,0.6726778900162499,0.016440264438609967,-0.11100815373273001,0.13674159285563098
CP008,Gibraltar Strait,2023-11-01,-0.10960765771235892,-1.9858928462132128,1.5185213115622356,0.014202638251570804,-0.07748558851415163,0.11303776871670534
CP009,Dover Strait,2023-11-01,-0.11081218797387446,-1.9890661845396336,1.5062267364962996,0.012511185198993018,-0.09585458249894957,0.1319578903477278
CP010,Oresund Strait,2023-11-01,-0.03416322668721313,-0.8956584678361622,0.6876610290934866,0.010168489588962762,-0.11494266367290798,0.15408268169880923
CP011,Taiwan Strait,2023-11-01,0.2145927704305841,-1.7002935254659024,2.040649416438568,0.016499852784142545,-0.0873279087690289,0.12011986989869969
CP012,Korea Strait,2023-11-01,0.07826525030366133,-1.5683316431462633,1.8994802294223156,0.014889470843048355,-0.1058309466595792,0.12959057058795373
CP013,Tsugaru Strait,2023-11-01,-0.08008904392399797,-0.8662682821742094,0.695447607390494,0.013161738164521632,-0.13261020065089937,0.14905374253998668
CP014,Luzon Strait,2023-11-01,0.0676325377796839,-1.8391559646836482,2.1026126174603412,0.011687519241132838,-0.1010705342318545,0.13061202983911502
CP015,Lombok Strait,2023-11-01,0.016085437169703124,-1.8395789791192962,1.955941626314555,0.0032094571417546533,-0.15715953741133112,0.21153963117720245
CP016,Ombai Strait,2023-11-01,-0.10670684318914711,-0.8491430769431424,0.6429581210101429,-0.003919728546476293,-0.245338470598954,0.26366703420417337
CP017,Bohai Strait,2023-11-01,-0.0170637463377631,-0.915723261112265,0.8350321162154241,0.026881295025712154,-0.18873354160041828,0.24811410731232406
CP019,Sunda Strait,2023-11-01,-0.08430484123573809,-2.0742923849401538,1.9948743932121356,0.02592094237923722,-0.17404972026440252,0.22441769322413485
CP020,Makassar Strait,2023-11-01,-0.0843927408486406,-0.981610096769739,0.6735327890839307,0.012570841703589648,-0.15387805817520467,0.15996189415234002
CP022,Yucatan Channel,2023-11-01,-0.17176192824628256,-1.180592139134241,0.6413044196447042,0.002396696110354057,-0.2624776002698729,0.2788559151229695
CP027,Mindoro Strait,2023-11-01,-0.07450054036213641,-1.0163829784503289,0.7793649385525471,0.009150545840312253,-0.1303082776389931,0.1668365612822807
CP001,Suez Canal,2023-12-01,0.0010477411135864792,-2.1222835369536663,1.7119246719367234,0.015505375101033973,-0.11253493542836154,0.1595272593515549
CP002,Panama Canal,2023-12-01,-0.010980576649630919,-0.8846733109273186,0.9284677703006464,0.010692212215740763,-0.21240134928508844,0.22549630442437552
CP004,Bab el-Mandeb Strait,2023-12-01,-0.045823693590803925,-1.9776482696919835,1.7044807687621697,0.01066856887217156,-0.17340108487688857,0.19154218546214904
CP005,Malacca Strait,2023-12-01,-0.0944650480975538,-2.456080774266212,1.9216434006191356,0.01505537229767715,-0.11476412384162171,0.16471185000537708
CP006,Strait of Hormuz,2023-12-01,-0.18521200305118787,-2.151214361070288,1.362385552318843,0.007456960969981021,-0.1812790004166691,0.21188159384162084
CP007,Cape of Good Hope,2023-12-01,-0.1178929680451867,-0.7912615523698233,0.6484018626897454,0.019797051889527243,-0.08933598601404953,0.13624260532991664
CP008,Gibraltar Strait,2023-12-01,0.12799866985846767,-2.332056316818872,2.4339209504546124,0.021958702430429727,-0.08968726998288816,0.13065490675686933
CP009,Dover Strait,2023-12-01,-0.09111012071180657,-2.4903974463353897,2.1065155193700438,0.016852850853042285,-0.12154463661562095,0.17074424936396396
CP010,Oresund Strait,2023-12-01,-0.0738632159563762,-0.9602474369483387,0.7127011999605564,0.0066588281082519,-0.20971393861102297,0.26444330815239886
CP011,Taiwan Strait,2023-12-01,0.34053037469423875,-2.273482789669963,2.6557476214367273,0.013678614790957451,-0.12716192940934404,0.1720069533658459
CP012,Korea Strait,2023-12-01,-0.04787684385779074,-1.0131341369810856,0.7491551135714651,0.016387043087699664,-0.11497832347261702,0.1554762844929466
CP013,Tsugaru Strait,2023-12-01,-0.06696566332907183,-1.0317667486722757,0.7410166263318579,0.023823947150522475,-0.093388149545822,0.13614135596469873
CP014,Luzon Strait,2023-12-01,-0.007567387394191072,-1.9894968139023022,2.076760639288636,0.010334584036284728,-0.18467949211495013,0.19402335782600227
CP015,Lombok Strait,2023-12-01,-0.09830292149579614,-1.0129237084602047,0.76960300077506,0.0018871856746141065,-0.24694844318499523,0.26831285405957994
CP016,Ombai Strait,2023-12-01,-0.08515262539566379,-0.8140734613193342,0.6716008530342982,0.0007126789835386655,-0.2638120495320154,0.2754539128002463
CP017,Bohai Strait,2023-12-01,-0.10538468857251526,-0.9846503650901717,0.663170320970849,0.026495068352376833,-0.1220344235789579,0.16432284935468647
CP019,Sunda Strait,2023-12-01,-0.1355281778602177,-0.8245938375546508,0.5800822021844811,0.024810574397228138,-0.10969492414222619,0.15812571721690166
CP020,Makassar Strait,2023-12-01,-0.01381302616749365,-0.8968354770701243,0.7949541441114842,0.015285293079758226,-0.14826434800525956,0.19456614930984154
CP022,Yucatan Channel,2023-12-01,-0.14995134621557138,-1.039562645936104,0.6561814364133405,0.009301963096068306,-0.23336019019410634,0.2437310859466442
CP023,Windward Passage,2023-12-01,-0.0592440258980845,-2.320322944679515,2.267364497426027,0.013512371257444021,-0.11729975945771394,0.17246683363999069
CP027,Mindoro Strait,2023-12-01,0.04368635584623934,-1.7455915959096961,1.9375763118828646,0.008425079157944711,-0.17161559290006279,0.21941330317766164
CP001,Suez Canal,2024-01-01,-0.09166560522237029,-1.2656297763577573,0.8396880265345994,0.012781491264240363,-0.17516022141900936,0.18628145154751308
CP002,Panama Canal,2024-01-01,-0.05569559983011932,-1.4416677439489411,1.238124294331264,0.011293564998479003,-0.22590919591161054,0.228185871207963
CP004,Bab el-Mandeb Strait,2024-01-01,0.026624413259558107,-1.641113981970741,1.8350874299623916,0.021245902164782164,-0.09552325731458124,0.14512499594787245
CP005,Malacca Strait,2024-01-01,-0.08488948782857372,-1.8416643478543226,1.3996888737662534,0.015897283842125663,-0.12908628200606165,0.16807746383365413
CP006,Strait of Hormuz,2024-01-01,-0.19713354456180343,-2.6745199027402387,2.1718725782377044,0.01684064799197577,-0.12165862540834323,0.17366507174419088
CP007,Cape of Good Hope,2024-01-01,-0.09640103342858604,-1.214463174122745,0.7677496717864775,0.027561308382506273,-0.11693649426462732,0.16528728410876342
CP008,Gibraltar Strait,2024-01-01,-0.0372687456213424,-2.6217692453519756,2.4346052816097625,0.017219441233837177,-0.11554144494826862,0.15992988749051823
CP009,Dover Strait,2024-01-01,-0.12940917006286443,-2.0679071701756113,1.6415897317117563,0.014092593070459219,-0.1412948551293686,0.19000060770239235
CP010,Oresund Strait,2024-01-01,-0.05110325678571621,-1.1535002055930357,0.8397701040335754,0.008867306147427175,-0.18877206423317613,0.22562735293424804
CP011,Taiwan Strait,2024-01-01,0.10711111722179475,-1.9384423335327527,2.016547032697591,0.014082779690763209,-0.13465877238736554,0.177648699322892
CP012,Korea Strait,2024-01-01,0.0004247260007528173,-0.7869237733602532,0.7816921103198224,0.01729892448754232,-0.14249396999235758,0.17473718720866113
CP013,Tsugaru Strait,2024-01-01,-0.0006046969239428539,-2.0778558394788638,2.2420338998684017,0.018878251612155186,-0.11915642957986793,0.15964967189131693
CP014,Luzon Strait,2024-01-01,-0.11411761362308445,-0.9037435653175767,0.7088395641615294,0.011421195570656906,-0.16651734126461548,0.19358645837160357
CP015,Lombok Strait,2024-01-01,-0.08902912925668051,-0.8380964411275951,0.7808656104564616,0.00755899939192345,-0.21915040424889995,0.26063994197155427
CP016,Ombai Strait,2024-01-01,-0.08599264528350715,-0.906857516525786,0.6840886242019336,0.0019668826922257035,-0.2714137391169048,0.27947978760624337
CP017,Bohai Strait,2024-01-01,-0.08196476868512095,-1.0756600541343018,0.7485718082703224,0.0229700569351117,-0.10488908151738363,0.1461022836255505
CP019,Sunda Strait,2024-01-01,-0.01985765075355863,-2.109193107462953,2.094540190287297,0.025433056556515617,-0.10028970901247268,0.14991407079004085
CP020,Makassar Strait,2024-01-01,-0.04607728670281095,-0.9637445554595253,0.8327976611797031,0.01352674399299847,-0.16941269174061313,0.23466903504421172
CP022,Yucatan Channel,2024-01-01,-0.13432634656424708,-1.063837418499503,0.6472157824128514,0.008063968299976194,-0.27581795291417216,0.26392262320994436
CP027,Mindoro Strait,2024-01-01,0.19215922279805228,-0.9457127200132429,1.5031666043888725,0.006316133960824275,-0.21847153986306658,0.2478561768175132
CP001,Suez Canal,2024-02-01,-0.12169745534222152,-1.851177277133069,1.318331865162206,0.007739422924258907,-0.17471779706292007,0.19094639132629038
CP002,Panama Canal,2024-02-01,-0.11058847345998599,-1.0282848188497709,0.6891033124559247,0.002973638663977175,-0.28158793417094136,0.25479877217543034
CP004,Bab el-Mandeb Strait,2024-02-01,-0.1420245227217238,-1.7133724578686782,1.1512928579855772,0.006530221367032338,-0.19075647768279788,0.1977422618537881
CP005,Malacca Strait,2024-02-01,-0.1402494205781022,-2.4429384497196436,1.648305174399459,0.005620698249936154,-0.19853821923425025,0.20494365286690414
CP006,Strait of Hormuz,2024-02-01,-0.18173724184116513,-2.410196053347826,1.787558148168067,0.00850348938858403,-0.1591912457680979,0.18911575609822445
CP007,Cape of Good Hope,2024-02-01,-0.05921977251139449,-1.1095862602772126,0.8496053850671719,0.01441320915556723,-0.1262111804179092,0.1542103489462597
CP008,Gibraltar Strait,2024-02-01,0.02867093410609171,-2.753022082175882,2.662297673693612,0.012859850789525666,-0.1196757675208767,0.17324728385124102
CP009,Dover Strait,2024-02-01,-0.03474299729262081,-2.1649393406189885,1.9727972095339792,0.006792199659036707,-0.1779853526071758,0.2090135763925904
CP010,Oresund Strait,2024-02-01,0.01119650647644134,-1.161112231937177,0.932515871467378,0.005244725850595863,-0.20453439670485718,0.22137525244543926
CP011,Taiwan Strait,2024-02-01,0.159120359038577,-1.600035624291777,2.0427733759279776,0.005335969303527663,-0.20655672432064276,0.2081783940094101
CP013,Tsugaru Strait,2024-02-01,-0.0865601411395731,-0.8513474274444297,0.698691578064888,0.012909668747729931,-0.1654737212226284,0.1911027930292866
CP014,Luzon Strait,2024-02-01,-0.10300734088662553,-0.7572579843927628,0.6165030072092956,0.00524628751572914,-0.19711516178565136,0.20908708200196477
CP015,Lombok Strait,2024-02-01,-0.04734350029094693,-0.7893990972111177,0.7290861239739318,-0.0005218480687857899,-0.2656685187597541,0.2648909760984735
CP016,Ombai Strait,2024-02-01,-0.07621730143601524,-0.7808288542788977,0.7081650552910767,-0.003757396526888543,-0.30076760564631855,0.28590608420813174
CP017,Bohai Strait,2024-02-01,-0.11765266623729077,-0.8529763746889233,0.6665925289081696,0.01736029204835213,-0.1069384796516384,0.1544378174391235
CP019,Sunda Strait,2024-02-01,-0.08634179713345587,-0.8100710481132901,0.671226036324641,0.01322343824880737,-0.15139306714660436,0.17765441736932114
CP020,Makassar Strait,2024-02-01,0.01846426545367912,-1.8410754016435071,1.9902269363114211,0.009093125000576335,-0.18768265398026066,0.2181637739676411
CP022,Yucatan Channel,2024-02-01,-0.014157121118359702,-2.0109950765565996,1.9899437481682891,0.0018351270485753727,-0.2715124993672303,0.25022471302259086
CP027,Mindoro Strait,2024-02-01,0.089160872927956,-1.539953030639106,1.9708034234391878,0.0018615616439235005,-0.23595669115698675,0.24206215567167788
CP001,Suez Canal,2024-03-01,0.015499147897770297,-2.1118976170558477,1.8737004766755176,0.0057581318674260204,-0.11793457898677932,0.13980620182456485
CP002,Panama Canal,2024-03-01,-0.08188821191365621,-1.2181521561448956,0.9359830980214908,-0.0063830341107276025,-0.2920813431866267,0.26879693415683864
CP004,Bab el-Mandeb Strait,2024-03-01,0.03631998068498586,-1.9555466025634929,1.788080532470135,0.009385736539105462,-0.10310827606861213,0.12866434898473317
CP005,Malacca Strait,2024-03-01,-0.1838976530226238,-1.9766319145273537,1.4073681629684658,0.003224136380602421,-0.13801805315699378,0.14980519997725683
CP006,Strait of Hormuz,2024-03-01,-0.09320018097279915,-2.9348953534304942,2.5506901063656486,0.0026379968967209866,-0.14738381063923525,0.15867678905180885
CP007,Cape of Good Hope,2024-03-01,-0.09909735343098676,-0.9976592153851823,0.7254393385338467,0.012160420854740105,-0.10737257348712166,0.1243042028372009
CP008,Gibraltar Strait,2024-03-01,0.02711464359341339,-3.003981749689674,2.702021319165405,0.003793420563069605,-0.13760919934515833,0.15320786880510012
CP009,Dover Strait,2024-03-01,-0.14067405477240824,-2.259468198922668,1.769750624603822,0.00265638239337549,-0.14983763919442145,0.16539514308817052
CP010,Oresund Strait,2024-03-01,-0.02244954128909852,-1.174457847891597,1.112544223378422,-0.002728185448931605,-0.2042207482096803,0.19898028025229525
CP011,Taiwan Strait,2024-03-01,0.3218994722385853,-2.521851534975844,3.160260249741055,-0.0017544209074037717,-0.19748831955326338,0.18174387788842805
CP013,Tsugaru Strait,2024-03-01,-0.14291684456728482,-1.0405717022746628,0.6626685778320932,-0.00588393345026042,-0.23254979317500638,0.2192949003393741
CP014,Luzon Strait,2024-03-01,-0.05028850900711148,-0.7604911446634629,0.650265512357674,-0.013926392269092149,-0.332648957334855,0.31087143508272813
CP015,Lombok Strait,2024-03-01,-0.06564795260963367,-0.7632201660978736,0.6887931927452673,-0.004285629253013773,-0.23576400219590654,0.22824892665958962
CP016,Ombai Strait,2024-03-01,-0.04667688934294444,-0.7590534340113423,0.6862500746346223,-0.01684156881028379,-0.3729813727487732,0.33715036452017905
CP017,Bohai Strait,2024-03-01,-0.04670579087766285,-1.0216977019877918,0.7756891778233015,0.004819753887403232,-0.12413193182890557,0.14498871458893794
CP019,Sunda Strait,2024-03-01,0.026543642558249807,-1.8151474482601317,2.0881289327572246,0.007523414919109164,-0.12228976566245002,0.1431083673167307
CP020,Makassar Strait,2024-03-01,0.014107360250341086,-1.9561598098405522,2.2269516626582524,-0.014809289647425247,-0.3447252191423352,0.3094183715709327
CP022,Yucatan Channel,2024-03-01,-0.1014091133862454,-0.9222420749873469,0.6776938601371919,-0.00423388858091254,-0.236104060817764,0.21445204776990348
CP027,Mindoro Strait,2024-03-01,0.034998311411522154,-1.0600911514037654,1.1066773301188686,-0.00967433254538561,-0.2810691825047439,0.25440466854435156
CP001,Suez Canal,2024-04-01,-0.10656288632528375,-2.2923133531602984,1.8794117065287481,-0.003672027298330474,-0.10996475183616403,0.10895704906672059
CP002,Panama Canal,2024-04-01,-0.14397112741698662,-1.3554790431630535,0.9009403015840683,-0.01127568849775643,-0.21764320209593835,0.21059404000514317
CP004,Bab el-Mandeb Strait,2024-04-01,0.02283660208459151,-1.2048941212759352,1.3465861238339072,0.0011647789305319375,-0.11971247694686231,0.09303144456650524
CP005,Malacca Strait,2024-04-01,-0.1679600854952747,-2.5014792249552302,1.9040799073479815,-0.005454520955847337,-0.11369991452195803,0.10625838074718093
CP006,Strait of Hormuz,2024-04-01,-0.11031829638131163,-2.80411817474078,2.520221138506919,-0.005540646755574894,-0.11563579027756953,0.1166557121367662
CP007,Cape of Good Hope,2024-04-01,-0.06478165665470395,-0.9526466223269731,0.7015038838584862,0.001026730524587989,-0.12958710963581643,0.11332163288516228
CP008,Gibraltar Strait,2024-04-01,-0.02468627912393116,-3.044752159095198,2.9632920187371194,-0.002111958557374312,-0.1037123005513865,0.09572025799082864
CP009,Dover Strait,2024-04-01,0.12838249564426552,-2.6970061424147858,2.7630581855604905,-0.005880981338156833,-0.12538842300191597,0.1280637490979216
CP010,Oresund Strait,2024-04-01,-0.008509561459242435,-1.20587064169726,0.9841378069737295,-0.010788995534016426,-0.215702868916461,0.21272148531749666
CP011,Taiwan Strait,2024-04-01,0.4559910075092598,-3.065257353039729,3.5475089831075843,-0.0028592898547633023,-0.10016048089511577,0.09781332830694184
CP012,Korea Strait,2024-04-01,0.10830423182956837,-0.9301998733747844,1.23099060605717,-0.0034339039206580818,-0.14137724805050683,0.147831724140155
CP013,Tsugaru Strait,2024-04-01,-0.07972018168281994,-2.171119538291946,2.0795203621924254,-3.307483651052857e-05,-0.12677537672201392,0.11751040757412935
CP014,Luzon Strait,2024-04-01,0.009836478246096542,-1.9711807426236843,2.2447079844612854,-0.011107181289333976,-0.1708303781659948,0.15002509887163287
CP015,Lombok Strait,2024-04-01,-0.04598521827593295,-1.192594037838553,0.9567736529096308,-0.01248327694340339,-0.22066208682807384,0.21506622698857086
CP016,Ombai Strait,2024-04-01,-0.03986773144740935,-0.8065829897837277,0.7065275790486792,-0.017757148625521916,-0.25174717665212143,0.21215522299020115
CP017,Bohai Strait,2024-04-01,-0.09424842339772808,-0.852264816897456,0.6352117786564789,0.004842419492745327,-0.16740548367338304,0.1617339379926362
CP019,Sunda Strait,2024-04-01,-0.14648490206647635,-1.0278849874943408,0.6539219991337846,0.0016983486024660444,-0.13710855179919162,0.11817340894031707
CP020,Makassar Strait,2024-04-01,-0.02950746282310626,-1.8421296476892066,1.830195607656753,-0.021379530421173003,-0.3021585171563582,0.255525429187653
CP022,Yucatan Channel,2024-04-01,-0.011722663014212913,-1.9352747266391659,1.8052269321941568,-0.010335028291777964,-0.19736925664400634,0.18725453804783682
CP027,Mindoro Strait,2024-04-01,0.06909259862761913,-1.6282088598253202,1.850312294000418,-0.011819398460648793,-0.19088763384139107,0.17256276927466965
CP001,Suez Canal,2024-05-01,0.05738387133992056,-1.1967895168793514,1.2856970229598184,-0.007041997287036324,-0.15263916010084272,0.10632410926706622
CP002,Panama Canal,2024-05-01,-0.09822922631980022,-0.8235975498861593,0.726888123151295,-0.01786230411545697,-0.17924730331767194,0.16591258545186113
CP004,Bab el-Mandeb Strait,2024-05-01,0.01658211413242293,-2.2463692309877565,2.057509532455862,-0.0046235941726268295,-0.17331974732543137,0.13024949127338603
CP005,Malacca Strait,2024-05-01,-0.05551397239563489,-2.4057925170492687,2.203623308983736,-0.009078780212035566,-0.13502044922861386,0.09384473079132587
CP006,Strait of Hormuz,2024-05-01,-0.24199856909662576,-2.5377389648408664,1.9194249979142057,-0.010830643297846228,-0.1292271169563198,0.09921076188791385
CP007,Cape of Good Hope,2024-05-01,-0.03746905388031129,-0.8322230962964499,0.6712755121163114,-0.00208997168656309,-0.19518572343467802,0.15517924245552805
CP008,Gibraltar Strait,2024-05-01,0.09698031587080498,-2.5200697957969065,2.736572268640906,-0.00536314101962381,-0.17117836108194237,0.13932532109636125
CP009,Dover Strait,2024-05-01,-0.12032080789262745,-1.7970924702141309,1.3791810267993971,-0.00663242777316881,-0.1789678147102133,0.16110932850109158
CP010,Oresund Strait,2024-05-01,-0.03595193556427184,-1.0085409890399526,0.7614573050632318,-0.007133254951258399,-0.17346237471917625,0.15585796484998585
CP011,Taiwan Strait,2024-05-01,-0.10315579518368484,-1.3198064986306144,1.0531925266200117,-0.008096769693470512,-0.14176654086452606,0.1081385458458106
CP012,Korea Strait,2024-05-01,0.35109977099025996,-1.183066432782331,1.8472053619413076,-0.008365096290914446,-0.13833626155020565,0.10631664061460687
CP013,Tsugaru Strait,2024-05-01,-0.037719978166713304,-1.9753238676606812,2.1378693253677885,-0.0010495441684318773,-0.20535086929534366,0.16445701347251523
CP014,Luzon Strait,2024-05-01,-0.02764420512791872,-0.9199198642179612,0.8310307354392438,-0.022582978052246756,-0.19848115662942079,0.15896338108983432
CP015,Lombok Strait,2024-05-01,-0.08814479725894957,-0.8767254635628011,0.7915916833197424,-0.0204888689116866,-0.1871910759886933,0.15302878103258924
CP016,Ombai Strait,2024-05-01,-0.05814961898969568,-0.8860002224263106,0.7058471451474289,-0.029000999495351273,-0.2848513025350785,0.2199426532934894
CP019,Sunda Strait,2024-05-01,-0.05027352273405069,-0.8334662521470098,0.7632360240446318,-0.003279877236615319,-0.19571346747741875,0.1391668985902002
CP020,Makassar Strait,2024-05-01,0.02410774789109545,-1.8154386807942933,1.940016978338243,-0.025399189160430644,-0.22502170916704795,0.17477437551464156
CP022,Yucatan Channel,2024-05-01,-0.12795846770090977,-0.8428914320296141,0.6036382304918264,-0.010743479846319218,-0.1457578010964694,0.11657538576417643
CP027,Mindoro Strait,2024-05-01,0.09379360122927254,-1.3470966843761996,1.5360181772026942,-0.020507892685874093,-0.16951077951812488,0.1345318945278036
CP001,Suez Canal,2024-06-01,0.08858121497284294,-1.231177341590155,1.4765325692806124,-0.021589725396447122,-0.14923321491649807,0.12130366041585937
CP002,Panama Canal,2024-06-01,0.03826532645306263,-2.19520668224804,2.4237765570412493,-0.028153715227457646,-0.22256621696273549,0.19472939515496537
CP004,Bab el-Mandeb Strait,2024-06-01,0.059719780126512356,-1.3472148906430712,1.6285601234681377,-0.00986977184187413,-0.18876992686224386,0.1473146414329215
CP005,Malacca Strait,2024-06-01,0.112310007072268,-2.6793058733997457,2.5050627911034544,-0.012669318564229773,-0.16829241150712618,0.12586370846898187
CP006,Strait of Hormuz,2024-06-01,-0.11847723937413959,-2.8426549335374767,2.3457821189088217,-0.015258694491961265,-0.15330182675407872,0.1158738928608226
CP007,Cape of Good Hope,2024-06-01,-0.07946481526656916,-1.0299254912608637,0.721945452021737,-0.010746875096302688,-0.18687678966502969,0.14200094628779394
CP008,Gibraltar Strait,2024-06-01,0.32519966397895167,-2.3246393854503227,2.785936819576478,-0.015869395090761528,-0.1483051817307822,0.09303450204855616
CP009,Dover Strait,2024-06-01,0.15211440190136954,-2.3328183663904904,2.505835272203764,-0.015764207979070514,-0.1607663925350117,0.1320066663546155
CP010,Oresund Strait,2024-06-01,-0.03415387028420686,-1.336468726726121,1.1694169446959792,-0.016527722130795564,-0.1491135453895096,0.11586241695593712
CP011,Taiwan Strait,2024-06-01,-0.006166196713068225,-1.046146812510829,0.9174728850885504,-0.018572212280786798,-0.14693586726869307,0.10160591338487068
CP012,Korea Strait,2024-06-01,-0.07100208458062938,-0.7180428408827272,0.6884051267414908,-0.018899477260648702,-0.1284232311927029,0.07996149511243074
CP015,Lombok Strait,2024-06-01,-0.0070408344153407776,-0.9192167500873484,0.7598382843678847,-0.022127050621934593,-0.1699361748423043,0.13222059183068507
CP016,Ombai Strait,2024-06-01,-0.04198340641551235,-2.048527927596023,2.0177127935989705,-0.03276534393181604,-0.2495278100731087,0.1976850394518635
CP018,Torres Strait,2024-06-01,-0.11762668069445265,-0.956628521540626,0.665950907507216,-0.008675922435902397,-0.23929276737622335,0.2336882433761376
CP019,Sunda Strait,2024-06-01,0.0372029928908577,-1.9235510416245414,1.9078013616883271,-0.0040159878421843565,-0.24096344339797426,0.21018895511011776
CP020,Makassar Strait,2024-06-01,0.056347505413748666,-1.9276328903238833,2.3006224621566926,-0.019607807263801656,-0.15943170214985558,0.12401175985156396
CP022,Yucatan Channel,2024-06-01,-0.02464959421209161,-2.4550435255472007,2.4751104479264048,-0.020680270697302158,-0.12468563096596412,0.08227607381627149
CP027,Mindoro Strait,2024-06-01,0.13574818471137698,-0.7778095821124418,1.1721078627237391,-0.01851769833258465,-0.16460508563816992,0.12917888509346395
CP001,Suez Canal,2024-07-01,0.005206640948424035,-2.2612072515690547,2.018452535906508,-0.02319631551200462,-0.1606927745999956,0.12575541203366586
CP002,Panama Canal,2024-07-01,-0.03215786762216496,-0.8853333942497109,0.8444235096888252,-0.02435748360873471,-0.20796941909914773,0.19102129115181468
CP004,Bab el-Mandeb Strait,2024-07-01,0.05444603412319939,-1.1694914793845703,1.481528620835799,-0.009057958842978673,-0.20661518504954526,0.17695192504663687
CP005,Malacca Strait,2024-07-01,0.09721992566859926,-3.054571628683611,3.0200571234373754,-0.01460905402499863,-0.16616907655988256,0.12903591424203978
CP006,Strait of Hormuz,2024-07-01,-0.1285334637290805,-3.0891116306611743,2.522652228222422,-0.013890282158087248,-0.1725068150753247,0.15065297835797964
CP007,Cape of Good Hope,2024-07-01,-0.009801447517407275,-2.0630581361802207,2.0515802034389488,-0.009790748510399334,-0.20930389883760547,0.16988383900214638
CP008,Gibraltar Strait,2024-07-01,0.11207004741869768,-2.2521096538471537,2.421006223432071,-0.01989739853249937,-0.14349985018007425,0.094239877730926
CP009,Dover Strait,2024-07-01,0.028281844175852146,-1.3331740574774609,1.3708305014096394,-0.012445488896510403,-0.22241629622002512,0.20523282947731555
CP010,Oresund Strait,2024-07-01,-0.10175808990498653,-0.9755033512018825,0.6702596008547816,-0.023614842621350704,-0.17332088443170363,0.13417911859497192
CP011,Taiwan Strait,2024-07-01,0.024495240464585902,-1.7267984444808817,1.6332670042707296,-0.019346476949600688,-0.16413955271402805,0.11301809596895099
CP012,Korea Strait,2024-07-01,0.025799300052139332,-1.1930627840996506,1.0677572540673101,-0.05084171682963843,-0.4654621630249061,0.38951806303526754
CP015,Lombok Strait,2024-07-01,0.09716747497224473,-1.1647371827573194,1.4086186274854324,-0.029816276156355646,-0.22636762880049383,0.15682175274947294
CP016,Ombai Strait,2024-07-01,-0.10962804306745633,-0.9339644586903858,0.7077862711688022,-0.03649996588578571,-0.28215120717261083,0.23228152899718021
CP020,Makassar Strait,2024-07-01,-0.08077010253605169,-0.8742926597170098,0.6760965225477985,-0.027138777305950837,-0.17058533471497572,0.11784199559677035
CP022,Yucatan Channel,2024-07-01,-0.10097523006062915,-0.7842562552925278,0.649283805396848,-0.018258324105888603,-0.2013573084645196,0.13636186346768828
CP027,Mindoro Strait,2024-07-01,0.05317857974163886,-1.6864387916602401,1.86298263890372,-0.02162316054664876,-0.1618900866618516,0.1282656053088
CP001,Suez Canal,2024-08-01,0.07319299298826944,-1.0676059228646884,1.3681351413589524,-0.006700730873374784,-0.2022455508281944,0.17297517112284502
CP002,Panama Canal,2024-08-01,0.04744098284390469,-1.8786279744703944,2.0677666129584384,-0.020333815331672177,-0.18962561637722172,0.15013877724230162
CP004,Bab el-Mandeb Strait,2024-08-01,-0.007894942838667516,-2.396221292220766,2.1538911017034694,-0.015630219295933525,-0.1803644833704613,0.12995621201040952
CP005,Malacca Strait,2024-08-01,-0.08201164898706352,-2.5720240978222226,2.2137088181249864,-0.010115983624607895,-0.18162867975808894,0.1407237342076753
CP006,Strait of Hormuz,2024-08-01,-0.05616491067626149,-2.813601412312411,2.476914809216224,-0.015920827266135928,-0.14588993672393374,0.10002514881783985
CP007,Cape of Good Hope,2024-08-01,-0.1147969766274767,-0.9003967108628395,0.6842822411886612,-0.02305520702392838,-0.22178440415357456,0.19344834501980898
CP008,Gibraltar Strait,2024-08-01,0.11667717163203942,-3.075681059330381,3.1108155357017,-0.0030979678370727614,-0.22038962668642964,0.21510346530975416
CP009,Dover Strait,2024-08-01,-0.06470129434088633,-2.0928515197388666,1.7374270578459472,-0.014937460108286076,-0.1555923017308841,0.12122721127003964
CP010,Oresund Strait,2024-08-01,-0.058566026637584874,-0.9942712011780127,0.7582599337705461,-0.02363268313861516,-0.17836286099922766,0.12988633656825507
CP011,Taiwan Strait,2024-08-01,-0.16862414104323042,-1.4596862052084207,0.9665384648710911,-0.014131605398641453,-0.1841160869526921,0.135463728018699
CP012,Korea Strait,2024-08-01,0.18924623807887103,-1.1471635488358212,1.3396070849801516,-0.0070099237442717436,-0.200244791271357,0.17309388657311894
CP013,Tsugaru Strait,2024-08-01,0.05138792757987173,-1.7787168012203403,2.107037590244029,-0.004374382459784406,-0.22337147589256473,0.20807648730649303
CP014,Luzon Strait,2024-08-01,-0.12660728189079362,-0.8090296939135174,0.6597791279578803,-0.01775554936639114,-0.14593899486903766,0.10814087339741155
CP015,Lombok Strait,2024-08-01,-0.10412670952882846,-1.3220595517419118,0.7952642462358491,-0.017037044588966755,-0.21303231398701925,0.16378463056404932
CP016,Ombai Strait,2024-08-01,-0.08091298203933146,-0.830682538953992,0.6763758727932547,-0.026793472658053347,-0.20428092203979745,0.16296215698569463
CP017,Bohai Strait,2024-08-01,-0.1628278337657503,-1.072029081436952,0.628538028293348,0.0041999558549953376,-0.2818214438198769,0.3007647505861807
CP020,Makassar Strait,2024-08-01,-0.05657839342319058,-0.8741490576878372,0.7547207701541806,-0.008122734422626503,-0.27931562803576554,0.25143055347514853
CP022,Yucatan Channel,2024-08-01,0.035834929648361186,-2.216854279004721,2.390208029591833,-0.023429925397826182,-0.17224648202095477,0.1396847301524411
CP023,Windward Passage,2024-08-01,-0.07204019498263192,-0.8016524398826007,0.6583533249397969,-0.004595785652048498,-0.21608766426913087,0.19338406200142705
CP027,Mindoro Strait,2024-08-01,0.08127041392562125,-1.6489132928468602,1.9567274997752564,-0.026262275046921236,-0.20077478188413928,0.15797690516140553
CP001,Suez Canal,2024-09-01,0.17714680158092003,-2.388446153671093,2.497015187987404,0.0022443252542867203,-0.18098716002192342,0.18544751212926938
CP002,Panama Canal,2024-09-01,0.03678983095264262,-1.8120044683870193,2.136844182735644,-0.013262552739153792,-0.24034262067516582,0.217164879327854
CP004,Bab el-Mandeb Strait,2024-09-01,0.06958847163566349,-1.118758271424771,1.2534918736159295,0.0009421081926917236,-0.16944717869786394,0.1738967792156005
CP005,Malacca Strait,2024-09-01,0.08498058484808377,-3.12219834040666,3.118649813911505,-0.0020148430403319367,-0.15084593720156392,0.13911266908357323
CP006,Strait of Hormuz,2024-09-01,-0.1796552515394029,-2.7731548759137605,2.2161536167791,-0.004228954603567487,-0.14373216924669255,0.1310054194275868
CP007,Cape of Good Hope,2024-09-01,-0.055237200953359177,-2.250172182101707,2.1679795944766047,0.0013103270372647133,-0.17527017226619443,0.17966933649837635
CP008,Gibraltar Strait,2024-09-01,0.3046317113467714,-2.7277708720420035,3.2066500211126754,0.0007407412772936939,-0.16710046884014398,0.167631270949455
CP009,Dover Strait,2024-09-01,0.07432217807554437,-1.1542824116094192,1.500406042494887,-0.007280860259800239,-0.13510870780301462,0.11764529681034729
CP010,Oresund Strait,2024-09-01,0.03292809226561534,-1.1381344923047907,1.0477281844847344,-0.01315294693669299,-0.14816074347162447,0.1285691921399888
CP011,Taiwan Strait,2024-09-01,0.0702288885960216,-1.5488168449165445,1.497823101639373,0.001477859244572714,-0.2108680467997498,0.20483509257807855
CP012,Korea Strait,2024-09-01,0.030548839427456224,-0.9653472434992252,0.9987171606237871,-0.0012928782136335326,-0.15965767029668526,0.15346560853067304
CP013,Tsugaru Strait,2024-09-01,-0.013591847055492174,-2.1458810851647154,2.2157793882738748,-0.0022962453296894066,-0.1952393110651582,0.1691678127348665
CP014,Luzon Strait,2024-09-01,0.015952859160785416,-0.8996891093536769,0.8259508125627897,-0.016888772833171955,-0.1863244587956404,0.17047622738897478
CP015,Lombok Strait,2024-09-01,-0.10186087826076948,-1.0815450225574275,0.7410961323298076,-0.01423800558649225,-0.1871719827395481,0.15729003203884548
CP016,Ombai Strait,2024-09-01,-0.009450794964187456,-1.0281525972740562,0.8314535033557249,-0.0222620775409787,-0.2514700572772432,0.22384840746630028
CP019,Sunda Strait,2024-09-01,-0.0023357794272224268,-1.9228543097617221,2.088905585169368,0.007458479642678184,-0.21958033295646143,0.24509610097886547
CP020,Makassar Strait,2024-09-01,-0.005886792853105931,-1.0595430715741994,0.8762592954298882,-0.0036549946217310056,-0.25083304205810836,0.22357131090220086
CP022,Yucatan Channel,2024-09-01,-0.11856174266640188,-0.7877262336310724,0.5811657471210009,-0.012305821836741457,-0.23407598827707865,0.20894773012775347
CP023,Windward Passage,2024-09-01,-0.05668073752523052,-0.8038553204121806,0.7598562693778992,-0.020472183563469443,-0.26535470091423685,0.2357938719271643
CP027,Mindoro Strait,2024-09-01,0.0548003625439848,-0.9206840838358266,1.018153999803341,-0.01310441099386375,-0.16480384728305553,0.13360326229114597
CP001,Suez Canal,2024-10-01,0.18932340302303957,-2.0394226641066875,2.2037031442744683,-0.0004417578487609517,-0.19177758419561905,0.18936693430212442
CP002,Panama Canal,2024-10-01,0.04125940161718958,-0.9772846681908757,0.8900094381452146,-0.0012627505724896362,-0.211374030607951,0.2143229052827606
CP004,Bab el-Mandeb Strait,2024-10-01,0.04057386584803386,-1.3566778250169695,1.3759707945402606,0.006999482503378567,-0.15144166074924453,0.15055683927357327
CP005,Malacca Strait,2024-10-01,0.1931651778672259,-2.6592706978731258,2.8087452912228312,0.006188436529067332,-0.11189695132236721,0.11330434778221209
CP006,Strait of Hormuz,2024-10-01,0.1196951525056473,-2.7093684489307317,2.9117468891106353,-8.442330598963805e-05,-0.09844667084391856,0.12061069835568039
CP007,Cape of Good Hope,2024-10-01,-0.054995352701119306,-0.90244877802454,0.7247613559212434,0.004657671770974028,-0.17722848991450862,0.16601327239243252
CP008,Gibraltar Strait,2024-10-01,0.23650174466094365,-2.4448096396246473,2.627606193547242,0.005399456749533974,-0.13955080119166477,0.13423613540638127
CP009,Dover Strait,2024-10-01,0.0873175176479782,-1.1372499526858224,1.3991937920414579,-0.0013040311874593018,-0.09965765446952893,0.12704367199065103
CP010,Oresund Strait,2024-10-01,-0.031936643079726684,-0.739387754328466,0.6702437141635295,-0.0002835526871656819,-0.0967967254126345,0.12317948963411435
CP011,Taiwan Strait,2024-10-01,-0.10899676357243722,-1.1117141181418135,0.9206442402769465,0.0037978087116148033,-0.1773117247498369,0.1672873946678028
CP013,Tsugaru Strait,2024-10-01,-0.043142462502195,-0.7985605047773676,0.6562968141718987,0.01217355724421774,-0.16848855254948017,0.1850663565761709
CP015,Lombok Strait,2024-10-01,0.002105105682968294,-1.296531182249704,1.1466262911072362,-0.008443793749042503,-0.1997543814996865,0.22657460086216272
CP016,Ombai Strait,2024-10-01,-0.08274166186544778,-0.7434633075115562,0.6143297020392897,-0.012898838218931289,-0.2518758332787986,0.2510545058897282
CP019,Sunda Strait,2024-10-01,0.03692429256337088,-2.0289229385257777,2.3123299096369423,0.016042769509672226,-0.18923135346925835,0.22489321361005307
CP020,Makassar Strait,2024-10-01,-0.09186810401982413,-1.0421828289477264,0.6199595481232835,-0.0027403598101369904,-0.15975278685266409,0.17354487593189585
CP022,Yucatan Channel,2024-10-01,0.007990714080645321,-2.0249118945715234,2.201075800845882,0.0024196717775244636,-0.1609447598594762,0.15016698224065278
CP023,Windward Passage,2024-10-01,-0.09573943453107168,-0.8408850656991982,0.6374957489246752,-0.018618347812497972,-0.3207953912369598,0.3151746357263792
CP027,Mindoro Strait,2024-10-01,0.027970771788997737,-1.8276867794869494,1.999768963854664,-0.006367526722038687,-0.16180180590566023,0.191497478744942
CP001,Suez Canal,2024-11-01,0.2271299263499613,-3.362188601978355,3.5467552249855645,0.012082517255556209,-0.11803456598912289,0.14209004129716232
CP002,Panama Canal,2024-11-01,-0.0568679497933939,-0.7643717214005267,0.6955058432924122,-0.006682201558677922,-0.3364018656463603,0.33849371990022964
CP004,Bab el-Mandeb Strait,2024-11-01,0.2192797605508025,-0.6238613423532462,1.166441584984538,0.003353078274149141,-0.22218327613862351,0.2385875726350574
CP005,Malacca Strait,2024-11-01,0.1787686137445511,-3.017450213690394,3.1830493230176122,0.00702937473947948,-0.13692060667508607,0.16933061262268678
CP006,Strait of Hormuz,2024-11-01,0.17035702368663672,-2.9398001849291515,3.0863673619323784,0.0007340790837415759,-0.192963848561161,0.21730657221480335
CP007,Cape of Good Hope,2024-11-01,-0.00807547862980983,-2.1519144231879777,2.308362873959614,0.0022743258048930444,-0.2261169047775626,0.24118498014586381
CP008,Gibraltar Strait,2024-11-01,0.3542282278777522,-3.7562630035207705,4.139671070335621,0.011391468747228274,-0.1016330211996706,0.13307107099175167
CP009,Dover Strait,2024-11-01,0.20255767333901273,-2.981532854816441,3.2964800424180534,-0.00254632201274667,-0.21847689086165134,0.2451486149521105
CP010,Oresund Strait,2024-11-01,0.12059987649607094,-1.1454136002767294,1.2799321331966882,-0.011954315868735172,-0.35071715283392546,0.37460519514196905
CP011,Taiwan Strait,2024-11-01,-0.07394047803522902,-0.8059956275982582,0.6683144398601787,0.0005985391586522593,-0.24105146787065324,0.25550653565758985
CP013,Tsugaru Strait,2024-11-01,-0.07074177831591362,-0.925093779354267,0.6927995789778338,-0.01221111042670666,-0.3475849761174262,0.34815881247776337
CP015,Lombok Strait,2024-11-01,0.18354092216306694,-1.928233631905774,2.281926675415906,-0.0018271087726943573,-0.23327449888813803,0.28762894903452146
CP016,Ombai Strait,2024-11-01,-0.10693319503378952,-0.8278771090479276,0.7122136089079073,-0.01395984226636853,-0.40441095604576277,0.39870569992297816
CP019,Sunda Strait,2024-11-01,0.0023986021127377403,-1.0307131066941,0.8536271775579802,0.012486901141909581,-0.11773160658014592,0.13966618416419493
CP020,Makassar Strait,2024-11-01,0.005970340895450812,-2.0033492586596324,2.0631376249657056,0.005336675516486638,-0.21035991314627486,0.2480750384986046
CP022,Yucatan Channel,2024-11-01,-0.07651454419700265,-0.7920133282017129,0.6613340660132071,0.0009106682065731786,-0.26369688759857335,0.28636165004309333
CP027,Mindoro Strait,2024-11-01,0.1260903382799815,-2.037310084805286,2.651230696792474,-0.008713809837649706,-0.3087386027527544,0.31525585890568386
CP001,Suez Canal,2024-12-01,0.019078767848839644,-0.8677132692088066,1.0771257576092166,0.006106335155252204,-0.2611289357587258,0.26815081137217606
CP002,Panama Canal,2024-12-01,-0.036262984529297854,-0.891768701672662,0.7506644551395402,-0.014104355437781673,-0.4997290822120417,0.46860704901928063
CP004,Bab el-Mandeb Strait,2024-12-01,0.025193504347547087,-1.6395147138760457,1.799427572411191,0.006106335155252204,-0.2611289357587258,0.26815081137217606
CP005,Malacca Strait,2024-12-01,0.32075280305460047,-2.521548389420503,2.9481626789712685,0.004387526363522547,-0.2363963036503097,0.24563845903545978
CP006,Strait of Hormuz,2024-12-01,0.03313685083360085,-3.179632313908856,3.044290645187875,0.002107142125947044,-0.26825204134426883,0.2758021377644452
CP007,Cape of Good Hope,2024-12-01,-0.07373351267845062,-2.523476672042077,2.2602477689976306,0.003207334048426796,-0.32397650514601134,0.33413531277767256
CP008,Gibraltar Strait,2024-12-01,0.4121181116440448,-2.159315787860683,2.906644933775967,0.005663816620057282,-0.24536645308929309,0.24566415446338516
CP009,Dover Strait,2024-12-01,0.227374851213143,-1.7676929315882275,1.9635847748400053,0.0017803023968496103,-0.2469588493009681,0.27146602019226435
CP010,Oresund Strait,2024-12-01,0.0735351193166604,-1.0228640890375589,1.143967494647662,-0.012022983517394455,-0.4233674387416361,0.43131255681464364
CP011,Taiwan Strait,2024-12-01,0.0339928503517402,-0.8989100650139347,1.0692623039642097,-0.0028985197740522737,-0.36822550985123137,0.3480961078548538
CP014,Luzon Strait,2024-12-01,-0.07630242097847403,-0.7839524792248944,0.650094079067137,-0.003181418103653998,-0.3790524283944108,0.35798659200208494
CP015,Lombok Strait,2024-12-01,0.013333451093299276,-0.9584409982335258,1.0261497624618896,0.0005863922864450658,-0.2596735214925976,0.28828354140772217
CP016,Ombai Strait,2024-12-01,0.08590245410851366,-0.735353019143475,0.877891264528109,-0.012304826987700176,-0.4642439292480011,0.44646387847024294
CP019,Sunda Strait,2024-12-01,0.07619484346696725,-2.1178175612337617,2.4310279373003727,0.015279761385100605,-0.1711871147308435,0.20017745418926097
CP020,Makassar Strait,2024-12-01,-0.05423810221715469,-0.8351933359298587,0.7070895135798487,-0.0018323287004562321,-0.29617886300571095,0.3068124826444827
CP022,Yucatan Channel,2024-12-01,-0.11704198907363175,-0.841423324113877,0.6409712516718032,-0.013147624535369362,-0.48441221372235443,0.4572334219149663
CP027,Mindoro Strait,2024-12-01,0.01976173526965407,-0.8542339417359739,0.8638651812764517,-0.0031514576719641387,-0.31261603183450504,0.31834024887392015
