country,period_month,outgoing_flow,outgoing_voyages,active_export_terminals,destination_countries,incoming_flow,incoming_voyages,active_import_terminals,origin_countries,throughput,voyage_count,export_share,country_role,active,year,month
Algeria,2020-01-01,226500,3,1,2,0,0,0,0,226500,3,1,exporter,1,2020,1
Argentina,2020-01-01,0,0,0,0,0,0,0,0,0,0,,inactive,0,2020,1
Australia,2020-01-01,2946643,19,4,5,0,0,0,0,2946643,19,1,exporter,1,2020,1
Bangladesh,2020-01-01,0,0,0,0,0,0,0,0,0,0,,inactive,0,2020,1
Belgium,2020-01-01,0,0,0,0,893166,5,1,2,893166,5,0,importer,1,2020,1
Brazil,2020-01-01,0,0,0,0,0,0,0,0,0,0,,inactive,0,2020,1
Cameroon,2020-01-01,0,0,0,0,0,0,0,0,0,0,,inactive,0,2020,1
Canada,2020-01-01,0,0,0,0,159800,1,1,1,159800,1,0,importer,1,2020,1
Chile,2020-01-01,0,0,0,0,175000,1,1,1,175000,1,0,importer,1,2020,1
China,2020-01-01,0,0,0,0,2529580,13,10,5,2529580,13,0,importer,1,2020,1
Colombia,2020-01-01,0,0,0,0,0,0,0,0,0,0,,inactive,0,2020,1
Croatia,2020-01-01,0,0,0,0,0,0,0,0,0,0,,inactive,0,2020,1
Egypt,2020-01-01,0,0,0,0,0,0,0,0,0,0,,inactive,0,2020,1
El Salvador,2020-01-01,0,0,0,0,0,0,0,0,0,0,,inactive,0,2020,1
Equatorial Guinea,2020-01-01,167062,1,1,1,0,0,0,0,167062,1,1,exporter,1,2020,1
Finland,2020-01-01,0,0,0,0,18000,1,1,1,18000,1,0,importer,1,2020,1
France,2020-01-01,0,0,0,0,806700,6,3,3,806700,6,0,importer,1,2020,1
Germany,2020-01-01,0,0,0,0,0,0,0,0,0,0,,inactive,0,2020,1
Gibraltar,2020-01-01,0,0,0,0,0,0,0,0,0,0,,inactive,0,2020,1
Greece,2020-01-01,0,0,0,0,0,0,0,0,0,0,,inactive,0,2020,1
Hong Kong,2020-01-01,0,0,0,0,0,0,0,0,0,0,,inactive,0,2020,1
India,2020-01-01,0,0,0,0,733200,4,2,3,733200,4,0,importer,1,2020,1
Indonesia,2020-01-01,0,0,0,0,0,0,0,0,0,0,,inactive,0,2020,1
Italy,2020-01-01,0,0,0,0,225200,2,2,2,225200,2,0,importer,1,2020,1
Jamaica,2020-01-01,0,0,0,0,0,0,0,0,0,0,,inactive,0,2020,1
Japan,2020-01-01,0,0,0,0,3106166,19,7,5,3106166,19,0,importer,1,2020,1
Jordan,2020-01-01,0,0,0,0,0,0,0,0,0,0,,inactive,0,2020,1
Kuwait,2020-01-01,0,0,0,0,0,0,0,0,0,0,,inactive,0,2020,1
Lithuania,2020-01-01,0,0,0,0,142759,1,1,1,142759,1,0,importer,1,2020,1
Malaysia,2020-01-01,0,0,0,0,0,0,0,0,0,0,,inactive,0,2020,1
Malta,2020-01-01,0,0,0,0,0,0,0,0,0,0,,inactive,0,2020,1
Mexico,2020-01-01,0,0,0,0,174000,1,1,1,174000,1,0,importer,1,2020,1
Mozambique,2020-01-01,0,0,0,0,0,0,0,0,0,0,,inactive,0,2020,1
Netherlands,2020-01-01,0,0,0,0,655759,4,1,2,655759,4,0,importer,1,2020,1
Nigeria,2020-01-01,980600,6,1,5,0,0,0,0,980600,6,1,exporter,1,2020,1
Norway,2020-01-01,1103828,9,2,5,0,0,0,0,1103828,9,1,exporter,1,2020,1
Oman,2020-01-01,166000,1,1,1,0,0,0,0,166000,1,1,exporter,1,2020,1
Pakistan,2020-01-01,0,0,0,0,737829,4,1,2,737829,4,0,importer,1,2020,1
Panama,2020-01-01,0,0,0,0,0,0,0,0,0,0,,inactive,0,2020,1
Peru,2020-01-01,0,0,0,0,0,0,0,0,0,0,,inactive,0,2020,1
Philippines,2020-01-01,0,0,0,0,0,0,0,0,0,0,,inactive,0,2020,1
Poland,2020-01-01,0,0,0,0,294416,2,1,1,294416,2,0,importer,1,2020,1
Portugal,2020-01-01,0,0,0,0,340000,2,1,2,340000,2,0,importer,1,2020,1
Qatar,2020-01-01,5463353,24,1,9,0,0,0,0,5463353,24,1,exporter,1,2020,1
Russia,2020-01-01,2890400,18,3,8,0,0,0,0,2890400,18,1,exporter,1,2020,1
South Korea,2020-01-01,0,0,0,0,1520615,7,3,3,1520615,7,0,importer,1,2020,1
Spain,2020-01-01,0,0,0,0,1035062,6,4,3,1035062,6,0,importer,1,2020,1
Sweden,2020-01-01,0,0,0,0,36000,2,1,1,36000,2,0,importer,1,2020,1
Taiwan,2020-01-01,0,0,0,0,443120,3,2,2,443120,3,0,importer,1,2020,1
Thailand,2020-01-01,0,0,0,0,209220,1,1,1,209220,1,0,importer,1,2020,1
Trinidad and Tobago,2020-01-01,614532,4,1,4,0,0,0,0,614532,4,1,exporter,1,2020,1
Turkmenistan,2020-01-01,0,0,0,0,0,0,0,0,0,0,,inactive,0,2020,1
Türkiye,2020-01-01,0,0,0,0,1384531,8,2,3,1384531,8,0,importer,1,2020,1
United Arab Emirates,2020-01-01,137000,1,1,1,0,0,0,0,137000,1,1,exporter,1,2020,1
United Kingdom,2020-01-01,0,0,0,0,2583506,14,2,5,2583506,14,0,importer,1,2020,1
United States,2020-01-01,3645831,22,5,10,138120,1,1,1,3783951,23,0.96349847025,exporter,1,2020,1
Algeria,2020-02-01,610058,6,1,3,0,0,0,0,610058,6,1,exporter,1,2020,2
Argentina,2020-02-01,0,0,0,0,0,0,0,0,0,0,,inactive,0,2020,2
Australia,2020-02-01,2799451,18,4,4,0,0,0,0,2799451,18,1,exporter,1,2020,2
Bangladesh,2020-02-01,0,0,0,0,0,0,0,0,0,0,,inactive,0,2020,2
Belgium,2020-02-01,0,0,0,0,2577100,15,1,3,2577100,15,0,importer,1,2020,2
Brazil,2020-02-01,0,0,0,0,0,0,0,0,0,0,,inactive,0,2020,2
Cameroon,2020-02-01,0,0,0,0,0,0,0,0,0,0,,inactive,0,2020,2
Canada,2020-02-01,0,0,0,0,0,0,0,0,0,0,,inactive,0,2020,2
Chile,2020-02-01,0,0,0,0,348000,2,2,1,348000,2,0,importer,1,2020,2
China,2020-02-01,0,0,0,0,1697448,9,6,3,1697448,9,0,importer,1,2020,2
Colombia,2020-02-01,0,0,0,0,0,0,0,0,0,0,,inactive,0,2020,2
Croatia,2020-02-01,0,0,0,0,0,0,0,0,0,0,,inactive,0,2020,2
Egypt,2020-02-01,0,0,0,0,0,0,0,0,0,0,,inactive,0,2020,2
El Salvador,2020-02-01,0,0,0,0,0,0,0,0,0,0,,inactive,0,2020,2
Equatorial Guinea,2020-02-01,0,0,0,0,0,0,0,0,0,0,,inactive,0,2020,2
Finland,2020-02-01,0,0,0,0,18000,1,1,1,18000,1,0,importer,1,2020,2
France,2020-02-01,0,0,0,0,1448266,10,3,5,1448266,10,0,importer,1,2020,2
Germany,2020-02-01,0,0,0,0,0,0,0,0,0,0,,inactive,0,2020,2
Gibraltar,2020-02-01,0,0,0,0,0,0,0,0,0,0,,inactive,0,2020,2
Greece,2020-02-01,0,0,0,0,426352,2,1,1,426352,2,0,importer,1,2020,2
Hong Kong,2020-02-01,0,0,0,0,0,0,0,0,0,0,,inactive,0,2020,2
India,2020-02-01,0,0,0,0,717800,4,3,3,717800,4,0,importer,1,2020,2
Indonesia,2020-02-01,0,0,0,0,0,0,0,0,0,0,,inactive,0,2020,2
Italy,2020-02-01,0,0,0,0,310800,3,2,2,310800,3,0,importer,1,2020,2
Jamaica,2020-02-01,0,0,0,0,0,0,0,0,0,0,,inactive,0,2020,2
Japan,2020-02-01,0,0,0,0,2387703,15,9,4,2387703,15,0,importer,1,2020,2
Jordan,2020-02-01,0,0,0,0,0,0,0,0,0,0,,inactive,0,2020,2
Kuwait,2020-02-01,0,0,0,0,0,0,0,0,0,0,,inactive,0,2020,2
Lithuania,2020-02-01,0,0,0,0,285371,2,1,1,285371,2,0,importer,1,2020,2
Malaysia,2020-02-01,0,0,0,0,0,0,0,0,0,0,,inactive,0,2020,2
Malta,2020-02-01,0,0,0,0,0,0,0,0,0,0,,inactive,0,2020,2
Mexico,2020-02-01,0,0,0,0,149700,1,1,1,149700,1,0,importer,1,2020,2
Mozambique,2020-02-01,0,0,0,0,0,0,0,0,0,0,,inactive,0,2020,2
Netherlands,2020-02-01,0,0,0,0,1130129,7,1,4,1130129,7,0,importer,1,2020,2
Nigeria,2020-02-01,1462700,9,1,7,0,0,0,0,1462700,9,1,exporter,1,2020,2
Norway,2020-02-01,740399,6,2,5,0,0,0,0,740399,6,1,exporter,1,2020,2
Oman,2020-02-01,0,0,0,0,0,0,0,0,0,0,,inactive,0,2020,2
Pakistan,2020-02-01,0,0,0,0,680726,4,1,2,680726,4,0,importer,1,2020,2
Panama,2020-02-01,0,0,0,0,0,0,0,0,0,0,,inactive,0,2020,2
Peru,2020-02-01,0,0,0,0,0,0,0,0,0,0,,inactive,0,2020,2
Philippines,2020-02-01,0,0,0,0,0,0,0,0,0,0,,inactive,0,2020,2
Poland,2020-02-01,0,0,0,0,0,0,0,0,0,0,,inactive,0,2020,2
Portugal,2020-02-01,0,0,0,0,651000,4,1,3,651000,4,0,importer,1,2020,2
Qatar,2020-02-01,5354153,24,1,11,0,0,0,0,5354153,24,1,exporter,1,2020,2
Russia,2020-02-01,3624400,22,2,7,0,0,0,0,3624400,22,1,exporter,1,2020,2
South Korea,2020-02-01,0,0,0,0,864700,4,2,3,864700,4,0,importer,1,2020,2
Spain,2020-02-01,0,0,0,0,1686108,10,4,5,1686108,10,0,importer,1,2020,2
Sweden,2020-02-01,0,0,0,0,18000,1,1,1,18000,1,0,importer,1,2020,2
Taiwan,2020-02-01,0,0,0,0,331900,2,1,1,331900,2,0,importer,1,2020,2
Thailand,2020-02-01,0,0,0,0,935274,5,1,4,935274,5,0,importer,1,2020,2
Trinidad and Tobago,2020-02-01,436376,3,1,3,0,0,0,0,436376,3,1,exporter,1,2020,2
Turkmenistan,2020-02-01,0,0,0,0,0,0,0,0,0,0,,inactive,0,2020,2
Türkiye,2020-02-01,0,0,0,0,1366220,7,3,3,1366220,7,0,importer,1,2020,2
United Arab Emirates,2020-02-01,137100,1,1,1,0,0,0,0,137100,1,1,exporter,1,2020,2
United Kingdom,2020-02-01,0,0,0,0,1932447,10,2,4,1932447,10,0,importer,1,2020,2
United States,2020-02-01,4936466,30,4,15,138059,1,1,1,5074525,31,0.972793709756,exporter,1,2020,2
Algeria,2020-03-01,383558,3,1,3,0,0,0,0,383558,3,1,exporter,1,2020,3
Argentina,2020-03-01,0,0,0,0,0,0,0,0,0,0,,inactive,0,2020,3
Australia,2020-03-01,2345697,15,4,5,0,0,0,0,2345697,15,1,exporter,1,2020,3
Bangladesh,2020-03-01,0,0,0,0,0,0,0,0,0,0,,inactive,0,2020,3
Belgium,2020-03-01,0,0,0,0,1416000,8,1,2,1416000,8,0,importer,1,2020,3
Brazil,2020-03-01,0,0,0,0,0,0,0,0,0,0,,inactive,0,2020,3
Cameroon,2020-03-01,0,0,0,0,0,0,0,0,0,0,,inactive,0,2020,3
Canada,2020-03-01,0,0,0,0,0,0,0,0,0,0,,inactive,0,2020,3
Chile,2020-03-01,0,0,0,0,175000,1,1,1,175000,1,0,importer,1,2020,3
China,2020-03-01,0,0,0,0,1409288,8,5,4,1409288,8,0,importer,1,2020,3
Colombia,2020-03-01,0,0,0,0,0,0,0,0,0,0,,inactive,0,2020,3
Croatia,2020-03-01,0,0,0,0,733763,5,1,1,733763,5,0,importer,1,2020,3
Egypt,2020-03-01,0,0,0,0,0,0,0,0,0,0,,inactive,0,2020,3
El Salvador,2020-03-01,0,0,0,0,0,0,0,0,0,0,,inactive,0,2020,3
Equatorial Guinea,2020-03-01,155000,1,1,1,0,0,0,0,155000,1,1,exporter,1,2020,3
Finland,2020-03-01,0,0,0,0,18000,1,1,1,18000,1,0,importer,1,2020,3
France,2020-03-01,0,0,0,0,1305820,8,3,4,1305820,8,0,importer,1,2020,3
Germany,2020-03-01,0,0,0,0,0,0,0,0,0,0,,inactive,0,2020,3
Gibraltar,2020-03-01,0,0,0,0,0,0,0,0,0,0,,inactive,0,2020,3
Greece,2020-03-01,0,0,0,0,174000,1,1,1,174000,1,0,importer,1,2020,3
Hong Kong,2020-03-01,0,0,0,0,0,0,0,0,0,0,,inactive,0,2020,3
India,2020-03-01,0,0,0,0,1346318,8,2,4,1346318,8,0,importer,1,2020,3
Indonesia,2020-03-01,0,0,0,0,0,0,0,0,0,0,,inactive,0,2020,3
Italy,2020-03-01,0,0,0,0,75500,1,1,1,75500,1,0,importer,1,2020,3
Jamaica,2020-03-01,0,0,0,0,0,0,0,0,0,0,,inactive,0,2020,3
Japan,2020-03-01,0,0,0,0,1941291,12,6,3,1941291,12,0,importer,1,2020,3
Jordan,2020-03-01,0,0,0,0,0,0,0,0,0,0,,inactive,0,2020,3
Kuwait,2020-03-01,0,0,0,0,0,0,0,0,0,0,,inactive,0,2020,3
Lithuania,2020-03-01,0,0,0,0,154880,1,1,1,154880,1,0,importer,1,2020,3
Malaysia,2020-03-01,0,0,0,0,0,0,0,0,0,0,,inactive,0,2020,3
Malta,2020-03-01,0,0,0,0,0,0,0,0,0,0,,inactive,0,2020,3
Mexico,2020-03-01,0,0,0,0,0,0,0,0,0,0,,inactive,0,2020,3
Mozambique,2020-03-01,0,0,0,0,0,0,0,0,0,0,,inactive,0,2020,3
Netherlands,2020-03-01,0,0,0,0,1160208,7,1,4,1160208,7,0,importer,1,2020,3
Nigeria,2020-03-01,789178,5,1,5,0,0,0,0,789178,5,1,exporter,1,2020,3
Norway,2020-03-01,757116,6,2,5,0,0,0,0,757116,6,1,exporter,1,2020,3
Oman,2020-03-01,0,0,0,0,0,0,0,0,0,0,,inactive,0,2020,3
Pakistan,2020-03-01,0,0,0,0,642552,3,1,1,642552,3,0,importer,1,2020,3
Panama,2020-03-01,0,0,0,0,0,0,0,0,0,0,,inactive,0,2020,3
Peru,2020-03-01,0,0,0,0,0,0,0,0,0,0,,inactive,0,2020,3
Philippines,2020-03-01,0,0,0,0,0,0,0,0,0,0,,inactive,0,2020,3
Poland,2020-03-01,0,0,0,0,209220,1,1,1,209220,1,0,importer,1,2020,3
Portugal,2020-03-01,0,0,0,0,293160,2,1,2,293160,2,0,importer,1,2020,3
Qatar,2020-03-01,5230727,27,1,11,0,0,0,0,5230727,27,1,exporter,1,2020,3
Russia,2020-03-01,2592400,16,2,6,0,0,0,0,2592400,16,1,exporter,1,2020,3
South Korea,2020-03-01,0,0,0,0,1030700,5,2,4,1030700,5,0,importer,1,2020,3
Spain,2020-03-01,0,0,0,0,503100,3,2,2,503100,3,0,importer,1,2020,3
Sweden,2020-03-01,0,0,0,0,18000,1,1,1,18000,1,0,importer,1,2020,3
Taiwan,2020-03-01,0,0,0,0,979700,6,2,3,979700,6,0,importer,1,2020,3
Thailand,2020-03-01,0,0,0,0,165500,1,1,1,165500,1,0,importer,1,2020,3
Trinidad and Tobago,2020-03-01,602007,4,1,3,0,0,0,0,602007,4,1,exporter,1,2020,3
Turkmenistan,2020-03-01,0,0,0,0,0,0,0,0,0,0,,inactive,0,2020,3
Türkiye,2020-03-01,0,0,0,0,922610,5,3,3,922610,5,0,importer,1,2020,3
United Arab Emirates,2020-03-01,135000,1,1,1,154948,1,1,1,289948,2,0.465600728406,bidirectional,1,2020,3
United Kingdom,2020-03-01,0,0,0,0,1262532,7,2,4,1262532,7,0,importer,1,2020,3
United States,2020-03-01,3374466,20,4,11,273059,2,2,1,3647525,22,0.925138552854,exporter,1,2020,3
Algeria,2020-04-01,717500,7,1,4,0,0,0,0,717500,7,1,exporter,1,2020,4
Argentina,2020-04-01,0,0,0,0,0,0,0,0,0,0,,inactive,0,2020,4
Australia,2020-04-01,2196348,14,3,3,0,0,0,0,2196348,14,1,exporter,1,2020,4
Bangladesh,2020-04-01,0,0,0,0,0,0,0,0,0,0,,inactive,0,2020,4
Belgium,2020-04-01,0,0,0,0,1320640,7,1,2,1320640,7,0,importer,1,2020,4
Brazil,2020-04-01,0,0,0,0,0,0,0,0,0,0,,inactive,0,2020,4
Cameroon,2020-04-01,0,0,0,0,0,0,0,0,0,0,,inactive,0,2020,4
Canada,2020-04-01,0,0,0,0,0,0,0,0,0,0,,inactive,0,2020,4
Chile,2020-04-01,0,0,0,0,170000,1,1,1,170000,1,0,importer,1,2020,4
China,2020-04-01,0,0,0,0,3277987,18,8,4,3277987,18,0,importer,1,2020,4
Colombia,2020-04-01,0,0,0,0,0,0,0,0,0,0,,inactive,0,2020,4
Croatia,2020-04-01,0,0,0,0,138059,1,1,1,138059,1,0,importer,1,2020,4
Egypt,2020-04-01,0,0,0,0,0,0,0,0,0,0,,inactive,0,2020,4
El Salvador,2020-04-01,0,0,0,0,0,0,0,0,0,0,,inactive,0,2020,4
Equatorial Guinea,2020-04-01,174000,1,1,1,0,0,0,0,174000,1,1,exporter,1,2020,4
Finland,2020-04-01,0,0,0,0,36000,2,1,1,36000,2,0,importer,1,2020,4
France,2020-04-01,0,0,0,0,1651608,11,3,4,1651608,11,0,importer,1,2020,4
Germany,2020-04-01,0,0,0,0,0,0,0,0,0,0,,inactive,0,2020,4
Gibraltar,2020-04-01,0,0,0,0,0,0,0,0,0,0,,inactive,0,2020,4
Greece,2020-04-01,0,0,0,0,0,0,0,0,0,0,,inactive,0,2020,4
Hong Kong,2020-04-01,0,0,0,0,0,0,0,0,0,0,,inactive,0,2020,4
India,2020-04-01,0,0,0,0,345168,2,1,2,345168,2,0,importer,1,2020,4
Indonesia,2020-04-01,0,0,0,0,0,0,0,0,0,0,,inactive,0,2020,4
Italy,2020-04-01,0,0,0,0,151000,2,1,1,151000,2,0,importer,1,2020,4
Jamaica,2020-04-01,0,0,0,0,137680,1,1,1,137680,1,0,importer,1,2020,4
Japan,2020-04-01,0,0,0,0,911996,6,3,3,911996,6,0,importer,1,2020,4
Jordan,2020-04-01,0,0,0,0,0,0,0,0,0,0,,inactive,0,2020,4
Kuwait,2020-04-01,0,0,0,0,0,0,0,0,0,0,,inactive,0,2020,4
Lithuania,2020-04-01,0,0,0,0,147208,1,1,1,147208,1,0,importer,1,2020,4
Malaysia,2020-04-01,0,0,0,0,0,0,0,0,0,0,,inactive,0,2020,4
Malta,2020-04-01,0,0,0,0,0,0,0,0,0,0,,inactive,0,2020,4
Mexico,2020-04-01,0,0,0,0,0,0,0,0,0,0,,inactive,0,2020,4
Mozambique,2020-04-01,0,0,0,0,0,0,0,0,0,0,,inactive,0,2020,4
Netherlands,2020-04-01,0,0,0,0,847608,5,1,4,847608,5,0,importer,1,2020,4
Nigeria,2020-04-01,0,0,0,0,0,0,0,0,0,0,,inactive,0,2020,4
Norway,2020-04-01,743712,5,1,5,0,0,0,0,743712,5,1,exporter,1,2020,4
Oman,2020-04-01,0,0,0,0,0,0,0,0,0,0,,inactive,0,2020,4
Pakistan,2020-04-01,0,0,0,0,940986,5,1,2,940986,5,0,importer,1,2020,4
Panama,2020-04-01,0,0,0,0,0,0,0,0,0,0,,inactive,0,2020,4
Peru,2020-04-01,0,0,0,0,0,0,0,0,0,0,,inactive,0,2020,4
Philippines,2020-04-01,0,0,0,0,0,0,0,0,0,0,,inactive,0,2020,4
Poland,2020-04-01,0,0,0,0,216000,1,1,1,216000,1,0,importer,1,2020,4
Portugal,2020-04-01,0,0,0,0,170000,1,1,1,170000,1,0,importer,1,2020,4
Qatar,2020-04-01,5977660,28,1,11,0,0,0,0,5977660,28,1,exporter,1,2020,4
Russia,2020-04-01,2100400,14,2,6,0,0,0,0,2100400,14,1,exporter,1,2020,4
South Korea,2020-04-01,0,0,0,0,1382847,7,3,3,1382847,7,0,importer,1,2020,4
Spain,2020-04-01,0,0,0,0,690970,5,4,5,690970,5,0,importer,1,2020,4
Sweden,2020-04-01,0,0,0,0,0,0,0,0,0,0,,inactive,0,2020,4
Taiwan,2020-04-01,0,0,0,0,145000,1,1,1,145000,1,0,importer,1,2020,4
Thailand,2020-04-01,0,0,0,0,0,0,0,0,0,0,,inactive,0,2020,4
Trinidad and Tobago,2020-04-01,623976,4,1,3,0,0,0,0,623976,4,1,exporter,1,2020,4
Turkmenistan,2020-04-01,0,0,0,0,0,0,0,0,0,0,,inactive,0,2020,4
Türkiye,2020-04-01,0,0,0,0,848497,5,2,5,848497,5,0,importer,1,2020,4
United Arab Emirates,2020-04-01,135000,1,1,1,0,0,0,0,135000,1,1,exporter,1,2020,4
United Kingdom,2020-04-01,0,0,0,0,2143034,10,1,2,2143034,10,0,importer,1,2020,4
United States,2020-04-01,3003692,18,4,11,0,0,0,0,3003692,18,1,exporter,1,2020,4
Algeria,2020-05-01,459058,4,1,2,0,0,0,0,459058,4,1,exporter,1,2020,5
Argentina,2020-05-01,0,0,0,0,0,0,0,0,0,0,,inactive,0,2020,5
Australia,2020-05-01,2844713,18,4,6,0,0,0,0,2844713,18,1,exporter,1,2020,5
Bangladesh,2020-05-01,0,0,0,0,0,0,0,0,0,0,,inactive,0,2020,5
Belgium,2020-05-01,0,0,0,0,1233100,7,1,2,1233100,7,0,importer,1,2020,5
Brazil,2020-05-01,0,0,0,0,0,0,0,0,0,0,,inactive,0,2020,5
Cameroon,2020-05-01,164000,1,1,1,0,0,0,0,164000,1,1,exporter,1,2020,5
Canada,2020-05-01,0,0,0,0,0,0,0,0,0,0,,inactive,0,2020,5
Chile,2020-05-01,0,0,0,0,172000,1,1,1,172000,1,0,importer,1,2020,5
China,2020-05-01,0,0,0,0,2004070,11,6,6,2004070,11,0,importer,1,2020,5
Colombia,2020-05-01,0,0,0,0,0,0,0,0,0,0,,inactive,0,2020,5
Croatia,2020-05-01,0,0,0,0,151700,1,1,1,151700,1,0,importer,1,2020,5
Egypt,2020-05-01,0,0,0,0,0,0,0,0,0,0,,inactive,0,2020,5
El Salvador,2020-05-01,0,0,0,0,0,0,0,0,0,0,,inactive,0,2020,5
Equatorial Guinea,2020-05-01,0,0,0,0,0,0,0,0,0,0,,inactive,0,2020,5
Finland,2020-05-01,0,0,0,0,18000,1,1,1,18000,1,0,importer,1,2020,5
France,2020-05-01,0,0,0,0,1583258,10,3,3,1583258,10,0,importer,1,2020,5
Germany,2020-05-01,0,0,0,0,0,0,0,0,0,0,,inactive,0,2020,5
Gibraltar,2020-05-01,0,0,0,0,216000,1,1,1,216000,1,0,importer,1,2020,5
Greece,2020-05-01,0,0,0,0,523374,3,1,3,523374,3,0,importer,1,2020,5
Hong Kong,2020-05-01,0,0,0,0,0,0,0,0,0,0,,inactive,0,2020,5
India,2020-05-01,0,0,0,0,808966,5,2,4,808966,5,0,importer,1,2020,5
Indonesia,2020-05-01,0,0,0,0,0,0,0,0,0,0,,inactive,0,2020,5
Italy,2020-05-01,0,0,0,0,0,0,0,0,0,0,,inactive,0,2020,5
Jamaica,2020-05-01,0,0,0,0,0,0,0,0,0,0,,inactive,0,2020,5
Japan,2020-05-01,0,0,0,0,1504861,10,8,3,1504861,10,0,importer,1,2020,5
Jordan,2020-05-01,0,0,0,0,155000,1,1,1,155000,1,0,importer,1,2020,5
Kuwait,2020-05-01,0,0,0,0,0,0,0,0,0,0,,inactive,0,2020,5
Lithuania,2020-05-01,0,0,0,0,307612,2,1,2,307612,2,0,importer,1,2020,5
Malaysia,2020-05-01,0,0,0,0,0,0,0,0,0,0,,inactive,0,2020,5
Malta,2020-05-01,0,0,0,0,0,0,0,0,0,0,,inactive,0,2020,5
Mexico,2020-05-01,0,0,0,0,174000,1,1,1,174000,1,0,importer,1,2020,5
Mozambique,2020-05-01,0,0,0,0,0,0,0,0,0,0,,inactive,0,2020,5
Netherlands,2020-05-01,0,0,0,0,841400,5,1,3,841400,5,0,importer,1,2020,5
Nigeria,2020-05-01,484880,3,1,3,0,0,0,0,484880,3,1,exporter,1,2020,5
Norway,2020-05-01,285371,2,1,2,0,0,0,0,285371,2,1,exporter,1,2020,5
Oman,2020-05-01,0,0,0,0,0,0,0,0,0,0,,inactive,0,2020,5
Pakistan,2020-05-01,0,0,0,0,145000,1,1,1,145000,1,0,importer,1,2020,5
Panama,2020-05-01,0,0,0,0,0,0,0,0,0,0,,inactive,0,2020,5
Peru,2020-05-01,0,0,0,0,0,0,0,0,0,0,,inactive,0,2020,5
Philippines,2020-05-01,0,0,0,0,0,0,0,0,0,0,,inactive,0,2020,5
Poland,2020-05-01,0,0,0,0,580100,3,1,2,580100,3,0,importer,1,2020,5
Portugal,2020-05-01,0,0,0,0,0,0,0,0,0,0,,inactive,0,2020,5
Qatar,2020-05-01,6759019,31,1,15,0,0,0,0,6759019,31,1,exporter,1,2020,5
Russia,2020-05-01,2931400,19,3,7,0,0,0,0,2931400,19,1,exporter,1,2020,5
South Korea,2020-05-01,0,0,0,0,1479700,7,5,3,1479700,7,0,importer,1,2020,5
Spain,2020-05-01,0,0,0,0,1552759,9,6,4,1552759,9,0,importer,1,2020,5
Sweden,2020-05-01,0,0,0,0,18000,1,1,1,18000,1,0,importer,1,2020,5
Taiwan,2020-05-01,0,0,0,0,668540,4,1,2,668540,4,0,importer,1,2020,5
Thailand,2020-05-01,0,0,0,0,909000,5,1,3,909000,5,0,importer,1,2020,5
Trinidad and Tobago,2020-05-01,174000,1,1,1,0,0,0,0,174000,1,1,exporter,1,2020,5
Turkmenistan,2020-05-01,0,0,0,0,0,0,0,0,0,0,,inactive,0,2020,5
Türkiye,2020-05-01,0,0,0,0,589320,3,2,2,589320,3,0,importer,1,2020,5
United Arab Emirates,2020-05-01,409640,3,1,3,137540,1,1,1,547180,4,0.748638473628,bidirectional,1,2020,5
United Kingdom,2020-05-01,0,0,0,0,1917755,8,1,1,1917755,8,0,importer,1,2020,5
United States,2020-05-01,3178974,19,4,12,0,0,0,0,3178974,19,1,exporter,1,2020,5
Algeria,2020-06-01,1101058,10,2,3,0,0,0,0,1101058,10,1,exporter,1,2020,6
Argentina,2020-06-01,0,0,0,0,0,0,0,0,0,0,,inactive,0,2020,6
Australia,2020-06-01,1672488,11,3,3,0,0,0,0,1672488,11,1,exporter,1,2020,6
Bangladesh,2020-06-01,0,0,0,0,0,0,0,0,0,0,,inactive,0,2020,6
Belgium,2020-06-01,0,0,0,0,1096068,6,1,2,1096068,6,0,importer,1,2020,6
Brazil,2020-06-01,0,0,0,0,159800,1,1,1,159800,1,0,importer,1,2020,6
Cameroon,2020-06-01,160000,1,1,1,0,0,0,0,160000,1,1,exporter,1,2020,6
Canada,2020-06-01,0,0,0,0,0,0,0,0,0,0,,inactive,0,2020,6
Chile,2020-06-01,0,0,0,0,0,0,0,0,0,0,,inactive,0,2020,6
China,2020-06-01,0,0,0,0,1902035,10,7,5,1902035,10,0,importer,1,2020,6
Colombia,2020-06-01,0,0,0,0,0,0,0,0,0,0,,inactive,0,2020,6
Croatia,2020-06-01,0,0,0,0,512700,3,1,1,512700,3,0,importer,1,2020,6
Egypt,2020-06-01,0,0,0,0,0,0,0,0,0,0,,inactive,0,2020,6
El Salvador,2020-06-01,0,0,0,0,0,0,0,0,0,0,,inactive,0,2020,6
Equatorial Guinea,2020-06-01,0,0,0,0,0,0,0,0,0,0,,inactive,0,2020,6
Finland,2020-06-01,0,0,0,0,0,0,0,0,0,0,,inactive,0,2020,6
France,2020-06-01,0,0,0,0,1922200,11,3,3,1922200,11,0,importer,1,2020,6
Germany,2020-06-01,0,0,0,0,0,0,0,0,0,0,,inactive,0,2020,6
Gibraltar,2020-06-01,0,0,0,0,0,0,0,0,0,0,,inactive,0,2020,6
Greece,2020-06-01,0,0,0,0,209220,1,1,1,209220,1,0,importer,1,2020,6
Hong Kong,2020-06-01,0,0,0,0,0,0,0,0,0,0,,inactive,0,2020,6
India,2020-06-01,0,0,0,0,1059700,6,3,4,1059700,6,0,importer,1,2020,6
Indonesia,2020-06-01,0,0,0,0,0,0,0,0,0,0,,inactive,0,2020,6
Italy,2020-06-01,0,0,0,0,865217,8,2,3,865217,8,0,importer,1,2020,6
Jamaica,2020-06-01,0,0,0,0,0,0,0,0,0,0,,inactive,0,2020,6
Japan,2020-06-01,0,0,0,0,2119695,13,7,6,2119695,13,0,importer,1,2020,6
Jordan,2020-06-01,0,0,0,0,0,0,0,0,0,0,,inactive,0,2020,6
Kuwait,2020-06-01,0,0,0,0,0,0,0,0,0,0,,inactive,0,2020,6
Lithuania,2020-06-01,0,0,0,0,302088,2,1,2,302088,2,0,importer,1,2020,6
Malaysia,2020-06-01,0,0,0,0,0,0,0,0,0,0,,inactive,0,2020,6
Malta,2020-06-01,0,0,0,0,0,0,0,0,0,0,,inactive,0,2020,6
Mexico,2020-06-01,0,0,0,0,0,0,0,0,0,0,,inactive,0,2020,6
Mozambique,2020-06-01,0,0,0,0,0,0,0,0,0,0,,inactive,0,2020,6
Netherlands,2020-06-01,0,0,0,0,172000,1,1,1,172000,1,0,importer,1,2020,6
Nigeria,2020-06-01,851607,5,1,5,0,0,0,0,851607,5,1,exporter,1,2020,6
Norway,2020-06-01,302088,2,1,2,0,0,0,0,302088,2,1,exporter,1,2020,6
Oman,2020-06-01,0,0,0,0,0,0,0,0,0,0,,inactive,0,2020,6
Pakistan,2020-06-01,0,0,0,0,574625,4,1,1,574625,4,0,importer,1,2020,6
Panama,2020-06-01,0,0,0,0,0,0,0,0,0,0,,inactive,0,2020,6
Peru,2020-06-01,0,0,0,0,0,0,0,0,0,0,,inactive,0,2020,6
Philippines,2020-06-01,0,0,0,0,0,0,0,0,0,0,,inactive,0,2020,6
Poland,2020-06-01,0,0,0,0,0,0,0,0,0,0,,inactive,0,2020,6
Portugal,2020-06-01,0,0,0,0,173000,1,1,1,173000,1,0,importer,1,2020,6
Qatar,2020-06-01,6706086,33,1,13,0,0,0,0,6706086,33,1,exporter,1,2020,6
Russia,2020-06-01,2579800,15,1,8,0,0,0,0,2579800,15,1,exporter,1,2020,6
South Korea,2020-06-01,0,0,0,0,679812,4,4,1,679812,4,0,importer,1,2020,6
Spain,2020-06-01,0,0,0,0,737600,4,4,3,737600,4,0,importer,1,2020,6
Sweden,2020-06-01,0,0,0,0,0,0,0,0,0,0,,inactive,0,2020,6
Taiwan,2020-06-01,0,0,0,0,837190,5,2,4,837190,5,0,importer,1,2020,6
Thailand,2020-06-01,0,0,0,0,432000,2,1,1,432000,2,0,importer,1,2020,6
Trinidad and Tobago,2020-06-01,331800,2,1,2,0,0,0,0,331800,2,1,exporter,1,2020,6
Turkmenistan,2020-06-01,0,0,0,0,0,0,0,0,0,0,,inactive,0,2020,6
Türkiye,2020-06-01,0,0,0,0,524058,3,2,2,524058,3,0,importer,1,2020,6
United Arab Emirates,2020-06-01,407540,3,1,3,333100,2,1,2,740640,5,0.550253834521,bidirectional,1,2020,6
United Kingdom,2020-06-01,0,0,0,0,1323861,6,2,3,1323861,6,0,importer,1,2020,6
United States,2020-06-01,1823502,11,3,7,0,0,0,0,1823502,11,1,exporter,1,2020,6
Algeria,2020-07-01,780058,7,2,2,0,0,0,0,780058,7,1,exporter,1,2020,7
Argentina,2020-07-01,0,0,0,0,0,0,0,0,0,0,,inactive,0,2020,7
Australia,2020-07-01,2063144,13,4,2,0,0,0,0,2063144,13,1,exporter,1,2020,7
Bangladesh,2020-07-01,0,0,0,0,0,0,0,0,0,0,,inactive,0,2020,7
Belgium,2020-07-01,0,0,0,0,0,0,0,0,0,0,,inactive,0,2020,7
Brazil,2020-07-01,0,0,0,0,0,0,0,0,0,0,,inactive,0,2020,7
Cameroon,2020-07-01,0,0,0,0,0,0,0,0,0,0,,inactive,0,2020,7
Canada,2020-07-01,0,0,0,0,0,0,0,0,0,0,,inactive,0,2020,7
Chile,2020-07-01,0,0,0,0,180000,1,1,1,180000,1,0,importer,1,2020,7
China,2020-07-01,0,0,0,0,1790748,10,7,3,1790748,10,0,importer,1,2020,7
Colombia,2020-07-01,0,0,0,0,159274,1,1,1,159274,1,0,importer,1,2020,7
Croatia,2020-07-01,0,0,0,0,0,0,0,0,0,0,,inactive,0,2020,7
Egypt,2020-07-01,0,0,0,0,0,0,0,0,0,0,,inactive,0,2020,7
El Salvador,2020-07-01,0,0,0,0,0,0,0,0,0,0,,inactive,0,2020,7
Equatorial Guinea,2020-07-01,0,0,0,0,0,0,0,0,0,0,,inactive,0,2020,7
Finland,2020-07-01,0,0,0,0,18000,1,1,1,18000,1,0,importer,1,2020,7
France,2020-07-01,0,0,0,0,635908,4,2,3,635908,4,0,importer,1,2020,7
Germany,2020-07-01,0,0,0,0,0,0,0,0,0,0,,inactive,0,2020,7
Gibraltar,2020-07-01,0,0,0,0,0,0,0,0,0,0,,inactive,0,2020,7
Greece,2020-07-01,0,0,0,0,297759,2,1,2,297759,2,0,importer,1,2020,7
Hong Kong,2020-07-01,0,0,0,0,0,0,0,0,0,0,,inactive,0,2020,7
India,2020-07-01,0,0,0,0,984860,5,2,2,984860,5,0,importer,1,2020,7
Indonesia,2020-07-01,0,0,0,0,0,0,0,0,0,0,,inactive,0,2020,7
Italy,2020-07-01,0,0,0,0,440120,5,2,2,440120,5,0,importer,1,2020,7
Jamaica,2020-07-01,0,0,0,0,0,0,0,0,0,0,,inactive,0,2020,7
Japan,2020-07-01,0,0,0,0,1777348,11,7,3,1777348,11,0,importer,1,2020,7
Jordan,2020-07-01,0,0,0,0,0,0,0,0,0,0,,inactive,0,2020,7
Kuwait,2020-07-01,0,0,0,0,0,0,0,0,0,0,,inactive,0,2020,7
Lithuania,2020-07-01,0,0,0,0,302088,2,1,1,302088,2,0,importer,1,2020,7
Malaysia,2020-07-01,145700,1,1,1,0,0,0,0,145700,1,1,exporter,1,2020,7
Malta,2020-07-01,0,0,0,0,0,0,0,0,0,0,,inactive,0,2020,7
Mexico,2020-07-01,0,0,0,0,170000,1,1,1,170000,1,0,importer,1,2020,7
Mozambique,2020-07-01,0,0,0,0,0,0,0,0,0,0,,inactive,0,2020,7
Netherlands,2020-07-01,0,0,0,0,690000,4,1,2,690000,4,0,importer,1,2020,7
Nigeria,2020-07-01,345000,2,1,2,0,0,0,0,345000,2,1,exporter,1,2020,7
Norway,2020-07-01,916537,7,2,6,0,0,0,0,916537,7,1,exporter,1,2020,7
Oman,2020-07-01,0,0,0,0,0,0,0,0,0,0,,inactive,0,2020,7
Pakistan,2020-07-01,0,0,0,0,151700,1,1,1,151700,1,0,importer,1,2020,7
Panama,2020-07-01,0,0,0,0,0,0,0,0,0,0,,inactive,0,2020,7
Peru,2020-07-01,0,0,0,0,0,0,0,0,0,0,,inactive,0,2020,7
Philippines,2020-07-01,0,0,0,0,0,0,0,0,0,0,,inactive,0,2020,7
Poland,2020-07-01,0,0,0,0,210100,1,1,1,210100,1,0,importer,1,2020,7
Portugal,2020-07-01,0,0,0,0,334000,2,1,1,334000,2,0,importer,1,2020,7
Qatar,2020-07-01,5494725,26,1,13,0,0,0,0,5494725,26,1,exporter,1,2020,7
Russia,2020-07-01,2547814,17,3,8,0,0,0,0,2547814,17,1,exporter,1,2020,7
South Korea,2020-07-01,0,0,0,0,879398,4,2,2,879398,4,0,importer,1,2020,7
Spain,2020-07-01,0,0,0,0,1635922,9,4,6,1635922,9,0,importer,1,2020,7
Sweden,2020-07-01,0,0,0,0,36000,2,1,2,36000,2,0,importer,1,2020,7
Taiwan,2020-07-01,0,0,0,0,473400,3,2,2,473400,3,0,importer,1,2020,7
Thailand,2020-07-01,0,0,0,0,648400,3,1,1,648400,3,0,importer,1,2020,7
Trinidad and Tobago,2020-07-01,309000,2,1,2,0,0,0,0,309000,2,1,exporter,1,2020,7
Turkmenistan,2020-07-01,0,0,0,0,0,0,0,0,0,0,,inactive,0,2020,7
Türkiye,2020-07-01,0,0,0,0,694058,4,2,2,694058,4,0,importer,1,2020,7
United Arab Emirates,2020-07-01,274640,2,1,2,137100,1,1,1,411740,3,0.667022878516,bidirectional,1,2020,7
United Kingdom,2020-07-01,0,0,0,0,1251435,6,2,2,1251435,6,0,importer,1,2020,7
United States,2020-07-01,1156000,7,2,6,135000,1,1,1,1291000,8,0.895429899303,bidirectional,1,2020,7
Algeria,2020-08-01,661000,5,2,4,0,0,0,0,661000,5,1,exporter,1,2020,8
Argentina,2020-08-01,0,0,0,0,0,0,0,0,0,0,,inactive,0,2020,8
Australia,2020-08-01,2289382,15,4,2,0,0,0,0,2289382,15,1,exporter,1,2020,8
Bangladesh,2020-08-01,0,0,0,0,0,0,0,0,0,0,,inactive,0,2020,8
Belgium,2020-08-01,0,0,0,0,154948,1,1,1,154948,1,0,importer,1,2020,8
Brazil,2020-08-01,0,0,0,0,0,0,0,0,0,0,,inactive,0,2020,8
Cameroon,2020-08-01,0,0,0,0,0,0,0,0,0,0,,inactive,0,2020,8
Canada,2020-08-01,0,0,0,0,0,0,0,0,0,0,,inactive,0,2020,8
Chile,2020-08-01,0,0,0,0,521000,3,2,2,521000,3,0,importer,1,2020,8
China,2020-08-01,0,0,0,0,2201897,12,6,3,2201897,12,0,importer,1,2020,8
Colombia,2020-08-01,0,0,0,0,0,0,0,0,0,0,,inactive,0,2020,8
Croatia,2020-08-01,0,0,0,0,151700,1,1,1,151700,1,0,importer,1,2020,8
Egypt,2020-08-01,0,0,0,0,0,0,0,0,0,0,,inactive,0,2020,8
El Salvador,2020-08-01,0,0,0,0,0,0,0,0,0,0,,inactive,0,2020,8
Equatorial Guinea,2020-08-01,172000,1,1,1,0,0,0,0,172000,1,1,exporter,1,2020,8
Finland,2020-08-01,0,0,0,0,18000,1,1,1,18000,1,0,importer,1,2020,8
France,2020-08-01,0,0,0,0,832000,5,3,3,832000,5,0,importer,1,2020,8
Germany,2020-08-01,0,0,0,0,0,0,0,0,0,0,,inactive,0,2020,8
Gibraltar,2020-08-01,0,0,0,0,0,0,0,0,0,0,,inactive,0,2020,8
Greece,2020-08-01,0,0,0,0,0,0,0,0,0,0,,inactive,0,2020,8
Hong Kong,2020-08-01,0,0,0,0,0,0,0,0,0,0,,inactive,0,2020,8
India,2020-08-01,0,0,0,0,1017818,6,2,4,1017818,6,0,importer,1,2020,8
Indonesia,2020-08-01,0,0,0,0,0,0,0,0,0,0,,inactive,0,2020,8
Italy,2020-08-01,0,0,0,0,312870,3,2,2,312870,3,0,importer,1,2020,8
Jamaica,2020-08-01,0,0,0,0,0,0,0,0,0,0,,inactive,0,2020,8
Japan,2020-08-01,0,0,0,0,1594453,10,6,2,1594453,10,0,importer,1,2020,8
Jordan,2020-08-01,0,0,0,0,0,0,0,0,0,0,,inactive,0,2020,8
Kuwait,2020-08-01,0,0,0,0,0,0,0,0,0,0,,inactive,0,2020,8
Lithuania,2020-08-01,0,0,0,0,154880,1,1,1,154880,1,0,importer,1,2020,8
Malaysia,2020-08-01,0,0,0,0,0,0,0,0,0,0,,inactive,0,2020,8
Malta,2020-08-01,0,0,0,0,0,0,0,0,0,0,,inactive,0,2020,8
Mexico,2020-08-01,0,0,0,0,172000,1,1,1,172000,1,0,importer,1,2020,8
Mozambique,2020-08-01,0,0,0,0,0,0,0,0,0,0,,inactive,0,2020,8
Netherlands,2020-08-01,0,0,0,0,142759,1,1,1,142759,1,0,importer,1,2020,8
Nigeria,2020-08-01,440094,3,1,2,0,0,0,0,440094,3,1,exporter,1,2020,8
Norway,2020-08-01,895279,7,2,6,0,0,0,0,895279,7,1,exporter,1,2020,8
Oman,2020-08-01,0,0,0,0,0,0,0,0,0,0,,inactive,0,2020,8
Pakistan,2020-08-01,0,0,0,0,452311,3,1,1,452311,3,0,importer,1,2020,8
Panama,2020-08-01,0,0,0,0,0,0,0,0,0,0,,inactive,0,2020,8
Peru,2020-08-01,0,0,0,0,0,0,0,0,0,0,,inactive,0,2020,8
Philippines,2020-08-01,0,0,0,0,0,0,0,0,0,0,,inactive,0,2020,8
Poland,2020-08-01,0,0,0,0,716820,4,1,2,716820,4,0,importer,1,2020,8
Portugal,2020-08-01,0,0,0,0,510142,3,1,2,510142,3,0,importer,1,2020,8
Qatar,2020-08-01,5569310,27,1,14,0,0,0,0,5569310,27,1,exporter,1,2020,8
Russia,2020-08-01,1209000,9,2,6,0,0,0,0,1209000,9,1,exporter,1,2020,8
South Korea,2020-08-01,0,0,0,0,707335,3,2,2,707335,3,0,importer,1,2020,8
Spain,2020-08-01,0,0,0,0,1090374,6,4,4,1090374,6,0,importer,1,2020,8
Sweden,2020-08-01,0,0,0,0,36000,2,1,2,36000,2,0,importer,1,2020,8
Taiwan,2020-08-01,0,0,0,0,320000,2,2,2,320000,2,0,importer,1,2020,8
Thailand,2020-08-01,0,0,0,0,642220,3,1,1,642220,3,0,importer,1,2020,8
Trinidad and Tobago,2020-08-01,138059,1,1,1,0,0,0,0,138059,1,1,exporter,1,2020,8
Turkmenistan,2020-08-01,0,0,0,0,0,0,0,0,0,0,,inactive,0,2020,8
Türkiye,2020-08-01,0,0,0,0,170000,1,1,1,170000,1,0,importer,1,2020,8
United Arab Emirates,2020-08-01,407100,3,1,2,135000,1,1,1,542100,4,0.750968456004,bidirectional,1,2020,8
United Kingdom,2020-08-01,0,0,0,0,618908,3,2,2,618908,3,0,importer,1,2020,8
United States,2020-08-01,1030270,6,5,5,138059,1,1,1,1168329,7,0.881832086681,bidirectional,1,2020,8
Algeria,2020-09-01,717500,7,2,3,0,0,0,0,717500,7,1,exporter,1,2020,9
Argentina,2020-09-01,0,0,0,0,0,0,0,0,0,0,,inactive,0,2020,9
Australia,2020-09-01,1804618,12,4,3,0,0,0,0,1804618,12,1,exporter,1,2020,9
Bangladesh,2020-09-01,0,0,0,0,0,0,0,0,0,0,,inactive,0,2020,9
Belgium,2020-09-01,0,0,0,0,371200,2,1,2,371200,2,0,importer,1,2020,9
Brazil,2020-09-01,0,0,0,0,155000,1,1,1,155000,1,0,importer,1,2020,9
Cameroon,2020-09-01,0,0,0,0,0,0,0,0,0,0,,inactive,0,2020,9
Canada,2020-09-01,0,0,0,0,138120,1,1,1,138120,1,0,importer,1,2020,9
Chile,2020-09-01,0,0,0,0,174000,1,1,1,174000,1,0,importer,1,2020,9
China,2020-09-01,0,0,0,0,1709048,10,6,5,1709048,10,0,importer,1,2020,9
Colombia,2020-09-01,0,0,0,0,0,0,0,0,0,0,,inactive,0,2020,9
Croatia,2020-09-01,0,0,0,0,0,0,0,0,0,0,,inactive,0,2020,9
Egypt,2020-09-01,0,0,0,0,0,0,0,0,0,0,,inactive,0,2020,9
El Salvador,2020-09-01,0,0,0,0,0,0,0,0,0,0,,inactive,0,2020,9
Equatorial Guinea,2020-09-01,0,0,0,0,0,0,0,0,0,0,,inactive,0,2020,9
Finland,2020-09-01,0,0,0,0,0,0,0,0,0,0,,inactive,0,2020,9
France,2020-09-01,0,0,0,0,883952,7,2,3,883952,7,0,importer,1,2020,9
Germany,2020-09-01,0,0,0,0,0,0,0,0,0,0,,inactive,0,2020,9
Gibraltar,2020-09-01,0,0,0,0,0,0,0,0,0,0,,inactive,0,2020,9
Greece,2020-09-01,0,0,0,0,173400,1,1,1,173400,1,0,importer,1,2020,9
Hong Kong,2020-09-01,0,0,0,0,0,0,0,0,0,0,,inactive,0,2020,9
India,2020-09-01,0,0,0,0,703100,4,4,2,703100,4,0,importer,1,2020,9
Indonesia,2020-09-01,0,0,0,0,0,0,0,0,0,0,,inactive,0,2020,9
Italy,2020-09-01,0,0,0,0,220500,2,2,2,220500,2,0,importer,1,2020,9
Jamaica,2020-09-01,0,0,0,0,0,0,0,0,0,0,,inactive,0,2020,9
Japan,2020-09-01,0,0,0,0,2487318,15,11,5,2487318,15,0,importer,1,2020,9
Jordan,2020-09-01,0,0,0,0,0,0,0,0,0,0,,inactive,0,2020,9
Kuwait,2020-09-01,0,0,0,0,0,0,0,0,0,0,,inactive,0,2020,9
Lithuania,2020-09-01,0,0,0,0,147208,1,1,1,147208,1,0,importer,1,2020,9
Malaysia,2020-09-01,0,0,0,0,0,0,0,0,0,0,,inactive,0,2020,9
Malta,2020-09-01,0,0,0,0,0,0,0,0,0,0,,inactive,0,2020,9
Mexico,2020-09-01,0,0,0,0,0,0,0,0,0,0,,inactive,0,2020,9
Mozambique,2020-09-01,0,0,0,0,0,0,0,0,0,0,,inactive,0,2020,9
Netherlands,2020-09-01,0,0,0,0,322759,2,1,2,322759,2,0,importer,1,2020,9
Nigeria,2020-09-01,921152,6,1,5,0,0,0,0,921152,6,1,exporter,1,2020,9
Norway,2020-09-01,307967,3,2,3,0,0,0,0,307967,3,1,exporter,1,2020,9
Oman,2020-09-01,0,0,0,0,0,0,0,0,0,0,,inactive,0,2020,9
Pakistan,2020-09-01,0,0,0,0,817934,5,1,2,817934,5,0,importer,1,2020,9
Panama,2020-09-01,0,0,0,0,0,0,0,0,0,0,,inactive,0,2020,9
Peru,2020-09-01,0,0,0,0,0,0,0,0,0,0,,inactive,0,2020,9
Philippines,2020-09-01,0,0,0,0,0,0,0,0,0,0,,inactive,0,2020,9
Poland,2020-09-01,0,0,0,0,209220,1,1,1,209220,1,0,importer,1,2020,9
Portugal,2020-09-01,0,0,0,0,509600,3,1,2,509600,3,0,importer,1,2020,9
Qatar,2020-09-01,4132652,20,1,11,0,0,0,0,4132652,20,1,exporter,1,2020,9
Russia,2020-09-01,1532880,11,2,6,0,0,0,0,1532880,11,1,exporter,1,2020,9
South Korea,2020-09-01,0,0,0,0,1843572,10,4,3,1843572,10,0,importer,1,2020,9
Spain,2020-09-01,0,0,0,0,614180,4,3,3,614180,4,0,importer,1,2020,9
Sweden,2020-09-01,0,0,0,0,54000,3,2,2,54000,3,0,importer,1,2020,9
Taiwan,2020-09-01,0,0,0,0,603000,4,2,3,603000,4,0,importer,1,2020,9
Thailand,2020-09-01,0,0,0,0,0,0,0,0,0,0,,inactive,0,2020,9
Trinidad and Tobago,2020-09-01,431179,3,1,3,0,0,0,0,431179,3,1,exporter,1,2020,9
Turkmenistan,2020-09-01,0,0,0,0,0,0,0,0,0,0,,inactive,0,2020,9
Türkiye,2020-09-01,0,0,0,0,318300,2,2,2,318300,2,0,importer,1,2020,9
United Arab Emirates,2020-09-01,272000,2,1,2,0,0,0,0,272000,2,1,exporter,1,2020,9
United Kingdom,2020-09-01,0,0,0,0,527700,2,1,1,527700,2,0,importer,1,2020,9
United States,2020-09-01,3001222,18,4,10,138059,1,1,1,3139281,19,0.956022095505,exporter,1,2020,9
Algeria,2020-10-01,415500,3,2,3,0,0,0,0,415500,3,1,exporter,1,2020,10
Argentina,2020-10-01,0,0,0,0,0,0,0,0,0,0,,inactive,0,2020,10
Australia,2020-10-01,2030540,13,4,4,0,0,0,0,2030540,13,1,exporter,1,2020,10
Bangladesh,2020-10-01,0,0,0,0,0,0,0,0,0,0,,inactive,0,2020,10
Belgium,2020-10-01,0,0,0,0,173000,1,1,1,173000,1,0,importer,1,2020,10
Brazil,2020-10-01,0,0,0,0,175000,1,1,1,175000,1,0,importer,1,2020,10
Cameroon,2020-10-01,0,0,0,0,0,0,0,0,0,0,,inactive,0,2020,10
Canada,2020-10-01,0,0,0,0,0,0,0,0,0,0,,inactive,0,2020,10
Chile,2020-10-01,0,0,0,0,0,0,0,0,0,0,,inactive,0,2020,10
China,2020-10-01,0,0,0,0,3348766,16,8,4,3348766,16,0,importer,1,2020,10
Colombia,2020-10-01,0,0,0,0,0,0,0,0,0,0,,inactive,0,2020,10
Croatia,2020-10-01,0,0,0,0,0,0,0,0,0,0,,inactive,0,2020,10
Egypt,2020-10-01,0,0,0,0,0,0,0,0,0,0,,inactive,0,2020,10
El Salvador,2020-10-01,0,0,0,0,0,0,0,0,0,0,,inactive,0,2020,10
Equatorial Guinea,2020-10-01,0,0,0,0,0,0,0,0,0,0,,inactive,0,2020,10
Finland,2020-10-01,0,0,0,0,18000,1,1,1,18000,1,0,importer,1,2020,10
France,2020-10-01,0,0,0,0,1445000,9,2,3,1445000,9,0,importer,1,2020,10
Germany,2020-10-01,0,0,0,0,0,0,0,0,0,0,,inactive,0,2020,10
Gibraltar,2020-10-01,0,0,0,0,0,0,0,0,0,0,,inactive,0,2020,10
Greece,2020-10-01,0,0,0,0,0,0,0,0,0,0,,inactive,0,2020,10
Hong Kong,2020-10-01,0,0,0,0,0,0,0,0,0,0,,inactive,0,2020,10
India,2020-10-01,0,0,0,0,1009115,6,2,5,1009115,6,0,importer,1,2020,10
Indonesia,2020-10-01,0,0,0,0,0,0,0,0,0,0,,inactive,0,2020,10
Italy,2020-10-01,0,0,0,0,0,0,0,0,0,0,,inactive,0,2020,10
Jamaica,2020-10-01,0,0,0,0,0,0,0,0,0,0,,inactive,0,2020,10
Japan,2020-10-01,0,0,0,0,2389115,15,7,4,2389115,15,0,importer,1,2020,10
Jordan,2020-10-01,0,0,0,0,0,0,0,0,0,0,,inactive,0,2020,10
Kuwait,2020-10-01,0,0,0,0,0,0,0,0,0,0,,inactive,0,2020,10
Lithuania,2020-10-01,0,0,0,0,147208,1,1,1,147208,1,0,importer,1,2020,10
Malaysia,2020-10-01,0,0,0,0,0,0,0,0,0,0,,inactive,0,2020,10
Malta,2020-10-01,0,0,0,0,0,0,0,0,0,0,,inactive,0,2020,10
Mexico,2020-10-01,0,0,0,0,174000,1,1,1,174000,1,0,importer,1,2020,10
Mozambique,2020-10-01,0,0,0,0,0,0,0,0,0,0,,inactive,0,2020,10
Netherlands,2020-10-01,0,0,0,0,343000,2,1,2,343000,2,0,importer,1,2020,10
Nigeria,2020-10-01,1538573,10,1,7,0,0,0,0,1538573,10,1,exporter,1,2020,10
Norway,2020-10-01,0,0,0,0,0,0,0,0,0,0,,inactive,0,2020,10
Oman,2020-10-01,0,0,0,0,0,0,0,0,0,0,,inactive,0,2020,10
Pakistan,2020-10-01,0,0,0,0,216200,1,1,1,216200,1,0,importer,1,2020,10
Panama,2020-10-01,0,0,0,0,0,0,0,0,0,0,,inactive,0,2020,10
Peru,2020-10-01,0,0,0,0,0,0,0,0,0,0,,inactive,0,2020,10
Philippines,2020-10-01,0,0,0,0,0,0,0,0,0,0,,inactive,0,2020,10
Poland,2020-10-01,0,0,0,0,569088,3,1,2,569088,3,0,importer,1,2020,10
Portugal,2020-10-01,0,0,0,0,482759,3,1,2,482759,3,0,importer,1,2020,10
Qatar,2020-10-01,3696157,16,1,8,0,0,0,0,3696157,16,1,exporter,1,2020,10
Russia,2020-10-01,2905933,21,3,10,0,0,0,0,2905933,21,1,exporter,1,2020,10
South Korea,2020-10-01,0,0,0,0,1190535,6,4,3,1190535,6,0,importer,1,2020,10
Spain,2020-10-01,0,0,0,0,796664,5,4,3,796664,5,0,importer,1,2020,10
Sweden,2020-10-01,0,0,0,0,58969,3,2,1,58969,3,0,importer,1,2020,10
Taiwan,2020-10-01,0,0,0,0,455644,3,2,3,455644,3,0,importer,1,2020,10
Thailand,2020-10-01,0,0,0,0,0,0,0,0,0,0,,inactive,0,2020,10
Trinidad and Tobago,2020-10-01,273059,2,1,1,0,0,0,0,273059,2,1,exporter,1,2020,10
Turkmenistan,2020-10-01,0,0,0,0,0,0,0,0,0,0,,inactive,0,2020,10
Türkiye,2020-10-01,0,0,0,0,340000,2,2,2,340000,2,0,importer,1,2020,10
United Arab Emirates,2020-10-01,137100,1,1,1,0,0,0,0,137100,1,1,exporter,1,2020,10
United Kingdom,2020-10-01,0,0,0,0,1137720,7,2,5,1137720,7,0,importer,1,2020,10
United States,2020-10-01,3745980,22,4,12,273059,2,2,1,4019039,24,0.932058633917,exporter,1,2020,10
Algeria,2020-11-01,661000,5,2,3,0,0,0,0,661000,5,1,exporter,1,2020,11
Argentina,2020-11-01,0,0,0,0,0,0,0,0,0,0,,inactive,0,2020,11
Australia,2020-11-01,3025820,19,4,3,0,0,0,0,3025820,19,1,exporter,1,2020,11
Bangladesh,2020-11-01,0,0,0,0,0,0,0,0,0,0,,inactive,0,2020,11
Belgium,2020-11-01,0,0,0,0,855000,5,1,2,855000,5,0,importer,1,2020,11
Brazil,2020-11-01,0,0,0,0,159800,1,1,1,159800,1,0,importer,1,2020,11
Cameroon,2020-11-01,149700,1,1,1,0,0,0,0,149700,1,1,exporter,1,2020,11
Canada,2020-11-01,0,0,0,0,0,0,0,0,0,0,,inactive,0,2020,11
Chile,2020-11-01,0,0,0,0,0,0,0,0,0,0,,inactive,0,2020,11
China,2020-11-01,0,0,0,0,3057600,17,8,5,3057600,17,0,importer,1,2020,11
Colombia,2020-11-01,0,0,0,0,0,0,0,0,0,0,,inactive,0,2020,11
Croatia,2020-11-01,0,0,0,0,145000,1,1,1,145000,1,0,importer,1,2020,11
Egypt,2020-11-01,0,0,0,0,0,0,0,0,0,0,,inactive,0,2020,11
El Salvador,2020-11-01,0,0,0,0,0,0,0,0,0,0,,inactive,0,2020,11
Equatorial Guinea,2020-11-01,0,0,0,0,0,0,0,0,0,0,,inactive,0,2020,11
Finland,2020-11-01,0,0,0,0,40969,2,1,1,40969,2,0,importer,1,2020,11
France,2020-11-01,0,0,0,0,1227500,8,3,3,1227500,8,0,importer,1,2020,11
Germany,2020-11-01,0,0,0,0,0,0,0,0,0,0,,inactive,0,2020,11
Gibraltar,2020-11-01,0,0,0,0,0,0,0,0,0,0,,inactive,0,2020,11
Greece,2020-11-01,0,0,0,0,216200,1,1,1,216200,1,0,importer,1,2020,11
Hong Kong,2020-11-01,0,0,0,0,0,0,0,0,0,0,,inactive,0,2020,11
India,2020-11-01,0,0,0,0,459190,3,1,3,459190,3,0,importer,1,2020,11
Indonesia,2020-11-01,0,0,0,0,0,0,0,0,0,0,,inactive,0,2020,11
Italy,2020-11-01,0,0,0,0,0,0,0,0,0,0,,inactive,0,2020,11
Jamaica,2020-11-01,0,0,0,0,0,0,0,0,0,0,,inactive,0,2020,11
Japan,2020-11-01,0,0,0,0,2973505,18,10,3,2973505,18,0,importer,1,2020,11
Jordan,2020-11-01,0,0,0,0,0,0,0,0,0,0,,inactive,0,2020,11
Kuwait,2020-11-01,0,0,0,0,0,0,0,0,0,0,,inactive,0,2020,11
Lithuania,2020-11-01,0,0,0,0,173400,1,1,1,173400,1,0,importer,1,2020,11
Malaysia,2020-11-01,0,0,0,0,0,0,0,0,0,0,,inactive,0,2020,11
Malta,2020-11-01,0,0,0,0,0,0,0,0,0,0,,inactive,0,2020,11
Mexico,2020-11-01,0,0,0,0,154880,1,1,1,154880,1,0,importer,1,2020,11
Mozambique,2020-11-01,0,0,0,0,0,0,0,0,0,0,,inactive,0,2020,11
Netherlands,2020-11-01,0,0,0,0,507000,3,1,2,507000,3,0,importer,1,2020,11
Nigeria,2020-11-01,1562100,10,1,6,0,0,0,0,1562100,10,1,exporter,1,2020,11
Norway,2020-11-01,0,0,0,0,22969,1,1,1,22969,1,0,importer,1,2020,11
Oman,2020-11-01,0,0,0,0,0,0,0,0,0,0,,inactive,0,2020,11
Pakistan,2020-11-01,0,0,0,0,369274,2,1,2,369274,2,0,importer,1,2020,11
Panama,2020-11-01,0,0,0,0,159274,1,1,1,159274,1,0,importer,1,2020,11
Peru,2020-11-01,0,0,0,0,0,0,0,0,0,0,,inactive,0,2020,11
Philippines,2020-11-01,0,0,0,0,0,0,0,0,0,0,,inactive,0,2020,11
Poland,2020-11-01,0,0,0,0,0,0,0,0,0,0,,inactive,0,2020,11
Portugal,2020-11-01,0,0,0,0,570900,4,1,2,570900,4,0,importer,1,2020,11
Qatar,2020-11-01,2546400,12,1,9,0,0,0,0,2546400,12,1,exporter,1,2020,11
Russia,2020-11-01,2815338,20,2,9,0,0,0,0,2815338,20,1,exporter,1,2020,11
South Korea,2020-11-01,0,0,0,0,1612127,9,5,4,1612127,9,0,importer,1,2020,11
Spain,2020-11-01,0,0,0,0,770500,5,5,4,770500,5,0,importer,1,2020,11
Sweden,2020-11-01,0,0,0,0,18000,1,1,1,18000,1,0,importer,1,2020,11
Taiwan,2020-11-01,0,0,0,0,150000,1,1,1,150000,1,0,importer,1,2020,11
Thailand,2020-11-01,0,0,0,0,217000,1,1,1,217000,1,0,importer,1,2020,11
Trinidad and Tobago,2020-11-01,0,0,0,0,0,0,0,0,0,0,,inactive,0,2020,11
Turkmenistan,2020-11-01,0,0,0,0,0,0,0,0,0,0,,inactive,0,2020,11
Türkiye,2020-11-01,0,0,0,0,705600,4,2,3,705600,4,0,importer,1,2020,11
United Arab Emirates,2020-11-01,135490,1,1,1,0,0,0,0,135490,1,1,exporter,1,2020,11
United Kingdom,2020-11-01,0,0,0,0,1034870,6,2,2,1034870,6,0,importer,1,2020,11
United States,2020-11-01,4704710,28,5,14,0,0,0,0,4704710,28,1,exporter,1,2020,11
Algeria,2020-12-01,170000,1,1,1,0,0,0,0,170000,1,1,exporter,1,2020,12
Argentina,2020-12-01,0,0,0,0,0,0,0,0,0,0,,inactive,0,2020,12
Australia,2020-12-01,2645933,17,4,3,0,0,0,0,2645933,17,1,exporter,1,2020,12
Bangladesh,2020-12-01,0,0,0,0,0,0,0,0,0,0,,inactive,0,2020,12
Belgium,2020-12-01,0,0,0,0,861400,5,1,1,861400,5,0,importer,1,2020,12
Brazil,2020-12-01,0,0,0,0,0,0,0,0,0,0,,inactive,0,2020,12
Cameroon,2020-12-01,149700,1,1,1,0,0,0,0,149700,1,1,exporter,1,2020,12
Canada,2020-12-01,0,0,0,0,0,0,0,0,0,0,,inactive,0,2020,12
Chile,2020-12-01,0,0,0,0,175000,1,1,1,175000,1,0,importer,1,2020,12
China,2020-12-01,0,0,0,0,2850200,17,6,5,2850200,17,0,importer,1,2020,12
Colombia,2020-12-01,0,0,0,0,0,0,0,0,0,0,,inactive,0,2020,12
Croatia,2020-12-01,0,0,0,0,145702,1,1,1,145702,1,0,importer,1,2020,12
Egypt,2020-12-01,0,0,0,0,0,0,0,0,0,0,,inactive,0,2020,12
El Salvador,2020-12-01,0,0,0,0,0,0,0,0,0,0,,inactive,0,2020,12
Equatorial Guinea,2020-12-01,155000,1,1,1,0,0,0,0,155000,1,1,exporter,1,2020,12
Finland,2020-12-01,0,0,0,0,36000,2,1,1,36000,2,0,importer,1,2020,12
France,2020-12-01,0,0,0,0,799300,5,1,2,799300,5,0,importer,1,2020,12
Germany,2020-12-01,0,0,0,0,0,0,0,0,0,0,,inactive,0,2020,12
Gibraltar,2020-12-01,0,0,0,0,0,0,0,0,0,0,,inactive,0,2020,12
Greece,2020-12-01,0,0,0,0,0,0,0,0,0,0,,inactive,0,2020,12
Hong Kong,2020-12-01,0,0,0,0,0,0,0,0,0,0,,inactive,0,2020,12
India,2020-12-01,0,0,0,0,339172,2,2,1,339172,2,0,importer,1,2020,12
Indonesia,2020-12-01,0,0,0,0,0,0,0,0,0,0,,inactive,0,2020,12
Italy,2020-12-01,0,0,0,0,0,0,0,0,0,0,,inactive,0,2020,12
Jamaica,2020-12-01,0,0,0,0,0,0,0,0,0,0,,inactive,0,2020,12
Japan,2020-12-01,0,0,0,0,3226841,20,7,5,3226841,20,0,importer,1,2020,12
Jordan,2020-12-01,0,0,0,0,0,0,0,0,0,0,,inactive,0,2020,12
Kuwait,2020-12-01,0,0,0,0,0,0,0,0,0,0,,inactive,0,2020,12
Lithuania,2020-12-01,0,0,0,0,142759,1,1,1,142759,1,0,importer,1,2020,12
Malaysia,2020-12-01,0,0,0,0,0,0,0,0,0,0,,inactive,0,2020,12
Malta,2020-12-01,0,0,0,0,0,0,0,0,0,0,,inactive,0,2020,12
Mexico,2020-12-01,0,0,0,0,0,0,0,0,0,0,,inactive,0,2020,12
Mozambique,2020-12-01,0,0,0,0,0,0,0,0,0,0,,inactive,0,2020,12
Netherlands,2020-12-01,0,0,0,0,345000,2,1,1,345000,2,0,importer,1,2020,12
Nigeria,2020-12-01,1986530,13,1,6,0,0,0,0,1986530,13,1,exporter,1,2020,12
Norway,2020-12-01,0,0,0,0,0,0,0,0,0,0,,inactive,0,2020,12
Oman,2020-12-01,0,0,0,0,0,0,0,0,0,0,,inactive,0,2020,12
Pakistan,2020-12-01,0,0,0,0,0,0,0,0,0,0,,inactive,0,2020,12
Panama,2020-12-01,0,0,0,0,0,0,0,0,0,0,,inactive,0,2020,12
Peru,2020-12-01,0,0,0,0,0,0,0,0,0,0,,inactive,0,2020,12
Philippines,2020-12-01,0,0,0,0,0,0,0,0,0,0,,inactive,0,2020,12
Poland,2020-12-01,0,0,0,0,161870,1,1,1,161870,1,0,importer,1,2020,12
Portugal,2020-12-01,0,0,0,0,646226,4,1,3,646226,4,0,importer,1,2020,12
Qatar,2020-12-01,572054,3,1,3,0,0,0,0,572054,3,1,exporter,1,2020,12
Russia,2020-12-01,3344338,24,3,10,0,0,0,0,3344338,24,1,exporter,1,2020,12
South Korea,2020-12-01,0,0,0,0,1699800,10,4,2,1699800,10,0,importer,1,2020,12
Spain,2020-12-01,0,0,0,0,1082514,7,4,4,1082514,7,0,importer,1,2020,12
Sweden,2020-12-01,0,0,0,0,63938,3,1,1,63938,3,0,importer,1,2020,12
Taiwan,2020-12-01,0,0,0,0,447882,3,2,3,447882,3,0,importer,1,2020,12
Thailand,2020-12-01,0,0,0,0,210152,1,1,1,210152,1,0,importer,1,2020,12
Trinidad and Tobago,2020-12-01,461759,3,1,2,0,0,0,0,461759,3,1,exporter,1,2020,12
Turkmenistan,2020-12-01,0,0,0,0,0,0,0,0,0,0,,inactive,0,2020,12
Türkiye,2020-12-01,0,0,0,0,478400,3,2,2,478400,3,0,importer,1,2020,12
United Arab Emirates,2020-12-01,0,0,0,0,0,0,0,0,0,0,,inactive,0,2020,12
United Kingdom,2020-12-01,0,0,0,0,1543000,9,2,2,1543000,9,0,importer,1,2020,12
United States,2020-12-01,5907901,35,5,12,138059,1,1,1,6045960,36,0.977165082137,exporter,1,2020,12
Algeria,2021-01-01,276116,2,1,1,0,0,0,0,276116,2,1,exporter,1,2021,1
Argentina,2021-01-01,0,0,0,0,0,0,0,0,0,0,,inactive,0,2021,1
Australia,2021-01-01,2062325,13,4,3,0,0,0,0,2062325,13,1,exporter,1,2021,1
Bangladesh,2021-01-01,0,0,0,0,0,0,0,0,0,0,,inactive,0,2021,1
Belgium,2021-01-01,0,0,0,0,515000,3,1,1,515000,3,0,importer,1,2021,1
Brazil,2021-01-01,0,0,0,0,0,0,0,0,0,0,,inactive,0,2021,1
Cameroon,2021-01-01,0,0,0,0,0,0,0,0,0,0,,inactive,0,2021,1
Canada,2021-01-01,0,0,0,0,155000,1,1,1,155000,1,0,importer,1,2021,1
Chile,2021-01-01,0,0,0,0,0,0,0,0,0,0,,inactive,0,2021,1
China,2021-01-01,0,0,0,0,1785717,10,5,4,1785717,10,0,importer,1,2021,1
Colombia,2021-01-01,0,0,0,0,0,0,0,0,0,0,,inactive,0,2021,1
Croatia,2021-01-01,0,0,0,0,0,0,0,0,0,0,,inactive,0,2021,1
Egypt,2021-01-01,0,0,0,0,0,0,0,0,0,0,,inactive,0,2021,1
El Salvador,2021-01-01,0,0,0,0,0,0,0,0,0,0,,inactive,0,2021,1
Equatorial Guinea,2021-01-01,164000,1,1,1,0,0,0,0,164000,1,1,exporter,1,2021,1
Finland,2021-01-01,0,0,0,0,18000,1,1,1,18000,1,0,importer,1,2021,1
France,2021-01-01,0,0,0,0,642552,4,2,3,642552,4,0,importer,1,2021,1
Germany,2021-01-01,0,0,0,0,0,0,0,0,0,0,,inactive,0,2021,1
Gibraltar,2021-01-01,0,0,0,0,320608,2,1,1,320608,2,0,importer,1,2021,1
Greece,2021-01-01,0,0,0,0,0,0,0,0,0,0,,inactive,0,2021,1
Hong Kong,2021-01-01,0,0,0,0,0,0,0,0,0,0,,inactive,0,2021,1
India,2021-01-01,0,0,0,0,751100,4,2,2,751100,4,0,importer,1,2021,1
Indonesia,2021-01-01,0,0,0,0,0,0,0,0,0,0,,inactive,0,2021,1
Italy,2021-01-01,0,0,0,0,0,0,0,0,0,0,,inactive,0,2021,1
Jamaica,2021-01-01,0,0,0,0,0,0,0,0,0,0,,inactive,0,2021,1
Japan,2021-01-01,0,0,0,0,3294040,20,9,5,3294040,20,0,importer,1,2021,1
Jordan,2021-01-01,0,0,0,0,0,0,0,0,0,0,,inactive,0,2021,1
Kuwait,2021-01-01,0,0,0,0,0,0,0,0,0,0,,inactive,0,2021,1
Lithuania,2021-01-01,0,0,0,0,0,0,0,0,0,0,,inactive,0,2021,1
Malaysia,2021-01-01,0,0,0,0,0,0,0,0,0,0,,inactive,0,2021,1
Malta,2021-01-01,0,0,0,0,0,0,0,0,0,0,,inactive,0,2021,1
Mexico,2021-01-01,0,0,0,0,0,0,0,0,0,0,,inactive,0,2021,1
Mozambique,2021-01-01,0,0,0,0,0,0,0,0,0,0,,inactive,0,2021,1
Netherlands,2021-01-01,0,0,0,0,346400,2,1,1,346400,2,0,importer,1,2021,1
Nigeria,2021-01-01,2412050,16,1,7,0,0,0,0,2412050,16,1,exporter,1,2021,1
Norway,2021-01-01,0,0,0,0,0,0,0,0,0,0,,inactive,0,2021,1
Oman,2021-01-01,0,0,0,0,0,0,0,0,0,0,,inactive,0,2021,1
Pakistan,2021-01-01,0,0,0,0,151700,1,1,1,151700,1,0,importer,1,2021,1
Panama,2021-01-01,0,0,0,0,0,0,0,0,0,0,,inactive,0,2021,1
Peru,2021-01-01,0,0,0,0,0,0,0,0,0,0,,inactive,0,2021,1
Philippines,2021-01-01,0,0,0,0,0,0,0,0,0,0,,inactive,0,2021,1
Poland,2021-01-01,0,0,0,0,0,0,0,0,0,0,,inactive,0,2021,1
Portugal,2021-01-01,0,0,0,0,665600,4,1,3,665600,4,0,importer,1,2021,1
Qatar,2021-01-01,2213420,10,1,6,0,0,0,0,2213420,10,1,exporter,1,2021,1
Russia,2021-01-01,2400800,15,3,8,0,0,0,0,2400800,15,1,exporter,1,2021,1
South Korea,2021-01-01,0,0,0,0,2877863,16,5,4,2877863,16,0,importer,1,2021,1
Spain,2021-01-01,0,0,0,0,660700,4,3,3,660700,4,0,importer,1,2021,1
Sweden,2021-01-01,0,0,0,0,0,0,0,0,0,0,,inactive,0,2021,1
Taiwan,2021-01-01,0,0,0,0,602584,4,2,3,602584,4,0,importer,1,2021,1
Thailand,2021-01-01,0,0,0,0,210100,1,1,1,210100,1,0,importer,1,2021,1
Trinidad and Tobago,2021-01-01,293059,2,1,2,0,0,0,0,293059,2,1,exporter,1,2021,1
Turkmenistan,2021-01-01,0,0,0,0,0,0,0,0,0,0,,inactive,0,2021,1
Türkiye,2021-01-01,0,0,0,0,1558198,10,2,3,1558198,10,0,importer,1,2021,1
United Arab Emirates,2021-01-01,160000,1,1,1,0,0,0,0,160000,1,1,exporter,1,2021,1
United Kingdom,2021-01-01,0,0,0,0,512000,3,2,1,512000,3,0,importer,1,2021,1
United States,2021-01-01,5223451,31,4,10,138059,1,1,1,5361510,32,0.974249978085,exporter,1,2021,1
Algeria,2021-02-01,700766,5,2,3,0,0,0,0,700766,5,1,exporter,1,2021,2
Argentina,2021-02-01,0,0,0,0,0,0,0,0,0,0,,inactive,0,2021,2
Australia,2021-02-01,1358241,9,3,3,0,0,0,0,1358241,9,1,exporter,1,2021,2
Bangladesh,2021-02-01,0,0,0,0,0,0,0,0,0,0,,inactive,0,2021,2
Belgium,2021-02-01,0,0,0,0,1280420,7,1,2,1280420,7,0,importer,1,2021,2
Brazil,2021-02-01,0,0,0,0,154948,1,1,1,154948,1,0,importer,1,2021,2
Cameroon,2021-02-01,0,0,0,0,0,0,0,0,0,0,,inactive,0,2021,2
Canada,2021-02-01,0,0,0,0,312517,2,1,1,312517,2,0,importer,1,2021,2
Chile,2021-02-01,0,0,0,0,175000,1,1,1,175000,1,0,importer,1,2021,2
China,2021-02-01,0,0,0,0,978000,5,5,4,978000,5,0,importer,1,2021,2
Colombia,2021-02-01,0,0,0,0,0,0,0,0,0,0,,inactive,0,2021,2
Croatia,2021-02-01,0,0,0,0,290702,2,1,1,290702,2,0,importer,1,2021,2
Egypt,2021-02-01,0,0,0,0,0,0,0,0,0,0,,inactive,0,2021,2
El Salvador,2021-02-01,0,0,0,0,0,0,0,0,0,0,,inactive,0,2021,2
Equatorial Guinea,2021-02-01,0,0,0,0,0,0,0,0,0,0,,inactive,0,2021,2
Finland,2021-02-01,0,0,0,0,18000,1,1,1,18000,1,0,importer,1,2021,2
France,2021-02-01,0,0,0,0,1157808,7,3,4,1157808,7,0,importer,1,2021,2
Germany,2021-02-01,0,0,0,0,0,0,0,0,0,0,,inactive,0,2021,2
Gibraltar,2021-02-01,0,0,0,0,0,0,0,0,0,0,,inactive,0,2021,2
Greece,2021-02-01,0,0,0,0,0,0,0,0,0,0,,inactive,0,2021,2
Hong Kong,2021-02-01,0,0,0,0,0,0,0,0,0,0,,inactive,0,2021,2
India,2021-02-01,0,0,0,0,1351400,7,5,2,1351400,7,0,importer,1,2021,2
Indonesia,2021-02-01,0,0,0,0,0,0,0,0,0,0,,inactive,0,2021,2
Italy,2021-02-01,0,0,0,0,75500,1,1,1,75500,1,0,importer,1,2021,2
Jamaica,2021-02-01,0,0,0,0,0,0,0,0,0,0,,inactive,0,2021,2
Japan,2021-02-01,0,0,0,0,2315159,14,7,4,2315159,14,0,importer,1,2021,2
Jordan,2021-02-01,0,0,0,0,0,0,0,0,0,0,,inactive,0,2021,2
Kuwait,2021-02-01,0,0,0,0,0,0,0,0,0,0,,inactive,0,2021,2
Lithuania,2021-02-01,0,0,0,0,160000,1,1,1,160000,1,0,importer,1,2021,2
Malaysia,2021-02-01,0,0,0,0,0,0,0,0,0,0,,inactive,0,2021,2
Malta,2021-02-01,0,0,0,0,0,0,0,0,0,0,,inactive,0,2021,2
Mexico,2021-02-01,0,0,0,0,0,0,0,0,0,0,,inactive,0,2021,2
Mozambique,2021-02-01,0,0,0,0,0,0,0,0,0,0,,inactive,0,2021,2
Netherlands,2021-02-01,0,0,0,0,828120,5,1,2,828120,5,0,importer,1,2021,2
Nigeria,2021-02-01,1593052,10,1,5,0,0,0,0,1593052,10,1,exporter,1,2021,2
Norway,2021-02-01,0,0,0,0,0,0,0,0,0,0,,inactive,0,2021,2
Oman,2021-02-01,0,0,0,0,0,0,0,0,0,0,,inactive,0,2021,2
Pakistan,2021-02-01,0,0,0,0,290700,2,1,1,290700,2,0,importer,1,2021,2
Panama,2021-02-01,0,0,0,0,0,0,0,0,0,0,,inactive,0,2021,2
Peru,2021-02-01,0,0,0,0,0,0,0,0,0,0,,inactive,0,2021,2
Philippines,2021-02-01,0,0,0,0,0,0,0,0,0,0,,inactive,0,2021,2
Poland,2021-02-01,0,0,0,0,0,0,0,0,0,0,,inactive,0,2021,2
Portugal,2021-02-01,0,0,0,0,828600,5,1,3,828600,5,0,importer,1,2021,2
Qatar,2021-02-01,4665271,24,1,10,0,0,0,0,4665271,24,1,exporter,1,2021,2
Russia,2021-02-01,2452400,17,2,8,0,0,0,0,2452400,17,1,exporter,1,2021,2
South Korea,2021-02-01,0,0,0,0,668764,4,3,2,668764,4,0,importer,1,2021,2
Spain,2021-02-01,0,0,0,0,893514,6,6,3,893514,6,0,importer,1,2021,2
Sweden,2021-02-01,0,0,0,0,36000,2,1,1,36000,2,0,importer,1,2021,2
Taiwan,2021-02-01,0,0,0,0,295000,2,1,1,295000,2,0,importer,1,2021,2
Thailand,2021-02-01,0,0,0,0,426152,2,1,1,426152,2,0,importer,1,2021,2
Trinidad and Tobago,2021-02-01,447517,3,1,2,0,0,0,0,447517,3,1,exporter,1,2021,2
Turkmenistan,2021-02-01,0,0,0,0,0,0,0,0,0,0,,inactive,0,2021,2
Türkiye,2021-02-01,0,0,0,0,1481136,9,3,3,1481136,9,0,importer,1,2021,2
United Arab Emirates,2021-02-01,137100,1,1,1,0,0,0,0,137100,1,1,exporter,1,2021,2
United Kingdom,2021-02-01,0,0,0,0,1900497,10,2,3,1900497,10,0,importer,1,2021,2
United States,2021-02-01,4698590,28,5,12,135000,1,1,1,4833590,29,0.972070448673,exporter,1,2021,2
Algeria,2021-03-01,802000,7,2,4,0,0,0,0,802000,7,1,exporter,1,2021,3
Argentina,2021-03-01,0,0,0,0,0,0,0,0,0,0,,inactive,0,2021,3
Australia,2021-03-01,3308814,21,5,4,0,0,0,0,3308814,21,1,exporter,1,2021,3
Bangladesh,2021-03-01,0,0,0,0,0,0,0,0,0,0,,inactive,0,2021,3
Belgium,2021-03-01,0,0,0,0,1595000,9,1,3,1595000,9,0,importer,1,2021,3
Brazil,2021-03-01,0,0,0,0,180000,1,1,1,180000,1,0,importer,1,2021,3
Cameroon,2021-03-01,0,0,0,0,0,0,0,0,0,0,,inactive,0,2021,3
Canada,2021-03-01,0,0,0,0,0,0,0,0,0,0,,inactive,0,2021,3
Chile,2021-03-01,0,0,0,0,508200,3,2,2,508200,3,0,importer,1,2021,3
China,2021-03-01,0,0,0,0,2236100,13,7,6,2236100,13,0,importer,1,2021,3
Colombia,2021-03-01,0,0,0,0,0,0,0,0,0,0,,inactive,0,2021,3
Croatia,2021-03-01,0,0,0,0,138262,1,1,1,138262,1,0,importer,1,2021,3
Egypt,2021-03-01,0,0,0,0,0,0,0,0,0,0,,inactive,0,2021,3
El Salvador,2021-03-01,0,0,0,0,0,0,0,0,0,0,,inactive,0,2021,3
Equatorial Guinea,2021-03-01,348000,2,1,2,0,0,0,0,348000,2,1,exporter,1,2021,3
Finland,2021-03-01,0,0,0,0,36000,2,1,1,36000,2,0,importer,1,2021,3
France,2021-03-01,0,0,0,0,2684510,18,3,4,2684510,18,0,importer,1,2021,3
Germany,2021-03-01,0,0,0,0,0,0,0,0,0,0,,inactive,0,2021,3
Gibraltar,2021-03-01,0,0,0,0,174000,1,1,1,174000,1,0,importer,1,2021,3
Greece,2021-03-01,0,0,0,0,180000,1,1,1,180000,1,0,importer,1,2021,3
Hong Kong,2021-03-01,0,0,0,0,0,0,0,0,0,0,,inactive,0,2021,3
India,2021-03-01,0,0,0,0,979590,6,3,5,979590,6,0,importer,1,2021,3
Indonesia,2021-03-01,0,0,0,0,0,0,0,0,0,0,,inactive,0,2021,3
Italy,2021-03-01,0,0,0,0,310000,2,1,2,310000,2,0,importer,1,2021,3
Jamaica,2021-03-01,0,0,0,0,0,0,0,0,0,0,,inactive,0,2021,3
Japan,2021-03-01,0,0,0,0,2042551,13,9,3,2042551,13,0,importer,1,2021,3
Jordan,2021-03-01,0,0,0,0,0,0,0,0,0,0,,inactive,0,2021,3
Kuwait,2021-03-01,0,0,0,0,0,0,0,0,0,0,,inactive,0,2021,3
Lithuania,2021-03-01,0,0,0,0,228907,4,1,2,228907,4,0,importer,1,2021,3
Malaysia,2021-03-01,0,0,0,0,0,0,0,0,0,0,,inactive,0,2021,3
Malta,2021-03-01,0,0,0,0,0,0,0,0,0,0,,inactive,0,2021,3
Mexico,2021-03-01,0,0,0,0,0,0,0,0,0,0,,inactive,0,2021,3
Mozambique,2021-03-01,0,0,0,0,0,0,0,0,0,0,,inactive,0,2021,3
Netherlands,2021-03-01,0,0,0,0,725054,5,1,2,725054,5,0,importer,1,2021,3
Nigeria,2021-03-01,2079192,14,1,8,0,0,0,0,2079192,14,1,exporter,1,2021,3
Norway,2021-03-01,0,0,0,0,0,0,0,0,0,0,,inactive,0,2021,3
Oman,2021-03-01,0,0,0,0,0,0,0,0,0,0,,inactive,0,2021,3
Pakistan,2021-03-01,0,0,0,0,774203,4,1,1,774203,4,0,importer,1,2021,3
Panama,2021-03-01,0,0,0,0,0,0,0,0,0,0,,inactive,0,2021,3
Peru,2021-03-01,0,0,0,0,0,0,0,0,0,0,,inactive,0,2021,3
Philippines,2021-03-01,0,0,0,0,0,0,0,0,0,0,,inactive,0,2021,3
Poland,2021-03-01,0,0,0,0,590992,3,1,2,590992,3,0,importer,1,2021,3
Portugal,2021-03-01,0,0,0,0,318300,2,1,1,318300,2,0,importer,1,2021,3
Qatar,2021-03-01,6895260,32,1,13,0,0,0,0,6895260,32,1,exporter,1,2021,3
Russia,2021-03-01,3238676,25,2,8,0,0,0,0,3238676,25,1,exporter,1,2021,3
South Korea,2021-03-01,0,0,0,0,1854427,10,5,3,1854427,10,0,importer,1,2021,3
Spain,2021-03-01,0,0,0,0,1848726,12,6,5,1848726,12,0,importer,1,2021,3
Sweden,2021-03-01,0,0,0,0,18000,1,1,1,18000,1,0,importer,1,2021,3
Taiwan,2021-03-01,0,0,0,0,984207,6,2,4,984207,6,0,importer,1,2021,3
Thailand,2021-03-01,0,0,0,0,845152,4,1,2,845152,4,0,importer,1,2021,3
Trinidad and Tobago,2021-03-01,333800,2,1,2,0,0,0,0,333800,2,1,exporter,1,2021,3
Turkmenistan,2021-03-01,0,0,0,0,0,0,0,0,0,0,,inactive,0,2021,3
Türkiye,2021-03-01,0,0,0,0,514000,3,2,3,514000,3,0,importer,1,2021,3
United Arab Emirates,2021-03-01,272490,2,1,1,0,0,0,0,272490,2,1,exporter,1,2021,3
United Kingdom,2021-03-01,0,0,0,0,3837688,18,2,4,3837688,18,0,importer,1,2021,3
United States,2021-03-01,6325637,37,4,18,0,0,0,0,6325637,37,1,exporter,1,2021,3
Algeria,2021-04-01,1101058,10,2,4,0,0,0,0,1101058,10,1,exporter,1,2021,4
Argentina,2021-04-01,0,0,0,0,0,0,0,0,0,0,,inactive,0,2021,4
Australia,2021-04-01,2890166,18,5,4,0,0,0,0,2890166,18,1,exporter,1,2021,4
Bangladesh,2021-04-01,0,0,0,0,0,0,0,0,0,0,,inactive,0,2021,4
Belgium,2021-04-01,0,0,0,0,1062889,7,1,2,1062889,7,0,importer,1,2021,4
Brazil,2021-04-01,0,0,0,0,0,0,0,0,0,0,,inactive,0,2021,4
Cameroon,2021-04-01,0,0,0,0,0,0,0,0,0,0,,inactive,0,2021,4
Canada,2021-04-01,0,0,0,0,0,0,0,0,0,0,,inactive,0,2021,4
Chile,2021-04-01,0,0,0,0,170000,1,1,1,170000,1,0,importer,1,2021,4
China,2021-04-01,0,0,0,0,4096363,22,9,7,4096363,22,0,importer,1,2021,4
Colombia,2021-04-01,0,0,0,0,0,0,0,0,0,0,,inactive,0,2021,4
Croatia,2021-04-01,0,0,0,0,145000,1,1,1,145000,1,0,importer,1,2021,4
Egypt,2021-04-01,0,0,0,0,0,0,0,0,0,0,,inactive,0,2021,4
El Salvador,2021-04-01,0,0,0,0,0,0,0,0,0,0,,inactive,0,2021,4
Equatorial Guinea,2021-04-01,160000,1,1,1,0,0,0,0,160000,1,1,exporter,1,2021,4
Finland,2021-04-01,0,0,0,0,36000,2,1,1,36000,2,0,importer,1,2021,4
France,2021-04-01,0,0,0,0,2012516,12,3,3,2012516,12,0,importer,1,2021,4
Germany,2021-04-01,0,0,0,0,0,0,0,0,0,0,,inactive,0,2021,4
Gibraltar,2021-04-01,0,0,0,0,0,0,0,0,0,0,,inactive,0,2021,4
Greece,2021-04-01,0,0,0,0,210100,1,1,1,210100,1,0,importer,1,2021,4
Hong Kong,2021-04-01,0,0,0,0,0,0,0,0,0,0,,inactive,0,2021,4
India,2021-04-01,0,0,0,0,1142143,7,4,4,1142143,7,0,importer,1,2021,4
Indonesia,2021-04-01,0,0,0,0,0,0,0,0,0,0,,inactive,0,2021,4
Italy,2021-04-01,0,0,0,0,302000,4,1,1,302000,4,0,importer,1,2021,4
Jamaica,2021-04-01,0,0,0,0,0,0,0,0,0,0,,inactive,0,2021,4
Japan,2021-04-01,0,0,0,0,1434396,9,7,3,1434396,9,0,importer,1,2021,4
Jordan,2021-04-01,0,0,0,0,0,0,0,0,0,0,,inactive,0,2021,4
Kuwait,2021-04-01,0,0,0,0,0,0,0,0,0,0,,inactive,0,2021,4
Lithuania,2021-04-01,0,0,0,0,0,0,0,0,0,0,,inactive,0,2021,4
Malaysia,2021-04-01,0,0,0,0,0,0,0,0,0,0,,inactive,0,2021,4
Malta,2021-04-01,0,0,0,0,0,0,0,0,0,0,,inactive,0,2021,4
Mexico,2021-04-01,0,0,0,0,0,0,0,0,0,0,,inactive,0,2021,4
Mozambique,2021-04-01,0,0,0,0,0,0,0,0,0,0,,inactive,0,2021,4
Netherlands,2021-04-01,0,0,0,0,1036331,7,1,4,1036331,7,0,importer,1,2021,4
Nigeria,2021-04-01,2172426,14,1,8,0,0,0,0,2172426,14,1,exporter,1,2021,4
Norway,2021-04-01,22969,1,1,1,0,0,0,0,22969,1,1,exporter,1,2021,4
Oman,2021-04-01,174000,1,1,1,0,0,0,0,174000,1,1,exporter,1,2021,4
Pakistan,2021-04-01,0,0,0,0,645125,4,1,1,645125,4,0,importer,1,2021,4
Panama,2021-04-01,0,0,0,0,0,0,0,0,0,0,,inactive,0,2021,4
Peru,2021-04-01,0,0,0,0,0,0,0,0,0,0,,inactive,0,2021,4
Philippines,2021-04-01,0,0,0,0,0,0,0,0,0,0,,inactive,0,2021,4
Poland,2021-04-01,0,0,0,0,390000,2,1,2,390000,2,0,importer,1,2021,4
Portugal,2021-04-01,0,0,0,0,939600,6,1,3,939600,6,0,importer,1,2021,4
Qatar,2021-04-01,5716104,27,1,11,0,0,0,0,5716104,27,1,exporter,1,2021,4
Russia,2021-04-01,2939338,21,3,10,0,0,0,0,2939338,21,1,exporter,1,2021,4
South Korea,2021-04-01,0,0,0,0,1552018,8,3,3,1552018,8,0,importer,1,2021,4
Spain,2021-04-01,0,0,0,0,1209420,9,6,4,1209420,9,0,importer,1,2021,4
Sweden,2021-04-01,0,0,0,0,22969,1,1,1,22969,1,0,importer,1,2021,4
Taiwan,2021-04-01,0,0,0,0,1602452,10,2,4,1602452,10,0,importer,1,2021,4
Thailand,2021-04-01,0,0,0,0,1123117,6,1,3,1123117,6,0,importer,1,2021,4
Trinidad and Tobago,2021-04-01,342000,2,1,2,0,0,0,0,342000,2,1,exporter,1,2021,4
Turkmenistan,2021-04-01,0,0,0,0,0,0,0,0,0,0,,inactive,0,2021,4
Türkiye,2021-04-01,0,0,0,0,308058,2,1,1,308058,2,0,importer,1,2021,4
United Arab Emirates,2021-04-01,405000,3,1,1,210000,1,1,1,615000,4,0.658536585366,bidirectional,1,2021,4
United Kingdom,2021-04-01,0,0,0,0,1810700,9,2,4,1810700,9,0,importer,1,2021,4
United States,2021-04-01,5538136,33,4,12,0,0,0,0,5538136,33,1,exporter,1,2021,4
Algeria,2021-05-01,1441058,12,2,5,0,0,0,0,1441058,12,1,exporter,1,2021,5
Argentina,2021-05-01,0,0,0,0,0,0,0,0,0,0,,inactive,0,2021,5
Australia,2021-05-01,2702551,17,4,3,0,0,0,0,2702551,17,1,exporter,1,2021,5
Bangladesh,2021-05-01,0,0,0,0,0,0,0,0,0,0,,inactive,0,2021,5
Belgium,2021-05-01,0,0,0,0,1703535,10,1,2,1703535,10,0,importer,1,2021,5
Brazil,2021-05-01,0,0,0,0,334000,2,2,1,334000,2,0,importer,1,2021,5
Cameroon,2021-05-01,0,0,0,0,0,0,0,0,0,0,,inactive,0,2021,5
Canada,2021-05-01,0,0,0,0,0,0,0,0,0,0,,inactive,0,2021,5
Chile,2021-05-01,0,0,0,0,702673,4,2,2,702673,4,0,importer,1,2021,5
China,2021-05-01,0,0,0,0,3357325,19,9,4,3357325,19,0,importer,1,2021,5
Colombia,2021-05-01,0,0,0,0,0,0,0,0,0,0,,inactive,0,2021,5
Croatia,2021-05-01,0,0,0,0,501363,3,1,1,501363,3,0,importer,1,2021,5
Egypt,2021-05-01,160000,1,1,1,0,0,0,0,160000,1,1,exporter,1,2021,5
El Salvador,2021-05-01,0,0,0,0,0,0,0,0,0,0,,inactive,0,2021,5
Equatorial Guinea,2021-05-01,0,0,0,0,0,0,0,0,0,0,,inactive,0,2021,5
Finland,2021-05-01,0,0,0,0,18000,1,1,1,18000,1,0,importer,1,2021,5
France,2021-05-01,0,0,0,0,1722800,12,3,4,1722800,12,0,importer,1,2021,5
Germany,2021-05-01,0,0,0,0,0,0,0,0,0,0,,inactive,0,2021,5
Gibraltar,2021-05-01,0,0,0,0,209220,1,1,1,209220,1,0,importer,1,2021,5
Greece,2021-05-01,0,0,0,0,335000,2,1,1,335000,2,0,importer,1,2021,5
Hong Kong,2021-05-01,0,0,0,0,0,0,0,0,0,0,,inactive,0,2021,5
India,2021-05-01,0,0,0,0,814478,5,3,4,814478,5,0,importer,1,2021,5
Indonesia,2021-05-01,0,0,0,0,0,0,0,0,0,0,,inactive,0,2021,5
Italy,2021-05-01,0,0,0,0,572817,5,2,4,572817,5,0,importer,1,2021,5
Jamaica,2021-05-01,0,0,0,0,0,0,0,0,0,0,,inactive,0,2021,5
Japan,2021-05-01,0,0,0,0,2457679,15,6,5,2457679,15,0,importer,1,2021,5
Jordan,2021-05-01,0,0,0,0,0,0,0,0,0,0,,inactive,0,2021,5
Kuwait,2021-05-01,0,0,0,0,0,0,0,0,0,0,,inactive,0,2021,5
Lithuania,2021-05-01,0,0,0,0,154880,1,1,1,154880,1,0,importer,1,2021,5
Malaysia,2021-05-01,0,0,0,0,0,0,0,0,0,0,,inactive,0,2021,5
Malta,2021-05-01,0,0,0,0,0,0,0,0,0,0,,inactive,0,2021,5
Mexico,2021-05-01,0,0,0,0,0,0,0,0,0,0,,inactive,0,2021,5
Mozambique,2021-05-01,0,0,0,0,0,0,0,0,0,0,,inactive,0,2021,5
Netherlands,2021-05-01,0,0,0,0,867400,5,1,2,867400,5,0,importer,1,2021,5
Nigeria,2021-05-01,1661414,11,1,6,0,0,0,0,1661414,11,1,exporter,1,2021,5
Norway,2021-05-01,22969,1,1,1,0,0,0,0,22969,1,1,exporter,1,2021,5
Oman,2021-05-01,0,0,0,0,0,0,0,0,0,0,,inactive,0,2021,5
Pakistan,2021-05-01,0,0,0,0,595363,4,1,2,595363,4,0,importer,1,2021,5
Panama,2021-05-01,0,0,0,0,138158,1,1,1,138158,1,0,importer,1,2021,5
Peru,2021-05-01,0,0,0,0,0,0,0,0,0,0,,inactive,0,2021,5
Philippines,2021-05-01,0,0,0,0,0,0,0,0,0,0,,inactive,0,2021,5
Poland,2021-05-01,0,0,0,0,217000,1,1,1,217000,1,0,importer,1,2021,5
Portugal,2021-05-01,0,0,0,0,145914,1,1,1,145914,1,0,importer,1,2021,5
Qatar,2021-05-01,7807284,37,1,14,0,0,0,0,7807284,37,1,exporter,1,2021,5
Russia,2021-05-01,3165369,22,2,7,0,0,0,0,3165369,22,1,exporter,1,2021,5
South Korea,2021-05-01,0,0,0,0,2428782,12,4,3,2428782,12,0,importer,1,2021,5
Spain,2021-05-01,0,0,0,0,1381500,9,6,4,1381500,9,0,importer,1,2021,5
Sweden,2021-05-01,0,0,0,0,58969,3,1,2,58969,3,0,importer,1,2021,5
Taiwan,2021-05-01,0,0,0,0,972362,6,2,2,972362,6,0,importer,1,2021,5
Thailand,2021-05-01,0,0,0,0,822400,4,1,2,822400,4,0,importer,1,2021,5
Trinidad and Tobago,2021-05-01,467397,3,1,3,0,0,0,0,467397,3,1,exporter,1,2021,5
Turkmenistan,2021-05-01,0,0,0,0,0,0,0,0,0,0,,inactive,0,2021,5
Türkiye,2021-05-01,0,0,0,0,510000,3,2,1,510000,3,0,importer,1,2021,5
United Arab Emirates,2021-05-01,681100,5,1,3,426220,2,1,1,1107320,7,0.615088682585,bidirectional,1,2021,5
United Kingdom,2021-05-01,0,0,0,0,2089035,10,2,4,2089035,10,0,importer,1,2021,5
United States,2021-05-01,5427731,32,4,14,0,0,0,0,5427731,32,1,exporter,1,2021,5
Algeria,2021-06-01,502616,5,2,4,0,0,0,0,502616,5,1,exporter,1,2021,6
Argentina,2021-06-01,0,0,0,0,0,0,0,0,0,0,,inactive,0,2021,6
Australia,2021-06-01,2707499,17,5,5,0,0,0,0,2707499,17,1,exporter,1,2021,6
Bangladesh,2021-06-01,0,0,0,0,0,0,0,0,0,0,,inactive,0,2021,6
Belgium,2021-06-01,0,0,0,0,708700,4,1,2,708700,4,0,importer,1,2021,6
Brazil,2021-06-01,0,0,0,0,174000,1,1,1,174000,1,0,importer,1,2021,6
Cameroon,2021-06-01,170000,1,1,1,0,0,0,0,170000,1,1,exporter,1,2021,6
Canada,2021-06-01,0,0,0,0,0,0,0,0,0,0,,inactive,0,2021,6
Chile,2021-06-01,0,0,0,0,0,0,0,0,0,0,,inactive,0,2021,6
China,2021-06-01,0,0,0,0,3835305,21,9,7,3835305,21,0,importer,1,2021,6
Colombia,2021-06-01,0,0,0,0,0,0,0,0,0,0,,inactive,0,2021,6
Croatia,2021-06-01,0,0,0,0,0,0,0,0,0,0,,inactive,0,2021,6
Egypt,2021-06-01,174000,1,1,1,0,0,0,0,174000,1,1,exporter,1,2021,6
El Salvador,2021-06-01,0,0,0,0,0,0,0,0,0,0,,inactive,0,2021,6
Equatorial Guinea,2021-06-01,320251,2,1,2,0,0,0,0,320251,2,1,exporter,1,2021,6
Finland,2021-06-01,0,0,0,0,18000,1,1,1,18000,1,0,importer,1,2021,6
France,2021-06-01,0,0,0,0,904217,6,3,4,904217,6,0,importer,1,2021,6
Germany,2021-06-01,0,0,0,0,0,0,0,0,0,0,,inactive,0,2021,6
Gibraltar,2021-06-01,0,0,0,0,167062,1,1,1,167062,1,0,importer,1,2021,6
Greece,2021-06-01,0,0,0,0,75500,1,1,1,75500,1,0,importer,1,2021,6
Hong Kong,2021-06-01,0,0,0,0,0,0,0,0,0,0,,inactive,0,2021,6
India,2021-06-01,0,0,0,0,1244340,7,1,3,1244340,7,0,importer,1,2021,6
Indonesia,2021-06-01,0,0,0,0,0,0,0,0,0,0,,inactive,0,2021,6
Italy,2021-06-01,0,0,0,0,0,0,0,0,0,0,,inactive,0,2021,6
Jamaica,2021-06-01,0,0,0,0,0,0,0,0,0,0,,inactive,0,2021,6
Japan,2021-06-01,0,0,0,0,3247669,19,11,4,3247669,19,0,importer,1,2021,6
Jordan,2021-06-01,0,0,0,0,0,0,0,0,0,0,,inactive,0,2021,6
Kuwait,2021-06-01,0,0,0,0,0,0,0,0,0,0,,inactive,0,2021,6
Lithuania,2021-06-01,0,0,0,0,154880,1,1,1,154880,1,0,importer,1,2021,6
Malaysia,2021-06-01,0,0,0,0,0,0,0,0,0,0,,inactive,0,2021,6
Malta,2021-06-01,0,0,0,0,0,0,0,0,0,0,,inactive,0,2021,6
Mexico,2021-06-01,0,0,0,0,0,0,0,0,0,0,,inactive,0,2021,6
Mozambique,2021-06-01,0,0,0,0,0,0,0,0,0,0,,inactive,0,2021,6
Netherlands,2021-06-01,0,0,0,0,488012,3,1,2,488012,3,0,importer,1,2021,6
Nigeria,2021-06-01,1585092,10,1,6,0,0,0,0,1585092,10,1,exporter,1,2021,6
Norway,2021-06-01,0,0,0,0,0,0,0,0,0,0,,inactive,0,2021,6
Oman,2021-06-01,0,0,0,0,0,0,0,0,0,0,,inactive,0,2021,6
Pakistan,2021-06-01,0,0,0,0,580402,4,1,1,580402,4,0,importer,1,2021,6
Panama,2021-06-01,0,0,0,0,0,0,0,0,0,0,,inactive,0,2021,6
Peru,2021-06-01,0,0,0,0,0,0,0,0,0,0,,inactive,0,2021,6
Philippines,2021-06-01,0,0,0,0,0,0,0,0,0,0,,inactive,0,2021,6
Poland,2021-06-01,0,0,0,0,376200,2,1,2,376200,2,0,importer,1,2021,6
Portugal,2021-06-01,0,0,0,0,489952,3,1,2,489952,3,0,importer,1,2021,6
Qatar,2021-06-01,6584444,32,1,12,0,0,0,0,6584444,32,1,exporter,1,2021,6
Russia,2021-06-01,2438800,17,3,7,0,0,0,0,2438800,17,1,exporter,1,2021,6
South Korea,2021-06-01,0,0,0,0,2522308,13,5,4,2522308,13,0,importer,1,2021,6
Spain,2021-06-01,0,0,0,0,1720965,11,6,6,1720965,11,0,importer,1,2021,6
Sweden,2021-06-01,0,0,0,0,36000,2,2,1,36000,2,0,importer,1,2021,6
Taiwan,2021-06-01,0,0,0,0,1098110,7,2,3,1098110,7,0,importer,1,2021,6
Thailand,2021-06-01,0,0,0,0,907126,5,1,3,907126,5,0,importer,1,2021,6
Trinidad and Tobago,2021-06-01,0,0,0,0,0,0,0,0,0,0,,inactive,0,2021,6
Turkmenistan,2021-06-01,0,0,0,0,0,0,0,0,0,0,,inactive,0,2021,6
Türkiye,2021-06-01,0,0,0,0,276116,2,2,1,276116,2,0,importer,1,2021,6
United Arab Emirates,2021-06-01,409690,3,1,2,387000,2,1,2,796690,5,0.514240168698,bidirectional,1,2021,6
United Kingdom,2021-06-01,0,0,0,0,533335,2,1,1,533335,2,0,importer,1,2021,6
United States,2021-06-01,5052807,30,5,13,0,0,0,0,5052807,30,1,exporter,1,2021,6
Algeria,2021-07-01,1271058,11,1,4,0,0,0,0,1271058,11,1,exporter,1,2021,7
Argentina,2021-07-01,0,0,0,0,0,0,0,0,0,0,,inactive,0,2021,7
Australia,2021-07-01,2976966,19,4,5,0,0,0,0,2976966,19,1,exporter,1,2021,7
Bangladesh,2021-07-01,0,0,0,0,0,0,0,0,0,0,,inactive,0,2021,7
Belgium,2021-07-01,0,0,0,0,587420,3,1,2,587420,3,0,importer,1,2021,7
Brazil,2021-07-01,0,0,0,0,352717,2,2,1,352717,2,0,importer,1,2021,7
Cameroon,2021-07-01,0,0,0,0,0,0,0,0,0,0,,inactive,0,2021,7
Canada,2021-07-01,0,0,0,0,0,0,0,0,0,0,,inactive,0,2021,7
Chile,2021-07-01,0,0,0,0,348000,2,2,1,348000,2,0,importer,1,2021,7
China,2021-07-01,0,0,0,0,3965931,21,10,5,3965931,21,0,importer,1,2021,7
Colombia,2021-07-01,0,0,0,0,0,0,0,0,0,0,,inactive,0,2021,7
Croatia,2021-07-01,0,0,0,0,290000,2,1,1,290000,2,0,importer,1,2021,7
Egypt,2021-07-01,334000,2,1,2,0,0,0,0,334000,2,1,exporter,1,2021,7
El Salvador,2021-07-01,0,0,0,0,0,0,0,0,0,0,,inactive,0,2021,7
Equatorial Guinea,2021-07-01,0,0,0,0,0,0,0,0,0,0,,inactive,0,2021,7
Finland,2021-07-01,0,0,0,0,54000,3,2,1,54000,3,0,importer,1,2021,7
France,2021-07-01,0,0,0,0,1153870,9,3,2,1153870,9,0,importer,1,2021,7
Germany,2021-07-01,0,0,0,0,0,0,0,0,0,0,,inactive,0,2021,7
Gibraltar,2021-07-01,0,0,0,0,315759,2,1,1,315759,2,0,importer,1,2021,7
Greece,2021-07-01,0,0,0,0,0,0,0,0,0,0,,inactive,0,2021,7
Hong Kong,2021-07-01,0,0,0,0,154948,1,1,1,154948,1,0,importer,1,2021,7
India,2021-07-01,0,0,0,0,1375637,8,1,4,1375637,8,0,importer,1,2021,7
Indonesia,2021-07-01,0,0,0,0,0,0,0,0,0,0,,inactive,0,2021,7
Italy,2021-07-01,0,0,0,0,151000,2,1,1,151000,2,0,importer,1,2021,7
Jamaica,2021-07-01,0,0,0,0,0,0,0,0,0,0,,inactive,0,2021,7
Japan,2021-07-01,0,0,0,0,4466436,27,11,7,4466436,27,0,importer,1,2021,7
Jordan,2021-07-01,0,0,0,0,0,0,0,0,0,0,,inactive,0,2021,7
Kuwait,2021-07-01,0,0,0,0,433200,2,1,1,433200,2,0,importer,1,2021,7
Lithuania,2021-07-01,0,0,0,0,160000,1,1,1,160000,1,0,importer,1,2021,7
Malaysia,2021-07-01,0,0,0,0,0,0,0,0,0,0,,inactive,0,2021,7
Malta,2021-07-01,0,0,0,0,0,0,0,0,0,0,,inactive,0,2021,7
Mexico,2021-07-01,0,0,0,0,0,0,0,0,0,0,,inactive,0,2021,7
Mozambique,2021-07-01,0,0,0,0,0,0,0,0,0,0,,inactive,0,2021,7
Netherlands,2021-07-01,0,0,0,0,694400,4,1,2,694400,4,0,importer,1,2021,7
Nigeria,2021-07-01,1443600,9,1,4,0,0,0,0,1443600,9,1,exporter,1,2021,7
Norway,2021-07-01,0,0,0,0,0,0,0,0,0,0,,inactive,0,2021,7
Oman,2021-07-01,0,0,0,0,0,0,0,0,0,0,,inactive,0,2021,7
Pakistan,2021-07-01,0,0,0,0,311472,2,1,2,311472,2,0,importer,1,2021,7
Panama,2021-07-01,0,0,0,0,0,0,0,0,0,0,,inactive,0,2021,7
Peru,2021-07-01,0,0,0,0,0,0,0,0,0,0,,inactive,0,2021,7
Philippines,2021-07-01,0,0,0,0,0,0,0,0,0,0,,inactive,0,2021,7
Poland,2021-07-01,0,0,0,0,210100,1,1,1,210100,1,0,importer,1,2021,7
Portugal,2021-07-01,0,0,0,0,495323,3,1,3,495323,3,0,importer,1,2021,7
Qatar,2021-07-01,6797368,32,1,15,0,0,0,0,6797368,32,1,exporter,1,2021,7
Russia,2021-07-01,2606743,18,2,7,0,0,0,0,2606743,18,1,exporter,1,2021,7
South Korea,2021-07-01,0,0,0,0,2215648,11,5,4,2215648,11,0,importer,1,2021,7
Spain,2021-07-01,0,0,0,0,1249220,8,4,5,1249220,8,0,importer,1,2021,7
Sweden,2021-07-01,0,0,0,0,0,0,0,0,0,0,,inactive,0,2021,7
Taiwan,2021-07-01,0,0,0,0,1147482,7,2,3,1147482,7,0,importer,1,2021,7
Thailand,2021-07-01,0,0,0,0,426000,2,1,1,426000,2,0,importer,1,2021,7
Trinidad and Tobago,2021-07-01,138517,1,1,1,0,0,0,0,138517,1,1,exporter,1,2021,7
Turkmenistan,2021-07-01,0,0,0,0,0,0,0,0,0,0,,inactive,0,2021,7
Türkiye,2021-07-01,0,0,0,0,514000,3,2,2,514000,3,0,importer,1,2021,7
United Arab Emirates,2021-07-01,701800,5,1,3,216000,1,1,1,917800,6,0.764654608847,bidirectional,1,2021,7
United Kingdom,2021-07-01,0,0,0,0,265000,1,1,1,265000,1,0,importer,1,2021,7
United States,2021-07-01,5283511,31,5,13,0,0,0,0,5283511,31,1,exporter,1,2021,7
Algeria,2021-08-01,717500,7,2,3,0,0,0,0,717500,7,1,exporter,1,2021,8
Argentina,2021-08-01,0,0,0,0,0,0,0,0,0,0,,inactive,0,2021,8
Australia,2021-08-01,2777588,18,4,5,0,0,0,0,2777588,18,1,exporter,1,2021,8
Bangladesh,2021-08-01,0,0,0,0,0,0,0,0,0,0,,inactive,0,2021,8
Belgium,2021-08-01,0,0,0,0,389200,2,1,2,389200,2,0,importer,1,2021,8
Brazil,2021-08-01,0,0,0,0,174000,1,1,1,174000,1,0,importer,1,2021,8
Cameroon,2021-08-01,174000,1,1,1,0,0,0,0,174000,1,1,exporter,1,2021,8
Canada,2021-08-01,0,0,0,0,0,0,0,0,0,0,,inactive,0,2021,8
Chile,2021-08-01,0,0,0,0,347400,2,2,1,347400,2,0,importer,1,2021,8
China,2021-08-01,0,0,0,0,3988590,22,9,7,3988590,22,0,importer,1,2021,8
Colombia,2021-08-01,0,0,0,0,0,0,0,0,0,0,,inactive,0,2021,8
Croatia,2021-08-01,0,0,0,0,0,0,0,0,0,0,,inactive,0,2021,8
Egypt,2021-08-01,0,0,0,0,0,0,0,0,0,0,,inactive,0,2021,8
El Salvador,2021-08-01,0,0,0,0,0,0,0,0,0,0,,inactive,0,2021,8
Equatorial Guinea,2021-08-01,173673,1,1,1,0,0,0,0,173673,1,1,exporter,1,2021,8
Finland,2021-08-01,0,0,0,0,18000,1,1,1,18000,1,0,importer,1,2021,8
France,2021-08-01,0,0,0,0,1427855,11,3,4,1427855,11,0,importer,1,2021,8
Germany,2021-08-01,0,0,0,0,0,0,0,0,0,0,,inactive,0,2021,8
Gibraltar,2021-08-01,0,0,0,0,495208,3,1,1,495208,3,0,importer,1,2021,8
Greece,2021-08-01,0,0,0,0,0,0,0,0,0,0,,inactive,0,2021,8
Hong Kong,2021-08-01,0,0,0,0,172000,1,1,1,172000,1,0,importer,1,2021,8
India,2021-08-01,0,0,0,0,695162,4,2,4,695162,4,0,importer,1,2021,8
Indonesia,2021-08-01,0,0,0,0,173400,1,1,1,173400,1,0,importer,1,2021,8
Italy,2021-08-01,0,0,0,0,0,0,0,0,0,0,,inactive,0,2021,8
Jamaica,2021-08-01,0,0,0,0,166000,1,1,1,166000,1,0,importer,1,2021,8
Japan,2021-08-01,0,0,0,0,2316964,15,7,5,2316964,15,0,importer,1,2021,8
Jordan,2021-08-01,0,0,0,0,0,0,0,0,0,0,,inactive,0,2021,8
Kuwait,2021-08-01,0,0,0,0,1157852,5,1,1,1157852,5,0,importer,1,2021,8
Lithuania,2021-08-01,0,0,0,0,0,0,0,0,0,0,,inactive,0,2021,8
Malaysia,2021-08-01,0,0,0,0,0,0,0,0,0,0,,inactive,0,2021,8
Malta,2021-08-01,0,0,0,0,0,0,0,0,0,0,,inactive,0,2021,8
Mexico,2021-08-01,0,0,0,0,0,0,0,0,0,0,,inactive,0,2021,8
Mozambique,2021-08-01,0,0,0,0,0,0,0,0,0,0,,inactive,0,2021,8
Netherlands,2021-08-01,0,0,0,0,522755,3,1,2,522755,3,0,importer,1,2021,8
Nigeria,2021-08-01,1972752,13,1,5,0,0,0,0,1972752,13,1,exporter,1,2021,8
Norway,2021-08-01,0,0,0,0,22969,1,1,1,22969,1,0,importer,1,2021,8
Oman,2021-08-01,174000,1,1,1,0,0,0,0,174000,1,1,exporter,1,2021,8
Pakistan,2021-08-01,0,0,0,0,0,0,0,0,0,0,,inactive,0,2021,8
Panama,2021-08-01,0,0,0,0,0,0,0,0,0,0,,inactive,0,2021,8
Peru,2021-08-01,0,0,0,0,0,0,0,0,0,0,,inactive,0,2021,8
Philippines,2021-08-01,0,0,0,0,0,0,0,0,0,0,,inactive,0,2021,8
Poland,2021-08-01,0,0,0,0,216200,1,1,1,216200,1,0,importer,1,2021,8
Portugal,2021-08-01,0,0,0,0,619600,4,1,3,619600,4,0,importer,1,2021,8
Qatar,2021-08-01,5590643,25,1,13,0,0,0,0,5590643,25,1,exporter,1,2021,8
Russia,2021-08-01,1450887,12,2,8,0,0,0,0,1450887,12,1,exporter,1,2021,8
South Korea,2021-08-01,0,0,0,0,1787370,9,3,3,1787370,9,0,importer,1,2021,8
Spain,2021-08-01,0,0,0,0,1436627,10,5,4,1436627,10,0,importer,1,2021,8
Sweden,2021-08-01,0,0,0,0,45938,2,2,1,45938,2,0,importer,1,2021,8
Taiwan,2021-08-01,0,0,0,0,631615,4,2,3,631615,4,0,importer,1,2021,8
Thailand,2021-08-01,0,0,0,0,599420,3,1,2,599420,3,0,importer,1,2021,8
Trinidad and Tobago,2021-08-01,308059,2,1,2,0,0,0,0,308059,2,1,exporter,1,2021,8
Turkmenistan,2021-08-01,0,0,0,0,0,0,0,0,0,0,,inactive,0,2021,8
Türkiye,2021-08-01,0,0,0,0,510000,3,2,2,510000,3,0,importer,1,2021,8
United Arab Emirates,2021-08-01,544100,4,1,2,425100,2,1,1,969200,6,0.561390837804,bidirectional,1,2021,8
United Kingdom,2021-08-01,0,0,0,0,266000,1,1,1,266000,1,0,importer,1,2021,8
United States,2021-08-01,4860082,29,5,14,138059,1,1,1,4998141,30,0.972377930114,exporter,1,2021,8
Algeria,2021-09-01,1098116,9,2,4,0,0,0,0,1098116,9,1,exporter,1,2021,9
Argentina,2021-09-01,0,0,0,0,0,0,0,0,0,0,,inactive,0,2021,9
Australia,2021-09-01,3187566,20,4,4,0,0,0,0,3187566,20,1,exporter,1,2021,9
Bangladesh,2021-09-01,0,0,0,0,0,0,0,0,0,0,,inactive,0,2021,9
Belgium,2021-09-01,0,0,0,0,1357373,7,1,2,1357373,7,0,importer,1,2021,9
Brazil,2021-09-01,0,0,0,0,522000,3,3,1,522000,3,0,importer,1,2021,9
Cameroon,2021-09-01,0,0,0,0,0,0,0,0,0,0,,inactive,0,2021,9
Canada,2021-09-01,0,0,0,0,0,0,0,0,0,0,,inactive,0,2021,9
Chile,2021-09-01,0,0,0,0,174000,1,1,1,174000,1,0,importer,1,2021,9
China,2021-09-01,0,0,0,0,3465998,19,10,5,3465998,19,0,importer,1,2021,9
Colombia,2021-09-01,0,0,0,0,0,0,0,0,0,0,,inactive,0,2021,9
Croatia,2021-09-01,0,0,0,0,145000,1,1,1,145000,1,0,importer,1,2021,9
Egypt,2021-09-01,0,0,0,0,0,0,0,0,0,0,,inactive,0,2021,9
El Salvador,2021-09-01,0,0,0,0,0,0,0,0,0,0,,inactive,0,2021,9
Equatorial Guinea,2021-09-01,160000,1,1,1,0,0,0,0,160000,1,1,exporter,1,2021,9
Finland,2021-09-01,0,0,0,0,36000,2,1,1,36000,2,0,importer,1,2021,9
France,2021-09-01,0,0,0,0,1539355,11,3,5,1539355,11,0,importer,1,2021,9
Germany,2021-09-01,0,0,0,0,0,0,0,0,0,0,,inactive,0,2021,9
Gibraltar,2021-09-01,0,0,0,0,0,0,0,0,0,0,,inactive,0,2021,9
Greece,2021-09-01,0,0,0,0,0,0,0,0,0,0,,inactive,0,2021,9
Hong Kong,2021-09-01,0,0,0,0,0,0,0,0,0,0,,inactive,0,2021,9
India,2021-09-01,0,0,0,0,1015290,6,2,4,1015290,6,0,importer,1,2021,9
Indonesia,2021-09-01,0,0,0,0,0,0,0,0,0,0,,inactive,0,2021,9
Italy,2021-09-01,0,0,0,0,0,0,0,0,0,0,,inactive,0,2021,9
Jamaica,2021-09-01,0,0,0,0,0,0,0,0,0,0,,inactive,0,2021,9
Japan,2021-09-01,0,0,0,0,2642584,16,7,3,2642584,16,0,importer,1,2021,9
Jordan,2021-09-01,0,0,0,0,0,0,0,0,0,0,,inactive,0,2021,9
Kuwait,2021-09-01,0,0,0,0,1115440,5,1,1,1115440,5,0,importer,1,2021,9
Lithuania,2021-09-01,0,0,0,0,171362,1,1,1,171362,1,0,importer,1,2021,9
Malaysia,2021-09-01,0,0,0,0,0,0,0,0,0,0,,inactive,0,2021,9
Malta,2021-09-01,0,0,0,0,0,0,0,0,0,0,,inactive,0,2021,9
Mexico,2021-09-01,0,0,0,0,0,0,0,0,0,0,,inactive,0,2021,9
Mozambique,2021-09-01,0,0,0,0,0,0,0,0,0,0,,inactive,0,2021,9
Netherlands,2021-09-01,0,0,0,0,172717,1,1,1,172717,1,0,importer,1,2021,9
Nigeria,2021-09-01,1875684,12,1,8,0,0,0,0,1875684,12,1,exporter,1,2021,9
Norway,2021-09-01,22969,1,1,1,0,0,0,0,22969,1,1,exporter,1,2021,9
Oman,2021-09-01,0,0,0,0,0,0,0,0,0,0,,inactive,0,2021,9
Pakistan,2021-09-01,0,0,0,0,210168,1,1,1,210168,1,0,importer,1,2021,9
Panama,2021-09-01,0,0,0,0,0,0,0,0,0,0,,inactive,0,2021,9
Peru,2021-09-01,0,0,0,0,0,0,0,0,0,0,,inactive,0,2021,9
Philippines,2021-09-01,0,0,0,0,0,0,0,0,0,0,,inactive,0,2021,9
Poland,2021-09-01,0,0,0,0,217000,1,1,1,217000,1,0,importer,1,2021,9
Portugal,2021-09-01,0,0,0,0,468214,3,1,2,468214,3,0,importer,1,2021,9
Qatar,2021-09-01,8433223,38,1,16,0,0,0,0,8433223,38,1,exporter,1,2021,9
Russia,2021-09-01,1784001,14,2,6,0,0,0,0,1784001,14,1,exporter,1,2021,9
South Korea,2021-09-01,0,0,0,0,3150087,15,4,4,3150087,15,0,importer,1,2021,9
Spain,2021-09-01,0,0,0,0,2027593,12,5,5,2027593,12,0,importer,1,2021,9
Sweden,2021-09-01,0,0,0,0,68907,3,1,2,68907,3,0,importer,1,2021,9
Taiwan,2021-09-01,0,0,0,0,817690,5,2,3,817690,5,0,importer,1,2021,9
Thailand,2021-09-01,0,0,0,0,517200,3,1,3,517200,3,0,importer,1,2021,9
Trinidad and Tobago,2021-09-01,138059,1,1,1,0,0,0,0,138059,1,1,exporter,1,2021,9
Turkmenistan,2021-09-01,0,0,0,0,0,0,0,0,0,0,,inactive,0,2021,9
Türkiye,2021-09-01,0,0,0,0,1373100,8,2,4,1373100,8,0,importer,1,2021,9
United Arab Emirates,2021-09-01,542590,4,1,3,426000,2,1,1,968590,6,0.560185424173,bidirectional,1,2021,9
United Kingdom,2021-09-01,0,0,0,0,983758,5,2,3,983758,5,0,importer,1,2021,9
United States,2021-09-01,5512687,32,4,12,138059,1,1,1,5650746,33,0.975568004649,exporter,1,2021,9
Algeria,2021-10-01,1002766,9,2,4,0,0,0,0,1002766,9,1,exporter,1,2021,10
Argentina,2021-10-01,0,0,0,0,0,0,0,0,0,0,,inactive,0,2021,10
Australia,2021-10-01,3019035,19,4,4,0,0,0,0,3019035,19,1,exporter,1,2021,10
Bangladesh,2021-10-01,0,0,0,0,0,0,0,0,0,0,,inactive,0,2021,10
Belgium,2021-10-01,0,0,0,0,1273070,7,1,2,1273070,7,0,importer,1,2021,10
Brazil,2021-10-01,0,0,0,0,174000,1,1,1,174000,1,0,importer,1,2021,10
Cameroon,2021-10-01,0,0,0,0,0,0,0,0,0,0,,inactive,0,2021,10
Canada,2021-10-01,0,0,0,0,0,0,0,0,0,0,,inactive,0,2021,10
Chile,2021-10-01,0,0,0,0,0,0,0,0,0,0,,inactive,0,2021,10
China,2021-10-01,0,0,0,0,2798634,16,8,6,2798634,16,0,importer,1,2021,10
Colombia,2021-10-01,0,0,0,0,0,0,0,0,0,0,,inactive,0,2021,10
Croatia,2021-10-01,0,0,0,0,0,0,0,0,0,0,,inactive,0,2021,10
Egypt,2021-10-01,175000,1,1,1,0,0,0,0,175000,1,1,exporter,1,2021,10
El Salvador,2021-10-01,0,0,0,0,0,0,0,0,0,0,,inactive,0,2021,10
Equatorial Guinea,2021-10-01,0,0,0,0,0,0,0,0,0,0,,inactive,0,2021,10
Finland,2021-10-01,0,0,0,0,36000,2,1,1,36000,2,0,importer,1,2021,10
France,2021-10-01,0,0,0,0,2327999,16,3,4,2327999,16,0,importer,1,2021,10
Germany,2021-10-01,0,0,0,0,0,0,0,0,0,0,,inactive,0,2021,10
Gibraltar,2021-10-01,0,0,0,0,0,0,0,0,0,0,,inactive,0,2021,10
Greece,2021-10-01,0,0,0,0,0,0,0,0,0,0,,inactive,0,2021,10
Hong Kong,2021-10-01,0,0,0,0,0,0,0,0,0,0,,inactive,0,2021,10
India,2021-10-01,0,0,0,0,845000,5,4,3,845000,5,0,importer,1,2021,10
Indonesia,2021-10-01,0,0,0,0,0,0,0,0,0,0,,inactive,0,2021,10
Italy,2021-10-01,0,0,0,0,0,0,0,0,0,0,,inactive,0,2021,10
Jamaica,2021-10-01,0,0,0,0,0,0,0,0,0,0,,inactive,0,2021,10
Japan,2021-10-01,0,0,0,0,2820809,17,6,5,2820809,17,0,importer,1,2021,10
Jordan,2021-10-01,0,0,0,0,0,0,0,0,0,0,,inactive,0,2021,10
Kuwait,2021-10-01,0,0,0,0,1190948,6,1,2,1190948,6,0,importer,1,2021,10
Lithuania,2021-10-01,0,0,0,0,0,0,0,0,0,0,,inactive,0,2021,10
Malaysia,2021-10-01,0,0,0,0,0,0,0,0,0,0,,inactive,0,2021,10
Malta,2021-10-01,0,0,0,0,0,0,0,0,0,0,,inactive,0,2021,10
Mexico,2021-10-01,0,0,0,0,0,0,0,0,0,0,,inactive,0,2021,10
Mozambique,2021-10-01,0,0,0,0,0,0,0,0,0,0,,inactive,0,2021,10
Netherlands,2021-10-01,0,0,0,0,796214,5,1,2,796214,5,0,importer,1,2021,10
Nigeria,2021-10-01,1699011,11,1,5,0,0,0,0,1699011,11,1,exporter,1,2021,10
Norway,2021-10-01,0,0,0,0,0,0,0,0,0,0,,inactive,0,2021,10
Oman,2021-10-01,0,0,0,0,0,0,0,0,0,0,,inactive,0,2021,10
Pakistan,2021-10-01,0,0,0,0,1054944,5,1,1,1054944,5,0,importer,1,2021,10
Panama,2021-10-01,0,0,0,0,0,0,0,0,0,0,,inactive,0,2021,10
Peru,2021-10-01,0,0,0,0,0,0,0,0,0,0,,inactive,0,2021,10
Philippines,2021-10-01,0,0,0,0,0,0,0,0,0,0,,inactive,0,2021,10
Poland,2021-10-01,0,0,0,0,210100,1,1,1,210100,1,0,importer,1,2021,10
Portugal,2021-10-01,0,0,0,0,669317,4,1,3,669317,4,0,importer,1,2021,10
Qatar,2021-10-01,7365207,34,1,14,0,0,0,0,7365207,34,1,exporter,1,2021,10
Russia,2021-10-01,3583248,24,2,11,0,0,0,0,3583248,24,1,exporter,1,2021,10
South Korea,2021-10-01,0,0,0,0,3076378,17,4,5,3076378,17,0,importer,1,2021,10
Spain,2021-10-01,0,0,0,0,2684225,17,6,5,2684225,17,0,importer,1,2021,10
Sweden,2021-10-01,0,0,0,0,18000,1,1,1,18000,1,0,importer,1,2021,10
Taiwan,2021-10-01,0,0,0,0,1289262,8,2,5,1289262,8,0,importer,1,2021,10
Thailand,2021-10-01,0,0,0,0,216200,1,1,1,216200,1,0,importer,1,2021,10
Trinidad and Tobago,2021-10-01,138059,1,1,1,0,0,0,0,138059,1,1,exporter,1,2021,10
Turkmenistan,2021-10-01,0,0,0,0,0,0,0,0,0,0,,inactive,0,2021,10
Türkiye,2021-10-01,0,0,0,0,1161266,7,2,3,1161266,7,0,importer,1,2021,10
United Arab Emirates,2021-10-01,407000,3,1,3,210100,1,1,1,617100,4,0.659536541889,bidirectional,1,2021,10
United Kingdom,2021-10-01,0,0,0,0,2038043,9,2,3,2038043,9,0,importer,1,2021,10
United States,2021-10-01,7639242,45,4,13,138059,1,1,1,7777301,46,0.982248468974,exporter,1,2021,10
Algeria,2021-11-01,576500,5,2,3,0,0,0,0,576500,5,1,exporter,1,2021,11
Argentina,2021-11-01,0,0,0,0,0,0,0,0,0,0,,inactive,0,2021,11
Australia,2021-11-01,2138851,14,5,5,0,0,0,0,2138851,14,1,exporter,1,2021,11
Bangladesh,2021-11-01,0,0,0,0,0,0,0,0,0,0,,inactive,0,2021,11
Belgium,2021-11-01,0,0,0,0,731400,4,1,2,731400,4,0,importer,1,2021,11
Brazil,2021-11-01,0,0,0,0,172000,1,1,1,172000,1,0,importer,1,2021,11
Cameroon,2021-11-01,0,0,0,0,0,0,0,0,0,0,,inactive,0,2021,11
Canada,2021-11-01,0,0,0,0,0,0,0,0,0,0,,inactive,0,2021,11
Chile,2021-11-01,0,0,0,0,0,0,0,0,0,0,,inactive,0,2021,11
China,2021-11-01,0,0,0,0,2410497,12,8,5,2410497,12,0,importer,1,2021,11
Colombia,2021-11-01,0,0,0,0,0,0,0,0,0,0,,inactive,0,2021,11
Croatia,2021-11-01,0,0,0,0,145663,1,1,1,145663,1,0,importer,1,2021,11
Egypt,2021-11-01,354000,2,1,2,0,0,0,0,354000,2,1,exporter,1,2021,11
El Salvador,2021-11-01,0,0,0,0,0,0,0,0,0,0,,inactive,0,2021,11
Equatorial Guinea,2021-11-01,159800,1,1,1,0,0,0,0,159800,1,1,exporter,1,2021,11
Finland,2021-11-01,0,0,0,0,18000,1,1,1,18000,1,0,importer,1,2021,11
France,2021-11-01,0,0,0,0,1966265,12,3,4,1966265,12,0,importer,1,2021,11
Germany,2021-11-01,0,0,0,0,0,0,0,0,0,0,,inactive,0,2021,11
Gibraltar,2021-11-01,0,0,0,0,0,0,0,0,0,0,,inactive,0,2021,11
Greece,2021-11-01,0,0,0,0,75500,1,1,1,75500,1,0,importer,1,2021,11
Hong Kong,2021-11-01,0,0,0,0,177000,1,1,1,177000,1,0,importer,1,2021,11
India,2021-11-01,0,0,0,0,747200,4,2,3,747200,4,0,importer,1,2021,11
Indonesia,2021-11-01,0,0,0,0,0,0,0,0,0,0,,inactive,0,2021,11
Italy,2021-11-01,0,0,0,0,0,0,0,0,0,0,,inactive,0,2021,11
Jamaica,2021-11-01,0,0,0,0,0,0,0,0,0,0,,inactive,0,2021,11
Japan,2021-11-01,0,0,0,0,3015750,18,8,6,3015750,18,0,importer,1,2021,11
Jordan,2021-11-01,0,0,0,0,0,0,0,0,0,0,,inactive,0,2021,11
Kuwait,2021-11-01,0,0,0,0,454700,3,1,3,454700,3,0,importer,1,2021,11
Lithuania,2021-11-01,0,0,0,0,0,0,0,0,0,0,,inactive,0,2021,11
Malaysia,2021-11-01,0,0,0,0,0,0,0,0,0,0,,inactive,0,2021,11
Malta,2021-11-01,0,0,0,0,0,0,0,0,0,0,,inactive,0,2021,11
Mexico,2021-11-01,0,0,0,0,0,0,0,0,0,0,,inactive,0,2021,11
Mozambique,2021-11-01,0,0,0,0,0,0,0,0,0,0,,inactive,0,2021,11
Netherlands,2021-11-01,0,0,0,0,1123000,6,1,3,1123000,6,0,importer,1,2021,11
Nigeria,2021-11-01,1411014,9,1,5,0,0,0,0,1411014,9,1,exporter,1,2021,11
Norway,2021-11-01,0,0,0,0,22969,1,1,1,22969,1,0,importer,1,2021,11
Oman,2021-11-01,0,0,0,0,0,0,0,0,0,0,,inactive,0,2021,11
Pakistan,2021-11-01,0,0,0,0,365800,2,1,2,365800,2,0,importer,1,2021,11
Panama,2021-11-01,0,0,0,0,0,0,0,0,0,0,,inactive,0,2021,11
Peru,2021-11-01,0,0,0,0,0,0,0,0,0,0,,inactive,0,2021,11
Philippines,2021-11-01,0,0,0,0,0,0,0,0,0,0,,inactive,0,2021,11
Poland,2021-11-01,0,0,0,0,599420,3,1,2,599420,3,0,importer,1,2021,11
Portugal,2021-11-01,0,0,0,0,0,0,0,0,0,0,,inactive,0,2021,11
Qatar,2021-11-01,4582386,21,1,11,0,0,0,0,4582386,21,1,exporter,1,2021,11
Russia,2021-11-01,4118172,28,3,12,0,0,0,0,4118172,28,1,exporter,1,2021,11
South Korea,2021-11-01,0,0,0,0,1755640,10,5,4,1755640,10,0,importer,1,2021,11
Spain,2021-11-01,0,0,0,0,2230484,14,6,6,2230484,14,0,importer,1,2021,11
Sweden,2021-11-01,0,0,0,0,40969,2,2,1,40969,2,0,importer,1,2021,11
Taiwan,2021-11-01,0,0,0,0,798721,5,1,3,798721,5,0,importer,1,2021,11
Thailand,2021-11-01,0,0,0,0,167000,1,1,1,167000,1,0,importer,1,2021,11
Trinidad and Tobago,2021-11-01,309000,2,1,2,0,0,0,0,309000,2,1,exporter,1,2021,11
Turkmenistan,2021-11-01,0,0,0,0,0,0,0,0,0,0,,inactive,0,2021,11
Türkiye,2021-11-01,0,0,0,0,1363520,8,3,2,1363520,8,0,importer,1,2021,11
United Arab Emirates,2021-11-01,407490,3,1,3,0,0,0,0,407490,3,1,exporter,1,2021,11
United Kingdom,2021-11-01,0,0,0,0,1374000,8,2,2,1374000,8,0,importer,1,2021,11
United States,2021-11-01,5833285,34,4,12,135000,1,1,1,5968285,35,0.977380436759,exporter,1,2021,11
Algeria,2021-12-01,717500,7,2,4,0,0,0,0,717500,7,1,exporter,1,2021,12
Argentina,2021-12-01,0,0,0,0,0,0,0,0,0,0,,inactive,0,2021,12
Australia,2021-12-01,2372518,15,4,4,0,0,0,0,2372518,15,1,exporter,1,2021,12
Bangladesh,2021-12-01,0,0,0,0,0,0,0,0,0,0,,inactive,0,2021,12
Belgium,2021-12-01,0,0,0,0,1461500,8,1,2,1461500,8,0,importer,1,2021,12
Brazil,2021-12-01,0,0,0,0,160000,1,1,1,160000,1,0,importer,1,2021,12
Cameroon,2021-12-01,174000,1,1,1,0,0,0,0,174000,1,1,exporter,1,2021,12
Canada,2021-12-01,0,0,0,0,0,0,0,0,0,0,,inactive,0,2021,12
Chile,2021-12-01,0,0,0,0,138120,1,1,1,138120,1,0,importer,1,2021,12
China,2021-12-01,0,0,0,0,3146473,16,8,4,3146473,16,0,importer,1,2021,12
Colombia,2021-12-01,0,0,0,0,0,0,0,0,0,0,,inactive,0,2021,12
Croatia,2021-12-01,0,0,0,0,0,0,0,0,0,0,,inactive,0,2021,12
Egypt,2021-12-01,515062,3,2,3,0,0,0,0,515062,3,1,exporter,1,2021,12
El Salvador,2021-12-01,0,0,0,0,0,0,0,0,0,0,,inactive,0,2021,12
Equatorial Guinea,2021-12-01,0,0,0,0,0,0,0,0,0,0,,inactive,0,2021,12
Finland,2021-12-01,0,0,0,0,36000,2,1,1,36000,2,0,importer,1,2021,12
France,2021-12-01,0,0,0,0,2758762,18,3,4,2758762,18,0,importer,1,2021,12
Germany,2021-12-01,0,0,0,0,0,0,0,0,0,0,,inactive,0,2021,12
Gibraltar,2021-12-01,0,0,0,0,154948,1,1,1,154948,1,0,importer,1,2021,12
Greece,2021-12-01,0,0,0,0,75500,1,1,1,75500,1,0,importer,1,2021,12
Hong Kong,2021-12-01,0,0,0,0,0,0,0,0,0,0,,inactive,0,2021,12
India,2021-12-01,0,0,0,0,925000,5,3,3,925000,5,0,importer,1,2021,12
Indonesia,2021-12-01,0,0,0,0,0,0,0,0,0,0,,inactive,0,2021,12
Italy,2021-12-01,0,0,0,0,327062,2,1,2,327062,2,0,importer,1,2021,12
Jamaica,2021-12-01,0,0,0,0,0,0,0,0,0,0,,inactive,0,2021,12
Japan,2021-12-01,0,0,0,0,1872697,12,6,5,1872697,12,0,importer,1,2021,12
Jordan,2021-12-01,0,0,0,0,0,0,0,0,0,0,,inactive,0,2021,12
Kuwait,2021-12-01,0,0,0,0,555252,3,1,2,555252,3,0,importer,1,2021,12
Lithuania,2021-12-01,0,0,0,0,22969,1,1,1,22969,1,0,importer,1,2021,12
Malaysia,2021-12-01,0,0,0,0,0,0,0,0,0,0,,inactive,0,2021,12
Malta,2021-12-01,0,0,0,0,0,0,0,0,0,0,,inactive,0,2021,12
Mexico,2021-12-01,0,0,0,0,0,0,0,0,0,0,,inactive,0,2021,12
Mozambique,2021-12-01,0,0,0,0,0,0,0,0,0,0,,inactive,0,2021,12
Netherlands,2021-12-01,0,0,0,0,1373723,8,1,2,1373723,8,0,importer,1,2021,12
Nigeria,2021-12-01,1889674,12,1,7,0,0,0,0,1889674,12,1,exporter,1,2021,12
Norway,2021-12-01,22969,1,1,1,0,0,0,0,22969,1,1,exporter,1,2021,12
Oman,2021-12-01,0,0,0,0,0,0,0,0,0,0,,inactive,0,2021,12
Pakistan,2021-12-01,0,0,0,0,852736,4,1,1,852736,4,0,importer,1,2021,12
Panama,2021-12-01,0,0,0,0,0,0,0,0,0,0,,inactive,0,2021,12
Peru,2021-12-01,0,0,0,0,0,0,0,0,0,0,,inactive,0,2021,12
Philippines,2021-12-01,0,0,0,0,0,0,0,0,0,0,,inactive,0,2021,12
Poland,2021-12-01,0,0,0,0,382166,2,1,2,382166,2,0,importer,1,2021,12
Portugal,2021-12-01,0,0,0,0,479000,3,1,2,479000,3,0,importer,1,2021,12
Qatar,2021-12-01,6636169,31,1,11,0,0,0,0,6636169,31,1,exporter,1,2021,12
Russia,2021-12-01,3509338,25,3,8,0,0,0,0,3509338,25,1,exporter,1,2021,12
South Korea,2021-12-01,0,0,0,0,3267833,17,4,5,3267833,17,0,importer,1,2021,12
Spain,2021-12-01,0,0,0,0,2439978,15,6,5,2439978,15,0,importer,1,2021,12
Sweden,2021-12-01,0,0,0,0,63938,3,2,1,63938,3,0,importer,1,2021,12
Taiwan,2021-12-01,0,0,0,0,1042104,7,2,4,1042104,7,0,importer,1,2021,12
Thailand,2021-12-01,0,0,0,0,0,0,0,0,0,0,,inactive,0,2021,12
Trinidad and Tobago,2021-12-01,138000,1,1,1,0,0,0,0,138000,1,1,exporter,1,2021,12
Turkmenistan,2021-12-01,0,0,0,0,0,0,0,0,0,0,,inactive,0,2021,12
Türkiye,2021-12-01,0,0,0,0,1215490,7,2,5,1215490,7,0,importer,1,2021,12
United Arab Emirates,2021-12-01,405000,3,1,3,0,0,0,0,405000,3,1,exporter,1,2021,12
United Kingdom,2021-12-01,0,0,0,0,2236844,13,2,4,2236844,13,0,importer,1,2021,12
United States,2021-12-01,8607865,51,5,16,0,0,0,0,8607865,51,1,exporter,1,2021,12
Algeria,2022-01-01,1044558,8,2,3,0,0,0,0,1044558,8,1,exporter,1,2022,1
Argentina,2022-01-01,0,0,0,0,0,0,0,0,0,0,,inactive,0,2022,1
Australia,2022-01-01,2839897,18,4,5,0,0,0,0,2839897,18,1,exporter,1,2022,1
Bangladesh,2022-01-01,0,0,0,0,0,0,0,0,0,0,,inactive,0,2022,1
Belgium,2022-01-01,0,0,0,0,1842800,11,1,3,1842800,11,0,importer,1,2022,1
Brazil,2022-01-01,0,0,0,0,349000,2,2,1,349000,2,0,importer,1,2022,1
Cameroon,2022-01-01,170000,1,1,1,0,0,0,0,170000,1,1,exporter,1,2022,1
Canada,2022-01-01,0,0,0,0,0,0,0,0,0,0,,inactive,0,2022,1
Chile,2022-01-01,0,0,0,0,160000,1,1,1,160000,1,0,importer,1,2022,1
China,2022-01-01,0,0,0,0,2088871,10,5,3,2088871,10,0,importer,1,2022,1
Colombia,2022-01-01,0,0,0,0,0,0,0,0,0,0,,inactive,0,2022,1
Croatia,2022-01-01,0,0,0,0,149700,1,1,1,149700,1,0,importer,1,2022,1
Egypt,2022-01-01,0,0,0,0,0,0,0,0,0,0,,inactive,0,2022,1
El Salvador,2022-01-01,0,0,0,0,0,0,0,0,0,0,,inactive,0,2022,1
Equatorial Guinea,2022-01-01,819562,5,1,5,0,0,0,0,819562,5,1,exporter,1,2022,1
Finland,2022-01-01,0,0,0,0,36000,2,1,1,36000,2,0,importer,1,2022,1
France,2022-01-01,0,0,0,0,3174940,20,3,4,3174940,20,0,importer,1,2022,1
Germany,2022-01-01,0,0,0,0,0,0,0,0,0,0,,inactive,0,2022,1
Gibraltar,2022-01-01,0,0,0,0,0,0,0,0,0,0,,inactive,0,2022,1
Greece,2022-01-01,0,0,0,0,249500,2,1,2,249500,2,0,importer,1,2022,1
Hong Kong,2022-01-01,0,0,0,0,0,0,0,0,0,0,,inactive,0,2022,1
India,2022-01-01,0,0,0,0,888833,6,3,4,888833,6,0,importer,1,2022,1
Indonesia,2022-01-01,0,0,0,0,0,0,0,0,0,0,,inactive,0,2022,1
Italy,2022-01-01,0,0,0,0,334800,2,1,2,334800,2,0,importer,1,2022,1
Jamaica,2022-01-01,0,0,0,0,0,0,0,0,0,0,,inactive,0,2022,1
Japan,2022-01-01,0,0,0,0,3111760,19,6,7,3111760,19,0,importer,1,2022,1
Jordan,2022-01-01,0,0,0,0,0,0,0,0,0,0,,inactive,0,2022,1
Kuwait,2022-01-01,0,0,0,0,0,0,0,0,0,0,,inactive,0,2022,1
Lithuania,2022-01-01,0,0,0,0,18000,1,1,1,18000,1,0,importer,1,2022,1
Malaysia,2022-01-01,160000,1,1,1,0,0,0,0,160000,1,1,exporter,1,2022,1
Malta,2022-01-01,0,0,0,0,0,0,0,0,0,0,,inactive,0,2022,1
Mexico,2022-01-01,0,0,0,0,0,0,0,0,0,0,,inactive,0,2022,1
Mozambique,2022-01-01,0,0,0,0,0,0,0,0,0,0,,inactive,0,2022,1
Netherlands,2022-01-01,0,0,0,0,693000,4,1,2,693000,4,0,importer,1,2022,1
Nigeria,2022-01-01,1958157,13,1,7,0,0,0,0,1958157,13,1,exporter,1,2022,1
Norway,2022-01-01,0,0,0,0,0,0,0,0,0,0,,inactive,0,2022,1
Oman,2022-01-01,0,0,0,0,0,0,0,0,0,0,,inactive,0,2022,1
Pakistan,2022-01-01,0,0,0,0,490908,3,1,1,490908,3,0,importer,1,2022,1
Panama,2022-01-01,0,0,0,0,174000,1,1,1,174000,1,0,importer,1,2022,1
Peru,2022-01-01,0,0,0,0,0,0,0,0,0,0,,inactive,0,2022,1
Philippines,2022-01-01,0,0,0,0,0,0,0,0,0,0,,inactive,0,2022,1
Poland,2022-01-01,0,0,0,0,216200,1,1,1,216200,1,0,importer,1,2022,1
Portugal,2022-01-01,0,0,0,0,909420,6,1,3,909420,6,0,importer,1,2022,1
Qatar,2022-01-01,5503048,27,1,10,0,0,0,0,5503048,27,1,exporter,1,2022,1
Russia,2022-01-01,3811800,25,3,8,0,0,0,0,3811800,25,1,exporter,1,2022,1
South Korea,2022-01-01,0,0,0,0,1686700,9,4,4,1686700,9,0,importer,1,2022,1
Spain,2022-01-01,0,0,0,0,2527000,15,6,4,2527000,15,0,importer,1,2022,1
Sweden,2022-01-01,0,0,0,0,0,0,0,0,0,0,,inactive,0,2022,1
Taiwan,2022-01-01,0,0,0,0,804948,5,1,2,804948,5,0,importer,1,2022,1
Thailand,2022-01-01,0,0,0,0,912026,5,1,4,912026,5,0,importer,1,2022,1
Trinidad and Tobago,2022-01-01,174000,1,1,1,0,0,0,0,174000,1,1,exporter,1,2022,1
Turkmenistan,2022-01-01,0,0,0,0,0,0,0,0,0,0,,inactive,0,2022,1
Türkiye,2022-01-01,0,0,0,0,1558723,9,2,2,1558723,9,0,importer,1,2022,1
United Arab Emirates,2022-01-01,407000,3,1,3,0,0,0,0,407000,3,1,exporter,1,2022,1
United Kingdom,2022-01-01,0,0,0,0,2564680,14,2,3,2564680,14,0,importer,1,2022,1
United States,2022-01-01,8053787,47,4,13,0,0,0,0,8053787,47,1,exporter,1,2022,1
Algeria,2022-02-01,472000,5,2,2,0,0,0,0,472000,5,1,exporter,1,2022,2
Argentina,2022-02-01,0,0,0,0,0,0,0,0,0,0,,inactive,0,2022,2
Australia,2022-02-01,2496946,16,4,5,0,0,0,0,2496946,16,1,exporter,1,2022,2
Bangladesh,2022-02-01,0,0,0,0,0,0,0,0,0,0,,inactive,0,2022,2
Belgium,2022-02-01,0,0,0,0,689000,4,1,2,689000,4,0,importer,1,2022,2
Brazil,2022-02-01,0,0,0,0,0,0,0,0,0,0,,inactive,0,2022,2
Cameroon,2022-02-01,0,0,0,0,0,0,0,0,0,0,,inactive,0,2022,2
Canada,2022-02-01,0,0,0,0,0,0,0,0,0,0,,inactive,0,2022,2
Chile,2022-02-01,0,0,0,0,172000,1,1,1,172000,1,0,importer,1,2022,2
China,2022-02-01,0,0,0,0,1440736,8,6,4,1440736,8,0,importer,1,2022,2
Colombia,2022-02-01,0,0,0,0,0,0,0,0,0,0,,inactive,0,2022,2
Croatia,2022-02-01,0,0,0,0,0,0,0,0,0,0,,inactive,0,2022,2
Egypt,2022-02-01,0,0,0,0,0,0,0,0,0,0,,inactive,0,2022,2
El Salvador,2022-02-01,0,0,0,0,0,0,0,0,0,0,,inactive,0,2022,2
Equatorial Guinea,2022-02-01,346000,2,1,2,0,0,0,0,346000,2,1,exporter,1,2022,2
Finland,2022-02-01,0,0,0,0,18000,1,1,1,18000,1,0,importer,1,2022,2
France,2022-02-01,0,0,0,0,3179300,21,3,4,3179300,21,0,importer,1,2022,2
Germany,2022-02-01,0,0,0,0,0,0,0,0,0,0,,inactive,0,2022,2
Gibraltar,2022-02-01,0,0,0,0,338000,2,1,1,338000,2,0,importer,1,2022,2
Greece,2022-02-01,0,0,0,0,353482,2,1,1,353482,2,0,importer,1,2022,2
Hong Kong,2022-02-01,0,0,0,0,0,0,0,0,0,0,,inactive,0,2022,2
India,2022-02-01,0,0,0,0,463900,3,2,2,463900,3,0,importer,1,2022,2
Indonesia,2022-02-01,0,0,0,0,0,0,0,0,0,0,,inactive,0,2022,2
Italy,2022-02-01,0,0,0,0,0,0,0,0,0,0,,inactive,0,2022,2
Jamaica,2022-02-01,0,0,0,0,0,0,0,0,0,0,,inactive,0,2022,2
Japan,2022-02-01,0,0,0,0,2098283,13,7,4,2098283,13,0,importer,1,2022,2
Jordan,2022-02-01,0,0,0,0,0,0,0,0,0,0,,inactive,0,2022,2
Kuwait,2022-02-01,0,0,0,0,426300,2,1,1,426300,2,0,importer,1,2022,2
Lithuania,2022-02-01,0,0,0,0,45938,2,1,1,45938,2,0,importer,1,2022,2
Malaysia,2022-02-01,0,0,0,0,0,0,0,0,0,0,,inactive,0,2022,2
Malta,2022-02-01,0,0,0,0,0,0,0,0,0,0,,inactive,0,2022,2
Mexico,2022-02-01,0,0,0,0,0,0,0,0,0,0,,inactive,0,2022,2
Mozambique,2022-02-01,0,0,0,0,0,0,0,0,0,0,,inactive,0,2022,2
Netherlands,2022-02-01,0,0,0,0,1212400,7,1,2,1212400,7,0,importer,1,2022,2
Nigeria,2022-02-01,1943466,13,1,6,0,0,0,0,1943466,13,1,exporter,1,2022,2
Norway,2022-02-01,0,0,0,0,0,0,0,0,0,0,,inactive,0,2022,2
Oman,2022-02-01,174000,1,1,1,0,0,0,0,174000,1,1,exporter,1,2022,2
Pakistan,2022-02-01,0,0,0,0,492454,3,1,1,492454,3,0,importer,1,2022,2
Panama,2022-02-01,0,0,0,0,175113,1,1,1,175113,1,0,importer,1,2022,2
Peru,2022-02-01,0,0,0,0,0,0,0,0,0,0,,inactive,0,2022,2
Philippines,2022-02-01,0,0,0,0,0,0,0,0,0,0,,inactive,0,2022,2
Poland,2022-02-01,0,0,0,0,349000,2,1,1,349000,2,0,importer,1,2022,2
Portugal,2022-02-01,0,0,0,0,800300,5,1,3,800300,5,0,importer,1,2022,2
Qatar,2022-02-01,3879224,19,1,8,0,0,0,0,3879224,19,1,exporter,1,2022,2
Russia,2022-02-01,2812938,19,2,7,0,0,0,0,2812938,19,1,exporter,1,2022,2
South Korea,2022-02-01,0,0,0,0,1749215,10,4,4,1749215,10,0,importer,1,2022,2
Spain,2022-02-01,0,0,0,0,2499724,15,6,4,2499724,15,0,importer,1,2022,2
Sweden,2022-02-01,0,0,0,0,0,0,0,0,0,0,,inactive,0,2022,2
Taiwan,2022-02-01,0,0,0,0,311262,2,2,2,311262,2,0,importer,1,2022,2
Thailand,2022-02-01,0,0,0,0,1195220,6,1,3,1195220,6,0,importer,1,2022,2
Trinidad and Tobago,2022-02-01,305217,2,1,2,0,0,0,0,305217,2,1,exporter,1,2022,2
Turkmenistan,2022-02-01,0,0,0,0,0,0,0,0,0,0,,inactive,0,2022,2
Türkiye,2022-02-01,0,0,0,0,1202190,7,3,3,1202190,7,0,importer,1,2022,2
United Arab Emirates,2022-02-01,135000,1,1,1,0,0,0,0,135000,1,1,exporter,1,2022,2
United Kingdom,2022-02-01,0,0,0,0,1489662,8,1,2,1489662,8,0,importer,1,2022,2
United States,2022-02-01,8274747,48,5,15,138059,1,1,1,8412806,49,0.983589423077,exporter,1,2022,2
Algeria,2022-03-01,1088116,9,2,3,0,0,0,0,1088116,9,1,exporter,1,2022,3
Argentina,2022-03-01,0,0,0,0,0,0,0,0,0,0,,inactive,0,2022,3
Australia,2022-03-01,2939095,19,4,3,0,0,0,0,2939095,19,1,exporter,1,2022,3
Bangladesh,2022-03-01,0,0,0,0,0,0,0,0,0,0,,inactive,0,2022,3
Belgium,2022-03-01,0,0,0,0,2290300,15,1,3,2290300,15,0,importer,1,2022,3
Brazil,2022-03-01,0,0,0,0,0,0,0,0,0,0,,inactive,0,2022,3
Cameroon,2022-03-01,174000,1,1,1,0,0,0,0,174000,1,1,exporter,1,2022,3
Canada,2022-03-01,0,0,0,0,0,0,0,0,0,0,,inactive,0,2022,3
Chile,2022-03-01,0,0,0,0,0,0,0,0,0,0,,inactive,0,2022,3
China,2022-03-01,0,0,0,0,1925240,9,6,2,1925240,9,0,importer,1,2022,3
Colombia,2022-03-01,0,0,0,0,0,0,0,0,0,0,,inactive,0,2022,3
Croatia,2022-03-01,0,0,0,0,0,0,0,0,0,0,,inactive,0,2022,3
Egypt,2022-03-01,328948,2,2,2,154948,1,1,1,483896,3,0.679790698828,bidirectional,1,2022,3
El Salvador,2022-03-01,0,0,0,0,0,0,0,0,0,0,,inactive,0,2022,3
Equatorial Guinea,2022-03-01,0,0,0,0,0,0,0,0,0,0,,inactive,0,2022,3
Finland,2022-03-01,0,0,0,0,36000,2,1,1,36000,2,0,importer,1,2022,3
France,2022-03-01,0,0,0,0,3680900,23,3,5,3680900,23,0,importer,1,2022,3
Germany,2022-03-01,0,0,0,0,0,0,0,0,0,0,,inactive,0,2022,3
Gibraltar,2022-03-01,0,0,0,0,174000,1,1,1,174000,1,0,importer,1,2022,3
Greece,2022-03-01,0,0,0,0,0,0,0,0,0,0,,inactive,0,2022,3
Hong Kong,2022-03-01,0,0,0,0,0,0,0,0,0,0,,inactive,0,2022,3
India,2022-03-01,0,0,0,0,874500,5,3,3,874500,5,0,importer,1,2022,3
Indonesia,2022-03-01,0,0,0,0,0,0,0,0,0,0,,inactive,0,2022,3
Italy,2022-03-01,0,0,0,0,349000,2,1,2,349000,2,0,importer,1,2022,3
Jamaica,2022-03-01,0,0,0,0,0,0,0,0,0,0,,inactive,0,2022,3
Japan,2022-03-01,0,0,0,0,1955265,13,7,2,1955265,13,0,importer,1,2022,3
Jordan,2022-03-01,0,0,0,0,0,0,0,0,0,0,,inactive,0,2022,3
Kuwait,2022-03-01,0,0,0,0,311000,2,1,2,311000,2,0,importer,1,2022,3
Lithuania,2022-03-01,0,0,0,0,298517,2,1,1,298517,2,0,importer,1,2022,3
Malaysia,2022-03-01,0,0,0,0,0,0,0,0,0,0,,inactive,0,2022,3
Malta,2022-03-01,0,0,0,0,0,0,0,0,0,0,,inactive,0,2022,3
Mexico,2022-03-01,0,0,0,0,0,0,0,0,0,0,,inactive,0,2022,3
Mozambique,2022-03-01,0,0,0,0,0,0,0,0,0,0,,inactive,0,2022,3
Netherlands,2022-03-01,0,0,0,0,1413082,9,1,2,1413082,9,0,importer,1,2022,3
Nigeria,2022-03-01,1564078,10,1,6,0,0,0,0,1564078,10,1,exporter,1,2022,3
Norway,2022-03-01,0,0,0,0,0,0,0,0,0,0,,inactive,0,2022,3
Oman,2022-03-01,0,0,0,0,0,0,0,0,0,0,,inactive,0,2022,3
Pakistan,2022-03-01,0,0,0,0,1146062,6,1,2,1146062,6,0,importer,1,2022,3
Panama,2022-03-01,0,0,0,0,0,0,0,0,0,0,,inactive,0,2022,3
Peru,2022-03-01,0,0,0,0,0,0,0,0,0,0,,inactive,0,2022,3
Philippines,2022-03-01,0,0,0,0,0,0,0,0,0,0,,inactive,0,2022,3
Poland,2022-03-01,0,0,0,0,570200,3,1,3,570200,3,0,importer,1,2022,3
Portugal,2022-03-01,0,0,0,0,950372,6,1,2,950372,6,0,importer,1,2022,3
Qatar,2022-03-01,6604145,31,1,11,0,0,0,0,6604145,31,1,exporter,1,2022,3
Russia,2022-03-01,3917307,29,2,6,0,0,0,0,3917307,29,1,exporter,1,2022,3
South Korea,2022-03-01,0,0,0,0,2391845,12,5,3,2391845,12,0,importer,1,2022,3
Spain,2022-03-01,0,0,0,0,3611414,22,6,6,3611414,22,0,importer,1,2022,3
Sweden,2022-03-01,0,0,0,0,36000,2,2,1,36000,2,0,importer,1,2022,3
Taiwan,2022-03-01,0,0,0,0,1616223,10,2,4,1616223,10,0,importer,1,2022,3
Thailand,2022-03-01,0,0,0,0,390200,2,1,2,390200,2,0,importer,1,2022,3
Trinidad and Tobago,2022-03-01,831000,5,1,5,0,0,0,0,831000,5,1,exporter,1,2022,3
Turkmenistan,2022-03-01,0,0,0,0,0,0,0,0,0,0,,inactive,0,2022,3
Türkiye,2022-03-01,0,0,0,0,1325116,8,3,3,1325116,8,0,importer,1,2022,3
United Arab Emirates,2022-03-01,411200,3,1,2,0,0,0,0,411200,3,1,exporter,1,2022,3
United Kingdom,2022-03-01,0,0,0,0,2669721,14,2,3,2669721,14,0,importer,1,2022,3
United States,2022-03-01,10447016,61,5,16,135000,1,1,1,10582016,62,0.987242506532,exporter,1,2022,3
Algeria,2022-04-01,906500,7,2,4,0,0,0,0,906500,7,1,exporter,1,2022,4
Argentina,2022-04-01,0,0,0,0,0,0,0,0,0,0,,inactive,0,2022,4
Australia,2022-04-01,2483928,16,3,4,0,0,0,0,2483928,16,1,exporter,1,2022,4
Bangladesh,2022-04-01,0,0,0,0,0,0,0,0,0,0,,inactive,0,2022,4
Belgium,2022-04-01,0,0,0,0,1696558,12,1,3,1696558,12,0,importer,1,2022,4
Brazil,2022-04-01,0,0,0,0,0,0,0,0,0,0,,inactive,0,2022,4
Cameroon,2022-04-01,0,0,0,0,0,0,0,0,0,0,,inactive,0,2022,4
Canada,2022-04-01,0,0,0,0,0,0,0,0,0,0,,inactive,0,2022,4
Chile,2022-04-01,0,0,0,0,354000,2,1,2,354000,2,0,importer,1,2022,4
China,2022-04-01,0,0,0,0,3304189,17,6,4,3304189,17,0,importer,1,2022,4
Colombia,2022-04-01,0,0,0,0,0,0,0,0,0,0,,inactive,0,2022,4
Croatia,2022-04-01,0,0,0,0,362000,2,1,1,362000,2,0,importer,1,2022,4
Egypt,2022-04-01,673046,4,2,4,0,0,0,0,673046,4,1,exporter,1,2022,4
El Salvador,2022-04-01,0,0,0,0,0,0,0,0,0,0,,inactive,0,2022,4
Equatorial Guinea,2022-04-01,0,0,0,0,0,0,0,0,0,0,,inactive,0,2022,4
Finland,2022-04-01,0,0,0,0,18000,1,1,1,18000,1,0,importer,1,2022,4
France,2022-04-01,0,0,0,0,4018437,24,3,6,4018437,24,0,importer,1,2022,4
Germany,2022-04-01,0,0,0,0,0,0,0,0,0,0,,inactive,0,2022,4
Gibraltar,2022-04-01,0,0,0,0,0,0,0,0,0,0,,inactive,0,2022,4
Greece,2022-04-01,0,0,0,0,0,0,0,0,0,0,,inactive,0,2022,4
Hong Kong,2022-04-01,0,0,0,0,0,0,0,0,0,0,,inactive,0,2022,4
India,2022-04-01,0,0,0,0,1178421,8,3,3,1178421,8,0,importer,1,2022,4
Indonesia,2022-04-01,0,0,0,0,0,0,0,0,0,0,,inactive,0,2022,4
Italy,2022-04-01,0,0,0,0,75500,1,1,1,75500,1,0,importer,1,2022,4
Jamaica,2022-04-01,0,0,0,0,0,0,0,0,0,0,,inactive,0,2022,4
Japan,2022-04-01,0,0,0,0,2486414,16,6,4,2486414,16,0,importer,1,2022,4
Jordan,2022-04-01,0,0,0,0,0,0,0,0,0,0,,inactive,0,2022,4
Kuwait,2022-04-01,0,0,0,0,735772,4,1,4,735772,4,0,importer,1,2022,4
Lithuania,2022-04-01,0,0,0,0,702400,4,1,1,702400,4,0,importer,1,2022,4
Malaysia,2022-04-01,0,0,0,0,0,0,0,0,0,0,,inactive,0,2022,4
Malta,2022-04-01,0,0,0,0,0,0,0,0,0,0,,inactive,0,2022,4
Mexico,2022-04-01,0,0,0,0,0,0,0,0,0,0,,inactive,0,2022,4
Mozambique,2022-04-01,0,0,0,0,0,0,0,0,0,0,,inactive,0,2022,4
Netherlands,2022-04-01,0,0,0,0,1907000,11,1,3,1907000,11,0,importer,1,2022,4
Nigeria,2022-04-01,2043408,13,1,7,0,0,0,0,2043408,13,1,exporter,1,2022,4
Norway,2022-04-01,0,0,0,0,18000,1,1,1,18000,1,0,importer,1,2022,4
Oman,2022-04-01,159800,1,1,1,0,0,0,0,159800,1,1,exporter,1,2022,4
Pakistan,2022-04-01,0,0,0,0,1080470,6,1,2,1080470,6,0,importer,1,2022,4
Panama,2022-04-01,0,0,0,0,0,0,0,0,0,0,,inactive,0,2022,4
Peru,2022-04-01,0,0,0,0,0,0,0,0,0,0,,inactive,0,2022,4
Philippines,2022-04-01,0,0,0,0,0,0,0,0,0,0,,inactive,0,2022,4
Poland,2022-04-01,0,0,0,0,160000,1,1,1,160000,1,0,importer,1,2022,4
Portugal,2022-04-01,0,0,0,0,781708,5,1,3,781708,5,0,importer,1,2022,4
Qatar,2022-04-01,9436003,46,1,13,0,0,0,0,9436003,46,1,exporter,1,2022,4
Russia,2022-04-01,3187338,23,2,7,0,0,0,0,3187338,23,1,exporter,1,2022,4
South Korea,2022-04-01,0,0,0,0,1866598,9,5,4,1866598,9,0,importer,1,2022,4
Spain,2022-04-01,0,0,0,0,3019537,18,6,5,3019537,18,0,importer,1,2022,4
Sweden,2022-04-01,0,0,0,0,0,0,0,0,0,0,,inactive,0,2022,4
Taiwan,2022-04-01,0,0,0,0,773524,5,2,2,773524,5,0,importer,1,2022,4
Thailand,2022-04-01,0,0,0,0,389200,2,1,2,389200,2,0,importer,1,2022,4
Trinidad and Tobago,2022-04-01,338000,2,1,2,0,0,0,0,338000,2,1,exporter,1,2022,4
Turkmenistan,2022-04-01,0,0,0,0,0,0,0,0,0,0,,inactive,0,2022,4
Türkiye,2022-04-01,0,0,0,0,500000,3,1,2,500000,3,0,importer,1,2022,4
United Arab Emirates,2022-04-01,962290,7,1,3,0,0,0,0,962290,7,1,exporter,1,2022,4
United Kingdom,2022-04-01,0,0,0,0,3403862,17,2,3,3403862,17,0,importer,1,2022,4
United States,2022-04-01,8641277,50,5,13,0,0,0,0,8641277,50,1,exporter,1,2022,4
Algeria,2022-05-01,1006558,10,2,5,0,0,0,0,1006558,10,1,exporter,1,2022,5
Argentina,2022-05-01,0,0,0,0,0,0,0,0,0,0,,inactive,0,2022,5
Australia,2022-05-01,3975308,25,5,4,0,0,0,0,3975308,25,1,exporter,1,2022,5
Bangladesh,2022-05-01,0,0,0,0,0,0,0,0,0,0,,inactive,0,2022,5
Belgium,2022-05-01,0,0,0,0,1994755,10,1,3,1994755,10,0,importer,1,2022,5
Brazil,2022-05-01,0,0,0,0,174000,1,1,1,174000,1,0,importer,1,2022,5
Cameroon,2022-05-01,174000,1,1,1,0,0,0,0,174000,1,1,exporter,1,2022,5
Canada,2022-05-01,0,0,0,0,0,0,0,0,0,0,,inactive,0,2022,5
Chile,2022-05-01,0,0,0,0,348000,2,2,1,348000,2,0,importer,1,2022,5
China,2022-05-01,0,0,0,0,3396582,18,9,4,3396582,18,0,importer,1,2022,5
Colombia,2022-05-01,0,0,0,0,0,0,0,0,0,0,,inactive,0,2022,5
Croatia,2022-05-01,0,0,0,0,170723,1,1,1,170723,1,0,importer,1,2022,5
Egypt,2022-05-01,1036000,6,2,4,0,0,0,0,1036000,6,1,exporter,1,2022,5
El Salvador,2022-05-01,0,0,0,0,0,0,0,0,0,0,,inactive,0,2022,5
Equatorial Guinea,2022-05-01,159800,1,1,1,0,0,0,0,159800,1,1,exporter,1,2022,5
Finland,2022-05-01,0,0,0,0,40969,2,1,1,40969,2,0,importer,1,2022,5
France,2022-05-01,0,0,0,0,3214423,21,3,6,3214423,21,0,importer,1,2022,5
Germany,2022-05-01,0,0,0,0,0,0,0,0,0,0,,inactive,0,2022,5
Gibraltar,2022-05-01,0,0,0,0,0,0,0,0,0,0,,inactive,0,2022,5
Greece,2022-05-01,0,0,0,0,424500,3,1,2,424500,3,0,importer,1,2022,5
Hong Kong,2022-05-01,0,0,0,0,0,0,0,0,0,0,,inactive,0,2022,5
India,2022-05-01,0,0,0,0,781590,5,1,3,781590,5,0,importer,1,2022,5
Indonesia,2022-05-01,0,0,0,0,0,0,0,0,0,0,,inactive,0,2022,5
Italy,2022-05-01,0,0,0,0,151000,2,1,1,151000,2,0,importer,1,2022,5
Jamaica,2022-05-01,0,0,0,0,174000,1,1,1,174000,1,0,importer,1,2022,5
Japan,2022-05-01,0,0,0,0,2301497,15,7,5,2301497,15,0,importer,1,2022,5
Jordan,2022-05-01,0,0,0,0,0,0,0,0,0,0,,inactive,0,2022,5
Kuwait,2022-05-01,0,0,0,0,1982222,12,1,4,1982222,12,0,importer,1,2022,5
Lithuania,2022-05-01,0,0,0,0,668000,4,1,2,668000,4,0,importer,1,2022,5
Malaysia,2022-05-01,0,0,0,0,0,0,0,0,0,0,,inactive,0,2022,5
Malta,2022-05-01,0,0,0,0,0,0,0,0,0,0,,inactive,0,2022,5
Mexico,2022-05-01,0,0,0,0,0,0,0,0,0,0,,inactive,0,2022,5
Mozambique,2022-05-01,0,0,0,0,0,0,0,0,0,0,,inactive,0,2022,5
Netherlands,2022-05-01,0,0,0,0,1730400,10,1,4,1730400,10,0,importer,1,2022,5
Nigeria,2022-05-01,1517882,10,1,7,0,0,0,0,1517882,10,1,exporter,1,2022,5
Norway,2022-05-01,0,0,0,0,0,0,0,0,0,0,,inactive,0,2022,5
Oman,2022-05-01,166000,1,1,1,0,0,0,0,166000,1,1,exporter,1,2022,5
Pakistan,2022-05-01,0,0,0,0,783856,5,1,1,783856,5,0,importer,1,2022,5
Panama,2022-05-01,0,0,0,0,0,0,0,0,0,0,,inactive,0,2022,5
Peru,2022-05-01,0,0,0,0,0,0,0,0,0,0,,inactive,0,2022,5
Philippines,2022-05-01,0,0,0,0,0,0,0,0,0,0,,inactive,0,2022,5
Poland,2022-05-01,0,0,0,0,515362,3,1,1,515362,3,0,importer,1,2022,5
Portugal,2022-05-01,0,0,0,0,489926,3,1,2,489926,3,0,importer,1,2022,5
Qatar,2022-05-01,8244172,40,1,11,0,0,0,0,8244172,40,1,exporter,1,2022,5
Russia,2022-05-01,3114769,20,3,6,0,0,0,0,3114769,20,1,exporter,1,2022,5
South Korea,2022-05-01,0,0,0,0,1927906,10,4,3,1927906,10,0,importer,1,2022,5
Spain,2022-05-01,0,0,0,0,2204614,13,5,5,2204614,13,0,importer,1,2022,5
Sweden,2022-05-01,0,0,0,0,0,0,0,0,0,0,,inactive,0,2022,5
Taiwan,2022-05-01,0,0,0,0,928511,6,2,2,928511,6,0,importer,1,2022,5
Thailand,2022-05-01,0,0,0,0,1032515,6,1,4,1032515,6,0,importer,1,2022,5
Trinidad and Tobago,2022-05-01,348000,2,1,2,0,0,0,0,348000,2,1,exporter,1,2022,5
Turkmenistan,2022-05-01,0,0,0,0,0,0,0,0,0,0,,inactive,0,2022,5
Türkiye,2022-05-01,0,0,0,0,833058,5,2,3,833058,5,0,importer,1,2022,5
United Arab Emirates,2022-05-01,542590,4,1,2,0,0,0,0,542590,4,1,exporter,1,2022,5
United Kingdom,2022-05-01,0,0,0,0,1874001,8,1,2,1874001,8,0,importer,1,2022,5
United States,2022-05-01,7857331,46,4,18,0,0,0,0,7857331,46,1,exporter,1,2022,5
Algeria,2022-06-01,1176558,11,2,4,0,0,0,0,1176558,11,1,exporter,1,2022,6
Argentina,2022-06-01,0,0,0,0,0,0,0,0,0,0,,inactive,0,2022,6
Australia,2022-06-01,3306041,21,5,6,0,0,0,0,3306041,21,1,exporter,1,2022,6
Bangladesh,2022-06-01,0,0,0,0,0,0,0,0,0,0,,inactive,0,2022,6
Belgium,2022-06-01,0,0,0,0,1725268,10,1,2,1725268,10,0,importer,1,2022,6
Brazil,2022-06-01,0,0,0,0,0,0,0,0,0,0,,inactive,0,2022,6
Cameroon,2022-06-01,0,0,0,0,0,0,0,0,0,0,,inactive,0,2022,6
Canada,2022-06-01,0,0,0,0,0,0,0,0,0,0,,inactive,0,2022,6
Chile,2022-06-01,0,0,0,0,0,0,0,0,0,0,,inactive,0,2022,6
China,2022-06-01,0,0,0,0,3111447,17,9,5,3111447,17,0,importer,1,2022,6
Colombia,2022-06-01,0,0,0,0,0,0,0,0,0,0,,inactive,0,2022,6
Croatia,2022-06-01,0,0,0,0,145000,1,1,1,145000,1,0,importer,1,2022,6
Egypt,2022-06-01,534000,3,2,2,0,0,0,0,534000,3,1,exporter,1,2022,6
El Salvador,2022-06-01,0,0,0,0,0,0,0,0,0,0,,inactive,0,2022,6
Equatorial Guinea,2022-06-01,0,0,0,0,0,0,0,0,0,0,,inactive,0,2022,6
Finland,2022-06-01,0,0,0,0,18000,1,1,1,18000,1,0,importer,1,2022,6
France,2022-06-01,0,0,0,0,1995100,13,3,4,1995100,13,0,importer,1,2022,6
Germany,2022-06-01,0,0,0,0,0,0,0,0,0,0,,inactive,0,2022,6
Gibraltar,2022-06-01,0,0,0,0,0,0,0,0,0,0,,inactive,0,2022,6
Greece,2022-06-01,0,0,0,0,348000,2,1,1,348000,2,0,importer,1,2022,6
Hong Kong,2022-06-01,0,0,0,0,0,0,0,0,0,0,,inactive,0,2022,6
India,2022-06-01,0,0,0,0,974110,6,4,4,974110,6,0,importer,1,2022,6
Indonesia,2022-06-01,0,0,0,0,0,0,0,0,0,0,,inactive,0,2022,6
Italy,2022-06-01,0,0,0,0,754500,6,2,3,754500,6,0,importer,1,2022,6
Jamaica,2022-06-01,0,0,0,0,174000,1,1,1,174000,1,0,importer,1,2022,6
Japan,2022-06-01,0,0,0,0,3264371,21,8,5,3264371,21,0,importer,1,2022,6
Jordan,2022-06-01,0,0,0,0,0,0,0,0,0,0,,inactive,0,2022,6
Kuwait,2022-06-01,0,0,0,0,826100,5,1,4,826100,5,0,importer,1,2022,6
Lithuania,2022-06-01,0,0,0,0,320608,2,1,2,320608,2,0,importer,1,2022,6
Malaysia,2022-06-01,219000,2,1,2,0,0,0,0,219000,2,1,exporter,1,2022,6
Malta,2022-06-01,0,0,0,0,138517,1,1,1,138517,1,0,importer,1,2022,6
Mexico,2022-06-01,0,0,0,0,0,0,0,0,0,0,,inactive,0,2022,6
Mozambique,2022-06-01,0,0,0,0,0,0,0,0,0,0,,inactive,0,2022,6
Netherlands,2022-06-01,0,0,0,0,1164121,7,1,3,1164121,7,0,importer,1,2022,6
Nigeria,2022-06-01,1826992,12,1,6,0,0,0,0,1826992,12,1,exporter,1,2022,6
Norway,2022-06-01,437175,3,1,3,0,0,0,0,437175,3,1,exporter,1,2022,6
Oman,2022-06-01,166000,1,1,1,0,0,0,0,166000,1,1,exporter,1,2022,6
Pakistan,2022-06-01,0,0,0,0,733700,5,1,1,733700,5,0,importer,1,2022,6
Panama,2022-06-01,0,0,0,0,0,0,0,0,0,0,,inactive,0,2022,6
Peru,2022-06-01,174000,1,1,1,0,0,0,0,174000,1,1,exporter,1,2022,6
Philippines,2022-06-01,0,0,0,0,0,0,0,0,0,0,,inactive,0,2022,6
Poland,2022-06-01,0,0,0,0,391000,2,1,2,391000,2,0,importer,1,2022,6
Portugal,2022-06-01,0,0,0,0,495952,3,1,2,495952,3,0,importer,1,2022,6
Qatar,2022-06-01,7708866,39,1,14,0,0,0,0,7708866,39,1,exporter,1,2022,6
Russia,2022-06-01,2764400,17,2,5,0,0,0,0,2764400,17,1,exporter,1,2022,6
South Korea,2022-06-01,0,0,0,0,2041535,11,5,5,2041535,11,0,importer,1,2022,6
Spain,2022-06-01,0,0,0,0,2544026,16,5,5,2544026,16,0,importer,1,2022,6
Sweden,2022-06-01,0,0,0,0,0,0,0,0,0,0,,inactive,0,2022,6
Taiwan,2022-06-01,0,0,0,0,1246864,8,2,4,1246864,8,0,importer,1,2022,6
Thailand,2022-06-01,0,0,0,0,936614,5,1,3,936614,5,0,importer,1,2022,6
Trinidad and Tobago,2022-06-01,614637,4,1,4,0,0,0,0,614637,4,1,exporter,1,2022,6
Turkmenistan,2022-06-01,0,0,0,0,0,0,0,0,0,0,,inactive,0,2022,6
Türkiye,2022-06-01,0,0,0,0,830775,5,3,2,830775,5,0,importer,1,2022,6
United Arab Emirates,2022-06-01,972130,7,1,3,0,0,0,0,972130,7,1,exporter,1,2022,6
United Kingdom,2022-06-01,0,0,0,0,1621122,7,2,3,1621122,7,0,importer,1,2022,6
United States,2022-06-01,6039051,35,5,14,138120,1,1,1,6177171,36,0.977640249881,exporter,1,2022,6
Algeria,2022-07-01,642000,6,2,3,0,0,0,0,642000,6,1,exporter,1,2022,7
Argentina,2022-07-01,0,0,0,0,0,0,0,0,0,0,,inactive,0,2022,7
Australia,2022-07-01,3095653,19,4,4,0,0,0,0,3095653,19,1,exporter,1,2022,7
Bangladesh,2022-07-01,0,0,0,0,0,0,0,0,0,0,,inactive,0,2022,7
Belgium,2022-07-01,0,0,0,0,1936705,9,1,2,1936705,9,0,importer,1,2022,7
Brazil,2022-07-01,0,0,0,0,0,0,0,0,0,0,,inactive,0,2022,7
Cameroon,2022-07-01,170000,1,1,1,0,0,0,0,170000,1,1,exporter,1,2022,7
Canada,2022-07-01,0,0,0,0,0,0,0,0,0,0,,inactive,0,2022,7
Chile,2022-07-01,0,0,0,0,174000,1,1,1,174000,1,0,importer,1,2022,7
China,2022-07-01,0,0,0,0,2297981,14,9,6,2297981,14,0,importer,1,2022,7
Colombia,2022-07-01,0,0,0,0,0,0,0,0,0,0,,inactive,0,2022,7
Croatia,2022-07-01,0,0,0,0,0,0,0,0,0,0,,inactive,0,2022,7
Egypt,2022-07-01,333200,2,1,2,0,0,0,0,333200,2,1,exporter,1,2022,7
El Salvador,2022-07-01,0,0,0,0,0,0,0,0,0,0,,inactive,0,2022,7
Equatorial Guinea,2022-07-01,180000,1,1,1,0,0,0,0,180000,1,1,exporter,1,2022,7
Finland,2022-07-01,0,0,0,0,18000,1,1,1,18000,1,0,importer,1,2022,7
France,2022-07-01,0,0,0,0,3459898,22,3,7,3459898,22,0,importer,1,2022,7
Germany,2022-07-01,0,0,0,0,0,0,0,0,0,0,,inactive,0,2022,7
Gibraltar,2022-07-01,0,0,0,0,0,0,0,0,0,0,,inactive,0,2022,7
Greece,2022-07-01,0,0,0,0,566582,4,1,3,566582,4,0,importer,1,2022,7
Hong Kong,2022-07-01,0,0,0,0,0,0,0,0,0,0,,inactive,0,2022,7
India,2022-07-01,0,0,0,0,1335690,8,3,4,1335690,8,0,importer,1,2022,7
Indonesia,2022-07-01,0,0,0,0,0,0,0,0,0,0,,inactive,0,2022,7
Italy,2022-07-01,0,0,0,0,174000,1,1,1,174000,1,0,importer,1,2022,7
Jamaica,2022-07-01,0,0,0,0,173673,1,1,1,173673,1,0,importer,1,2022,7
Japan,2022-07-01,0,0,0,0,3830564,23,7,5,3830564,23,0,importer,1,2022,7
Jordan,2022-07-01,0,0,0,0,0,0,0,0,0,0,,inactive,0,2022,7
Kuwait,2022-07-01,0,0,0,0,1271037,7,1,4,1271037,7,0,importer,1,2022,7
Lithuania,2022-07-01,0,0,0,0,314880,2,1,2,314880,2,0,importer,1,2022,7
Malaysia,2022-07-01,45000,1,1,1,0,0,0,0,45000,1,1,exporter,1,2022,7
Malta,2022-07-01,0,0,0,0,0,0,0,0,0,0,,inactive,0,2022,7
Mexico,2022-07-01,0,0,0,0,0,0,0,0,0,0,,inactive,0,2022,7
Mozambique,2022-07-01,0,0,0,0,0,0,0,0,0,0,,inactive,0,2022,7
Netherlands,2022-07-01,0,0,0,0,693000,4,1,2,693000,4,0,importer,1,2022,7
Nigeria,2022-07-01,1710152,11,1,6,0,0,0,0,1710152,11,1,exporter,1,2022,7
Norway,2022-07-01,756504,5,1,2,18000,1,1,1,774504,6,0.976759319513,exporter,1,2022,7
Oman,2022-07-01,677000,4,1,4,0,0,0,0,677000,4,1,exporter,1,2022,7
Pakistan,2022-07-01,0,0,0,0,732400,5,1,1,732400,5,0,importer,1,2022,7
Panama,2022-07-01,0,0,0,0,177000,1,1,1,177000,1,0,importer,1,2022,7
Peru,2022-07-01,0,0,0,0,0,0,0,0,0,0,,inactive,0,2022,7
Philippines,2022-07-01,0,0,0,0,0,0,0,0,0,0,,inactive,0,2022,7
Poland,2022-07-01,0,0,0,0,379943,2,1,2,379943,2,0,importer,1,2022,7
Portugal,2022-07-01,0,0,0,0,826700,5,1,4,826700,5,0,importer,1,2022,7
Qatar,2022-07-01,9853683,49,1,14,0,0,0,0,9853683,49,1,exporter,1,2022,7
Russia,2022-07-01,1910578,13,2,7,0,0,0,0,1910578,13,1,exporter,1,2022,7
South Korea,2022-07-01,0,0,0,0,2109561,11,5,6,2109561,11,0,importer,1,2022,7
Spain,2022-07-01,0,0,0,0,2852434,17,6,4,2852434,17,0,importer,1,2022,7
Sweden,2022-07-01,0,0,0,0,0,0,0,0,0,0,,inactive,0,2022,7
Taiwan,2022-07-01,0,0,0,0,1141002,7,2,3,1141002,7,0,importer,1,2022,7
Thailand,2022-07-01,0,0,0,0,389717,2,1,2,389717,2,0,importer,1,2022,7
Trinidad and Tobago,2022-07-01,677373,4,1,3,0,0,0,0,677373,4,1,exporter,1,2022,7
Turkmenistan,2022-07-01,0,0,0,0,0,0,0,0,0,0,,inactive,0,2022,7
Türkiye,2022-07-01,0,0,0,0,340000,2,2,1,340000,2,0,importer,1,2022,7
United Arab Emirates,2022-07-01,677980,5,1,2,354200,2,1,1,1032180,7,0.656842798737,bidirectional,1,2022,7
United Kingdom,2022-07-01,0,0,0,0,1442635,6,1,1,1442635,6,0,importer,1,2022,7
United States,2022-07-01,6280479,37,4,16,0,0,0,0,6280479,37,1,exporter,1,2022,7
Algeria,2022-08-01,1269758,10,2,6,0,0,0,0,1269758,10,1,exporter,1,2022,8
Argentina,2022-08-01,0,0,0,0,0,0,0,0,0,0,,inactive,0,2022,8
Australia,2022-08-01,4655767,29,4,6,0,0,0,0,4655767,29,1,exporter,1,2022,8
Bangladesh,2022-08-01,0,0,0,0,0,0,0,0,0,0,,inactive,0,2022,8
Belgium,2022-08-01,0,0,0,0,546726,4,1,2,546726,4,0,importer,1,2022,8
Brazil,2022-08-01,0,0,0,0,160000,1,1,1,160000,1,0,importer,1,2022,8
Cameroon,2022-08-01,155000,1,1,1,0,0,0,0,155000,1,1,exporter,1,2022,8
Canada,2022-08-01,0,0,0,0,0,0,0,0,0,0,,inactive,0,2022,8
Chile,2022-08-01,0,0,0,0,339158,2,1,1,339158,2,0,importer,1,2022,8
China,2022-08-01,0,0,0,0,2797700,14,8,5,2797700,14,0,importer,1,2022,8
Colombia,2022-08-01,0,0,0,0,0,0,0,0,0,0,,inactive,0,2022,8
Croatia,2022-08-01,0,0,0,0,0,0,0,0,0,0,,inactive,0,2022,8
Egypt,2022-08-01,339800,2,1,2,0,0,0,0,339800,2,1,exporter,1,2022,8
El Salvador,2022-08-01,0,0,0,0,174000,1,1,1,174000,1,0,importer,1,2022,8
Equatorial Guinea,2022-08-01,339158,2,1,1,0,0,0,0,339158,2,1,exporter,1,2022,8
Finland,2022-08-01,0,0,0,0,36000,2,1,1,36000,2,0,importer,1,2022,8
France,2022-08-01,0,0,0,0,2448286,15,3,6,2448286,15,0,importer,1,2022,8
Germany,2022-08-01,0,0,0,0,0,0,0,0,0,0,,inactive,0,2022,8
Gibraltar,2022-08-01,0,0,0,0,0,0,0,0,0,0,,inactive,0,2022,8
Greece,2022-08-01,0,0,0,0,325900,2,1,1,325900,2,0,importer,1,2022,8
Hong Kong,2022-08-01,0,0,0,0,173000,1,1,1,173000,1,0,importer,1,2022,8
India,2022-08-01,0,0,0,0,679363,4,2,2,679363,4,0,importer,1,2022,8
Indonesia,2022-08-01,0,0,0,0,0,0,0,0,0,0,,inactive,0,2022,8
Italy,2022-08-01,0,0,0,0,239500,2,2,2,239500,2,0,importer,1,2022,8
Jamaica,2022-08-01,0,0,0,0,0,0,0,0,0,0,,inactive,0,2022,8
Japan,2022-08-01,0,0,0,0,3695120,23,10,4,3695120,23,0,importer,1,2022,8
Jordan,2022-08-01,0,0,0,0,0,0,0,0,0,0,,inactive,0,2022,8
Kuwait,2022-08-01,0,0,0,0,1389725,9,1,4,1389725,9,0,importer,1,2022,8
Lithuania,2022-08-01,0,0,0,0,289967,2,1,1,289967,2,0,importer,1,2022,8
Malaysia,2022-08-01,165500,1,1,1,0,0,0,0,165500,1,1,exporter,1,2022,8
Malta,2022-08-01,0,0,0,0,0,0,0,0,0,0,,inactive,0,2022,8
Mexico,2022-08-01,0,0,0,0,0,0,0,0,0,0,,inactive,0,2022,8
Mozambique,2022-08-01,0,0,0,0,0,0,0,0,0,0,,inactive,0,2022,8
Netherlands,2022-08-01,0,0,0,0,1531012,9,2,4,1531012,9,0,importer,1,2022,8
Nigeria,2022-08-01,1517692,10,1,5,0,0,0,0,1517692,10,1,exporter,1,2022,8
Norway,2022-08-01,432579,3,1,2,0,0,0,0,432579,3,1,exporter,1,2022,8
Oman,2022-08-01,644000,4,1,4,0,0,0,0,644000,4,1,exporter,1,2022,8
Pakistan,2022-08-01,0,0,0,0,850589,6,1,2,850589,6,0,importer,1,2022,8
Panama,2022-08-01,0,0,0,0,0,0,0,0,0,0,,inactive,0,2022,8
Peru,2022-08-01,0,0,0,0,0,0,0,0,0,0,,inactive,0,2022,8
Philippines,2022-08-01,0,0,0,0,0,0,0,0,0,0,,inactive,0,2022,8
Poland,2022-08-01,0,0,0,0,601000,3,1,2,601000,3,0,importer,1,2022,8
Portugal,2022-08-01,0,0,0,0,650652,4,1,4,650652,4,0,importer,1,2022,8
Qatar,2022-08-01,8042196,41,1,11,0,0,0,0,8042196,41,1,exporter,1,2022,8
Russia,2022-08-01,1590902,12,2,6,0,0,0,0,1590902,12,1,exporter,1,2022,8
South Korea,2022-08-01,0,0,0,0,2645382,14,5,4,2645382,14,0,importer,1,2022,8
Spain,2022-08-01,0,0,0,0,2628384,16,5,6,2628384,16,0,importer,1,2022,8
Sweden,2022-08-01,0,0,0,0,0,0,0,0,0,0,,inactive,0,2022,8
Taiwan,2022-08-01,0,0,0,0,1431953,9,2,3,1431953,9,0,importer,1,2022,8
Thailand,2022-08-01,0,0,0,0,513200,3,1,2,513200,3,0,importer,1,2022,8
Trinidad and Tobago,2022-08-01,635820,4,1,4,0,0,0,0,635820,4,1,exporter,1,2022,8
Turkmenistan,2022-08-01,0,0,0,0,0,0,0,0,0,0,,inactive,0,2022,8
Türkiye,2022-08-01,0,0,0,0,510000,3,1,1,510000,3,0,importer,1,2022,8
United Arab Emirates,2022-08-01,546640,4,1,2,0,0,0,0,546640,4,1,exporter,1,2022,8
United Kingdom,2022-08-01,0,0,0,0,1854369,10,2,3,1854369,10,0,importer,1,2022,8
United States,2022-08-01,6314294,37,3,13,138120,1,1,1,6452414,38,0.978594057976,exporter,1,2022,8
Algeria,2022-09-01,784058,7,2,3,0,0,0,0,784058,7,1,exporter,1,2022,9
Argentina,2022-09-01,0,0,0,0,0,0,0,0,0,0,,inactive,0,2022,9
Australia,2022-09-01,4058550,25,5,4,0,0,0,0,4058550,25,1,exporter,1,2022,9
Bangladesh,2022-09-01,0,0,0,0,0,0,0,0,0,0,,inactive,0,2022,9
Belgium,2022-09-01,0,0,0,0,1500347,9,1,3,1500347,9,0,importer,1,2022,9
Brazil,2022-09-01,0,0,0,0,0,0,0,0,0,0,,inactive,0,2022,9
Cameroon,2022-09-01,174000,1,1,1,0,0,0,0,174000,1,1,exporter,1,2022,9
Canada,2022-09-01,0,0,0,0,0,0,0,0,0,0,,inactive,0,2022,9
Chile,2022-09-01,0,0,0,0,325772,2,2,2,325772,2,0,importer,1,2022,9
China,2022-09-01,0,0,0,0,3106087,19,12,5,3106087,19,0,importer,1,2022,9
Colombia,2022-09-01,0,0,0,0,0,0,0,0,0,0,,inactive,0,2022,9
Croatia,2022-09-01,0,0,0,0,0,0,0,0,0,0,,inactive,0,2022,9
Egypt,2022-09-01,514000,3,1,3,0,0,0,0,514000,3,1,exporter,1,2022,9
El Salvador,2022-09-01,0,0,0,0,0,0,0,0,0,0,,inactive,0,2022,9
Equatorial Guinea,2022-09-01,174000,1,1,1,0,0,0,0,174000,1,1,exporter,1,2022,9
Finland,2022-09-01,0,0,0,0,40969,2,2,1,40969,2,0,importer,1,2022,9
France,2022-09-01,0,0,0,0,2343028,15,3,6,2343028,15,0,importer,1,2022,9
Germany,2022-09-01,0,0,0,0,0,0,0,0,0,0,,inactive,0,2022,9
Gibraltar,2022-09-01,0,0,0,0,159274,1,1,1,159274,1,0,importer,1,2022,9
Greece,2022-09-01,0,0,0,0,75500,1,1,1,75500,1,0,importer,1,2022,9
Hong Kong,2022-09-01,0,0,0,0,0,0,0,0,0,0,,inactive,0,2022,9
India,2022-09-01,0,0,0,0,649463,4,3,2,649463,4,0,importer,1,2022,9
Indonesia,2022-09-01,0,0,0,0,0,0,0,0,0,0,,inactive,0,2022,9
Italy,2022-09-01,0,0,0,0,174000,1,1,1,174000,1,0,importer,1,2022,9
Jamaica,2022-09-01,0,0,0,0,0,0,0,0,0,0,,inactive,0,2022,9
Japan,2022-09-01,0,0,0,0,1839887,12,6,4,1839887,12,0,importer,1,2022,9
Jordan,2022-09-01,0,0,0,0,0,0,0,0,0,0,,inactive,0,2022,9
Kuwait,2022-09-01,0,0,0,0,578114,3,1,2,578114,3,0,importer,1,2022,9
Lithuania,2022-09-01,0,0,0,0,316759,2,1,1,316759,2,0,importer,1,2022,9
Malaysia,2022-09-01,250000,3,1,2,0,0,0,0,250000,3,1,exporter,1,2022,9
Malta,2022-09-01,0,0,0,0,0,0,0,0,0,0,,inactive,0,2022,9
Mexico,2022-09-01,0,0,0,0,0,0,0,0,0,0,,inactive,0,2022,9
Mozambique,2022-09-01,0,0,0,0,0,0,0,0,0,0,,inactive,0,2022,9
Netherlands,2022-09-01,0,0,0,0,1784091,11,1,5,1784091,11,0,importer,1,2022,9
Nigeria,2022-09-01,1243392,8,1,4,0,0,0,0,1243392,8,1,exporter,1,2022,9
Norway,2022-09-01,1051279,7,1,5,0,0,0,0,1051279,7,1,exporter,1,2022,9
Oman,2022-09-01,174000,1,1,1,0,0,0,0,174000,1,1,exporter,1,2022,9
Pakistan,2022-09-01,0,0,0,0,652826,4,1,2,652826,4,0,importer,1,2022,9
Panama,2022-09-01,0,0,0,0,0,0,0,0,0,0,,inactive,0,2022,9
Peru,2022-09-01,0,0,0,0,0,0,0,0,0,0,,inactive,0,2022,9
Philippines,2022-09-01,0,0,0,0,0,0,0,0,0,0,,inactive,0,2022,9
Poland,2022-09-01,0,0,0,0,780600,4,1,2,780600,4,0,importer,1,2022,9
Portugal,2022-09-01,0,0,0,0,465600,3,1,2,465600,3,0,importer,1,2022,9
Qatar,2022-09-01,5758929,29,1,10,0,0,0,0,5758929,29,1,exporter,1,2022,9
Russia,2022-09-01,1735266,13,2,6,0,0,0,0,1735266,13,1,exporter,1,2022,9
South Korea,2022-09-01,0,0,0,0,3310712,18,5,7,3310712,18,0,importer,1,2022,9
Spain,2022-09-01,0,0,0,0,1787293,11,5,4,1787293,11,0,importer,1,2022,9
Sweden,2022-09-01,0,0,0,0,0,0,0,0,0,0,,inactive,0,2022,9
Taiwan,2022-09-01,0,0,0,0,1247359,8,2,3,1247359,8,0,importer,1,2022,9
Thailand,2022-09-01,0,0,0,0,0,0,0,0,0,0,,inactive,0,2022,9
Trinidad and Tobago,2022-09-01,659000,4,1,4,0,0,0,0,659000,4,1,exporter,1,2022,9
Turkmenistan,2022-09-01,0,0,0,0,0,0,0,0,0,0,,inactive,0,2022,9
Türkiye,2022-09-01,0,0,0,0,826781,5,3,4,826781,5,0,importer,1,2022,9
United Arab Emirates,2022-09-01,714800,5,1,4,0,0,0,0,714800,5,1,exporter,1,2022,9
United Kingdom,2022-09-01,0,0,0,0,1767674,10,2,4,1767674,10,0,importer,1,2022,9
United States,2022-09-01,6440862,38,4,14,0,0,0,0,6440862,38,1,exporter,1,2022,9
Algeria,2022-10-01,1450758,11,2,7,0,0,0,0,1450758,11,1,exporter,1,2022,10
Argentina,2022-10-01,0,0,0,0,0,0,0,0,0,0,,inactive,0,2022,10
Australia,2022-10-01,3572215,23,4,7,0,0,0,0,3572215,23,1,exporter,1,2022,10
Bangladesh,2022-10-01,0,0,0,0,0,0,0,0,0,0,,inactive,0,2022,10
Belgium,2022-10-01,0,0,0,0,2251100,12,1,4,2251100,12,0,importer,1,2022,10
Brazil,2022-10-01,0,0,0,0,0,0,0,0,0,0,,inactive,0,2022,10
Cameroon,2022-10-01,170000,1,1,1,0,0,0,0,170000,1,1,exporter,1,2022,10
Canada,2022-10-01,0,0,0,0,0,0,0,0,0,0,,inactive,0,2022,10
Chile,2022-10-01,0,0,0,0,160000,1,1,1,160000,1,0,importer,1,2022,10
China,2022-10-01,0,0,0,0,4109557,23,11,7,4109557,23,0,importer,1,2022,10
Colombia,2022-10-01,0,0,0,0,0,0,0,0,0,0,,inactive,0,2022,10
Croatia,2022-10-01,0,0,0,0,283700,2,1,1,283700,2,0,importer,1,2022,10
Egypt,2022-10-01,507800,3,1,2,0,0,0,0,507800,3,1,exporter,1,2022,10
El Salvador,2022-10-01,0,0,0,0,0,0,0,0,0,0,,inactive,0,2022,10
Equatorial Guinea,2022-10-01,324000,2,1,2,0,0,0,0,324000,2,1,exporter,1,2022,10
Finland,2022-10-01,0,0,0,0,40969,2,1,1,40969,2,0,importer,1,2022,10
France,2022-10-01,0,0,0,0,2864202,18,3,5,2864202,18,0,importer,1,2022,10
Germany,2022-10-01,0,0,0,0,0,0,0,0,0,0,,inactive,0,2022,10
Gibraltar,2022-10-01,0,0,0,0,0,0,0,0,0,0,,inactive,0,2022,10
Greece,2022-10-01,0,0,0,0,147208,1,1,1,147208,1,0,importer,1,2022,10
Hong Kong,2022-10-01,0,0,0,0,0,0,0,0,0,0,,inactive,0,2022,10
India,2022-10-01,0,0,0,0,1367200,8,4,6,1367200,8,0,importer,1,2022,10
Indonesia,2022-10-01,0,0,0,0,0,0,0,0,0,0,,inactive,0,2022,10
Italy,2022-10-01,0,0,0,0,75500,1,1,1,75500,1,0,importer,1,2022,10
Jamaica,2022-10-01,0,0,0,0,167062,1,1,1,167062,1,0,importer,1,2022,10
Japan,2022-10-01,0,0,0,0,3566167,23,8,8,3566167,23,0,importer,1,2022,10
Jordan,2022-10-01,0,0,0,0,0,0,0,0,0,0,,inactive,0,2022,10
Kuwait,2022-10-01,0,0,0,0,676000,4,1,4,676000,4,0,importer,1,2022,10
Lithuania,2022-10-01,0,0,0,0,160000,1,1,1,160000,1,0,importer,1,2022,10
Malaysia,2022-10-01,90000,2,1,1,0,0,0,0,90000,2,1,exporter,1,2022,10
Malta,2022-10-01,0,0,0,0,0,0,0,0,0,0,,inactive,0,2022,10
Mexico,2022-10-01,0,0,0,0,0,0,0,0,0,0,,inactive,0,2022,10
Mozambique,2022-10-01,0,0,0,0,0,0,0,0,0,0,,inactive,0,2022,10
Netherlands,2022-10-01,0,0,0,0,1640610,10,2,6,1640610,10,0,importer,1,2022,10
Nigeria,2022-10-01,1705452,11,1,8,0,0,0,0,1705452,11,1,exporter,1,2022,10
Norway,2022-10-01,780432,5,1,4,22969,1,1,1,803401,6,0.971410291996,exporter,1,2022,10
Oman,2022-10-01,311680,2,1,2,0,0,0,0,311680,2,1,exporter,1,2022,10
Pakistan,2022-10-01,0,0,0,0,703177,4,1,1,703177,4,0,importer,1,2022,10
Panama,2022-10-01,0,0,0,0,0,0,0,0,0,0,,inactive,0,2022,10
Peru,2022-10-01,0,0,0,0,0,0,0,0,0,0,,inactive,0,2022,10
Philippines,2022-10-01,0,0,0,0,0,0,0,0,0,0,,inactive,0,2022,10
Poland,2022-10-01,0,0,0,0,376000,2,1,2,376000,2,0,importer,1,2022,10
Portugal,2022-10-01,0,0,0,0,460300,3,1,2,460300,3,0,importer,1,2022,10
Qatar,2022-10-01,7955762,39,1,15,0,0,0,0,7955762,39,1,exporter,1,2022,10
Russia,2022-10-01,3344740,23,3,8,0,0,0,0,3344740,23,1,exporter,1,2022,10
South Korea,2022-10-01,0,0,0,0,2200654,12,4,5,2200654,12,0,importer,1,2022,10
Spain,2022-10-01,0,0,0,0,2101689,13,6,5,2101689,13,0,importer,1,2022,10
Sweden,2022-10-01,0,0,0,0,0,0,0,0,0,0,,inactive,0,2022,10
Taiwan,2022-10-01,0,0,0,0,1229921,8,2,4,1229921,8,0,importer,1,2022,10
Thailand,2022-10-01,0,0,0,0,290600,2,1,1,290600,2,0,importer,1,2022,10
Trinidad and Tobago,2022-10-01,167062,1,1,1,0,0,0,0,167062,1,1,exporter,1,2022,10
Turkmenistan,2022-10-01,0,0,0,0,0,0,0,0,0,0,,inactive,0,2022,10
Türkiye,2022-10-01,0,0,0,0,812058,5,3,4,812058,5,0,importer,1,2022,10
United Arab Emirates,2022-10-01,546200,4,1,4,145700,1,1,1,691900,5,0.789420436479,bidirectional,1,2022,10
United Kingdom,2022-10-01,0,0,0,0,2526235,13,2,4,2526235,13,0,importer,1,2022,10
United States,2022-10-01,7452477,44,4,15,0,0,0,0,7452477,44,1,exporter,1,2022,10
Algeria,2022-11-01,1580174,12,2,5,0,0,0,0,1580174,12,1,exporter,1,2022,11
Argentina,2022-11-01,0,0,0,0,0,0,0,0,0,0,,inactive,0,2022,11
Australia,2022-11-01,3202266,20,4,4,0,0,0,0,3202266,20,1,exporter,1,2022,11
Bangladesh,2022-11-01,0,0,0,0,0,0,0,0,0,0,,inactive,0,2022,11
Belgium,2022-11-01,0,0,0,0,2110559,12,1,3,2110559,12,0,importer,1,2022,11
Brazil,2022-11-01,0,0,0,0,0,0,0,0,0,0,,inactive,0,2022,11
Cameroon,2022-11-01,174000,1,1,1,0,0,0,0,174000,1,1,exporter,1,2022,11
Canada,2022-11-01,0,0,0,0,0,0,0,0,0,0,,inactive,0,2022,11
Chile,2022-11-01,0,0,0,0,0,0,0,0,0,0,,inactive,0,2022,11
China,2022-11-01,0,0,0,0,3314555,18,9,5,3314555,18,0,importer,1,2022,11
Colombia,2022-11-01,0,0,0,0,0,0,0,0,0,0,,inactive,0,2022,11
Croatia,2022-11-01,0,0,0,0,361902,2,1,1,361902,2,0,importer,1,2022,11
Egypt,2022-11-01,667600,4,1,3,0,0,0,0,667600,4,1,exporter,1,2022,11
El Salvador,2022-11-01,0,0,0,0,0,0,0,0,0,0,,inactive,0,2022,11
Equatorial Guinea,2022-11-01,324948,2,1,2,0,0,0,0,324948,2,1,exporter,1,2022,11
Finland,2022-11-01,0,0,0,0,0,0,0,0,0,0,,inactive,0,2022,11
France,2022-11-01,0,0,0,0,3418097,22,3,5,3418097,22,0,importer,1,2022,11
Germany,2022-11-01,0,0,0,0,0,0,0,0,0,0,,inactive,0,2022,11
Gibraltar,2022-11-01,0,0,0,0,0,0,0,0,0,0,,inactive,0,2022,11
Greece,2022-11-01,0,0,0,0,160000,1,1,1,160000,1,0,importer,1,2022,11
Hong Kong,2022-11-01,0,0,0,0,167000,1,1,1,167000,1,0,importer,1,2022,11
India,2022-11-01,0,0,0,0,501200,3,2,3,501200,3,0,importer,1,2022,11
Indonesia,2022-11-01,0,0,0,0,0,0,0,0,0,0,,inactive,0,2022,11
Italy,2022-11-01,0,0,0,0,250500,2,2,2,250500,2,0,importer,1,2022,11
Jamaica,2022-11-01,0,0,0,0,348000,2,1,2,348000,2,0,importer,1,2022,11
Japan,2022-11-01,0,0,0,0,3288483,20,10,6,3288483,20,0,importer,1,2022,11
Jordan,2022-11-01,0,0,0,0,0,0,0,0,0,0,,inactive,0,2022,11
Kuwait,2022-11-01,0,0,0,0,354883,2,1,1,354883,2,0,importer,1,2022,11
Lithuania,2022-11-01,0,0,0,0,464640,3,1,1,464640,3,0,importer,1,2022,11
Malaysia,2022-11-01,45000,1,1,1,0,0,0,0,45000,1,1,exporter,1,2022,11
Malta,2022-11-01,0,0,0,0,0,0,0,0,0,0,,inactive,0,2022,11
Mexico,2022-11-01,0,0,0,0,0,0,0,0,0,0,,inactive,0,2022,11
Mozambique,2022-11-01,0,0,0,0,0,0,0,0,0,0,,inactive,0,2022,11
Netherlands,2022-11-01,0,0,0,0,1181017,7,1,6,1181017,7,0,importer,1,2022,11
Nigeria,2022-11-01,1395514,9,1,6,0,0,0,0,1395514,9,1,exporter,1,2022,11
Norway,2022-11-01,1044427,7,1,4,18000,1,1,1,1062427,8,0.983057659491,exporter,1,2022,11
Oman,2022-11-01,174000,1,1,1,0,0,0,0,174000,1,1,exporter,1,2022,11
Pakistan,2022-11-01,0,0,0,0,975295,6,1,1,975295,6,0,importer,1,2022,11
Panama,2022-11-01,0,0,0,0,0,0,0,0,0,0,,inactive,0,2022,11
Peru,2022-11-01,172000,1,1,1,0,0,0,0,172000,1,1,exporter,1,2022,11
Philippines,2022-11-01,0,0,0,0,0,0,0,0,0,0,,inactive,0,2022,11
Poland,2022-11-01,0,0,0,0,426100,2,1,1,426100,2,0,importer,1,2022,11
Portugal,2022-11-01,0,0,0,0,504700,3,1,3,504700,3,0,importer,1,2022,11
Qatar,2022-11-01,8770465,45,1,13,0,0,0,0,8770465,45,1,exporter,1,2022,11
Russia,2022-11-01,3381280,21,3,8,0,0,0,0,3381280,21,1,exporter,1,2022,11
South Korea,2022-11-01,0,0,0,0,2249900,12,5,3,2249900,12,0,importer,1,2022,11
Spain,2022-11-01,0,0,0,0,2279014,14,6,6,2279014,14,0,importer,1,2022,11
Sweden,2022-11-01,0,0,0,0,0,0,0,0,0,0,,inactive,0,2022,11
Taiwan,2022-11-01,0,0,0,0,1192516,8,2,5,1192516,8,0,importer,1,2022,11
Thailand,2022-11-01,0,0,0,0,383220,2,1,2,383220,2,0,importer,1,2022,11
Trinidad and Tobago,2022-11-01,1025700,6,1,6,0,0,0,0,1025700,6,1,exporter,1,2022,11
Turkmenistan,2022-11-01,0,0,0,0,0,0,0,0,0,0,,inactive,0,2022,11
Türkiye,2022-11-01,0,0,0,0,1467916,9,2,4,1467916,9,0,importer,1,2022,11
United Arab Emirates,2022-11-01,270000,2,1,2,0,0,0,0,270000,2,1,exporter,1,2022,11
United Kingdom,2022-11-01,0,0,0,0,3282756,18,2,5,3282756,18,0,importer,1,2022,11
United States,2022-11-01,6472879,38,4,11,0,0,0,0,6472879,38,1,exporter,1,2022,11
Algeria,2022-12-01,1739116,14,2,3,0,0,0,0,1739116,14,1,exporter,1,2022,12
Argentina,2022-12-01,0,0,0,0,0,0,0,0,0,0,,inactive,0,2022,12
Australia,2022-12-01,3668571,23,4,4,0,0,0,0,3668571,23,1,exporter,1,2022,12
Bangladesh,2022-12-01,0,0,0,0,0,0,0,0,0,0,,inactive,0,2022,12
Belgium,2022-12-01,0,0,0,0,1999393,11,1,3,1999393,11,0,importer,1,2022,12
Brazil,2022-12-01,0,0,0,0,0,0,0,0,0,0,,inactive,0,2022,12
Cameroon,2022-12-01,320000,2,1,1,0,0,0,0,320000,2,1,exporter,1,2022,12
Canada,2022-12-01,0,0,0,0,0,0,0,0,0,0,,inactive,0,2022,12
Chile,2022-12-01,0,0,0,0,0,0,0,0,0,0,,inactive,0,2022,12
China,2022-12-01,0,0,0,0,4413731,23,9,7,4413731,23,0,importer,1,2022,12
Colombia,2022-12-01,0,0,0,0,0,0,0,0,0,0,,inactive,0,2022,12
Croatia,2022-12-01,0,0,0,0,570922,3,1,1,570922,3,0,importer,1,2022,12
Egypt,2022-12-01,1050000,6,2,5,0,0,0,0,1050000,6,1,exporter,1,2022,12
El Salvador,2022-12-01,0,0,0,0,0,0,0,0,0,0,,inactive,0,2022,12
Equatorial Guinea,2022-12-01,149700,1,1,1,0,0,0,0,149700,1,1,exporter,1,2022,12
Finland,2022-12-01,0,0,0,0,36000,2,1,1,36000,2,0,importer,1,2022,12
France,2022-12-01,0,0,0,0,3726989,25,3,5,3726989,25,0,importer,1,2022,12
Germany,2022-12-01,0,0,0,0,0,0,0,0,0,0,,inactive,0,2022,12
Gibraltar,2022-12-01,0,0,0,0,0,0,0,0,0,0,,inactive,0,2022,12
Greece,2022-12-01,0,0,0,0,397708,3,1,3,397708,3,0,importer,1,2022,12
Hong Kong,2022-12-01,0,0,0,0,0,0,0,0,0,0,,inactive,0,2022,12
India,2022-12-01,0,0,0,0,520500,3,3,3,520500,3,0,importer,1,2022,12
Indonesia,2022-12-01,0,0,0,0,0,0,0,0,0,0,,inactive,0,2022,12
Italy,2022-12-01,0,0,0,0,348000,2,1,2,348000,2,0,importer,1,2022,12
Jamaica,2022-12-01,0,0,0,0,0,0,0,0,0,0,,inactive,0,2022,12
Japan,2022-12-01,0,0,0,0,2231685,14,7,5,2231685,14,0,importer,1,2022,12
Jordan,2022-12-01,0,0,0,0,0,0,0,0,0,0,,inactive,0,2022,12
Kuwait,2022-12-01,0,0,0,0,361200,2,1,1,361200,2,0,importer,1,2022,12
Lithuania,2022-12-01,0,0,0,0,617639,4,1,2,617639,4,0,importer,1,2022,12
Malaysia,2022-12-01,173000,1,1,1,0,0,0,0,173000,1,1,exporter,1,2022,12
Malta,2022-12-01,0,0,0,0,0,0,0,0,0,0,,inactive,0,2022,12
Mexico,2022-12-01,0,0,0,0,174000,1,1,1,174000,1,0,importer,1,2022,12
Mozambique,2022-12-01,0,0,0,0,0,0,0,0,0,0,,inactive,0,2022,12
Netherlands,2022-12-01,0,0,0,0,1205700,7,2,3,1205700,7,0,importer,1,2022,12
Nigeria,2022-12-01,1089852,7,1,4,0,0,0,0,1089852,7,1,exporter,1,2022,12
Norway,2022-12-01,752055,5,1,3,0,0,0,0,752055,5,1,exporter,1,2022,12
Oman,2022-12-01,660278,4,1,3,0,0,0,0,660278,4,1,exporter,1,2022,12
Pakistan,2022-12-01,0,0,0,0,791554,5,1,2,791554,5,0,importer,1,2022,12
Panama,2022-12-01,0,0,0,0,0,0,0,0,0,0,,inactive,0,2022,12
Peru,2022-12-01,0,0,0,0,0,0,0,0,0,0,,inactive,0,2022,12
Philippines,2022-12-01,0,0,0,0,0,0,0,0,0,0,,inactive,0,2022,12
Poland,2022-12-01,0,0,0,0,542100,3,1,2,542100,3,0,importer,1,2022,12
Portugal,2022-12-01,0,0,0,0,174000,1,1,1,174000,1,0,importer,1,2022,12
Qatar,2022-12-01,7053094,34,1,12,0,0,0,0,7053094,34,1,exporter,1,2022,12
Russia,2022-12-01,3087000,20,3,5,0,0,0,0,3087000,20,1,exporter,1,2022,12
South Korea,2022-12-01,0,0,0,0,3164340,17,5,5,3164340,17,0,importer,1,2022,12
Spain,2022-12-01,0,0,0,0,2496359,15,5,5,2496359,15,0,importer,1,2022,12
Sweden,2022-12-01,0,0,0,0,0,0,0,0,0,0,,inactive,0,2022,12
Taiwan,2022-12-01,0,0,0,0,1056482,7,2,4,1056482,7,0,importer,1,2022,12
Thailand,2022-12-01,0,0,0,0,170000,1,1,1,170000,1,0,importer,1,2022,12
Trinidad and Tobago,2022-12-01,612661,4,1,4,0,0,0,0,612661,4,1,exporter,1,2022,12
Turkmenistan,2022-12-01,0,0,0,0,0,0,0,0,0,0,,inactive,0,2022,12
Türkiye,2022-12-01,0,0,0,0,1589956,10,3,4,1589956,10,0,importer,1,2022,12
United Arab Emirates,2022-12-01,409100,3,1,3,210000,1,1,1,619100,4,0.660797932483,bidirectional,1,2022,12
United Kingdom,2022-12-01,0,0,0,0,2270802,13,2,2,2270802,13,0,importer,1,2022,12
United States,2022-12-01,8304633,49,4,15,0,0,0,0,8304633,49,1,exporter,1,2022,12
Algeria,2023-01-01,689558,6,1,4,0,0,0,0,689558,6,1,exporter,1,2023,1
Argentina,2023-01-01,0,0,0,0,0,0,0,0,0,0,,inactive,0,2023,1
Australia,2023-01-01,3030003,19,5,4,0,0,0,0,3030003,19,1,exporter,1,2023,1
Bangladesh,2023-01-01,0,0,0,0,0,0,0,0,0,0,,inactive,0,2023,1
Belgium,2023-01-01,0,0,0,0,1557920,9,1,3,1557920,9,0,importer,1,2023,1
Brazil,2023-01-01,0,0,0,0,0,0,0,0,0,0,,inactive,0,2023,1
Cameroon,2023-01-01,344000,2,1,1,0,0,0,0,344000,2,1,exporter,1,2023,1
Canada,2023-01-01,0,0,0,0,0,0,0,0,0,0,,inactive,0,2023,1
Chile,2023-01-01,0,0,0,0,164000,1,1,1,164000,1,0,importer,1,2023,1
China,2023-01-01,0,0,0,0,3311418,16,8,5,3311418,16,0,importer,1,2023,1
Colombia,2023-01-01,0,0,0,0,0,0,0,0,0,0,,inactive,0,2023,1
Croatia,2023-01-01,0,0,0,0,432200,2,1,1,432200,2,0,importer,1,2023,1
Egypt,2023-01-01,841600,5,1,3,0,0,0,0,841600,5,1,exporter,1,2023,1
El Salvador,2023-01-01,0,0,0,0,0,0,0,0,0,0,,inactive,0,2023,1
Equatorial Guinea,2023-01-01,0,0,0,0,0,0,0,0,0,0,,inactive,0,2023,1
Finland,2023-01-01,0,0,0,0,36000,2,1,1,36000,2,0,importer,1,2023,1
France,2023-01-01,0,0,0,0,3276874,20,3,8,3276874,20,0,importer,1,2023,1
Germany,2023-01-01,0,0,0,0,174000,1,1,1,174000,1,0,importer,1,2023,1
Gibraltar,2023-01-01,0,0,0,0,0,0,0,0,0,0,,inactive,0,2023,1
Greece,2023-01-01,0,0,0,0,75500,1,1,1,75500,1,0,importer,1,2023,1
Hong Kong,2023-01-01,0,0,0,0,0,0,0,0,0,0,,inactive,0,2023,1
India,2023-01-01,0,0,0,0,1317302,7,4,3,1317302,7,0,importer,1,2023,1
Indonesia,2023-01-01,0,0,0,0,0,0,0,0,0,0,,inactive,0,2023,1
Italy,2023-01-01,0,0,0,0,0,0,0,0,0,0,,inactive,0,2023,1
Jamaica,2023-01-01,0,0,0,0,0,0,0,0,0,0,,inactive,0,2023,1
Japan,2023-01-01,0,0,0,0,2524407,15,7,4,2524407,15,0,importer,1,2023,1
Jordan,2023-01-01,0,0,0,0,0,0,0,0,0,0,,inactive,0,2023,1
Kuwait,2023-01-01,0,0,0,0,149600,1,1,1,149600,1,0,importer,1,2023,1
Lithuania,2023-01-01,0,0,0,0,319925,2,1,2,319925,2,0,importer,1,2023,1
Malaysia,2023-01-01,138000,1,1,1,0,0,0,0,138000,1,1,exporter,1,2023,1
Malta,2023-01-01,0,0,0,0,0,0,0,0,0,0,,inactive,0,2023,1
Mexico,2023-01-01,0,0,0,0,0,0,0,0,0,0,,inactive,0,2023,1
Mozambique,2023-01-01,0,0,0,0,0,0,0,0,0,0,,inactive,0,2023,1
Netherlands,2023-01-01,0,0,0,0,1364591,8,1,5,1364591,8,0,importer,1,2023,1
Nigeria,2023-01-01,1831090,12,1,7,0,0,0,0,1831090,12,1,exporter,1,2023,1
Norway,2023-01-01,1074395,8,2,7,22969,1,1,1,1097364,9,0.97906893246,exporter,1,2023,1
Oman,2023-01-01,159800,1,1,1,0,0,0,0,159800,1,1,exporter,1,2023,1
Pakistan,2023-01-01,0,0,0,0,803102,5,1,1,803102,5,0,importer,1,2023,1
Panama,2023-01-01,0,0,0,0,0,0,0,0,0,0,,inactive,0,2023,1
Peru,2023-01-01,0,0,0,0,0,0,0,0,0,0,,inactive,0,2023,1
Philippines,2023-01-01,0,0,0,0,0,0,0,0,0,0,,inactive,0,2023,1
Poland,2023-01-01,0,0,0,0,724970,4,1,4,724970,4,0,importer,1,2023,1
Portugal,2023-01-01,0,0,0,0,475500,3,1,2,475500,3,0,importer,1,2023,1
Qatar,2023-01-01,9075161,45,1,13,0,0,0,0,9075161,45,1,exporter,1,2023,1
Russia,2023-01-01,2854307,21,2,7,0,0,0,0,2854307,21,1,exporter,1,2023,1
South Korea,2023-01-01,0,0,0,0,3464754,20,5,8,3464754,20,0,importer,1,2023,1
Spain,2023-01-01,0,0,0,0,1937300,12,4,3,1937300,12,0,importer,1,2023,1
Sweden,2023-01-01,0,0,0,0,68907,3,2,2,68907,3,0,importer,1,2023,1
Taiwan,2023-01-01,0,0,0,0,1228910,8,2,3,1228910,8,0,importer,1,2023,1
Thailand,2023-01-01,0,0,0,0,598700,3,1,1,598700,3,0,importer,1,2023,1
Trinidad and Tobago,2023-01-01,646120,4,1,4,0,0,0,0,646120,4,1,exporter,1,2023,1
Turkmenistan,2023-01-01,0,0,0,0,0,0,0,0,0,0,,inactive,0,2023,1
Türkiye,2023-01-01,0,0,0,0,2013340,12,2,4,2013340,12,0,importer,1,2023,1
United Arab Emirates,2023-01-01,407490,3,1,2,0,0,0,0,407490,3,1,exporter,1,2023,1
United Kingdom,2023-01-01,0,0,0,0,2087783,12,2,4,2087783,12,0,importer,1,2023,1
United States,2023-01-01,7176568,42,4,16,138120,1,1,1,7314688,43,0.981117444791,exporter,1,2023,1
Algeria,2023-02-01,1109116,8,2,3,0,0,0,0,1109116,8,1,exporter,1,2023,2
Argentina,2023-02-01,0,0,0,0,180000,1,1,1,180000,1,0,importer,1,2023,2
Australia,2023-02-01,3910627,25,5,4,0,0,0,0,3910627,25,1,exporter,1,2023,2
Bangladesh,2023-02-01,0,0,0,0,0,0,0,0,0,0,,inactive,0,2023,2
Belgium,2023-02-01,0,0,0,0,2479700,15,1,3,2479700,15,0,importer,1,2023,2
Brazil,2023-02-01,0,0,0,0,0,0,0,0,0,0,,inactive,0,2023,2
Cameroon,2023-02-01,324000,2,1,1,0,0,0,0,324000,2,1,exporter,1,2023,2
Canada,2023-02-01,0,0,0,0,0,0,0,0,0,0,,inactive,0,2023,2
Chile,2023-02-01,0,0,0,0,342520,2,1,1,342520,2,0,importer,1,2023,2
China,2023-02-01,0,0,0,0,3049642,16,7,5,3049642,16,0,importer,1,2023,2
Colombia,2023-02-01,0,0,0,0,0,0,0,0,0,0,,inactive,0,2023,2
Croatia,2023-02-01,0,0,0,0,772717,4,1,3,772717,4,0,importer,1,2023,2
Egypt,2023-02-01,1298139,8,2,6,0,0,0,0,1298139,8,1,exporter,1,2023,2
El Salvador,2023-02-01,0,0,0,0,0,0,0,0,0,0,,inactive,0,2023,2
Equatorial Guinea,2023-02-01,326615,2,1,1,0,0,0,0,326615,2,1,exporter,1,2023,2
Finland,2023-02-01,0,0,0,0,206200,3,2,1,206200,3,0,importer,1,2023,2
France,2023-02-01,0,0,0,0,2561911,16,3,7,2561911,16,0,importer,1,2023,2
Germany,2023-02-01,0,0,0,0,517772,3,2,2,517772,3,0,importer,1,2023,2
Gibraltar,2023-02-01,0,0,0,0,159274,1,1,1,159274,1,0,importer,1,2023,2
Greece,2023-02-01,0,0,0,0,174000,1,1,1,174000,1,0,importer,1,2023,2
Hong Kong,2023-02-01,0,0,0,0,265000,1,1,1,265000,1,0,importer,1,2023,2
India,2023-02-01,0,0,0,0,1421108,7,3,4,1421108,7,0,importer,1,2023,2
Indonesia,2023-02-01,0,0,0,0,0,0,0,0,0,0,,inactive,0,2023,2
Italy,2023-02-01,0,0,0,0,478548,3,1,2,478548,3,0,importer,1,2023,2
Jamaica,2023-02-01,0,0,0,0,0,0,0,0,0,0,,inactive,0,2023,2
Japan,2023-02-01,0,0,0,0,2794065,18,8,4,2794065,18,0,importer,1,2023,2
Jordan,2023-02-01,0,0,0,0,0,0,0,0,0,0,,inactive,0,2023,2
Kuwait,2023-02-01,0,0,0,0,771866,4,1,1,771866,4,0,importer,1,2023,2
Lithuania,2023-02-01,0,0,0,0,303517,2,1,2,303517,2,0,importer,1,2023,2
Malaysia,2023-02-01,816000,5,1,4,267335,1,1,1,1083335,6,0.753229610416,bidirectional,1,2023,2
Malta,2023-02-01,0,0,0,0,0,0,0,0,0,0,,inactive,0,2023,2
Mexico,2023-02-01,0,0,0,0,0,0,0,0,0,0,,inactive,0,2023,2
Mozambique,2023-02-01,174000,1,1,1,0,0,0,0,174000,1,1,exporter,1,2023,2
Netherlands,2023-02-01,0,0,0,0,1187310,7,2,3,1187310,7,0,importer,1,2023,2
Nigeria,2023-02-01,1582200,10,1,10,0,0,0,0,1582200,10,1,exporter,1,2023,2
Norway,2023-02-01,587459,4,1,3,0,0,0,0,587459,4,1,exporter,1,2023,2
Oman,2023-02-01,170000,1,1,1,0,0,0,0,170000,1,1,exporter,1,2023,2
Pakistan,2023-02-01,0,0,0,0,431300,3,1,2,431300,3,0,importer,1,2023,2
Panama,2023-02-01,0,0,0,0,0,0,0,0,0,0,,inactive,0,2023,2
Peru,2023-02-01,0,0,0,0,0,0,0,0,0,0,,inactive,0,2023,2
Philippines,2023-02-01,0,0,0,0,0,0,0,0,0,0,,inactive,0,2023,2
Poland,2023-02-01,0,0,0,0,378870,2,1,2,378870,2,0,importer,1,2023,2
Portugal,2023-02-01,0,0,0,0,641220,4,1,3,641220,4,0,importer,1,2023,2
Qatar,2023-02-01,9115313,45,1,17,0,0,0,0,9115313,45,1,exporter,1,2023,2
Russia,2023-02-01,4081907,29,3,8,0,0,0,0,4081907,29,1,exporter,1,2023,2
South Korea,2023-02-01,0,0,0,0,2977362,16,4,7,2977362,16,0,importer,1,2023,2
Spain,2023-02-01,0,0,0,0,3319182,20,6,6,3319182,20,0,importer,1,2023,2
Sweden,2023-02-01,0,0,0,0,68907,3,1,1,68907,3,0,importer,1,2023,2
Taiwan,2023-02-01,0,0,0,0,1236368,8,2,3,1236368,8,0,importer,1,2023,2
Thailand,2023-02-01,0,0,0,0,333800,2,1,2,333800,2,0,importer,1,2023,2
Trinidad and Tobago,2023-02-01,480579,3,1,2,0,0,0,0,480579,3,1,exporter,1,2023,2
Turkmenistan,2023-02-01,160500,1,1,1,0,0,0,0,160500,1,1,exporter,1,2023,2
Türkiye,2023-02-01,0,0,0,0,1605608,10,3,4,1605608,10,0,importer,1,2023,2
United Arab Emirates,2023-02-01,272100,2,1,2,426300,2,1,1,698400,4,0.389604810997,bidirectional,1,2023,2
United Kingdom,2023-02-01,0,0,0,0,2648498,15,2,3,2648498,15,0,importer,1,2023,2
United States,2023-02-01,7729404,45,5,14,138059,1,1,1,7867463,46,0.982451903492,exporter,1,2023,2
Algeria,2023-03-01,1237314,11,2,5,0,0,0,0,1237314,11,1,exporter,1,2023,3
Argentina,2023-03-01,0,0,0,0,0,0,0,0,0,0,,inactive,0,2023,3
Australia,2023-03-01,3984151,25,5,5,0,0,0,0,3984151,25,1,exporter,1,2023,3
Bangladesh,2023-03-01,0,0,0,0,138000,1,1,1,138000,1,0,importer,1,2023,3
Belgium,2023-03-01,0,0,0,0,3017715,19,1,4,3017715,19,0,importer,1,2023,3
Brazil,2023-03-01,0,0,0,0,172000,1,1,1,172000,1,0,importer,1,2023,3
Cameroon,2023-03-01,344000,2,1,1,0,0,0,0,344000,2,1,exporter,1,2023,3
Canada,2023-03-01,0,0,0,0,0,0,0,0,0,0,,inactive,0,2023,3
Chile,2023-03-01,0,0,0,0,519000,3,2,2,519000,3,0,importer,1,2023,3
China,2023-03-01,0,0,0,0,4109565,23,7,8,4109565,23,0,importer,1,2023,3
Colombia,2023-03-01,0,0,0,0,0,0,0,0,0,0,,inactive,0,2023,3
Croatia,2023-03-01,0,0,0,0,420000,2,1,1,420000,2,0,importer,1,2023,3
Egypt,2023-03-01,1377800,8,2,4,174000,1,1,1,1551800,9,0.887872148473,bidirectional,1,2023,3
El Salvador,2023-03-01,0,0,0,0,138158,1,1,1,138158,1,0,importer,1,2023,3
Equatorial Guinea,2023-03-01,175000,1,1,1,0,0,0,0,175000,1,1,exporter,1,2023,3
Finland,2023-03-01,0,0,0,0,206200,3,2,1,206200,3,0,importer,1,2023,3
France,2023-03-01,0,0,0,0,2572603,14,3,5,2572603,14,0,importer,1,2023,3
Germany,2023-03-01,0,0,0,0,173400,1,1,1,173400,1,0,importer,1,2023,3
Gibraltar,2023-03-01,0,0,0,0,0,0,0,0,0,0,,inactive,0,2023,3
Greece,2023-03-01,0,0,0,0,75500,1,1,1,75500,1,0,importer,1,2023,3
Hong Kong,2023-03-01,0,0,0,0,265000,1,1,1,265000,1,0,importer,1,2023,3
India,2023-03-01,0,0,0,0,1712590,10,4,5,1712590,10,0,importer,1,2023,3
Indonesia,2023-03-01,0,0,0,0,841958,5,2,2,841958,5,0,importer,1,2023,3
Italy,2023-03-01,0,0,0,0,151000,2,1,1,151000,2,0,importer,1,2023,3
Jamaica,2023-03-01,0,0,0,0,0,0,0,0,0,0,,inactive,0,2023,3
Japan,2023-03-01,0,0,0,0,2293469,15,5,4,2293469,15,0,importer,1,2023,3
Jordan,2023-03-01,0,0,0,0,0,0,0,0,0,0,,inactive,0,2023,3
Kuwait,2023-03-01,0,0,0,0,525152,3,1,2,525152,3,0,importer,1,2023,3
Lithuania,2023-03-01,0,0,0,0,591908,4,1,1,591908,4,0,importer,1,2023,3
Malaysia,2023-03-01,450000,3,1,3,449100,3,1,3,899100,6,0.500500500501,bidirectional,1,2023,3
Malta,2023-03-01,0,0,0,0,0,0,0,0,0,0,,inactive,0,2023,3
Mexico,2023-03-01,0,0,0,0,0,0,0,0,0,0,,inactive,0,2023,3
Mozambique,2023-03-01,0,0,0,0,0,0,0,0,0,0,,inactive,0,2023,3
Netherlands,2023-03-01,0,0,0,0,2220551,13,2,3,2220551,13,0,importer,1,2023,3
Nigeria,2023-03-01,2581508,17,1,10,0,0,0,0,2581508,17,1,exporter,1,2023,3
Norway,2023-03-01,1090965,8,2,5,0,0,0,0,1090965,8,1,exporter,1,2023,3
Oman,2023-03-01,388500,2,1,2,0,0,0,0,388500,2,1,exporter,1,2023,3
Pakistan,2023-03-01,0,0,0,0,729964,5,1,2,729964,5,0,importer,1,2023,3
Panama,2023-03-01,0,0,0,0,0,0,0,0,0,0,,inactive,0,2023,3
Peru,2023-03-01,172000,1,1,1,0,0,0,0,172000,1,1,exporter,1,2023,3
Philippines,2023-03-01,0,0,0,0,0,0,0,0,0,0,,inactive,0,2023,3
Poland,2023-03-01,0,0,0,0,216000,1,1,1,216000,1,0,importer,1,2023,3
Portugal,2023-03-01,0,0,0,0,934842,6,1,2,934842,6,0,importer,1,2023,3
Qatar,2023-03-01,9219496,47,1,16,0,0,0,0,9219496,47,1,exporter,1,2023,3
Russia,2023-03-01,4790601,34,3,7,0,0,0,0,4790601,34,1,exporter,1,2023,3
South Korea,2023-03-01,0,0,0,0,1893864,10,5,5,1893864,10,0,importer,1,2023,3
Spain,2023-03-01,0,0,0,0,4078726,26,6,7,4078726,26,0,importer,1,2023,3
Sweden,2023-03-01,0,0,0,0,86907,4,2,2,86907,4,0,importer,1,2023,3
Taiwan,2023-03-01,0,0,0,0,461354,3,2,2,461354,3,0,importer,1,2023,3
Thailand,2023-03-01,0,0,0,0,1408614,8,1,4,1408614,8,0,importer,1,2023,3
Trinidad and Tobago,2023-03-01,484158,3,1,3,0,0,0,0,484158,3,1,exporter,1,2023,3
Turkmenistan,2023-03-01,160500,1,1,1,0,0,0,0,160500,1,1,exporter,1,2023,3
Türkiye,2023-03-01,0,0,0,0,1301916,8,3,3,1301916,8,0,importer,1,2023,3
United Arab Emirates,2023-03-01,816690,6,1,5,409400,3,1,2,1226090,9,0.666093027429,bidirectional,1,2023,3
United Kingdom,2023-03-01,0,0,0,0,3324028,18,2,6,3324028,18,0,importer,1,2023,3
United States,2023-03-01,8814801,52,5,18,475000,3,1,2,9289801,55,0.948868657143,exporter,1,2023,3
Algeria,2023-04-01,1622058,12,2,6,0,0,0,0,1622058,12,1,exporter,1,2023,4
Argentina,2023-04-01,0,0,0,0,160000,1,1,1,160000,1,0,importer,1,2023,4
Australia,2023-04-01,4332864,27,5,5,0,0,0,0,4332864,27,1,exporter,1,2023,4
Bangladesh,2023-04-01,0,0,0,0,0,0,0,0,0,0,,inactive,0,2023,4
Belgium,2023-04-01,0,0,0,0,2082700,14,1,4,2082700,14,0,importer,1,2023,4
Brazil,2023-04-01,0,0,0,0,0,0,0,0,0,0,,inactive,0,2023,4
Cameroon,2023-04-01,174000,1,1,1,0,0,0,0,174000,1,1,exporter,1,2023,4
Canada,2023-04-01,0,0,0,0,0,0,0,0,0,0,,inactive,0,2023,4
Chile,2023-04-01,0,0,0,0,509158,3,1,1,509158,3,0,importer,1,2023,4
China,2023-04-01,0,0,0,0,3881232,22,9,6,3881232,22,0,importer,1,2023,4
Colombia,2023-04-01,0,0,0,0,0,0,0,0,0,0,,inactive,0,2023,4
Croatia,2023-04-01,0,0,0,0,432400,2,1,1,432400,2,0,importer,1,2023,4
Egypt,2023-04-01,856200,5,1,5,0,0,0,0,856200,5,1,exporter,1,2023,4
El Salvador,2023-04-01,0,0,0,0,0,0,0,0,0,0,,inactive,0,2023,4
Equatorial Guinea,2023-04-01,290773,2,1,2,0,0,0,0,290773,2,1,exporter,1,2023,4
Finland,2023-04-01,0,0,0,0,18000,1,1,1,18000,1,0,importer,1,2023,4
France,2023-04-01,0,0,0,0,3319858,20,3,6,3319858,20,0,importer,1,2023,4
Germany,2023-04-01,0,0,0,0,522000,3,3,1,522000,3,0,importer,1,2023,4
Gibraltar,2023-04-01,0,0,0,0,174000,1,1,1,174000,1,0,importer,1,2023,4
Greece,2023-04-01,0,0,0,0,670400,4,1,4,670400,4,0,importer,1,2023,4
Hong Kong,2023-04-01,0,0,0,0,145700,1,1,1,145700,1,0,importer,1,2023,4
India,2023-04-01,0,0,0,0,1814325,10,4,6,1814325,10,0,importer,1,2023,4
Indonesia,2023-04-01,138273,1,1,1,138273,1,1,1,276546,2,0.5,bidirectional,1,2023,4
Italy,2023-04-01,0,0,0,0,679000,5,3,3,679000,5,0,importer,1,2023,4
Jamaica,2023-04-01,0,0,0,0,347400,2,1,2,347400,2,0,importer,1,2023,4
Japan,2023-04-01,0,0,0,0,2203644,14,6,1,2203644,14,0,importer,1,2023,4
Jordan,2023-04-01,0,0,0,0,0,0,0,0,0,0,,inactive,0,2023,4
Kuwait,2023-04-01,0,0,0,0,1546494,8,1,3,1546494,8,0,importer,1,2023,4
Lithuania,2023-04-01,0,0,0,0,459509,3,1,2,459509,3,0,importer,1,2023,4
Malaysia,2023-04-01,264000,3,1,2,441335,2,2,2,705335,5,0.374290230883,bidirectional,1,2023,4
Malta,2023-04-01,0,0,0,0,0,0,0,0,0,0,,inactive,0,2023,4
Mexico,2023-04-01,0,0,0,0,155000,1,1,1,155000,1,0,importer,1,2023,4
Mozambique,2023-04-01,0,0,0,0,0,0,0,0,0,0,,inactive,0,2023,4
Netherlands,2023-04-01,0,0,0,0,2042012,12,2,4,2042012,12,0,importer,1,2023,4
Nigeria,2023-04-01,1686620,11,1,5,0,0,0,0,1686620,11,1,exporter,1,2023,4
Norway,2023-04-01,883071,6,1,5,0,0,0,0,883071,6,1,exporter,1,2023,4
Oman,2023-04-01,0,0,0,0,0,0,0,0,0,0,,inactive,0,2023,4
Pakistan,2023-04-01,0,0,0,0,727104,5,1,1,727104,5,0,importer,1,2023,4
Panama,2023-04-01,0,0,0,0,0,0,0,0,0,0,,inactive,0,2023,4
Peru,2023-04-01,0,0,0,0,0,0,0,0,0,0,,inactive,0,2023,4
Philippines,2023-04-01,0,0,0,0,0,0,0,0,0,0,,inactive,0,2023,4
Poland,2023-04-01,0,0,0,0,774252,4,1,2,774252,4,0,importer,1,2023,4
Portugal,2023-04-01,0,0,0,0,650000,4,1,4,650000,4,0,importer,1,2023,4
Qatar,2023-04-01,9261225,45,1,15,0,0,0,0,9261225,45,1,exporter,1,2023,4
Russia,2023-04-01,2877400,21,2,7,0,0,0,0,2877400,21,1,exporter,1,2023,4
South Korea,2023-04-01,0,0,0,0,2388858,13,5,5,2388858,13,0,importer,1,2023,4
Spain,2023-04-01,0,0,0,0,2573997,16,6,7,2573997,16,0,importer,1,2023,4
Sweden,2023-04-01,0,0,0,0,18000,1,1,1,18000,1,0,importer,1,2023,4
Taiwan,2023-04-01,0,0,0,0,717016,5,2,3,717016,5,0,importer,1,2023,4
Thailand,2023-04-01,0,0,0,0,828000,4,1,2,828000,4,0,importer,1,2023,4
Trinidad and Tobago,2023-04-01,1165217,7,1,5,0,0,0,0,1165217,7,1,exporter,1,2023,4
Turkmenistan,2023-04-01,386200,2,1,2,0,0,0,0,386200,2,1,exporter,1,2023,4
Türkiye,2023-04-01,0,0,0,0,988058,6,3,2,988058,6,0,importer,1,2023,4
United Arab Emirates,2023-04-01,692490,5,1,3,135000,1,1,1,827490,6,0.836856034514,bidirectional,1,2023,4
United Kingdom,2023-04-01,0,0,0,0,2164029,12,2,3,2164029,12,0,importer,1,2023,4
United States,2023-04-01,9076363,53,5,19,0,0,0,0,9076363,53,1,exporter,1,2023,4
Algeria,2023-05-01,2053730,15,2,9,0,0,0,0,2053730,15,1,exporter,1,2023,5
Argentina,2023-05-01,0,0,0,0,0,0,0,0,0,0,,inactive,0,2023,5
Australia,2023-05-01,2616145,17,4,6,0,0,0,0,2616145,17,1,exporter,1,2023,5
Bangladesh,2023-05-01,0,0,0,0,339500,2,1,2,339500,2,0,importer,1,2023,5
Belgium,2023-05-01,0,0,0,0,2058568,14,1,3,2058568,14,0,importer,1,2023,5
Brazil,2023-05-01,0,0,0,0,160000,1,1,1,160000,1,0,importer,1,2023,5
Cameroon,2023-05-01,344000,2,1,2,0,0,0,0,344000,2,1,exporter,1,2023,5
Canada,2023-05-01,0,0,0,0,0,0,0,0,0,0,,inactive,0,2023,5
Chile,2023-05-01,0,0,0,0,855582,5,2,4,855582,5,0,importer,1,2023,5
China,2023-05-01,0,0,0,0,3654717,21,12,8,3654717,21,0,importer,1,2023,5
Colombia,2023-05-01,0,0,0,0,0,0,0,0,0,0,,inactive,0,2023,5
Croatia,2023-05-01,0,0,0,0,339000,2,1,2,339000,2,0,importer,1,2023,5
Egypt,2023-05-01,637674,4,2,4,0,0,0,0,637674,4,1,exporter,1,2023,5
El Salvador,2023-05-01,0,0,0,0,0,0,0,0,0,0,,inactive,0,2023,5
Equatorial Guinea,2023-05-01,0,0,0,0,0,0,0,0,0,0,,inactive,0,2023,5
Finland,2023-05-01,0,0,0,0,348200,3,2,2,348200,3,0,importer,1,2023,5
France,2023-05-01,0,0,0,0,3543841,21,3,7,3543841,21,0,importer,1,2023,5
Germany,2023-05-01,0,0,0,0,174000,1,1,1,174000,1,0,importer,1,2023,5
Gibraltar,2023-05-01,0,0,0,0,1131335,5,1,3,1131335,5,0,importer,1,2023,5
Greece,2023-05-01,0,0,0,0,180082,1,1,1,180082,1,0,importer,1,2023,5
Hong Kong,2023-05-01,0,0,0,0,0,0,0,0,0,0,,inactive,0,2023,5
India,2023-05-01,0,0,0,0,1726648,9,3,7,1726648,9,0,importer,1,2023,5
Indonesia,2023-05-01,0,0,0,0,522000,3,3,2,522000,3,0,importer,1,2023,5
Italy,2023-05-01,0,0,0,0,676717,5,2,2,676717,5,0,importer,1,2023,5
Jamaica,2023-05-01,0,0,0,0,0,0,0,0,0,0,,inactive,0,2023,5
Japan,2023-05-01,0,0,0,0,1999141,13,7,4,1999141,13,0,importer,1,2023,5
Jordan,2023-05-01,0,0,0,0,0,0,0,0,0,0,,inactive,0,2023,5
Kuwait,2023-05-01,0,0,0,0,987166,6,1,3,987166,6,0,importer,1,2023,5
Lithuania,2023-05-01,0,0,0,0,177208,2,1,2,177208,2,0,importer,1,2023,5
Malaysia,2023-05-01,219000,2,1,2,0,0,0,0,219000,2,1,exporter,1,2023,5
Malta,2023-05-01,0,0,0,0,0,0,0,0,0,0,,inactive,0,2023,5
Mexico,2023-05-01,0,0,0,0,0,0,0,0,0,0,,inactive,0,2023,5
Mozambique,2023-05-01,0,0,0,0,0,0,0,0,0,0,,inactive,0,2023,5
Netherlands,2023-05-01,0,0,0,0,2545524,15,2,6,2545524,15,0,importer,1,2023,5
Nigeria,2023-05-01,2463214,16,1,8,0,0,0,0,2463214,16,1,exporter,1,2023,5
Norway,2023-05-01,480340,4,2,4,0,0,0,0,480340,4,1,exporter,1,2023,5
Oman,2023-05-01,1008028,6,1,6,0,0,0,0,1008028,6,1,exporter,1,2023,5
Pakistan,2023-05-01,0,0,0,0,1023106,7,1,2,1023106,7,0,importer,1,2023,5
Panama,2023-05-01,0,0,0,0,174000,1,1,1,174000,1,0,importer,1,2023,5
Peru,2023-05-01,170000,1,1,1,0,0,0,0,170000,1,1,exporter,1,2023,5
Philippines,2023-05-01,0,0,0,0,0,0,0,0,0,0,,inactive,0,2023,5
Poland,2023-05-01,0,0,0,0,1067987,6,1,2,1067987,6,0,importer,1,2023,5
Portugal,2023-05-01,0,0,0,0,1014000,6,1,3,1014000,6,0,importer,1,2023,5
Qatar,2023-05-01,10041622,50,1,19,0,0,0,0,10041622,50,1,exporter,1,2023,5
Russia,2023-05-01,5025143,34,4,9,0,0,0,0,5025143,34,1,exporter,1,2023,5
South Korea,2023-05-01,0,0,0,0,1439900,7,4,4,1439900,7,0,importer,1,2023,5
Spain,2023-05-01,0,0,0,0,3671572,22,6,6,3671572,22,0,importer,1,2023,5
Sweden,2023-05-01,0,0,0,0,40969,2,1,2,40969,2,0,importer,1,2023,5
Taiwan,2023-05-01,0,0,0,0,916835,6,2,3,916835,6,0,importer,1,2023,5
Thailand,2023-05-01,0,0,0,0,702226,4,1,3,702226,4,0,importer,1,2023,5
Trinidad and Tobago,2023-05-01,330220,2,1,2,0,0,0,0,330220,2,1,exporter,1,2023,5
Turkmenistan,2023-05-01,0,0,0,0,0,0,0,0,0,0,,inactive,0,2023,5
Türkiye,2023-05-01,0,0,0,0,501158,3,1,3,501158,3,0,importer,1,2023,5
United Arab Emirates,2023-05-01,407000,3,1,3,481788,3,1,2,888788,6,0.457926974712,bidirectional,1,2023,5
United Kingdom,2023-05-01,0,0,0,0,2134829,11,2,3,2134829,11,0,importer,1,2023,5
United States,2023-05-01,9107409,53,5,20,315926,2,2,1,9423335,55,0.966474077383,exporter,1,2023,5
Algeria,2023-06-01,1984080,16,2,8,0,0,0,0,1984080,16,1,exporter,1,2023,6
Argentina,2023-06-01,0,0,0,0,0,0,0,0,0,0,,inactive,0,2023,6
Australia,2023-06-01,3779712,24,5,6,0,0,0,0,3779712,24,1,exporter,1,2023,6
Bangladesh,2023-06-01,0,0,0,0,348000,2,1,1,348000,2,0,importer,1,2023,6
Belgium,2023-06-01,0,0,0,0,1359480,11,1,4,1359480,11,0,importer,1,2023,6
Brazil,2023-06-01,0,0,0,0,160000,1,1,1,160000,1,0,importer,1,2023,6
Cameroon,2023-06-01,170000,1,1,1,0,0,0,0,170000,1,1,exporter,1,2023,6
Canada,2023-06-01,0,0,0,0,0,0,0,0,0,0,,inactive,0,2023,6
Chile,2023-06-01,0,0,0,0,518193,3,2,2,518193,3,0,importer,1,2023,6
China,2023-06-01,0,0,0,0,4004258,24,10,5,4004258,24,0,importer,1,2023,6
Colombia,2023-06-01,0,0,0,0,160000,1,1,1,160000,1,0,importer,1,2023,6
Croatia,2023-06-01,0,0,0,0,216000,1,1,1,216000,1,0,importer,1,2023,6
Egypt,2023-06-01,175113,1,1,1,170200,1,1,1,345313,2,0.507113835853,bidirectional,1,2023,6
El Salvador,2023-06-01,0,0,0,0,0,0,0,0,0,0,,inactive,0,2023,6
Equatorial Guinea,2023-06-01,312615,2,1,2,0,0,0,0,312615,2,1,exporter,1,2023,6
Finland,2023-06-01,0,0,0,0,167700,2,2,2,167700,2,0,importer,1,2023,6
France,2023-06-01,0,0,0,0,3413100,20,3,5,3413100,20,0,importer,1,2023,6
Germany,2023-06-01,0,0,0,0,503900,3,2,1,503900,3,0,importer,1,2023,6
Gibraltar,2023-06-01,0,0,0,0,173673,1,1,1,173673,1,0,importer,1,2023,6
Greece,2023-06-01,0,0,0,0,291700,2,1,2,291700,2,0,importer,1,2023,6
Hong Kong,2023-06-01,0,0,0,0,305700,2,1,2,305700,2,0,importer,1,2023,6
India,2023-06-01,0,0,0,0,865152,5,1,5,865152,5,0,importer,1,2023,6
Indonesia,2023-06-01,0,0,0,0,174000,1,1,1,174000,1,0,importer,1,2023,6
Italy,2023-06-01,0,0,0,0,739664,6,2,2,739664,6,0,importer,1,2023,6
Jamaica,2023-06-01,0,0,0,0,0,0,0,0,0,0,,inactive,0,2023,6
Japan,2023-06-01,0,0,0,0,2197193,14,7,3,2197193,14,0,importer,1,2023,6
Jordan,2023-06-01,0,0,0,0,0,0,0,0,0,0,,inactive,0,2023,6
Kuwait,2023-06-01,0,0,0,0,1014413,6,1,3,1014413,6,0,importer,1,2023,6
Lithuania,2023-06-01,0,0,0,0,302088,2,1,1,302088,2,0,importer,1,2023,6
Malaysia,2023-06-01,420000,4,1,2,0,0,0,0,420000,4,1,exporter,1,2023,6
Malta,2023-06-01,0,0,0,0,0,0,0,0,0,0,,inactive,0,2023,6
Mexico,2023-06-01,0,0,0,0,0,0,0,0,0,0,,inactive,0,2023,6
Mozambique,2023-06-01,0,0,0,0,0,0,0,0,0,0,,inactive,0,2023,6
Netherlands,2023-06-01,0,0,0,0,2408224,14,2,7,2408224,14,0,importer,1,2023,6
Nigeria,2023-06-01,1415858,9,1,6,0,0,0,0,1415858,9,1,exporter,1,2023,6
Norway,2023-06-01,616700,4,1,3,0,0,0,0,616700,4,1,exporter,1,2023,6
Oman,2023-06-01,138028,1,1,1,0,0,0,0,138028,1,1,exporter,1,2023,6
Pakistan,2023-06-01,0,0,0,0,987224,7,1,1,987224,7,0,importer,1,2023,6
Panama,2023-06-01,0,0,0,0,0,0,0,0,0,0,,inactive,0,2023,6
Peru,2023-06-01,172000,1,1,1,0,0,0,0,172000,1,1,exporter,1,2023,6
Philippines,2023-06-01,0,0,0,0,0,0,0,0,0,0,,inactive,0,2023,6
Poland,2023-06-01,0,0,0,0,1331440,7,1,2,1331440,7,0,importer,1,2023,6
Portugal,2023-06-01,0,0,0,0,459300,3,1,2,459300,3,0,importer,1,2023,6
Qatar,2023-06-01,9104216,48,1,18,0,0,0,0,9104216,48,1,exporter,1,2023,6
Russia,2023-06-01,3291150,23,4,7,0,0,0,0,3291150,23,1,exporter,1,2023,6
South Korea,2023-06-01,0,0,0,0,1642700,8,3,4,1642700,8,0,importer,1,2023,6
Spain,2023-06-01,0,0,0,0,1954512,13,6,6,1954512,13,0,importer,1,2023,6
Sweden,2023-06-01,0,0,0,0,0,0,0,0,0,0,,inactive,0,2023,6
Taiwan,2023-06-01,0,0,0,0,1461420,9,2,4,1461420,9,0,importer,1,2023,6
Thailand,2023-06-01,0,0,0,0,1405710,8,1,5,1405710,8,0,importer,1,2023,6
Trinidad and Tobago,2023-06-01,1160666,7,1,5,0,0,0,0,1160666,7,1,exporter,1,2023,6
Turkmenistan,2023-06-01,160500,1,1,1,0,0,0,0,160500,1,1,exporter,1,2023,6
Türkiye,2023-06-01,0,0,0,0,833116,5,2,2,833116,5,0,importer,1,2023,6
United Arab Emirates,2023-06-01,417800,3,1,3,490868,3,1,2,908668,6,0.45979389612,bidirectional,1,2023,6
United Kingdom,2023-06-01,0,0,0,0,481498,2,1,1,481498,2,0,importer,1,2023,6
United States,2023-06-01,7526988,44,4,17,305000,2,2,2,7831988,46,0.961057141558,exporter,1,2023,6
Algeria,2023-07-01,752314,7,2,4,0,0,0,0,752314,7,1,exporter,1,2023,7
Argentina,2023-07-01,0,0,0,0,174000,1,1,1,174000,1,0,importer,1,2023,7
Australia,2023-07-01,3330957,21,5,6,0,0,0,0,3330957,21,1,exporter,1,2023,7
Bangladesh,2023-07-01,0,0,0,0,0,0,0,0,0,0,,inactive,0,2023,7
Belgium,2023-07-01,0,0,0,0,1385033,11,1,2,1385033,11,0,importer,1,2023,7
Brazil,2023-07-01,0,0,0,0,0,0,0,0,0,0,,inactive,0,2023,7
Cameroon,2023-07-01,149700,1,1,1,0,0,0,0,149700,1,1,exporter,1,2023,7
Canada,2023-07-01,0,0,0,0,0,0,0,0,0,0,,inactive,0,2023,7
Chile,2023-07-01,0,0,0,0,170000,1,1,1,170000,1,0,importer,1,2023,7
China,2023-07-01,0,0,0,0,5053224,26,8,5,5053224,26,0,importer,1,2023,7
Colombia,2023-07-01,0,0,0,0,0,0,0,0,0,0,,inactive,0,2023,7
Croatia,2023-07-01,0,0,0,0,376200,2,1,2,376200,2,0,importer,1,2023,7
Egypt,2023-07-01,0,0,0,0,0,0,0,0,0,0,,inactive,0,2023,7
El Salvador,2023-07-01,0,0,0,0,0,0,0,0,0,0,,inactive,0,2023,7
Equatorial Guinea,2023-07-01,170000,1,1,1,0,0,0,0,170000,1,1,exporter,1,2023,7
Finland,2023-07-01,0,0,0,0,183208,3,2,2,183208,3,0,importer,1,2023,7
France,2023-07-01,0,0,0,0,2535711,15,3,6,2535711,15,0,importer,1,2023,7
Germany,2023-07-01,0,0,0,0,147208,1,1,1,147208,1,0,importer,1,2023,7
Gibraltar,2023-07-01,0,0,0,0,0,0,0,0,0,0,,inactive,0,2023,7
Greece,2023-07-01,0,0,0,0,0,0,0,0,0,0,,inactive,0,2023,7
Hong Kong,2023-07-01,0,0,0,0,0,0,0,0,0,0,,inactive,0,2023,7
India,2023-07-01,0,0,0,0,1036435,5,2,4,1036435,5,0,importer,1,2023,7
Indonesia,2023-07-01,0,0,0,0,0,0,0,0,0,0,,inactive,0,2023,7
Italy,2023-07-01,0,0,0,0,560500,5,2,2,560500,5,0,importer,1,2023,7
Jamaica,2023-07-01,0,0,0,0,174000,1,1,1,174000,1,0,importer,1,2023,7
Japan,2023-07-01,0,0,0,0,2246189,15,8,5,2246189,15,0,importer,1,2023,7
Jordan,2023-07-01,0,0,0,0,0,0,0,0,0,0,,inactive,0,2023,7
Kuwait,2023-07-01,0,0,0,0,2282406,12,1,3,2282406,12,0,importer,1,2023,7
Lithuania,2023-07-01,0,0,0,0,154880,1,1,1,154880,1,0,importer,1,2023,7
Malaysia,2023-07-01,45000,1,1,1,378274,3,2,3,423274,4,0.106314113317,bidirectional,1,2023,7
Malta,2023-07-01,0,0,0,0,138158,1,1,1,138158,1,0,importer,1,2023,7
Mexico,2023-07-01,0,0,0,0,0,0,0,0,0,0,,inactive,0,2023,7
Mozambique,2023-07-01,0,0,0,0,0,0,0,0,0,0,,inactive,0,2023,7
Netherlands,2023-07-01,0,0,0,0,1687500,10,2,2,1687500,10,0,importer,1,2023,7
Nigeria,2023-07-01,2143292,14,1,6,0,0,0,0,2143292,14,1,exporter,1,2023,7
Norway,2023-07-01,743712,5,1,5,22969,1,1,1,766681,6,0.970040994886,exporter,1,2023,7
Oman,2023-07-01,672028,4,1,4,0,0,0,0,672028,4,1,exporter,1,2023,7
Pakistan,2023-07-01,0,0,0,0,712626,5,1,2,712626,5,0,importer,1,2023,7
Panama,2023-07-01,0,0,0,0,174000,1,1,1,174000,1,0,importer,1,2023,7
Peru,2023-07-01,0,0,0,0,0,0,0,0,0,0,,inactive,0,2023,7
Philippines,2023-07-01,0,0,0,0,0,0,0,0,0,0,,inactive,0,2023,7
Poland,2023-07-01,0,0,0,0,602000,3,1,2,602000,3,0,importer,1,2023,7
Portugal,2023-07-01,0,0,0,0,1175300,7,1,4,1175300,7,0,importer,1,2023,7
Qatar,2023-07-01,9200879,45,1,14,0,0,0,0,9200879,45,1,exporter,1,2023,7
Russia,2023-07-01,3715821,28,3,10,0,0,0,0,3715821,28,1,exporter,1,2023,7
South Korea,2023-07-01,0,0,0,0,1684192,9,3,4,1684192,9,0,importer,1,2023,7
Spain,2023-07-01,0,0,0,0,2444298,15,7,5,2444298,15,0,importer,1,2023,7
Sweden,2023-07-01,0,0,0,0,22969,1,1,1,22969,1,0,importer,1,2023,7
Taiwan,2023-07-01,0,0,0,0,1833584,11,2,5,1833584,11,0,importer,1,2023,7
Thailand,2023-07-01,0,0,0,0,734200,4,1,3,734200,4,0,importer,1,2023,7
Trinidad and Tobago,2023-07-01,610017,4,1,4,0,0,0,0,610017,4,1,exporter,1,2023,7
Turkmenistan,2023-07-01,500500,3,1,2,0,0,0,0,500500,3,1,exporter,1,2023,7
Türkiye,2023-07-01,0,0,0,0,456116,3,2,2,456116,3,0,importer,1,2023,7
United Arab Emirates,2023-07-01,407100,3,1,3,765668,5,1,2,1172768,8,0.347127479604,bidirectional,1,2023,7
United Kingdom,2023-07-01,0,0,0,0,680543,3,2,2,680543,3,0,importer,1,2023,7
United States,2023-07-01,7688130,45,6,16,138059,1,1,1,7826189,46,0.982359357792,exporter,1,2023,7
Algeria,2023-08-01,1387916,12,2,7,0,0,0,0,1387916,12,1,exporter,1,2023,8
Argentina,2023-08-01,0,0,0,0,0,0,0,0,0,0,,inactive,0,2023,8
Australia,2023-08-01,2771119,18,3,7,0,0,0,0,2771119,18,1,exporter,1,2023,8
Bangladesh,2023-08-01,0,0,0,0,0,0,0,0,0,0,,inactive,0,2023,8
Belgium,2023-08-01,0,0,0,0,845535,6,1,3,845535,6,0,importer,1,2023,8
Brazil,2023-08-01,0,0,0,0,0,0,0,0,0,0,,inactive,0,2023,8
Cameroon,2023-08-01,344000,2,1,2,0,0,0,0,344000,2,1,exporter,1,2023,8
Canada,2023-08-01,0,0,0,0,173673,1,1,1,173673,1,0,importer,1,2023,8
Chile,2023-08-01,0,0,0,0,330000,2,2,2,330000,2,0,importer,1,2023,8
China,2023-08-01,0,0,0,0,2876108,16,8,6,2876108,16,0,importer,1,2023,8
Colombia,2023-08-01,0,0,0,0,0,0,0,0,0,0,,inactive,0,2023,8
Croatia,2023-08-01,0,0,0,0,432200,2,1,1,432200,2,0,importer,1,2023,8
Egypt,2023-08-01,0,0,0,0,0,0,0,0,0,0,,inactive,0,2023,8
El Salvador,2023-08-01,0,0,0,0,0,0,0,0,0,0,,inactive,0,2023,8
Equatorial Guinea,2023-08-01,343000,2,1,2,0,0,0,0,343000,2,1,exporter,1,2023,8
Finland,2023-08-01,0,0,0,0,192000,2,2,2,192000,2,0,importer,1,2023,8
France,2023-08-01,0,0,0,0,2614724,17,3,6,2614724,17,0,importer,1,2023,8
Germany,2023-08-01,0,0,0,0,508000,3,2,1,508000,3,0,importer,1,2023,8
Gibraltar,2023-08-01,0,0,0,0,505000,3,1,3,505000,3,0,importer,1,2023,8
Greece,2023-08-01,0,0,0,0,0,0,0,0,0,0,,inactive,0,2023,8
Hong Kong,2023-08-01,0,0,0,0,265000,1,1,1,265000,1,0,importer,1,2023,8
India,2023-08-01,0,0,0,0,639100,3,2,2,639100,3,0,importer,1,2023,8
Indonesia,2023-08-01,0,0,0,0,334000,2,2,1,334000,2,0,importer,1,2023,8
Italy,2023-08-01,0,0,0,0,226500,3,1,1,226500,3,0,importer,1,2023,8
Jamaica,2023-08-01,0,0,0,0,0,0,0,0,0,0,,inactive,0,2023,8
Japan,2023-08-01,0,0,0,0,2891474,18,6,6,2891474,18,0,importer,1,2023,8
Jordan,2023-08-01,0,0,0,0,0,0,0,0,0,0,,inactive,0,2023,8
Kuwait,2023-08-01,0,0,0,0,2294896,13,1,3,2294896,13,0,importer,1,2023,8
Lithuania,2023-08-01,0,0,0,0,634805,4,1,2,634805,4,0,importer,1,2023,8
Malaysia,2023-08-01,393000,3,1,3,170000,1,1,1,563000,4,0.698046181172,bidirectional,1,2023,8
Malta,2023-08-01,0,0,0,0,0,0,0,0,0,0,,inactive,0,2023,8
Mexico,2023-08-01,0,0,0,0,0,0,0,0,0,0,,inactive,0,2023,8
Mozambique,2023-08-01,0,0,0,0,0,0,0,0,0,0,,inactive,0,2023,8
Netherlands,2023-08-01,0,0,0,0,1990918,12,2,3,1990918,12,0,importer,1,2023,8
Nigeria,2023-08-01,1208326,8,1,3,0,0,0,0,1208326,8,1,exporter,1,2023,8
Norway,2023-08-01,877426,6,1,4,0,0,0,0,877426,6,1,exporter,1,2023,8
Oman,2023-08-01,528000,3,1,2,0,0,0,0,528000,3,1,exporter,1,2023,8
Pakistan,2023-08-01,0,0,0,0,1220487,8,1,1,1220487,8,0,importer,1,2023,8
Panama,2023-08-01,0,0,0,0,0,0,0,0,0,0,,inactive,0,2023,8
Peru,2023-08-01,173673,1,1,1,0,0,0,0,173673,1,1,exporter,1,2023,8
Philippines,2023-08-01,0,0,0,0,0,0,0,0,0,0,,inactive,0,2023,8
Poland,2023-08-01,0,0,0,0,731100,4,1,3,731100,4,0,importer,1,2023,8
Portugal,2023-08-01,0,0,0,0,646900,4,1,2,646900,4,0,importer,1,2023,8
Qatar,2023-08-01,9270626,49,1,13,0,0,0,0,9270626,49,1,exporter,1,2023,8
Russia,2023-08-01,2186045,15,3,8,0,0,0,0,2186045,15,1,exporter,1,2023,8
South Korea,2023-08-01,0,0,0,0,3251037,17,5,6,3251037,17,0,importer,1,2023,8
Spain,2023-08-01,0,0,0,0,1879722,12,6,5,1879722,12,0,importer,1,2023,8
Sweden,2023-08-01,0,0,0,0,0,0,0,0,0,0,,inactive,0,2023,8
Taiwan,2023-08-01,0,0,0,0,1177981,8,2,3,1177981,8,0,importer,1,2023,8
Thailand,2023-08-01,0,0,0,0,685000,4,1,3,685000,4,0,importer,1,2023,8
Trinidad and Tobago,2023-08-01,332000,2,1,2,0,0,0,0,332000,2,1,exporter,1,2023,8
Turkmenistan,2023-08-01,170000,1,1,1,0,0,0,0,170000,1,1,exporter,1,2023,8
Türkiye,2023-08-01,0,0,0,0,308058,2,2,1,308058,2,0,importer,1,2023,8
United Arab Emirates,2023-08-01,426572,3,1,2,416061,3,1,2,842633,6,0.506236997602,bidirectional,1,2023,8
United Kingdom,2023-08-01,0,0,0,0,312058,2,1,2,312058,2,0,importer,1,2023,8
United States,2023-08-01,8140634,48,4,16,0,0,0,0,8140634,48,1,exporter,1,2023,8
Algeria,2023-09-01,1600858,13,2,6,0,0,0,0,1600858,13,1,exporter,1,2023,9
Argentina,2023-09-01,0,0,0,0,160000,1,1,1,160000,1,0,importer,1,2023,9
Australia,2023-09-01,3419355,22,4,6,0,0,0,0,3419355,22,1,exporter,1,2023,9
Bangladesh,2023-09-01,0,0,0,0,0,0,0,0,0,0,,inactive,0,2023,9
Belgium,2023-09-01,0,0,0,0,1364158,10,1,4,1364158,10,0,importer,1,2023,9
Brazil,2023-09-01,0,0,0,0,0,0,0,0,0,0,,inactive,0,2023,9
Cameroon,2023-09-01,174000,1,1,1,0,0,0,0,174000,1,1,exporter,1,2023,9
Canada,2023-09-01,0,0,0,0,0,0,0,0,0,0,,inactive,0,2023,9
Chile,2023-09-01,0,0,0,0,320000,2,2,1,320000,2,0,importer,1,2023,9
China,2023-09-01,0,0,0,0,2698820,14,7,5,2698820,14,0,importer,1,2023,9
Colombia,2023-09-01,0,0,0,0,175000,1,1,1,175000,1,0,importer,1,2023,9
Croatia,2023-09-01,0,0,0,0,382620,2,1,2,382620,2,0,importer,1,2023,9
Egypt,2023-09-01,333100,2,2,2,0,0,0,0,333100,2,1,exporter,1,2023,9
El Salvador,2023-09-01,0,0,0,0,0,0,0,0,0,0,,inactive,0,2023,9
Equatorial Guinea,2023-09-01,501615,3,1,3,0,0,0,0,501615,3,1,exporter,1,2023,9
Finland,2023-09-01,0,0,0,0,192000,2,2,2,192000,2,0,importer,1,2023,9
France,2023-09-01,0,0,0,0,2793330,17,3,6,2793330,17,0,importer,1,2023,9
Germany,2023-09-01,0,0,0,0,285371,2,1,1,285371,2,0,importer,1,2023,9
Gibraltar,2023-09-01,0,0,0,0,841462,5,1,2,841462,5,0,importer,1,2023,9
Greece,2023-09-01,0,0,0,0,180082,1,1,1,180082,1,0,importer,1,2023,9
Hong Kong,2023-09-01,0,0,0,0,0,0,0,0,0,0,,inactive,0,2023,9
India,2023-09-01,0,0,0,0,1603735,7,3,2,1603735,7,0,importer,1,2023,9
Indonesia,2023-09-01,138273,1,1,1,646273,4,3,3,784546,5,0.176245879783,bidirectional,1,2023,9
Italy,2023-09-01,0,0,0,0,489166,3,2,3,489166,3,0,importer,1,2023,9
Jamaica,2023-09-01,0,0,0,0,0,0,0,0,0,0,,inactive,0,2023,9
Japan,2023-09-01,0,0,0,0,2986583,20,8,6,2986583,20,0,importer,1,2023,9
Jordan,2023-09-01,0,0,0,0,0,0,0,0,0,0,,inactive,0,2023,9
Kuwait,2023-09-01,0,0,0,0,1444192,8,1,4,1444192,8,0,importer,1,2023,9
Lithuania,2023-09-01,0,0,0,0,479925,3,1,2,479925,3,0,importer,1,2023,9
Malaysia,2023-09-01,354688,3,1,3,45000,1,1,1,399688,4,0.887412181502,bidirectional,1,2023,9
Malta,2023-09-01,0,0,0,0,0,0,0,0,0,0,,inactive,0,2023,9
Mexico,2023-09-01,0,0,0,0,0,0,0,0,0,0,,inactive,0,2023,9
Mozambique,2023-09-01,0,0,0,0,0,0,0,0,0,0,,inactive,0,2023,9
Netherlands,2023-09-01,0,0,0,0,2047322,12,2,6,2047322,12,0,importer,1,2023,9
Nigeria,2023-09-01,2702308,17,1,9,0,0,0,0,2702308,17,1,exporter,1,2023,9
Norway,2023-09-01,1018158,7,1,6,0,0,0,0,1018158,7,1,exporter,1,2023,9
Oman,2023-09-01,493700,3,1,2,0,0,0,0,493700,3,1,exporter,1,2023,9
Pakistan,2023-09-01,0,0,0,0,712626,5,1,1,712626,5,0,importer,1,2023,9
Panama,2023-09-01,0,0,0,0,0,0,0,0,0,0,,inactive,0,2023,9
Peru,2023-09-01,170520,1,1,1,0,0,0,0,170520,1,1,exporter,1,2023,9
Philippines,2023-09-01,0,0,0,0,0,0,0,0,0,0,,inactive,0,2023,9
Poland,2023-09-01,0,0,0,0,771100,4,1,2,771100,4,0,importer,1,2023,9
Portugal,2023-09-01,0,0,0,0,1010900,6,1,3,1010900,6,0,importer,1,2023,9
Qatar,2023-09-01,8332246,41,1,14,0,0,0,0,8332246,41,1,exporter,1,2023,9
Russia,2023-09-01,3648207,27,3,10,0,0,0,0,3648207,27,1,exporter,1,2023,9
South Korea,2023-09-01,0,0,0,0,2755066,15,4,6,2755066,15,0,importer,1,2023,9
Spain,2023-09-01,0,0,0,0,2330426,16,6,7,2330426,16,0,importer,1,2023,9
Sweden,2023-09-01,0,0,0,0,58969,3,1,1,58969,3,0,importer,1,2023,9
Taiwan,2023-09-01,0,0,0,0,1107210,7,2,3,1107210,7,0,importer,1,2023,9
Thailand,2023-09-01,0,0,0,0,713764,4,1,3,713764,4,0,importer,1,2023,9
Trinidad and Tobago,2023-09-01,480000,3,1,2,0,0,0,0,480000,3,1,exporter,1,2023,9
Turkmenistan,2023-09-01,160500,1,1,1,0,0,0,0,160500,1,1,exporter,1,2023,9
Türkiye,2023-09-01,0,0,0,0,689000,4,2,3,689000,4,0,importer,1,2023,9
United Arab Emirates,2023-09-01,677000,5,1,2,407000,3,1,1,1084000,8,0.624538745387,bidirectional,1,2023,9
United Kingdom,2023-09-01,0,0,0,0,1356966,8,2,5,1356966,8,0,importer,1,2023,9
United States,2023-09-01,6843538,40,4,19,0,0,0,0,6843538,40,1,exporter,1,2023,9
Algeria,2023-10-01,2172550,17,2,5,0,0,0,0,2172550,17,1,exporter,1,2023,10
Argentina,2023-10-01,0,0,0,0,0,0,0,0,0,0,,inactive,0,2023,10
Australia,2023-10-01,4500133,28,5,7,0,0,0,0,4500133,28,1,exporter,1,2023,10
Bangladesh,2023-10-01,0,0,0,0,0,0,0,0,0,0,,inactive,0,2023,10
Belgium,2023-10-01,0,0,0,0,2115452,15,1,3,2115452,15,0,importer,1,2023,10
Brazil,2023-10-01,0,0,0,0,0,0,0,0,0,0,,inactive,0,2023,10
Cameroon,2023-10-01,320000,2,1,1,0,0,0,0,320000,2,1,exporter,1,2023,10
Canada,2023-10-01,0,0,0,0,0,0,0,0,0,0,,inactive,0,2023,10
Chile,2023-10-01,0,0,0,0,331062,2,2,1,331062,2,0,importer,1,2023,10
China,2023-10-01,0,0,0,0,5184406,30,10,6,5184406,30,0,importer,1,2023,10
Colombia,2023-10-01,0,0,0,0,0,0,0,0,0,0,,inactive,0,2023,10
Croatia,2023-10-01,0,0,0,0,635520,3,1,1,635520,3,0,importer,1,2023,10
Egypt,2023-10-01,0,0,0,0,0,0,0,0,0,0,,inactive,0,2023,10
El Salvador,2023-10-01,0,0,0,0,0,0,0,0,0,0,,inactive,0,2023,10
Equatorial Guinea,2023-10-01,0,0,0,0,0,0,0,0,0,0,,inactive,0,2023,10
Finland,2023-10-01,0,0,0,0,206200,3,2,1,206200,3,0,importer,1,2023,10
France,2023-10-01,0,0,0,0,3650782,22,4,6,3650782,22,0,importer,1,2023,10
Germany,2023-10-01,0,0,0,0,0,0,0,0,0,0,,inactive,0,2023,10
Gibraltar,2023-10-01,0,0,0,0,328880,2,1,2,328880,2,0,importer,1,2023,10
Greece,2023-10-01,0,0,0,0,0,0,0,0,0,0,,inactive,0,2023,10
Hong Kong,2023-10-01,0,0,0,0,433835,2,1,2,433835,2,0,importer,1,2023,10
India,2023-10-01,0,0,0,0,1318800,8,3,5,1318800,8,0,importer,1,2023,10
Indonesia,2023-10-01,138273,1,1,1,298273,2,2,2,436546,3,0.316743252716,bidirectional,1,2023,10
Italy,2023-10-01,0,0,0,0,760000,5,3,2,760000,5,0,importer,1,2023,10
Jamaica,2023-10-01,0,0,0,0,0,0,0,0,0,0,,inactive,0,2023,10
Japan,2023-10-01,0,0,0,0,3000183,19,6,6,3000183,19,0,importer,1,2023,10
Jordan,2023-10-01,0,0,0,0,0,0,0,0,0,0,,inactive,0,2023,10
Kuwait,2023-10-01,0,0,0,0,3698852,15,1,1,3698852,15,0,importer,1,2023,10
Lithuania,2023-10-01,0,0,0,0,160000,1,1,1,160000,1,0,importer,1,2023,10
Malaysia,2023-10-01,436000,4,1,3,531335,4,2,3,967335,8,0.450722862297,bidirectional,1,2023,10
Malta,2023-10-01,0,0,0,0,0,0,0,0,0,0,,inactive,0,2023,10
Mexico,2023-10-01,0,0,0,0,0,0,0,0,0,0,,inactive,0,2023,10
Mozambique,2023-10-01,0,0,0,0,0,0,0,0,0,0,,inactive,0,2023,10
Netherlands,2023-10-01,0,0,0,0,2330399,14,2,3,2330399,14,0,importer,1,2023,10
Nigeria,2023-10-01,2647278,17,1,8,0,0,0,0,2647278,17,1,exporter,1,2023,10
Norway,2023-10-01,922970,7,2,4,0,0,0,0,922970,7,1,exporter,1,2023,10
Oman,2023-10-01,165000,1,1,1,0,0,0,0,165000,1,1,exporter,1,2023,10
Pakistan,2023-10-01,0,0,0,0,411359,3,1,1,411359,3,0,importer,1,2023,10
Panama,2023-10-01,0,0,0,0,0,0,0,0,0,0,,inactive,0,2023,10
Peru,2023-10-01,0,0,0,0,0,0,0,0,0,0,,inactive,0,2023,10
Philippines,2023-10-01,0,0,0,0,159800,1,1,1,159800,1,0,importer,1,2023,10
Poland,2023-10-01,0,0,0,0,379740,2,1,2,379740,2,0,importer,1,2023,10
Portugal,2023-10-01,0,0,0,0,777852,5,1,3,777852,5,0,importer,1,2023,10
Qatar,2023-10-01,10912603,52,1,16,0,0,0,0,10912603,52,1,exporter,1,2023,10
Russia,2023-10-01,4319683,31,4,10,0,0,0,0,4319683,31,1,exporter,1,2023,10
South Korea,2023-10-01,0,0,0,0,2119300,12,4,4,2119300,12,0,importer,1,2023,10
Spain,2023-10-01,0,0,0,0,3771833,25,7,4,3771833,25,0,importer,1,2023,10
Sweden,2023-10-01,0,0,0,0,40969,2,2,2,40969,2,0,importer,1,2023,10
Taiwan,2023-10-01,0,0,0,0,1284059,8,2,5,1284059,8,0,importer,1,2023,10
Thailand,2023-10-01,0,0,0,0,1187882,6,1,3,1187882,6,0,importer,1,2023,10
Trinidad and Tobago,2023-10-01,676735,4,1,3,0,0,0,0,676735,4,1,exporter,1,2023,10
Turkmenistan,2023-10-01,0,0,0,0,0,0,0,0,0,0,,inactive,0,2023,10
Türkiye,2023-10-01,0,0,0,0,620116,4,2,2,620116,4,0,importer,1,2023,10
United Arab Emirates,2023-10-01,409100,3,1,2,210000,1,1,1,619100,4,0.660797932483,bidirectional,1,2023,10
United Kingdom,2023-10-01,0,0,0,0,1785548,10,2,6,1785548,10,0,importer,1,2023,10
United States,2023-10-01,10112112,59,5,18,0,0,0,0,10112112,59,1,exporter,1,2023,10
Algeria,2023-11-01,1655531,13,2,7,0,0,0,0,1655531,13,1,exporter,1,2023,11
Argentina,2023-11-01,0,0,0,0,0,0,0,0,0,0,,inactive,0,2023,11
Australia,2023-11-01,3596805,23,5,5,0,0,0,0,3596805,23,1,exporter,1,2023,11
Bangladesh,2023-11-01,0,0,0,0,0,0,0,0,0,0,,inactive,0,2023,11
Belgium,2023-11-01,0,0,0,0,1454000,10,1,3,1454000,10,0,importer,1,2023,11
Brazil,2023-11-01,0,0,0,0,154472,1,1,1,154472,1,0,importer,1,2023,11
Cameroon,2023-11-01,149700,1,1,1,0,0,0,0,149700,1,1,exporter,1,2023,11
Canada,2023-11-01,0,0,0,0,0,0,0,0,0,0,,inactive,0,2023,11
Chile,2023-11-01,0,0,0,0,0,0,0,0,0,0,,inactive,0,2023,11
China,2023-11-01,0,0,0,0,5157589,28,8,8,5157589,28,0,importer,1,2023,11
Colombia,2023-11-01,0,0,0,0,0,0,0,0,0,0,,inactive,0,2023,11
Croatia,2023-11-01,0,0,0,0,643368,3,1,1,643368,3,0,importer,1,2023,11
Egypt,2023-11-01,681700,4,2,4,0,0,0,0,681700,4,1,exporter,1,2023,11
El Salvador,2023-11-01,0,0,0,0,0,0,0,0,0,0,,inactive,0,2023,11
Equatorial Guinea,2023-11-01,329800,2,1,2,0,0,0,0,329800,2,1,exporter,1,2023,11
Finland,2023-11-01,0,0,0,0,517080,4,3,3,517080,4,0,importer,1,2023,11
France,2023-11-01,0,0,0,0,4559128,28,3,10,4559128,28,0,importer,1,2023,11
Germany,2023-11-01,0,0,0,0,526117,3,2,2,526117,3,0,importer,1,2023,11
Gibraltar,2023-11-01,0,0,0,0,904217,5,1,4,904217,5,0,importer,1,2023,11
Greece,2023-11-01,0,0,0,0,0,0,0,0,0,0,,inactive,0,2023,11
Hong Kong,2023-11-01,0,0,0,0,265000,1,1,1,265000,1,0,importer,1,2023,11
India,2023-11-01,0,0,0,0,1307320,7,2,3,1307320,7,0,importer,1,2023,11
Indonesia,2023-11-01,138273,1,1,1,138273,1,1,1,276546,2,0.5,bidirectional,1,2023,11
Italy,2023-11-01,0,0,0,0,395202,3,2,3,395202,3,0,importer,1,2023,11
Jamaica,2023-11-01,0,0,0,0,174000,1,1,1,174000,1,0,importer,1,2023,11
Japan,2023-11-01,0,0,0,0,2205047,15,8,5,2205047,15,0,importer,1,2023,11
Jordan,2023-11-01,0,0,0,0,0,0,0,0,0,0,,inactive,0,2023,11
Kuwait,2023-11-01,0,0,0,0,419220,2,1,1,419220,2,0,importer,1,2023,11
Lithuania,2023-11-01,0,0,0,0,306759,2,1,2,306759,2,0,importer,1,2023,11
Malaysia,2023-11-01,461680,4,1,2,596400,4,2,2,1058080,8,0.436337517012,bidirectional,1,2023,11
Malta,2023-11-01,0,0,0,0,174000,1,1,1,174000,1,0,importer,1,2023,11
Mexico,2023-11-01,0,0,0,0,0,0,0,0,0,0,,inactive,0,2023,11
Mozambique,2023-11-01,0,0,0,0,0,0,0,0,0,0,,inactive,0,2023,11
Netherlands,2023-11-01,0,0,0,0,1703229,10,2,4,1703229,10,0,importer,1,2023,11
Nigeria,2023-11-01,1539531,10,1,5,0,0,0,0,1539531,10,1,exporter,1,2023,11
Norway,2023-11-01,779459,6,2,6,36000,2,1,1,815459,8,0.955853083969,exporter,1,2023,11
Oman,2023-11-01,354000,2,1,2,0,0,0,0,354000,2,1,exporter,1,2023,11
Pakistan,2023-11-01,0,0,0,0,961200,6,1,2,961200,6,0,importer,1,2023,11
Panama,2023-11-01,0,0,0,0,170000,1,1,1,170000,1,0,importer,1,2023,11
Peru,2023-11-01,330520,2,1,1,0,0,0,0,330520,2,1,exporter,1,2023,11
Philippines,2023-11-01,0,0,0,0,174000,1,1,1,174000,1,0,importer,1,2023,11
Poland,2023-11-01,0,0,0,0,174000,1,1,1,174000,1,0,importer,1,2023,11
Portugal,2023-11-01,0,0,0,0,622300,4,1,2,622300,4,0,importer,1,2023,11
Qatar,2023-11-01,8447064,41,1,15,0,0,0,0,8447064,41,1,exporter,1,2023,11
Russia,2023-11-01,4469695,31,4,9,0,0,0,0,4469695,31,1,exporter,1,2023,11
South Korea,2023-11-01,0,0,0,0,2636456,15,4,7,2636456,15,0,importer,1,2023,11
Spain,2023-11-01,0,0,0,0,2265746,14,7,6,2265746,14,0,importer,1,2023,11
Sweden,2023-11-01,0,0,0,0,18000,1,1,1,18000,1,0,importer,1,2023,11
Taiwan,2023-11-01,0,0,0,0,593317,4,2,3,593317,4,0,importer,1,2023,11
Thailand,2023-11-01,0,0,0,0,476100,2,1,1,476100,2,0,importer,1,2023,11
Trinidad and Tobago,2023-11-01,476059,3,1,3,0,0,0,0,476059,3,1,exporter,1,2023,11
Turkmenistan,2023-11-01,504500,3,1,3,0,0,0,0,504500,3,1,exporter,1,2023,11
Türkiye,2023-11-01,0,0,0,0,1477516,9,3,3,1477516,9,0,importer,1,2023,11
United Arab Emirates,2023-11-01,405000,3,1,3,0,0,0,0,405000,3,1,exporter,1,2023,11
United Kingdom,2023-11-01,0,0,0,0,2195100,13,2,2,2195100,13,0,importer,1,2023,11
United States,2023-11-01,9218898,54,5,19,138059,1,1,1,9356957,55,0.985245309987,exporter,1,2023,11
Algeria,2023-12-01,1569116,13,2,5,0,0,0,0,1569116,13,1,exporter,1,2023,12
Argentina,2023-12-01,0,0,0,0,0,0,0,0,0,0,,inactive,0,2023,12
Australia,2023-12-01,4770091,30,5,7,0,0,0,0,4770091,30,1,exporter,1,2023,12
Bangladesh,2023-12-01,0,0,0,0,0,0,0,0,0,0,,inactive,0,2023,12
Belgium,2023-12-01,0,0,0,0,2744156,19,1,4,2744156,19,0,importer,1,2023,12
Brazil,2023-12-01,0,0,0,0,160000,1,1,1,160000,1,0,importer,1,2023,12
Cameroon,2023-12-01,174000,1,1,1,0,0,0,0,174000,1,1,exporter,1,2023,12
Canada,2023-12-01,0,0,0,0,0,0,0,0,0,0,,inactive,0,2023,12
Chile,2023-12-01,0,0,0,0,174000,1,1,1,174000,1,0,importer,1,2023,12
China,2023-12-01,0,0,0,0,5041964,28,12,7,5041964,28,0,importer,1,2023,12
Colombia,2023-12-01,0,0,0,0,175000,1,1,1,175000,1,0,importer,1,2023,12
Croatia,2023-12-01,0,0,0,0,816420,4,1,2,816420,4,0,importer,1,2023,12
Egypt,2023-12-01,668000,4,1,3,0,0,0,0,668000,4,1,exporter,1,2023,12
El Salvador,2023-12-01,0,0,0,0,0,0,0,0,0,0,,inactive,0,2023,12
Equatorial Guinea,2023-12-01,152615,1,1,1,0,0,0,0,152615,1,1,exporter,1,2023,12
Finland,2023-12-01,0,0,0,0,18000,1,1,1,18000,1,0,importer,1,2023,12
France,2023-12-01,0,0,0,0,2878924,19,3,6,2878924,19,0,importer,1,2023,12
Germany,2023-12-01,0,0,0,0,682500,4,3,2,682500,4,0,importer,1,2023,12
Gibraltar,2023-12-01,0,0,0,0,494000,3,1,3,494000,3,0,importer,1,2023,12
Greece,2023-12-01,0,0,0,0,403900,3,1,3,403900,3,0,importer,1,2023,12
Hong Kong,2023-12-01,0,0,0,0,342835,2,1,2,342835,2,0,importer,1,2023,12
India,2023-12-01,0,0,0,0,1549268,8,5,4,1549268,8,0,importer,1,2023,12
Indonesia,2023-12-01,138273,1,1,1,448221,3,2,2,586494,4,0.23576200268,bidirectional,1,2023,12
Italy,2023-12-01,0,0,0,0,151700,1,1,1,151700,1,0,importer,1,2023,12
Jamaica,2023-12-01,0,0,0,0,0,0,0,0,0,0,,inactive,0,2023,12
Japan,2023-12-01,0,0,0,0,2646629,17,8,5,2646629,17,0,importer,1,2023,12
Jordan,2023-12-01,0,0,0,0,0,0,0,0,0,0,,inactive,0,2023,12
Kuwait,2023-12-01,0,0,0,0,570800,3,1,1,570800,3,0,importer,1,2023,12
Lithuania,2023-12-01,0,0,0,0,153000,1,1,1,153000,1,0,importer,1,2023,12
Malaysia,2023-12-01,438000,4,1,2,297274,2,2,1,735274,6,0.595696298251,bidirectional,1,2023,12
Malta,2023-12-01,0,0,0,0,0,0,0,0,0,0,,inactive,0,2023,12
Mexico,2023-12-01,0,0,0,0,174000,1,1,1,174000,1,0,importer,1,2023,12
Mozambique,2023-12-01,0,0,0,0,0,0,0,0,0,0,,inactive,0,2023,12
Netherlands,2023-12-01,0,0,0,0,2206159,13,2,6,2206159,13,0,importer,1,2023,12
Nigeria,2023-12-01,2560372,17,1,11,0,0,0,0,2560372,17,1,exporter,1,2023,12
Norway,2023-12-01,739934,5,1,5,18000,1,1,1,757934,6,0.976251230318,exporter,1,2023,12
Oman,2023-12-01,173400,1,1,1,0,0,0,0,173400,1,1,exporter,1,2023,12
Pakistan,2023-12-01,0,0,0,0,719332,5,1,2,719332,5,0,importer,1,2023,12
Panama,2023-12-01,0,0,0,0,0,0,0,0,0,0,,inactive,0,2023,12
Peru,2023-12-01,0,0,0,0,0,0,0,0,0,0,,inactive,0,2023,12
Philippines,2023-12-01,0,0,0,0,0,0,0,0,0,0,,inactive,0,2023,12
Poland,2023-12-01,0,0,0,0,563600,3,1,2,563600,3,0,importer,1,2023,12
Portugal,2023-12-01,0,0,0,0,429094,3,1,1,429094,3,0,importer,1,2023,12
Qatar,2023-12-01,9034024,45,1,16,0,0,0,0,9034024,45,1,exporter,1,2023,12
Russia,2023-12-01,5392401,38,4,11,0,0,0,0,5392401,38,1,exporter,1,2023,12
South Korea,2023-12-01,0,0,0,0,3708312,20,5,5,3708312,20,0,importer,1,2023,12
Spain,2023-12-01,0,0,0,0,2677559,17,5,6,2677559,17,0,importer,1,2023,12
Sweden,2023-12-01,0,0,0,0,45938,2,1,1,45938,2,0,importer,1,2023,12
Taiwan,2023-12-01,0,0,0,0,1228839,8,2,4,1228839,8,0,importer,1,2023,12
Thailand,2023-12-01,0,0,0,0,1164100,6,1,4,1164100,6,0,importer,1,2023,12
Trinidad and Tobago,2023-12-01,778179,5,1,4,0,0,0,0,778179,5,1,exporter,1,2023,12
Turkmenistan,2023-12-01,500500,3,1,2,0,0,0,0,500500,3,1,exporter,1,2023,12
Türkiye,2023-12-01,0,0,0,0,2175516,13,3,5,2175516,13,0,importer,1,2023,12
United Arab Emirates,2023-12-01,696640,5,1,4,481220,3,1,2,1177860,8,0.591445502861,bidirectional,1,2023,12
United Kingdom,2023-12-01,0,0,0,0,2826170,17,2,5,2826170,17,0,importer,1,2023,12
United States,2023-12-01,10982836,64,5,22,601951,4,3,3,11584787,68,0.948039528047,exporter,1,2023,12
Algeria,2024-01-01,1443992,12,2,4,0,0,0,0,1443992,12,1,exporter,1,2024,1
Argentina,2024-01-01,0,0,0,0,0,0,0,0,0,0,,inactive,0,2024,1
Australia,2024-01-01,3815874,24,5,9,0,0,0,0,3815874,24,1,exporter,1,2024,1
Bangladesh,2024-01-01,0,0,0,0,0,0,0,0,0,0,,inactive,0,2024,1
Belgium,2024-01-01,0,0,0,0,1296220,9,1,2,1296220,9,0,importer,1,2024,1
Brazil,2024-01-01,0,0,0,0,332000,2,1,1,332000,2,0,importer,1,2024,1
Cameroon,2024-01-01,149700,1,1,1,0,0,0,0,149700,1,1,exporter,1,2024,1
Canada,2024-01-01,0,0,0,0,504520,3,1,1,504520,3,0,importer,1,2024,1
Chile,2024-01-01,0,0,0,0,503172,3,1,2,503172,3,0,importer,1,2024,1
China,2024-01-01,0,0,0,0,4191111,21,7,5,4191111,21,0,importer,1,2024,1
Colombia,2024-01-01,0,0,0,0,174000,1,1,1,174000,1,0,importer,1,2024,1
Croatia,2024-01-01,0,0,0,0,426200,2,1,1,426200,2,0,importer,1,2024,1
Egypt,2024-01-01,299000,2,1,2,0,0,0,0,299000,2,1,exporter,1,2024,1
El Salvador,2024-01-01,0,0,0,0,0,0,0,0,0,0,,inactive,0,2024,1
Equatorial Guinea,2024-01-01,312246,2,1,1,0,0,0,0,312246,2,1,exporter,1,2024,1
Finland,2024-01-01,0,0,0,0,58969,3,2,2,58969,3,0,importer,1,2024,1
France,2024-01-01,0,0,0,0,3481536,22,3,6,3481536,22,0,importer,1,2024,1
Germany,2024-01-01,0,0,0,0,174000,1,1,1,174000,1,0,importer,1,2024,1
Gibraltar,2024-01-01,0,0,0,0,739000,4,1,3,739000,4,0,importer,1,2024,1
Greece,2024-01-01,0,0,0,0,175113,1,1,1,175113,1,0,importer,1,2024,1
Hong Kong,2024-01-01,0,0,0,0,580914,3,1,3,580914,3,0,importer,1,2024,1
India,2024-01-01,0,0,0,0,873246,5,3,4,873246,5,0,importer,1,2024,1
Indonesia,2024-01-01,138273,1,1,1,290888,2,2,2,429161,3,0.322193768772,bidirectional,1,2024,1
Italy,2024-01-01,0,0,0,0,538848,4,2,3,538848,4,0,importer,1,2024,1
Jamaica,2024-01-01,0,0,0,0,352717,2,1,1,352717,2,0,importer,1,2024,1
Japan,2024-01-01,0,0,0,0,1744689,11,7,4,1744689,11,0,importer,1,2024,1
Jordan,2024-01-01,0,0,0,0,0,0,0,0,0,0,,inactive,0,2024,1
Kuwait,2024-01-01,0,0,0,0,780412,4,1,2,780412,4,0,importer,1,2024,1
Lithuania,2024-01-01,0,0,0,0,289820,2,1,1,289820,2,0,importer,1,2024,1
Malaysia,2024-01-01,438000,4,1,3,669015,5,2,3,1107015,9,0.395658595412,bidirectional,1,2024,1
Malta,2024-01-01,0,0,0,0,165000,1,1,1,165000,1,0,importer,1,2024,1
Mexico,2024-01-01,0,0,0,0,174000,1,1,1,174000,1,0,importer,1,2024,1
Mozambique,2024-01-01,0,0,0,0,0,0,0,0,0,0,,inactive,0,2024,1
Netherlands,2024-01-01,0,0,0,0,1170759,7,1,2,1170759,7,0,importer,1,2024,1
Nigeria,2024-01-01,2547570,17,1,11,0,0,0,0,2547570,17,1,exporter,1,2024,1
Norway,2024-01-01,950782,9,2,6,0,0,0,0,950782,9,1,exporter,1,2024,1
Oman,2024-01-01,170000,1,1,1,0,0,0,0,170000,1,1,exporter,1,2024,1
Pakistan,2024-01-01,0,0,0,0,923840,5,1,2,923840,5,0,importer,1,2024,1
Panama,2024-01-01,0,0,0,0,159274,1,1,1,159274,1,0,importer,1,2024,1
Peru,2024-01-01,0,0,0,0,0,0,0,0,0,0,,inactive,0,2024,1
Philippines,2024-01-01,0,0,0,0,0,0,0,0,0,0,,inactive,0,2024,1
Poland,2024-01-01,0,0,0,0,1029566,5,1,3,1029566,5,0,importer,1,2024,1
Portugal,2024-01-01,0,0,0,0,750442,5,1,2,750442,5,0,importer,1,2024,1
Qatar,2024-01-01,9480201,44,1,17,0,0,0,0,9480201,44,1,exporter,1,2024,1
Russia,2024-01-01,4215000,30,4,7,0,0,0,0,4215000,30,1,exporter,1,2024,1
South Korea,2024-01-01,0,0,0,0,2613700,14,5,5,2613700,14,0,importer,1,2024,1
Spain,2024-01-01,0,0,0,0,3423962,21,7,6,3423962,21,0,importer,1,2024,1
Sweden,2024-01-01,0,0,0,0,81938,4,2,2,81938,4,0,importer,1,2024,1
Taiwan,2024-01-01,0,0,0,0,661000,4,2,3,661000,4,0,importer,1,2024,1
Thailand,2024-01-01,0,0,0,0,1603120,9,1,5,1603120,9,0,importer,1,2024,1
Trinidad and Tobago,2024-01-01,1017520,6,1,4,0,0,0,0,1017520,6,1,exporter,1,2024,1
Turkmenistan,2024-01-01,216200,1,1,1,0,0,0,0,216200,1,1,exporter,1,2024,1
Türkiye,2024-01-01,0,0,0,0,2126774,13,3,4,2126774,13,0,importer,1,2024,1
United Arab Emirates,2024-01-01,407000,3,1,3,347100,2,1,2,754100,5,0.539716218008,bidirectional,1,2024,1
United Kingdom,2024-01-01,0,0,0,0,1542800,9,2,2,1542800,9,0,importer,1,2024,1
United States,2024-01-01,9683187,56,5,21,334880,2,2,2,10018067,58,0.966572393656,exporter,1,2024,1
Algeria,2024-02-01,1934782,15,2,6,0,0,0,0,1934782,15,1,exporter,1,2024,2
Argentina,2024-02-01,0,0,0,0,0,0,0,0,0,0,,inactive,0,2024,2
Australia,2024-02-01,3262288,21,5,6,0,0,0,0,3262288,21,1,exporter,1,2024,2
Bangladesh,2024-02-01,0,0,0,0,172000,1,1,1,172000,1,0,importer,1,2024,2
Belgium,2024-02-01,0,0,0,0,2655468,18,1,3,2655468,18,0,importer,1,2024,2
Brazil,2024-02-01,0,0,0,0,0,0,0,0,0,0,,inactive,0,2024,2
Cameroon,2024-02-01,170000,1,1,1,0,0,0,0,170000,1,1,exporter,1,2024,2
Canada,2024-02-01,0,0,0,0,0,0,0,0,0,0,,inactive,0,2024,2
Chile,2024-02-01,0,0,0,0,160000,1,1,1,160000,1,0,importer,1,2024,2
China,2024-02-01,0,0,0,0,4027653,21,10,5,4027653,21,0,importer,1,2024,2
Colombia,2024-02-01,0,0,0,0,851300,5,1,3,851300,5,0,importer,1,2024,2
Croatia,2024-02-01,0,0,0,0,864400,4,1,1,864400,4,0,importer,1,2024,2
Egypt,2024-02-01,1741113,10,2,5,0,0,0,0,1741113,10,1,exporter,1,2024,2
El Salvador,2024-02-01,0,0,0,0,0,0,0,0,0,0,,inactive,0,2024,2
Equatorial Guinea,2024-02-01,152482,1,1,1,0,0,0,0,152482,1,1,exporter,1,2024,2
Finland,2024-02-01,0,0,0,0,177849,2,1,1,177849,2,0,importer,1,2024,2
France,2024-02-01,0,0,0,0,3205519,20,3,5,3205519,20,0,importer,1,2024,2
Germany,2024-02-01,0,0,0,0,661000,4,1,1,661000,4,0,importer,1,2024,2
Gibraltar,2024-02-01,0,0,0,0,1044000,6,1,1,1044000,6,0,importer,1,2024,2
Greece,2024-02-01,0,0,0,0,160000,1,1,1,160000,1,0,importer,1,2024,2
Hong Kong,2024-02-01,0,0,0,0,0,0,0,0,0,0,,inactive,0,2024,2
India,2024-02-01,0,0,0,0,1544644,9,4,7,1544644,9,0,importer,1,2024,2
Indonesia,2024-02-01,0,0,0,0,489000,3,2,1,489000,3,0,importer,1,2024,2
Italy,2024-02-01,0,0,0,0,575500,5,2,3,575500,5,0,importer,1,2024,2
Jamaica,2024-02-01,0,0,0,0,334000,2,1,2,334000,2,0,importer,1,2024,2
Japan,2024-02-01,0,0,0,0,1997073,13,6,5,1997073,13,0,importer,1,2024,2
Jordan,2024-02-01,0,0,0,0,0,0,0,0,0,0,,inactive,0,2024,2
Kuwait,2024-02-01,0,0,0,0,360920,2,1,1,360920,2,0,importer,1,2024,2
Lithuania,2024-02-01,0,0,0,0,321208,2,1,2,321208,2,0,importer,1,2024,2
Malaysia,2024-02-01,393000,3,1,3,312335,2,2,2,705335,5,0.557182048247,bidirectional,1,2024,2
Malta,2024-02-01,0,0,0,0,0,0,0,0,0,0,,inactive,0,2024,2
Mexico,2024-02-01,0,0,0,0,0,0,0,0,0,0,,inactive,0,2024,2
Mozambique,2024-02-01,0,0,0,0,0,0,0,0,0,0,,inactive,0,2024,2
Netherlands,2024-02-01,0,0,0,0,2029310,12,2,4,2029310,12,0,importer,1,2024,2
Nigeria,2024-02-01,3513041,22,1,14,0,0,0,0,3513041,22,1,exporter,1,2024,2
Norway,2024-02-01,757783,6,2,5,0,0,0,0,757783,6,1,exporter,1,2024,2
Oman,2024-02-01,348000,2,1,1,0,0,0,0,348000,2,1,exporter,1,2024,2
Pakistan,2024-02-01,0,0,0,0,1004723,7,1,2,1004723,7,0,importer,1,2024,2
Panama,2024-02-01,0,0,0,0,170000,1,1,1,170000,1,0,importer,1,2024,2
Peru,2024-02-01,0,0,0,0,0,0,0,0,0,0,,inactive,0,2024,2
Philippines,2024-02-01,0,0,0,0,0,0,0,0,0,0,,inactive,0,2024,2
Poland,2024-02-01,0,0,0,0,769420,4,1,2,769420,4,0,importer,1,2024,2
Portugal,2024-02-01,0,0,0,0,797072,5,1,3,797072,5,0,importer,1,2024,2
Qatar,2024-02-01,6956904,35,1,12,0,0,0,0,6956904,35,1,exporter,1,2024,2
Russia,2024-02-01,4556600,31,4,8,0,0,0,0,4556600,31,1,exporter,1,2024,2
South Korea,2024-02-01,0,0,0,0,1332172,7,3,4,1332172,7,0,importer,1,2024,2
Spain,2024-02-01,0,0,0,0,2975923,19,7,7,2975923,19,0,importer,1,2024,2
Sweden,2024-02-01,0,0,0,0,36000,2,1,1,36000,2,0,importer,1,2024,2
Taiwan,2024-02-01,0,0,0,0,1161700,7,2,4,1161700,7,0,importer,1,2024,2
Thailand,2024-02-01,0,0,0,0,888862,5,1,5,888862,5,0,importer,1,2024,2
Trinidad and Tobago,2024-02-01,1489058,9,1,6,0,0,0,0,1489058,9,1,exporter,1,2024,2
Turkmenistan,2024-02-01,0,0,0,0,0,0,0,0,0,0,,inactive,0,2024,2
Türkiye,2024-02-01,0,0,0,0,1672340,10,3,5,1672340,10,0,importer,1,2024,2
United Arab Emirates,2024-02-01,433900,3,1,3,141000,1,1,1,574900,4,0.754739954775,bidirectional,1,2024,2
United Kingdom,2024-02-01,0,0,0,0,1366035,8,2,4,1366035,8,0,importer,1,2024,2
United States,2024-02-01,8857633,52,6,20,308158,2,2,2,9165791,54,0.966379551967,exporter,1,2024,2
Algeria,2024-03-01,2001372,17,2,4,0,0,0,0,2001372,17,1,exporter,1,2024,3
Argentina,2024-03-01,0,0,0,0,0,0,0,0,0,0,,inactive,0,2024,3
Australia,2024-03-01,3996228,25,6,6,0,0,0,0,3996228,25,1,exporter,1,2024,3
Bangladesh,2024-03-01,0,0,0,0,0,0,0,0,0,0,,inactive,0,2024,3
Belgium,2024-03-01,0,0,0,0,2158000,15,1,3,2158000,15,0,importer,1,2024,3
Brazil,2024-03-01,0,0,0,0,0,0,0,0,0,0,,inactive,0,2024,3
Cameroon,2024-03-01,149700,1,1,1,0,0,0,0,149700,1,1,exporter,1,2024,3
Canada,2024-03-01,0,0,0,0,0,0,0,0,0,0,,inactive,0,2024,3
Chile,2024-03-01,0,0,0,0,0,0,0,0,0,0,,inactive,0,2024,3
China,2024-03-01,0,0,0,0,4624961,24,9,7,4624961,24,0,importer,1,2024,3
Colombia,2024-03-01,0,0,0,0,174000,1,1,1,174000,1,0,importer,1,2024,3
Croatia,2024-03-01,0,0,0,0,209220,1,1,1,209220,1,0,importer,1,2024,3
Egypt,2024-03-01,159800,1,1,1,0,0,0,0,159800,1,1,exporter,1,2024,3
El Salvador,2024-03-01,0,0,0,0,0,0,0,0,0,0,,inactive,0,2024,3
Equatorial Guinea,2024-03-01,0,0,0,0,0,0,0,0,0,0,,inactive,0,2024,3
Finland,2024-03-01,0,0,0,0,361057,5,2,2,361057,5,0,importer,1,2024,3
France,2024-03-01,0,0,0,0,3956299,26,4,6,3956299,26,0,importer,1,2024,3
Germany,2024-03-01,0,0,0,0,344000,2,2,2,344000,2,0,importer,1,2024,3
Gibraltar,2024-03-01,0,0,0,0,867355,5,1,4,867355,5,0,importer,1,2024,3
Greece,2024-03-01,0,0,0,0,0,0,0,0,0,0,,inactive,0,2024,3
Hong Kong,2024-03-01,0,0,0,0,168835,1,1,1,168835,1,0,importer,1,2024,3
India,2024-03-01,0,0,0,0,2053551,11,4,5,2053551,11,0,importer,1,2024,3
Indonesia,2024-03-01,0,0,0,0,617511,4,1,1,617511,4,0,importer,1,2024,3
Italy,2024-03-01,0,0,0,0,306900,3,2,2,306900,3,0,importer,1,2024,3
Jamaica,2024-03-01,0,0,0,0,0,0,0,0,0,0,,inactive,0,2024,3
Japan,2024-03-01,0,0,0,0,2888407,18,6,7,2888407,18,0,importer,1,2024,3
Jordan,2024-03-01,0,0,0,0,0,0,0,0,0,0,,inactive,0,2024,3
Kuwait,2024-03-01,0,0,0,0,982974,5,1,3,982974,5,0,importer,1,2024,3
Lithuania,2024-03-01,0,0,0,0,142759,1,1,1,142759,1,0,importer,1,2024,3
Malaysia,2024-03-01,528490,4,1,3,45000,1,1,1,573490,5,0.921533069452,exporter,1,2024,3
Malta,2024-03-01,0,0,0,0,0,0,0,0,0,0,,inactive,0,2024,3
Mexico,2024-03-01,0,0,0,0,0,0,0,0,0,0,,inactive,0,2024,3
Mozambique,2024-03-01,0,0,0,0,0,0,0,0,0,0,,inactive,0,2024,3
Netherlands,2024-03-01,0,0,0,0,2371732,14,2,3,2371732,14,0,importer,1,2024,3
Nigeria,2024-03-01,1619873,10,1,9,0,0,0,0,1619873,10,1,exporter,1,2024,3
Norway,2024-03-01,921636,7,2,5,0,0,0,0,921636,7,1,exporter,1,2024,3
Oman,2024-03-01,174000,1,1,1,0,0,0,0,174000,1,1,exporter,1,2024,3
Pakistan,2024-03-01,0,0,0,0,702984,5,1,1,702984,5,0,importer,1,2024,3
Panama,2024-03-01,0,0,0,0,308000,2,1,1,308000,2,0,importer,1,2024,3
Peru,2024-03-01,172000,1,1,1,0,0,0,0,172000,1,1,exporter,1,2024,3
Philippines,2024-03-01,0,0,0,0,0,0,0,0,0,0,,inactive,0,2024,3
Poland,2024-03-01,0,0,0,0,390000,2,1,2,390000,2,0,importer,1,2024,3
Portugal,2024-03-01,0,0,0,0,148300,1,1,1,148300,1,0,importer,1,2024,3
Qatar,2024-03-01,7553549,37,1,14,0,0,0,0,7553549,37,1,exporter,1,2024,3
Russia,2024-03-01,4467032,33,3,10,0,0,0,0,4467032,33,1,exporter,1,2024,3
South Korea,2024-03-01,0,0,0,0,2650117,15,5,6,2650117,15,0,importer,1,2024,3
Spain,2024-03-01,0,0,0,0,2797356,17,7,5,2797356,17,0,importer,1,2024,3
Sweden,2024-03-01,0,0,0,0,58969,3,2,1,58969,3,0,importer,1,2024,3
Taiwan,2024-03-01,0,0,0,0,967262,6,2,4,967262,6,0,importer,1,2024,3
Thailand,2024-03-01,0,0,0,0,870000,5,1,3,870000,5,0,importer,1,2024,3
Trinidad and Tobago,2024-03-01,637121,4,1,4,0,0,0,0,637121,4,1,exporter,1,2024,3
Turkmenistan,2024-03-01,0,0,0,0,0,0,0,0,0,0,,inactive,0,2024,3
Türkiye,2024-03-01,0,0,0,0,1102858,7,3,4,1102858,7,0,importer,1,2024,3
United Arab Emirates,2024-03-01,689800,5,1,4,215100,1,1,1,904900,6,0.762294176152,bidirectional,1,2024,3
United Kingdom,2024-03-01,0,0,0,0,419000,2,1,2,419000,2,0,importer,1,2024,3
United States,2024-03-01,10141327,59,6,20,309421,2,2,2,10450748,61,0.970392454205,exporter,1,2024,3
Algeria,2024-04-01,1878916,15,2,4,0,0,0,0,1878916,15,1,exporter,1,2024,4
Argentina,2024-04-01,0,0,0,0,0,0,0,0,0,0,,inactive,0,2024,4
Australia,2024-04-01,3917159,24,6,7,0,0,0,0,3917159,24,1,exporter,1,2024,4
Bangladesh,2024-04-01,0,0,0,0,0,0,0,0,0,0,,inactive,0,2024,4
Belgium,2024-04-01,0,0,0,0,1434800,10,1,4,1434800,10,0,importer,1,2024,4
Brazil,2024-04-01,0,0,0,0,155000,1,1,1,155000,1,0,importer,1,2024,4
Cameroon,2024-04-01,174000,1,1,1,0,0,0,0,174000,1,1,exporter,1,2024,4
Canada,2024-04-01,0,0,0,0,0,0,0,0,0,0,,inactive,0,2024,4
Chile,2024-04-01,0,0,0,0,174000,1,1,1,174000,1,0,importer,1,2024,4
China,2024-04-01,0,0,0,0,3946989,24,12,8,3946989,24,0,importer,1,2024,4
Colombia,2024-04-01,0,0,0,0,528000,3,1,2,528000,3,0,importer,1,2024,4
Croatia,2024-04-01,0,0,0,0,376500,2,1,2,376500,2,0,importer,1,2024,4
Egypt,2024-04-01,326942,2,1,2,0,0,0,0,326942,2,1,exporter,1,2024,4
El Salvador,2024-04-01,0,0,0,0,0,0,0,0,0,0,,inactive,0,2024,4
Equatorial Guinea,2024-04-01,500482,3,1,3,0,0,0,0,500482,3,1,exporter,1,2024,4
Finland,2024-04-01,0,0,0,0,178759,3,2,2,178759,3,0,importer,1,2024,4
France,2024-04-01,0,0,0,0,4193648,26,4,6,4193648,26,0,importer,1,2024,4
Germany,2024-04-01,0,0,0,0,317208,2,2,2,317208,2,0,importer,1,2024,4
Gibraltar,2024-04-01,0,0,0,0,0,0,0,0,0,0,,inactive,0,2024,4
Greece,2024-04-01,0,0,0,0,472000,3,1,3,472000,3,0,importer,1,2024,4
Hong Kong,2024-04-01,0,0,0,0,0,0,0,0,0,0,,inactive,0,2024,4
India,2024-04-01,0,0,0,0,1800050,10,4,6,1800050,10,0,importer,1,2024,4
Indonesia,2024-04-01,0,0,0,0,791709,5,2,2,791709,5,0,importer,1,2024,4
Italy,2024-04-01,0,0,0,0,482000,5,2,2,482000,5,0,importer,1,2024,4
Jamaica,2024-04-01,0,0,0,0,0,0,0,0,0,0,,inactive,0,2024,4
Japan,2024-04-01,0,0,0,0,1222148,7,3,3,1222148,7,0,importer,1,2024,4
Jordan,2024-04-01,0,0,0,0,0,0,0,0,0,0,,inactive,0,2024,4
Kuwait,2024-04-01,0,0,0,0,1296774,8,1,4,1296774,8,0,importer,1,2024,4
Lithuania,2024-04-01,0,0,0,0,154880,1,1,1,154880,1,0,importer,1,2024,4
Malaysia,2024-04-01,225490,3,1,2,174000,1,1,1,399490,4,0.56444466695,bidirectional,1,2024,4
Malta,2024-04-01,0,0,0,0,0,0,0,0,0,0,,inactive,0,2024,4
Mexico,2024-04-01,0,0,0,0,0,0,0,0,0,0,,inactive,0,2024,4
Mozambique,2024-04-01,0,0,0,0,0,0,0,0,0,0,,inactive,0,2024,4
Netherlands,2024-04-01,0,0,0,0,1812858,11,2,4,1812858,11,0,importer,1,2024,4
Nigeria,2024-04-01,1510078,10,1,7,0,0,0,0,1510078,10,1,exporter,1,2024,4
Norway,2024-04-01,1078187,8,2,8,22969,1,1,1,1101156,9,0.979141011809,exporter,1,2024,4
Oman,2024-04-01,313200,2,1,2,0,0,0,0,313200,2,1,exporter,1,2024,4
Pakistan,2024-04-01,0,0,0,0,1153542,8,1,1,1153542,8,0,importer,1,2024,4
Panama,2024-04-01,0,0,0,0,0,0,0,0,0,0,,inactive,0,2024,4
Peru,2024-04-01,346000,2,1,1,0,0,0,0,346000,2,1,exporter,1,2024,4
Philippines,2024-04-01,0,0,0,0,0,0,0,0,0,0,,inactive,0,2024,4
Poland,2024-04-01,0,0,0,0,1359017,7,1,3,1359017,7,0,importer,1,2024,4
Portugal,2024-04-01,0,0,0,0,667926,4,1,3,667926,4,0,importer,1,2024,4
Qatar,2024-04-01,8239141,43,1,14,0,0,0,0,8239141,43,1,exporter,1,2024,4
Russia,2024-04-01,4666969,32,4,10,0,0,0,0,4666969,32,1,exporter,1,2024,4
South Korea,2024-04-01,0,0,0,0,2638725,14,6,7,2638725,14,0,importer,1,2024,4
Spain,2024-04-01,0,0,0,0,2415266,15,7,6,2415266,15,0,importer,1,2024,4
Sweden,2024-04-01,0,0,0,0,22969,1,1,1,22969,1,0,importer,1,2024,4
Taiwan,2024-04-01,0,0,0,0,1249788,8,2,3,1249788,8,0,importer,1,2024,4
Thailand,2024-04-01,0,0,0,0,751900,4,1,3,751900,4,0,importer,1,2024,4
Trinidad and Tobago,2024-04-01,958118,6,1,4,0,0,0,0,958118,6,1,exporter,1,2024,4
Turkmenistan,2024-04-01,160500,1,1,1,0,0,0,0,160500,1,1,exporter,1,2024,4
Türkiye,2024-04-01,0,0,0,0,790316,5,3,3,790316,5,0,importer,1,2024,4
United Arab Emirates,2024-04-01,709974,5,1,4,0,0,0,0,709974,5,1,exporter,1,2024,4
United Kingdom,2024-04-01,0,0,0,0,779079,4,1,2,779079,4,0,importer,1,2024,4
United States,2024-04-01,6829523,40,6,20,471859,3,2,3,7301382,43,0.935374015495,exporter,1,2024,4
Algeria,2024-05-01,1726325,14,2,6,0,0,0,0,1726325,14,1,exporter,1,2024,5
Argentina,2024-05-01,0,0,0,0,174000,1,1,1,174000,1,0,importer,1,2024,5
Australia,2024-05-01,2488235,15,5,7,0,0,0,0,2488235,15,1,exporter,1,2024,5
Bangladesh,2024-05-01,0,0,0,0,0,0,0,0,0,0,,inactive,0,2024,5
Belgium,2024-05-01,0,0,0,0,888000,6,1,1,888000,6,0,importer,1,2024,5
Brazil,2024-05-01,0,0,0,0,172000,1,1,1,172000,1,0,importer,1,2024,5
Cameroon,2024-05-01,0,0,0,0,0,0,0,0,0,0,,inactive,0,2024,5
Canada,2024-05-01,0,0,0,0,0,0,0,0,0,0,,inactive,0,2024,5
Chile,2024-05-01,0,0,0,0,347673,2,1,2,347673,2,0,importer,1,2024,5
China,2024-05-01,0,0,0,0,1861498,9,5,4,1861498,9,0,importer,1,2024,5
Colombia,2024-05-01,0,0,0,0,0,0,0,0,0,0,,inactive,0,2024,5
Croatia,2024-05-01,0,0,0,0,376000,2,1,2,376000,2,0,importer,1,2024,5
Egypt,2024-05-01,0,0,0,0,0,0,0,0,0,0,,inactive,0,2024,5
El Salvador,2024-05-01,0,0,0,0,0,0,0,0,0,0,,inactive,0,2024,5
Equatorial Guinea,2024-05-01,174000,1,1,1,0,0,0,0,174000,1,1,exporter,1,2024,5
Finland,2024-05-01,0,0,0,0,172880,2,2,2,172880,2,0,importer,1,2024,5
France,2024-05-01,0,0,0,0,3335694,20,3,4,3335694,20,0,importer,1,2024,5
Germany,2024-05-01,0,0,0,0,350000,2,2,1,350000,2,0,importer,1,2024,5
Gibraltar,2024-05-01,0,0,0,0,1258682,7,1,4,1258682,7,0,importer,1,2024,5
Greece,2024-05-01,0,0,0,0,0,0,0,0,0,0,,inactive,0,2024,5
Hong Kong,2024-05-01,0,0,0,0,328835,2,1,2,328835,2,0,importer,1,2024,5
India,2024-05-01,0,0,0,0,899700,5,3,3,899700,5,0,importer,1,2024,5
Indonesia,2024-05-01,0,0,0,0,502400,3,3,2,502400,3,0,importer,1,2024,5
Italy,2024-05-01,0,0,0,0,419500,3,2,2,419500,3,0,importer,1,2024,5
Jamaica,2024-05-01,0,0,0,0,0,0,0,0,0,0,,inactive,0,2024,5
Japan,2024-05-01,0,0,0,0,1044220,6,3,4,1044220,6,0,importer,1,2024,5
Jordan,2024-05-01,0,0,0,0,0,0,0,0,0,0,,inactive,0,2024,5
Kuwait,2024-05-01,0,0,0,0,914700,5,1,2,914700,5,0,importer,1,2024,5
Lithuania,2024-05-01,0,0,0,0,0,0,0,0,0,0,,inactive,0,2024,5
Malaysia,2024-05-01,354000,2,1,2,673700,4,2,3,1027700,6,0.344458499562,bidirectional,1,2024,5
Malta,2024-05-01,0,0,0,0,0,0,0,0,0,0,,inactive,0,2024,5
Mexico,2024-05-01,0,0,0,0,0,0,0,0,0,0,,inactive,0,2024,5
Mozambique,2024-05-01,0,0,0,0,0,0,0,0,0,0,,inactive,0,2024,5
Netherlands,2024-05-01,0,0,0,0,1317820,8,2,5,1317820,8,0,importer,1,2024,5
Nigeria,2024-05-01,1727656,11,1,8,0,0,0,0,1727656,11,1,exporter,1,2024,5
Norway,2024-05-01,752520,6,2,5,0,0,0,0,752520,6,1,exporter,1,2024,5
Oman,2024-05-01,165500,1,1,1,0,0,0,0,165500,1,1,exporter,1,2024,5
Pakistan,2024-05-01,0,0,0,0,443265,3,1,1,443265,3,0,importer,1,2024,5
Panama,2024-05-01,0,0,0,0,0,0,0,0,0,0,,inactive,0,2024,5
Peru,2024-05-01,0,0,0,0,0,0,0,0,0,0,,inactive,0,2024,5
Philippines,2024-05-01,0,0,0,0,0,0,0,0,0,0,,inactive,0,2024,5
Poland,2024-05-01,0,0,0,0,900712,5,1,3,900712,5,0,importer,1,2024,5
Portugal,2024-05-01,0,0,0,0,170000,1,1,1,170000,1,0,importer,1,2024,5
Qatar,2024-05-01,7589504,37,1,15,0,0,0,0,7589504,37,1,exporter,1,2024,5
Russia,2024-05-01,3818108,26,3,9,0,0,0,0,3818108,26,1,exporter,1,2024,5
South Korea,2024-05-01,0,0,0,0,2062470,10,4,4,2062470,10,0,importer,1,2024,5
Spain,2024-05-01,0,0,0,0,2604056,17,5,5,2604056,17,0,importer,1,2024,5
Sweden,2024-05-01,0,0,0,0,54000,3,2,2,54000,3,0,importer,1,2024,5
Taiwan,2024-05-01,0,0,0,0,802932,5,2,3,802932,5,0,importer,1,2024,5
Thailand,2024-05-01,0,0,0,0,573200,3,1,2,573200,3,0,importer,1,2024,5
Trinidad and Tobago,2024-05-01,826000,5,1,5,0,0,0,0,826000,5,1,exporter,1,2024,5
Turkmenistan,2024-05-01,0,0,0,0,0,0,0,0,0,0,,inactive,0,2024,5
Türkiye,2024-05-01,0,0,0,0,332942,2,1,2,332942,2,0,importer,1,2024,5
United Arab Emirates,2024-05-01,272000,2,1,2,641800,4,1,2,913800,6,0.297658130882,bidirectional,1,2024,5
United Kingdom,2024-05-01,0,0,0,0,639266,4,2,3,639266,4,0,importer,1,2024,5
United States,2024-05-01,4686097,27,5,14,318000,2,2,2,5004097,29,0.936452071173,exporter,1,2024,5
Algeria,2024-06-01,716000,4,1,4,0,0,0,0,716000,4,1,exporter,1,2024,6
Argentina,2024-06-01,0,0,0,0,160000,1,1,1,160000,1,0,importer,1,2024,6
Australia,2024-06-01,2309922,14,4,7,0,0,0,0,2309922,14,1,exporter,1,2024,6
Bangladesh,2024-06-01,0,0,0,0,172000,1,1,1,172000,1,0,importer,1,2024,6
Belgium,2024-06-01,0,0,0,0,1432000,10,1,2,1432000,10,0,importer,1,2024,6
Brazil,2024-06-01,0,0,0,0,0,0,0,0,0,0,,inactive,0,2024,6
Cameroon,2024-06-01,0,0,0,0,0,0,0,0,0,0,,inactive,0,2024,6
Canada,2024-06-01,0,0,0,0,0,0,0,0,0,0,,inactive,0,2024,6
Chile,2024-06-01,0,0,0,0,0,0,0,0,0,0,,inactive,0,2024,6
China,2024-06-01,0,0,0,0,1521200,8,2,4,1521200,8,0,importer,1,2024,6
Colombia,2024-06-01,0,0,0,0,0,0,0,0,0,0,,inactive,0,2024,6
Croatia,2024-06-01,0,0,0,0,376000,2,1,2,376000,2,0,importer,1,2024,6
Egypt,2024-06-01,164000,1,1,1,0,0,0,0,164000,1,1,exporter,1,2024,6
El Salvador,2024-06-01,0,0,0,0,0,0,0,0,0,0,,inactive,0,2024,6
Equatorial Guinea,2024-06-01,152482,1,1,1,0,0,0,0,152482,1,1,exporter,1,2024,6
Finland,2024-06-01,0,0,0,0,54000,3,1,1,54000,3,0,importer,1,2024,6
France,2024-06-01,0,0,0,0,1148908,7,2,3,1148908,7,0,importer,1,2024,6
Germany,2024-06-01,0,0,0,0,678300,4,2,2,678300,4,0,importer,1,2024,6
Gibraltar,2024-06-01,0,0,0,0,164000,1,1,1,164000,1,0,importer,1,2024,6
Greece,2024-06-01,0,0,0,0,0,0,0,0,0,0,,inactive,0,2024,6
Hong Kong,2024-06-01,0,0,0,0,265000,1,1,1,265000,1,0,importer,1,2024,6
India,2024-06-01,0,0,0,0,1103035,5,2,3,1103035,5,0,importer,1,2024,6
Indonesia,2024-06-01,0,0,0,0,817948,5,2,2,817948,5,0,importer,1,2024,6
Italy,2024-06-01,0,0,0,0,0,0,0,0,0,0,,inactive,0,2024,6
Jamaica,2024-06-01,0,0,0,0,0,0,0,0,0,0,,inactive,0,2024,6
Japan,2024-06-01,0,0,0,0,515000,3,2,2,515000,3,0,importer,1,2024,6
Jordan,2024-06-01,0,0,0,0,0,0,0,0,0,0,,inactive,0,2024,6
Kuwait,2024-06-01,0,0,0,0,1007826,5,1,3,1007826,5,0,importer,1,2024,6
Lithuania,2024-06-01,0,0,0,0,154880,1,1,1,154880,1,0,importer,1,2024,6
Malaysia,2024-06-01,348000,2,1,2,454700,3,2,3,802700,5,0.433536813255,bidirectional,1,2024,6
Malta,2024-06-01,0,0,0,0,0,0,0,0,0,0,,inactive,0,2024,6
Mexico,2024-06-01,0,0,0,0,172000,1,1,1,172000,1,0,importer,1,2024,6
Mozambique,2024-06-01,0,0,0,0,0,0,0,0,0,0,,inactive,0,2024,6
Netherlands,2024-06-01,0,0,0,0,1349390,8,2,5,1349390,8,0,importer,1,2024,6
Nigeria,2024-06-01,1763346,11,1,7,0,0,0,0,1763346,11,1,exporter,1,2024,6
Norway,2024-06-01,474088,3,1,3,0,0,0,0,474088,3,1,exporter,1,2024,6
Oman,2024-06-01,174000,1,1,1,0,0,0,0,174000,1,1,exporter,1,2024,6
Pakistan,2024-06-01,0,0,0,0,148300,1,1,1,148300,1,0,importer,1,2024,6
Panama,2024-06-01,0,0,0,0,0,0,0,0,0,0,,inactive,0,2024,6
Peru,2024-06-01,172000,1,1,1,0,0,0,0,172000,1,1,exporter,1,2024,6
Philippines,2024-06-01,0,0,0,0,0,0,0,0,0,0,,inactive,0,2024,6
Poland,2024-06-01,0,0,0,0,372000,2,1,2,372000,2,0,importer,1,2024,6
Portugal,2024-06-01,0,0,0,0,510000,3,1,1,510000,3,0,importer,1,2024,6
Qatar,2024-06-01,5672397,25,1,10,0,0,0,0,5672397,25,1,exporter,1,2024,6
Russia,2024-06-01,3969755,28,4,6,0,0,0,0,3969755,28,1,exporter,1,2024,6
South Korea,2024-06-01,0,0,0,0,1387029,7,3,3,1387029,7,0,importer,1,2024,6
Spain,2024-06-01,0,0,0,0,2253562,13,5,6,2253562,13,0,importer,1,2024,6
Sweden,2024-06-01,0,0,0,0,0,0,0,0,0,0,,inactive,0,2024,6
Taiwan,2024-06-01,0,0,0,0,511000,3,1,1,511000,3,0,importer,1,2024,6
Thailand,2024-06-01,0,0,0,0,755482,4,1,3,755482,4,0,importer,1,2024,6
Trinidad and Tobago,2024-06-01,491770,3,1,3,0,0,0,0,491770,3,1,exporter,1,2024,6
Turkmenistan,2024-06-01,0,0,0,0,0,0,0,0,0,0,,inactive,0,2024,6
Türkiye,2024-06-01,0,0,0,0,0,0,0,0,0,0,,inactive,0,2024,6
United Arab Emirates,2024-06-01,544100,4,1,4,999700,5,1,2,1543800,9,0.352442026169,bidirectional,1,2024,6
United Kingdom,2024-06-01,0,0,0,0,174000,1,1,1,174000,1,0,importer,1,2024,6
United States,2024-06-01,1879400,11,5,9,174000,1,1,1,2053400,12,0.915262491478,exporter,1,2024,6
Algeria,2024-07-01,760020,5,2,1,0,0,0,0,760020,5,1,exporter,1,2024,7
Argentina,2024-07-01,0,0,0,0,0,0,0,0,0,0,,inactive,0,2024,7
Australia,2024-07-01,2313648,14,6,7,0,0,0,0,2313648,14,1,exporter,1,2024,7
Bangladesh,2024-07-01,0,0,0,0,0,0,0,0,0,0,,inactive,0,2024,7
Belgium,2024-07-01,0,0,0,0,1309198,9,1,4,1309198,9,0,importer,1,2024,7
Brazil,2024-07-01,0,0,0,0,0,0,0,0,0,0,,inactive,0,2024,7
Cameroon,2024-07-01,0,0,0,0,0,0,0,0,0,0,,inactive,0,2024,7
Canada,2024-07-01,0,0,0,0,0,0,0,0,0,0,,inactive,0,2024,7
Chile,2024-07-01,0,0,0,0,0,0,0,0,0,0,,inactive,0,2024,7
China,2024-07-01,0,0,0,0,907000,6,4,4,907000,6,0,importer,1,2024,7
Colombia,2024-07-01,0,0,0,0,174000,1,1,1,174000,1,0,importer,1,2024,7
Croatia,2024-07-01,0,0,0,0,946659,5,1,2,946659,5,0,importer,1,2024,7
Egypt,2024-07-01,302517,2,1,2,0,0,0,0,302517,2,1,exporter,1,2024,7
El Salvador,2024-07-01,0,0,0,0,0,0,0,0,0,0,,inactive,0,2024,7
Equatorial Guinea,2024-07-01,0,0,0,0,0,0,0,0,0,0,,inactive,0,2024,7
Finland,2024-07-01,0,0,0,0,153273,2,2,1,153273,2,0,importer,1,2024,7
France,2024-07-01,0,0,0,0,1006208,6,2,3,1006208,6,0,importer,1,2024,7
Germany,2024-07-01,0,0,0,0,174000,1,1,1,174000,1,0,importer,1,2024,7
Gibraltar,2024-07-01,0,0,0,0,503500,3,1,2,503500,3,0,importer,1,2024,7
Greece,2024-07-01,0,0,0,0,0,0,0,0,0,0,,inactive,0,2024,7
Hong Kong,2024-07-01,0,0,0,0,0,0,0,0,0,0,,inactive,0,2024,7
India,2024-07-01,0,0,0,0,1187535,5,1,1,1187535,5,0,importer,1,2024,7
Indonesia,2024-07-01,138273,1,1,1,453273,3,3,2,591546,4,0.233748516599,bidirectional,1,2024,7
Italy,2024-07-01,0,0,0,0,138517,1,1,1,138517,1,0,importer,1,2024,7
Jamaica,2024-07-01,0,0,0,0,0,0,0,0,0,0,,inactive,0,2024,7
Japan,2024-07-01,0,0,0,0,1395900,8,4,5,1395900,8,0,importer,1,2024,7
Jordan,2024-07-01,0,0,0,0,0,0,0,0,0,0,,inactive,0,2024,7
Kuwait,2024-07-01,0,0,0,0,2388914,11,1,2,2388914,11,0,importer,1,2024,7
Lithuania,2024-07-01,0,0,0,0,0,0,0,0,0,0,,inactive,0,2024,7
Malaysia,2024-07-01,215000,2,1,2,611335,3,2,2,826335,5,0.260185033915,bidirectional,1,2024,7
Malta,2024-07-01,0,0,0,0,0,0,0,0,0,0,,inactive,0,2024,7
Mexico,2024-07-01,0,0,0,0,0,0,0,0,0,0,,inactive,0,2024,7
Mozambique,2024-07-01,0,0,0,0,0,0,0,0,0,0,,inactive,0,2024,7
Netherlands,2024-07-01,0,0,0,0,499000,3,1,2,499000,3,0,importer,1,2024,7
Nigeria,2024-07-01,1099166,7,1,6,0,0,0,0,1099166,7,1,exporter,1,2024,7
Norway,2024-07-01,466416,3,1,3,0,0,0,0,466416,3,1,exporter,1,2024,7
Oman,2024-07-01,170000,1,1,1,0,0,0,0,170000,1,1,exporter,1,2024,7
Pakistan,2024-07-01,0,0,0,0,0,0,0,0,0,0,,inactive,0,2024,7
Panama,2024-07-01,0,0,0,0,174000,1,1,1,174000,1,0,importer,1,2024,7
Peru,2024-07-01,0,0,0,0,0,0,0,0,0,0,,inactive,0,2024,7
Philippines,2024-07-01,0,0,0,0,0,0,0,0,0,0,,inactive,0,2024,7
Poland,2024-07-01,0,0,0,0,357360,2,1,2,357360,2,0,importer,1,2024,7
Portugal,2024-07-01,0,0,0,0,488952,3,1,2,488952,3,0,importer,1,2024,7
Qatar,2024-07-01,8297344,37,1,12,0,0,0,0,8297344,37,1,exporter,1,2024,7
Russia,2024-07-01,3282273,24,4,9,0,0,0,0,3282273,24,1,exporter,1,2024,7
South Korea,2024-07-01,0,0,0,0,1628733,8,4,3,1628733,8,0,importer,1,2024,7
Spain,2024-07-01,0,0,0,0,1854020,11,6,5,1854020,11,0,importer,1,2024,7
Sweden,2024-07-01,0,0,0,0,36000,2,1,1,36000,2,0,importer,1,2024,7
Taiwan,2024-07-01,0,0,0,0,656948,4,1,2,656948,4,0,importer,1,2024,7
Thailand,2024-07-01,0,0,0,0,1422420,7,1,3,1422420,7,0,importer,1,2024,7
Trinidad and Tobago,2024-07-01,174000,1,1,1,0,0,0,0,174000,1,1,exporter,1,2024,7
Turkmenistan,2024-07-01,550152,3,1,2,0,0,0,0,550152,3,1,exporter,1,2024,7
Türkiye,2024-07-01,0,0,0,0,510000,3,2,2,510000,3,0,importer,1,2024,7
United Arab Emirates,2024-07-01,542100,4,1,2,1053500,6,1,2,1595600,10,0.33974680371,bidirectional,1,2024,7
United Kingdom,2024-07-01,0,0,0,0,344762,2,2,2,344762,2,0,importer,1,2024,7
United States,2024-07-01,2580098,15,5,12,516000,3,1,3,3096098,18,0.833338608791,bidirectional,1,2024,7
Algeria,2024-08-01,713258,5,2,3,0,0,0,0,713258,5,1,exporter,1,2024,8
Argentina,2024-08-01,0,0,0,0,0,0,0,0,0,0,,inactive,0,2024,8
Australia,2024-08-01,2637263,16,4,6,0,0,0,0,2637263,16,1,exporter,1,2024,8
Bangladesh,2024-08-01,0,0,0,0,0,0,0,0,0,0,,inactive,0,2024,8
Belgium,2024-08-01,0,0,0,0,230000,3,1,1,230000,3,0,importer,1,2024,8
Brazil,2024-08-01,0,0,0,0,0,0,0,0,0,0,,inactive,0,2024,8
Cameroon,2024-08-01,0,0,0,0,0,0,0,0,0,0,,inactive,0,2024,8
Canada,2024-08-01,0,0,0,0,0,0,0,0,0,0,,inactive,0,2024,8
Chile,2024-08-01,0,0,0,0,0,0,0,0,0,0,,inactive,0,2024,8
China,2024-08-01,0,0,0,0,987000,6,5,4,987000,6,0,importer,1,2024,8
Colombia,2024-08-01,0,0,0,0,0,0,0,0,0,0,,inactive,0,2024,8
Croatia,2024-08-01,0,0,0,0,652118,4,1,2,652118,4,0,importer,1,2024,8
Egypt,2024-08-01,174000,1,1,1,0,0,0,0,174000,1,1,exporter,1,2024,8
El Salvador,2024-08-01,0,0,0,0,0,0,0,0,0,0,,inactive,0,2024,8
Equatorial Guinea,2024-08-01,500482,3,1,3,0,0,0,0,500482,3,1,exporter,1,2024,8
Finland,2024-08-01,0,0,0,0,36000,2,1,1,36000,2,0,importer,1,2024,8
France,2024-08-01,0,0,0,0,1381543,8,3,4,1381543,8,0,importer,1,2024,8
Germany,2024-08-01,0,0,0,0,142759,1,1,1,142759,1,0,importer,1,2024,8
Gibraltar,2024-08-01,0,0,0,0,174000,1,1,1,174000,1,0,importer,1,2024,8
Greece,2024-08-01,0,0,0,0,155000,1,1,1,155000,1,0,importer,1,2024,8
Hong Kong,2024-08-01,0,0,0,0,310000,2,1,2,310000,2,0,importer,1,2024,8
India,2024-08-01,0,0,0,0,2030590,9,3,3,2030590,9,0,importer,1,2024,8
Indonesia,2024-08-01,276546,2,1,1,953546,6,4,3,1230092,8,0.224817330736,bidirectional,1,2024,8
Italy,2024-08-01,0,0,0,0,175000,1,1,1,175000,1,0,importer,1,2024,8
Jamaica,2024-08-01,0,0,0,0,174000,1,1,1,174000,1,0,importer,1,2024,8
Japan,2024-08-01,0,0,0,0,695400,4,3,4,695400,4,0,importer,1,2024,8
Jordan,2024-08-01,0,0,0,0,0,0,0,0,0,0,,inactive,0,2024,8
Kuwait,2024-08-01,0,0,0,0,1892575,9,1,2,1892575,9,0,importer,1,2024,8
Lithuania,2024-08-01,0,0,0,0,30000,1,1,1,30000,1,0,importer,1,2024,8
Malaysia,2024-08-01,393000,3,1,3,855625,5,2,3,1248625,8,0.314746220843,bidirectional,1,2024,8
Malta,2024-08-01,0,0,0,0,0,0,0,0,0,0,,inactive,0,2024,8
Mexico,2024-08-01,0,0,0,0,0,0,0,0,0,0,,inactive,0,2024,8
Mozambique,2024-08-01,0,0,0,0,0,0,0,0,0,0,,inactive,0,2024,8
Netherlands,2024-08-01,0,0,0,0,1202708,7,2,4,1202708,7,0,importer,1,2024,8
Nigeria,2024-08-01,1731319,11,1,7,0,0,0,0,1731319,11,1,exporter,1,2024,8
Norway,2024-08-01,289967,2,1,2,0,0,0,0,289967,2,1,exporter,1,2024,8
Oman,2024-08-01,0,0,0,0,0,0,0,0,0,0,,inactive,0,2024,8
Pakistan,2024-08-01,0,0,0,0,148300,1,1,1,148300,1,0,importer,1,2024,8
Panama,2024-08-01,0,0,0,0,0,0,0,0,0,0,,inactive,0,2024,8
Peru,2024-08-01,0,0,0,0,0,0,0,0,0,0,,inactive,0,2024,8
Philippines,2024-08-01,0,0,0,0,0,0,0,0,0,0,,inactive,0,2024,8
Poland,2024-08-01,0,0,0,0,170520,1,1,1,170520,1,0,importer,1,2024,8
Portugal,2024-08-01,0,0,0,0,930526,6,1,2,930526,6,0,importer,1,2024,8
Qatar,2024-08-01,6802610,32,1,14,0,0,0,0,6802610,32,1,exporter,1,2024,8
Russia,2024-08-01,2692816,23,4,12,0,0,0,0,2692816,23,1,exporter,1,2024,8
South Korea,2024-08-01,0,0,0,0,871200,5,4,3,871200,5,0,importer,1,2024,8
Spain,2024-08-01,0,0,0,0,740073,5,4,3,740073,5,0,importer,1,2024,8
Sweden,2024-08-01,0,0,0,0,54000,3,1,1,54000,3,0,importer,1,2024,8
Taiwan,2024-08-01,0,0,0,0,1227307,8,1,4,1227307,8,0,importer,1,2024,8
Thailand,2024-08-01,0,0,0,0,1283300,7,1,3,1283300,7,0,importer,1,2024,8
Trinidad and Tobago,2024-08-01,0,0,0,0,0,0,0,0,0,0,,inactive,0,2024,8
Turkmenistan,2024-08-01,170000,1,1,1,0,0,0,0,170000,1,1,exporter,1,2024,8
Türkiye,2024-08-01,0,0,0,0,456358,3,2,3,456358,3,0,importer,1,2024,8
United Arab Emirates,2024-08-01,542590,4,1,3,562320,3,1,1,1104910,7,0.491071670996,bidirectional,1,2024,8
United Kingdom,2024-08-01,0,0,0,0,613673,3,2,3,613673,3,0,importer,1,2024,8
United States,2024-08-01,2892076,17,5,9,680486,4,1,1,3572562,21,0.809524369346,bidirectional,1,2024,8
Algeria,2024-09-01,351616,3,1,2,0,0,0,0,351616,3,1,exporter,1,2024,9
Argentina,2024-09-01,0,0,0,0,0,0,0,0,0,0,,inactive,0,2024,9
Australia,2024-09-01,3623803,22,5,7,0,0,0,0,3623803,22,1,exporter,1,2024,9
Bangladesh,2024-09-01,0,0,0,0,0,0,0,0,0,0,,inactive,0,2024,9
Belgium,2024-09-01,0,0,0,0,493873,4,1,2,493873,4,0,importer,1,2024,9
Brazil,2024-09-01,0,0,0,0,160000,1,1,1,160000,1,0,importer,1,2024,9
Cameroon,2024-09-01,0,0,0,0,0,0,0,0,0,0,,inactive,0,2024,9
Canada,2024-09-01,0,0,0,0,0,0,0,0,0,0,,inactive,0,2024,9
Chile,2024-09-01,0,0,0,0,0,0,0,0,0,0,,inactive,0,2024,9
China,2024-09-01,0,0,0,0,1902718,9,3,3,1902718,9,0,importer,1,2024,9
Colombia,2024-09-01,0,0,0,0,160000,1,1,1,160000,1,0,importer,1,2024,9
Croatia,2024-09-01,0,0,0,0,174000,1,1,1,174000,1,0,importer,1,2024,9
Egypt,2024-09-01,0,0,0,0,0,0,0,0,0,0,,inactive,0,2024,9
El Salvador,2024-09-01,0,0,0,0,0,0,0,0,0,0,,inactive,0,2024,9
Equatorial Guinea,2024-09-01,0,0,0,0,0,0,0,0,0,0,,inactive,0,2024,9
Finland,2024-09-01,0,0,0,0,0,0,0,0,0,0,,inactive,0,2024,9
France,2024-09-01,0,0,0,0,824520,5,1,2,824520,5,0,importer,1,2024,9
Germany,2024-09-01,0,0,0,0,0,0,0,0,0,0,,inactive,0,2024,9
Gibraltar,2024-09-01,0,0,0,0,0,0,0,0,0,0,,inactive,0,2024,9
Greece,2024-09-01,0,0,0,0,0,0,0,0,0,0,,inactive,0,2024,9
Hong Kong,2024-09-01,0,0,0,0,334000,2,1,2,334000,2,0,importer,1,2024,9
India,2024-09-01,0,0,0,0,1068400,5,2,2,1068400,5,0,importer,1,2024,9
Indonesia,2024-09-01,138273,1,1,1,1149221,7,4,3,1287494,8,0.107397005345,bidirectional,1,2024,9
Italy,2024-09-01,0,0,0,0,0,0,0,0,0,0,,inactive,0,2024,9
Jamaica,2024-09-01,0,0,0,0,0,0,0,0,0,0,,inactive,0,2024,9
Japan,2024-09-01,0,0,0,0,1771315,11,5,4,1771315,11,0,importer,1,2024,9
Jordan,2024-09-01,0,0,0,0,0,0,0,0,0,0,,inactive,0,2024,9
Kuwait,2024-09-01,0,0,0,0,1045533,5,1,2,1045533,5,0,importer,1,2024,9
Lithuania,2024-09-01,0,0,0,0,0,0,0,0,0,0,,inactive,0,2024,9
Malaysia,2024-09-01,389000,3,1,2,526540,4,2,2,915540,7,0.424885859711,bidirectional,1,2024,9
Malta,2024-09-01,0,0,0,0,0,0,0,0,0,0,,inactive,0,2024,9
Mexico,2024-09-01,0,0,0,0,0,0,0,0,0,0,,inactive,0,2024,9
Mozambique,2024-09-01,0,0,0,0,0,0,0,0,0,0,,inactive,0,2024,9
Netherlands,2024-09-01,0,0,0,0,854545,5,1,2,854545,5,0,importer,1,2024,9
Nigeria,2024-09-01,969820,6,1,3,0,0,0,0,969820,6,1,exporter,1,2024,9
Norway,2024-09-01,147208,1,1,1,0,0,0,0,147208,1,1,exporter,1,2024,9
Oman,2024-09-01,0,0,0,0,0,0,0,0,0,0,,inactive,0,2024,9
Pakistan,2024-09-01,0,0,0,0,138262,1,1,1,138262,1,0,importer,1,2024,9
Panama,2024-09-01,0,0,0,0,0,0,0,0,0,0,,inactive,0,2024,9
Peru,2024-09-01,0,0,0,0,0,0,0,0,0,0,,inactive,0,2024,9
Philippines,2024-09-01,0,0,0,0,0,0,0,0,0,0,,inactive,0,2024,9
Poland,2024-09-01,0,0,0,0,602400,3,1,1,602400,3,0,importer,1,2024,9
Portugal,2024-09-01,0,0,0,0,170000,1,1,1,170000,1,0,importer,1,2024,9
Qatar,2024-09-01,6605870,30,1,10,0,0,0,0,6605870,30,1,exporter,1,2024,9
Russia,2024-09-01,3116618,22,4,9,0,0,0,0,3116618,22,1,exporter,1,2024,9
South Korea,2024-09-01,0,0,0,0,1330847,7,4,3,1330847,7,0,importer,1,2024,9
Spain,2024-09-01,0,0,0,0,1674832,11,4,5,1674832,11,0,importer,1,2024,9
Sweden,2024-09-01,0,0,0,0,36000,2,2,1,36000,2,0,importer,1,2024,9
Taiwan,2024-09-01,0,0,0,0,659000,4,1,1,659000,4,0,importer,1,2024,9
Thailand,2024-09-01,0,0,0,0,1620620,8,1,3,1620620,8,0,importer,1,2024,9
Trinidad and Tobago,2024-09-01,174000,1,1,1,0,0,0,0,174000,1,1,exporter,1,2024,9
Turkmenistan,2024-09-01,0,0,0,0,0,0,0,0,0,0,,inactive,0,2024,9
Türkiye,2024-09-01,0,0,0,0,308258,2,2,2,308258,2,0,importer,1,2024,9
United Arab Emirates,2024-09-01,542000,4,1,3,921400,5,1,2,1463400,9,0.37037037037,bidirectional,1,2024,9
United Kingdom,2024-09-01,0,0,0,0,317208,2,2,2,317208,2,0,importer,1,2024,9
United States,2024-09-01,2533284,15,5,12,348000,2,1,2,2881284,17,0.879220514187,bidirectional,1,2024,9
Algeria,2024-10-01,795540,5,1,3,0,0,0,0,795540,5,1,exporter,1,2024,10
Argentina,2024-10-01,0,0,0,0,0,0,0,0,0,0,,inactive,0,2024,10
Australia,2024-10-01,3130051,19,5,6,0,0,0,0,3130051,19,1,exporter,1,2024,10
Bangladesh,2024-10-01,0,0,0,0,0,0,0,0,0,0,,inactive,0,2024,10
Belgium,2024-10-01,0,0,0,0,603400,6,1,1,603400,6,0,importer,1,2024,10
Brazil,2024-10-01,0,0,0,0,0,0,0,0,0,0,,inactive,0,2024,10
Cameroon,2024-10-01,0,0,0,0,0,0,0,0,0,0,,inactive,0,2024,10
Canada,2024-10-01,0,0,0,0,0,0,0,0,0,0,,inactive,0,2024,10
Chile,2024-10-01,0,0,0,0,164000,1,1,1,164000,1,0,importer,1,2024,10
China,2024-10-01,0,0,0,0,1423555,7,4,3,1423555,7,0,importer,1,2024,10
Colombia,2024-10-01,0,0,0,0,0,0,0,0,0,0,,inactive,0,2024,10
Croatia,2024-10-01,0,0,0,0,432200,2,1,1,432200,2,0,importer,1,2024,10
Egypt,2024-10-01,180000,1,1,1,0,0,0,0,180000,1,1,exporter,1,2024,10
El Salvador,2024-10-01,0,0,0,0,0,0,0,0,0,0,,inactive,0,2024,10
Equatorial Guinea,2024-10-01,152482,1,1,1,0,0,0,0,152482,1,1,exporter,1,2024,10
Finland,2024-10-01,0,0,0,0,0,0,0,0,0,0,,inactive,0,2024,10
France,2024-10-01,0,0,0,0,2151616,13,3,5,2151616,13,0,importer,1,2024,10
Germany,2024-10-01,0,0,0,0,0,0,0,0,0,0,,inactive,0,2024,10
Gibraltar,2024-10-01,0,0,0,0,924703,5,1,2,924703,5,0,importer,1,2024,10
Greece,2024-10-01,0,0,0,0,0,0,0,0,0,0,,inactive,0,2024,10
Hong Kong,2024-10-01,0,0,0,0,168835,1,1,1,168835,1,0,importer,1,2024,10
India,2024-10-01,0,0,0,0,1476517,6,1,2,1476517,6,0,importer,1,2024,10
Indonesia,2024-10-01,414819,3,1,1,1380330,9,4,2,1795149,12,0.231077754549,bidirectional,1,2024,10
Italy,2024-10-01,0,0,0,0,517000,3,2,2,517000,3,0,importer,1,2024,10
Jamaica,2024-10-01,0,0,0,0,0,0,0,0,0,0,,inactive,0,2024,10
Japan,2024-10-01,0,0,0,0,1094000,7,3,3,1094000,7,0,importer,1,2024,10
Jordan,2024-10-01,0,0,0,0,174000,1,1,1,174000,1,0,importer,1,2024,10
Kuwait,2024-10-01,0,0,0,0,888261,4,1,2,888261,4,0,importer,1,2024,10
Lithuania,2024-10-01,0,0,0,0,0,0,0,0,0,0,,inactive,0,2024,10
Malaysia,2024-10-01,260000,3,1,2,1423975,10,2,4,1683975,13,0.154396591398,bidirectional,1,2024,10
Malta,2024-10-01,0,0,0,0,0,0,0,0,0,0,,inactive,0,2024,10
Mexico,2024-10-01,0,0,0,0,0,0,0,0,0,0,,inactive,0,2024,10
Mozambique,2024-10-01,0,0,0,0,0,0,0,0,0,0,,inactive,0,2024,10
Netherlands,2024-10-01,0,0,0,0,345000,2,1,2,345000,2,0,importer,1,2024,10
Nigeria,2024-10-01,917440,6,1,4,0,0,0,0,917440,6,1,exporter,1,2024,10
Norway,2024-10-01,294416,2,1,1,0,0,0,0,294416,2,1,exporter,1,2024,10
Oman,2024-10-01,0,0,0,0,0,0,0,0,0,0,,inactive,0,2024,10
Pakistan,2024-10-01,0,0,0,0,0,0,0,0,0,0,,inactive,0,2024,10
Panama,2024-10-01,0,0,0,0,0,0,0,0,0,0,,inactive,0,2024,10
Peru,2024-10-01,0,0,0,0,0,0,0,0,0,0,,inactive,0,2024,10
Philippines,2024-10-01,0,0,0,0,0,0,0,0,0,0,,inactive,0,2024,10
Poland,2024-10-01,0,0,0,0,0,0,0,0,0,0,,inactive,0,2024,10
Portugal,2024-10-01,0,0,0,0,170200,1,1,1,170200,1,0,importer,1,2024,10
Qatar,2024-10-01,5464278,24,1,11,0,0,0,0,5464278,24,1,exporter,1,2024,10
Russia,2024-10-01,4049145,31,4,12,0,0,0,0,4049145,31,1,exporter,1,2024,10
South Korea,2024-10-01,0,0,0,0,386200,2,1,2,386200,2,0,importer,1,2024,10
Spain,2024-10-01,0,0,0,0,1414137,8,4,5,1414137,8,0,importer,1,2024,10
Sweden,2024-10-01,0,0,0,0,90000,5,2,1,90000,5,0,importer,1,2024,10
Taiwan,2024-10-01,0,0,0,0,485262,3,1,3,485262,3,0,importer,1,2024,10
Thailand,2024-10-01,0,0,0,0,1431014,8,1,4,1431014,8,0,importer,1,2024,10
Trinidad and Tobago,2024-10-01,0,0,0,0,0,0,0,0,0,0,,inactive,0,2024,10
Turkmenistan,2024-10-01,160500,1,1,1,0,0,0,0,160500,1,1,exporter,1,2024,10
Türkiye,2024-10-01,0,0,0,0,310058,2,1,2,310058,2,0,importer,1,2024,10
United Arab Emirates,2024-10-01,407100,3,1,1,653459,4,1,2,1060559,7,0.383854175015,bidirectional,1,2024,10
United Kingdom,2024-10-01,0,0,0,0,344000,2,1,2,344000,2,0,importer,1,2024,10
United States,2024-10-01,2747624,16,5,11,521673,3,2,1,3269297,19,0.840432667941,bidirectional,1,2024,10
Algeria,2024-11-01,276116,2,1,2,0,0,0,0,276116,2,1,exporter,1,2024,11
Argentina,2024-11-01,0,0,0,0,0,0,0,0,0,0,,inactive,0,2024,11
Australia,2024-11-01,1657615,10,4,5,0,0,0,0,1657615,10,1,exporter,1,2024,11
Bangladesh,2024-11-01,0,0,0,0,0,0,0,0,0,0,,inactive,0,2024,11
Belgium,2024-11-01,0,0,0,0,263000,4,1,1,263000,4,0,importer,1,2024,11
Brazil,2024-11-01,0,0,0,0,174000,1,1,1,174000,1,0,importer,1,2024,11
Cameroon,2024-11-01,0,0,0,0,0,0,0,0,0,0,,inactive,0,2024,11
Canada,2024-11-01,0,0,0,0,0,0,0,0,0,0,,inactive,0,2024,11
Chile,2024-11-01,0,0,0,0,0,0,0,0,0,0,,inactive,0,2024,11
China,2024-11-01,0,0,0,0,1116093,6,2,3,1116093,6,0,importer,1,2024,11
Colombia,2024-11-01,0,0,0,0,0,0,0,0,0,0,,inactive,0,2024,11
Croatia,2024-11-01,0,0,0,0,210000,1,1,1,210000,1,0,importer,1,2024,11
Egypt,2024-11-01,0,0,0,0,0,0,0,0,0,0,,inactive,0,2024,11
El Salvador,2024-11-01,0,0,0,0,0,0,0,0,0,0,,inactive,0,2024,11
Equatorial Guinea,2024-11-01,0,0,0,0,0,0,0,0,0,0,,inactive,0,2024,11
Finland,2024-11-01,0,0,0,0,0,0,0,0,0,0,,inactive,0,2024,11
France,2024-11-01,0,0,0,0,2291328,13,3,5,2291328,13,0,importer,1,2024,11
Germany,2024-11-01,0,0,0,0,160500,1,1,1,160500,1,0,importer,1,2024,11
Gibraltar,2024-11-01,0,0,0,0,348000,2,1,2,348000,2,0,importer,1,2024,11
Greece,2024-11-01,0,0,0,0,0,0,0,0,0,0,,inactive,0,2024,11
Hong Kong,2024-11-01,0,0,0,0,0,0,0,0,0,0,,inactive,0,2024,11
India,2024-11-01,0,0,0,0,261700,1,1,1,261700,1,0,importer,1,2024,11
Indonesia,2024-11-01,0,0,0,0,810015,5,3,2,810015,5,0,importer,1,2024,11
Italy,2024-11-01,0,0,0,0,0,0,0,0,0,0,,inactive,0,2024,11
Jamaica,2024-11-01,0,0,0,0,0,0,0,0,0,0,,inactive,0,2024,11
Japan,2024-11-01,0,0,0,0,351200,2,1,2,351200,2,0,importer,1,2024,11
Jordan,2024-11-01,0,0,0,0,0,0,0,0,0,0,,inactive,0,2024,11
Kuwait,2024-11-01,0,0,0,0,346000,2,1,2,346000,2,0,importer,1,2024,11
Lithuania,2024-11-01,0,0,0,0,0,0,0,0,0,0,,inactive,0,2024,11
Malaysia,2024-11-01,135490,1,1,1,407490,3,1,2,542980,4,0.249530369443,bidirectional,1,2024,11
Malta,2024-11-01,0,0,0,0,0,0,0,0,0,0,,inactive,0,2024,11
Mexico,2024-11-01,0,0,0,0,174000,1,1,1,174000,1,0,importer,1,2024,11
Mozambique,2024-11-01,0,0,0,0,0,0,0,0,0,0,,inactive,0,2024,11
Netherlands,2024-11-01,0,0,0,0,498000,3,1,1,498000,3,0,importer,1,2024,11
Nigeria,2024-11-01,921090,6,1,4,0,0,0,0,921090,6,1,exporter,1,2024,11
Norway,2024-11-01,337208,3,2,2,0,0,0,0,337208,3,1,exporter,1,2024,11
Oman,2024-11-01,0,0,0,0,0,0,0,0,0,0,,inactive,0,2024,11
Pakistan,2024-11-01,0,0,0,0,0,0,0,0,0,0,,inactive,0,2024,11
Panama,2024-11-01,0,0,0,0,0,0,0,0,0,0,,inactive,0,2024,11
Peru,2024-11-01,0,0,0,0,0,0,0,0,0,0,,inactive,0,2024,11
Philippines,2024-11-01,0,0,0,0,0,0,0,0,0,0,,inactive,0,2024,11
Poland,2024-11-01,0,0,0,0,0,0,0,0,0,0,,inactive,0,2024,11
Portugal,2024-11-01,0,0,0,0,641600,4,1,2,641600,4,0,importer,1,2024,11
Qatar,2024-11-01,2823920,13,1,8,0,0,0,0,2823920,13,1,exporter,1,2024,11
Russia,2024-11-01,2976873,21,4,8,0,0,0,0,2976873,21,1,exporter,1,2024,11
South Korea,2024-11-01,0,0,0,0,431700,2,2,2,431700,2,0,importer,1,2024,11
Spain,2024-11-01,0,0,0,0,834198,5,3,3,834198,5,0,importer,1,2024,11
Sweden,2024-11-01,0,0,0,0,36000,2,1,2,36000,2,0,importer,1,2024,11
Taiwan,2024-11-01,0,0,0,0,137300,1,1,1,137300,1,0,importer,1,2024,11
Thailand,2024-11-01,0,0,0,0,1364842,7,1,3,1364842,7,0,importer,1,2024,11
Trinidad and Tobago,2024-11-01,174000,1,1,1,0,0,0,0,174000,1,1,exporter,1,2024,11
Turkmenistan,2024-11-01,515562,3,1,3,0,0,0,0,515562,3,1,exporter,1,2024,11
Türkiye,2024-11-01,0,0,0,0,484448,3,3,3,484448,3,0,importer,1,2024,11
United Arab Emirates,2024-11-01,272000,2,1,1,0,0,0,0,272000,2,1,exporter,1,2024,11
United Kingdom,2024-11-01,0,0,0,0,138058,1,1,1,138058,1,0,importer,1,2024,11
United States,2024-11-01,1389598,8,3,7,0,0,0,0,1389598,8,1,exporter,1,2024,11
Algeria,2024-12-01,465958,3,1,3,0,0,0,0,465958,3,1,exporter,1,2024,12
Argentina,2024-12-01,0,0,0,0,0,0,0,0,0,0,,inactive,0,2024,12
Australia,2024-12-01,1851482,11,4,6,0,0,0,0,1851482,11,1,exporter,1,2024,12
Bangladesh,2024-12-01,0,0,0,0,0,0,0,0,0,0,,inactive,0,2024,12
Belgium,2024-12-01,0,0,0,0,759200,5,1,2,759200,5,0,importer,1,2024,12
Brazil,2024-12-01,0,0,0,0,0,0,0,0,0,0,,inactive,0,2024,12
Cameroon,2024-12-01,0,0,0,0,0,0,0,0,0,0,,inactive,0,2024,12
Canada,2024-12-01,0,0,0,0,0,0,0,0,0,0,,inactive,0,2024,12
Chile,2024-12-01,0,0,0,0,347000,2,2,1,347000,2,0,importer,1,2024,12
China,2024-12-01,0,0,0,0,1014598,4,4,2,1014598,4,0,importer,1,2024,12
Colombia,2024-12-01,0,0,0,0,0,0,0,0,0,0,,inactive,0,2024,12
Croatia,2024-12-01,0,0,0,0,216000,1,1,1,216000,1,0,importer,1,2024,12
Egypt,2024-12-01,0,0,0,0,0,0,0,0,0,0,,inactive,0,2024,12
El Salvador,2024-12-01,0,0,0,0,174000,1,1,1,174000,1,0,importer,1,2024,12
Equatorial Guinea,2024-12-01,0,0,0,0,0,0,0,0,0,0,,inactive,0,2024,12
Finland,2024-12-01,0,0,0,0,36000,2,1,1,36000,2,0,importer,1,2024,12
France,2024-12-01,0,0,0,0,665700,4,3,3,665700,4,0,importer,1,2024,12
Germany,2024-12-01,0,0,0,0,321208,2,2,2,321208,2,0,importer,1,2024,12
Gibraltar,2024-12-01,0,0,0,0,544100,3,1,3,544100,3,0,importer,1,2024,12
Greece,2024-12-01,0,0,0,0,314274,2,1,2,314274,2,0,importer,1,2024,12
Hong Kong,2024-12-01,0,0,0,0,265000,1,1,1,265000,1,0,importer,1,2024,12
India,2024-12-01,0,0,0,0,1623252,7,2,2,1623252,7,0,importer,1,2024,12
Indonesia,2024-12-01,138273,1,1,1,641273,4,3,2,779546,5,0.177376319037,bidirectional,1,2024,12
Italy,2024-12-01,0,0,0,0,0,0,0,0,0,0,,inactive,0,2024,12
Jamaica,2024-12-01,0,0,0,0,0,0,0,0,0,0,,inactive,0,2024,12
Japan,2024-12-01,0,0,0,0,471100,3,3,2,471100,3,0,importer,1,2024,12
Jordan,2024-12-01,0,0,0,0,0,0,0,0,0,0,,inactive,0,2024,12
Kuwait,2024-12-01,0,0,0,0,0,0,0,0,0,0,,inactive,0,2024,12
Lithuania,2024-12-01,0,0,0,0,204000,2,1,2,204000,2,0,importer,1,2024,12
Malaysia,2024-12-01,219000,2,1,1,969335,6,2,4,1188335,8,0.184291466632,bidirectional,1,2024,12
Malta,2024-12-01,0,0,0,0,0,0,0,0,0,0,,inactive,0,2024,12
Mexico,2024-12-01,0,0,0,0,0,0,0,0,0,0,,inactive,0,2024,12
Mozambique,2024-12-01,0,0,0,0,0,0,0,0,0,0,,inactive,0,2024,12
Netherlands,2024-12-01,0,0,0,0,1876000,11,1,3,1876000,11,0,importer,1,2024,12
Nigeria,2024-12-01,807252,5,1,4,0,0,0,0,807252,5,1,exporter,1,2024,12
Norway,2024-12-01,319208,2,1,2,0,0,0,0,319208,2,1,exporter,1,2024,12
Oman,2024-12-01,0,0,0,0,0,0,0,0,0,0,,inactive,0,2024,12
Pakistan,2024-12-01,0,0,0,0,0,0,0,0,0,0,,inactive,0,2024,12
Panama,2024-12-01,0,0,0,0,0,0,0,0,0,0,,inactive,0,2024,12
Peru,2024-12-01,0,0,0,0,0,0,0,0,0,0,,inactive,0,2024,12
Philippines,2024-12-01,0,0,0,0,0,0,0,0,0,0,,inactive,0,2024,12
Poland,2024-12-01,0,0,0,0,0,0,0,0,0,0,,inactive,0,2024,12
Portugal,2024-12-01,0,0,0,0,827900,5,1,4,827900,5,0,importer,1,2024,12
Qatar,2024-12-01,4372368,18,1,8,0,0,0,0,4372368,18,1,exporter,1,2024,12
Russia,2024-12-01,3661435,25,3,10,0,0,0,0,3661435,25,1,exporter,1,2024,12
South Korea,2024-12-01,0,0,0,0,152482,1,1,1,152482,1,0,importer,1,2024,12
Spain,2024-12-01,0,0,0,0,516198,3,2,2,516198,3,0,importer,1,2024,12
Sweden,2024-12-01,0,0,0,0,0,0,0,0,0,0,,inactive,0,2024,12
Taiwan,2024-12-01,0,0,0,0,174000,1,1,1,174000,1,0,importer,1,2024,12
Thailand,2024-12-01,0,0,0,0,1400552,7,1,3,1400552,7,0,importer,1,2024,12
Trinidad and Tobago,2024-12-01,160000,1,1,1,0,0,0,0,160000,1,1,exporter,1,2024,12
Turkmenistan,2024-12-01,354717,2,1,2,0,0,0,0,354717,2,1,exporter,1,2024,12
Türkiye,2024-12-01,0,0,0,0,482258,3,2,3,482258,3,0,importer,1,2024,12
United Arab Emirates,2024-12-01,272100,2,1,2,0,0,0,0,272100,2,1,exporter,1,2024,12
United Kingdom,2024-12-01,0,0,0,0,338835,2,2,1,338835,2,0,importer,1,2024,12
United States,2024-12-01,1712472,10,2,9,0,0,0,0,1712472,10,1,exporter,1,2024,12
